architecture,target,horizon,origin_date,target_date,y_true,prediction,validation_mse,epochs,hidden_units,input_window,batch_size
GRU,mean,14,2023-05-15,2023-05-29,0.042551361925533084,0.07908905,0.0017941363082828888,100,128,20,32
GRU,mean,14,2023-05-16,2023-05-30,0.04043135449563707,0.06454082,0.0017941363082828888,100,128,20,32
GRU,mean,14,2023-05-17,2023-05-31,0.03795676346336498,0.052640773,0.0017941363082828888,100,128,20,32
GRU,mean,14,2023-05-18,2023-06-01,0.0373976908582477,0.035468455,0.0017941363082828888,100,128,20,32
GRU,mean,14,2023-05-19,2023-06-02,0.03690902293726377,0.028112477,0.0017941363082828888,100,128,20,32
GRU,mean,14,2023-05-20,2023-06-03,0.03622520779966677,0.030647831,0.0017941363082828888,100,128,20,32
GRU,mean,14,2023-05-21,2023-06-04,0.03448489307368162,0.038400616,0.0017941363082828888,100,128,20,32
GRU,mean,14,2023-05-22,2023-06-05,0.03225515634722982,0.047464628,0.0017941363082828888,100,128,20,32
GRU,mean,14,2023-05-23,2023-06-06,0.028847458859593642,0.047870986,0.0017941363082828888,100,128,20,32
GRU,mean,14,2023-05-24,2023-06-07,0.028145270889968054,0.040258903,0.0017941363082828888,100,128,20,32
GRU,mean,14,2023-05-25,2023-06-08,0.027810438343931678,0.030362157,0.0017941363082828888,100,128,20,32
GRU,mean,14,2023-05-26,2023-06-09,0.02761640273894596,0.02485899,0.0017941363082828888,100,128,20,32
GRU,mean,14,2023-05-27,2023-06-10,0.027761573235458626,0.023619482,0.0017941363082828888,100,128,20,32
GRU,mean,14,2023-05-28,2023-06-11,0.027631140122086423,0.026848981,0.0017941363082828888,100,128,20,32
GRU,mean,14,2023-05-29,2023-06-12,0.02762767224760617,0.031251997,0.0017941363082828888,100,128,20,32
GRU,mean,14,2023-05-30,2023-06-13,0.026644098206145692,0.034223944,0.0017941363082828888,100,128,20,32
GRU,mean,14,2023-05-31,2023-06-14,0.02504189692726691,0.034722984,0.0017941363082828888,100,128,20,32
GRU,mean,14,2023-06-01,2023-06-15,0.023385253504520125,0.0350822,0.0017941363082828888,100,128,20,32
GRU,mean,14,2023-06-02,2023-06-16,0.02142041114707139,0.036015835,0.0017941363082828888,100,128,20,32
GRU,mean,14,2023-06-03,2023-06-17,0.020512634232813375,0.037066936,0.0017941363082828888,100,128,20,32
GRU,mean,14,2023-06-04,2023-06-18,0.02026787013347333,0.036867477,0.0017941363082828888,100,128,20,32
GRU,mean,14,2023-06-05,2023-06-19,0.020176321577711504,0.034868456,0.0017941363082828888,100,128,20,32
GRU,mean,14,2023-06-06,2023-06-20,0.018046791735304078,0.030465068,0.0017941363082828888,100,128,20,32
GRU,mean,14,2023-06-07,2023-06-21,0.01782346923076451,0.027119858,0.0017941363082828888,100,128,20,32
GRU,mean,14,2023-06-08,2023-06-22,0.017466834157230875,0.026034461,0.0017941363082828888,100,128,20,32
GRU,mean,14,2023-06-09,2023-06-23,0.017089554682335775,0.026841955,0.0017941363082828888,100,128,20,32
GRU,mean,14,2023-06-10,2023-06-24,0.01693682862194099,0.028979847,0.0017941363082828888,100,128,20,32
GRU,mean,14,2023-06-11,2023-06-25,0.01640869622741816,0.03136219,0.0017941363082828888,100,128,20,32
GRU,mean,14,2023-06-12,2023-06-26,0.015725670490165287,0.033478756,0.0017941363082828888,100,128,20,32
GRU,mean,14,2023-06-13,2023-06-27,0.015951370470315467,0.034115296,0.0017941363082828888,100,128,20,32
GRU,mean,14,2023-06-14,2023-06-28,0.01704843124923566,0.032680206,0.0017941363082828888,100,128,20,32
GRU,mean,14,2023-06-15,2023-06-29,0.017797876758688304,0.029691594,0.0017941363082828888,100,128,20,32
GRU,mean,14,2023-06-16,2023-06-30,0.01877817819159672,0.025698828,0.0017941363082828888,100,128,20,32
GRU,mean,14,2023-06-17,2023-07-01,0.019028913999890686,0.022478187,0.0017941363082828888,100,128,20,32
GRU,mean,14,2023-06-18,2023-07-02,0.019183484327958265,0.021076279,0.0017941363082828888,100,128,20,32
GRU,mean,14,2023-06-19,2023-07-03,0.018556853209503864,0.021340901,0.0017941363082828888,100,128,20,32
GRU,mean,14,2023-06-20,2023-07-04,0.020850459390244182,0.020603994,0.0017941363082828888,100,128,20,32
GRU,mean,14,2023-06-21,2023-07-05,0.021286407339735632,0.02020643,0.0017941363082828888,100,128,20,32
GRU,mean,14,2023-06-22,2023-07-06,0.02164392810426926,0.02024361,0.0017941363082828888,100,128,20,32
GRU,mean,14,2023-06-23,2023-07-07,0.02163082518330223,0.020512918,0.0017941363082828888,100,128,20,32
GRU,mean,14,2023-06-24,2023-07-08,0.02120042551741052,0.02101908,0.0017941363082828888,100,128,20,32
GRU,mean,14,2023-06-25,2023-07-09,0.020921871382180292,0.021252053,0.0017941363082828888,100,128,20,32
GRU,mean,14,2023-06-26,2023-07-10,0.02064764913305339,0.020943435,0.0017941363082828888,100,128,20,32
GRU,mean,14,2023-06-27,2023-07-11,0.018759703832617464,0.021056818,0.0017941363082828888,100,128,20,32
GRU,mean,14,2023-06-28,2023-07-12,0.01825554387776106,0.022532763,0.0017941363082828888,100,128,20,32
GRU,mean,14,2023-06-29,2023-07-13,0.01815728668450978,0.024762647,0.0017941363082828888,100,128,20,32
GRU,mean,14,2023-06-30,2023-07-14,0.01766133925586516,0.027402015,0.0017941363082828888,100,128,20,32
GRU,mean,14,2023-07-01,2023-07-15,0.017142980076093314,0.029361637,0.0017941363082828888,100,128,20,32
GRU,mean,14,2023-07-02,2023-07-16,0.016451451474528863,0.030343642,0.0017941363082828888,100,128,20,32
GRU,mean,14,2023-07-03,2023-07-17,0.01614893541158249,0.02978647,0.0017941363082828888,100,128,20,32
GRU,mean,14,2023-07-04,2023-07-18,0.015398547098749276,0.030915646,0.0017941363082828888,100,128,20,32
GRU,mean,14,2023-07-05,2023-07-19,0.015337976231806149,0.032352977,0.0017941363082828888,100,128,20,32
GRU,mean,14,2023-07-06,2023-07-20,0.0151222191476377,0.033433177,0.0017941363082828888,100,128,20,32
GRU,mean,14,2023-07-07,2023-07-21,0.0151318451527297,0.03368003,0.0017941363082828888,100,128,20,32
GRU,mean,14,2023-07-08,2023-07-22,0.015154254307802536,0.03283369,0.0017941363082828888,100,128,20,32
GRU,mean,14,2023-07-09,2023-07-23,0.015521889627311635,0.031404164,0.0017941363082828888,100,128,20,32
GRU,mean,14,2023-07-10,2023-07-24,0.015734868603895745,0.029852169,0.0017941363082828888,100,128,20,32
GRU,mean,14,2023-07-11,2023-07-25,0.017499234629100403,0.026920428,0.0017941363082828888,100,128,20,32
GRU,mean,14,2023-07-12,2023-07-26,0.016882932317259604,0.024218978,0.0017941363082828888,100,128,20,32
GRU,mean,14,2023-07-13,2023-07-27,0.016304484167451897,0.022700826,0.0017941363082828888,100,128,20,32
GRU,mean,14,2023-07-14,2023-07-28,0.016094643447225748,0.021936284,0.0017941363082828888,100,128,20,32
GRU,mean,14,2023-07-15,2023-07-29,0.015495106124443202,0.021525802,0.0017941363082828888,100,128,20,32
GRU,mean,14,2023-07-16,2023-07-30,0.014786026774915318,0.02104024,0.0017941363082828888,100,128,20,32
GRU,mean,14,2023-07-17,2023-07-31,0.014613387658776041,0.020730348,0.0017941363082828888,100,128,20,32
GRU,mean,14,2023-07-18,2023-08-01,0.015829941411054087,0.020162018,0.0017941363082828888,100,128,20,32
GRU,mean,14,2023-07-19,2023-08-02,0.016129579912494238,0.019945467,0.0017941363082828888,100,128,20,32
GRU,mean,14,2023-07-20,2023-08-03,0.01683912208995456,0.019976327,0.0017941363082828888,100,128,20,32
GRU,mean,14,2023-07-21,2023-08-04,0.016979264306447285,0.020322012,0.0017941363082828888,100,128,20,32
GRU,mean,14,2023-07-22,2023-08-05,0.01716472437324465,0.020861568,0.0017941363082828888,100,128,20,32
GRU,mean,14,2023-07-23,2023-08-06,0.01668445586844775,0.02175826,0.0017941363082828888,100,128,20,32
GRU,mean,14,2023-07-24,2023-08-07,0.015999248513226764,0.022744292,0.0017941363082828888,100,128,20,32
GRU,mean,14,2023-07-25,2023-08-08,0.014443916390635279,0.025122462,0.0017941363082828888,100,128,20,32
GRU,mean,14,2023-07-26,2023-08-09,0.014858106806785343,0.02642013,0.0017941363082828888,100,128,20,32
GRU,mean,14,2023-07-27,2023-08-10,0.015395880126889437,0.026201932,0.0017941363082828888,100,128,20,32
GRU,mean,14,2023-07-28,2023-08-11,0.01597114731325099,0.02522819,0.0017941363082828888,100,128,20,32
GRU,mean,14,2023-07-29,2023-08-12,0.01727720521848292,0.02369258,0.0017941363082828888,100,128,20,32
GRU,mean,14,2023-07-30,2023-08-13,0.019287951589009554,0.021843636,0.0017941363082828888,100,128,20,32
GRU,mean,14,2023-07-31,2023-08-14,0.020337425227242575,0.020471321,0.0017941363082828888,100,128,20,32
GRU,mean,14,2023-08-01,2023-08-15,0.02004952460711604,0.021047467,0.0017941363082828888,100,128,20,32
GRU,mean,14,2023-08-02,2023-08-16,0.020050840739817603,0.022442209,0.0017941363082828888,100,128,20,32
GRU,mean,14,2023-08-03,2023-08-17,0.019636256420528776,0.024340736,0.0017941363082828888,100,128,20,32
GRU,mean,14,2023-08-04,2023-08-18,0.019839822585211185,0.025821833,0.0017941363082828888,100,128,20,32
GRU,mean,14,2023-08-05,2023-08-19,0.020202660464567774,0.026705043,0.0017941363082828888,100,128,20,32
GRU,mean,14,2023-08-06,2023-08-20,0.021500459689544008,0.026459271,0.0017941363082828888,100,128,20,32
GRU,mean,14,2023-08-07,2023-08-21,0.02251016703196554,0.025130076,0.0017941363082828888,100,128,20,32
GRU,mean,14,2023-08-08,2023-08-22,0.024969388540383552,0.022367368,0.0017941363082828888,100,128,20,32
GRU,mean,14,2023-08-09,2023-08-23,0.026200885200839522,0.020605171,0.0017941363082828888,100,128,20,32
GRU,mean,14,2023-08-10,2023-08-24,0.026835974681743178,0.020447092,0.0017941363082828888,100,128,20,32
GRU,mean,14,2023-08-11,2023-08-25,0.027203321512249412,0.021564113,0.0017941363082828888,100,128,20,32
GRU,mean,14,2023-08-12,2023-08-26,0.02742056385042249,0.024047771,0.0017941363082828888,100,128,20,32
GRU,mean,14,2023-08-13,2023-08-27,0.027367559848038212,0.028007848,0.0017941363082828888,100,128,20,32
GRU,mean,14,2023-08-14,2023-08-28,0.025368347649415868,0.031884324,0.0017941363082828888,100,128,20,32
GRU,mean,14,2023-08-15,2023-08-29,0.025850504108248712,0.033710837,0.0017941363082828888,100,128,20,32
GRU,mean,14,2023-08-16,2023-08-30,0.02589425783196988,0.033751003,0.0017941363082828888,100,128,20,32
GRU,mean,14,2023-08-17,2023-08-31,0.026258065168719865,0.03232838,0.0017941363082828888,100,128,20,32
GRU,mean,14,2023-08-18,2023-09-01,0.02658797698447568,0.03076292,0.0017941363082828888,100,128,20,32
GRU,mean,14,2023-08-19,2023-09-02,0.027435533877634415,0.029810661,0.0017941363082828888,100,128,20,32
GRU,mean,14,2023-08-20,2023-09-03,0.0277461345559839,0.030507097,0.0017941363082828888,100,128,20,32
GRU,mean,14,2023-08-21,2023-09-04,0.02996470924665842,0.032346167,0.0017941363082828888,100,128,20,32
GRU,mean,14,2023-08-22,2023-09-05,0.030711415932792845,0.036125313,0.0017941363082828888,100,128,20,32
GRU,mean,14,2023-08-23,2023-09-06,0.03146528337075428,0.04008839,0.0017941363082828888,100,128,20,32
GRU,mean,14,2023-08-24,2023-09-07,0.03168780574315189,0.042821597,0.0017941363082828888,100,128,20,32
GRU,mean,14,2023-08-25,2023-09-08,0.03266538052227829,0.04387413,0.0017941363082828888,100,128,20,32
GRU,mean,14,2023-08-26,2023-09-09,0.033521956298179126,0.04347738,0.0017941363082828888,100,128,20,32
GRU,mean,14,2023-08-27,2023-09-10,0.0341728924304534,0.041990884,0.0017941363082828888,100,128,20,32
GRU,mean,14,2023-08-28,2023-09-11,0.036521332487694604,0.038128942,0.0017941363082828888,100,128,20,32
GRU,mean,14,2023-08-29,2023-09-12,0.035600796321057775,0.03505125,0.0017941363082828888,100,128,20,32
GRU,mean,14,2023-08-30,2023-09-13,0.03883209852197485,0.03331178,0.0017941363082828888,100,128,20,32
GRU,mean,14,2023-08-31,2023-09-14,0.04042577564475446,0.03309047,0.0017941363082828888,100,128,20,32
GRU,mean,14,2023-09-01,2023-09-15,0.04116502475590788,0.033917338,0.0017941363082828888,100,128,20,32
GRU,mean,14,2023-09-02,2023-09-16,0.04120155018039486,0.03573967,0.0017941363082828888,100,128,20,32
GRU,mean,14,2023-09-03,2023-09-17,0.041760873519425014,0.037562884,0.0017941363082828888,100,128,20,32
GRU,mean,14,2023-09-04,2023-09-18,0.039864854609507935,0.040848706,0.0017941363082828888,100,128,20,32
GRU,mean,14,2023-09-05,2023-09-19,0.041135083147445385,0.04394879,0.0017941363082828888,100,128,20,32
GRU,mean,14,2023-09-06,2023-09-20,0.041876885212484914,0.04622795,0.0017941363082828888,100,128,20,32
GRU,mean,14,2023-09-07,2023-09-21,0.04266065582821124,0.04710256,0.0017941363082828888,100,128,20,32
GRU,mean,14,2023-09-08,2023-09-22,0.041212188005497245,0.047574043,0.0017941363082828888,100,128,20,32
GRU,mean,14,2023-09-09,2023-09-23,0.040633468941889246,0.04799852,0.0017941363082828888,100,128,20,32
GRU,mean,14,2023-09-10,2023-09-24,0.04071261732651853,0.048333235,0.0017941363082828888,100,128,20,32
GRU,mean,14,2023-09-11,2023-09-25,0.0416876196818655,0.050349742,0.0017941363082828888,100,128,20,32
GRU,mean,14,2023-09-12,2023-09-26,0.047299294875667516,0.05072805,0.0017941363082828888,100,128,20,32
GRU,mean,14,2023-09-13,2023-09-27,0.04838185137688062,0.05312859,0.0017941363082828888,100,128,20,32
GRU,mean,14,2023-09-14,2023-09-28,0.04926153471640357,0.05636969,0.0017941363082828888,100,128,20,32
GRU,mean,14,2023-09-15,2023-09-29,0.05079215335944181,0.058748517,0.0017941363082828888,100,128,20,32
GRU,mean,14,2023-09-16,2023-09-30,0.052099173497155475,0.059131697,0.0017941363082828888,100,128,20,32
GRU,mean,14,2023-09-17,2023-10-01,0.054228481091523596,0.05832938,0.0017941363082828888,100,128,20,32
GRU,mean,14,2023-09-18,2023-10-02,0.054228481091523596,0.054569546,0.0017941363082828888,100,128,20,32
GRU,mean,14,2023-09-19,2023-10-03,0.057160646307487406,0.05181276,0.0017941363082828888,100,128,20,32
GRU,mean,14,2023-09-20,2023-10-04,0.059207134577776245,0.050791442,0.0017941363082828888,100,128,20,32
GRU,mean,14,2023-09-21,2023-10-05,0.06040940308825981,0.05140679,0.0017941363082828888,100,128,20,32
GRU,mean,14,2023-09-22,2023-10-06,0.06090063841936074,0.050857004,0.0017941363082828888,100,128,20,32
GRU,mean,14,2023-09-23,2023-10-07,0.06131938534129275,0.04956405,0.0017941363082828888,100,128,20,32
GRU,mean,14,2023-09-24,2023-10-08,0.06158822492011762,0.048635308,0.0017941363082828888,100,128,20,32
GRU,mean,14,2023-09-25,2023-10-09,0.06316475928926725,0.049243335,0.0017941363082828888,100,128,20,32
GRU,mean,14,2023-09-26,2023-10-10,0.06103983214692733,0.055955995,0.0017941363082828888,100,128,20,32
GRU,mean,14,2023-09-27,2023-10-11,0.06022950922231705,0.06334557,0.0017941363082828888,100,128,20,32
GRU,mean,14,2023-09-28,2023-10-12,0.05870774680915994,0.06876518,0.0017941363082828888,100,128,20,32
GRU,mean,14,2023-09-29,2023-10-13,0.05768381652170041,0.07228836,0.0017941363082828888,100,128,20,32
GRU,mean,14,2023-09-30,2023-10-14,0.05631481367631079,0.07399389,0.0017941363082828888,100,128,20,32
GRU,mean,14,2023-10-01,2023-10-15,0.05466154656903291,0.07513498,0.0017941363082828888,100,128,20,32
GRU,mean,14,2023-10-02,2023-10-16,0.05529457903908453,0.07399477,0.0017941363082828888,100,128,20,32
GRU,mean,14,2023-10-03,2023-10-17,0.05439798857076055,0.07404055,0.0017941363082828888,100,128,20,32
GRU,mean,14,2023-10-04,2023-10-18,0.05413901437052666,0.07542932,0.0017941363082828888,100,128,20,32
GRU,mean,14,2023-10-05,2023-10-19,0.05428202115080427,0.077082954,0.0017941363082828888,100,128,20,32
GRU,mean,14,2023-10-06,2023-10-20,0.054258245126709834,0.077855654,0.0017941363082828888,100,128,20,32
GRU,mean,14,2023-10-07,2023-10-21,0.05554923980738474,0.077522464,0.0017941363082828888,100,128,20,32
GRU,mean,14,2023-10-08,2023-10-22,0.05676709753669388,0.07616933,0.0017941363082828888,100,128,20,32
GRU,mean,14,2023-10-09,2023-10-23,0.05769901239923082,0.075715885,0.0017941363082828888,100,128,20,32
GRU,mean,14,2023-10-10,2023-10-24,0.06708737515764628,0.07282455,0.0017941363082828888,100,128,20,32
GRU,mean,14,2023-10-11,2023-10-25,0.0693610017248623,0.069033235,0.0017941363082828888,100,128,20,32
GRU,mean,14,2023-10-12,2023-10-26,0.07014536401973497,0.0648153,0.0017941363082828888,100,128,20,32
GRU,mean,14,2023-10-13,2023-10-27,0.07286875594659449,0.0614048,0.0017941363082828888,100,128,20,32
GRU,mean,14,2023-10-14,2023-10-28,0.07490462786741633,0.058839876,0.0017941363082828888,100,128,20,32
GRU,mean,14,2023-10-15,2023-10-29,0.0765826909905696,0.056698628,0.0017941363082828888,100,128,20,32
GRU,mean,14,2023-10-16,2023-10-30,0.08171143569789005,0.057215095,0.0017941363082828888,100,128,20,32
GRU,mean,14,2023-10-17,2023-10-31,0.08961593263464504,0.058383733,0.0017941363082828888,100,128,20,32
GRU,mean,14,2023-10-18,2023-11-01,0.09364398757052059,0.059874427,0.0017941363082828888,100,128,20,32
GRU,mean,14,2023-10-19,2023-11-02,0.09606731527867739,0.061711542,0.0017941363082828888,100,128,20,32
GRU,mean,14,2023-10-20,2023-11-03,0.09884619144991041,0.0633613,0.0017941363082828888,100,128,20,32
GRU,mean,14,2023-10-21,2023-11-04,0.1010212576889182,0.06587266,0.0017941363082828888,100,128,20,32
GRU,mean,14,2023-10-22,2023-11-05,0.10555499872329109,0.0689648,0.0017941363082828888,100,128,20,32
GRU,mean,14,2023-10-23,2023-11-06,0.11097745226778419,0.07187045,0.0017941363082828888,100,128,20,32
GRU,mean,14,2023-10-24,2023-11-07,0.11626975528826576,0.083211705,0.0017941363082828888,100,128,20,32
GRU,mean,14,2023-10-25,2023-11-08,0.13180608141533884,0.095164016,0.0017941363082828888,100,128,20,32
GRU,mean,14,2023-10-26,2023-11-09,0.13729154207096592,0.10231104,0.0017941363082828888,100,128,20,32
GRU,mean,14,2023-10-27,2023-11-10,0.13729154207096592,0.10571333,0.0017941363082828888,100,128,20,32
GRU,mean,14,2023-10-28,2023-11-11,0.13873362739757616,0.105555214,0.0017941363082828888,100,128,20,32
GRU,mean,14,2023-10-29,2023-11-12,0.1415087387818689,0.10238496,0.0017941363082828888,100,128,20,32
GRU,mean,14,2023-10-30,2023-11-13,0.14088430417845246,0.10162427,0.0017941363082828888,100,128,20,32
GRU,mean,14,2023-10-31,2023-11-14,0.14460672052530318,0.10840639,0.0017941363082828888,100,128,20,32
GRU,mean,14,2023-11-01,2023-11-15,0.15004875283649335,0.11844557,0.0017941363082828888,100,128,20,32
GRU,mean,14,2023-11-02,2023-11-16,0.1543787251966863,0.1274011,0.0017941363082828888,100,128,20,32
GRU,mean,14,2023-11-03,2023-11-17,0.1577614552918338,0.13393725,0.0017941363082828888,100,128,20,32
GRU,mean,14,2023-11-04,2023-11-18,0.16239700182164243,0.13679141,0.0017941363082828888,100,128,20,32
GRU,mean,14,2023-11-05,2023-11-19,0.16621294655598837,0.1386705,0.0017941363082828888,100,128,20,32
GRU,mean,14,2023-11-06,2023-11-20,0.1726684403556859,0.14166035,0.0017941363082828888,100,128,20,32
GRU,mean,14,2023-11-07,2023-11-21,0.1780018064157898,0.14687268,0.0017941363082828888,100,128,20,32
GRU,mean,14,2023-11-08,2023-11-22,0.1762285956341221,0.16709594,0.0017941363082828888,100,128,20,32
GRU,mean,14,2023-11-09,2023-11-23,0.18298875568361378,0.19042109,0.0017941363082828888,100,128,20,32
GRU,mean,14,2023-11-10,2023-11-24,0.17970974463867573,0.20389186,0.0017941363082828888,100,128,20,32
GRU,mean,14,2023-11-11,2023-11-25,0.18515124840245936,0.20750168,0.0017941363082828888,100,128,20,32
GRU,mean,14,2023-11-12,2023-11-26,0.19303482727357177,0.20459329,0.0017941363082828888,100,128,20,32
GRU,mean,14,2023-11-13,2023-11-27,0.19877262707533147,0.19229288,0.0017941363082828888,100,128,20,32
GRU,mean,14,2023-11-14,2023-11-28,0.20919234209026485,0.17736292,0.0017941363082828888,100,128,20,32
GRU,mean,14,2023-11-15,2023-11-29,0.2157007730162676,0.16742288,0.0017941363082828888,100,128,20,32
GRU,mean,14,2023-11-16,2023-11-30,0.21867657579282268,0.16733465,0.0017941363082828888,100,128,20,32
GRU,mean,14,2023-11-17,2023-12-01,0.21976181386743115,0.177638,0.0017941363082828888,100,128,20,32
GRU,mean,14,2023-11-18,2023-12-02,0.2206127125794615,0.19596897,0.0017941363082828888,100,128,20,32
GRU,mean,14,2023-11-19,2023-12-03,0.2233059873389914,0.21548797,0.0017941363082828888,100,128,20,32
GRU,mean,14,2023-11-20,2023-12-04,0.22240869573228733,0.23467664,0.0017941363082828888,100,128,20,32
GRU,mean,14,2023-11-21,2023-12-05,0.23721964732182707,0.24866621,0.0017941363082828888,100,128,20,32
GRU,mean,14,2023-11-22,2023-12-06,0.2429123744927313,0.24832004,0.0017941363082828888,100,128,20,32
GRU,mean,14,2023-11-23,2023-12-07,0.24525588198929985,0.24783774,0.0017941363082828888,100,128,20,32
GRU,mean,14,2023-11-24,2023-12-08,0.24459369154973282,0.23785591,0.0017941363082828888,100,128,20,32
GRU,mean,14,2023-11-25,2023-12-09,0.24567036035122167,0.23232858,0.0017941363082828888,100,128,20,32
GRU,mean,14,2023-11-26,2023-12-10,0.24404549662128625,0.23497222,0.0017941363082828888,100,128,20,32
GRU,mean,14,2023-11-27,2023-12-11,0.24751412013981824,0.24291432,0.0017941363082828888,100,128,20,32
GRU,mean,14,2023-11-28,2023-12-12,0.24847486183782236,0.26570177,0.0017941363082828888,100,128,20,32
GRU,mean,14,2023-11-29,2023-12-13,0.2460190134508397,0.2910879,0.0017941363082828888,100,128,20,32
GRU,mean,14,2023-11-30,2023-12-14,0.2436470164596183,0.30762723,0.0017941363082828888,100,128,20,32
GRU,mean,14,2023-12-01,2023-12-15,0.24263457990844456,0.31302425,0.0017941363082828888,100,128,20,32
GRU,mean,14,2023-12-02,2023-12-16,0.25021935142805124,0.31174487,0.0017941363082828888,100,128,20,32
GRU,mean,14,2023-12-03,2023-12-17,0.2450239486987933,0.3106514,0.0017941363082828888,100,128,20,32
GRU,mean,14,2023-12-04,2023-12-18,0.24673257139171853,0.30723995,0.0017941363082828888,100,128,20,32
GRU,mean,14,2023-12-05,2023-12-19,0.21332805091602164,0.31973046,0.0017941363082828888,100,128,20,32
GRU,mean,14,2023-12-06,2023-12-20,0.19490525605838763,0.32589057,0.0017941363082828888,100,128,20,32
GRU,mean,14,2023-12-07,2023-12-21,0.1823091162078165,0.32380027,0.0017941363082828888,100,128,20,32
GRU,mean,14,2023-12-08,2023-12-22,0.1773088507628169,0.3175784,0.0017941363082828888,100,128,20,32
GRU,mean,14,2023-12-09,2023-12-23,0.1708532695446551,0.31254476,0.0017941363082828888,100,128,20,32
GRU,mean,14,2023-12-10,2023-12-24,0.16447040689913564,0.3041338,0.0017941363082828888,100,128,20,32
GRU,mean,14,2023-12-11,2023-12-25,0.15578129224466283,0.29958323,0.0017941363082828888,100,128,20,32
GRU,mean,14,2023-12-12,2023-12-26,0.1392454062413967,0.29428515,0.0017941363082828888,100,128,20,32
GRU,mean,14,2023-12-13,2023-12-27,0.14026828693248514,0.28539002,0.0017941363082828888,100,128,20,32
GRU,mean,14,2023-12-14,2023-12-28,0.13963205596970305,0.27617413,0.0017941363082828888,100,128,20,32
GRU,mean,14,2023-12-15,2023-12-29,0.13554709831464054,0.2667502,0.0017941363082828888,100,128,20,32
GRU,mean,14,2023-12-16,2023-12-30,0.13247481659948357,0.26351133,0.0017941363082828888,100,128,20,32
GRU,mean,14,2023-12-17,2023-12-31,0.13176984323036373,0.24863374,0.0017941363082828888,100,128,20,32
GRU,mean,14,2023-12-18,2024-01-01,0.13176984323036373,0.2394942,0.0017941363082828888,100,128,20,32
GRU,mean,14,2023-12-19,2024-01-02,0.125085363035447,0.19718105,0.0017941363082828888,100,128,20,32
GRU,mean,14,2023-12-20,2024-01-03,0.1460763632288744,0.1553605,0.0017941363082828888,100,128,20,32
GRU,mean,14,2023-12-21,2024-01-04,0.15065459183855895,0.11852919,0.0017941363082828888,100,128,20,32
GRU,mean,14,2023-12-22,2024-01-05,0.16038528894268547,0.10009549,0.0017941363082828888,100,128,20,32
GRU,mean,14,2023-12-23,2024-01-06,0.16467434101211137,0.09500714,0.0017941363082828888,100,128,20,32
GRU,mean,14,2023-12-24,2024-01-07,0.1590846896417734,0.09501549,0.0017941363082828888,100,128,20,32
GRU,mean,14,2023-12-25,2024-01-08,0.1473343966942288,0.091640815,0.0017941363082828888,100,128,20,32
GRU,mean,14,2023-12-26,2024-01-09,0.13347727924190736,0.075923726,0.0017941363082828888,100,128,20,32
GRU,mean,14,2023-12-27,2024-01-10,0.12553669967451733,0.07210891,0.0017941363082828888,100,128,20,32
GRU,mean,14,2023-12-28,2024-01-11,0.11578902262890232,0.07540257,0.0017941363082828888,100,128,20,32
GRU,mean,14,2023-12-29,2024-01-12,0.12157671613866941,0.077589765,0.0017941363082828888,100,128,20,32
GRU,mean,14,2023-12-30,2024-01-13,0.1131200330449865,0.07800913,0.0017941363082828888,100,128,20,32
GRU,mean,14,2023-12-31,2024-01-14,0.1131200330449865,0.079173304,0.0017941363082828888,100,128,20,32
GRU,mean,14,2024-01-01,2024-01-15,0.10861545893922078,0.08152197,0.0017941363082828888,100,128,20,32
GRU,mean,14,2024-01-02,2024-01-16,0.11489677018815585,0.07746492,0.0017941363082828888,100,128,20,32
GRU,mean,14,2024-01-03,2024-01-17,0.09441690652857937,0.09879186,0.0017941363082828888,100,128,20,32
GRU,mean,14,2024-01-04,2024-01-18,0.09355917255892066,0.12181993,0.0017941363082828888,100,128,20,32
GRU,mean,14,2024-01-05,2024-01-19,0.09220682919412322,0.14769623,0.0017941363082828888,100,128,20,32
GRU,mean,14,2024-01-06,2024-01-20,0.08871766930252432,0.16917941,0.0017941363082828888,100,128,20,32
GRU,mean,14,2024-01-07,2024-01-21,0.08977748841267115,0.17449772,0.0017941363082828888,100,128,20,32
GRU,mean,14,2024-01-08,2024-01-22,0.09335548436576135,0.15555796,0.0017941363082828888,100,128,20,32
GRU,mean,14,2024-01-09,2024-01-23,0.09457352777748064,0.1147483,0.0017941363082828888,100,128,20,32
GRU,mean,14,2024-01-10,2024-01-24,0.09519824765401066,0.07043151,0.0017941363082828888,100,128,20,32
GRU,mean,14,2024-01-11,2024-01-25,0.10093731179301353,0.03624144,0.0017941363082828888,100,128,20,32
GRU,mean,14,2024-01-12,2024-01-26,0.10093731179301353,0.032912023,0.0017941363082828888,100,128,20,32
GRU,mean,14,2024-01-13,2024-01-27,0.10497482358531632,0.037353832,0.0017941363082828888,100,128,20,32
GRU,mean,14,2024-01-14,2024-01-28,0.10497482358531632,0.054883562,0.0017941363082828888,100,128,20,32
GRU,mean,14,2024-01-15,2024-01-29,0.10857437441778534,0.07723069,0.0017941363082828888,100,128,20,32
GRU,mean,14,2024-01-16,2024-01-30,0.09982472109988688,0.108802065,0.0017941363082828888,100,128,20,32
GRU,mean,14,2024-01-17,2024-01-31,0.09768920904645417,0.10720367,0.0017941363082828888,100,128,20,32
GRU,mean,14,2024-01-18,2024-02-01,0.09927763106946927,0.08665224,0.0017941363082828888,100,128,20,32
GRU,mean,14,2024-02-01,2024-02-15,0.14403843038550887,0.07497636,0.0017941363082828888,100,128,20,32
GRU,mean,28,2023-05-01,2023-05-29,0.042551361925533084,0.07723804,0.0047492810567049465,100,128,20,32
GRU,mean,28,2023-05-02,2023-05-30,0.04043135449563707,0.07674952,0.0047492810567049465,100,128,20,32
GRU,mean,28,2023-05-03,2023-05-31,0.03795676346336498,0.07717326,0.0047492810567049465,100,128,20,32
GRU,mean,28,2023-05-04,2023-06-01,0.0373976908582477,0.09029678,0.0047492810567049465,100,128,20,32
GRU,mean,28,2023-05-05,2023-06-02,0.03690902293726377,0.09489739,0.0047492810567049465,100,128,20,32
GRU,mean,28,2023-05-06,2023-06-03,0.03622520779966677,0.08645424,0.0047492810567049465,100,128,20,32
GRU,mean,28,2023-05-07,2023-06-04,0.03448489307368162,0.07737755,0.0047492810567049465,100,128,20,32
GRU,mean,28,2023-05-08,2023-06-05,0.03225515634722982,0.0743823,0.0047492810567049465,100,128,20,32
GRU,mean,28,2023-05-09,2023-06-06,0.028847458859593642,0.077883154,0.0047492810567049465,100,128,20,32
GRU,mean,28,2023-05-10,2023-06-07,0.028145270889968054,0.08186706,0.0047492810567049465,100,128,20,32
GRU,mean,28,2023-05-11,2023-06-08,0.027810438343931678,0.081003,0.0047492810567049465,100,128,20,32
GRU,mean,28,2023-05-12,2023-06-09,0.02761640273894596,0.07452825,0.0047492810567049465,100,128,20,32
GRU,mean,28,2023-05-13,2023-06-10,0.027761573235458626,0.07396898,0.0047492810567049465,100,128,20,32
GRU,mean,28,2023-05-14,2023-06-11,0.027631140122086423,0.0708288,0.0047492810567049465,100,128,20,32
GRU,mean,28,2023-05-15,2023-06-12,0.02762767224760617,0.0617078,0.0047492810567049465,100,128,20,32
GRU,mean,28,2023-05-16,2023-06-13,0.026644098206145692,0.050290268,0.0047492810567049465,100,128,20,32
GRU,mean,28,2023-05-17,2023-06-14,0.02504189692726691,0.049721908,0.0047492810567049465,100,128,20,32
GRU,mean,28,2023-05-18,2023-06-15,0.023385253504520125,0.04405853,0.0047492810567049465,100,128,20,32
GRU,mean,28,2023-05-19,2023-06-16,0.02142041114707139,0.045515083,0.0047492810567049465,100,128,20,32
GRU,mean,28,2023-05-20,2023-06-17,0.020512634232813375,0.053570665,0.0047492810567049465,100,128,20,32
GRU,mean,28,2023-05-21,2023-06-18,0.02026787013347333,0.060750663,0.0047492810567049465,100,128,20,32
GRU,mean,28,2023-05-22,2023-06-19,0.020176321577711504,0.064065225,0.0047492810567049465,100,128,20,32
GRU,mean,28,2023-05-23,2023-06-20,0.018046791735304078,0.057683785,0.0047492810567049465,100,128,20,32
GRU,mean,28,2023-05-24,2023-06-21,0.01782346923076451,0.048284292,0.0047492810567049465,100,128,20,32
GRU,mean,28,2023-05-25,2023-06-22,0.017466834157230875,0.04298971,0.0047492810567049465,100,128,20,32
GRU,mean,28,2023-05-26,2023-06-23,0.017089554682335775,0.04490757,0.0047492810567049465,100,128,20,32
GRU,mean,28,2023-05-27,2023-06-24,0.01693682862194099,0.049235746,0.0047492810567049465,100,128,20,32
GRU,mean,28,2023-05-28,2023-06-25,0.01640869622741816,0.054685984,0.0047492810567049465,100,128,20,32
GRU,mean,28,2023-05-29,2023-06-26,0.015725670490165287,0.05892443,0.0047492810567049465,100,128,20,32
GRU,mean,28,2023-05-30,2023-06-27,0.015951370470315467,0.061250187,0.0047492810567049465,100,128,20,32
GRU,mean,28,2023-05-31,2023-06-28,0.01704843124923566,0.062250182,0.0047492810567049465,100,128,20,32
GRU,mean,28,2023-06-01,2023-06-29,0.017797876758688304,0.06453374,0.0047492810567049465,100,128,20,32
GRU,mean,28,2023-06-02,2023-06-30,0.01877817819159672,0.06164412,0.0047492810567049465,100,128,20,32
GRU,mean,28,2023-06-03,2023-07-01,0.019028913999890686,0.04387929,0.0047492810567049465,100,128,20,32
GRU,mean,28,2023-06-04,2023-07-02,0.019183484327958265,0.032426074,0.0047492810567049465,100,128,20,32
GRU,mean,28,2023-06-05,2023-07-03,0.018556853209503864,0.028324861,0.0047492810567049465,100,128,20,32
GRU,mean,28,2023-06-06,2023-07-04,0.020850459390244182,0.024536386,0.0047492810567049465,100,128,20,32
GRU,mean,28,2023-06-07,2023-07-05,0.021286407339735632,0.023735784,0.0047492810567049465,100,128,20,32
GRU,mean,28,2023-06-08,2023-07-06,0.02164392810426926,0.024769224,0.0047492810567049465,100,128,20,32
GRU,mean,28,2023-06-09,2023-07-07,0.02163082518330223,0.027736686,0.0047492810567049465,100,128,20,32
GRU,mean,28,2023-06-10,2023-07-08,0.02120042551741052,0.03234922,0.0047492810567049465,100,128,20,32
GRU,mean,28,2023-06-11,2023-07-09,0.020921871382180292,0.03752999,0.0047492810567049465,100,128,20,32
GRU,mean,28,2023-06-12,2023-07-10,0.02064764913305339,0.04260833,0.0047492810567049465,100,128,20,32
GRU,mean,28,2023-06-13,2023-07-11,0.018759703832617464,0.04614284,0.0047492810567049465,100,128,20,32
GRU,mean,28,2023-06-14,2023-07-12,0.01825554387776106,0.047184475,0.0047492810567049465,100,128,20,32
GRU,mean,28,2023-06-15,2023-07-13,0.01815728668450978,0.045763016,0.0047492810567049465,100,128,20,32
GRU,mean,28,2023-06-16,2023-07-14,0.01766133925586516,0.04239243,0.0047492810567049465,100,128,20,32
GRU,mean,28,2023-06-17,2023-07-15,0.017142980076093314,0.038875237,0.0047492810567049465,100,128,20,32
GRU,mean,28,2023-06-18,2023-07-16,0.016451451474528863,0.03667332,0.0047492810567049465,100,128,20,32
GRU,mean,28,2023-06-19,2023-07-17,0.01614893541158249,0.036198497,0.0047492810567049465,100,128,20,32
GRU,mean,28,2023-06-20,2023-07-18,0.015398547098749276,0.035697702,0.0047492810567049465,100,128,20,32
GRU,mean,28,2023-06-21,2023-07-19,0.015337976231806149,0.035499305,0.0047492810567049465,100,128,20,32
GRU,mean,28,2023-06-22,2023-07-20,0.0151222191476377,0.035578284,0.0047492810567049465,100,128,20,32
GRU,mean,28,2023-06-23,2023-07-21,0.0151318451527297,0.03580631,0.0047492810567049465,100,128,20,32
GRU,mean,28,2023-06-24,2023-07-22,0.015154254307802536,0.036165025,0.0047492810567049465,100,128,20,32
GRU,mean,28,2023-06-25,2023-07-23,0.015521889627311635,0.036346752,0.0047492810567049465,100,128,20,32
GRU,mean,28,2023-06-26,2023-07-24,0.015734868603895745,0.036038615,0.0047492810567049465,100,128,20,32
GRU,mean,28,2023-06-27,2023-07-25,0.017499234629100403,0.035898227,0.0047492810567049465,100,128,20,32
GRU,mean,28,2023-06-28,2023-07-26,0.016882932317259604,0.03669923,0.0047492810567049465,100,128,20,32
GRU,mean,28,2023-06-29,2023-07-27,0.016304484167451897,0.038365286,0.0047492810567049465,100,128,20,32
GRU,mean,28,2023-06-30,2023-07-28,0.016094643447225748,0.040773004,0.0047492810567049465,100,128,20,32
GRU,mean,28,2023-07-01,2023-07-29,0.015495106124443202,0.0431913,0.0047492810567049465,100,128,20,32
GRU,mean,28,2023-07-02,2023-07-30,0.014786026774915318,0.045163304,0.0047492810567049465,100,128,20,32
GRU,mean,28,2023-07-03,2023-07-31,0.014613387658776041,0.04597968,0.0047492810567049465,100,128,20,32
GRU,mean,28,2023-07-04,2023-08-01,0.015829941411054087,0.047394406,0.0047492810567049465,100,128,20,32
GRU,mean,28,2023-07-05,2023-08-02,0.016129579912494238,0.04908608,0.0047492810567049465,100,128,20,32
GRU,mean,28,2023-07-06,2023-08-03,0.01683912208995456,0.050656546,0.0047492810567049465,100,128,20,32
GRU,mean,28,2023-07-07,2023-08-04,0.016979264306447285,0.051682964,0.0047492810567049465,100,128,20,32
GRU,mean,28,2023-07-08,2023-08-05,0.01716472437324465,0.05179075,0.0047492810567049465,100,128,20,32
GRU,mean,28,2023-07-09,2023-08-06,0.01668445586844775,0.051122747,0.0047492810567049465,100,128,20,32
GRU,mean,28,2023-07-10,2023-08-07,0.015999248513226764,0.04985208,0.0047492810567049465,100,128,20,32
GRU,mean,28,2023-07-11,2023-08-08,0.014443916390635279,0.04730908,0.0047492810567049465,100,128,20,32
GRU,mean,28,2023-07-12,2023-08-09,0.014858106806785343,0.04437882,0.0047492810567049465,100,128,20,32
GRU,mean,28,2023-07-13,2023-08-10,0.015395880126889437,0.041994333,0.0047492810567049465,100,128,20,32
GRU,mean,28,2023-07-14,2023-08-11,0.01597114731325099,0.04029964,0.0047492810567049465,100,128,20,32
GRU,mean,28,2023-07-15,2023-08-12,0.01727720521848292,0.039149426,0.0047492810567049465,100,128,20,32
GRU,mean,28,2023-07-16,2023-08-13,0.019287951589009554,0.038174983,0.0047492810567049465,100,128,20,32
GRU,mean,28,2023-07-17,2023-08-14,0.020337425227242575,0.037390172,0.0047492810567049465,100,128,20,32
GRU,mean,28,2023-07-18,2023-08-15,0.02004952460711604,0.03650089,0.0047492810567049465,100,128,20,32
GRU,mean,28,2023-07-19,2023-08-16,0.020050840739817603,0.035784174,0.0047492810567049465,100,128,20,32
GRU,mean,28,2023-07-20,2023-08-17,0.019636256420528776,0.03529064,0.0047492810567049465,100,128,20,32
GRU,mean,28,2023-07-21,2023-08-18,0.019839822585211185,0.035105776,0.0047492810567049465,100,128,20,32
GRU,mean,28,2023-07-22,2023-08-19,0.020202660464567774,0.0352005,0.0047492810567049465,100,128,20,32
GRU,mean,28,2023-07-23,2023-08-20,0.021500459689544008,0.035601676,0.0047492810567049465,100,128,20,32
GRU,mean,28,2023-07-24,2023-08-21,0.02251016703196554,0.03632731,0.0047492810567049465,100,128,20,32
GRU,mean,28,2023-07-25,2023-08-22,0.024969388540383552,0.038127206,0.0047492810567049465,100,128,20,32
GRU,mean,28,2023-07-26,2023-08-23,0.026200885200839522,0.039721724,0.0047492810567049465,100,128,20,32
GRU,mean,28,2023-07-27,2023-08-24,0.026835974681743178,0.04043873,0.0047492810567049465,100,128,20,32
GRU,mean,28,2023-07-28,2023-08-25,0.027203321512249412,0.04034032,0.0047492810567049465,100,128,20,32
GRU,mean,28,2023-07-29,2023-08-26,0.02742056385042249,0.03946414,0.0047492810567049465,100,128,20,32
GRU,mean,28,2023-07-30,2023-08-27,0.027367559848038212,0.037996456,0.0047492810567049465,100,128,20,32
GRU,mean,28,2023-07-31,2023-08-28,0.025368347649415868,0.03642495,0.0047492810567049465,100,128,20,32
GRU,mean,28,2023-08-01,2023-08-29,0.025850504108248712,0.035969924,0.0047492810567049465,100,128,20,32
GRU,mean,28,2023-08-02,2023-08-30,0.02589425783196988,0.036438383,0.0047492810567049465,100,128,20,32
GRU,mean,28,2023-08-03,2023-08-31,0.026258065168719865,0.037718274,0.0047492810567049465,100,128,20,32
GRU,mean,28,2023-08-04,2023-09-01,0.02658797698447568,0.03921507,0.0047492810567049465,100,128,20,32
GRU,mean,28,2023-08-05,2023-09-02,0.027435533877634415,0.04056062,0.0047492810567049465,100,128,20,32
GRU,mean,28,2023-08-06,2023-09-03,0.0277461345559839,0.041196506,0.0047492810567049465,100,128,20,32
GRU,mean,28,2023-08-07,2023-09-04,0.02996470924665842,0.040811256,0.0047492810567049465,100,128,20,32
GRU,mean,28,2023-08-08,2023-09-05,0.030711415932792845,0.039000258,0.0047492810567049465,100,128,20,32
GRU,mean,28,2023-08-09,2023-09-06,0.03146528337075428,0.03713873,0.0047492810567049465,100,128,20,32
GRU,mean,28,2023-08-10,2023-09-07,0.03168780574315189,0.036092434,0.0047492810567049465,100,128,20,32
GRU,mean,28,2023-08-11,2023-09-08,0.03266538052227829,0.036110982,0.0047492810567049465,100,128,20,32
GRU,mean,28,2023-08-12,2023-09-09,0.033521956298179126,0.037495967,0.0047492810567049465,100,128,20,32
GRU,mean,28,2023-08-13,2023-09-10,0.0341728924304534,0.04048266,0.0047492810567049465,100,128,20,32
GRU,mean,28,2023-08-14,2023-09-11,0.036521332487694604,0.04438628,0.0047492810567049465,100,128,20,32
GRU,mean,28,2023-08-15,2023-09-12,0.035600796321057775,0.047622867,0.0047492810567049465,100,128,20,32
GRU,mean,28,2023-08-16,2023-09-13,0.03883209852197485,0.049612667,0.0047492810567049465,100,128,20,32
GRU,mean,28,2023-08-17,2023-09-14,0.04042577564475446,0.050057873,0.0047492810567049465,100,128,20,32
GRU,mean,28,2023-08-18,2023-09-15,0.04116502475590788,0.04955219,0.0047492810567049465,100,128,20,32
GRU,mean,28,2023-08-19,2023-09-16,0.04120155018039486,0.048792306,0.0047492810567049465,100,128,20,32
GRU,mean,28,2023-08-20,2023-09-17,0.041760873519425014,0.048868883,0.0047492810567049465,100,128,20,32
GRU,mean,28,2023-08-21,2023-09-18,0.039864854609507935,0.05008716,0.0047492810567049465,100,128,20,32
GRU,mean,28,2023-08-22,2023-09-19,0.041135083147445385,0.053228904,0.0047492810567049465,100,128,20,32
GRU,mean,28,2023-08-23,2023-09-20,0.041876885212484914,0.05751554,0.0047492810567049465,100,128,20,32
GRU,mean,28,2023-08-24,2023-09-21,0.04266065582821124,0.06171697,0.0047492810567049465,100,128,20,32
GRU,mean,28,2023-08-25,2023-09-22,0.041212188005497245,0.064854525,0.0047492810567049465,100,128,20,32
GRU,mean,28,2023-08-26,2023-09-23,0.040633468941889246,0.066374674,0.0047492810567049465,100,128,20,32
GRU,mean,28,2023-08-27,2023-09-24,0.04071261732651853,0.066120826,0.0047492810567049465,100,128,20,32
GRU,mean,28,2023-08-28,2023-09-25,0.0416876196818655,0.06300379,0.0047492810567049465,100,128,20,32
GRU,mean,28,2023-08-29,2023-09-26,0.047299294875667516,0.059193514,0.0047492810567049465,100,128,20,32
GRU,mean,28,2023-08-30,2023-09-27,0.04838185137688062,0.056053493,0.0047492810567049465,100,128,20,32
GRU,mean,28,2023-08-31,2023-09-28,0.04926153471640357,0.054460436,0.0047492810567049465,100,128,20,32
GRU,mean,28,2023-09-01,2023-09-29,0.05079215335944181,0.05447488,0.0047492810567049465,100,128,20,32
GRU,mean,28,2023-09-02,2023-09-30,0.052099173497155475,0.056075886,0.0047492810567049465,100,128,20,32
GRU,mean,28,2023-09-03,2023-10-01,0.054228481091523596,0.05839115,0.0047492810567049465,100,128,20,32
GRU,mean,28,2023-09-04,2023-10-02,0.054228481091523596,0.06204833,0.0047492810567049465,100,128,20,32
GRU,mean,28,2023-09-05,2023-10-03,0.057160646307487406,0.06604607,0.0047492810567049465,100,128,20,32
GRU,mean,28,2023-09-06,2023-10-04,0.059207134577776245,0.069535516,0.0047492810567049465,100,128,20,32
GRU,mean,28,2023-09-07,2023-10-05,0.06040940308825981,0.07162568,0.0047492810567049465,100,128,20,32
GRU,mean,28,2023-09-08,2023-10-06,0.06090063841936074,0.07260201,0.0047492810567049465,100,128,20,32
GRU,mean,28,2023-09-09,2023-10-07,0.06131938534129275,0.07290526,0.0047492810567049465,100,128,20,32
GRU,mean,28,2023-09-10,2023-10-08,0.06158822492011762,0.07281244,0.0047492810567049465,100,128,20,32
GRU,mean,28,2023-09-11,2023-10-09,0.06316475928926725,0.07408203,0.0047492810567049465,100,128,20,32
GRU,mean,28,2023-09-12,2023-10-10,0.06103983214692733,0.07473416,0.0047492810567049465,100,128,20,32
GRU,mean,28,2023-09-13,2023-10-11,0.06022950922231705,0.07699602,0.0047492810567049465,100,128,20,32
GRU,mean,28,2023-09-14,2023-10-12,0.05870774680915994,0.08061931,0.0047492810567049465,100,128,20,32
GRU,mean,28,2023-09-15,2023-10-13,0.05768381652170041,0.08416274,0.0047492810567049465,100,128,20,32
GRU,mean,28,2023-09-16,2023-10-14,0.05631481367631079,0.08578525,0.0047492810567049465,100,128,20,32
GRU,mean,28,2023-09-17,2023-10-15,0.05466154656903291,0.08501482,0.0047492810567049465,100,128,20,32
GRU,mean,28,2023-09-18,2023-10-16,0.05529457903908453,0.080276676,0.0047492810567049465,100,128,20,32
GRU,mean,28,2023-09-19,2023-10-17,0.05439798857076055,0.07483765,0.0047492810567049465,100,128,20,32
GRU,mean,28,2023-09-20,2023-10-18,0.05413901437052666,0.07115806,0.0047492810567049465,100,128,20,32
GRU,mean,28,2023-09-21,2023-10-19,0.05428202115080427,0.070429966,0.0047492810567049465,100,128,20,32
GRU,mean,28,2023-09-22,2023-10-20,0.054258245126709834,0.07043587,0.0047492810567049465,100,128,20,32
GRU,mean,28,2023-09-23,2023-10-21,0.05554923980738474,0.070139155,0.0047492810567049465,100,128,20,32
GRU,mean,28,2023-09-24,2023-10-22,0.05676709753669388,0.06964796,0.0047492810567049465,100,128,20,32
GRU,mean,28,2023-09-25,2023-10-23,0.05769901239923082,0.06988159,0.0047492810567049465,100,128,20,32
GRU,mean,28,2023-09-26,2023-10-24,0.06708737515764628,0.07553507,0.0047492810567049465,100,128,20,32
GRU,mean,28,2023-09-27,2023-10-25,0.0693610017248623,0.084078535,0.0047492810567049465,100,128,20,32
GRU,mean,28,2023-09-28,2023-10-26,0.07014536401973497,0.092181586,0.0047492810567049465,100,128,20,32
GRU,mean,28,2023-09-29,2023-10-27,0.07286875594659449,0.09775577,0.0047492810567049465,100,128,20,32
GRU,mean,28,2023-09-30,2023-10-28,0.07490462786741633,0.099407256,0.0047492810567049465,100,128,20,32
GRU,mean,28,2023-10-01,2023-10-29,0.0765826909905696,0.09781583,0.0047492810567049465,100,128,20,32
GRU,mean,28,2023-10-02,2023-10-30,0.08171143569789005,0.092583045,0.0047492810567049465,100,128,20,32
GRU,mean,28,2023-10-03,2023-10-31,0.08961593263464504,0.08774266,0.0047492810567049465,100,128,20,32
GRU,mean,28,2023-10-04,2023-11-01,0.09364398757052059,0.086183526,0.0047492810567049465,100,128,20,32
GRU,mean,28,2023-10-05,2023-11-02,0.09606731527867739,0.08819351,0.0047492810567049465,100,128,20,32
GRU,mean,28,2023-10-06,2023-11-03,0.09884619144991041,0.0916096,0.0047492810567049465,100,128,20,32
GRU,mean,28,2023-10-07,2023-11-04,0.1010212576889182,0.09371736,0.0047492810567049465,100,128,20,32
GRU,mean,28,2023-10-08,2023-11-05,0.10555499872329109,0.09314233,0.0047492810567049465,100,128,20,32
GRU,mean,28,2023-10-09,2023-11-06,0.11097745226778419,0.09133386,0.0047492810567049465,100,128,20,32
GRU,mean,28,2023-10-10,2023-11-07,0.11626975528826576,0.086401954,0.0047492810567049465,100,128,20,32
GRU,mean,28,2023-10-11,2023-11-08,0.13180608141533884,0.079312675,0.0047492810567049465,100,128,20,32
GRU,mean,28,2023-10-12,2023-11-09,0.13729154207096592,0.071490645,0.0047492810567049465,100,128,20,32
GRU,mean,28,2023-10-13,2023-11-10,0.13729154207096592,0.06483146,0.0047492810567049465,100,128,20,32
GRU,mean,28,2023-10-14,2023-11-11,0.13873362739757616,0.060289066,0.0047492810567049465,100,128,20,32
GRU,mean,28,2023-10-15,2023-11-12,0.1415087387818689,0.057270307,0.0047492810567049465,100,128,20,32
GRU,mean,28,2023-10-16,2023-11-13,0.14088430417845246,0.05659923,0.0047492810567049465,100,128,20,32
GRU,mean,28,2023-10-17,2023-11-14,0.14460672052530318,0.057463676,0.0047492810567049465,100,128,20,32
GRU,mean,28,2023-10-18,2023-11-15,0.15004875283649335,0.058910925,0.0047492810567049465,100,128,20,32
GRU,mean,28,2023-10-19,2023-11-16,0.1543787251966863,0.06049014,0.0047492810567049465,100,128,20,32
GRU,mean,28,2023-10-20,2023-11-17,0.1577614552918338,0.06168911,0.0047492810567049465,100,128,20,32
GRU,mean,28,2023-10-21,2023-11-18,0.16239700182164243,0.063466854,0.0047492810567049465,100,128,20,32
GRU,mean,28,2023-10-22,2023-11-19,0.16621294655598837,0.066569865,0.0047492810567049465,100,128,20,32
GRU,mean,28,2023-10-23,2023-11-20,0.1726684403556859,0.07014742,0.0047492810567049465,100,128,20,32
GRU,mean,28,2023-10-24,2023-11-21,0.1780018064157898,0.08276521,0.0047492810567049465,100,128,20,32
GRU,mean,28,2023-10-25,2023-11-22,0.1762285956341221,0.10130062,0.0047492810567049465,100,128,20,32
GRU,mean,28,2023-10-26,2023-11-23,0.18298875568361378,0.11792038,0.0047492810567049465,100,128,20,32
GRU,mean,28,2023-10-27,2023-11-24,0.17970974463867573,0.12818052,0.0047492810567049465,100,128,20,32
GRU,mean,28,2023-10-28,2023-11-25,0.18515124840245936,0.1298962,0.0047492810567049465,100,128,20,32
GRU,mean,28,2023-10-29,2023-11-26,0.19303482727357177,0.12355985,0.0047492810567049465,100,128,20,32
GRU,mean,28,2023-10-30,2023-11-27,0.19877262707533147,0.11835016,0.0047492810567049465,100,128,20,32
GRU,mean,28,2023-10-31,2023-11-28,0.20919234209026485,0.124514006,0.0047492810567049465,100,128,20,32
GRU,mean,28,2023-11-01,2023-11-29,0.2157007730162676,0.14119594,0.0047492810567049465,100,128,20,32
GRU,mean,28,2023-11-02,2023-11-30,0.21867657579282268,0.16100603,0.0047492810567049465,100,128,20,32
GRU,mean,28,2023-11-03,2023-12-01,0.21976181386743115,0.17756565,0.0047492810567049465,100,128,20,32
GRU,mean,28,2023-11-04,2023-12-02,0.2206127125794615,0.18599659,0.0047492810567049465,100,128,20,32
GRU,mean,28,2023-11-05,2023-12-03,0.2233059873389914,0.189388,0.0047492810567049465,100,128,20,32
GRU,mean,28,2023-11-06,2023-12-04,0.22240869573228733,0.1942017,0.0047492810567049465,100,128,20,32
GRU,mean,28,2023-11-07,2023-12-05,0.23721964732182707,0.20329395,0.0047492810567049465,100,128,20,32
GRU,mean,28,2023-11-08,2023-12-06,0.2429123744927313,0.22667591,0.0047492810567049465,100,128,20,32
GRU,mean,28,2023-11-09,2023-12-07,0.24525588198929985,0.24789831,0.0047492810567049465,100,128,20,32
GRU,mean,28,2023-11-10,2023-12-08,0.24459369154973282,0.24756145,0.0047492810567049465,100,128,20,32
GRU,mean,28,2023-11-11,2023-12-09,0.24567036035122167,0.23587957,0.0047492810567049465,100,128,20,32
GRU,mean,28,2023-11-12,2023-12-10,0.24404549662128625,0.23515113,0.0047492810567049465,100,128,20,32
GRU,mean,28,2023-11-13,2023-12-11,0.24751412013981824,0.24189633,0.0047492810567049465,100,128,20,32
GRU,mean,28,2023-11-14,2023-12-12,0.24847486183782236,0.2458554,0.0047492810567049465,100,128,20,32
GRU,mean,28,2023-11-15,2023-12-13,0.2460190134508397,0.2500183,0.0047492810567049465,100,128,20,32
GRU,mean,28,2023-11-16,2023-12-14,0.2436470164596183,0.2579344,0.0047492810567049465,100,128,20,32
GRU,mean,28,2023-11-17,2023-12-15,0.24263457990844456,0.27344826,0.0047492810567049465,100,128,20,32
GRU,mean,28,2023-11-18,2023-12-16,0.25021935142805124,0.25606436,0.0047492810567049465,100,128,20,32
GRU,mean,28,2023-11-19,2023-12-17,0.2450239486987933,0.19873746,0.0047492810567049465,100,128,20,32
GRU,mean,28,2023-11-20,2023-12-18,0.24673257139171853,0.14532778,0.0047492810567049465,100,128,20,32
GRU,mean,28,2023-11-21,2023-12-19,0.21332805091602164,0.13255891,0.0047492810567049465,100,128,20,32
GRU,mean,28,2023-11-22,2023-12-20,0.19490525605838763,0.12157293,0.0047492810567049465,100,128,20,32
GRU,mean,28,2023-11-23,2023-12-21,0.1823091162078165,0.12077808,0.0047492810567049465,100,128,20,32
GRU,mean,28,2023-11-24,2023-12-22,0.1773088507628169,0.11655155,0.0047492810567049465,100,128,20,32
GRU,mean,28,2023-11-25,2023-12-23,0.1708532695446551,0.11746639,0.0047492810567049465,100,128,20,32
GRU,mean,28,2023-11-26,2023-12-24,0.16447040689913564,0.12800382,0.0047492810567049465,100,128,20,32
GRU,mean,28,2023-11-27,2023-12-25,0.15578129224466283,0.13573273,0.0047492810567049465,100,128,20,32
GRU,mean,28,2023-11-28,2023-12-26,0.1392454062413967,0.14742066,0.0047492810567049465,100,128,20,32
GRU,mean,28,2023-11-29,2023-12-27,0.14026828693248514,0.16053389,0.0047492810567049465,100,128,20,32
GRU,mean,28,2023-11-30,2023-12-28,0.13963205596970305,0.17121269,0.0047492810567049465,100,128,20,32
GRU,mean,28,2023-12-01,2023-12-29,0.13554709831464054,0.18246159,0.0047492810567049465,100,128,20,32
GRU,mean,28,2023-12-02,2023-12-30,0.13247481659948357,0.19084826,0.0047492810567049465,100,128,20,32
GRU,mean,28,2023-12-03,2023-12-31,0.13176984323036373,0.19425543,0.0047492810567049465,100,128,20,32
GRU,mean,28,2023-12-04,2024-01-01,0.13176984323036373,0.19123922,0.0047492810567049465,100,128,20,32
GRU,mean,28,2023-12-05,2024-01-02,0.125085363035447,0.2058726,0.0047492810567049465,100,128,20,32
GRU,mean,28,2023-12-06,2024-01-03,0.1460763632288744,0.21306735,0.0047492810567049465,100,128,20,32
GRU,mean,28,2023-12-07,2024-01-04,0.15065459183855895,0.20666607,0.0047492810567049465,100,128,20,32
GRU,mean,28,2023-12-08,2024-01-05,0.16038528894268547,0.1956258,0.0047492810567049465,100,128,20,32
GRU,mean,28,2023-12-09,2024-01-06,0.16467434101211137,0.19097497,0.0047492810567049465,100,128,20,32
GRU,mean,28,2023-12-10,2024-01-07,0.1590846896417734,0.18780583,0.0047492810567049465,100,128,20,32
GRU,mean,28,2023-12-11,2024-01-08,0.1473343966942288,0.18960522,0.0047492810567049465,100,128,20,32
GRU,mean,28,2023-12-12,2024-01-09,0.13347727924190736,0.1893562,0.0047492810567049465,100,128,20,32
GRU,mean,28,2023-12-13,2024-01-10,0.12553669967451733,0.1803104,0.0047492810567049465,100,128,20,32
GRU,mean,28,2023-12-14,2024-01-11,0.11578902262890232,0.1669664,0.0047492810567049465,100,128,20,32
GRU,mean,28,2023-12-15,2024-01-12,0.12157671613866941,0.15777963,0.0047492810567049465,100,128,20,32
GRU,mean,28,2023-12-16,2024-01-13,0.1131200330449865,0.15990269,0.0047492810567049465,100,128,20,32
GRU,mean,28,2023-12-17,2024-01-14,0.1131200330449865,0.14878766,0.0047492810567049465,100,128,20,32
GRU,mean,28,2023-12-18,2024-01-15,0.10861545893922078,0.14526437,0.0047492810567049465,100,128,20,32
GRU,mean,28,2023-12-19,2024-01-16,0.11489677018815585,0.10704577,0.0047492810567049465,100,128,20,32
GRU,mean,28,2023-12-20,2024-01-17,0.09441690652857937,0.08380573,0.0047492810567049465,100,128,20,32
GRU,mean,28,2023-12-21,2024-01-18,0.09355917255892066,0.07564259,0.0047492810567049465,100,128,20,32
GRU,mean,28,2023-12-22,2024-01-19,0.09220682919412322,0.07325106,0.0047492810567049465,100,128,20,32
GRU,mean,28,2023-12-23,2024-01-20,0.08871766930252432,0.06871118,0.0047492810567049465,100,128,20,32
GRU,mean,28,2023-12-24,2024-01-21,0.08977748841267115,0.064601734,0.0047492810567049465,100,128,20,32
GRU,mean,28,2023-12-25,2024-01-22,0.09335548436576135,0.05985969,0.0047492810567049465,100,128,20,32
GRU,mean,28,2023-12-26,2024-01-23,0.09457352777748064,0.048899636,0.0047492810567049465,100,128,20,32
GRU,mean,28,2023-12-27,2024-01-24,0.09519824765401066,0.051970225,0.0047492810567049465,100,128,20,32
GRU,mean,28,2023-12-28,2024-01-25,0.10093731179301353,0.059798297,0.0047492810567049465,100,128,20,32
GRU,mean,28,2023-12-29,2024-01-26,0.10093731179301353,0.06292344,0.0047492810567049465,100,128,20,32
GRU,mean,28,2023-12-30,2024-01-27,0.10497482358531632,0.06350283,0.0047492810567049465,100,128,20,32
GRU,mean,28,2023-12-31,2024-01-28,0.10497482358531632,0.06571674,0.0047492810567049465,100,128,20,32
GRU,mean,28,2024-01-01,2024-01-29,0.10857437441778534,0.06950857,0.0047492810567049465,100,128,20,32
GRU,mean,28,2024-01-02,2024-01-30,0.09982472109988688,0.06757757,0.0047492810567049465,100,128,20,32
GRU,mean,28,2024-01-03,2024-01-31,0.09768920904645417,0.08606604,0.0047492810567049465,100,128,20,32
GRU,mean,28,2024-01-04,2024-02-01,0.09927763106946927,0.10082016,0.0047492810567049465,100,128,20,32
GRU,mean,28,2024-01-18,2024-02-15,0.14403843038550887,0.050161086,0.0047492810567049465,100,128,20,32
GRU,mean,28,2024-01-19,2024-02-16,0.13728887406474222,0.05577568,0.0047492810567049465,100,128,20,32
GRU,mean,28,2024-01-20,2024-02-17,0.13326310034400296,0.0634524,0.0047492810567049465,100,128,20,32
GRU,mean,28,2024-01-21,2024-02-18,0.13661715842798744,0.07008172,0.0047492810567049465,100,128,20,32
GRU,mean,28,2024-01-22,2024-02-19,0.13661715842798744,0.077078216,0.0047492810567049465,100,128,20,32
GRU,mean,28,2024-01-23,2024-02-20,0.13650128703419917,0.08114063,0.0047492810567049465,100,128,20,32
GRU,mean,28,2024-01-24,2024-02-21,0.13644209917397826,0.08227923,0.0047492810567049465,100,128,20,32
GRU,mean,28,2024-01-25,2024-02-22,0.13585783766387388,0.088222586,0.0047492810567049465,100,128,20,32
GRU,mean,28,2024-01-26,2024-02-23,0.13823200479050599,0.09000886,0.0047492810567049465,100,128,20,32
GRU,mean,28,2024-01-27,2024-02-24,0.13823200479050599,0.091537625,0.0047492810567049465,100,128,20,32
GRU,mean,28,2024-01-28,2024-02-25,0.14987569165075187,0.08900992,0.0047492810567049465,100,128,20,32
GRU,mean,28,2024-01-29,2024-02-26,0.1501238127213669,0.0888185,0.0047492810567049465,100,128,20,32
GRU,mean,28,2024-01-30,2024-02-27,0.1406031126327308,0.07641324,0.0047492810567049465,100,128,20,32
GRU,mean,28,2024-01-31,2024-02-28,0.1374787993837205,0.06530806,0.0047492810567049465,100,128,20,32
GRU,mean,28,2024-02-01,2024-02-29,0.13371096809312163,0.06763146,0.0047492810567049465,100,128,20,32
GRU,variance,14,2023-05-15,2023-05-29,0.0005165039138387742,0.0070647025,2.5786915533701287e-05,100,128,20,32
GRU,variance,14,2023-05-16,2023-05-30,0.000396534719328378,0.0065116324,2.5786915533701287e-05,100,128,20,32
GRU,variance,14,2023-05-17,2023-05-31,0.0003612216101206669,0.0061033494,2.5786915533701287e-05,100,128,20,32
GRU,variance,14,2023-05-18,2023-06-01,0.00036779103154906064,0.0055847107,2.5786915533701287e-05,100,128,20,32
GRU,variance,14,2023-05-19,2023-06-02,0.0003706641551886727,0.005106051,2.5786915533701287e-05,100,128,20,32
GRU,variance,14,2023-05-20,2023-06-03,0.00037567529558119126,0.004257614,2.5786915533701287e-05,100,128,20,32
GRU,variance,14,2023-05-21,2023-06-04,0.00037879015378993196,0.0036060973,2.5786915533701287e-05,100,128,20,32
GRU,variance,14,2023-05-22,2023-06-05,0.00031668612824860325,0.003607485,2.5786915533701287e-05,100,128,20,32
GRU,variance,14,2023-05-23,2023-06-06,8.242633513760308e-05,0.0037193343,2.5786915533701287e-05,100,128,20,32
GRU,variance,14,2023-05-24,2023-06-07,9.624188303081485e-05,0.00398527,2.5786915533701287e-05,100,128,20,32
GRU,variance,14,2023-05-25,2023-06-08,0.00010380435104511207,0.003997511,2.5786915533701287e-05,100,128,20,32
GRU,variance,14,2023-05-26,2023-06-09,0.00010747163506636533,0.003894328,2.5786915533701287e-05,100,128,20,32
GRU,variance,14,2023-05-27,2023-06-10,0.00010446051684804562,0.0037180085,2.5786915533701287e-05,100,128,20,32
GRU,variance,14,2023-05-28,2023-06-11,0.00010479076615257291,0.0037078813,2.5786915533701287e-05,100,128,20,32
GRU,variance,14,2023-05-29,2023-06-12,0.00010474173474624883,0.003817529,2.5786915533701287e-05,100,128,20,32
GRU,variance,14,2023-05-30,2023-06-13,6.469446961682607e-05,0.003772296,2.5786915533701287e-05,100,128,20,32
GRU,variance,14,2023-05-31,2023-06-14,9.423757255570466e-05,0.0034868484,2.5786915533701287e-05,100,128,20,32
GRU,variance,14,2023-06-01,2023-06-15,0.00012100580670343002,0.0032511922,2.5786915533701287e-05,100,128,20,32
GRU,variance,14,2023-06-02,2023-06-16,0.00014281659105401434,0.0035369177,2.5786915533701287e-05,100,128,20,32
GRU,variance,14,2023-06-03,2023-06-17,0.00014074980416563975,0.0036471984,2.5786915533701287e-05,100,128,20,32
GRU,variance,14,2023-06-04,2023-06-18,0.0001406241991228432,0.0031970297,2.5786915533701287e-05,100,128,20,32
GRU,variance,14,2023-06-05,2023-06-19,0.0001386858046172259,0.0027038069,2.5786915533701287e-05,100,128,20,32
GRU,variance,14,2023-06-06,2023-06-20,0.00011760469988271101,0.001681305,2.5786915533701287e-05,100,128,20,32
GRU,variance,14,2023-06-07,2023-06-21,0.000120034800592035,0.0006929002,2.5786915533701287e-05,100,128,20,32
GRU,variance,14,2023-06-08,2023-06-22,0.00012387075776166634,4.3318687e-05,2.5786915533701287e-05,100,128,20,32
GRU,variance,14,2023-06-09,2023-06-23,0.0001257714385614887,9.392978e-05,2.5786915533701287e-05,100,128,20,32
GRU,variance,14,2023-06-10,2023-06-24,0.0001358986254905031,0.0001985549,2.5786915533701287e-05,100,128,20,32
GRU,variance,14,2023-06-11,2023-06-25,0.0001296025800320577,0.00017383341,2.5786915533701287e-05,100,128,20,32
GRU,variance,14,2023-06-12,2023-06-26,0.00010938329996854319,0.00017395646,2.5786915533701287e-05,100,128,20,32
GRU,variance,14,2023-06-13,2023-06-27,0.00012150273778285357,0.00016688656,2.5786915533701287e-05,100,128,20,32
GRU,variance,14,2023-06-14,2023-06-28,0.00011365301432943044,0.00014973777,2.5786915533701287e-05,100,128,20,32
GRU,variance,14,2023-06-15,2023-06-29,0.00010157736211233028,0.00013207465,2.5786915533701287e-05,100,128,20,32
GRU,variance,14,2023-06-16,2023-06-30,8.369138246784943e-05,0.00012409671,2.5786915533701287e-05,100,128,20,32
GRU,variance,14,2023-06-17,2023-07-01,8.281965861820725e-05,0.00012710046,2.5786915533701287e-05,100,128,20,32
GRU,variance,14,2023-06-18,2023-07-02,8.309215793671043e-05,0.00013795351,2.5786915533701287e-05,100,128,20,32
GRU,variance,14,2023-06-19,2023-07-03,7.430987919036254e-05,0.00015349088,2.5786915533701287e-05,100,128,20,32
GRU,variance,14,2023-06-20,2023-07-04,9.421657124288995e-05,0.00016191993,2.5786915533701287e-05,100,128,20,32
GRU,variance,14,2023-06-21,2023-07-05,8.768492552391355e-05,0.00016309014,2.5786915533701287e-05,100,128,20,32
GRU,variance,14,2023-06-22,2023-07-06,8.072378920634389e-05,0.00016187441,2.5786915533701287e-05,100,128,20,32
GRU,variance,14,2023-06-23,2023-07-07,8.099134228211503e-05,0.00016159385,2.5786915533701287e-05,100,128,20,32
GRU,variance,14,2023-06-24,2023-07-08,7.73546532432404e-05,0.00016497362,2.5786915533701287e-05,100,128,20,32
GRU,variance,14,2023-06-25,2023-07-09,7.991587560407396e-05,0.00017062128,2.5786915533701287e-05,100,128,20,32
GRU,variance,14,2023-06-26,2023-07-10,7.838855917153161e-05,0.00017532853,2.5786915533701287e-05,100,128,20,32
GRU,variance,14,2023-06-27,2023-07-11,4.110197372174843e-05,0.00017305354,2.5786915533701287e-05,100,128,20,32
GRU,variance,14,2023-06-28,2023-07-12,4.295705493103402e-05,0.00016567887,2.5786915533701287e-05,100,128,20,32
GRU,variance,14,2023-06-29,2023-07-13,4.381126794360352e-05,0.00015489974,2.5786915533701287e-05,100,128,20,32
GRU,variance,14,2023-06-30,2023-07-14,4.930382379909738e-05,0.00014111349,2.5786915533701287e-05,100,128,20,32
GRU,variance,14,2023-07-01,2023-07-15,5.165058902079529e-05,0.00012783958,2.5786915533701287e-05,100,128,20,32
GRU,variance,14,2023-07-02,2023-07-16,5.2713073233251855e-05,0.00011878841,2.5786915533701287e-05,100,128,20,32
GRU,variance,14,2023-07-03,2023-07-17,5.085755326524275e-05,0.00011495241,2.5786915533701287e-05,100,128,20,32
GRU,variance,14,2023-07-04,2023-07-18,2.2425920283682633e-05,0.00011713101,2.5786915533701287e-05,100,128,20,32
GRU,variance,14,2023-07-05,2023-07-19,2.2270049090947326e-05,0.000121005774,2.5786915533701287e-05,100,128,20,32
GRU,variance,14,2023-07-06,2023-07-20,2.3170543472659755e-05,0.0001213868,2.5786915533701287e-05,100,128,20,32
GRU,variance,14,2023-07-07,2023-07-21,2.310975956974895e-05,0.00011790412,2.5786915533701287e-05,100,128,20,32
GRU,variance,14,2023-07-08,2023-07-22,2.3139638278931333e-05,0.000111199995,2.5786915533701287e-05,100,128,20,32
GRU,variance,14,2023-07-09,2023-07-23,2.478480415949975e-05,0.00010447061,2.5786915533701287e-05,100,128,20,32
GRU,variance,14,2023-07-10,2023-07-24,2.8139717463203465e-05,0.00010056674,2.5786915533701287e-05,100,128,20,32
GRU,variance,14,2023-07-11,2023-07-25,7.142798415736174e-05,9.219147e-05,2.5786915533701287e-05,100,128,20,32
GRU,variance,14,2023-07-12,2023-07-26,8.235936714938586e-05,8.114517e-05,2.5786915533701287e-05,100,128,20,32
GRU,variance,14,2023-07-13,2023-07-27,9.128063129160166e-05,7.1588984e-05,2.5786915533701287e-05,100,128,20,32
GRU,variance,14,2023-07-14,2023-07-28,9.506478387373946e-05,6.7218636e-05,2.5786915533701287e-05,100,128,20,32
GRU,variance,14,2023-07-15,2023-07-29,0.00010580842722636319,6.885078e-05,2.5786915533701287e-05,100,128,20,32
GRU,variance,14,2023-07-16,2023-07-30,0.00011934129099542907,7.365978e-05,2.5786915533701287e-05,100,128,20,32
GRU,variance,14,2023-07-17,2023-07-31,0.00012883436723465765,7.617947e-05,2.5786915533701287e-05,100,128,20,32
GRU,variance,14,2023-07-18,2023-08-01,0.00018365613183454166,6.941877e-05,2.5786915533701287e-05,100,128,20,32
GRU,variance,14,2023-07-19,2023-08-02,0.000185023988470554,5.587955e-05,2.5786915533701287e-05,100,128,20,32
GRU,variance,14,2023-07-20,2023-08-03,0.00018488517508017052,4.209528e-05,2.5786915533701287e-05,100,128,20,32
GRU,variance,14,2023-07-21,2023-08-04,0.00018375088880091134,3.2889504e-05,2.5786915533701287e-05,100,128,20,32
GRU,variance,14,2023-07-22,2023-08-05,0.00018377196645002374,3.03201e-05,2.5786915533701287e-05,100,128,20,32
GRU,variance,14,2023-07-23,2023-08-06,0.00018383142567923402,3.334981e-05,2.5786915533701287e-05,100,128,20,32
GRU,variance,14,2023-07-24,2023-08-07,0.0001784317145476015,3.7993734e-05,2.5786915533701287e-05,100,128,20,32
GRU,variance,14,2023-07-25,2023-08-08,0.00012779073808994002,5.0223163e-05,2.5786915533701287e-05,100,128,20,32
GRU,variance,14,2023-07-26,2023-08-09,0.00012122449230434965,6.80687e-05,2.5786915533701287e-05,100,128,20,32
GRU,variance,14,2023-07-27,2023-08-10,0.00011394510416389328,8.609829e-05,2.5786915533701287e-05,100,128,20,32
GRU,variance,14,2023-07-28,2023-08-11,0.00010698230582982533,9.921143e-05,2.5786915533701287e-05,100,128,20,32
GRU,variance,14,2023-07-29,2023-08-12,9.323903648804923e-05,0.00010703116,2.5786915533701287e-05,100,128,20,32
GRU,variance,14,2023-07-30,2023-08-13,7.626276289023492e-05,0.000113562994,2.5786915533701287e-05,100,128,20,32
GRU,variance,14,2023-07-31,2023-08-14,8.581592535690787e-05,0.00012326853,2.5786915533701287e-05,100,128,20,32
GRU,variance,14,2023-08-01,2023-08-15,7.23481925503755e-05,0.00014580107,2.5786915533701287e-05,100,128,20,32
GRU,variance,14,2023-08-02,2023-08-16,7.23481737697382e-05,0.00017588628,2.5786915533701287e-05,100,128,20,32
GRU,variance,14,2023-08-03,2023-08-17,7.390151364585568e-05,0.00020322618,2.5786915533701287e-05,100,128,20,32
GRU,variance,14,2023-08-04,2023-08-18,7.204749658350661e-05,0.00022064564,2.5786915533701287e-05,100,128,20,32
GRU,variance,14,2023-08-05,2023-08-19,7.271064563097273e-05,0.00022716676,2.5786915533701287e-05,100,128,20,32
GRU,variance,14,2023-08-06,2023-08-20,7.824173525178751e-05,0.00022705314,2.5786915533701287e-05,100,128,20,32
GRU,variance,14,2023-08-07,2023-08-21,7.951995184335658e-05,0.00022584906,2.5786915533701287e-05,100,128,20,32
GRU,variance,14,2023-08-08,2023-08-22,0.00015163143703733931,0.00021649206,2.5786915533701287e-05,100,128,20,32
GRU,variance,14,2023-08-09,2023-08-23,0.00013322797930124714,0.00020168624,2.5786915533701287e-05,100,128,20,32
GRU,variance,14,2023-08-10,2023-08-24,0.00011996258029397116,0.00018667914,2.5786915533701287e-05,100,128,20,32
GRU,variance,14,2023-08-11,2023-08-25,0.00011156647897391821,0.00017557754,2.5786915533701287e-05,100,128,20,32
GRU,variance,14,2023-08-12,2023-08-26,0.00010897692990039453,0.00016757271,2.5786915533701287e-05,100,128,20,32
GRU,variance,14,2023-08-13,2023-08-27,0.00010901224310894494,0.00015806845,2.5786915533701287e-05,100,128,20,32
GRU,variance,14,2023-08-14,2023-08-28,0.00013649248900412337,0.00014712075,2.5786915533701287e-05,100,128,20,32
GRU,variance,14,2023-08-15,2023-08-29,0.00015483505065035216,0.00013448573,2.5786915533701287e-05,100,128,20,32
GRU,variance,14,2023-08-16,2023-08-30,0.0001543154806848623,0.00012177062,2.5786915533701287e-05,100,128,20,32
GRU,variance,14,2023-08-17,2023-08-31,0.00014779009020219906,0.000111158435,2.5786915533701287e-05,100,128,20,32
GRU,variance,14,2023-08-18,2023-09-01,0.0001426886957580896,0.000102905986,2.5786915533701287e-05,100,128,20,32
GRU,variance,14,2023-08-19,2023-09-02,0.00014694360979875044,9.7558215e-05,2.5786915533701287e-05,100,128,20,32
GRU,variance,14,2023-08-20,2023-09-03,0.00015129085803526501,9.6435506e-05,2.5786915533701287e-05,100,128,20,32
GRU,variance,14,2023-08-21,2023-09-04,0.00022935009456921467,9.6986616e-05,2.5786915533701287e-05,100,128,20,32
GRU,variance,14,2023-08-22,2023-09-05,0.000276726194928063,0.00011337184,2.5786915533701287e-05,100,128,20,32
GRU,variance,14,2023-08-23,2023-09-06,0.0002790904220727402,0.00013605163,2.5786915533701287e-05,100,128,20,32
GRU,variance,14,2023-08-24,2023-09-07,0.00027489549671895345,0.00015197515,2.5786915533701287e-05,100,128,20,32
GRU,variance,14,2023-08-25,2023-09-08,0.00028330939263897513,0.0001546725,2.5786915533701287e-05,100,128,20,32
GRU,variance,14,2023-08-26,2023-09-09,0.0002754632998991001,0.00014659572,2.5786915533701287e-05,100,128,20,32
GRU,variance,14,2023-08-27,2023-09-10,0.0002713695421940814,0.00013594209,2.5786915533701287e-05,100,128,20,32
GRU,variance,14,2023-08-28,2023-09-11,0.00021782435243145393,0.00013709239,2.5786915533701287e-05,100,128,20,32
GRU,variance,14,2023-08-29,2023-09-12,0.00022842128146465836,0.000153074,2.5786915533701287e-05,100,128,20,32
GRU,variance,14,2023-08-30,2023-09-13,0.00023710147034273002,0.00017572784,2.5786915533701287e-05,100,128,20,32
GRU,variance,14,2023-08-31,2023-09-14,0.00020004732675732388,0.00019337279,2.5786915533701287e-05,100,128,20,32
GRU,variance,14,2023-09-01,2023-09-15,0.0001753653299908146,0.00019957167,2.5786915533701287e-05,100,128,20,32
GRU,variance,14,2023-09-02,2023-09-16,0.00017490674414699905,0.00019667992,2.5786915533701287e-05,100,128,20,32
GRU,variance,14,2023-09-03,2023-09-17,0.00017227144367642561,0.00019042108,2.5786915533701287e-05,100,128,20,32
GRU,variance,14,2023-09-04,2023-09-18,0.00014747519878003396,0.00020288579,2.5786915533701287e-05,100,128,20,32
GRU,variance,14,2023-09-05,2023-09-19,0.000234623025145279,0.0002407132,2.5786915533701287e-05,100,128,20,32
GRU,variance,14,2023-09-06,2023-09-20,0.00023466342656615943,0.0002876599,2.5786915533701287e-05,100,128,20,32
GRU,variance,14,2023-09-07,2023-09-21,0.000210334678073935,0.00032354085,2.5786915533701287e-05,100,128,20,32
GRU,variance,14,2023-09-08,2023-09-22,0.0002123798596343575,0.00034132958,2.5786915533701287e-05,100,128,20,32
GRU,variance,14,2023-09-09,2023-09-23,0.0002246940607239335,0.00034300654,2.5786915533701287e-05,100,128,20,32
GRU,variance,14,2023-09-10,2023-09-24,0.0002238126591864298,0.00033829777,2.5786915533701287e-05,100,128,20,32
GRU,variance,14,2023-09-11,2023-09-25,0.00021487360892103117,0.00032381152,2.5786915533701287e-05,100,128,20,32
GRU,variance,14,2023-09-12,2023-09-26,0.000606349155093807,0.00031275788,2.5786915533701287e-05,100,128,20,32
GRU,variance,14,2023-09-13,2023-09-27,0.000642483805298411,0.00031362587,2.5786915533701287e-05,100,128,20,32
GRU,variance,14,2023-09-14,2023-09-28,0.0006899169263853446,0.0003182194,2.5786915533701287e-05,100,128,20,32
GRU,variance,14,2023-09-15,2023-09-29,0.0006526537878025389,0.00031670913,2.5786915533701287e-05,100,128,20,32
GRU,variance,14,2023-09-16,2023-09-30,0.0006300505221724912,0.0003073044,2.5786915533701287e-05,100,128,20,32
GRU,variance,14,2023-09-17,2023-10-01,0.0006394715613091471,0.0002913114,2.5786915533701287e-05,100,128,20,32
GRU,variance,14,2023-09-18,2023-10-02,0.0006394715613091471,0.00026892798,2.5786915533701287e-05,100,128,20,32
GRU,variance,14,2023-09-19,2023-10-03,0.0008929586378093965,0.00026383201,2.5786915533701287e-05,100,128,20,32
GRU,variance,14,2023-09-20,2023-10-04,0.0008899873263008679,0.00027420055,2.5786915533701287e-05,100,128,20,32
GRU,variance,14,2023-09-21,2023-10-05,0.0008365401705632375,0.00028381075,2.5786915533701287e-05,100,128,20,32
GRU,variance,14,2023-09-22,2023-10-06,0.0008033361287065262,0.00028552904,2.5786915533701287e-05,100,128,20,32
GRU,variance,14,2023-09-23,2023-10-07,0.0007754433396848715,0.0002823609,2.5786915533701287e-05,100,128,20,32
GRU,variance,14,2023-09-24,2023-10-08,0.000761486602733201,0.0002762327,2.5786915533701287e-05,100,128,20,32
GRU,variance,14,2023-09-25,2023-10-09,0.0007597507857682369,0.0002708677,2.5786915533701287e-05,100,128,20,32
GRU,variance,14,2023-09-26,2023-10-10,0.0005752876132009871,0.00035245446,2.5786915533701287e-05,100,128,20,32
GRU,variance,14,2023-09-27,2023-10-11,0.000566825591101747,0.0005002347,2.5786915533701287e-05,100,128,20,32
GRU,variance,14,2023-09-28,2023-10-12,0.0005496950161238724,0.0006506029,2.5786915533701287e-05,100,128,20,32
GRU,variance,14,2023-09-29,2023-10-13,0.0005869637842570704,0.000739998,2.5786915533701287e-05,100,128,20,32
GRU,variance,14,2023-09-30,2023-10-14,0.0006300811004854004,0.00076291297,2.5786915533701287e-05,100,128,20,32
GRU,variance,14,2023-10-01,2023-10-15,0.0006238728756948235,0.0007589248,2.5786915533701287e-05,100,128,20,32
GRU,variance,14,2023-10-02,2023-10-16,0.0005814928760014849,0.00076384965,2.5786915533701287e-05,100,128,20,32
GRU,variance,14,2023-10-03,2023-10-17,0.00048148361449023826,0.0008616712,2.5786915533701287e-05,100,128,20,32
GRU,variance,14,2023-10-04,2023-10-18,0.0004738329356074368,0.0010426957,2.5786915533701287e-05,100,128,20,32
GRU,variance,14,2023-10-05,2023-10-19,0.00047181146145995736,0.0012261241,2.5786915533701287e-05,100,128,20,32
GRU,variance,14,2023-10-06,2023-10-20,0.0004729285660339617,0.001342759,2.5786915533701287e-05,100,128,20,32
GRU,variance,14,2023-10-07,2023-10-21,0.0004374093218738855,0.0013950424,2.5786915533701287e-05,100,128,20,32
GRU,variance,14,2023-10-08,2023-10-22,0.0004154788721162042,0.0014412329,2.5786915533701287e-05,100,128,20,32
GRU,variance,14,2023-10-09,2023-10-23,0.0004568701860475763,0.0015092511,2.5786915533701287e-05,100,128,20,32
GRU,variance,14,2023-10-10,2023-10-24,0.002326625658999363,0.0015377376,2.5786915533701287e-05,100,128,20,32
GRU,variance,14,2023-10-11,2023-10-25,0.002367027251880728,0.0014847848,2.5786915533701287e-05,100,128,20,32
GRU,variance,14,2023-10-12,2023-10-26,0.002326792520895336,0.001331609,2.5786915533701287e-05,100,128,20,32
GRU,variance,14,2023-10-13,2023-10-27,0.0024082027998961475,0.001170467,2.5786915533701287e-05,100,128,20,32
GRU,variance,14,2023-10-14,2023-10-28,0.0022887113804897536,0.0010962627,2.5786915533701287e-05,100,128,20,32
GRU,variance,14,2023-10-15,2023-10-29,0.0022219537735702942,0.0010836298,2.5786915533701287e-05,100,128,20,32
GRU,variance,14,2023-10-16,2023-10-30,0.0024187942425720776,0.0010613897,2.5786915533701287e-05,100,128,20,32
GRU,variance,14,2023-10-17,2023-10-31,0.0035504041255830826,0.0009850507,2.5786915533701287e-05,100,128,20,32
GRU,variance,14,2023-10-18,2023-11-01,0.003556723854263085,0.0008695338,2.5786915533701287e-05,100,128,20,32
GRU,variance,14,2023-10-19,2023-11-02,0.0033968165992652147,0.0007317281,2.5786915533701287e-05,100,128,20,32
GRU,variance,14,2023-10-20,2023-11-03,0.003113204657069469,0.0006150738,2.5786915533701287e-05,100,128,20,32
GRU,variance,14,2023-10-21,2023-11-04,0.002950010428996133,0.000551435,2.5786915533701287e-05,100,128,20,32
GRU,variance,14,2023-10-22,2023-11-05,0.002778143245212416,0.0005405045,2.5786915533701287e-05,100,128,20,32
GRU,variance,14,2023-10-23,2023-11-06,0.0029115795715604896,0.0005640025,2.5786915533701287e-05,100,128,20,32
GRU,variance,14,2023-10-24,2023-11-07,0.004532434083815537,0.0010064875,2.5786915533701287e-05,100,128,20,32
GRU,variance,14,2023-10-25,2023-11-08,0.006866491923495651,0.0016171271,2.5786915533701287e-05,100,128,20,32
GRU,variance,14,2023-10-26,2023-11-09,0.006302354882784801,0.0018565156,2.5786915533701287e-05,100,128,20,32
GRU,variance,14,2023-10-27,2023-11-10,0.006302354882784801,0.0018250401,2.5786915533701287e-05,100,128,20,32
GRU,variance,14,2023-10-28,2023-11-11,0.006087987171795348,0.0019400744,2.5786915533701287e-05,100,128,20,32
GRU,variance,14,2023-10-29,2023-11-12,0.005764543417066962,0.0018485062,2.5786915533701287e-05,100,128,20,32
GRU,variance,14,2023-10-30,2023-11-13,0.005784915557782489,0.00169995,2.5786915533701287e-05,100,128,20,32
GRU,variance,14,2023-10-31,2023-11-14,0.006466968942572113,0.0019279561,2.5786915533701287e-05,100,128,20,32
GRU,variance,14,2023-11-01,2023-11-15,0.006544576718325881,0.002279492,2.5786915533701287e-05,100,128,20,32
GRU,variance,14,2023-11-02,2023-11-16,0.0061325646012167995,0.0029664652,2.5786915533701287e-05,100,128,20,32
GRU,variance,14,2023-11-03,2023-11-17,0.005651271282794902,0.0038132132,2.5786915533701287e-05,100,128,20,32
GRU,variance,14,2023-11-04,2023-11-18,0.005144009578300682,0.0042062285,2.5786915533701287e-05,100,128,20,32
GRU,variance,14,2023-11-05,2023-11-19,0.0049435952911992724,0.0038736314,2.5786915533701287e-05,100,128,20,32
GRU,variance,14,2023-11-06,2023-11-20,0.005326693471476779,0.0032469374,2.5786915533701287e-05,100,128,20,32
GRU,variance,14,2023-11-07,2023-11-21,0.007045119651666161,0.0035107664,2.5786915533701287e-05,100,128,20,32
GRU,variance,14,2023-11-08,2023-11-22,0.006638944352843266,0.005723769,2.5786915533701287e-05,100,128,20,32
GRU,variance,14,2023-11-09,2023-11-23,0.006449573455375175,0.009936097,2.5786915533701287e-05,100,128,20,32
GRU,variance,14,2023-11-10,2023-11-24,0.006103979208405871,0.012479112,2.5786915533701287e-05,100,128,20,32
GRU,variance,14,2023-11-11,2023-11-25,0.005335581060778976,0.013175576,2.5786915533701287e-05,100,128,20,32
GRU,variance,14,2023-11-12,2023-11-26,0.004833963564434694,0.012794118,2.5786915533701287e-05,100,128,20,32
GRU,variance,14,2023-11-13,2023-11-27,0.0044179930773674166,0.013023922,2.5786915533701287e-05,100,128,20,32
GRU,variance,14,2023-11-14,2023-11-28,0.007121497827241561,0.012993699,2.5786915533701287e-05,100,128,20,32
GRU,variance,14,2023-11-15,2023-11-29,0.00743543893761968,0.012486601,2.5786915533701287e-05,100,128,20,32
GRU,variance,14,2023-11-16,2023-11-30,0.007051408807597839,0.011368751,2.5786915533701287e-05,100,128,20,32
GRU,variance,14,2023-11-17,2023-12-01,0.006819459958299832,0.009728295,2.5786915533701287e-05,100,128,20,32
GRU,variance,14,2023-11-18,2023-12-02,0.006682875365397521,0.0076145725,2.5786915533701287e-05,100,128,20,32
GRU,variance,14,2023-11-19,2023-12-03,0.006461061053259893,0.005745074,2.5786915533701287e-05,100,128,20,32
GRU,variance,14,2023-11-20,2023-12-04,0.0064424057833106195,0.0049142153,2.5786915533701287e-05,100,128,20,32
GRU,variance,14,2023-11-21,2023-12-05,0.01386162050984279,0.0053231106,2.5786915533701287e-05,100,128,20,32
GRU,variance,14,2023-11-22,2023-12-06,0.014733314538373307,0.005722199,2.5786915533701287e-05,100,128,20,32
GRU,variance,14,2023-11-23,2023-12-07,0.01464720912899006,0.0053910282,2.5786915533701287e-05,100,128,20,32
GRU,variance,14,2023-11-24,2023-12-08,0.014807630902304534,0.005100741,2.5786915533701287e-05,100,128,20,32
GRU,variance,14,2023-11-25,2023-12-09,0.014615998835686242,0.0034504314,2.5786915533701287e-05,100,128,20,32
GRU,variance,14,2023-11-26,2023-12-10,0.014761220987831213,0.0020274203,2.5786915533701287e-05,100,128,20,32
GRU,variance,14,2023-11-27,2023-12-11,0.01461860026247642,0.0015970321,2.5786915533701287e-05,100,128,20,32
GRU,variance,14,2023-11-28,2023-12-12,0.014941647455265002,0.002226818,2.5786915533701287e-05,100,128,20,32
GRU,variance,14,2023-11-29,2023-12-13,0.016095311675156095,0.0027587607,2.5786915533701287e-05,100,128,20,32
GRU,variance,14,2023-11-30,2023-12-14,0.016517498158083437,0.0033265941,2.5786915533701287e-05,100,128,20,32
GRU,variance,14,2023-12-01,2023-12-15,0.01678542149933898,0.0035909906,2.5786915533701287e-05,100,128,20,32
GRU,variance,14,2023-12-02,2023-12-16,0.017495506507940402,0.0032313417,2.5786915533701287e-05,100,128,20,32
GRU,variance,14,2023-12-03,2023-12-17,0.018359489248674435,0.0028273368,2.5786915533701287e-05,100,128,20,32
GRU,variance,14,2023-12-04,2023-12-18,0.020156902205652395,0.0028506073,2.5786915533701287e-05,100,128,20,32
GRU,variance,14,2023-12-05,2023-12-19,0.008963707714350658,0.005176966,2.5786915533701287e-05,100,128,20,32
GRU,variance,14,2023-12-06,2023-12-20,0.00711689341658573,0.0097521795,2.5786915533701287e-05,100,128,20,32
GRU,variance,14,2023-12-07,2023-12-21,0.007517494053368169,0.014274777,2.5786915533701287e-05,100,128,20,32
GRU,variance,14,2023-12-08,2023-12-22,0.008392024072682604,0.01543498,2.5786915533701287e-05,100,128,20,32
GRU,variance,14,2023-12-09,2023-12-23,0.008953787347405474,0.015658272,2.5786915533701287e-05,100,128,20,32
GRU,variance,14,2023-12-10,2023-12-24,0.009105152415718302,0.015890053,2.5786915533701287e-05,100,128,20,32
GRU,variance,14,2023-12-11,2023-12-25,0.008282130307594261,0.016189054,2.5786915533701287e-05,100,128,20,32
GRU,variance,14,2023-12-12,2023-12-26,0.0020113465048703532,0.01649915,2.5786915533701287e-05,100,128,20,32
GRU,variance,14,2023-12-13,2023-12-27,0.0018410522415078312,0.016974315,2.5786915533701287e-05,100,128,20,32
GRU,variance,14,2023-12-14,2023-12-28,0.002019814239796979,0.017296793,2.5786915533701287e-05,100,128,20,32
GRU,variance,14,2023-12-15,2023-12-29,0.0024299302550433214,0.017325107,2.5786915533701287e-05,100,128,20,32
GRU,variance,14,2023-12-16,2023-12-30,0.0023222944838322923,0.017238462,2.5786915533701287e-05,100,128,20,32
GRU,variance,14,2023-12-17,2023-12-31,0.0025479636978601007,0.01727859,2.5786915533701287e-05,100,128,20,32
GRU,variance,14,2023-12-18,2024-01-01,0.0025479636978601007,0.017453624,2.5786915533701287e-05,100,128,20,32
GRU,variance,14,2023-12-19,2024-01-02,0.0022849540751350315,0.015904333,2.5786915533701287e-05,100,128,20,32
GRU,variance,14,2023-12-20,2024-01-03,0.007776752602378338,0.014212521,2.5786915533701287e-05,100,128,20,32
GRU,variance,14,2023-12-21,2024-01-04,0.008513044684147125,0.012194679,2.5786915533701287e-05,100,128,20,32
GRU,variance,14,2023-12-22,2024-01-05,0.00875527598737923,0.0094075445,2.5786915533701287e-05,100,128,20,32
GRU,variance,14,2023-12-23,2024-01-06,0.008300855185933704,0.0070267557,2.5786915533701287e-05,100,128,20,32
GRU,variance,14,2023-12-24,2024-01-07,0.009098881736502673,0.0047574453,2.5786915533701287e-05,100,128,20,32
GRU,variance,14,2023-12-25,2024-01-08,0.010302676209616257,0.0038045482,2.5786915533701287e-05,100,128,20,32
GRU,variance,14,2023-12-26,2024-01-09,0.009254107790123032,0.001929886,2.5786915533701287e-05,100,128,20,32
GRU,variance,14,2023-12-27,2024-01-10,0.00943105717515276,0.0016502107,2.5786915533701287e-05,100,128,20,32
GRU,variance,14,2023-12-28,2024-01-11,0.009107329898329148,0.0017416154,2.5786915533701287e-05,100,128,20,32
GRU,variance,14,2023-12-29,2024-01-12,0.01006383238041389,0.0017672356,2.5786915533701287e-05,100,128,20,32
GRU,variance,14,2023-12-30,2024-01-13,0.011078545227567719,0.00160967,2.5786915533701287e-05,100,128,20,32
GRU,variance,14,2023-12-31,2024-01-14,0.011078545227567719,0.0015461608,2.5786915533701287e-05,100,128,20,32
GRU,variance,14,2024-01-01,2024-01-15,0.009876347764990764,0.0014980192,2.5786915533701287e-05,100,128,20,32
GRU,variance,14,2024-01-02,2024-01-16,0.009173524501162886,0.0014017066,2.5786915533701287e-05,100,128,20,32
GRU,variance,14,2024-01-03,2024-01-17,0.002291764212101642,0.0025783132,2.5786915533701287e-05,100,128,20,32
GRU,variance,14,2024-01-04,2024-01-18,0.002070680574081249,0.0030011337,2.5786915533701287e-05,100,128,20,32
GRU,variance,14,2024-01-05,2024-01-19,0.001904382876444147,0.0032904444,2.5786915533701287e-05,100,128,20,32
GRU,variance,14,2024-01-06,2024-01-20,0.0017373894656719459,0.0033613956,2.5786915533701287e-05,100,128,20,32
GRU,variance,14,2024-01-07,2024-01-21,0.001896301953828873,0.0044435314,2.5786915533701287e-05,100,128,20,32
GRU,variance,14,2024-01-08,2024-01-22,0.001813649031606752,0.0052918247,2.5786915533701287e-05,100,128,20,32
GRU,variance,14,2024-01-09,2024-01-23,0.0018962311819938303,0.0050867274,2.5786915533701287e-05,100,128,20,32
GRU,variance,14,2024-01-10,2024-01-24,0.0018914832491605984,0.005202714,2.5786915533701287e-05,100,128,20,32
GRU,variance,14,2024-01-11,2024-01-25,0.001699086466725697,0.0062107686,2.5786915533701287e-05,100,128,20,32
GRU,variance,14,2024-01-12,2024-01-26,0.001699086466725697,0.009700701,2.5786915533701287e-05,100,128,20,32
GRU,variance,14,2024-01-13,2024-01-27,0.0012348420939963895,0.014536678,2.5786915533701287e-05,100,128,20,32
GRU,variance,14,2024-01-14,2024-01-28,0.0012348420939963895,0.016322076,2.5786915533701287e-05,100,128,20,32
GRU,variance,14,2024-01-15,2024-01-29,0.0012434337360462456,0.016034689,2.5786915533701287e-05,100,128,20,32
GRU,variance,14,2024-01-16,2024-01-30,0.0006950486595035895,0.015594239,2.5786915533701287e-05,100,128,20,32
GRU,variance,14,2024-01-17,2024-01-31,0.0004783364715494947,0.013203891,2.5786915533701287e-05,100,128,20,32
GRU,variance,14,2024-01-18,2024-02-01,0.0005207185266750876,0.009093468,2.5786915533701287e-05,100,128,20,32
GRU,variance,14,2024-02-01,2024-02-15,0.00323943232439572,0.00066012767,2.5786915533701287e-05,100,128,20,32
GRU,variance,28,2023-05-01,2023-05-29,0.0005165039138387742,0.0021066938,2.9297702707788345e-05,100,128,20,32
GRU,variance,28,2023-05-02,2023-05-30,0.000396534719328378,0.0018028619,2.9297702707788345e-05,100,128,20,32
GRU,variance,28,2023-05-03,2023-05-31,0.0003612216101206669,0.0018237118,2.9297702707788345e-05,100,128,20,32
GRU,variance,28,2023-05-04,2023-06-01,0.00036779103154906064,0.0024084046,2.9297702707788345e-05,100,128,20,32
GRU,variance,28,2023-05-05,2023-06-02,0.0003706641551886727,0.003678103,2.9297702707788345e-05,100,128,20,32
GRU,variance,28,2023-05-06,2023-06-03,0.00037567529558119126,0.0051296996,2.9297702707788345e-05,100,128,20,32
GRU,variance,28,2023-05-07,2023-06-04,0.00037879015378993196,0.0057897368,2.9297702707788345e-05,100,128,20,32
GRU,variance,28,2023-05-08,2023-06-05,0.00031668612824860325,0.006049997,2.9297702707788345e-05,100,128,20,32
GRU,variance,28,2023-05-09,2023-06-06,8.242633513760308e-05,0.006232816,2.9297702707788345e-05,100,128,20,32
GRU,variance,28,2023-05-10,2023-06-07,9.624188303081485e-05,0.0065653697,2.9297702707788345e-05,100,128,20,32
GRU,variance,28,2023-05-11,2023-06-08,0.00010380435104511207,0.0072432915,2.9297702707788345e-05,100,128,20,32
GRU,variance,28,2023-05-12,2023-06-09,0.00010747163506636533,0.008593275,2.9297702707788345e-05,100,128,20,32
GRU,variance,28,2023-05-13,2023-06-10,0.00010446051684804562,0.009630817,2.9297702707788345e-05,100,128,20,32
GRU,variance,28,2023-05-14,2023-06-11,0.00010479076615257291,0.009948468,2.9297702707788345e-05,100,128,20,32
GRU,variance,28,2023-05-15,2023-06-12,0.00010474173474624883,0.011143358,2.9297702707788345e-05,100,128,20,32
GRU,variance,28,2023-05-16,2023-06-13,6.469446961682607e-05,0.011365167,2.9297702707788345e-05,100,128,20,32
GRU,variance,28,2023-05-17,2023-06-14,9.423757255570466e-05,0.011069441,2.9297702707788345e-05,100,128,20,32
GRU,variance,28,2023-05-18,2023-06-15,0.00012100580670343002,0.0093632415,2.9297702707788345e-05,100,128,20,32
GRU,variance,28,2023-05-19,2023-06-16,0.00014281659105401434,0.007840046,2.9297702707788345e-05,100,128,20,32
GRU,variance,28,2023-05-20,2023-06-17,0.00014074980416563975,0.006580736,2.9297702707788345e-05,100,128,20,32
GRU,variance,28,2023-05-21,2023-06-18,0.0001406241991228432,0.005666942,2.9297702707788345e-05,100,128,20,32
GRU,variance,28,2023-05-22,2023-06-19,0.0001386858046172259,0.0051777507,2.9297702707788345e-05,100,128,20,32
GRU,variance,28,2023-05-23,2023-06-20,0.00011760469988271101,0.00420393,2.9297702707788345e-05,100,128,20,32
GRU,variance,28,2023-05-24,2023-06-21,0.000120034800592035,0.003498533,2.9297702707788345e-05,100,128,20,32
GRU,variance,28,2023-05-25,2023-06-22,0.00012387075776166634,0.0031625882,2.9297702707788345e-05,100,128,20,32
GRU,variance,28,2023-05-26,2023-06-23,0.0001257714385614887,0.0031069478,2.9297702707788345e-05,100,128,20,32
GRU,variance,28,2023-05-27,2023-06-24,0.0001358986254905031,0.0031723937,2.9297702707788345e-05,100,128,20,32
GRU,variance,28,2023-05-28,2023-06-25,0.0001296025800320577,0.0032176604,2.9297702707788345e-05,100,128,20,32
GRU,variance,28,2023-05-29,2023-06-26,0.00010938329996854319,0.0031592455,2.9297702707788345e-05,100,128,20,32
GRU,variance,28,2023-05-30,2023-06-27,0.00012150273778285357,0.0029727556,2.9297702707788345e-05,100,128,20,32
GRU,variance,28,2023-05-31,2023-06-28,0.00011365301432943044,0.0027876522,2.9297702707788345e-05,100,128,20,32
GRU,variance,28,2023-06-01,2023-06-29,0.00010157736211233028,0.002750847,2.9297702707788345e-05,100,128,20,32
GRU,variance,28,2023-06-02,2023-06-30,8.369138246784943e-05,0.0029269606,2.9297702707788345e-05,100,128,20,32
GRU,variance,28,2023-06-03,2023-07-01,8.281965861820725e-05,0.0029064082,2.9297702707788345e-05,100,128,20,32
GRU,variance,28,2023-06-04,2023-07-02,8.309215793671043e-05,0.0021967904,2.9297702707788345e-05,100,128,20,32
GRU,variance,28,2023-06-05,2023-07-03,7.430987919036254e-05,0.0015979689,2.9297702707788345e-05,100,128,20,32
GRU,variance,28,2023-06-06,2023-07-04,9.421657124288995e-05,0.0008985473,2.9297702707788345e-05,100,128,20,32
GRU,variance,28,2023-06-07,2023-07-05,8.768492552391355e-05,0.00068500947,2.9297702707788345e-05,100,128,20,32
GRU,variance,28,2023-06-08,2023-07-06,8.072378920634389e-05,0.0005404017,2.9297702707788345e-05,100,128,20,32
GRU,variance,28,2023-06-09,2023-07-07,8.099134228211503e-05,0.0004899762,2.9297702707788345e-05,100,128,20,32
GRU,variance,28,2023-06-10,2023-07-08,7.73546532432404e-05,0.0004832944,2.9297702707788345e-05,100,128,20,32
GRU,variance,28,2023-06-11,2023-07-09,7.991587560407396e-05,0.0004984026,2.9297702707788345e-05,100,128,20,32
GRU,variance,28,2023-06-12,2023-07-10,7.838855917153161e-05,0.0005284801,2.9297702707788345e-05,100,128,20,32
GRU,variance,28,2023-06-13,2023-07-11,4.110197372174843e-05,0.00053217815,2.9297702707788345e-05,100,128,20,32
GRU,variance,28,2023-06-14,2023-07-12,4.295705493103402e-05,0.0005362386,2.9297702707788345e-05,100,128,20,32
GRU,variance,28,2023-06-15,2023-07-13,4.381126794360352e-05,0.0005519207,2.9297702707788345e-05,100,128,20,32
GRU,variance,28,2023-06-16,2023-07-14,4.930382379909738e-05,0.0005778367,2.9297702707788345e-05,100,128,20,32
GRU,variance,28,2023-06-17,2023-07-15,5.165058902079529e-05,0.0005992805,2.9297702707788345e-05,100,128,20,32
GRU,variance,28,2023-06-18,2023-07-16,5.2713073233251855e-05,0.00061145826,2.9297702707788345e-05,100,128,20,32
GRU,variance,28,2023-06-19,2023-07-17,5.085755326524275e-05,0.00061438564,2.9297702707788345e-05,100,128,20,32
GRU,variance,28,2023-06-20,2023-07-18,2.2425920283682633e-05,0.0006021015,2.9297702707788345e-05,100,128,20,32
GRU,variance,28,2023-06-21,2023-07-19,2.2270049090947326e-05,0.00058738486,2.9297702707788345e-05,100,128,20,32
GRU,variance,28,2023-06-22,2023-07-20,2.3170543472659755e-05,0.0005778119,2.9297702707788345e-05,100,128,20,32
GRU,variance,28,2023-06-23,2023-07-21,2.310975956974895e-05,0.00057455205,2.9297702707788345e-05,100,128,20,32
GRU,variance,28,2023-06-24,2023-07-22,2.3139638278931333e-05,0.00057980797,2.9297702707788345e-05,100,128,20,32
GRU,variance,28,2023-06-25,2023-07-23,2.478480415949975e-05,0.00058433105,2.9297702707788345e-05,100,128,20,32
GRU,variance,28,2023-06-26,2023-07-24,2.8139717463203465e-05,0.0005781247,2.9297702707788345e-05,100,128,20,32
GRU,variance,28,2023-06-27,2023-07-25,7.142798415736174e-05,0.0005743554,2.9297702707788345e-05,100,128,20,32
GRU,variance,28,2023-06-28,2023-07-26,8.235936714938586e-05,0.0005695377,2.9297702707788345e-05,100,128,20,32
GRU,variance,28,2023-06-29,2023-07-27,9.128063129160166e-05,0.000560473,2.9297702707788345e-05,100,128,20,32
GRU,variance,28,2023-06-30,2023-07-28,9.506478387373946e-05,0.00054470677,2.9297702707788345e-05,100,128,20,32
GRU,variance,28,2023-07-01,2023-07-29,0.00010580842722636319,0.00053100387,2.9297702707788345e-05,100,128,20,32
GRU,variance,28,2023-07-02,2023-07-30,0.00011934129099542907,0.0005233691,2.9297702707788345e-05,100,128,20,32
GRU,variance,28,2023-07-03,2023-07-31,0.00012883436723465765,0.0005178225,2.9297702707788345e-05,100,128,20,32
GRU,variance,28,2023-07-04,2023-08-01,0.00018365613183454166,0.00052432175,2.9297702707788345e-05,100,128,20,32
GRU,variance,28,2023-07-05,2023-08-02,0.000185023988470554,0.0005317403,2.9297702707788345e-05,100,128,20,32
GRU,variance,28,2023-07-06,2023-08-03,0.00018488517508017052,0.00053407386,2.9297702707788345e-05,100,128,20,32
GRU,variance,28,2023-07-07,2023-08-04,0.00018375088880091134,0.00053359306,2.9297702707788345e-05,100,128,20,32
GRU,variance,28,2023-07-08,2023-08-05,0.00018377196645002374,0.0005305586,2.9297702707788345e-05,100,128,20,32
GRU,variance,28,2023-07-09,2023-08-06,0.00018383142567923402,0.0005285907,2.9297702707788345e-05,100,128,20,32
GRU,variance,28,2023-07-10,2023-08-07,0.0001784317145476015,0.000527261,2.9297702707788345e-05,100,128,20,32
GRU,variance,28,2023-07-11,2023-08-08,0.00012779073808994002,0.00051031675,2.9297702707788345e-05,100,128,20,32
GRU,variance,28,2023-07-12,2023-08-09,0.00012122449230434965,0.0004928001,2.9297702707788345e-05,100,128,20,32
GRU,variance,28,2023-07-13,2023-08-10,0.00011394510416389328,0.00048183478,2.9297702707788345e-05,100,128,20,32
GRU,variance,28,2023-07-14,2023-08-11,0.00010698230582982533,0.00048050078,2.9297702707788345e-05,100,128,20,32
GRU,variance,28,2023-07-15,2023-08-12,9.323903648804923e-05,0.00048560803,2.9297702707788345e-05,100,128,20,32
GRU,variance,28,2023-07-16,2023-08-13,7.626276289023492e-05,0.0004927455,2.9297702707788345e-05,100,128,20,32
GRU,variance,28,2023-07-17,2023-08-14,8.581592535690787e-05,0.0004976497,2.9297702707788345e-05,100,128,20,32
GRU,variance,28,2023-07-18,2023-08-15,7.23481925503755e-05,0.00048754786,2.9297702707788345e-05,100,128,20,32
GRU,variance,28,2023-07-19,2023-08-16,7.23481737697382e-05,0.00047396848,2.9297702707788345e-05,100,128,20,32
GRU,variance,28,2023-07-20,2023-08-17,7.390151364585568e-05,0.00046421823,2.9297702707788345e-05,100,128,20,32
GRU,variance,28,2023-07-21,2023-08-18,7.204749658350661e-05,0.00045990027,2.9297702707788345e-05,100,128,20,32
GRU,variance,28,2023-07-22,2023-08-19,7.271064563097273e-05,0.00045999003,2.9297702707788345e-05,100,128,20,32
GRU,variance,28,2023-07-23,2023-08-20,7.824173525178751e-05,0.00046318865,2.9297702707788345e-05,100,128,20,32
GRU,variance,28,2023-07-24,2023-08-21,7.951995184335658e-05,0.0004683405,2.9297702707788345e-05,100,128,20,32
GRU,variance,28,2023-07-25,2023-08-22,0.00015163143703733931,0.00049158273,2.9297702707788345e-05,100,128,20,32
GRU,variance,28,2023-07-26,2023-08-23,0.00013322797930124714,0.00052019226,2.9297702707788345e-05,100,128,20,32
GRU,variance,28,2023-07-27,2023-08-24,0.00011996258029397116,0.0005449043,2.9297702707788345e-05,100,128,20,32
GRU,variance,28,2023-07-28,2023-08-25,0.00011156647897391821,0.00056062586,2.9297702707788345e-05,100,128,20,32
GRU,variance,28,2023-07-29,2023-08-26,0.00010897692990039453,0.0005711419,2.9297702707788345e-05,100,128,20,32
GRU,variance,28,2023-07-30,2023-08-27,0.00010901224310894494,0.00058118923,2.9297702707788345e-05,100,128,20,32
GRU,variance,28,2023-07-31,2023-08-28,0.00013649248900412337,0.00059124554,2.9297702707788345e-05,100,128,20,32
GRU,variance,28,2023-08-01,2023-08-29,0.00015483505065035216,0.0006216693,2.9297702707788345e-05,100,128,20,32
GRU,variance,28,2023-08-02,2023-08-30,0.0001543154806848623,0.00065125333,2.9297702707788345e-05,100,128,20,32
GRU,variance,28,2023-08-03,2023-08-31,0.00014779009020219906,0.00066955254,2.9297702707788345e-05,100,128,20,32
GRU,variance,28,2023-08-04,2023-09-01,0.0001426886957580896,0.000675449,2.9297702707788345e-05,100,128,20,32
GRU,variance,28,2023-08-05,2023-09-02,0.00014694360979875044,0.00067300635,2.9297702707788345e-05,100,128,20,32
GRU,variance,28,2023-08-06,2023-09-03,0.00015129085803526501,0.0006666204,2.9297702707788345e-05,100,128,20,32
GRU,variance,28,2023-08-07,2023-09-04,0.00022935009456921467,0.0006570677,2.9297702707788345e-05,100,128,20,32
GRU,variance,28,2023-08-08,2023-09-05,0.000276726194928063,0.0006254607,2.9297702707788345e-05,100,128,20,32
GRU,variance,28,2023-08-09,2023-09-06,0.0002790904220727402,0.0005908333,2.9297702707788345e-05,100,128,20,32
GRU,variance,28,2023-08-10,2023-09-07,0.00027489549671895345,0.00056303415,2.9297702707788345e-05,100,128,20,32
GRU,variance,28,2023-08-11,2023-09-08,0.00028330939263897513,0.00054502796,2.9297702707788345e-05,100,128,20,32
GRU,variance,28,2023-08-12,2023-09-09,0.0002754632998991001,0.0005323182,2.9297702707788345e-05,100,128,20,32
GRU,variance,28,2023-08-13,2023-09-10,0.0002713695421940814,0.0005196394,2.9297702707788345e-05,100,128,20,32
GRU,variance,28,2023-08-14,2023-09-11,0.00021782435243145393,0.0005161509,2.9297702707788345e-05,100,128,20,32
GRU,variance,28,2023-08-15,2023-09-12,0.00022842128146465836,0.000513039,2.9297702707788345e-05,100,128,20,32
GRU,variance,28,2023-08-16,2023-09-13,0.00023710147034273002,0.0005118469,2.9297702707788345e-05,100,128,20,32
GRU,variance,28,2023-08-17,2023-09-14,0.00020004732675732388,0.00051334576,2.9297702707788345e-05,100,128,20,32
GRU,variance,28,2023-08-18,2023-09-15,0.0001753653299908146,0.0005152764,2.9297702707788345e-05,100,128,20,32
GRU,variance,28,2023-08-19,2023-09-16,0.00017490674414699905,0.00051746686,2.9297702707788345e-05,100,128,20,32
GRU,variance,28,2023-08-20,2023-09-17,0.00017227144367642561,0.00052193407,2.9297702707788345e-05,100,128,20,32
GRU,variance,28,2023-08-21,2023-09-18,0.00014747519878003396,0.0005267056,2.9297702707788345e-05,100,128,20,32
GRU,variance,28,2023-08-22,2023-09-19,0.000234623025145279,0.00056197244,2.9297702707788345e-05,100,128,20,32
GRU,variance,28,2023-08-23,2023-09-20,0.00023466342656615943,0.00059143343,2.9297702707788345e-05,100,128,20,32
GRU,variance,28,2023-08-24,2023-09-21,0.000210334678073935,0.0006016313,2.9297702707788345e-05,100,128,20,32
GRU,variance,28,2023-08-25,2023-09-22,0.0002123798596343575,0.00059556466,2.9297702707788345e-05,100,128,20,32
GRU,variance,28,2023-08-26,2023-09-23,0.0002246940607239335,0.0005825158,2.9297702707788345e-05,100,128,20,32
GRU,variance,28,2023-08-27,2023-09-24,0.0002238126591864298,0.00057005667,2.9297702707788345e-05,100,128,20,32
GRU,variance,28,2023-08-28,2023-09-25,0.00021487360892103117,0.00057396834,2.9297702707788345e-05,100,128,20,32
GRU,variance,28,2023-08-29,2023-09-26,0.000606349155093807,0.00059222156,2.9297702707788345e-05,100,128,20,32
GRU,variance,28,2023-08-30,2023-09-27,0.000642483805298411,0.00061049993,2.9297702707788345e-05,100,128,20,32
GRU,variance,28,2023-08-31,2023-09-28,0.0006899169263853446,0.0006193718,2.9297702707788345e-05,100,128,20,32
GRU,variance,28,2023-09-01,2023-09-29,0.0006526537878025389,0.0006184327,2.9297702707788345e-05,100,128,20,32
GRU,variance,28,2023-09-02,2023-09-30,0.0006300505221724912,0.0006149775,2.9297702707788345e-05,100,128,20,32
GRU,variance,28,2023-09-03,2023-10-01,0.0006394715613091471,0.00061305164,2.9297702707788345e-05,100,128,20,32
GRU,variance,28,2023-09-04,2023-10-02,0.0006394715613091471,0.00064730545,2.9297702707788345e-05,100,128,20,32
GRU,variance,28,2023-09-05,2023-10-03,0.0008929586378093965,0.00070830254,2.9297702707788345e-05,100,128,20,32
GRU,variance,28,2023-09-06,2023-10-04,0.0008899873263008679,0.00076213555,2.9297702707788345e-05,100,128,20,32
GRU,variance,28,2023-09-07,2023-10-05,0.0008365401705632375,0.00079286436,2.9297702707788345e-05,100,128,20,32
GRU,variance,28,2023-09-08,2023-10-06,0.0008033361287065262,0.00080735376,2.9297702707788345e-05,100,128,20,32
GRU,variance,28,2023-09-09,2023-10-07,0.0007754433396848715,0.00080569077,2.9297702707788345e-05,100,128,20,32
GRU,variance,28,2023-09-10,2023-10-08,0.000761486602733201,0.0007935605,2.9297702707788345e-05,100,128,20,32
GRU,variance,28,2023-09-11,2023-10-09,0.0007597507857682369,0.0007535172,2.9297702707788345e-05,100,128,20,32
GRU,variance,28,2023-09-12,2023-10-10,0.0005752876132009871,0.00071686733,2.9297702707788345e-05,100,128,20,32
GRU,variance,28,2023-09-13,2023-10-11,0.000566825591101747,0.0006965106,2.9297702707788345e-05,100,128,20,32
GRU,variance,28,2023-09-14,2023-10-12,0.0005496950161238724,0.00067331846,2.9297702707788345e-05,100,128,20,32
GRU,variance,28,2023-09-15,2023-10-13,0.0005869637842570704,0.0006458087,2.9297702707788345e-05,100,128,20,32
GRU,variance,28,2023-09-16,2023-10-14,0.0006300811004854004,0.0006257359,2.9297702707788345e-05,100,128,20,32
GRU,variance,28,2023-09-17,2023-10-15,0.0006238728756948235,0.0006150293,2.9297702707788345e-05,100,128,20,32
GRU,variance,28,2023-09-18,2023-10-16,0.0005814928760014849,0.00060172233,2.9297702707788345e-05,100,128,20,32
GRU,variance,28,2023-09-19,2023-10-17,0.00048148361449023826,0.00063193025,2.9297702707788345e-05,100,128,20,32
GRU,variance,28,2023-09-20,2023-10-18,0.0004738329356074368,0.0006732508,2.9297702707788345e-05,100,128,20,32
GRU,variance,28,2023-09-21,2023-10-19,0.00047181146145995736,0.00069521746,2.9297702707788345e-05,100,128,20,32
GRU,variance,28,2023-09-22,2023-10-20,0.0004729285660339617,0.0007025431,2.9297702707788345e-05,100,128,20,32
GRU,variance,28,2023-09-23,2023-10-21,0.0004374093218738855,0.0007068825,2.9297702707788345e-05,100,128,20,32
GRU,variance,28,2023-09-24,2023-10-22,0.0004154788721162042,0.0007077107,2.9297702707788345e-05,100,128,20,32
GRU,variance,28,2023-09-25,2023-10-23,0.0004568701860475763,0.00070192124,2.9297702707788345e-05,100,128,20,32
GRU,variance,28,2023-09-26,2023-10-24,0.002326625658999363,0.0008759837,2.9297702707788345e-05,100,128,20,32
GRU,variance,28,2023-09-27,2023-10-25,0.002367027251880728,0.0010957274,2.9297702707788345e-05,100,128,20,32
GRU,variance,28,2023-09-28,2023-10-26,0.002326792520895336,0.0012901741,2.9297702707788345e-05,100,128,20,32
GRU,variance,28,2023-09-29,2023-10-27,0.0024082027998961475,0.0014048042,2.9297702707788345e-05,100,128,20,32
GRU,variance,28,2023-09-30,2023-10-28,0.0022887113804897536,0.0014613041,2.9297702707788345e-05,100,128,20,32
GRU,variance,28,2023-10-01,2023-10-29,0.0022219537735702942,0.0014957528,2.9297702707788345e-05,100,128,20,32
GRU,variance,28,2023-10-02,2023-10-30,0.0024187942425720776,0.0014997637,2.9297702707788345e-05,100,128,20,32
GRU,variance,28,2023-10-03,2023-10-31,0.0035504041255830826,0.0015964623,2.9297702707788345e-05,100,128,20,32
GRU,variance,28,2023-10-04,2023-11-01,0.003556723854263085,0.0016821484,2.9297702707788345e-05,100,128,20,32
GRU,variance,28,2023-10-05,2023-11-02,0.0033968165992652147,0.0017142708,2.9297702707788345e-05,100,128,20,32
GRU,variance,28,2023-10-06,2023-11-03,0.003113204657069469,0.0017024996,2.9297702707788345e-05,100,128,20,32
GRU,variance,28,2023-10-07,2023-11-04,0.002950010428996133,0.0016646286,2.9297702707788345e-05,100,128,20,32
GRU,variance,28,2023-10-08,2023-11-05,0.002778143245212416,0.0016163852,2.9297702707788345e-05,100,128,20,32
GRU,variance,28,2023-10-09,2023-11-06,0.0029115795715604896,0.0015609668,2.9297702707788345e-05,100,128,20,32
GRU,variance,28,2023-10-10,2023-11-07,0.004532434083815537,0.0013982416,2.9297702707788345e-05,100,128,20,32
GRU,variance,28,2023-10-11,2023-11-08,0.006866491923495651,0.0012131186,2.9297702707788345e-05,100,128,20,32
GRU,variance,28,2023-10-12,2023-11-09,0.006302354882784801,0.0010472209,2.9297702707788345e-05,100,128,20,32
GRU,variance,28,2023-10-13,2023-11-10,0.006302354882784801,0.0009648066,2.9297702707788345e-05,100,128,20,32
GRU,variance,28,2023-10-14,2023-11-11,0.006087987171795348,0.0009841016,2.9297702707788345e-05,100,128,20,32
GRU,variance,28,2023-10-15,2023-11-12,0.005764543417066962,0.0010511109,2.9297702707788345e-05,100,128,20,32
GRU,variance,28,2023-10-16,2023-11-13,0.005784915557782489,0.0010970264,2.9297702707788345e-05,100,128,20,32
GRU,variance,28,2023-10-17,2023-11-14,0.006466968942572113,0.0010795814,2.9297702707788345e-05,100,128,20,32
GRU,variance,28,2023-10-18,2023-11-15,0.006544576718325881,0.0010446693,2.9297702707788345e-05,100,128,20,32
GRU,variance,28,2023-10-19,2023-11-16,0.0061325646012167995,0.0010112213,2.9297702707788345e-05,100,128,20,32
GRU,variance,28,2023-10-20,2023-11-17,0.005651271282794902,0.0009834073,2.9297702707788345e-05,100,128,20,32
GRU,variance,28,2023-10-21,2023-11-18,0.005144009578300682,0.00094777695,2.9297702707788345e-05,100,128,20,32
GRU,variance,28,2023-10-22,2023-11-19,0.0049435952911992724,0.0009142118,2.9297702707788345e-05,100,128,20,32
GRU,variance,28,2023-10-23,2023-11-20,0.005326693471476779,0.00091562327,2.9297702707788345e-05,100,128,20,32
GRU,variance,28,2023-10-24,2023-11-21,0.007045119651666161,0.0018668378,2.9297702707788345e-05,100,128,20,32
GRU,variance,28,2023-10-25,2023-11-22,0.006638944352843266,0.003033899,2.9297702707788345e-05,100,128,20,32
GRU,variance,28,2023-10-26,2023-11-23,0.006449573455375175,0.003672953,2.9297702707788345e-05,100,128,20,32
GRU,variance,28,2023-10-27,2023-11-24,0.006103979208405871,0.0038552748,2.9297702707788345e-05,100,128,20,32
GRU,variance,28,2023-10-28,2023-11-25,0.005335581060778976,0.0040730643,2.9297702707788345e-05,100,128,20,32
GRU,variance,28,2023-10-29,2023-11-26,0.004833963564434694,0.0044499743,2.9297702707788345e-05,100,128,20,32
GRU,variance,28,2023-10-30,2023-11-27,0.0044179930773674166,0.0049940865,2.9297702707788345e-05,100,128,20,32
GRU,variance,28,2023-10-31,2023-11-28,0.007121497827241561,0.006247792,2.9297702707788345e-05,100,128,20,32
GRU,variance,28,2023-11-01,2023-11-29,0.00743543893761968,0.0073156226,2.9297702707788345e-05,100,128,20,32
GRU,variance,28,2023-11-02,2023-11-30,0.007051408807597839,0.008072084,2.9297702707788345e-05,100,128,20,32
GRU,variance,28,2023-11-03,2023-12-01,0.006819459958299832,0.008369933,2.9297702707788345e-05,100,128,20,32
GRU,variance,28,2023-11-04,2023-12-02,0.006682875365397521,0.008315415,2.9297702707788345e-05,100,128,20,32
GRU,variance,28,2023-11-05,2023-12-03,0.006461061053259893,0.007946146,2.9297702707788345e-05,100,128,20,32
GRU,variance,28,2023-11-06,2023-12-04,0.0064424057833106195,0.0075750337,2.9297702707788345e-05,100,128,20,32
GRU,variance,28,2023-11-07,2023-12-05,0.01386162050984279,0.008381476,2.9297702707788345e-05,100,128,20,32
GRU,variance,28,2023-11-08,2023-12-06,0.014733314538373307,0.010968569,2.9297702707788345e-05,100,128,20,32
GRU,variance,28,2023-11-09,2023-12-07,0.01464720912899006,0.0131039675,2.9297702707788345e-05,100,128,20,32
GRU,variance,28,2023-11-10,2023-12-08,0.014807630902304534,0.015260513,2.9297702707788345e-05,100,128,20,32
GRU,variance,28,2023-11-11,2023-12-09,0.014615998835686242,0.016839372,2.9297702707788345e-05,100,128,20,32
GRU,variance,28,2023-11-12,2023-12-10,0.014761220987831213,0.01744074,2.9297702707788345e-05,100,128,20,32
GRU,variance,28,2023-11-13,2023-12-11,0.01461860026247642,0.017920678,2.9297702707788345e-05,100,128,20,32
GRU,variance,28,2023-11-14,2023-12-12,0.014941647455265002,0.018620437,2.9297702707788345e-05,100,128,20,32
GRU,variance,28,2023-11-15,2023-12-13,0.016095311675156095,0.018987024,2.9297702707788345e-05,100,128,20,32
GRU,variance,28,2023-11-16,2023-12-14,0.016517498158083437,0.01879487,2.9297702707788345e-05,100,128,20,32
GRU,variance,28,2023-11-17,2023-12-15,0.01678542149933898,0.018069368,2.9297702707788345e-05,100,128,20,32
GRU,variance,28,2023-11-18,2023-12-16,0.017495506507940402,0.016771946,2.9297702707788345e-05,100,128,20,32
GRU,variance,28,2023-11-19,2023-12-17,0.018359489248674435,0.014888977,2.9297702707788345e-05,100,128,20,32
GRU,variance,28,2023-11-20,2023-12-18,0.020156902205652395,0.011749361,2.9297702707788345e-05,100,128,20,32
GRU,variance,28,2023-11-21,2023-12-19,0.008963707714350658,0.0076868986,2.9297702707788345e-05,100,128,20,32
GRU,variance,28,2023-11-22,2023-12-20,0.00711689341658573,0.0036630523,2.9297702707788345e-05,100,128,20,32
GRU,variance,28,2023-11-23,2023-12-21,0.007517494053368169,0.0032887533,2.9297702707788345e-05,100,128,20,32
GRU,variance,28,2023-11-24,2023-12-22,0.008392024072682604,0.003154561,2.9297702707788345e-05,100,128,20,32
GRU,variance,28,2023-11-25,2023-12-23,0.008953787347405474,0.0024260024,2.9297702707788345e-05,100,128,20,32
GRU,variance,28,2023-11-26,2023-12-24,0.009105152415718302,0.0016063175,2.9297702707788345e-05,100,128,20,32
GRU,variance,28,2023-11-27,2023-12-25,0.008282130307594261,0.0012314453,2.9297702707788345e-05,100,128,20,32
GRU,variance,28,2023-11-28,2023-12-26,0.0020113465048703532,0.0024116552,2.9297702707788345e-05,100,128,20,32
GRU,variance,28,2023-11-29,2023-12-27,0.0018410522415078312,0.0031905512,2.9297702707788345e-05,100,128,20,32
GRU,variance,28,2023-11-30,2023-12-28,0.002019814239796979,0.003493329,2.9297702707788345e-05,100,128,20,32
GRU,variance,28,2023-12-01,2023-12-29,0.0024299302550433214,0.0031338043,2.9297702707788345e-05,100,128,20,32
GRU,variance,28,2023-12-02,2023-12-30,0.0023222944838322923,0.0027024795,2.9297702707788345e-05,100,128,20,32
GRU,variance,28,2023-12-03,2023-12-31,0.0025479636978601007,0.0027177976,2.9297702707788345e-05,100,128,20,32
GRU,variance,28,2023-12-04,2024-01-01,0.0025479636978601007,0.0038329747,2.9297702707788345e-05,100,128,20,32
GRU,variance,28,2023-12-05,2024-01-02,0.0022849540751350315,0.01001135,2.9297702707788345e-05,100,128,20,32
GRU,variance,28,2023-12-06,2024-01-03,0.007776752602378338,0.014621279,2.9297702707788345e-05,100,128,20,32
GRU,variance,28,2023-12-07,2024-01-04,0.008513044684147125,0.018334774,2.9297702707788345e-05,100,128,20,32
GRU,variance,28,2023-12-08,2024-01-05,0.00875527598737923,0.02006549,2.9297702707788345e-05,100,128,20,32
GRU,variance,28,2023-12-09,2024-01-06,0.008300855185933704,0.020649863,2.9297702707788345e-05,100,128,20,32
GRU,variance,28,2023-12-10,2024-01-07,0.009098881736502673,0.021394426,2.9297702707788345e-05,100,128,20,32
GRU,variance,28,2023-12-11,2024-01-08,0.010302676209616257,0.021512449,2.9297702707788345e-05,100,128,20,32
GRU,variance,28,2023-12-12,2024-01-09,0.009254107790123032,0.02068005,2.9297702707788345e-05,100,128,20,32
GRU,variance,28,2023-12-13,2024-01-10,0.00943105717515276,0.019690637,2.9297702707788345e-05,100,128,20,32
GRU,variance,28,2023-12-14,2024-01-11,0.009107329898329148,0.020073531,2.9297702707788345e-05,100,128,20,32
GRU,variance,28,2023-12-15,2024-01-12,0.01006383238041389,0.020012658,2.9297702707788345e-05,100,128,20,32
GRU,variance,28,2023-12-16,2024-01-13,0.011078545227567719,0.020068293,2.9297702707788345e-05,100,128,20,32
GRU,variance,28,2023-12-17,2024-01-14,0.011078545227567719,0.019790186,2.9297702707788345e-05,100,128,20,32
GRU,variance,28,2023-12-18,2024-01-15,0.009876347764990764,0.019425457,2.9297702707788345e-05,100,128,20,32
GRU,variance,28,2023-12-19,2024-01-16,0.009173524501162886,0.013516133,2.9297702707788345e-05,100,128,20,32
GRU,variance,28,2023-12-20,2024-01-17,0.002291764212101642,0.0047977897,2.9297702707788345e-05,100,128,20,32
GRU,variance,28,2023-12-21,2024-01-18,0.002070680574081249,0.0012827673,2.9297702707788345e-05,100,128,20,32
GRU,variance,28,2023-12-22,2024-01-19,0.001904382876444147,0.0020395836,2.9297702707788345e-05,100,128,20,32
GRU,variance,28,2023-12-23,2024-01-20,0.0017373894656719459,0.0023230906,2.9297702707788345e-05,100,128,20,32
GRU,variance,28,2023-12-24,2024-01-21,0.001896301953828873,0.0023300743,2.9297702707788345e-05,100,128,20,32
GRU,variance,28,2023-12-25,2024-01-22,0.001813649031606752,0.0021381006,2.9297702707788345e-05,100,128,20,32
GRU,variance,28,2023-12-26,2024-01-23,0.0018962311819938303,0.0005713037,2.9297702707788345e-05,100,128,20,32
GRU,variance,28,2023-12-27,2024-01-24,0.0018914832491605984,0.00071822695,2.9297702707788345e-05,100,128,20,32
GRU,variance,28,2023-12-28,2024-01-25,0.001699086466725697,0.000855239,2.9297702707788345e-05,100,128,20,32
GRU,variance,28,2023-12-29,2024-01-26,0.001699086466725697,0.0010351355,2.9297702707788345e-05,100,128,20,32
GRU,variance,28,2023-12-30,2024-01-27,0.0012348420939963895,0.0010604926,2.9297702707788345e-05,100,128,20,32
GRU,variance,28,2023-12-31,2024-01-28,0.0012348420939963895,0.0011459923,2.9297702707788345e-05,100,128,20,32
GRU,variance,28,2024-01-01,2024-01-29,0.0012434337360462456,0.0011093551,2.9297702707788345e-05,100,128,20,32
GRU,variance,28,2024-01-02,2024-01-30,0.0006950486595035895,0.00090017304,2.9297702707788345e-05,100,128,20,32
GRU,variance,28,2024-01-03,2024-01-31,0.0004783364715494947,0.0020899132,2.9297702707788345e-05,100,128,20,32
GRU,variance,28,2024-01-04,2024-02-01,0.0005207185266750876,0.0021510066,2.9297702707788345e-05,100,128,20,32
GRU,variance,28,2024-01-18,2024-02-15,0.00323943232439572,3.9821756e-05,2.9297702707788345e-05,100,128,20,32
GRU,variance,28,2024-01-19,2024-02-16,0.0032445118785910587,-0.00019849485,2.9297702707788345e-05,100,128,20,32
GRU,variance,28,2024-01-20,2024-02-17,0.003046079099253552,0.00021235857,2.9297702707788345e-05,100,128,20,32
GRU,variance,28,2024-01-21,2024-02-18,0.003300279798314407,0.0003951886,2.9297702707788345e-05,100,128,20,32
GRU,variance,28,2024-01-22,2024-02-19,0.003300279798314407,0.00045020357,2.9297702707788345e-05,100,128,20,32
GRU,variance,28,2024-01-23,2024-02-20,0.0032823384941475715,0.00056240597,2.9297702707788345e-05,100,128,20,32
GRU,variance,28,2024-01-24,2024-02-21,0.00375120796036845,0.00064178667,2.9297702707788345e-05,100,128,20,32
GRU,variance,28,2024-01-25,2024-02-22,0.0032853792189320983,0.00066466565,2.9297702707788345e-05,100,128,20,32
GRU,variance,28,2024-01-26,2024-02-23,0.002958318519448188,0.0006698524,2.9297702707788345e-05,100,128,20,32
GRU,variance,28,2024-01-27,2024-02-24,0.002958318519448188,0.00059946027,2.9297702707788345e-05,100,128,20,32
GRU,variance,28,2024-01-28,2024-02-25,0.0036947005583286424,0.000673967,2.9297702707788345e-05,100,128,20,32
GRU,variance,28,2024-01-29,2024-02-26,0.003284793914726736,0.0007165311,2.9297702707788345e-05,100,128,20,32
GRU,variance,28,2024-01-30,2024-02-27,0.0026756511895678218,0.00051449816,2.9297702707788345e-05,100,128,20,32
GRU,variance,28,2024-01-31,2024-02-28,0.0025322602016737477,0.00030418884,2.9297702707788345e-05,100,128,20,32
GRU,variance,28,2024-02-01,2024-02-29,0.0028747610833487385,3.0584666e-05,2.9297702707788345e-05,100,128,20,32
LSTM,mean,14,2023-05-15,2023-05-29,0.042551361925533084,0.081377685,0.002801456287349463,100,128,20,32
LSTM,mean,14,2023-05-16,2023-05-30,0.04043135449563707,0.07473403,0.002801456287349463,100,128,20,32
LSTM,mean,14,2023-05-17,2023-05-31,0.03795676346336498,0.07206849,0.002801456287349463,100,128,20,32
LSTM,mean,14,2023-05-18,2023-06-01,0.0373976908582477,0.06658416,0.002801456287349463,100,128,20,32
LSTM,mean,14,2023-05-19,2023-06-02,0.03690902293726377,0.06607439,0.002801456287349463,100,128,20,32
LSTM,mean,14,2023-05-20,2023-06-03,0.03622520779966677,0.06918723,0.002801456287349463,100,128,20,32
LSTM,mean,14,2023-05-21,2023-06-04,0.03448489307368162,0.0723028,0.002801456287349463,100,128,20,32
LSTM,mean,14,2023-05-22,2023-06-05,0.03225515634722982,0.073879726,0.002801456287349463,100,128,20,32
LSTM,mean,14,2023-05-23,2023-06-06,0.028847458859593642,0.07049057,0.002801456287349463,100,128,20,32
LSTM,mean,14,2023-05-24,2023-06-07,0.028145270889968054,0.06510598,0.002801456287349463,100,128,20,32
LSTM,mean,14,2023-05-25,2023-06-08,0.027810438343931678,0.06103504,0.002801456287349463,100,128,20,32
LSTM,mean,14,2023-05-26,2023-06-09,0.02761640273894596,0.06015986,0.002801456287349463,100,128,20,32
LSTM,mean,14,2023-05-27,2023-06-10,0.027761573235458626,0.06010427,0.002801456287349463,100,128,20,32
LSTM,mean,14,2023-05-28,2023-06-11,0.027631140122086423,0.058306605,0.002801456287349463,100,128,20,32
LSTM,mean,14,2023-05-29,2023-06-12,0.02762767224760617,0.052474763,0.002801456287349463,100,128,20,32
LSTM,mean,14,2023-05-30,2023-06-13,0.026644098206145692,0.042861104,0.002801456287349463,100,128,20,32
LSTM,mean,14,2023-05-31,2023-06-14,0.02504189692726691,0.03043721,0.002801456287349463,100,128,20,32
LSTM,mean,14,2023-06-01,2023-06-15,0.023385253504520125,0.01872808,0.002801456287349463,100,128,20,32
LSTM,mean,14,2023-06-02,2023-06-16,0.02142041114707139,0.010699147,0.002801456287349463,100,128,20,32
LSTM,mean,14,2023-06-03,2023-06-17,0.020512634232813375,0.00905765,0.002801456287349463,100,128,20,32
LSTM,mean,14,2023-06-04,2023-06-18,0.02026787013347333,0.009128923,0.002801456287349463,100,128,20,32
LSTM,mean,14,2023-06-05,2023-06-19,0.020176321577711504,0.008770572,0.002801456287349463,100,128,20,32
LSTM,mean,14,2023-06-06,2023-06-20,0.018046791735304078,0.007392863,0.002801456287349463,100,128,20,32
LSTM,mean,14,2023-06-07,2023-06-21,0.01782346923076451,0.0060032476,0.002801456287349463,100,128,20,32
LSTM,mean,14,2023-06-08,2023-06-22,0.017466834157230875,0.0061090533,0.002801456287349463,100,128,20,32
LSTM,mean,14,2023-06-09,2023-06-23,0.017089554682335775,0.007851133,0.002801456287349463,100,128,20,32
LSTM,mean,14,2023-06-10,2023-06-24,0.01693682862194099,0.010979155,0.002801456287349463,100,128,20,32
LSTM,mean,14,2023-06-11,2023-06-25,0.01640869622741816,0.014741311,0.002801456287349463,100,128,20,32
LSTM,mean,14,2023-06-12,2023-06-26,0.015725670490165287,0.018412681,0.002801456287349463,100,128,20,32
LSTM,mean,14,2023-06-13,2023-06-27,0.015951370470315467,0.021188246,0.002801456287349463,100,128,20,32
LSTM,mean,14,2023-06-14,2023-06-28,0.01704843124923566,0.022400701,0.002801456287349463,100,128,20,32
LSTM,mean,14,2023-06-15,2023-06-29,0.017797876758688304,0.021904351,0.002801456287349463,100,128,20,32
LSTM,mean,14,2023-06-16,2023-06-30,0.01877817819159672,0.019708598,0.002801456287349463,100,128,20,32
LSTM,mean,14,2023-06-17,2023-07-01,0.019028913999890686,0.016886817,0.002801456287349463,100,128,20,32
LSTM,mean,14,2023-06-18,2023-07-02,0.019183484327958265,0.01456164,0.002801456287349463,100,128,20,32
LSTM,mean,14,2023-06-19,2023-07-03,0.018556853209503864,0.013349684,0.002801456287349463,100,128,20,32
LSTM,mean,14,2023-06-20,2023-07-04,0.020850459390244182,0.0120805,0.002801456287349463,100,128,20,32
LSTM,mean,14,2023-06-21,2023-07-05,0.021286407339735632,0.011321867,0.002801456287349463,100,128,20,32
LSTM,mean,14,2023-06-22,2023-07-06,0.02164392810426926,0.011048155,0.002801456287349463,100,128,20,32
LSTM,mean,14,2023-06-23,2023-07-07,0.02163082518330223,0.011107551,0.002801456287349463,100,128,20,32
LSTM,mean,14,2023-06-24,2023-07-08,0.02120042551741052,0.011491442,0.002801456287349463,100,128,20,32
LSTM,mean,14,2023-06-25,2023-07-09,0.020921871382180292,0.011846775,0.002801456287349463,100,128,20,32
LSTM,mean,14,2023-06-26,2023-07-10,0.02064764913305339,0.011930475,0.002801456287349463,100,128,20,32
LSTM,mean,14,2023-06-27,2023-07-11,0.018759703832617464,0.012076089,0.002801456287349463,100,128,20,32
LSTM,mean,14,2023-06-28,2023-07-12,0.01825554387776106,0.012959057,0.002801456287349463,100,128,20,32
LSTM,mean,14,2023-06-29,2023-07-13,0.01815728668450978,0.014488706,0.002801456287349463,100,128,20,32
LSTM,mean,14,2023-06-30,2023-07-14,0.01766133925586516,0.016567925,0.002801456287349463,100,128,20,32
LSTM,mean,14,2023-07-01,2023-07-15,0.017142980076093314,0.01851234,0.002801456287349463,100,128,20,32
LSTM,mean,14,2023-07-02,2023-07-16,0.016451451474528863,0.019876385,0.002801456287349463,100,128,20,32
LSTM,mean,14,2023-07-03,2023-07-17,0.01614893541158249,0.020050714,0.002801456287349463,100,128,20,32
LSTM,mean,14,2023-07-04,2023-07-18,0.015398547098749276,0.020803528,0.002801456287349463,100,128,20,32
LSTM,mean,14,2023-07-05,2023-07-19,0.015337976231806149,0.021641904,0.002801456287349463,100,128,20,32
LSTM,mean,14,2023-07-06,2023-07-20,0.0151222191476377,0.022374706,0.002801456287349463,100,128,20,32
LSTM,mean,14,2023-07-07,2023-07-21,0.0151318451527297,0.022643598,0.002801456287349463,100,128,20,32
LSTM,mean,14,2023-07-08,2023-07-22,0.015154254307802536,0.022114413,0.002801456287349463,100,128,20,32
LSTM,mean,14,2023-07-09,2023-07-23,0.015521889627311635,0.020918244,0.002801456287349463,100,128,20,32
LSTM,mean,14,2023-07-10,2023-07-24,0.015734868603895745,0.019394549,0.002801456287349463,100,128,20,32
LSTM,mean,14,2023-07-11,2023-07-25,0.017499234629100403,0.016708674,0.002801456287349463,100,128,20,32
LSTM,mean,14,2023-07-12,2023-07-26,0.016882932317259604,0.013783688,0.002801456287349463,100,128,20,32
LSTM,mean,14,2023-07-13,2023-07-27,0.016304484167451897,0.011442797,0.002801456287349463,100,128,20,32
LSTM,mean,14,2023-07-14,2023-07-28,0.016094643447225748,0.009812655,0.002801456287349463,100,128,20,32
LSTM,mean,14,2023-07-15,2023-07-29,0.015495106124443202,0.008887911,0.002801456287349463,100,128,20,32
LSTM,mean,14,2023-07-16,2023-07-30,0.014786026774915318,0.008414926,0.002801456287349463,100,128,20,32
LSTM,mean,14,2023-07-17,2023-07-31,0.014613387658776041,0.008350292,0.002801456287349463,100,128,20,32
LSTM,mean,14,2023-07-18,2023-08-01,0.015829941411054087,0.008247318,0.002801456287349463,100,128,20,32
LSTM,mean,14,2023-07-19,2023-08-02,0.016129579912494238,0.008337835,0.002801456287349463,100,128,20,32
LSTM,mean,14,2023-07-20,2023-08-03,0.01683912208995456,0.008536333,0.002801456287349463,100,128,20,32
LSTM,mean,14,2023-07-21,2023-08-04,0.016979264306447285,0.008939514,0.002801456287349463,100,128,20,32
LSTM,mean,14,2023-07-22,2023-08-05,0.01716472437324465,0.009510631,0.002801456287349463,100,128,20,32
LSTM,mean,14,2023-07-23,2023-08-06,0.01668445586844775,0.010403195,0.002801456287349463,100,128,20,32
LSTM,mean,14,2023-07-24,2023-08-07,0.015999248513226764,0.011337871,0.002801456287349463,100,128,20,32
LSTM,mean,14,2023-07-25,2023-08-08,0.014443916390635279,0.013204107,0.002801456287349463,100,128,20,32
LSTM,mean,14,2023-07-26,2023-08-09,0.014858106806785343,0.014644863,0.002801456287349463,100,128,20,32
LSTM,mean,14,2023-07-27,2023-08-10,0.015395880126889437,0.015128391,0.002801456287349463,100,128,20,32
LSTM,mean,14,2023-07-28,2023-08-11,0.01597114731325099,0.014767649,0.002801456287349463,100,128,20,32
LSTM,mean,14,2023-07-29,2023-08-12,0.01727720521848292,0.013536291,0.002801456287349463,100,128,20,32
LSTM,mean,14,2023-07-30,2023-08-13,0.019287951589009554,0.011608118,0.002801456287349463,100,128,20,32
LSTM,mean,14,2023-07-31,2023-08-14,0.020337425227242575,0.009691784,0.002801456287349463,100,128,20,32
LSTM,mean,14,2023-08-01,2023-08-15,0.02004952460711604,0.008965867,0.002801456287349463,100,128,20,32
LSTM,mean,14,2023-08-02,2023-08-16,0.020050840739817603,0.00922049,0.002801456287349463,100,128,20,32
LSTM,mean,14,2023-08-03,2023-08-17,0.019636256420528776,0.010440962,0.002801456287349463,100,128,20,32
LSTM,mean,14,2023-08-04,2023-08-18,0.019839822585211185,0.011987636,0.002801456287349463,100,128,20,32
LSTM,mean,14,2023-08-05,2023-08-19,0.020202660464567774,0.013454722,0.002801456287349463,100,128,20,32
LSTM,mean,14,2023-08-06,2023-08-20,0.021500459689544008,0.014161738,0.002801456287349463,100,128,20,32
LSTM,mean,14,2023-08-07,2023-08-21,0.02251016703196554,0.013817931,0.002801456287349463,100,128,20,32
LSTM,mean,14,2023-08-08,2023-08-22,0.024969388540383552,0.011956083,0.002801456287349463,100,128,20,32
LSTM,mean,14,2023-08-09,2023-08-23,0.026200885200839522,0.010002309,0.002801456287349463,100,128,20,32
LSTM,mean,14,2023-08-10,2023-08-24,0.026835974681743178,0.008789839,0.002801456287349463,100,128,20,32
LSTM,mean,14,2023-08-11,2023-08-25,0.027203321512249412,0.008682104,0.002801456287349463,100,128,20,32
LSTM,mean,14,2023-08-12,2023-08-26,0.02742056385042249,0.010058681,0.002801456287349463,100,128,20,32
LSTM,mean,14,2023-08-13,2023-08-27,0.027367559848038212,0.013155894,0.002801456287349463,100,128,20,32
LSTM,mean,14,2023-08-14,2023-08-28,0.025368347649415868,0.016956301,0.002801456287349463,100,128,20,32
LSTM,mean,14,2023-08-15,2023-08-29,0.025850504108248712,0.020011218,0.002801456287349463,100,128,20,32
LSTM,mean,14,2023-08-16,2023-08-30,0.02589425783196988,0.02179324,0.002801456287349463,100,128,20,32
LSTM,mean,14,2023-08-17,2023-08-31,0.026258065168719865,0.021939779,0.002801456287349463,100,128,20,32
LSTM,mean,14,2023-08-18,2023-09-01,0.02658797698447568,0.021051707,0.002801456287349463,100,128,20,32
LSTM,mean,14,2023-08-19,2023-09-02,0.027435533877634415,0.019816393,0.002801456287349463,100,128,20,32
LSTM,mean,14,2023-08-20,2023-09-03,0.0277461345559839,0.019341582,0.002801456287349463,100,128,20,32
LSTM,mean,14,2023-08-21,2023-09-04,0.02996470924665842,0.019840503,0.002801456287349463,100,128,20,32
LSTM,mean,14,2023-08-22,2023-09-05,0.030711415932792845,0.022219853,0.002801456287349463,100,128,20,32
LSTM,mean,14,2023-08-23,2023-09-06,0.03146528337075428,0.025603758,0.002801456287349463,100,128,20,32
LSTM,mean,14,2023-08-24,2023-09-07,0.03168780574315189,0.028949248,0.002801456287349463,100,128,20,32
LSTM,mean,14,2023-08-25,2023-09-08,0.03266538052227829,0.031448785,0.002801456287349463,100,128,20,32
LSTM,mean,14,2023-08-26,2023-09-09,0.033521956298179126,0.03271922,0.002801456287349463,100,128,20,32
LSTM,mean,14,2023-08-27,2023-09-10,0.0341728924304534,0.032618556,0.002801456287349463,100,128,20,32
LSTM,mean,14,2023-08-28,2023-09-11,0.036521332487694604,0.030207997,0.002801456287349463,100,128,20,32
LSTM,mean,14,2023-08-29,2023-09-12,0.035600796321057775,0.027243497,0.002801456287349463,100,128,20,32
LSTM,mean,14,2023-08-30,2023-09-13,0.03883209852197485,0.024540858,0.002801456287349463,100,128,20,32
LSTM,mean,14,2023-08-31,2023-09-14,0.04042577564475446,0.022855857,0.002801456287349463,100,128,20,32
LSTM,mean,14,2023-09-01,2023-09-15,0.04116502475590788,0.022342296,0.002801456287349463,100,128,20,32
LSTM,mean,14,2023-09-02,2023-09-16,0.04120155018039486,0.023143286,0.002801456287349463,100,128,20,32
LSTM,mean,14,2023-09-03,2023-09-17,0.041760873519425014,0.024714628,0.002801456287349463,100,128,20,32
LSTM,mean,14,2023-09-04,2023-09-18,0.039864854609507935,0.0278691,0.002801456287349463,100,128,20,32
LSTM,mean,14,2023-09-05,2023-09-19,0.041135083147445385,0.03150816,0.002801456287349463,100,128,20,32
LSTM,mean,14,2023-09-06,2023-09-20,0.041876885212484914,0.035018533,0.002801456287349463,100,128,20,32
LSTM,mean,14,2023-09-07,2023-09-21,0.04266065582821124,0.0376272,0.002801456287349463,100,128,20,32
LSTM,mean,14,2023-09-08,2023-09-22,0.041212188005497245,0.039597865,0.002801456287349463,100,128,20,32
LSTM,mean,14,2023-09-09,2023-09-23,0.040633468941889246,0.040989928,0.002801456287349463,100,128,20,32
LSTM,mean,14,2023-09-10,2023-09-24,0.04071261732651853,0.041869342,0.002801456287349463,100,128,20,32
LSTM,mean,14,2023-09-11,2023-09-25,0.0416876196818655,0.043428916,0.002801456287349463,100,128,20,32
LSTM,mean,14,2023-09-12,2023-09-26,0.047299294875667516,0.04393497,0.002801456287349463,100,128,20,32
LSTM,mean,14,2023-09-13,2023-09-27,0.04838185137688062,0.045714658,0.002801456287349463,100,128,20,32
LSTM,mean,14,2023-09-14,2023-09-28,0.04926153471640357,0.048268825,0.002801456287349463,100,128,20,32
LSTM,mean,14,2023-09-15,2023-09-29,0.05079215335944181,0.050701316,0.002801456287349463,100,128,20,32
LSTM,mean,14,2023-09-16,2023-09-30,0.052099173497155475,0.052095886,0.002801456287349463,100,128,20,32
LSTM,mean,14,2023-09-17,2023-10-01,0.054228481091523596,0.052685406,0.002801456287349463,100,128,20,32
LSTM,mean,14,2023-09-18,2023-10-02,0.054228481091523596,0.050782472,0.002801456287349463,100,128,20,32
LSTM,mean,14,2023-09-19,2023-10-03,0.057160646307487406,0.048646357,0.002801456287349463,100,128,20,32
LSTM,mean,14,2023-09-20,2023-10-04,0.059207134577776245,0.04695277,0.002801456287349463,100,128,20,32
LSTM,mean,14,2023-09-21,2023-10-05,0.06040940308825981,0.046186272,0.002801456287349463,100,128,20,32
LSTM,mean,14,2023-09-22,2023-10-06,0.06090063841936074,0.044861924,0.002801456287349463,100,128,20,32
LSTM,mean,14,2023-09-23,2023-10-07,0.06131938534129275,0.043186612,0.002801456287349463,100,128,20,32
LSTM,mean,14,2023-09-24,2023-10-08,0.06158822492011762,0.041602693,0.002801456287349463,100,128,20,32
LSTM,mean,14,2023-09-25,2023-10-09,0.06316475928926725,0.04104613,0.002801456287349463,100,128,20,32
LSTM,mean,14,2023-09-26,2023-10-10,0.06103983214692733,0.044858925,0.002801456287349463,100,128,20,32
LSTM,mean,14,2023-09-27,2023-10-11,0.06022950922231705,0.050320707,0.002801456287349463,100,128,20,32
LSTM,mean,14,2023-09-28,2023-10-12,0.05870774680915994,0.055802215,0.002801456287349463,100,128,20,32
LSTM,mean,14,2023-09-29,2023-10-13,0.05768381652170041,0.060812205,0.002801456287349463,100,128,20,32
LSTM,mean,14,2023-09-30,2023-10-14,0.05631481367631079,0.064853296,0.002801456287349463,100,128,20,32
LSTM,mean,14,2023-10-01,2023-10-15,0.05466154656903291,0.06837146,0.002801456287349463,100,128,20,32
LSTM,mean,14,2023-10-02,2023-10-16,0.05529457903908453,0.07010546,0.002801456287349463,100,128,20,32
LSTM,mean,14,2023-10-03,2023-10-17,0.05439798857076055,0.07207179,0.002801456287349463,100,128,20,32
LSTM,mean,14,2023-10-04,2023-10-18,0.05413901437052666,0.07433749,0.002801456287349463,100,128,20,32
LSTM,mean,14,2023-10-05,2023-10-19,0.05428202115080427,0.07636298,0.002801456287349463,100,128,20,32
LSTM,mean,14,2023-10-06,2023-10-20,0.054258245126709834,0.07746377,0.002801456287349463,100,128,20,32
LSTM,mean,14,2023-10-07,2023-10-21,0.05554923980738474,0.07748281,0.002801456287349463,100,128,20,32
LSTM,mean,14,2023-10-08,2023-10-22,0.05676709753669388,0.076529205,0.002801456287349463,100,128,20,32
LSTM,mean,14,2023-10-09,2023-10-23,0.05769901239923082,0.075892396,0.002801456287349463,100,128,20,32
LSTM,mean,14,2023-10-10,2023-10-24,0.06708737515764628,0.073346525,0.002801456287349463,100,128,20,32
LSTM,mean,14,2023-10-11,2023-10-25,0.0693610017248623,0.069726534,0.002801456287349463,100,128,20,32
LSTM,mean,14,2023-10-12,2023-10-26,0.07014536401973497,0.065135285,0.002801456287349463,100,128,20,32
LSTM,mean,14,2023-10-13,2023-10-27,0.07286875594659449,0.06043995,0.002801456287349463,100,128,20,32
LSTM,mean,14,2023-10-14,2023-10-28,0.07490462786741633,0.055906173,0.002801456287349463,100,128,20,32
LSTM,mean,14,2023-10-15,2023-10-29,0.0765826909905696,0.05154143,0.002801456287349463,100,128,20,32
LSTM,mean,14,2023-10-16,2023-10-30,0.08171143569789005,0.04903993,0.002801456287349463,100,128,20,32
LSTM,mean,14,2023-10-17,2023-10-31,0.08961593263464504,0.04738751,0.002801456287349463,100,128,20,32
LSTM,mean,14,2023-10-18,2023-11-01,0.09364398757052059,0.04646346,0.002801456287349463,100,128,20,32
LSTM,mean,14,2023-10-19,2023-11-02,0.09606731527867739,0.046242137,0.002801456287349463,100,128,20,32
LSTM,mean,14,2023-10-20,2023-11-03,0.09884619144991041,0.046384748,0.002801456287349463,100,128,20,32
LSTM,mean,14,2023-10-21,2023-11-04,0.1010212576889182,0.047606684,0.002801456287349463,100,128,20,32
LSTM,mean,14,2023-10-22,2023-11-05,0.10555499872329109,0.04977787,0.002801456287349463,100,128,20,32
LSTM,mean,14,2023-10-23,2023-11-06,0.11097745226778419,0.052482236,0.002801456287349463,100,128,20,32
LSTM,mean,14,2023-10-24,2023-11-07,0.11626975528826576,0.061375123,0.002801456287349463,100,128,20,32
LSTM,mean,14,2023-10-25,2023-11-08,0.13180608141533884,0.07185311,0.002801456287349463,100,128,20,32
LSTM,mean,14,2023-10-26,2023-11-09,0.13729154207096592,0.080858976,0.002801456287349463,100,128,20,32
LSTM,mean,14,2023-10-27,2023-11-10,0.13729154207096592,0.08880007,0.002801456287349463,100,128,20,32
LSTM,mean,14,2023-10-28,2023-11-11,0.13873362739757616,0.09533375,0.002801456287349463,100,128,20,32
LSTM,mean,14,2023-10-29,2023-11-12,0.1415087387818689,0.10043073,0.002801456287349463,100,128,20,32
LSTM,mean,14,2023-10-30,2023-11-13,0.14088430417845246,0.10681243,0.002801456287349463,100,128,20,32
LSTM,mean,14,2023-10-31,2023-11-14,0.14460672052530318,0.117407,0.002801456287349463,100,128,20,32
LSTM,mean,14,2023-11-01,2023-11-15,0.15004875283649335,0.12925366,0.002801456287349463,100,128,20,32
LSTM,mean,14,2023-11-02,2023-11-16,0.1543787251966863,0.13988411,0.002801456287349463,100,128,20,32
LSTM,mean,14,2023-11-03,2023-11-17,0.1577614552918338,0.14872612,0.002801456287349463,100,128,20,32
LSTM,mean,14,2023-11-04,2023-11-18,0.16239700182164243,0.1551744,0.002801456287349463,100,128,20,32
LSTM,mean,14,2023-11-05,2023-11-19,0.16621294655598837,0.1611669,0.002801456287349463,100,128,20,32
LSTM,mean,14,2023-11-06,2023-11-20,0.1726684403556859,0.1677412,0.002801456287349463,100,128,20,32
LSTM,mean,14,2023-11-07,2023-11-21,0.1780018064157898,0.17449312,0.002801456287349463,100,128,20,32
LSTM,mean,14,2023-11-08,2023-11-22,0.1762285956341221,0.18913673,0.002801456287349463,100,128,20,32
LSTM,mean,14,2023-11-09,2023-11-23,0.18298875568361378,0.20209187,0.002801456287349463,100,128,20,32
LSTM,mean,14,2023-11-10,2023-11-24,0.17970974463867573,0.20610131,0.002801456287349463,100,128,20,32
LSTM,mean,14,2023-11-11,2023-11-25,0.18515124840245936,0.20326771,0.002801456287349463,100,128,20,32
LSTM,mean,14,2023-11-12,2023-11-26,0.19303482727357177,0.19811831,0.002801456287349463,100,128,20,32
LSTM,mean,14,2023-11-13,2023-11-27,0.19877262707533147,0.1847832,0.002801456287349463,100,128,20,32
LSTM,mean,14,2023-11-14,2023-11-28,0.20919234209026485,0.17076392,0.002801456287349463,100,128,20,32
LSTM,mean,14,2023-11-15,2023-11-29,0.2157007730162676,0.16054538,0.002801456287349463,100,128,20,32
LSTM,mean,14,2023-11-16,2023-11-30,0.21867657579282268,0.15347429,0.002801456287349463,100,128,20,32
LSTM,mean,14,2023-11-17,2023-12-01,0.21976181386743115,0.1495918,0.002801456287349463,100,128,20,32
LSTM,mean,14,2023-11-18,2023-12-02,0.2206127125794615,0.14759216,0.002801456287349463,100,128,20,32
LSTM,mean,14,2023-11-19,2023-12-03,0.2233059873389914,0.1456808,0.002801456287349463,100,128,20,32
LSTM,mean,14,2023-11-20,2023-12-04,0.22240869573228733,0.14908203,0.002801456287349463,100,128,20,32
LSTM,mean,14,2023-11-21,2023-12-05,0.23721964732182707,0.15542528,0.002801456287349463,100,128,20,32
LSTM,mean,14,2023-11-22,2023-12-06,0.2429123744927313,0.15800792,0.002801456287349463,100,128,20,32
LSTM,mean,14,2023-11-23,2023-12-07,0.24525588198929985,0.16458473,0.002801456287349463,100,128,20,32
LSTM,mean,14,2023-11-24,2023-12-08,0.24459369154973282,0.16774298,0.002801456287349463,100,128,20,32
LSTM,mean,14,2023-11-25,2023-12-09,0.24567036035122167,0.17563765,0.002801456287349463,100,128,20,32
LSTM,mean,14,2023-11-26,2023-12-10,0.24404549662128625,0.19204378,0.002801456287349463,100,128,20,32
LSTM,mean,14,2023-11-27,2023-12-11,0.24751412013981824,0.21698456,0.002801456287349463,100,128,20,32
LSTM,mean,14,2023-11-28,2023-12-12,0.24847486183782236,0.2632024,0.002801456287349463,100,128,20,32
LSTM,mean,14,2023-11-29,2023-12-13,0.2460190134508397,0.30964085,0.002801456287349463,100,128,20,32
LSTM,mean,14,2023-11-30,2023-12-14,0.2436470164596183,0.33441338,0.002801456287349463,100,128,20,32
LSTM,mean,14,2023-12-01,2023-12-15,0.24263457990844456,0.34144795,0.002801456287349463,100,128,20,32
LSTM,mean,14,2023-12-02,2023-12-16,0.25021935142805124,0.33927563,0.002801456287349463,100,128,20,32
LSTM,mean,14,2023-12-03,2023-12-17,0.2450239486987933,0.3350111,0.002801456287349463,100,128,20,32
LSTM,mean,14,2023-12-04,2023-12-18,0.24673257139171853,0.3288005,0.002801456287349463,100,128,20,32
LSTM,mean,14,2023-12-05,2023-12-19,0.21332805091602164,0.3304696,0.002801456287349463,100,128,20,32
LSTM,mean,14,2023-12-06,2023-12-20,0.19490525605838763,0.33186984,0.002801456287349463,100,128,20,32
LSTM,mean,14,2023-12-07,2023-12-21,0.1823091162078165,0.32857823,0.002801456287349463,100,128,20,32
LSTM,mean,14,2023-12-08,2023-12-22,0.1773088507628169,0.31852335,0.002801456287349463,100,128,20,32
LSTM,mean,14,2023-12-09,2023-12-23,0.1708532695446551,0.30538145,0.002801456287349463,100,128,20,32
LSTM,mean,14,2023-12-10,2023-12-24,0.16447040689913564,0.28901112,0.002801456287349463,100,128,20,32
LSTM,mean,14,2023-12-11,2023-12-25,0.15578129224466283,0.27352202,0.002801456287349463,100,128,20,32
LSTM,mean,14,2023-12-12,2023-12-26,0.1392454062413967,0.25874797,0.002801456287349463,100,128,20,32
LSTM,mean,14,2023-12-13,2023-12-27,0.14026828693248514,0.23970962,0.002801456287349463,100,128,20,32
LSTM,mean,14,2023-12-14,2023-12-28,0.13963205596970305,0.22324465,0.002801456287349463,100,128,20,32
LSTM,mean,14,2023-12-15,2023-12-29,0.13554709831464054,0.2105677,0.002801456287349463,100,128,20,32
LSTM,mean,14,2023-12-16,2023-12-30,0.13247481659948357,0.20826672,0.002801456287349463,100,128,20,32
LSTM,mean,14,2023-12-17,2023-12-31,0.13176984323036373,0.20346208,0.002801456287349463,100,128,20,32
LSTM,mean,14,2023-12-18,2024-01-01,0.13176984323036373,0.200221,0.002801456287349463,100,128,20,32
LSTM,mean,14,2023-12-19,2024-01-02,0.125085363035447,0.17110974,0.002801456287349463,100,128,20,32
LSTM,mean,14,2023-12-20,2024-01-03,0.1460763632288744,0.13793421,0.002801456287349463,100,128,20,32
LSTM,mean,14,2023-12-21,2024-01-04,0.15065459183855895,0.11711423,0.002801456287349463,100,128,20,32
LSTM,mean,14,2023-12-22,2024-01-05,0.16038528894268547,0.11364313,0.002801456287349463,100,128,20,32
LSTM,mean,14,2023-12-23,2024-01-06,0.16467434101211137,0.11427755,0.002801456287349463,100,128,20,32
LSTM,mean,14,2023-12-24,2024-01-07,0.1590846896417734,0.11227891,0.002801456287349463,100,128,20,32
LSTM,mean,14,2023-12-25,2024-01-08,0.1473343966942288,0.10649268,0.002801456287349463,100,128,20,32
LSTM,mean,14,2023-12-26,2024-01-09,0.13347727924190736,0.09508068,0.002801456287349463,100,128,20,32
LSTM,mean,14,2023-12-27,2024-01-10,0.12553669967451733,0.09250974,0.002801456287349463,100,128,20,32
LSTM,mean,14,2023-12-28,2024-01-11,0.11578902262890232,0.094226174,0.002801456287349463,100,128,20,32
LSTM,mean,14,2023-12-29,2024-01-12,0.12157671613866941,0.0940834,0.002801456287349463,100,128,20,32
LSTM,mean,14,2023-12-30,2024-01-13,0.1131200330449865,0.09267433,0.002801456287349463,100,128,20,32
LSTM,mean,14,2023-12-31,2024-01-14,0.1131200330449865,0.092311986,0.002801456287349463,100,128,20,32
LSTM,mean,14,2024-01-01,2024-01-15,0.10861545893922078,0.09308549,0.002801456287349463,100,128,20,32
LSTM,mean,14,2024-01-02,2024-01-16,0.11489677018815585,0.09034873,0.002801456287349463,100,128,20,32
LSTM,mean,14,2024-01-03,2024-01-17,0.09441690652857937,0.101719044,0.002801456287349463,100,128,20,32
LSTM,mean,14,2024-01-04,2024-01-18,0.09355917255892066,0.11145422,0.002801456287349463,100,128,20,32
LSTM,mean,14,2024-01-05,2024-01-19,0.09220682919412322,0.120913975,0.002801456287349463,100,128,20,32
LSTM,mean,14,2024-01-06,2024-01-20,0.08871766930252432,0.12748583,0.002801456287349463,100,128,20,32
LSTM,mean,14,2024-01-07,2024-01-21,0.08977748841267115,0.12611987,0.002801456287349463,100,128,20,32
LSTM,mean,14,2024-01-08,2024-01-22,0.09335548436576135,0.11649727,0.002801456287349463,100,128,20,32
LSTM,mean,14,2024-01-09,2024-01-23,0.09457352777748064,0.10285681,0.002801456287349463,100,128,20,32
LSTM,mean,14,2024-01-10,2024-01-24,0.09519824765401066,0.093220234,0.002801456287349463,100,128,20,32
LSTM,mean,14,2024-01-11,2024-01-25,0.10093731179301353,0.08616838,0.002801456287349463,100,128,20,32
LSTM,mean,14,2024-01-12,2024-01-26,0.10093731179301353,0.08888235,0.002801456287349463,100,128,20,32
LSTM,mean,14,2024-01-13,2024-01-27,0.10497482358531632,0.08756937,0.002801456287349463,100,128,20,32
LSTM,mean,14,2024-01-14,2024-01-28,0.10497482358531632,0.086621374,0.002801456287349463,100,128,20,32
LSTM,mean,14,2024-01-15,2024-01-29,0.10857437441778534,0.08388078,0.002801456287349463,100,128,20,32
LSTM,mean,14,2024-01-16,2024-01-30,0.09982472109988688,0.08639253,0.002801456287349463,100,128,20,32
LSTM,mean,14,2024-01-17,2024-01-31,0.09768920904645417,0.07662758,0.002801456287349463,100,128,20,32
LSTM,mean,14,2024-01-18,2024-02-01,0.09927763106946927,0.07073484,0.002801456287349463,100,128,20,32
LSTM,mean,14,2024-02-01,2024-02-15,0.14403843038550887,0.09667499,0.002801456287349463,100,128,20,32
LSTM,mean,28,2023-05-01,2023-05-29,0.042551361925533084,0.080129646,0.0029205824750925115,100,128,20,32
LSTM,mean,28,2023-05-02,2023-05-30,0.04043135449563707,0.079607636,0.0029205824750925115,100,128,20,32
LSTM,mean,28,2023-05-03,2023-05-31,0.03795676346336498,0.079457544,0.0029205824750925115,100,128,20,32
LSTM,mean,28,2023-05-04,2023-06-01,0.0373976908582477,0.08488057,0.0029205824750925115,100,128,20,32
LSTM,mean,28,2023-05-05,2023-06-02,0.03690902293726377,0.088398226,0.0029205824750925115,100,128,20,32
LSTM,mean,28,2023-05-06,2023-06-03,0.03622520779966677,0.089109346,0.0029205824750925115,100,128,20,32
LSTM,mean,28,2023-05-07,2023-06-04,0.03448489307368162,0.08837086,0.0029205824750925115,100,128,20,32
LSTM,mean,28,2023-05-08,2023-06-05,0.03225515634722982,0.0861625,0.0029205824750925115,100,128,20,32
LSTM,mean,28,2023-05-09,2023-06-06,0.028847458859593642,0.08422532,0.0029205824750925115,100,128,20,32
LSTM,mean,28,2023-05-10,2023-06-07,0.028145270889968054,0.08287661,0.0029205824750925115,100,128,20,32
LSTM,mean,28,2023-05-11,2023-06-08,0.027810438343931678,0.08145116,0.0029205824750925115,100,128,20,32
LSTM,mean,28,2023-05-12,2023-06-09,0.02761640273894596,0.07879704,0.0029205824750925115,100,128,20,32
LSTM,mean,28,2023-05-13,2023-06-10,0.027761573235458626,0.07795403,0.0029205824750925115,100,128,20,32
LSTM,mean,28,2023-05-14,2023-06-11,0.027631140122086423,0.07480706,0.0029205824750925115,100,128,20,32
LSTM,mean,28,2023-05-15,2023-06-12,0.02762767224760617,0.068933114,0.0029205824750925115,100,128,20,32
LSTM,mean,28,2023-05-16,2023-06-13,0.026644098206145692,0.060732048,0.0029205824750925115,100,128,20,32
LSTM,mean,28,2023-05-17,2023-06-14,0.02504189692726691,0.055256914,0.0029205824750925115,100,128,20,32
LSTM,mean,28,2023-05-18,2023-06-15,0.023385253504520125,0.046892565,0.0029205824750925115,100,128,20,32
LSTM,mean,28,2023-05-19,2023-06-16,0.02142041114707139,0.04376468,0.0029205824750925115,100,128,20,32
LSTM,mean,28,2023-05-20,2023-06-17,0.020512634232813375,0.044684928,0.0029205824750925115,100,128,20,32
LSTM,mean,28,2023-05-21,2023-06-18,0.02026787013347333,0.04716188,0.0029205824750925115,100,128,20,32
LSTM,mean,28,2023-05-22,2023-06-19,0.020176321577711504,0.049720187,0.0029205824750925115,100,128,20,32
LSTM,mean,28,2023-05-23,2023-06-20,0.018046791735304078,0.048792217,0.0029205824750925115,100,128,20,32
LSTM,mean,28,2023-05-24,2023-06-21,0.01782346923076451,0.046134092,0.0029205824750925115,100,128,20,32
LSTM,mean,28,2023-05-25,2023-06-22,0.017466834157230875,0.042798728,0.0029205824750925115,100,128,20,32
LSTM,mean,28,2023-05-26,2023-06-23,0.017089554682335775,0.044878304,0.0029205824750925115,100,128,20,32
LSTM,mean,28,2023-05-27,2023-06-24,0.01693682862194099,0.04176919,0.0029205824750925115,100,128,20,32
LSTM,mean,28,2023-05-28,2023-06-25,0.01640869622741816,0.03028562,0.0029205824750925115,100,128,20,32
LSTM,mean,28,2023-05-29,2023-06-26,0.015725670490165287,0.022118643,0.0029205824750925115,100,128,20,32
LSTM,mean,28,2023-05-30,2023-06-27,0.015951370470315467,0.018279709,0.0029205824750925115,100,128,20,32
LSTM,mean,28,2023-05-31,2023-06-28,0.01704843124923566,0.015228846,0.0029205824750925115,100,128,20,32
LSTM,mean,28,2023-06-01,2023-06-29,0.017797876758688304,0.012909845,0.0029205824750925115,100,128,20,32
LSTM,mean,28,2023-06-02,2023-06-30,0.01877817819159672,0.011302219,0.0029205824750925115,100,128,20,32
LSTM,mean,28,2023-06-03,2023-07-01,0.019028913999890686,0.011213296,0.0029205824750925115,100,128,20,32
LSTM,mean,28,2023-06-04,2023-07-02,0.019183484327958265,0.0119723985,0.0029205824750925115,100,128,20,32
LSTM,mean,28,2023-06-05,2023-07-03,0.018556853209503864,0.013216392,0.0029205824750925115,100,128,20,32
LSTM,mean,28,2023-06-06,2023-07-04,0.020850459390244182,0.014296466,0.0029205824750925115,100,128,20,32
LSTM,mean,28,2023-06-07,2023-07-05,0.021286407339735632,0.01699911,0.0029205824750925115,100,128,20,32
LSTM,mean,28,2023-06-08,2023-07-06,0.02164392810426926,0.021588944,0.0029205824750925115,100,128,20,32
LSTM,mean,28,2023-06-09,2023-07-07,0.02163082518330223,0.027357925,0.0029205824750925115,100,128,20,32
LSTM,mean,28,2023-06-10,2023-07-08,0.02120042551741052,0.033392463,0.0029205824750925115,100,128,20,32
LSTM,mean,28,2023-06-11,2023-07-09,0.020921871382180292,0.038684852,0.0029205824750925115,100,128,20,32
LSTM,mean,28,2023-06-12,2023-07-10,0.02064764913305339,0.042519886,0.0029205824750925115,100,128,20,32
LSTM,mean,28,2023-06-13,2023-07-11,0.018759703832617464,0.044723827,0.0029205824750925115,100,128,20,32
LSTM,mean,28,2023-06-14,2023-07-12,0.01825554387776106,0.0451173,0.0029205824750925115,100,128,20,32
LSTM,mean,28,2023-06-15,2023-07-13,0.01815728668450978,0.043853413,0.0029205824750925115,100,128,20,32
LSTM,mean,28,2023-06-16,2023-07-14,0.01766133925586516,0.04101823,0.0029205824750925115,100,128,20,32
LSTM,mean,28,2023-06-17,2023-07-15,0.017142980076093314,0.037829645,0.0029205824750925115,100,128,20,32
LSTM,mean,28,2023-06-18,2023-07-16,0.016451451474528863,0.035274822,0.0029205824750925115,100,128,20,32
LSTM,mean,28,2023-06-19,2023-07-17,0.01614893541158249,0.03372865,0.0029205824750925115,100,128,20,32
LSTM,mean,28,2023-06-20,2023-07-18,0.015398547098749276,0.031728256,0.0029205824750925115,100,128,20,32
LSTM,mean,28,2023-06-21,2023-07-19,0.015337976231806149,0.030308593,0.0029205824750925115,100,128,20,32
LSTM,mean,28,2023-06-22,2023-07-20,0.0151222191476377,0.029369157,0.0029205824750925115,100,128,20,32
LSTM,mean,28,2023-06-23,2023-07-21,0.0151318451527297,0.02878217,0.0029205824750925115,100,128,20,32
LSTM,mean,28,2023-06-24,2023-07-22,0.015154254307802536,0.028578546,0.0029205824750925115,100,128,20,32
LSTM,mean,28,2023-06-25,2023-07-23,0.015521889627311635,0.028377268,0.0029205824750925115,100,128,20,32
LSTM,mean,28,2023-06-26,2023-07-24,0.015734868603895745,0.027981635,0.0029205824750925115,100,128,20,32
LSTM,mean,28,2023-06-27,2023-07-25,0.017499234629100403,0.027891576,0.0029205824750925115,100,128,20,32
LSTM,mean,28,2023-06-28,2023-07-26,0.016882932317259604,0.02871817,0.0029205824750925115,100,128,20,32
LSTM,mean,28,2023-06-29,2023-07-27,0.016304484167451897,0.03016806,0.0029205824750925115,100,128,20,32
LSTM,mean,28,2023-06-30,2023-07-28,0.016094643447225748,0.03219213,0.0029205824750925115,100,128,20,32
LSTM,mean,28,2023-07-01,2023-07-29,0.015495106124443202,0.034084957,0.0029205824750925115,100,128,20,32
LSTM,mean,28,2023-07-02,2023-07-30,0.014786026774915318,0.035554823,0.0029205824750925115,100,128,20,32
LSTM,mean,28,2023-07-03,2023-07-31,0.014613387658776041,0.035992395,0.0029205824750925115,100,128,20,32
LSTM,mean,28,2023-07-04,2023-08-01,0.015829941411054087,0.037466627,0.0029205824750925115,100,128,20,32
LSTM,mean,28,2023-07-05,2023-08-02,0.016129579912494238,0.038938552,0.0029205824750925115,100,128,20,32
LSTM,mean,28,2023-07-06,2023-08-03,0.01683912208995456,0.040244535,0.0029205824750925115,100,128,20,32
LSTM,mean,28,2023-07-07,2023-08-04,0.016979264306447285,0.04103104,0.0029205824750925115,100,128,20,32
LSTM,mean,28,2023-07-08,2023-08-05,0.01716472437324465,0.040980924,0.0029205824750925115,100,128,20,32
LSTM,mean,28,2023-07-09,2023-08-06,0.01668445586844775,0.040283483,0.0029205824750925115,100,128,20,32
LSTM,mean,28,2023-07-10,2023-08-07,0.015999248513226764,0.039222315,0.0029205824750925115,100,128,20,32
LSTM,mean,28,2023-07-11,2023-08-08,0.014443916390635279,0.03684207,0.0029205824750925115,100,128,20,32
LSTM,mean,28,2023-07-12,2023-08-09,0.014858106806785343,0.034300644,0.0029205824750925115,100,128,20,32
LSTM,mean,28,2023-07-13,2023-08-10,0.015395880126889437,0.032256313,0.0029205824750925115,100,128,20,32
LSTM,mean,28,2023-07-14,2023-08-11,0.01597114731325099,0.030613944,0.0029205824750925115,100,128,20,32
LSTM,mean,28,2023-07-15,2023-08-12,0.01727720521848292,0.029344458,0.0029205824750925115,100,128,20,32
LSTM,mean,28,2023-07-16,2023-08-13,0.019287951589009554,0.028251477,0.0029205824750925115,100,128,20,32
LSTM,mean,28,2023-07-17,2023-08-14,0.020337425227242575,0.027484,0.0029205824750925115,100,128,20,32
LSTM,mean,28,2023-07-18,2023-08-15,0.02004952460711604,0.026646309,0.0029205824750925115,100,128,20,32
LSTM,mean,28,2023-07-19,2023-08-16,0.020050840739817603,0.026140127,0.0029205824750925115,100,128,20,32
LSTM,mean,28,2023-07-20,2023-08-17,0.019636256420528776,0.025823735,0.0029205824750925115,100,128,20,32
LSTM,mean,28,2023-07-21,2023-08-18,0.019839822585211185,0.025795534,0.0029205824750925115,100,128,20,32
LSTM,mean,28,2023-07-22,2023-08-19,0.020202660464567774,0.025991753,0.0029205824750925115,100,128,20,32
LSTM,mean,28,2023-07-23,2023-08-20,0.021500459689544008,0.026584443,0.0029205824750925115,100,128,20,32
LSTM,mean,28,2023-07-24,2023-08-21,0.02251016703196554,0.027307134,0.0029205824750925115,100,128,20,32
LSTM,mean,28,2023-07-25,2023-08-22,0.024969388540383552,0.029155638,0.0029205824750925115,100,128,20,32
LSTM,mean,28,2023-07-26,2023-08-23,0.026200885200839522,0.030417774,0.0029205824750925115,100,128,20,32
LSTM,mean,28,2023-07-27,2023-08-24,0.026835974681743178,0.030867163,0.0029205824750925115,100,128,20,32
LSTM,mean,28,2023-07-28,2023-08-25,0.027203321512249412,0.030747559,0.0029205824750925115,100,128,20,32
LSTM,mean,28,2023-07-29,2023-08-26,0.02742056385042249,0.02993957,0.0029205824750925115,100,128,20,32
LSTM,mean,28,2023-07-30,2023-08-27,0.027367559848038212,0.028544158,0.0029205824750925115,100,128,20,32
LSTM,mean,28,2023-07-31,2023-08-28,0.025368347649415868,0.0271831,0.0029205824750925115,100,128,20,32
LSTM,mean,28,2023-08-01,2023-08-29,0.025850504108248712,0.026970882,0.0029205824750925115,100,128,20,32
LSTM,mean,28,2023-08-02,2023-08-30,0.02589425783196988,0.027336702,0.0029205824750925115,100,128,20,32
LSTM,mean,28,2023-08-03,2023-08-31,0.026258065168719865,0.028383467,0.0029205824750925115,100,128,20,32
LSTM,mean,28,2023-08-04,2023-09-01,0.02658797698447568,0.029528923,0.0029205824750925115,100,128,20,32
LSTM,mean,28,2023-08-05,2023-09-02,0.027435533877634415,0.030603677,0.0029205824750925115,100,128,20,32
LSTM,mean,28,2023-08-06,2023-09-03,0.0277461345559839,0.031032193,0.0029205824750925115,100,128,20,32
LSTM,mean,28,2023-08-07,2023-09-04,0.02996470924665842,0.030653574,0.0029205824750925115,100,128,20,32
LSTM,mean,28,2023-08-08,2023-09-05,0.030711415932792845,0.028970324,0.0029205824750925115,100,128,20,32
LSTM,mean,28,2023-08-09,2023-09-06,0.03146528337075428,0.02756624,0.0029205824750925115,100,128,20,32
LSTM,mean,28,2023-08-10,2023-09-07,0.03168780574315189,0.026862979,0.0029205824750925115,100,128,20,32
LSTM,mean,28,2023-08-11,2023-09-08,0.03266538052227829,0.026969414,0.0029205824750925115,100,128,20,32
LSTM,mean,28,2023-08-12,2023-09-09,0.033521956298179126,0.028268006,0.0029205824750925115,100,128,20,32
LSTM,mean,28,2023-08-13,2023-09-10,0.0341728924304534,0.03105224,0.0029205824750925115,100,128,20,32
LSTM,mean,28,2023-08-14,2023-09-11,0.036521332487694604,0.034334857,0.0029205824750925115,100,128,20,32
LSTM,mean,28,2023-08-15,2023-09-12,0.035600796321057775,0.0368425,0.0029205824750925115,100,128,20,32
LSTM,mean,28,2023-08-16,2023-09-13,0.03883209852197485,0.038450275,0.0029205824750925115,100,128,20,32
LSTM,mean,28,2023-08-17,2023-09-14,0.04042577564475446,0.038853224,0.0029205824750925115,100,128,20,32
LSTM,mean,28,2023-08-18,2023-09-15,0.04116502475590788,0.038663685,0.0029205824750925115,100,128,20,32
LSTM,mean,28,2023-08-19,2023-09-16,0.04120155018039486,0.038329776,0.0029205824750925115,100,128,20,32
LSTM,mean,28,2023-08-20,2023-09-17,0.041760873519425014,0.038766406,0.0029205824750925115,100,128,20,32
LSTM,mean,28,2023-08-21,2023-09-18,0.039864854609507935,0.03989137,0.0029205824750925115,100,128,20,32
LSTM,mean,28,2023-08-22,2023-09-19,0.041135083147445385,0.04265925,0.0029205824750925115,100,128,20,32
LSTM,mean,28,2023-08-23,2023-09-20,0.041876885212484914,0.04605864,0.0029205824750925115,100,128,20,32
LSTM,mean,28,2023-08-24,2023-09-21,0.04266065582821124,0.0492694,0.0029205824750925115,100,128,20,32
LSTM,mean,28,2023-08-25,2023-09-22,0.041212188005497245,0.051737014,0.0029205824750925115,100,128,20,32
LSTM,mean,28,2023-08-26,2023-09-23,0.040633468941889246,0.053210486,0.0029205824750925115,100,128,20,32
LSTM,mean,28,2023-08-27,2023-09-24,0.04071261732651853,0.053555816,0.0029205824750925115,100,128,20,32
LSTM,mean,28,2023-08-28,2023-09-25,0.0416876196818655,0.051623724,0.0029205824750925115,100,128,20,32
LSTM,mean,28,2023-08-29,2023-09-26,0.047299294875667516,0.049435463,0.0029205824750925115,100,128,20,32
LSTM,mean,28,2023-08-30,2023-09-27,0.04838185137688062,0.047432546,0.0029205824750925115,100,128,20,32
LSTM,mean,28,2023-08-31,2023-09-28,0.04926153471640357,0.046212114,0.0029205824750925115,100,128,20,32
LSTM,mean,28,2023-09-01,2023-09-29,0.05079215335944181,0.045839272,0.0029205824750925115,100,128,20,32
LSTM,mean,28,2023-09-02,2023-09-30,0.052099173497155475,0.04653203,0.0029205824750925115,100,128,20,32
LSTM,mean,28,2023-09-03,2023-10-01,0.054228481091523596,0.047729556,0.0029205824750925115,100,128,20,32
LSTM,mean,28,2023-09-04,2023-10-02,0.054228481091523596,0.050532885,0.0029205824750925115,100,128,20,32
LSTM,mean,28,2023-09-05,2023-10-03,0.057160646307487406,0.053721096,0.0029205824750925115,100,128,20,32
LSTM,mean,28,2023-09-06,2023-10-04,0.059207134577776245,0.0568732,0.0029205824750925115,100,128,20,32
LSTM,mean,28,2023-09-07,2023-10-05,0.06040940308825981,0.05928922,0.0029205824750925115,100,128,20,32
LSTM,mean,28,2023-09-08,2023-10-06,0.06090063841936074,0.061350673,0.0029205824750925115,100,128,20,32
LSTM,mean,28,2023-09-09,2023-10-07,0.06131938534129275,0.06304335,0.0029205824750925115,100,128,20,32
LSTM,mean,28,2023-09-10,2023-10-08,0.06158822492011762,0.06433769,0.0029205824750925115,100,128,20,32
LSTM,mean,28,2023-09-11,2023-10-09,0.06316475928926725,0.066507176,0.0029205824750925115,100,128,20,32
LSTM,mean,28,2023-09-12,2023-10-10,0.06103983214692733,0.06740055,0.0029205824750925115,100,128,20,32
LSTM,mean,28,2023-09-13,2023-10-11,0.06022950922231705,0.069764465,0.0029205824750925115,100,128,20,32
LSTM,mean,28,2023-09-14,2023-10-12,0.05870774680915994,0.07281357,0.0029205824750925115,100,128,20,32
LSTM,mean,28,2023-09-15,2023-10-13,0.05768381652170041,0.07560969,0.0029205824750925115,100,128,20,32
LSTM,mean,28,2023-09-16,2023-10-14,0.05631481367631079,0.07720476,0.0029205824750925115,100,128,20,32
LSTM,mean,28,2023-09-17,2023-10-15,0.05466154656903291,0.07787745,0.0029205824750925115,100,128,20,32
LSTM,mean,28,2023-09-18,2023-10-16,0.05529457903908453,0.075757794,0.0029205824750925115,100,128,20,32
LSTM,mean,28,2023-09-19,2023-10-17,0.05439798857076055,0.07343211,0.0029205824750925115,100,128,20,32
LSTM,mean,28,2023-09-20,2023-10-18,0.05413901437052666,0.0715779,0.0029205824750925115,100,128,20,32
LSTM,mean,28,2023-09-21,2023-10-19,0.05428202115080427,0.07076797,0.0029205824750925115,100,128,20,32
LSTM,mean,28,2023-09-22,2023-10-20,0.054258245126709834,0.06938764,0.0029205824750925115,100,128,20,32
LSTM,mean,28,2023-09-23,2023-10-21,0.05554923980738474,0.067790285,0.0029205824750925115,100,128,20,32
LSTM,mean,28,2023-09-24,2023-10-22,0.05676709753669388,0.066403724,0.0029205824750925115,100,128,20,32
LSTM,mean,28,2023-09-25,2023-10-23,0.05769901239923082,0.066218875,0.0029205824750925115,100,128,20,32
LSTM,mean,28,2023-09-26,2023-10-24,0.06708737515764628,0.07090474,0.0029205824750925115,100,128,20,32
LSTM,mean,28,2023-09-27,2023-10-25,0.0693610017248623,0.07726678,0.0029205824750925115,100,128,20,32
LSTM,mean,28,2023-09-28,2023-10-26,0.07014536401973497,0.08372068,0.0029205824750925115,100,128,20,32
LSTM,mean,28,2023-09-29,2023-10-27,0.07286875594659449,0.089672334,0.0029205824750925115,100,128,20,32
LSTM,mean,28,2023-09-30,2023-10-28,0.07490462786741633,0.09433666,0.0029205824750925115,100,128,20,32
LSTM,mean,28,2023-10-01,2023-10-29,0.0765826909905696,0.09792878,0.0029205824750925115,100,128,20,32
LSTM,mean,28,2023-10-02,2023-10-30,0.08171143569789005,0.09894851,0.0029205824750925115,100,128,20,32
LSTM,mean,28,2023-10-03,2023-10-31,0.08961593263464504,0.09940405,0.0029205824750925115,100,128,20,32
LSTM,mean,28,2023-10-04,2023-11-01,0.09364398757052059,0.0995799,0.0029205824750925115,100,128,20,32
LSTM,mean,28,2023-10-05,2023-11-02,0.09606731527867739,0.099162035,0.0029205824750925115,100,128,20,32
LSTM,mean,28,2023-10-06,2023-11-03,0.09884619144991041,0.097588286,0.0029205824750925115,100,128,20,32
LSTM,mean,28,2023-10-07,2023-11-04,0.1010212576889182,0.09469074,0.0029205824750925115,100,128,20,32
LSTM,mean,28,2023-10-08,2023-11-05,0.10555499872329109,0.09083932,0.0029205824750925115,100,128,20,32
LSTM,mean,28,2023-10-09,2023-11-06,0.11097745226778419,0.087454155,0.0029205824750925115,100,128,20,32
LSTM,mean,28,2023-10-10,2023-11-07,0.11626975528826576,0.0823622,0.0029205824750925115,100,128,20,32
LSTM,mean,28,2023-10-11,2023-11-08,0.13180608141533884,0.07653094,0.0029205824750925115,100,128,20,32
LSTM,mean,28,2023-10-12,2023-11-09,0.13729154207096592,0.070196226,0.0029205824750925115,100,128,20,32
LSTM,mean,28,2023-10-13,2023-11-10,0.13729154207096592,0.06427744,0.0029205824750925115,100,128,20,32
LSTM,mean,28,2023-10-14,2023-11-11,0.13873362739757616,0.058951594,0.0029205824750925115,100,128,20,32
LSTM,mean,28,2023-10-15,2023-11-12,0.1415087387818689,0.054016817,0.0029205824750925115,100,128,20,32
LSTM,mean,28,2023-10-16,2023-11-13,0.14088430417845246,0.051420327,0.0029205824750925115,100,128,20,32
LSTM,mean,28,2023-10-17,2023-11-14,0.14460672052530318,0.049714126,0.0029205824750925115,100,128,20,32
LSTM,mean,28,2023-10-18,2023-11-15,0.15004875283649335,0.04872622,0.0029205824750925115,100,128,20,32
LSTM,mean,28,2023-10-19,2023-11-16,0.1543787251966863,0.048491146,0.0029205824750925115,100,128,20,32
LSTM,mean,28,2023-10-20,2023-11-17,0.1577614552918338,0.04867201,0.0029205824750925115,100,128,20,32
LSTM,mean,28,2023-10-21,2023-11-18,0.16239700182164243,0.05019697,0.0029205824750925115,100,128,20,32
LSTM,mean,28,2023-10-22,2023-11-19,0.16621294655598837,0.052952394,0.0029205824750925115,100,128,20,32
LSTM,mean,28,2023-10-23,2023-11-20,0.1726684403556859,0.056501072,0.0029205824750925115,100,128,20,32
LSTM,mean,28,2023-10-24,2023-11-21,0.1780018064157898,0.0675525,0.0029205824750925115,100,128,20,32
LSTM,mean,28,2023-10-25,2023-11-22,0.1762285956341221,0.080996044,0.0029205824750925115,100,128,20,32
LSTM,mean,28,2023-10-26,2023-11-23,0.18298875568361378,0.09316516,0.0029205824750925115,100,128,20,32
LSTM,mean,28,2023-10-27,2023-11-24,0.17970974463867573,0.10353633,0.0029205824750925115,100,128,20,32
LSTM,mean,28,2023-10-28,2023-11-25,0.18515124840245936,0.11072759,0.0029205824750925115,100,128,20,32
LSTM,mean,28,2023-10-29,2023-11-26,0.19303482727357177,0.11403281,0.0029205824750925115,100,128,20,32
LSTM,mean,28,2023-10-30,2023-11-27,0.19877262707533147,0.11707937,0.0029205824750925115,100,128,20,32
LSTM,mean,28,2023-10-31,2023-11-28,0.20919234209026485,0.12539479,0.0029205824750925115,100,128,20,32
LSTM,mean,28,2023-11-01,2023-11-29,0.2157007730162676,0.13817641,0.0029205824750925115,100,128,20,32
LSTM,mean,28,2023-11-02,2023-11-30,0.21867657579282268,0.15282924,0.0029205824750925115,100,128,20,32
LSTM,mean,28,2023-11-03,2023-12-01,0.21976181386743115,0.1669288,0.0029205824750925115,100,128,20,32
LSTM,mean,28,2023-11-04,2023-12-02,0.2206127125794615,0.17724808,0.0029205824750925115,100,128,20,32
LSTM,mean,28,2023-11-05,2023-12-03,0.2233059873389914,0.18377605,0.0029205824750925115,100,128,20,32
LSTM,mean,28,2023-11-06,2023-12-04,0.22240869573228733,0.18831494,0.0029205824750925115,100,128,20,32
LSTM,mean,28,2023-11-07,2023-12-05,0.23721964732182707,0.19336271,0.0029205824750925115,100,128,20,32
LSTM,mean,28,2023-11-08,2023-12-06,0.2429123744927313,0.21180338,0.0029205824750925115,100,128,20,32
LSTM,mean,28,2023-11-09,2023-12-07,0.24525588198929985,0.24048212,0.0029205824750925115,100,128,20,32
LSTM,mean,28,2023-11-10,2023-12-08,0.24459369154973282,0.26902145,0.0029205824750925115,100,128,20,32
LSTM,mean,28,2023-11-11,2023-12-09,0.24567036035122167,0.2878602,0.0029205824750925115,100,128,20,32
LSTM,mean,28,2023-11-12,2023-12-10,0.24404549662128625,0.2918524,0.0029205824750925115,100,128,20,32
LSTM,mean,28,2023-11-13,2023-12-11,0.24751412013981824,0.27407214,0.0029205824750925115,100,128,20,32
LSTM,mean,28,2023-11-14,2023-12-12,0.24847486183782236,0.24612989,0.0029205824750925115,100,128,20,32
LSTM,mean,28,2023-11-15,2023-12-13,0.2460190134508397,0.22391145,0.0029205824750925115,100,128,20,32
LSTM,mean,28,2023-11-16,2023-12-14,0.2436470164596183,0.21695085,0.0029205824750925115,100,128,20,32
LSTM,mean,28,2023-11-17,2023-12-15,0.24263457990844456,0.22745807,0.0029205824750925115,100,128,20,32
LSTM,mean,28,2023-11-18,2023-12-16,0.25021935142805124,0.25078073,0.0029205824750925115,100,128,20,32
LSTM,mean,28,2023-11-19,2023-12-17,0.2450239486987933,0.27615774,0.0029205824750925115,100,128,20,32
LSTM,mean,28,2023-11-20,2023-12-18,0.24673257139171853,0.2964577,0.0029205824750925115,100,128,20,32
LSTM,mean,28,2023-11-21,2023-12-19,0.21332805091602164,0.29535127,0.0029205824750925115,100,128,20,32
LSTM,mean,28,2023-11-22,2023-12-20,0.19490525605838763,0.27155825,0.0029205824750925115,100,128,20,32
LSTM,mean,28,2023-11-23,2023-12-21,0.1823091162078165,0.22319198,0.0029205824750925115,100,128,20,32
LSTM,mean,28,2023-11-24,2023-12-22,0.1773088507628169,0.21200438,0.0029205824750925115,100,128,20,32
LSTM,mean,28,2023-11-25,2023-12-23,0.1708532695446551,0.20926161,0.0029205824750925115,100,128,20,32
LSTM,mean,28,2023-11-26,2023-12-24,0.16447040689913564,0.21250807,0.0029205824750925115,100,128,20,32
LSTM,mean,28,2023-11-27,2023-12-25,0.15578129224466283,0.21957801,0.0029205824750925115,100,128,20,32
LSTM,mean,28,2023-11-28,2023-12-26,0.1392454062413967,0.23307411,0.0029205824750925115,100,128,20,32
LSTM,mean,28,2023-11-29,2023-12-27,0.14026828693248514,0.247905,0.0029205824750925115,100,128,20,32
LSTM,mean,28,2023-11-30,2023-12-28,0.13963205596970305,0.25944215,0.0029205824750925115,100,128,20,32
LSTM,mean,28,2023-12-01,2023-12-29,0.13554709831464054,0.2655051,0.0029205824750925115,100,128,20,32
LSTM,mean,28,2023-12-02,2023-12-30,0.13247481659948357,0.26594546,0.0029205824750925115,100,128,20,32
LSTM,mean,28,2023-12-03,2023-12-31,0.13176984323036373,0.26283315,0.0029205824750925115,100,128,20,32
LSTM,mean,28,2023-12-04,2024-01-01,0.13176984323036373,0.25640437,0.0029205824750925115,100,128,20,32
LSTM,mean,28,2023-12-05,2024-01-02,0.125085363035447,0.25657675,0.0029205824750925115,100,128,20,32
LSTM,mean,28,2023-12-06,2024-01-03,0.1460763632288744,0.25814006,0.0029205824750925115,100,128,20,32
LSTM,mean,28,2023-12-07,2024-01-04,0.15065459183855895,0.25805262,0.0029205824750925115,100,128,20,32
LSTM,mean,28,2023-12-08,2024-01-05,0.16038528894268547,0.25428057,0.0029205824750925115,100,128,20,32
LSTM,mean,28,2023-12-09,2024-01-06,0.16467434101211137,0.24851002,0.0029205824750925115,100,128,20,32
LSTM,mean,28,2023-12-10,2024-01-07,0.1590846896417734,0.2399494,0.0029205824750925115,100,128,20,32
LSTM,mean,28,2023-12-11,2024-01-08,0.1473343966942288,0.23046759,0.0029205824750925115,100,128,20,32
LSTM,mean,28,2023-12-12,2024-01-09,0.13347727924190736,0.2194476,0.0029205824750925115,100,128,20,32
LSTM,mean,28,2023-12-13,2024-01-10,0.12553669967451733,0.20435478,0.0029205824750925115,100,128,20,32
LSTM,mean,28,2023-12-14,2024-01-11,0.11578902262890232,0.1881524,0.0029205824750925115,100,128,20,32
LSTM,mean,28,2023-12-15,2024-01-12,0.12157671613866941,0.17368458,0.0029205824750925115,100,128,20,32
LSTM,mean,28,2023-12-16,2024-01-13,0.1131200330449865,0.1665145,0.0029205824750925115,100,128,20,32
LSTM,mean,28,2023-12-17,2024-01-14,0.1131200330449865,0.15988955,0.0029205824750925115,100,128,20,32
LSTM,mean,28,2023-12-18,2024-01-15,0.10861545893922078,0.1561505,0.0029205824750925115,100,128,20,32
LSTM,mean,28,2023-12-19,2024-01-16,0.11489677018815585,0.136112,0.0029205824750925115,100,128,20,32
LSTM,mean,28,2023-12-20,2024-01-17,0.09441690652857937,0.111558914,0.0029205824750925115,100,128,20,32
LSTM,mean,28,2023-12-21,2024-01-18,0.09355917255892066,0.0904315,0.0029205824750925115,100,128,20,32
LSTM,mean,28,2023-12-22,2024-01-19,0.09220682919412322,0.07839962,0.0029205824750925115,100,128,20,32
LSTM,mean,28,2023-12-23,2024-01-20,0.08871766930252432,0.07196269,0.0029205824750925115,100,128,20,32
LSTM,mean,28,2023-12-24,2024-01-21,0.08977748841267115,0.068842776,0.0029205824750925115,100,128,20,32
LSTM,mean,28,2023-12-25,2024-01-22,0.09335548436576135,0.06585743,0.0029205824750925115,100,128,20,32
LSTM,mean,28,2023-12-26,2024-01-23,0.09457352777748064,0.058792245,0.0029205824750925115,100,128,20,32
LSTM,mean,28,2023-12-27,2024-01-24,0.09519824765401066,0.05753852,0.0029205824750925115,100,128,20,32
LSTM,mean,28,2023-12-28,2024-01-25,0.10093731179301353,0.05911087,0.0029205824750925115,100,128,20,32
LSTM,mean,28,2023-12-29,2024-01-26,0.10093731179301353,0.060226467,0.0029205824750925115,100,128,20,32
LSTM,mean,28,2023-12-30,2024-01-27,0.10497482358531632,0.06116093,0.0029205824750925115,100,128,20,32
LSTM,mean,28,2023-12-31,2024-01-28,0.10497482358531632,0.062864155,0.0029205824750925115,100,128,20,32
LSTM,mean,28,2024-01-01,2024-01-29,0.10857437441778534,0.06518822,0.0029205824750925115,100,128,20,32
LSTM,mean,28,2024-01-02,2024-01-30,0.09982472109988688,0.06474773,0.0029205824750925115,100,128,20,32
LSTM,mean,28,2024-01-03,2024-01-31,0.09768920904645417,0.07574959,0.0029205824750925115,100,128,20,32
LSTM,mean,28,2024-01-04,2024-02-01,0.09927763106946927,0.08674944,0.0029205824750925115,100,128,20,32
LSTM,mean,28,2024-01-18,2024-02-15,0.14403843038550887,0.060671452,0.0029205824750925115,100,128,20,32
LSTM,mean,28,2024-01-19,2024-02-16,0.13728887406474222,0.059036836,0.0029205824750925115,100,128,20,32
LSTM,mean,28,2024-01-20,2024-02-17,0.13326310034400296,0.057956308,0.0029205824750925115,100,128,20,32
LSTM,mean,28,2024-01-21,2024-02-18,0.13661715842798744,0.0591069,0.0029205824750925115,100,128,20,32
LSTM,mean,28,2024-01-22,2024-02-19,0.13661715842798744,0.062538855,0.0029205824750925115,100,128,20,32
LSTM,mean,28,2024-01-23,2024-02-20,0.13650128703419917,0.0660799,0.0029205824750925115,100,128,20,32
LSTM,mean,28,2024-01-24,2024-02-21,0.13644209917397826,0.06909852,0.0029205824750925115,100,128,20,32
LSTM,mean,28,2024-01-25,2024-02-22,0.13585783766387388,0.07416206,0.0029205824750925115,100,128,20,32
LSTM,mean,28,2024-01-26,2024-02-23,0.13823200479050599,0.07791029,0.0029205824750925115,100,128,20,32
LSTM,mean,28,2024-01-27,2024-02-24,0.13823200479050599,0.08302579,0.0029205824750925115,100,128,20,32
LSTM,mean,28,2024-01-28,2024-02-25,0.14987569165075187,0.091204144,0.0029205824750925115,100,128,20,32
LSTM,mean,28,2024-01-29,2024-02-26,0.1501238127213669,0.19097954,0.0029205824750925115,100,128,20,32
LSTM,mean,28,2024-01-30,2024-02-27,0.1406031126327308,0.13485187,0.0029205824750925115,100,128,20,32
LSTM,mean,28,2024-01-31,2024-02-28,0.1374787993837205,0.07635796,0.0029205824750925115,100,128,20,32
LSTM,mean,28,2024-02-01,2024-02-29,0.13371096809312163,0.051304962,0.0029205824750925115,100,128,20,32
LSTM,variance,14,2023-05-15,2023-05-29,0.0005165039138387742,0.007474342,2.679398050692315e-05,100,128,20,32
LSTM,variance,14,2023-05-16,2023-05-30,0.000396534719328378,0.0073579657,2.679398050692315e-05,100,128,20,32
LSTM,variance,14,2023-05-17,2023-05-31,0.0003612216101206669,0.0071456437,2.679398050692315e-05,100,128,20,32
LSTM,variance,14,2023-05-18,2023-06-01,0.00036779103154906064,0.0062362663,2.679398050692315e-05,100,128,20,32
LSTM,variance,14,2023-05-19,2023-06-02,0.0003706641551886727,0.0053475425,2.679398050692315e-05,100,128,20,32
LSTM,variance,14,2023-05-20,2023-06-03,0.00037567529558119126,0.0046463613,2.679398050692315e-05,100,128,20,32
LSTM,variance,14,2023-05-21,2023-06-04,0.00037879015378993196,0.00419673,2.679398050692315e-05,100,128,20,32
LSTM,variance,14,2023-05-22,2023-06-05,0.00031668612824860325,0.004031699,2.679398050692315e-05,100,128,20,32
LSTM,variance,14,2023-05-23,2023-06-06,8.242633513760308e-05,0.0033493836,2.679398050692315e-05,100,128,20,32
LSTM,variance,14,2023-05-24,2023-06-07,9.624188303081485e-05,0.0026671987,2.679398050692315e-05,100,128,20,32
LSTM,variance,14,2023-05-25,2023-06-08,0.00010380435104511207,0.0022101668,2.679398050692315e-05,100,128,20,32
LSTM,variance,14,2023-05-26,2023-06-09,0.00010747163506636533,0.0019426355,2.679398050692315e-05,100,128,20,32
LSTM,variance,14,2023-05-27,2023-06-10,0.00010446051684804562,0.0017299267,2.679398050692315e-05,100,128,20,32
LSTM,variance,14,2023-05-28,2023-06-11,0.00010479076615257291,0.0015361678,2.679398050692315e-05,100,128,20,32
LSTM,variance,14,2023-05-29,2023-06-12,0.00010474173474624883,0.0014424814,2.679398050692315e-05,100,128,20,32
LSTM,variance,14,2023-05-30,2023-06-13,6.469446961682607e-05,0.0015231803,2.679398050692315e-05,100,128,20,32
LSTM,variance,14,2023-05-31,2023-06-14,9.423757255570466e-05,0.0018577782,2.679398050692315e-05,100,128,20,32
LSTM,variance,14,2023-06-01,2023-06-15,0.00012100580670343002,0.0018921061,2.679398050692315e-05,100,128,20,32
LSTM,variance,14,2023-06-02,2023-06-16,0.00014281659105401434,0.0013575706,2.679398050692315e-05,100,128,20,32
LSTM,variance,14,2023-06-03,2023-06-17,0.00014074980416563975,0.0008531157,2.679398050692315e-05,100,128,20,32
LSTM,variance,14,2023-06-04,2023-06-18,0.0001406241991228432,0.0007233696,2.679398050692315e-05,100,128,20,32
LSTM,variance,14,2023-06-05,2023-06-19,0.0001386858046172259,0.00051085226,2.679398050692315e-05,100,128,20,32
LSTM,variance,14,2023-06-06,2023-06-20,0.00011760469988271101,0.00018273709,2.679398050692315e-05,100,128,20,32
LSTM,variance,14,2023-06-07,2023-06-21,0.000120034800592035,-5.341744e-05,2.679398050692315e-05,100,128,20,32
LSTM,variance,14,2023-06-08,2023-06-22,0.00012387075776166634,-0.00016104853,2.679398050692315e-05,100,128,20,32
LSTM,variance,14,2023-06-09,2023-06-23,0.0001257714385614887,-0.00014072708,2.679398050692315e-05,100,128,20,32
LSTM,variance,14,2023-06-10,2023-06-24,0.0001358986254905031,-4.3072425e-05,2.679398050692315e-05,100,128,20,32
LSTM,variance,14,2023-06-11,2023-06-25,0.0001296025800320577,5.04539e-05,2.679398050692315e-05,100,128,20,32
LSTM,variance,14,2023-06-12,2023-06-26,0.00010938329996854319,7.4089585e-05,2.679398050692315e-05,100,128,20,32
LSTM,variance,14,2023-06-13,2023-06-27,0.00012150273778285357,7.404453e-05,2.679398050692315e-05,100,128,20,32
LSTM,variance,14,2023-06-14,2023-06-28,0.00011365301432943044,8.257894e-05,2.679398050692315e-05,100,128,20,32
LSTM,variance,14,2023-06-15,2023-06-29,0.00010157736211233028,9.7978824e-05,2.679398050692315e-05,100,128,20,32
LSTM,variance,14,2023-06-16,2023-06-30,8.369138246784943e-05,0.00011628665,2.679398050692315e-05,100,128,20,32
LSTM,variance,14,2023-06-17,2023-07-01,8.281965861820725e-05,0.00012594795,2.679398050692315e-05,100,128,20,32
LSTM,variance,14,2023-06-18,2023-07-02,8.309215793671043e-05,0.00012765541,2.679398050692315e-05,100,128,20,32
LSTM,variance,14,2023-06-19,2023-07-03,7.430987919036254e-05,0.00012167935,2.679398050692315e-05,100,128,20,32
LSTM,variance,14,2023-06-20,2023-07-04,9.421657124288995e-05,0.00010569204,2.679398050692315e-05,100,128,20,32
LSTM,variance,14,2023-06-21,2023-07-05,8.768492552391355e-05,9.279927e-05,2.679398050692315e-05,100,128,20,32
LSTM,variance,14,2023-06-22,2023-07-06,8.072378920634389e-05,8.610621e-05,2.679398050692315e-05,100,128,20,32
LSTM,variance,14,2023-06-23,2023-07-07,8.099134228211503e-05,8.586639e-05,2.679398050692315e-05,100,128,20,32
LSTM,variance,14,2023-06-24,2023-07-08,7.73546532432404e-05,9.504609e-05,2.679398050692315e-05,100,128,20,32
LSTM,variance,14,2023-06-25,2023-07-09,7.991587560407396e-05,0.000103421706,2.679398050692315e-05,100,128,20,32
LSTM,variance,14,2023-06-26,2023-07-10,7.838855917153161e-05,9.985742e-05,2.679398050692315e-05,100,128,20,32
LSTM,variance,14,2023-06-27,2023-07-11,4.110197372174843e-05,0.00010206349,2.679398050692315e-05,100,128,20,32
LSTM,variance,14,2023-06-28,2023-07-12,4.295705493103402e-05,0.00010111249,2.679398050692315e-05,100,128,20,32
LSTM,variance,14,2023-06-29,2023-07-13,4.381126794360352e-05,9.3691364e-05,2.679398050692315e-05,100,128,20,32
LSTM,variance,14,2023-06-30,2023-07-14,4.930382379909738e-05,7.683501e-05,2.679398050692315e-05,100,128,20,32
LSTM,variance,14,2023-07-01,2023-07-15,5.165058902079529e-05,5.985397e-05,2.679398050692315e-05,100,128,20,32
LSTM,variance,14,2023-07-02,2023-07-16,5.2713073233251855e-05,4.6633148e-05,2.679398050692315e-05,100,128,20,32
LSTM,variance,14,2023-07-03,2023-07-17,5.085755326524275e-05,3.4472403e-05,2.679398050692315e-05,100,128,20,32
LSTM,variance,14,2023-07-04,2023-07-18,2.2425920283682633e-05,3.756195e-05,2.679398050692315e-05,100,128,20,32
LSTM,variance,14,2023-07-05,2023-07-19,2.2270049090947326e-05,4.3168046e-05,2.679398050692315e-05,100,128,20,32
LSTM,variance,14,2023-07-06,2023-07-20,2.3170543472659755e-05,4.6820693e-05,2.679398050692315e-05,100,128,20,32
LSTM,variance,14,2023-07-07,2023-07-21,2.310975956974895e-05,4.859044e-05,2.679398050692315e-05,100,128,20,32
LSTM,variance,14,2023-07-08,2023-07-22,2.3139638278931333e-05,4.6310677e-05,2.679398050692315e-05,100,128,20,32
LSTM,variance,14,2023-07-09,2023-07-23,2.478480415949975e-05,4.3178523e-05,2.679398050692315e-05,100,128,20,32
LSTM,variance,14,2023-07-10,2023-07-24,2.8139717463203465e-05,3.846999e-05,2.679398050692315e-05,100,128,20,32
LSTM,variance,14,2023-07-11,2023-07-25,7.142798415736174e-05,1.7130127e-05,2.679398050692315e-05,100,128,20,32
LSTM,variance,14,2023-07-12,2023-07-26,8.235936714938586e-05,-3.1539619e-06,2.679398050692315e-05,100,128,20,32
LSTM,variance,14,2023-07-13,2023-07-27,9.128063129160166e-05,-1.8579225e-05,2.679398050692315e-05,100,128,20,32
LSTM,variance,14,2023-07-14,2023-07-28,9.506478387373946e-05,-2.456856e-05,2.679398050692315e-05,100,128,20,32
LSTM,variance,14,2023-07-15,2023-07-29,0.00010580842722636319,-2.2951435e-05,2.679398050692315e-05,100,128,20,32
LSTM,variance,14,2023-07-16,2023-07-30,0.00011934129099542907,-1.6792716e-05,2.679398050692315e-05,100,128,20,32
LSTM,variance,14,2023-07-17,2023-07-31,0.00012883436723465765,-9.96356e-06,2.679398050692315e-05,100,128,20,32
LSTM,variance,14,2023-07-18,2023-08-01,0.00018365613183454166,-1.7744527e-05,2.679398050692315e-05,100,128,20,32
LSTM,variance,14,2023-07-19,2023-08-02,0.000185023988470554,-2.922657e-05,2.679398050692315e-05,100,128,20,32
LSTM,variance,14,2023-07-20,2023-08-03,0.00018488517508017052,-4.1112224e-05,2.679398050692315e-05,100,128,20,32
LSTM,variance,14,2023-07-21,2023-08-04,0.00018375088880091134,-5.0797164e-05,2.679398050692315e-05,100,128,20,32
LSTM,variance,14,2023-07-22,2023-08-05,0.00018377196645002374,-5.687777e-05,2.679398050692315e-05,100,128,20,32
LSTM,variance,14,2023-07-23,2023-08-06,0.00018383142567923402,-5.8515616e-05,2.679398050692315e-05,100,128,20,32
LSTM,variance,14,2023-07-24,2023-08-07,0.0001784317145476015,-5.520034e-05,2.679398050692315e-05,100,128,20,32
LSTM,variance,14,2023-07-25,2023-08-08,0.00012779073808994002,-3.0439385e-05,2.679398050692315e-05,100,128,20,32
LSTM,variance,14,2023-07-26,2023-08-09,0.00012122449230434965,3.4967374e-07,2.679398050692315e-05,100,128,20,32
LSTM,variance,14,2023-07-27,2023-08-10,0.00011394510416389328,3.0914052e-05,2.679398050692315e-05,100,128,20,32
LSTM,variance,14,2023-07-28,2023-08-11,0.00010698230582982533,5.4343334e-05,2.679398050692315e-05,100,128,20,32
LSTM,variance,14,2023-07-29,2023-08-12,9.323903648804923e-05,7.1900045e-05,2.679398050692315e-05,100,128,20,32
LSTM,variance,14,2023-07-30,2023-08-13,7.626276289023492e-05,8.589142e-05,2.679398050692315e-05,100,128,20,32
LSTM,variance,14,2023-07-31,2023-08-14,8.581592535690787e-05,9.653842e-05,2.679398050692315e-05,100,128,20,32
LSTM,variance,14,2023-08-01,2023-08-15,7.23481925503755e-05,0.00012765471,2.679398050692315e-05,100,128,20,32
LSTM,variance,14,2023-08-02,2023-08-16,7.23481737697382e-05,0.00015767915,2.679398050692315e-05,100,128,20,32
LSTM,variance,14,2023-08-03,2023-08-17,7.390151364585568e-05,0.00018186211,2.679398050692315e-05,100,128,20,32
LSTM,variance,14,2023-08-04,2023-08-18,7.204749658350661e-05,0.00019702812,2.679398050692315e-05,100,128,20,32
LSTM,variance,14,2023-08-05,2023-08-19,7.271064563097273e-05,0.0002036554,2.679398050692315e-05,100,128,20,32
LSTM,variance,14,2023-08-06,2023-08-20,7.824173525178751e-05,0.00020374551,2.679398050692315e-05,100,128,20,32
LSTM,variance,14,2023-08-07,2023-08-21,7.951995184335658e-05,0.0001974181,2.679398050692315e-05,100,128,20,32
LSTM,variance,14,2023-08-08,2023-08-22,0.00015163143703733931,0.00016693487,2.679398050692315e-05,100,128,20,32
LSTM,variance,14,2023-08-09,2023-08-23,0.00013322797930124714,0.00013379085,2.679398050692315e-05,100,128,20,32
LSTM,variance,14,2023-08-10,2023-08-24,0.00011996258029397116,0.000104487604,2.679398050692315e-05,100,128,20,32
LSTM,variance,14,2023-08-11,2023-08-25,0.00011156647897391821,8.3446e-05,2.679398050692315e-05,100,128,20,32
LSTM,variance,14,2023-08-12,2023-08-26,0.00010897692990039453,6.810572e-05,2.679398050692315e-05,100,128,20,32
LSTM,variance,14,2023-08-13,2023-08-27,0.00010901224310894494,5.4444034e-05,2.679398050692315e-05,100,128,20,32
LSTM,variance,14,2023-08-14,2023-08-28,0.00013649248900412337,5.1982082e-05,2.679398050692315e-05,100,128,20,32
LSTM,variance,14,2023-08-15,2023-08-29,0.00015483505065035216,4.7844565e-05,2.679398050692315e-05,100,128,20,32
LSTM,variance,14,2023-08-16,2023-08-30,0.0001543154806848623,4.4876557e-05,2.679398050692315e-05,100,128,20,32
LSTM,variance,14,2023-08-17,2023-08-31,0.00014779009020219906,4.2626016e-05,2.679398050692315e-05,100,128,20,32
LSTM,variance,14,2023-08-18,2023-09-01,0.0001426886957580896,3.9201426e-05,2.679398050692315e-05,100,128,20,32
LSTM,variance,14,2023-08-19,2023-09-02,0.00014694360979875044,3.548638e-05,2.679398050692315e-05,100,128,20,32
LSTM,variance,14,2023-08-20,2023-09-03,0.00015129085803526501,3.413666e-05,2.679398050692315e-05,100,128,20,32
LSTM,variance,14,2023-08-21,2023-09-04,0.00022935009456921467,3.4549703e-05,2.679398050692315e-05,100,128,20,32
LSTM,variance,14,2023-08-22,2023-09-05,0.000276726194928063,6.809594e-05,2.679398050692315e-05,100,128,20,32
LSTM,variance,14,2023-08-23,2023-09-06,0.0002790904220727402,9.5066694e-05,2.679398050692315e-05,100,128,20,32
LSTM,variance,14,2023-08-24,2023-09-07,0.00027489549671895345,0.00010973561,2.679398050692315e-05,100,128,20,32
LSTM,variance,14,2023-08-25,2023-09-08,0.00028330939263897513,0.00011076251,2.679398050692315e-05,100,128,20,32
LSTM,variance,14,2023-08-26,2023-09-09,0.0002754632998991001,0.00010229574,2.679398050692315e-05,100,128,20,32
LSTM,variance,14,2023-08-27,2023-09-10,0.0002713695421940814,8.980961e-05,2.679398050692315e-05,100,128,20,32
LSTM,variance,14,2023-08-28,2023-09-11,0.00021782435243145393,9.0176436e-05,2.679398050692315e-05,100,128,20,32
LSTM,variance,14,2023-08-29,2023-09-12,0.00022842128146465836,0.00010431205,2.679398050692315e-05,100,128,20,32
LSTM,variance,14,2023-08-30,2023-09-13,0.00023710147034273002,0.00012237749,2.679398050692315e-05,100,128,20,32
LSTM,variance,14,2023-08-31,2023-09-14,0.00020004732675732388,0.00013706084,2.679398050692315e-05,100,128,20,32
LSTM,variance,14,2023-09-01,2023-09-15,0.0001753653299908146,0.00014519559,2.679398050692315e-05,100,128,20,32
LSTM,variance,14,2023-09-02,2023-09-16,0.00017490674414699905,0.00014988294,2.679398050692315e-05,100,128,20,32
LSTM,variance,14,2023-09-03,2023-09-17,0.00017227144367642561,0.0001525911,2.679398050692315e-05,100,128,20,32
LSTM,variance,14,2023-09-04,2023-09-18,0.00014747519878003396,0.0001884596,2.679398050692315e-05,100,128,20,32
LSTM,variance,14,2023-09-05,2023-09-19,0.000234623025145279,0.00024753154,2.679398050692315e-05,100,128,20,32
LSTM,variance,14,2023-09-06,2023-09-20,0.00023466342656615943,0.00030374978,2.679398050692315e-05,100,128,20,32
LSTM,variance,14,2023-09-07,2023-09-21,0.000210334678073935,0.00034440515,2.679398050692315e-05,100,128,20,32
LSTM,variance,14,2023-09-08,2023-09-22,0.0002123798596343575,0.0003703574,2.679398050692315e-05,100,128,20,32
LSTM,variance,14,2023-09-09,2023-09-23,0.0002246940607239335,0.0003754566,2.679398050692315e-05,100,128,20,32
LSTM,variance,14,2023-09-10,2023-09-24,0.0002238126591864298,0.00036517458,2.679398050692315e-05,100,128,20,32
LSTM,variance,14,2023-09-11,2023-09-25,0.00021487360892103117,0.00032417322,2.679398050692315e-05,100,128,20,32
LSTM,variance,14,2023-09-12,2023-09-26,0.000606349155093807,0.00028584906,2.679398050692315e-05,100,128,20,32
LSTM,variance,14,2023-09-13,2023-09-27,0.000642483805298411,0.0002619596,2.679398050692315e-05,100,128,20,32
LSTM,variance,14,2023-09-14,2023-09-28,0.0006899169263853446,0.00023729035,2.679398050692315e-05,100,128,20,32
LSTM,variance,14,2023-09-15,2023-09-29,0.0006526537878025389,0.00021478797,2.679398050692315e-05,100,128,20,32
LSTM,variance,14,2023-09-16,2023-09-30,0.0006300505221724912,0.00020312001,2.679398050692315e-05,100,128,20,32
LSTM,variance,14,2023-09-17,2023-10-01,0.0006394715613091471,0.00019982034,2.679398050692315e-05,100,128,20,32
LSTM,variance,14,2023-09-18,2023-10-02,0.0006394715613091471,0.00019038616,2.679398050692315e-05,100,128,20,32
LSTM,variance,14,2023-09-19,2023-10-03,0.0008929586378093965,0.00022203203,2.679398050692315e-05,100,128,20,32
LSTM,variance,14,2023-09-20,2023-10-04,0.0008899873263008679,0.0002571513,2.679398050692315e-05,100,128,20,32
LSTM,variance,14,2023-09-21,2023-10-05,0.0008365401705632375,0.0002755442,2.679398050692315e-05,100,128,20,32
LSTM,variance,14,2023-09-22,2023-10-06,0.0008033361287065262,0.0002825743,2.679398050692315e-05,100,128,20,32
LSTM,variance,14,2023-09-23,2023-10-07,0.0007754433396848715,0.00028425394,2.679398050692315e-05,100,128,20,32
LSTM,variance,14,2023-09-24,2023-10-08,0.000761486602733201,0.00028011526,2.679398050692315e-05,100,128,20,32
LSTM,variance,14,2023-09-25,2023-10-09,0.0007597507857682369,0.00026819817,2.679398050692315e-05,100,128,20,32
LSTM,variance,14,2023-09-26,2023-10-10,0.0005752876132009871,0.0004380741,2.679398050692315e-05,100,128,20,32
LSTM,variance,14,2023-09-27,2023-10-11,0.000566825591101747,0.0006436542,2.679398050692315e-05,100,128,20,32
LSTM,variance,14,2023-09-28,2023-10-12,0.0005496950161238724,0.000852733,2.679398050692315e-05,100,128,20,32
LSTM,variance,14,2023-09-29,2023-10-13,0.0005869637842570704,0.000993334,2.679398050692315e-05,100,128,20,32
LSTM,variance,14,2023-09-30,2023-10-14,0.0006300811004854004,0.0010500517,2.679398050692315e-05,100,128,20,32
LSTM,variance,14,2023-10-01,2023-10-15,0.0006238728756948235,0.0010408422,2.679398050692315e-05,100,128,20,32
LSTM,variance,14,2023-10-02,2023-10-16,0.0005814928760014849,0.000988873,2.679398050692315e-05,100,128,20,32
LSTM,variance,14,2023-10-03,2023-10-17,0.00048148361449023826,0.0010472719,2.679398050692315e-05,100,128,20,32
LSTM,variance,14,2023-10-04,2023-10-18,0.0004738329356074368,0.0011353223,2.679398050692315e-05,100,128,20,32
LSTM,variance,14,2023-10-05,2023-10-19,0.00047181146145995736,0.0012132447,2.679398050692315e-05,100,128,20,32
LSTM,variance,14,2023-10-06,2023-10-20,0.0004729285660339617,0.0012712278,2.679398050692315e-05,100,128,20,32
LSTM,variance,14,2023-10-07,2023-10-21,0.0004374093218738855,0.0013025692,2.679398050692315e-05,100,128,20,32
LSTM,variance,14,2023-10-08,2023-10-22,0.0004154788721162042,0.0013115592,2.679398050692315e-05,100,128,20,32
LSTM,variance,14,2023-10-09,2023-10-23,0.0004568701860475763,0.0013097968,2.679398050692315e-05,100,128,20,32
LSTM,variance,14,2023-10-10,2023-10-24,0.002326625658999363,0.0012080991,2.679398050692315e-05,100,128,20,32
LSTM,variance,14,2023-10-11,2023-10-25,0.002367027251880728,0.0010849838,2.679398050692315e-05,100,128,20,32
LSTM,variance,14,2023-10-12,2023-10-26,0.002326792520895336,0.00096905587,2.679398050692315e-05,100,128,20,32
LSTM,variance,14,2023-10-13,2023-10-27,0.0024082027998961475,0.0009098726,2.679398050692315e-05,100,128,20,32
LSTM,variance,14,2023-10-14,2023-10-28,0.0022887113804897536,0.00092026393,2.679398050692315e-05,100,128,20,32
LSTM,variance,14,2023-10-15,2023-10-29,0.0022219537735702942,0.0009643361,2.679398050692315e-05,100,128,20,32
LSTM,variance,14,2023-10-16,2023-10-30,0.0024187942425720776,0.0010165089,2.679398050692315e-05,100,128,20,32
LSTM,variance,14,2023-10-17,2023-10-31,0.0035504041255830826,0.0009924433,2.679398050692315e-05,100,128,20,32
LSTM,variance,14,2023-10-18,2023-11-01,0.003556723854263085,0.00092359213,2.679398050692315e-05,100,128,20,32
LSTM,variance,14,2023-10-19,2023-11-02,0.0033968165992652147,0.0008257903,2.679398050692315e-05,100,128,20,32
LSTM,variance,14,2023-10-20,2023-11-03,0.003113204657069469,0.00072765566,2.679398050692315e-05,100,128,20,32
LSTM,variance,14,2023-10-21,2023-11-04,0.002950010428996133,0.00063538103,2.679398050692315e-05,100,128,20,32
LSTM,variance,14,2023-10-22,2023-11-05,0.002778143245212416,0.0005658407,2.679398050692315e-05,100,128,20,32
LSTM,variance,14,2023-10-23,2023-11-06,0.0029115795715604896,0.0005654308,2.679398050692315e-05,100,128,20,32
LSTM,variance,14,2023-10-24,2023-11-07,0.004532434083815537,0.001504402,2.679398050692315e-05,100,128,20,32
LSTM,variance,14,2023-10-25,2023-11-08,0.006866491923495651,0.0025740548,2.679398050692315e-05,100,128,20,32
LSTM,variance,14,2023-10-26,2023-11-09,0.006302354882784801,0.0034658012,2.679398050692315e-05,100,128,20,32
LSTM,variance,14,2023-10-27,2023-11-10,0.006302354882784801,0.003957541,2.679398050692315e-05,100,128,20,32
LSTM,variance,14,2023-10-28,2023-11-11,0.006087987171795348,0.003848085,2.679398050692315e-05,100,128,20,32
LSTM,variance,14,2023-10-29,2023-11-12,0.005764543417066962,0.0032617142,2.679398050692315e-05,100,128,20,32
LSTM,variance,14,2023-10-30,2023-11-13,0.005784915557782489,0.0026455505,2.679398050692315e-05,100,128,20,32
LSTM,variance,14,2023-10-31,2023-11-14,0.006466968942572113,0.0028195397,2.679398050692315e-05,100,128,20,32
LSTM,variance,14,2023-11-01,2023-11-15,0.006544576718325881,0.0032802501,2.679398050692315e-05,100,128,20,32
LSTM,variance,14,2023-11-02,2023-11-16,0.0061325646012167995,0.0035725231,2.679398050692315e-05,100,128,20,32
LSTM,variance,14,2023-11-03,2023-11-17,0.005651271282794902,0.0034602,2.679398050692315e-05,100,128,20,32
LSTM,variance,14,2023-11-04,2023-11-18,0.005144009578300682,0.0030620408,2.679398050692315e-05,100,128,20,32
LSTM,variance,14,2023-11-05,2023-11-19,0.0049435952911992724,0.0026508404,2.679398050692315e-05,100,128,20,32
LSTM,variance,14,2023-11-06,2023-11-20,0.005326693471476779,0.002633345,2.679398050692315e-05,100,128,20,32
LSTM,variance,14,2023-11-07,2023-11-21,0.007045119651666161,0.0038805578,2.679398050692315e-05,100,128,20,32
LSTM,variance,14,2023-11-08,2023-11-22,0.006638944352843266,0.0065468084,2.679398050692315e-05,100,128,20,32
LSTM,variance,14,2023-11-09,2023-11-23,0.006449573455375175,0.008613822,2.679398050692315e-05,100,128,20,32
LSTM,variance,14,2023-11-10,2023-11-24,0.006103979208405871,0.01024657,2.679398050692315e-05,100,128,20,32
LSTM,variance,14,2023-11-11,2023-11-25,0.005335581060778976,0.011300513,2.679398050692315e-05,100,128,20,32
LSTM,variance,14,2023-11-12,2023-11-26,0.004833963564434694,0.011853354,2.679398050692315e-05,100,128,20,32
LSTM,variance,14,2023-11-13,2023-11-27,0.0044179930773674166,0.012161042,2.679398050692315e-05,100,128,20,32
LSTM,variance,14,2023-11-14,2023-11-28,0.007121497827241561,0.012589442,2.679398050692315e-05,100,128,20,32
LSTM,variance,14,2023-11-15,2023-11-29,0.00743543893761968,0.0129619315,2.679398050692315e-05,100,128,20,32
LSTM,variance,14,2023-11-16,2023-11-30,0.007051408807597839,0.013123319,2.679398050692315e-05,100,128,20,32
LSTM,variance,14,2023-11-17,2023-12-01,0.006819459958299832,0.013031702,2.679398050692315e-05,100,128,20,32
LSTM,variance,14,2023-11-18,2023-12-02,0.006682875365397521,0.012646074,2.679398050692315e-05,100,128,20,32
LSTM,variance,14,2023-11-19,2023-12-03,0.006461061053259893,0.012090554,2.679398050692315e-05,100,128,20,32
LSTM,variance,14,2023-11-20,2023-12-04,0.0064424057833106195,0.011839583,2.679398050692315e-05,100,128,20,32
LSTM,variance,14,2023-11-21,2023-12-05,0.01386162050984279,0.011564724,2.679398050692315e-05,100,128,20,32
LSTM,variance,14,2023-11-22,2023-12-06,0.014733314538373307,0.009346836,2.679398050692315e-05,100,128,20,32
LSTM,variance,14,2023-11-23,2023-12-07,0.01464720912899006,0.00485806,2.679398050692315e-05,100,128,20,32
LSTM,variance,14,2023-11-24,2023-12-08,0.014807630902304534,0.0026448446,2.679398050692315e-05,100,128,20,32
LSTM,variance,14,2023-11-25,2023-12-09,0.014615998835686242,0.0021465067,2.679398050692315e-05,100,128,20,32
LSTM,variance,14,2023-11-26,2023-12-10,0.014761220987831213,0.0018395841,2.679398050692315e-05,100,128,20,32
LSTM,variance,14,2023-11-27,2023-12-11,0.01461860026247642,0.0016175994,2.679398050692315e-05,100,128,20,32
LSTM,variance,14,2023-11-28,2023-12-12,0.014941647455265002,0.0021653834,2.679398050692315e-05,100,128,20,32
LSTM,variance,14,2023-11-29,2023-12-13,0.016095311675156095,0.0026293208,2.679398050692315e-05,100,128,20,32
LSTM,variance,14,2023-11-30,2023-12-14,0.016517498158083437,0.0028055946,2.679398050692315e-05,100,128,20,32
LSTM,variance,14,2023-12-01,2023-12-15,0.01678542149933898,0.0028003121,2.679398050692315e-05,100,128,20,32
LSTM,variance,14,2023-12-02,2023-12-16,0.017495506507940402,0.0027124328,2.679398050692315e-05,100,128,20,32
LSTM,variance,14,2023-12-03,2023-12-17,0.018359489248674435,0.0025837081,2.679398050692315e-05,100,128,20,32
LSTM,variance,14,2023-12-04,2023-12-18,0.020156902205652395,0.0025063662,2.679398050692315e-05,100,128,20,32
LSTM,variance,14,2023-12-05,2023-12-19,0.008963707714350658,0.0046645217,2.679398050692315e-05,100,128,20,32
LSTM,variance,14,2023-12-06,2023-12-20,0.00711689341658573,0.0069297003,2.679398050692315e-05,100,128,20,32
LSTM,variance,14,2023-12-07,2023-12-21,0.007517494053368169,0.009180626,2.679398050692315e-05,100,128,20,32
LSTM,variance,14,2023-12-08,2023-12-22,0.008392024072682604,0.011457906,2.679398050692315e-05,100,128,20,32
LSTM,variance,14,2023-12-09,2023-12-23,0.008953787347405474,0.013742666,2.679398050692315e-05,100,128,20,32
LSTM,variance,14,2023-12-10,2023-12-24,0.009105152415718302,0.015825719,2.679398050692315e-05,100,128,20,32
LSTM,variance,14,2023-12-11,2023-12-25,0.008282130307594261,0.01724102,2.679398050692315e-05,100,128,20,32
LSTM,variance,14,2023-12-12,2023-12-26,0.0020113465048703532,0.017689575,2.679398050692315e-05,100,128,20,32
LSTM,variance,14,2023-12-13,2023-12-27,0.0018410522415078312,0.017639318,2.679398050692315e-05,100,128,20,32
LSTM,variance,14,2023-12-14,2023-12-28,0.002019814239796979,0.017121749,2.679398050692315e-05,100,128,20,32
LSTM,variance,14,2023-12-15,2023-12-29,0.0024299302550433214,0.016206086,2.679398050692315e-05,100,128,20,32
LSTM,variance,14,2023-12-16,2023-12-30,0.0023222944838322923,0.015689442,2.679398050692315e-05,100,128,20,32
LSTM,variance,14,2023-12-17,2023-12-31,0.0025479636978601007,0.0154570555,2.679398050692315e-05,100,128,20,32
LSTM,variance,14,2023-12-18,2024-01-01,0.0025479636978601007,0.015160771,2.679398050692315e-05,100,128,20,32
LSTM,variance,14,2023-12-19,2024-01-02,0.0022849540751350315,0.013775052,2.679398050692315e-05,100,128,20,32
LSTM,variance,14,2023-12-20,2024-01-03,0.007776752602378338,0.011708626,2.679398050692315e-05,100,128,20,32
LSTM,variance,14,2023-12-21,2024-01-04,0.008513044684147125,0.006591955,2.679398050692315e-05,100,128,20,32
LSTM,variance,14,2023-12-22,2024-01-05,0.00875527598737923,0.0055049923,2.679398050692315e-05,100,128,20,32
LSTM,variance,14,2023-12-23,2024-01-06,0.008300855185933704,0.005198037,2.679398050692315e-05,100,128,20,32
LSTM,variance,14,2023-12-24,2024-01-07,0.009098881736502673,0.005466076,2.679398050692315e-05,100,128,20,32
LSTM,variance,14,2023-12-25,2024-01-08,0.010302676209616257,0.0054666856,2.679398050692315e-05,100,128,20,32
LSTM,variance,14,2023-12-26,2024-01-09,0.009254107790123032,0.0027633486,2.679398050692315e-05,100,128,20,32
LSTM,variance,14,2023-12-27,2024-01-10,0.00943105717515276,0.0009639643,2.679398050692315e-05,100,128,20,32
LSTM,variance,14,2023-12-28,2024-01-11,0.009107329898329148,0.0007964158,2.679398050692315e-05,100,128,20,32
LSTM,variance,14,2023-12-29,2024-01-12,0.01006383238041389,0.0011419007,2.679398050692315e-05,100,128,20,32
LSTM,variance,14,2023-12-30,2024-01-13,0.011078545227567719,0.0013242785,2.679398050692315e-05,100,128,20,32
LSTM,variance,14,2023-12-31,2024-01-14,0.011078545227567719,0.0013541717,2.679398050692315e-05,100,128,20,32
LSTM,variance,14,2024-01-01,2024-01-15,0.009876347764990764,0.0012697164,2.679398050692315e-05,100,128,20,32
LSTM,variance,14,2024-01-02,2024-01-16,0.009173524501162886,0.0011451279,2.679398050692315e-05,100,128,20,32
LSTM,variance,14,2024-01-03,2024-01-17,0.002291764212101642,0.0022128304,2.679398050692315e-05,100,128,20,32
LSTM,variance,14,2024-01-04,2024-01-18,0.002070680574081249,0.00299263,2.679398050692315e-05,100,128,20,32
LSTM,variance,14,2024-01-05,2024-01-19,0.001904382876444147,0.0034952897,2.679398050692315e-05,100,128,20,32
LSTM,variance,14,2024-01-06,2024-01-20,0.0017373894656719459,0.0036536157,2.679398050692315e-05,100,128,20,32
LSTM,variance,14,2024-01-07,2024-01-21,0.001896301953828873,0.003931385,2.679398050692315e-05,100,128,20,32
LSTM,variance,14,2024-01-08,2024-01-22,0.001813649031606752,0.0044487305,2.679398050692315e-05,100,128,20,32
LSTM,variance,14,2024-01-09,2024-01-23,0.0018962311819938303,0.0045269197,2.679398050692315e-05,100,128,20,32
LSTM,variance,14,2024-01-10,2024-01-24,0.0018914832491605984,0.0046476033,2.679398050692315e-05,100,128,20,32
LSTM,variance,14,2024-01-11,2024-01-25,0.001699086466725697,0.004733197,2.679398050692315e-05,100,128,20,32
LSTM,variance,14,2024-01-12,2024-01-26,0.001699086466725697,0.005771561,2.679398050692315e-05,100,128,20,32
LSTM,variance,14,2024-01-13,2024-01-27,0.0012348420939963895,0.01663949,2.679398050692315e-05,100,128,20,32
LSTM,variance,14,2024-01-14,2024-01-28,0.0012348420939963895,0.016823268,2.679398050692315e-05,100,128,20,32
LSTM,variance,14,2024-01-15,2024-01-29,0.0012434337360462456,0.016988015,2.679398050692315e-05,100,128,20,32
LSTM,variance,14,2024-01-16,2024-01-30,0.0006950486595035895,0.017058006,2.679398050692315e-05,100,128,20,32
LSTM,variance,14,2024-01-17,2024-01-31,0.0004783364715494947,0.015396408,2.679398050692315e-05,100,128,20,32
LSTM,variance,14,2024-01-18,2024-02-01,0.0005207185266750876,0.010803587,2.679398050692315e-05,100,128,20,32
LSTM,variance,14,2024-02-01,2024-02-15,0.00323943232439572,0.0006369338,2.679398050692315e-05,100,128,20,32
LSTM,variance,28,2023-05-01,2023-05-29,0.0005165039138387742,0.00073349575,4.108065610732645e-05,100,128,20,32
LSTM,variance,28,2023-05-02,2023-05-30,0.000396534719328378,0.0006302747,4.108065610732645e-05,100,128,20,32
LSTM,variance,28,2023-05-03,2023-05-31,0.0003612216101206669,0.00062105997,4.108065610732645e-05,100,128,20,32
LSTM,variance,28,2023-05-04,2023-06-01,0.00036779103154906064,0.0006637291,4.108065610732645e-05,100,128,20,32
LSTM,variance,28,2023-05-05,2023-06-02,0.0003706641551886727,0.0044105146,4.108065610732645e-05,100,128,20,32
LSTM,variance,28,2023-05-06,2023-06-03,0.00037567529558119126,0.005483004,4.108065610732645e-05,100,128,20,32
LSTM,variance,28,2023-05-07,2023-06-04,0.00037879015378993196,0.0058697965,4.108065610732645e-05,100,128,20,32
LSTM,variance,28,2023-05-08,2023-06-05,0.00031668612824860325,0.006151988,4.108065610732645e-05,100,128,20,32
LSTM,variance,28,2023-05-09,2023-06-06,8.242633513760308e-05,0.0062309923,4.108065610732645e-05,100,128,20,32
LSTM,variance,28,2023-05-10,2023-06-07,9.624188303081485e-05,0.0061884876,4.108065610732645e-05,100,128,20,32
LSTM,variance,28,2023-05-11,2023-06-08,0.00010380435104511207,0.0061367406,4.108065610732645e-05,100,128,20,32
LSTM,variance,28,2023-05-12,2023-06-09,0.00010747163506636533,0.0063399808,4.108065610732645e-05,100,128,20,32
LSTM,variance,28,2023-05-13,2023-06-10,0.00010446051684804562,0.0066502346,4.108065610732645e-05,100,128,20,32
LSTM,variance,28,2023-05-14,2023-06-11,0.00010479076615257291,0.007134052,4.108065610732645e-05,100,128,20,32
LSTM,variance,28,2023-05-15,2023-06-12,0.00010474173474624883,0.007410315,4.108065610732645e-05,100,128,20,32
LSTM,variance,28,2023-05-16,2023-06-13,6.469446961682607e-05,0.0069811596,4.108065610732645e-05,100,128,20,32
LSTM,variance,28,2023-05-17,2023-06-14,9.423757255570466e-05,0.0066624763,4.108065610732645e-05,100,128,20,32
LSTM,variance,28,2023-05-18,2023-06-15,0.00012100580670343002,0.0057200873,4.108065610732645e-05,100,128,20,32
LSTM,variance,28,2023-05-19,2023-06-16,0.00014281659105401434,0.005147483,4.108065610732645e-05,100,128,20,32
LSTM,variance,28,2023-05-20,2023-06-17,0.00014074980416563975,0.0048536914,4.108065610732645e-05,100,128,20,32
LSTM,variance,28,2023-05-21,2023-06-18,0.0001406241991228432,0.0047525545,4.108065610732645e-05,100,128,20,32
LSTM,variance,28,2023-05-22,2023-06-19,0.0001386858046172259,0.0047344873,4.108065610732645e-05,100,128,20,32
LSTM,variance,28,2023-05-23,2023-06-20,0.00011760469988271101,0.0039652423,4.108065610732645e-05,100,128,20,32
LSTM,variance,28,2023-05-24,2023-06-21,0.000120034800592035,0.0032104284,4.108065610732645e-05,100,128,20,32
LSTM,variance,28,2023-05-25,2023-06-22,0.00012387075776166634,0.0025924009,4.108065610732645e-05,100,128,20,32
LSTM,variance,28,2023-05-26,2023-06-23,0.0001257714385614887,0.0021018935,4.108065610732645e-05,100,128,20,32
LSTM,variance,28,2023-05-27,2023-06-24,0.0001358986254905031,0.0016919186,4.108065610732645e-05,100,128,20,32
LSTM,variance,28,2023-05-28,2023-06-25,0.0001296025800320577,0.0013288858,4.108065610732645e-05,100,128,20,32
LSTM,variance,28,2023-05-29,2023-06-26,0.00010938329996854319,0.0009747759,4.108065610732645e-05,100,128,20,32
LSTM,variance,28,2023-05-30,2023-06-27,0.00012150273778285357,0.00052987115,4.108065610732645e-05,100,128,20,32
LSTM,variance,28,2023-05-31,2023-06-28,0.00011365301432943044,0.00023287573,4.108065610732645e-05,100,128,20,32
LSTM,variance,28,2023-06-01,2023-06-29,0.00010157736211233028,-0.00012429859,4.108065610732645e-05,100,128,20,32
LSTM,variance,28,2023-06-02,2023-06-30,8.369138246784943e-05,-0.0003332231,4.108065610732645e-05,100,128,20,32
LSTM,variance,28,2023-06-03,2023-07-01,8.281965861820725e-05,0.00020258295,4.108065610732645e-05,100,128,20,32
LSTM,variance,28,2023-06-04,2023-07-02,8.309215793671043e-05,0.00048283735,4.108065610732645e-05,100,128,20,32
LSTM,variance,28,2023-06-05,2023-07-03,7.430987919036254e-05,0.0005699747,4.108065610732645e-05,100,128,20,32
LSTM,variance,28,2023-06-06,2023-07-04,9.421657124288995e-05,0.0005039769,4.108065610732645e-05,100,128,20,32
LSTM,variance,28,2023-06-07,2023-07-05,8.768492552391355e-05,0.0004053988,4.108065610732645e-05,100,128,20,32
LSTM,variance,28,2023-06-08,2023-07-06,8.072378920634389e-05,0.00036027355,4.108065610732645e-05,100,128,20,32
LSTM,variance,28,2023-06-09,2023-07-07,8.099134228211503e-05,0.00034830256,4.108065610732645e-05,100,128,20,32
LSTM,variance,28,2023-06-10,2023-07-08,7.73546532432404e-05,0.00030355252,4.108065610732645e-05,100,128,20,32
LSTM,variance,28,2023-06-11,2023-07-09,7.991587560407396e-05,0.0002510343,4.108065610732645e-05,100,128,20,32
LSTM,variance,28,2023-06-12,2023-07-10,7.838855917153161e-05,0.00031071986,4.108065610732645e-05,100,128,20,32
LSTM,variance,28,2023-06-13,2023-07-11,4.110197372174843e-05,0.00036408173,4.108065610732645e-05,100,128,20,32
LSTM,variance,28,2023-06-14,2023-07-12,4.295705493103402e-05,0.00042281233,4.108065610732645e-05,100,128,20,32
LSTM,variance,28,2023-06-15,2023-07-13,4.381126794360352e-05,0.00048143443,4.108065610732645e-05,100,128,20,32
LSTM,variance,28,2023-06-16,2023-07-14,4.930382379909738e-05,0.00053603755,4.108065610732645e-05,100,128,20,32
LSTM,variance,28,2023-06-17,2023-07-15,5.165058902079529e-05,0.0005716702,4.108065610732645e-05,100,128,20,32
LSTM,variance,28,2023-06-18,2023-07-16,5.2713073233251855e-05,0.000589129,4.108065610732645e-05,100,128,20,32
LSTM,variance,28,2023-06-19,2023-07-17,5.085755326524275e-05,0.0005960499,4.108065610732645e-05,100,128,20,32
LSTM,variance,28,2023-06-20,2023-07-18,2.2425920283682633e-05,0.000582799,4.108065610732645e-05,100,128,20,32
LSTM,variance,28,2023-06-21,2023-07-19,2.2270049090947326e-05,0.0005642499,4.108065610732645e-05,100,128,20,32
LSTM,variance,28,2023-06-22,2023-07-20,2.3170543472659755e-05,0.0005473658,4.108065610732645e-05,100,128,20,32
LSTM,variance,28,2023-06-23,2023-07-21,2.310975956974895e-05,0.0005338658,4.108065610732645e-05,100,128,20,32
LSTM,variance,28,2023-06-24,2023-07-22,2.3139638278931333e-05,0.0005290355,4.108065610732645e-05,100,128,20,32
LSTM,variance,28,2023-06-25,2023-07-23,2.478480415949975e-05,0.00052473246,4.108065610732645e-05,100,128,20,32
LSTM,variance,28,2023-06-26,2023-07-24,2.8139717463203465e-05,0.000518577,4.108065610732645e-05,100,128,20,32
LSTM,variance,28,2023-06-27,2023-07-25,7.142798415736174e-05,0.0005193927,4.108065610732645e-05,100,128,20,32
LSTM,variance,28,2023-06-28,2023-07-26,8.235936714938586e-05,0.0005162664,4.108065610732645e-05,100,128,20,32
LSTM,variance,28,2023-06-29,2023-07-27,9.128063129160166e-05,0.000503831,4.108065610732645e-05,100,128,20,32
LSTM,variance,28,2023-06-30,2023-07-28,9.506478387373946e-05,0.00047855583,4.108065610732645e-05,100,128,20,32
LSTM,variance,28,2023-07-01,2023-07-29,0.00010580842722636319,0.00045370977,4.108065610732645e-05,100,128,20,32
LSTM,variance,28,2023-07-02,2023-07-30,0.00011934129099542907,0.00043613478,4.108065610732645e-05,100,128,20,32
LSTM,variance,28,2023-07-03,2023-07-31,0.00012883436723465765,0.00042521945,4.108065610732645e-05,100,128,20,32
LSTM,variance,28,2023-07-04,2023-08-01,0.00018365613183454166,0.00043577063,4.108065610732645e-05,100,128,20,32
LSTM,variance,28,2023-07-05,2023-08-02,0.000185023988470554,0.00045057738,4.108065610732645e-05,100,128,20,32
LSTM,variance,28,2023-07-06,2023-08-03,0.00018488517508017052,0.00046123881,4.108065610732645e-05,100,128,20,32
LSTM,variance,28,2023-07-07,2023-08-04,0.00018375088880091134,0.0004686164,4.108065610732645e-05,100,128,20,32
LSTM,variance,28,2023-07-08,2023-08-05,0.00018377196645002374,0.0004695574,4.108065610732645e-05,100,128,20,32
LSTM,variance,28,2023-07-09,2023-08-06,0.00018383142567923402,0.00046838194,4.108065610732645e-05,100,128,20,32
LSTM,variance,28,2023-07-10,2023-08-07,0.0001784317145476015,0.0004658634,4.108065610732645e-05,100,128,20,32
LSTM,variance,28,2023-07-11,2023-08-08,0.00012779073808994002,0.00043938952,4.108065610732645e-05,100,128,20,32
LSTM,variance,28,2023-07-12,2023-08-09,0.00012122449230434965,0.00041220864,4.108065610732645e-05,100,128,20,32
LSTM,variance,28,2023-07-13,2023-08-10,0.00011394510416389328,0.00039222828,4.108065610732645e-05,100,128,20,32
LSTM,variance,28,2023-07-14,2023-08-11,0.00010698230582982533,0.00038554092,4.108065610732645e-05,100,128,20,32
LSTM,variance,28,2023-07-15,2023-08-12,9.323903648804923e-05,0.00039080114,4.108065610732645e-05,100,128,20,32
LSTM,variance,28,2023-07-16,2023-08-13,7.626276289023492e-05,0.00040438006,4.108065610732645e-05,100,128,20,32
LSTM,variance,28,2023-07-17,2023-08-14,8.581592535690787e-05,0.00041814978,4.108065610732645e-05,100,128,20,32
LSTM,variance,28,2023-07-18,2023-08-15,7.23481925503755e-05,0.000410951,4.108065610732645e-05,100,128,20,32
LSTM,variance,28,2023-07-19,2023-08-16,7.23481737697382e-05,0.00039678617,4.108065610732645e-05,100,128,20,32
LSTM,variance,28,2023-07-20,2023-08-17,7.390151364585568e-05,0.00038266534,4.108065610732645e-05,100,128,20,32
LSTM,variance,28,2023-07-21,2023-08-18,7.204749658350661e-05,0.00037204745,4.108065610732645e-05,100,128,20,32
LSTM,variance,28,2023-07-22,2023-08-19,7.271064563097273e-05,0.00036725766,4.108065610732645e-05,100,128,20,32
LSTM,variance,28,2023-07-23,2023-08-20,7.824173525178751e-05,0.0003702351,4.108065610732645e-05,100,128,20,32
LSTM,variance,28,2023-07-24,2023-08-21,7.951995184335658e-05,0.00037961887,4.108065610732645e-05,100,128,20,32
LSTM,variance,28,2023-07-25,2023-08-22,0.00015163143703733931,0.0004194981,4.108065610732645e-05,100,128,20,32
LSTM,variance,28,2023-07-26,2023-08-23,0.00013322797930124714,0.00046945122,4.108065610732645e-05,100,128,20,32
LSTM,variance,28,2023-07-27,2023-08-24,0.00011996258029397116,0.0005172039,4.108065610732645e-05,100,128,20,32
LSTM,variance,28,2023-07-28,2023-08-25,0.00011156647897391821,0.000552047,4.108065610732645e-05,100,128,20,32
LSTM,variance,28,2023-07-29,2023-08-26,0.00010897692990039453,0.00057480036,4.108065610732645e-05,100,128,20,32
LSTM,variance,28,2023-07-30,2023-08-27,0.00010901224310894494,0.000589551,4.108065610732645e-05,100,128,20,32
LSTM,variance,28,2023-07-31,2023-08-28,0.00013649248900412337,0.00059962884,4.108065610732645e-05,100,128,20,32
LSTM,variance,28,2023-08-01,2023-08-29,0.00015483505065035216,0.0006371525,4.108065610732645e-05,100,128,20,32
LSTM,variance,28,2023-08-02,2023-08-30,0.0001543154806848623,0.0006739988,4.108065610732645e-05,100,128,20,32
LSTM,variance,28,2023-08-03,2023-08-31,0.00014779009020219906,0.0006999401,4.108065610732645e-05,100,128,20,32
LSTM,variance,28,2023-08-04,2023-09-01,0.0001426886957580896,0.00070993585,4.108065610732645e-05,100,128,20,32
LSTM,variance,28,2023-08-05,2023-09-02,0.00014694360979875044,0.0007046117,4.108065610732645e-05,100,128,20,32
LSTM,variance,28,2023-08-06,2023-09-03,0.00015129085803526501,0.0006874826,4.108065610732645e-05,100,128,20,32
LSTM,variance,28,2023-08-07,2023-09-04,0.00022935009456921467,0.00066170556,4.108065610732645e-05,100,128,20,32
LSTM,variance,28,2023-08-08,2023-09-05,0.000276726194928063,0.0006017804,4.108065610732645e-05,100,128,20,32
LSTM,variance,28,2023-08-09,2023-09-06,0.0002790904220727402,0.0005375335,4.108065610732645e-05,100,128,20,32
LSTM,variance,28,2023-08-10,2023-09-07,0.00027489549671895345,0.00048177937,4.108065610732645e-05,100,128,20,32
LSTM,variance,28,2023-08-11,2023-09-08,0.00028330939263897513,0.00044203995,4.108065610732645e-05,100,128,20,32
LSTM,variance,28,2023-08-12,2023-09-09,0.0002754632998991001,0.0004156379,4.108065610732645e-05,100,128,20,32
LSTM,variance,28,2023-08-13,2023-09-10,0.0002713695421940814,0.00039720736,4.108065610732645e-05,100,128,20,32
LSTM,variance,28,2023-08-14,2023-09-11,0.00021782435243145393,0.00039676824,4.108065610732645e-05,100,128,20,32
LSTM,variance,28,2023-08-15,2023-09-12,0.00022842128146465836,0.00039897652,4.108065610732645e-05,100,128,20,32
LSTM,variance,28,2023-08-16,2023-09-13,0.00023710147034273002,0.00040570766,4.108065610732645e-05,100,128,20,32
LSTM,variance,28,2023-08-17,2023-09-14,0.00020004732675732388,0.00041620937,4.108065610732645e-05,100,128,20,32
LSTM,variance,28,2023-08-18,2023-09-15,0.0001753653299908146,0.0004264354,4.108065610732645e-05,100,128,20,32
LSTM,variance,28,2023-08-19,2023-09-16,0.00017490674414699905,0.0004362626,4.108065610732645e-05,100,128,20,32
LSTM,variance,28,2023-08-20,2023-09-17,0.00017227144367642561,0.00044893057,4.108065610732645e-05,100,128,20,32
LSTM,variance,28,2023-08-21,2023-09-18,0.00014747519878003396,0.00045981657,4.108065610732645e-05,100,128,20,32
LSTM,variance,28,2023-08-22,2023-09-19,0.000234623025145279,0.0005155572,4.108065610732645e-05,100,128,20,32
LSTM,variance,28,2023-08-23,2023-09-20,0.00023466342656615943,0.0005632744,4.108065610732645e-05,100,128,20,32
LSTM,variance,28,2023-08-24,2023-09-21,0.000210334678073935,0.0005890608,4.108065610732645e-05,100,128,20,32
LSTM,variance,28,2023-08-25,2023-09-22,0.0002123798596343575,0.00059041294,4.108065610732645e-05,100,128,20,32
LSTM,variance,28,2023-08-26,2023-09-23,0.0002246940607239335,0.0005736809,4.108065610732645e-05,100,128,20,32
LSTM,variance,28,2023-08-27,2023-09-24,0.0002238126591864298,0.00054797,4.108065610732645e-05,100,128,20,32
LSTM,variance,28,2023-08-28,2023-09-25,0.00021487360892103117,0.00054154167,4.108065610732645e-05,100,128,20,32
LSTM,variance,28,2023-08-29,2023-09-26,0.000606349155093807,0.00055555365,4.108065610732645e-05,100,128,20,32
LSTM,variance,28,2023-08-30,2023-09-27,0.000642483805298411,0.00057615555,4.108065610732645e-05,100,128,20,32
LSTM,variance,28,2023-08-31,2023-09-28,0.0006899169263853446,0.0005917778,4.108065610732645e-05,100,128,20,32
LSTM,variance,28,2023-09-01,2023-09-29,0.0006526537878025389,0.000597662,4.108065610732645e-05,100,128,20,32
LSTM,variance,28,2023-09-02,2023-09-30,0.0006300505221724912,0.0005984108,4.108065610732645e-05,100,128,20,32
LSTM,variance,28,2023-09-03,2023-10-01,0.0006394715613091471,0.00059493846,4.108065610732645e-05,100,128,20,32
LSTM,variance,28,2023-09-04,2023-10-02,0.0006394715613091471,0.0006389984,4.108065610732645e-05,100,128,20,32
LSTM,variance,28,2023-09-05,2023-10-03,0.0008929586378093965,0.0007196699,4.108065610732645e-05,100,128,20,32
LSTM,variance,28,2023-09-06,2023-10-04,0.0008899873263008679,0.00079794286,4.108065610732645e-05,100,128,20,32
LSTM,variance,28,2023-09-07,2023-10-05,0.0008365401705632375,0.0008526149,4.108065610732645e-05,100,128,20,32
LSTM,variance,28,2023-09-08,2023-10-06,0.0008033361287065262,0.00088360213,4.108065610732645e-05,100,128,20,32
LSTM,variance,28,2023-09-09,2023-10-07,0.0007754433396848715,0.0008820151,4.108065610732645e-05,100,128,20,32
LSTM,variance,28,2023-09-10,2023-10-08,0.000761486602733201,0.00085526984,4.108065610732645e-05,100,128,20,32
LSTM,variance,28,2023-09-11,2023-10-09,0.0007597507857682369,0.0007770124,4.108065610732645e-05,100,128,20,32
LSTM,variance,28,2023-09-12,2023-10-10,0.0005752876132009871,0.0007000671,4.108065610732645e-05,100,128,20,32
LSTM,variance,28,2023-09-13,2023-10-11,0.000566825591101747,0.00064489566,4.108065610732645e-05,100,128,20,32
LSTM,variance,28,2023-09-14,2023-10-12,0.0005496950161238724,0.00059152505,4.108065610732645e-05,100,128,20,32
LSTM,variance,28,2023-09-15,2023-10-13,0.0005869637842570704,0.00054389547,4.108065610732645e-05,100,128,20,32
LSTM,variance,28,2023-09-16,2023-10-14,0.0006300811004854004,0.0005165843,4.108065610732645e-05,100,128,20,32
LSTM,variance,28,2023-09-17,2023-10-15,0.0006238728756948235,0.0005059172,4.108065610732645e-05,100,128,20,32
LSTM,variance,28,2023-09-18,2023-10-16,0.0005814928760014849,0.0004922263,4.108065610732645e-05,100,128,20,32
LSTM,variance,28,2023-09-19,2023-10-17,0.00048148361449023826,0.0005415574,4.108065610732645e-05,100,128,20,32
LSTM,variance,28,2023-09-20,2023-10-18,0.0004738329356074368,0.0006060965,4.108065610732645e-05,100,128,20,32
LSTM,variance,28,2023-09-21,2023-10-19,0.00047181146145995736,0.00065156835,4.108065610732645e-05,100,128,20,32
LSTM,variance,28,2023-09-22,2023-10-20,0.0004729285660339617,0.0006815445,4.108065610732645e-05,100,128,20,32
LSTM,variance,28,2023-09-23,2023-10-21,0.0004374093218738855,0.00070385035,4.108065610732645e-05,100,128,20,32
LSTM,variance,28,2023-09-24,2023-10-22,0.0004154788721162042,0.0007102531,4.108065610732645e-05,100,128,20,32
LSTM,variance,28,2023-09-25,2023-10-23,0.0004568701860475763,0.00069817615,4.108065610732645e-05,100,128,20,32
LSTM,variance,28,2023-09-26,2023-10-24,0.002326625658999363,0.0009373834,4.108065610732645e-05,100,128,20,32
LSTM,variance,28,2023-09-27,2023-10-25,0.002367027251880728,0.001239396,4.108065610732645e-05,100,128,20,32
LSTM,variance,28,2023-09-28,2023-10-26,0.002326792520895336,0.0015378337,4.108065610732645e-05,100,128,20,32
LSTM,variance,28,2023-09-29,2023-10-27,0.0024082027998961475,0.0017274825,4.108065610732645e-05,100,128,20,32
LSTM,variance,28,2023-09-30,2023-10-28,0.0022887113804897536,0.0017841781,4.108065610732645e-05,100,128,20,32
LSTM,variance,28,2023-10-01,2023-10-29,0.0022219537735702942,0.0017429288,4.108065610732645e-05,100,128,20,32
LSTM,variance,28,2023-10-02,2023-10-30,0.0024187942425720776,0.0016334634,4.108065610732645e-05,100,128,20,32
LSTM,variance,28,2023-10-03,2023-10-31,0.0035504041255830826,0.0016652534,4.108065610732645e-05,100,128,20,32
LSTM,variance,28,2023-10-04,2023-11-01,0.003556723854263085,0.001720181,4.108065610732645e-05,100,128,20,32
LSTM,variance,28,2023-10-05,2023-11-02,0.0033968165992652147,0.0017420062,4.108065610732645e-05,100,128,20,32
LSTM,variance,28,2023-10-06,2023-11-03,0.003113204657069469,0.0017292127,4.108065610732645e-05,100,128,20,32
LSTM,variance,28,2023-10-07,2023-11-04,0.002950010428996133,0.0016863159,4.108065610732645e-05,100,128,20,32
LSTM,variance,28,2023-10-08,2023-11-05,0.002778143245212416,0.0016280097,4.108065610732645e-05,100,128,20,32
LSTM,variance,28,2023-10-09,2023-11-06,0.0029115795715604896,0.0015570436,4.108065610732645e-05,100,128,20,32
LSTM,variance,28,2023-10-10,2023-11-07,0.004532434083815537,0.0013631636,4.108065610732645e-05,100,128,20,32
LSTM,variance,28,2023-10-11,2023-11-08,0.006866491923495651,0.0011581235,4.108065610732645e-05,100,128,20,32
LSTM,variance,28,2023-10-12,2023-11-09,0.006302354882784801,0.00097280386,4.108065610732645e-05,100,128,20,32
LSTM,variance,28,2023-10-13,2023-11-10,0.006302354882784801,0.0008674723,4.108065610732645e-05,100,128,20,32
LSTM,variance,28,2023-10-14,2023-11-11,0.006087987171795348,0.00086810684,4.108065610732645e-05,100,128,20,32
LSTM,variance,28,2023-10-15,2023-11-12,0.005764543417066962,0.0009470323,4.108065610732645e-05,100,128,20,32
LSTM,variance,28,2023-10-16,2023-11-13,0.005784915557782489,0.0010079987,4.108065610732645e-05,100,128,20,32
LSTM,variance,28,2023-10-17,2023-11-14,0.006466968942572113,0.0010067967,4.108065610732645e-05,100,128,20,32
LSTM,variance,28,2023-10-18,2023-11-15,0.006544576718325881,0.0009799716,4.108065610732645e-05,100,128,20,32
LSTM,variance,28,2023-10-19,2023-11-16,0.0061325646012167995,0.00094956695,4.108065610732645e-05,100,128,20,32
LSTM,variance,28,2023-10-20,2023-11-17,0.005651271282794902,0.0009259397,4.108065610732645e-05,100,128,20,32
LSTM,variance,28,2023-10-21,2023-11-18,0.005144009578300682,0.0008919518,4.108065610732645e-05,100,128,20,32
LSTM,variance,28,2023-10-22,2023-11-19,0.0049435952911992724,0.00086148165,4.108065610732645e-05,100,128,20,32
LSTM,variance,28,2023-10-23,2023-11-20,0.005326693471476779,0.0008618246,4.108065610732645e-05,100,128,20,32
LSTM,variance,28,2023-10-24,2023-11-21,0.007045119651666161,0.0021370542,4.108065610732645e-05,100,128,20,32
LSTM,variance,28,2023-10-25,2023-11-22,0.006638944352843266,0.003651549,4.108065610732645e-05,100,128,20,32
LSTM,variance,28,2023-10-26,2023-11-23,0.006449573455375175,0.004849101,4.108065610732645e-05,100,128,20,32
LSTM,variance,28,2023-10-27,2023-11-24,0.006103979208405871,0.0053528775,4.108065610732645e-05,100,128,20,32
LSTM,variance,28,2023-10-28,2023-11-25,0.005335581060778976,0.004977002,4.108065610732645e-05,100,128,20,32
LSTM,variance,28,2023-10-29,2023-11-26,0.004833963564434694,0.0042258953,4.108065610732645e-05,100,128,20,32
LSTM,variance,28,2023-10-30,2023-11-27,0.0044179930773674166,0.0037192705,4.108065610732645e-05,100,128,20,32
LSTM,variance,28,2023-10-31,2023-11-28,0.007121497827241561,0.0041219997,4.108065610732645e-05,100,128,20,32
LSTM,variance,28,2023-11-01,2023-11-29,0.00743543893761968,0.004586003,4.108065610732645e-05,100,128,20,32
LSTM,variance,28,2023-11-02,2023-11-30,0.007051408807597839,0.0049351156,4.108065610732645e-05,100,128,20,32
LSTM,variance,28,2023-11-03,2023-12-01,0.006819459958299832,0.005130087,4.108065610732645e-05,100,128,20,32
LSTM,variance,28,2023-11-04,2023-12-02,0.006682875365397521,0.0052773003,4.108065610732645e-05,100,128,20,32
LSTM,variance,28,2023-11-05,2023-12-03,0.006461061053259893,0.0053713433,4.108065610732645e-05,100,128,20,32
LSTM,variance,28,2023-11-06,2023-12-04,0.0064424057833106195,0.0055565624,4.108065610732645e-05,100,128,20,32
LSTM,variance,28,2023-11-07,2023-12-05,0.01386162050984279,0.006601529,4.108065610732645e-05,100,128,20,32
LSTM,variance,28,2023-11-08,2023-12-06,0.014733314538373307,0.008647364,4.108065610732645e-05,100,128,20,32
LSTM,variance,28,2023-11-09,2023-12-07,0.01464720912899006,0.009712404,4.108065610732645e-05,100,128,20,32
LSTM,variance,28,2023-11-10,2023-12-08,0.014807630902304534,0.01031666,4.108065610732645e-05,100,128,20,32
LSTM,variance,28,2023-11-11,2023-12-09,0.014615998835686242,0.010540335,4.108065610732645e-05,100,128,20,32
LSTM,variance,28,2023-11-12,2023-12-10,0.014761220987831213,0.010470295,4.108065610732645e-05,100,128,20,32
LSTM,variance,28,2023-11-13,2023-12-11,0.01461860026247642,0.010405923,4.108065610732645e-05,100,128,20,32
LSTM,variance,28,2023-11-14,2023-12-12,0.014941647455265002,0.010765873,4.108065610732645e-05,100,128,20,32
LSTM,variance,28,2023-11-15,2023-12-13,0.016095311675156095,0.011123159,4.108065610732645e-05,100,128,20,32
LSTM,variance,28,2023-11-16,2023-12-14,0.016517498158083437,0.011155097,4.108065610732645e-05,100,128,20,32
LSTM,variance,28,2023-11-17,2023-12-15,0.01678542149933898,0.010860262,4.108065610732645e-05,100,128,20,32
LSTM,variance,28,2023-11-18,2023-12-16,0.017495506507940402,0.010281535,4.108065610732645e-05,100,128,20,32
LSTM,variance,28,2023-11-19,2023-12-17,0.018359489248674435,0.009685703,4.108065610732645e-05,100,128,20,32
LSTM,variance,28,2023-11-20,2023-12-18,0.020156902205652395,0.00951006,4.108065610732645e-05,100,128,20,32
LSTM,variance,28,2023-11-21,2023-12-19,0.008963707714350658,0.010422755,4.108065610732645e-05,100,128,20,32
LSTM,variance,28,2023-11-22,2023-12-20,0.00711689341658573,0.010919642,4.108065610732645e-05,100,128,20,32
LSTM,variance,28,2023-11-23,2023-12-21,0.007517494053368169,0.011095012,4.108065610732645e-05,100,128,20,32
LSTM,variance,28,2023-11-24,2023-12-22,0.008392024072682604,0.010278969,4.108065610732645e-05,100,128,20,32
LSTM,variance,28,2023-11-25,2023-12-23,0.008953787347405474,0.0008584969,4.108065610732645e-05,100,128,20,32
LSTM,variance,28,2023-11-26,2023-12-24,0.009105152415718302,0.000761212,4.108065610732645e-05,100,128,20,32
LSTM,variance,28,2023-11-27,2023-12-25,0.008282130307594261,0.00070195406,4.108065610732645e-05,100,128,20,32
LSTM,variance,28,2023-11-28,2023-12-26,0.0020113465048703532,0.0010177023,4.108065610732645e-05,100,128,20,32
LSTM,variance,28,2023-11-29,2023-12-27,0.0018410522415078312,0.0011677057,4.108065610732645e-05,100,128,20,32
LSTM,variance,28,2023-11-30,2023-12-28,0.002019814239796979,0.0011483952,4.108065610732645e-05,100,128,20,32
LSTM,variance,28,2023-12-01,2023-12-29,0.0024299302550433214,0.0011027546,4.108065610732645e-05,100,128,20,32
LSTM,variance,28,2023-12-02,2023-12-30,0.0023222944838322923,0.0010696196,4.108065610732645e-05,100,128,20,32
LSTM,variance,28,2023-12-03,2023-12-31,0.0025479636978601007,0.0010319405,4.108065610732645e-05,100,128,20,32
LSTM,variance,28,2023-12-04,2024-01-01,0.0025479636978601007,0.001023646,4.108065610732645e-05,100,128,20,32
LSTM,variance,28,2023-12-05,2024-01-02,0.0022849540751350315,0.0025794888,4.108065610732645e-05,100,128,20,32
LSTM,variance,28,2023-12-06,2024-01-03,0.007776752602378338,0.0038198081,4.108065610732645e-05,100,128,20,32
LSTM,variance,28,2023-12-07,2024-01-04,0.008513044684147125,0.004333476,4.108065610732645e-05,100,128,20,32
LSTM,variance,28,2023-12-08,2024-01-05,0.00875527598737923,0.0045815883,4.108065610732645e-05,100,128,20,32
LSTM,variance,28,2023-12-09,2024-01-06,0.008300855185933704,0.0048241965,4.108065610732645e-05,100,128,20,32
LSTM,variance,28,2023-12-10,2024-01-07,0.009098881736502673,0.005504118,4.108065610732645e-05,100,128,20,32
LSTM,variance,28,2023-12-11,2024-01-08,0.010302676209616257,0.009942444,4.108065610732645e-05,100,128,20,32
LSTM,variance,28,2023-12-12,2024-01-09,0.009254107790123032,0.021776263,4.108065610732645e-05,100,128,20,32
LSTM,variance,28,2023-12-13,2024-01-10,0.00943105717515276,0.020585246,4.108065610732645e-05,100,128,20,32
LSTM,variance,28,2023-12-14,2024-01-11,0.009107329898329148,0.018898055,4.108065610732645e-05,100,128,20,32
LSTM,variance,28,2023-12-15,2024-01-12,0.01006383238041389,0.017172176,4.108065610732645e-05,100,128,20,32
LSTM,variance,28,2023-12-16,2024-01-13,0.011078545227567719,0.014918835,4.108065610732645e-05,100,128,20,32
LSTM,variance,28,2023-12-17,2024-01-14,0.011078545227567719,0.011635123,4.108065610732645e-05,100,128,20,32
LSTM,variance,28,2023-12-18,2024-01-15,0.009876347764990764,0.0076466175,4.108065610732645e-05,100,128,20,32
LSTM,variance,28,2023-12-19,2024-01-16,0.009173524501162886,0.0043835645,4.108065610732645e-05,100,128,20,32
LSTM,variance,28,2023-12-20,2024-01-17,0.002291764212101642,0.0032658638,4.108065610732645e-05,100,128,20,32
LSTM,variance,28,2023-12-21,2024-01-18,0.002070680574081249,0.0029467358,4.108065610732645e-05,100,128,20,32
LSTM,variance,28,2023-12-22,2024-01-19,0.001904382876444147,0.0028653499,4.108065610732645e-05,100,128,20,32
LSTM,variance,28,2023-12-23,2024-01-20,0.0017373894656719459,0.0028137078,4.108065610732645e-05,100,128,20,32
LSTM,variance,28,2023-12-24,2024-01-21,0.001896301953828873,0.002725513,4.108065610732645e-05,100,128,20,32
LSTM,variance,28,2023-12-25,2024-01-22,0.001813649031606752,0.0024677943,4.108065610732645e-05,100,128,20,32
LSTM,variance,28,2023-12-26,2024-01-23,0.0018962311819938303,0.0011814275,4.108065610732645e-05,100,128,20,32
LSTM,variance,28,2023-12-27,2024-01-24,0.0018914832491605984,0.0005888971,4.108065610732645e-05,100,128,20,32
LSTM,variance,28,2023-12-28,2024-01-25,0.001699086466725697,0.000380307,4.108065610732645e-05,100,128,20,32
LSTM,variance,28,2023-12-29,2024-01-26,0.001699086466725697,0.0004048441,4.108065610732645e-05,100,128,20,32
LSTM,variance,28,2023-12-30,2024-01-27,0.0012348420939963895,0.0004483259,4.108065610732645e-05,100,128,20,32
LSTM,variance,28,2023-12-31,2024-01-28,0.0012348420939963895,0.00052493584,4.108065610732645e-05,100,128,20,32
LSTM,variance,28,2024-01-01,2024-01-29,0.0012434337360462456,0.0005786925,4.108065610732645e-05,100,128,20,32
LSTM,variance,28,2024-01-02,2024-01-30,0.0006950486595035895,0.0006049694,4.108065610732645e-05,100,128,20,32
LSTM,variance,28,2024-01-03,2024-01-31,0.0004783364715494947,0.0011639134,4.108065610732645e-05,100,128,20,32
LSTM,variance,28,2024-01-04,2024-02-01,0.0005207185266750876,0.0013416811,4.108065610732645e-05,100,128,20,32
LSTM,variance,28,2024-01-18,2024-02-15,0.00323943232439572,0.0029744771,4.108065610732645e-05,100,128,20,32
LSTM,variance,28,2024-01-19,2024-02-16,0.0032445118785910587,-0.0016076859,4.108065610732645e-05,100,128,20,32
LSTM,variance,28,2024-01-20,2024-02-17,0.003046079099253552,-0.0007648054,4.108065610732645e-05,100,128,20,32
LSTM,variance,28,2024-01-21,2024-02-18,0.003300279798314407,0.00019839805,4.108065610732645e-05,100,128,20,32
LSTM,variance,28,2024-01-22,2024-02-19,0.003300279798314407,0.00049996056,4.108065610732645e-05,100,128,20,32
LSTM,variance,28,2024-01-23,2024-02-20,0.0032823384941475715,0.00068422797,4.108065610732645e-05,100,128,20,32
LSTM,variance,28,2024-01-24,2024-02-21,0.00375120796036845,0.00074578804,4.108065610732645e-05,100,128,20,32
LSTM,variance,28,2024-01-25,2024-02-22,0.0032853792189320983,0.00074030686,4.108065610732645e-05,100,128,20,32
LSTM,variance,28,2024-01-26,2024-02-23,0.002958318519448188,0.00069946324,4.108065610732645e-05,100,128,20,32
LSTM,variance,28,2024-01-27,2024-02-24,0.002958318519448188,0.000612767,4.108065610732645e-05,100,128,20,32
LSTM,variance,28,2024-01-28,2024-02-25,0.0036947005583286424,0.0005327595,4.108065610732645e-05,100,128,20,32
LSTM,variance,28,2024-01-29,2024-02-26,0.003284793914726736,0.00048517823,4.108065610732645e-05,100,128,20,32
LSTM,variance,28,2024-01-30,2024-02-27,0.0026756511895678218,0.00042281023,4.108065610732645e-05,100,128,20,32
LSTM,variance,28,2024-01-31,2024-02-28,0.0025322602016737477,0.00037388483,4.108065610732645e-05,100,128,20,32
LSTM,variance,28,2024-02-01,2024-02-29,0.0028747610833487385,0.00035765654,4.108065610732645e-05,100,128,20,32
