architecture,target,horizon,fold,train_end,test_end,origin_date,target_date,y_true,prediction
GRU,mean,14,1,2022-08-12,2023-01-03,2022-07-30,2022-08-13,0.23292170940412596,0.15592562
GRU,mean,14,1,2022-08-12,2023-01-03,2022-07-31,2022-08-14,0.23855357974477048,0.16553028
GRU,mean,14,1,2022-08-12,2023-01-03,2022-08-01,2022-08-15,0.24737224659489954,0.17812832
GRU,mean,14,1,2022-08-12,2023-01-03,2022-08-02,2022-08-16,0.2611679445832513,0.20124456
GRU,mean,14,1,2022-08-12,2023-01-03,2022-08-03,2022-08-17,0.26814688295996214,0.2217895
GRU,mean,14,1,2022-08-12,2023-01-03,2022-08-04,2022-08-18,0.273718736198986,0.23142798
GRU,mean,14,1,2022-08-12,2023-01-03,2022-08-05,2022-08-19,0.27749659256979736,0.22957979
GRU,mean,14,1,2022-08-12,2023-01-03,2022-08-06,2022-08-20,0.2846488995750268,0.22270851
GRU,mean,14,1,2022-08-12,2023-01-03,2022-08-07,2022-08-21,0.2914799867095102,0.21897438
GRU,mean,14,1,2022-08-12,2023-01-03,2022-08-08,2022-08-22,0.29279370403386357,0.22035491
GRU,mean,14,1,2022-08-12,2023-01-03,2022-08-09,2022-08-23,0.30506859500372635,0.24200816
GRU,mean,14,1,2022-08-12,2023-01-03,2022-08-10,2022-08-24,0.3143525470582268,0.27011308
GRU,mean,14,1,2022-08-12,2023-01-03,2022-08-11,2022-08-25,0.31765678906129774,0.2890561
GRU,mean,14,1,2022-08-12,2023-01-03,2022-08-12,2022-08-26,0.32153524566528474,0.2901777
GRU,mean,14,1,2022-08-12,2023-01-03,2022-08-13,2022-08-27,0.3255590151207944,0.2805455
GRU,mean,14,1,2022-08-12,2023-01-03,2022-08-14,2022-08-28,0.3270184802090577,0.27287614
GRU,mean,14,1,2022-08-12,2023-01-03,2022-08-15,2022-08-29,0.3279652444163786,0.2785483
GRU,mean,14,1,2022-08-12,2023-01-03,2022-08-16,2022-08-30,0.32644171652863674,0.2994377
GRU,mean,14,1,2022-08-12,2023-01-03,2022-08-17,2022-08-31,0.3234294476000823,0.31624302
GRU,mean,14,1,2022-08-12,2023-01-03,2022-08-18,2022-09-01,0.31856742897629436,0.3200637
GRU,mean,14,1,2022-08-12,2023-01-03,2022-08-19,2022-09-02,0.3150800198621729,0.3132672
GRU,mean,14,1,2022-08-12,2023-01-03,2022-08-20,2022-09-03,0.3082425964459392,0.30905586
GRU,mean,14,1,2022-08-12,2023-01-03,2022-08-21,2022-09-04,0.30445482155027037,0.3114927
GRU,mean,14,1,2022-08-12,2023-01-03,2022-08-22,2022-09-05,0.3030590973418014,0.31131995
GRU,mean,14,1,2022-08-12,2023-01-03,2022-08-23,2022-09-06,0.29419377758713605,0.31783038
GRU,mean,14,1,2022-08-12,2023-01-03,2022-08-24,2022-09-07,0.28182657677936657,0.32305837
GRU,mean,14,1,2022-08-12,2023-01-03,2022-08-25,2022-09-08,0.2788095099635322,0.31740898
GRU,mean,14,1,2022-08-12,2023-01-03,2022-08-26,2022-09-09,0.3086741352649516,0.30345485
GRU,mean,14,1,2022-08-12,2023-01-03,2022-08-27,2022-09-10,0.30396988534624053,0.2862594
GRU,mean,14,1,2022-08-12,2023-01-03,2022-08-28,2022-09-11,0.3021449781773179,0.27519584
GRU,mean,14,1,2022-08-12,2023-01-03,2022-08-29,2022-09-12,0.29884710656846253,0.26783773
GRU,mean,14,1,2022-08-12,2023-01-03,2022-08-30,2022-09-13,0.2938725866601544,0.2609334
GRU,mean,14,1,2022-08-12,2023-01-03,2022-08-31,2022-09-14,0.29251336400427475,0.25239018
GRU,mean,14,1,2022-08-12,2023-01-03,2022-09-01,2022-09-15,0.2943908167960701,0.24263877
GRU,mean,14,1,2022-08-12,2023-01-03,2022-09-02,2022-09-16,0.29549359188963303,0.23342042
GRU,mean,14,1,2022-08-12,2023-01-03,2022-09-03,2022-09-17,0.2985523855728701,0.22179057
GRU,mean,14,1,2022-08-12,2023-01-03,2022-09-04,2022-09-18,0.3002186925949414,0.21460414
GRU,mean,14,1,2022-08-12,2023-01-03,2022-09-05,2022-09-19,0.3019356548741535,0.21157499
GRU,mean,14,1,2022-08-12,2023-01-03,2022-09-06,2022-09-20,0.29528998831345454,0.20363611
GRU,mean,14,1,2022-08-12,2023-01-03,2022-09-07,2022-09-21,0.3027580614304811,0.19032325
GRU,mean,14,1,2022-08-12,2023-01-03,2022-09-08,2022-09-22,0.30282729640385336,0.18484734
GRU,mean,14,1,2022-08-12,2023-01-03,2022-09-09,2022-09-23,0.2707690744758839,0.20841388
GRU,mean,14,1,2022-08-12,2023-01-03,2022-09-10,2022-09-24,0.2715132441789233,0.21126322
GRU,mean,14,1,2022-08-12,2023-01-03,2022-09-11,2022-09-25,0.2730199657912049,0.20205605
GRU,mean,14,1,2022-08-12,2023-01-03,2022-09-12,2022-09-26,0.2730423377610387,0.1931125
GRU,mean,14,1,2022-08-12,2023-01-03,2022-09-13,2022-09-27,0.263145676334556,0.18775094
GRU,mean,14,1,2022-08-12,2023-01-03,2022-09-14,2022-09-28,0.2585063784037369,0.18782018
GRU,mean,14,1,2022-08-12,2023-01-03,2022-09-15,2022-09-29,0.252093737116353,0.19126019
GRU,mean,14,1,2022-08-12,2023-01-03,2022-09-16,2022-09-30,0.24723750861840718,0.19320415
GRU,mean,14,1,2022-08-12,2023-01-03,2022-09-17,2022-10-01,0.2420399396126247,0.19490807
GRU,mean,14,1,2022-08-12,2023-01-03,2022-09-18,2022-10-02,0.23637694946057428,0.19578801
GRU,mean,14,1,2022-08-12,2023-01-03,2022-09-19,2022-10-03,0.23016647398688345,0.19698626
GRU,mean,14,1,2022-08-12,2023-01-03,2022-09-20,2022-10-04,0.22150343879546813,0.1924737
GRU,mean,14,1,2022-08-12,2023-01-03,2022-09-21,2022-10-05,0.21112320841023344,0.19762945
GRU,mean,14,1,2022-08-12,2023-01-03,2022-09-22,2022-10-06,0.20489023502497505,0.20136827
GRU,mean,14,1,2022-08-12,2023-01-03,2022-09-23,2022-10-07,0.1982452230568141,0.17738137
GRU,mean,14,1,2022-08-12,2023-01-03,2022-09-24,2022-10-08,0.19101868402573371,0.17313468
GRU,mean,14,1,2022-08-12,2023-01-03,2022-09-25,2022-10-09,0.18168724792280838,0.1815822
GRU,mean,14,1,2022-08-12,2023-01-03,2022-09-26,2022-10-10,0.17419604867585306,0.187273
GRU,mean,14,1,2022-08-12,2023-01-03,2022-09-27,2022-10-11,0.16535249703092708,0.17558402
GRU,mean,14,1,2022-08-12,2023-01-03,2022-09-28,2022-10-12,0.16270718421059713,0.16773134
GRU,mean,14,1,2022-08-12,2023-01-03,2022-09-29,2022-10-13,0.16040128421404473,0.16265827
GRU,mean,14,1,2022-08-12,2023-01-03,2022-09-30,2022-10-14,0.15871990152491636,0.15996653
GRU,mean,14,1,2022-08-12,2023-01-03,2022-10-01,2022-10-15,0.15650180477879286,0.15787016
GRU,mean,14,1,2022-08-12,2023-01-03,2022-10-02,2022-10-16,0.15266152930749702,0.15463047
GRU,mean,14,1,2022-08-12,2023-01-03,2022-10-03,2022-10-17,0.14347724677613943,0.15007275
GRU,mean,14,1,2022-08-12,2023-01-03,2022-10-04,2022-10-18,0.13829026035920036,0.14372733
GRU,mean,14,1,2022-08-12,2023-01-03,2022-10-05,2022-10-19,0.13069270097057148,0.1364646
GRU,mean,14,1,2022-08-12,2023-01-03,2022-10-06,2022-10-20,0.1255166790683448,0.13230461
GRU,mean,14,1,2022-08-12,2023-01-03,2022-10-07,2022-10-21,0.12157897075041281,0.12905337
GRU,mean,14,1,2022-08-12,2023-01-03,2022-10-08,2022-10-22,0.11773469767174369,0.1251852
GRU,mean,14,1,2022-08-12,2023-01-03,2022-10-09,2022-10-23,0.11325339044483994,0.11802666
GRU,mean,14,1,2022-08-12,2023-01-03,2022-10-10,2022-10-24,0.10736641658234566,0.11186621
GRU,mean,14,1,2022-08-12,2023-01-03,2022-10-11,2022-10-25,0.10312596227942264,0.106311746
GRU,mean,14,1,2022-08-12,2023-01-03,2022-10-12,2022-10-26,0.09637664926756563,0.1054687
GRU,mean,14,1,2022-08-12,2023-01-03,2022-10-13,2022-10-27,0.09311310818163306,0.10464748
GRU,mean,14,1,2022-08-12,2023-01-03,2022-10-14,2022-10-28,0.09115598592443062,0.1037612
GRU,mean,14,1,2022-08-12,2023-01-03,2022-10-15,2022-10-29,0.08803940679110886,0.102287605
GRU,mean,14,1,2022-08-12,2023-01-03,2022-10-16,2022-10-30,0.08535230458762022,0.09987021
GRU,mean,14,1,2022-08-12,2023-01-03,2022-10-17,2022-10-31,0.08375971056243059,0.09346663
GRU,mean,14,1,2022-08-12,2023-01-03,2022-10-18,2022-11-01,0.07870330803353301,0.088628985
GRU,mean,14,1,2022-08-12,2023-01-03,2022-10-19,2022-11-02,0.07653250259730701,0.08284739
GRU,mean,14,1,2022-08-12,2023-01-03,2022-10-20,2022-11-03,0.07565703736612298,0.07790519
GRU,mean,14,1,2022-08-12,2023-01-03,2022-10-21,2022-11-04,0.07521072357078952,0.07361993
GRU,mean,14,1,2022-08-12,2023-01-03,2022-10-22,2022-11-05,0.07488454168851534,0.069245845
GRU,mean,14,1,2022-08-12,2023-01-03,2022-10-23,2022-11-06,0.07653521577896798,0.06416018
GRU,mean,14,1,2022-08-12,2023-01-03,2022-10-24,2022-11-07,0.07686593366154175,0.058031995
GRU,mean,14,1,2022-08-12,2023-01-03,2022-10-25,2022-11-08,0.07379899120593902,0.05238418
GRU,mean,14,1,2022-08-12,2023-01-03,2022-10-26,2022-11-09,0.0732140689040359,0.045397174
GRU,mean,14,1,2022-08-12,2023-01-03,2022-10-27,2022-11-10,0.07167429228732014,0.041280746
GRU,mean,14,1,2022-08-12,2023-01-03,2022-10-28,2022-11-11,0.07034333005117352,0.04103086
GRU,mean,14,1,2022-08-12,2023-01-03,2022-10-29,2022-11-12,0.06940158225025475,0.04141302
GRU,mean,14,1,2022-08-12,2023-01-03,2022-10-30,2022-11-13,0.0685965851917204,0.03942653
GRU,mean,14,1,2022-08-12,2023-01-03,2022-10-31,2022-11-14,0.06798528105971095,0.037698906
GRU,mean,14,1,2022-08-12,2023-01-03,2022-11-01,2022-11-15,0.06841647696484277,0.033932734
GRU,mean,14,1,2022-08-12,2023-01-03,2022-11-02,2022-11-16,0.06882355310627362,0.03227347
GRU,mean,14,1,2022-08-12,2023-01-03,2022-11-03,2022-11-17,0.06846024885293256,0.03537444
GRU,mean,14,1,2022-08-12,2023-01-03,2022-11-04,2022-11-18,0.06848578091842022,0.041908715
GRU,mean,14,1,2022-08-12,2023-01-03,2022-11-05,2022-11-19,0.06896022451598913,0.048445508
GRU,mean,14,1,2022-08-12,2023-01-03,2022-11-06,2022-11-20,0.06756834645720226,0.056051843
GRU,mean,14,1,2022-08-12,2023-01-03,2022-11-07,2022-11-21,0.06696325911643382,0.06281385
GRU,mean,14,1,2022-08-12,2023-01-03,2022-11-08,2022-11-22,0.0658834902023071,0.06555774
GRU,mean,14,1,2022-08-12,2023-01-03,2022-11-09,2022-11-23,0.06811581258005292,0.06742298
GRU,mean,14,1,2022-08-12,2023-01-03,2022-11-10,2022-11-24,0.06990420044032782,0.06794283
GRU,mean,14,1,2022-08-12,2023-01-03,2022-11-11,2022-11-25,0.07102275060850367,0.067375965
GRU,mean,14,1,2022-08-12,2023-01-03,2022-11-12,2022-11-26,0.0718536127797953,0.06648208
GRU,mean,14,1,2022-08-12,2023-01-03,2022-11-13,2022-11-27,0.07271248840123068,0.06566207
GRU,mean,14,1,2022-08-12,2023-01-03,2022-11-14,2022-11-28,0.0746229771927679,0.06516717
GRU,mean,14,1,2022-08-12,2023-01-03,2022-11-15,2022-11-29,0.07264640097472651,0.06595311
GRU,mean,14,1,2022-08-12,2023-01-03,2022-11-16,2022-11-30,0.07425763197917087,0.06766541
GRU,mean,14,1,2022-08-12,2023-01-03,2022-11-17,2022-12-01,0.0743339928725567,0.069004625
GRU,mean,14,1,2022-08-12,2023-01-03,2022-11-18,2022-12-02,0.07462309251850922,0.07016113
GRU,mean,14,1,2022-08-12,2023-01-03,2022-11-19,2022-12-03,0.0756413501838568,0.07166229
GRU,mean,14,1,2022-08-12,2023-01-03,2022-11-20,2022-12-04,0.07608644584284381,0.071445934
GRU,mean,14,1,2022-08-12,2023-01-03,2022-11-21,2022-12-05,0.07575174456500892,0.07048179
GRU,mean,14,1,2022-08-12,2023-01-03,2022-11-22,2022-12-06,0.08043444513248081,0.06879235
GRU,mean,14,1,2022-08-12,2023-01-03,2022-11-23,2022-12-07,0.08105992933133029,0.070137955
GRU,mean,14,1,2022-08-12,2023-01-03,2022-11-24,2022-12-08,0.08187576273409827,0.07371802
GRU,mean,14,1,2022-08-12,2023-01-03,2022-11-25,2022-12-09,0.08196541268270383,0.0777014
GRU,mean,14,1,2022-08-12,2023-01-03,2022-11-26,2022-12-10,0.08265086037204962,0.081045434
GRU,mean,14,1,2022-08-12,2023-01-03,2022-11-27,2022-12-11,0.08264618275374647,0.08361202
GRU,mean,14,1,2022-08-12,2023-01-03,2022-11-28,2022-12-12,0.08060724463772011,0.08668686
GRU,mean,14,1,2022-08-12,2023-01-03,2022-11-29,2022-12-13,0.08164590769670198,0.08597318
GRU,mean,14,1,2022-08-12,2023-01-03,2022-11-30,2022-12-14,0.0820207081477393,0.08583241
GRU,mean,14,1,2022-08-12,2023-01-03,2022-12-01,2022-12-15,0.08294107203209078,0.085502766
GRU,mean,14,1,2022-08-12,2023-01-03,2022-12-02,2022-12-16,0.08314498667503065,0.085094504
GRU,mean,14,1,2022-08-12,2023-01-03,2022-12-03,2022-12-17,0.08266233638081326,0.08554275
GRU,mean,14,1,2022-08-12,2023-01-03,2022-12-04,2022-12-18,0.08280957495804395,0.08613605
GRU,mean,14,1,2022-08-12,2023-01-03,2022-12-05,2022-12-19,0.08453960452933806,0.085808545
GRU,mean,14,1,2022-08-12,2023-01-03,2022-12-06,2022-12-20,0.0815192867338567,0.0902066
GRU,mean,14,1,2022-08-12,2023-01-03,2022-12-07,2022-12-21,0.08493645332696456,0.09428999
GRU,mean,14,1,2022-08-12,2023-01-03,2022-12-08,2022-12-22,0.08633555425495451,0.09696284
GRU,mean,14,1,2022-08-12,2023-01-03,2022-12-09,2022-12-23,0.08742857717998373,0.097644955
GRU,mean,14,1,2022-08-12,2023-01-03,2022-12-10,2022-12-24,0.0883534797421981,0.09763059
GRU,mean,14,1,2022-08-12,2023-01-03,2022-12-11,2022-12-25,0.08983071903707332,0.09676914
GRU,mean,14,1,2022-08-12,2023-01-03,2022-12-12,2022-12-26,0.09192060600112613,0.093179666
GRU,mean,14,1,2022-08-12,2023-01-03,2022-12-13,2022-12-27,0.09458692313283343,0.0911927
GRU,mean,14,1,2022-08-12,2023-01-03,2022-12-14,2022-12-28,0.09724745091778789,0.09053163
GRU,mean,14,1,2022-08-12,2023-01-03,2022-12-15,2022-12-29,0.09724702220752666,0.09122837
GRU,mean,14,1,2022-08-12,2023-01-03,2022-12-16,2022-12-30,0.09803550841086539,0.09201899
GRU,mean,14,1,2022-08-12,2023-01-03,2022-12-17,2022-12-31,0.0986081054382626,0.09183922
GRU,mean,14,1,2022-08-12,2023-01-03,2022-12-18,2023-01-01,0.09989941915543363,0.09156658
GRU,mean,14,1,2022-08-12,2023-01-03,2022-12-19,2023-01-02,0.09988593260292324,0.093191616
GRU,mean,14,1,2022-08-12,2023-01-03,2022-12-20,2023-01-03,0.12762455270873554,0.09110028
GRU,mean,28,1,2022-08-12,2023-01-03,2022-07-16,2022-08-13,0.23292170940412596,0.106684536
GRU,mean,28,1,2022-08-12,2023-01-03,2022-07-17,2022-08-14,0.23855357974477048,0.10252773
GRU,mean,28,1,2022-08-12,2023-01-03,2022-07-18,2022-08-15,0.24737224659489954,0.09889308
GRU,mean,28,1,2022-08-12,2023-01-03,2022-07-19,2022-08-16,0.2611679445832513,0.099452764
GRU,mean,28,1,2022-08-12,2023-01-03,2022-07-20,2022-08-17,0.26814688295996214,0.10332842
GRU,mean,28,1,2022-08-12,2023-01-03,2022-07-21,2022-08-18,0.273718736198986,0.109689824
GRU,mean,28,1,2022-08-12,2023-01-03,2022-07-22,2022-08-19,0.27749659256979736,0.11733901
GRU,mean,28,1,2022-08-12,2023-01-03,2022-07-23,2022-08-20,0.2846488995750268,0.12531984
GRU,mean,28,1,2022-08-12,2023-01-03,2022-07-24,2022-08-21,0.2914799867095102,0.13122892
GRU,mean,28,1,2022-08-12,2023-01-03,2022-07-25,2022-08-22,0.29279370403386357,0.13541216
GRU,mean,28,1,2022-08-12,2023-01-03,2022-07-26,2022-08-23,0.30506859500372635,0.14072339
GRU,mean,28,1,2022-08-12,2023-01-03,2022-07-27,2022-08-24,0.3143525470582268,0.1461707
GRU,mean,28,1,2022-08-12,2023-01-03,2022-07-28,2022-08-25,0.31765678906129774,0.15165707
GRU,mean,28,1,2022-08-12,2023-01-03,2022-07-29,2022-08-26,0.32153524566528474,0.15759538
GRU,mean,28,1,2022-08-12,2023-01-03,2022-07-30,2022-08-27,0.3255590151207944,0.16572316
GRU,mean,28,1,2022-08-12,2023-01-03,2022-07-31,2022-08-28,0.3270184802090577,0.17896888
GRU,mean,28,1,2022-08-12,2023-01-03,2022-08-01,2022-08-29,0.3279652444163786,0.19938824
GRU,mean,28,1,2022-08-12,2023-01-03,2022-08-02,2022-08-30,0.32644171652863674,0.23648368
GRU,mean,28,1,2022-08-12,2023-01-03,2022-08-03,2022-08-31,0.3234294476000823,0.2840262
GRU,mean,28,1,2022-08-12,2023-01-03,2022-08-04,2022-09-01,0.31856742897629436,0.332039
GRU,mean,28,1,2022-08-12,2023-01-03,2022-08-05,2022-09-02,0.3150800198621729,0.3691563
GRU,mean,28,1,2022-08-12,2023-01-03,2022-08-06,2022-09-03,0.3082425964459392,0.38875216
GRU,mean,28,1,2022-08-12,2023-01-03,2022-08-07,2022-09-04,0.30445482155027037,0.39057228
GRU,mean,28,1,2022-08-12,2023-01-03,2022-08-08,2022-09-05,0.3030590973418014,0.3810813
GRU,mean,28,1,2022-08-12,2023-01-03,2022-08-09,2022-09-06,0.29419377758713605,0.38333964
GRU,mean,28,1,2022-08-12,2023-01-03,2022-08-10,2022-09-07,0.28182657677936657,0.39987132
GRU,mean,28,1,2022-08-12,2023-01-03,2022-08-11,2022-09-08,0.2788095099635322,0.42169714
GRU,mean,28,1,2022-08-12,2023-01-03,2022-08-12,2022-09-09,0.3086741352649516,0.42359933
GRU,mean,28,1,2022-08-12,2023-01-03,2022-08-13,2022-09-10,0.30396988534624053,0.40125224
GRU,mean,28,1,2022-08-12,2023-01-03,2022-08-14,2022-09-11,0.3021449781773179,0.3686501
GRU,mean,28,1,2022-08-12,2023-01-03,2022-08-15,2022-09-12,0.29884710656846253,0.32788295
GRU,mean,28,1,2022-08-12,2023-01-03,2022-08-16,2022-09-13,0.2938725866601544,0.3027407
GRU,mean,28,1,2022-08-12,2023-01-03,2022-08-17,2022-09-14,0.29251336400427475,0.2897165
GRU,mean,28,1,2022-08-12,2023-01-03,2022-08-18,2022-09-15,0.2943908167960701,0.2731414
GRU,mean,28,1,2022-08-12,2023-01-03,2022-08-19,2022-09-16,0.29549359188963303,0.25073996
GRU,mean,28,1,2022-08-12,2023-01-03,2022-08-20,2022-09-17,0.2985523855728701,0.23391722
GRU,mean,28,1,2022-08-12,2023-01-03,2022-08-21,2022-09-18,0.3002186925949414,0.22415154
GRU,mean,28,1,2022-08-12,2023-01-03,2022-08-22,2022-09-19,0.3019356548741535,0.20959823
GRU,mean,28,1,2022-08-12,2023-01-03,2022-08-23,2022-09-20,0.29528998831345454,0.20417635
GRU,mean,28,1,2022-08-12,2023-01-03,2022-08-24,2022-09-21,0.3027580614304811,0.20060247
GRU,mean,28,1,2022-08-12,2023-01-03,2022-08-25,2022-09-22,0.30282729640385336,0.18942161
GRU,mean,28,1,2022-08-12,2023-01-03,2022-08-26,2022-09-23,0.2707690744758839,0.17752624
GRU,mean,28,1,2022-08-12,2023-01-03,2022-08-27,2022-09-24,0.2715132441789233,0.16958474
GRU,mean,28,1,2022-08-12,2023-01-03,2022-08-28,2022-09-25,0.2730199657912049,0.1625562
GRU,mean,28,1,2022-08-12,2023-01-03,2022-08-29,2022-09-26,0.2730423377610387,0.15737215
GRU,mean,28,1,2022-08-12,2023-01-03,2022-08-30,2022-09-27,0.263145676334556,0.15160264
GRU,mean,28,1,2022-08-12,2023-01-03,2022-08-31,2022-09-28,0.2585063784037369,0.14630058
GRU,mean,28,1,2022-08-12,2023-01-03,2022-09-01,2022-09-29,0.252093737116353,0.14137955
GRU,mean,28,1,2022-08-12,2023-01-03,2022-09-02,2022-09-30,0.24723750861840718,0.13907501
GRU,mean,28,1,2022-08-12,2023-01-03,2022-09-03,2022-10-01,0.2420399396126247,0.13361853
GRU,mean,28,1,2022-08-12,2023-01-03,2022-09-04,2022-10-02,0.23637694946057428,0.1306207
GRU,mean,28,1,2022-08-12,2023-01-03,2022-09-05,2022-10-03,0.23016647398688345,0.13143827
GRU,mean,28,1,2022-08-12,2023-01-03,2022-09-06,2022-10-04,0.22150343879546813,0.12448668
GRU,mean,28,1,2022-08-12,2023-01-03,2022-09-07,2022-10-05,0.21112320841023344,0.114454806
GRU,mean,28,1,2022-08-12,2023-01-03,2022-09-08,2022-10-06,0.20489023502497505,0.11718908
GRU,mean,28,1,2022-08-12,2023-01-03,2022-09-09,2022-10-07,0.1982452230568141,0.15099688
GRU,mean,28,1,2022-08-12,2023-01-03,2022-09-10,2022-10-08,0.19101868402573371,0.14360599
GRU,mean,28,1,2022-08-12,2023-01-03,2022-09-11,2022-10-09,0.18168724792280838,0.12324641
GRU,mean,28,1,2022-08-12,2023-01-03,2022-09-12,2022-10-10,0.17419604867585306,0.1177879
GRU,mean,28,1,2022-08-12,2023-01-03,2022-09-13,2022-10-11,0.16535249703092708,0.12128223
GRU,mean,28,1,2022-08-12,2023-01-03,2022-09-14,2022-10-12,0.16270718421059713,0.12526731
GRU,mean,28,1,2022-08-12,2023-01-03,2022-09-15,2022-10-13,0.16040128421404473,0.1272289
GRU,mean,28,1,2022-08-12,2023-01-03,2022-09-16,2022-10-14,0.15871990152491636,0.12644868
GRU,mean,28,1,2022-08-12,2023-01-03,2022-09-17,2022-10-15,0.15650180477879286,0.12784508
GRU,mean,28,1,2022-08-12,2023-01-03,2022-09-18,2022-10-16,0.15266152930749702,0.12905614
GRU,mean,28,1,2022-08-12,2023-01-03,2022-09-19,2022-10-17,0.14347724677613943,0.12977551
GRU,mean,28,1,2022-08-12,2023-01-03,2022-09-20,2022-10-18,0.13829026035920036,0.12299513
GRU,mean,28,1,2022-08-12,2023-01-03,2022-09-21,2022-10-19,0.13069270097057148,0.13115373
GRU,mean,28,1,2022-08-12,2023-01-03,2022-09-22,2022-10-20,0.1255166790683448,0.13380884
GRU,mean,28,1,2022-08-12,2023-01-03,2022-09-23,2022-10-21,0.12157897075041281,0.102403104
GRU,mean,28,1,2022-08-12,2023-01-03,2022-09-24,2022-10-22,0.11773469767174369,0.109701544
GRU,mean,28,1,2022-08-12,2023-01-03,2022-09-25,2022-10-23,0.11325339044483994,0.12709899
GRU,mean,28,1,2022-08-12,2023-01-03,2022-09-26,2022-10-24,0.10736641658234566,0.13212766
GRU,mean,28,1,2022-08-12,2023-01-03,2022-09-27,2022-10-25,0.10312596227942264,0.1161144
GRU,mean,28,1,2022-08-12,2023-01-03,2022-09-28,2022-10-26,0.09637664926756563,0.10841617
GRU,mean,28,1,2022-08-12,2023-01-03,2022-09-29,2022-10-27,0.09311310818163306,0.11149555
GRU,mean,28,1,2022-08-12,2023-01-03,2022-09-30,2022-10-28,0.09115598592443062,0.11460383
GRU,mean,28,1,2022-08-12,2023-01-03,2022-10-01,2022-10-29,0.08803940679110886,0.113540515
GRU,mean,28,1,2022-08-12,2023-01-03,2022-10-02,2022-10-30,0.08535230458762022,0.11086979
GRU,mean,28,1,2022-08-12,2023-01-03,2022-10-03,2022-10-31,0.08375971056243059,0.10935768
GRU,mean,28,1,2022-08-12,2023-01-03,2022-10-04,2022-11-01,0.07870330803353301,0.10597638
GRU,mean,28,1,2022-08-12,2023-01-03,2022-10-05,2022-11-02,0.07653250259730701,0.10066435
GRU,mean,28,1,2022-08-12,2023-01-03,2022-10-06,2022-11-03,0.07565703736612298,0.10025203
GRU,mean,28,1,2022-08-12,2023-01-03,2022-10-07,2022-11-04,0.07521072357078952,0.100157596
GRU,mean,28,1,2022-08-12,2023-01-03,2022-10-08,2022-11-05,0.07488454168851534,0.09781777
GRU,mean,28,1,2022-08-12,2023-01-03,2022-10-09,2022-11-06,0.07653521577896798,0.09261708
GRU,mean,28,1,2022-08-12,2023-01-03,2022-10-10,2022-11-07,0.07686593366154175,0.08879886
GRU,mean,28,1,2022-08-12,2023-01-03,2022-10-11,2022-11-08,0.07379899120593902,0.085578114
GRU,mean,28,1,2022-08-12,2023-01-03,2022-10-12,2022-11-09,0.0732140689040359,0.089762695
GRU,mean,28,1,2022-08-12,2023-01-03,2022-10-13,2022-11-10,0.07167429228732014,0.09090454
GRU,mean,28,1,2022-08-12,2023-01-03,2022-10-14,2022-11-11,0.07034333005117352,0.09066168
GRU,mean,28,1,2022-08-12,2023-01-03,2022-10-15,2022-11-12,0.06940158225025475,0.08937371
GRU,mean,28,1,2022-08-12,2023-01-03,2022-10-16,2022-11-13,0.0685965851917204,0.08705897
GRU,mean,28,1,2022-08-12,2023-01-03,2022-10-17,2022-11-14,0.06798528105971095,0.07857488
GRU,mean,28,1,2022-08-12,2023-01-03,2022-10-18,2022-11-15,0.06841647696484277,0.07454822
GRU,mean,28,1,2022-08-12,2023-01-03,2022-10-19,2022-11-16,0.06882355310627362,0.06914843
GRU,mean,28,1,2022-08-12,2023-01-03,2022-10-20,2022-11-17,0.06846024885293256,0.065505885
GRU,mean,28,1,2022-08-12,2023-01-03,2022-10-21,2022-11-18,0.06848578091842022,0.0634974
GRU,mean,28,1,2022-08-12,2023-01-03,2022-10-22,2022-11-19,0.06896022451598913,0.06163432
GRU,mean,28,1,2022-08-12,2023-01-03,2022-10-23,2022-11-20,0.06756834645720226,0.058962017
GRU,mean,28,1,2022-08-12,2023-01-03,2022-10-24,2022-11-21,0.06696325911643382,0.054742105
GRU,mean,28,1,2022-08-12,2023-01-03,2022-10-25,2022-11-22,0.0658834902023071,0.05207674
GRU,mean,28,1,2022-08-12,2023-01-03,2022-10-26,2022-11-23,0.06811581258005292,0.047409922
GRU,mean,28,1,2022-08-12,2023-01-03,2022-10-27,2022-11-24,0.06990420044032782,0.045936722
GRU,mean,28,1,2022-08-12,2023-01-03,2022-10-28,2022-11-25,0.07102275060850367,0.047035046
GRU,mean,28,1,2022-08-12,2023-01-03,2022-10-29,2022-11-26,0.0718536127797953,0.04692561
GRU,mean,28,1,2022-08-12,2023-01-03,2022-10-30,2022-11-27,0.07271248840123068,0.046359215
GRU,mean,28,1,2022-08-12,2023-01-03,2022-10-31,2022-11-28,0.0746229771927679,0.046536
GRU,mean,28,1,2022-08-12,2023-01-03,2022-11-01,2022-11-29,0.07264640097472651,0.04335638
GRU,mean,28,1,2022-08-12,2023-01-03,2022-11-02,2022-11-30,0.07425763197917087,0.042211067
GRU,mean,28,1,2022-08-12,2023-01-03,2022-11-03,2022-12-01,0.0743339928725567,0.04358983
GRU,mean,28,1,2022-08-12,2023-01-03,2022-11-04,2022-12-02,0.07462309251850922,0.046463728
GRU,mean,28,1,2022-08-12,2023-01-03,2022-11-05,2022-12-03,0.0756413501838568,0.049765192
GRU,mean,28,1,2022-08-12,2023-01-03,2022-11-06,2022-12-04,0.07608644584284381,0.05493578
GRU,mean,28,1,2022-08-12,2023-01-03,2022-11-07,2022-12-05,0.07575174456500892,0.059422676
GRU,mean,28,1,2022-08-12,2023-01-03,2022-11-08,2022-12-06,0.08043444513248081,0.059446864
GRU,mean,28,1,2022-08-12,2023-01-03,2022-11-09,2022-12-07,0.08105992933133029,0.06063043
GRU,mean,28,1,2022-08-12,2023-01-03,2022-11-10,2022-12-08,0.08187576273409827,0.062079486
GRU,mean,28,1,2022-08-12,2023-01-03,2022-11-11,2022-12-09,0.08196541268270383,0.06435687
GRU,mean,28,1,2022-08-12,2023-01-03,2022-11-12,2022-12-10,0.08265086037204962,0.0681263
GRU,mean,28,1,2022-08-12,2023-01-03,2022-11-13,2022-12-11,0.08264618275374647,0.0745447
GRU,mean,28,1,2022-08-12,2023-01-03,2022-11-14,2022-12-12,0.08060724463772011,0.08244614
GRU,mean,28,1,2022-08-12,2023-01-03,2022-11-15,2022-12-13,0.08164590769670198,0.08965053
GRU,mean,28,1,2022-08-12,2023-01-03,2022-11-16,2022-12-14,0.0820207081477393,0.09595247
GRU,mean,28,1,2022-08-12,2023-01-03,2022-11-17,2022-12-15,0.08294107203209078,0.09821629
GRU,mean,28,1,2022-08-12,2023-01-03,2022-11-18,2022-12-16,0.08314498667503065,0.09538592
GRU,mean,28,1,2022-08-12,2023-01-03,2022-11-19,2022-12-17,0.08266233638081326,0.0893315
GRU,mean,28,1,2022-08-12,2023-01-03,2022-11-20,2022-12-18,0.08280957495804395,0.083363
GRU,mean,28,1,2022-08-12,2023-01-03,2022-11-21,2022-12-19,0.08453960452933806,0.08211122
GRU,mean,28,1,2022-08-12,2023-01-03,2022-11-22,2022-12-20,0.0815192867338567,0.082336806
GRU,mean,28,1,2022-08-12,2023-01-03,2022-11-23,2022-12-21,0.08493645332696456,0.08508086
GRU,mean,28,1,2022-08-12,2023-01-03,2022-11-24,2022-12-22,0.08633555425495451,0.08884003
GRU,mean,28,1,2022-08-12,2023-01-03,2022-11-25,2022-12-23,0.08742857717998373,0.091604404
GRU,mean,28,1,2022-08-12,2023-01-03,2022-11-26,2022-12-24,0.0883534797421981,0.09137845
GRU,mean,28,1,2022-08-12,2023-01-03,2022-11-27,2022-12-25,0.08983071903707332,0.09003975
GRU,mean,28,1,2022-08-12,2023-01-03,2022-11-28,2022-12-26,0.09192060600112613,0.09134903
GRU,mean,28,1,2022-08-12,2023-01-03,2022-11-29,2022-12-27,0.09458692313283343,0.090394996
GRU,mean,28,1,2022-08-12,2023-01-03,2022-11-30,2022-12-28,0.09724745091778789,0.090799294
GRU,mean,28,1,2022-08-12,2023-01-03,2022-12-01,2022-12-29,0.09724702220752666,0.09164466
GRU,mean,28,1,2022-08-12,2023-01-03,2022-12-02,2022-12-30,0.09803550841086539,0.0924638
GRU,mean,28,1,2022-08-12,2023-01-03,2022-12-03,2022-12-31,0.0986081054382626,0.09339755
GRU,mean,28,1,2022-08-12,2023-01-03,2022-12-04,2023-01-01,0.09989941915543363,0.093503185
GRU,mean,28,1,2022-08-12,2023-01-03,2022-12-05,2023-01-02,0.09988593260292324,0.09138267
GRU,mean,28,1,2022-08-12,2023-01-03,2022-12-06,2023-01-03,0.12762455270873554,0.091675825
GRU,variance,14,1,2022-08-12,2023-01-03,2022-07-30,2022-08-13,0.008117067205932955,0.0090311235
GRU,variance,14,1,2022-08-12,2023-01-03,2022-07-31,2022-08-14,0.007778094697169558,0.0070170206
GRU,variance,14,1,2022-08-12,2023-01-03,2022-08-01,2022-08-15,0.008031014118835037,0.0017835371
GRU,variance,14,1,2022-08-12,2023-01-03,2022-08-02,2022-08-16,0.015096759315895346,0.004238779
GRU,variance,14,1,2022-08-12,2023-01-03,2022-08-03,2022-08-17,0.015359680715964913,0.009360122
GRU,variance,14,1,2022-08-12,2023-01-03,2022-08-04,2022-08-18,0.014807367790415046,0.007172301
GRU,variance,14,1,2022-08-12,2023-01-03,2022-08-05,2022-08-19,0.014015026221596595,0.0011702502
GRU,variance,14,1,2022-08-12,2023-01-03,2022-08-06,2022-08-20,0.012822472552947757,0.001018033
GRU,variance,14,1,2022-08-12,2023-01-03,2022-08-07,2022-08-21,0.011798568874073934,0.006703612
GRU,variance,14,1,2022-08-12,2023-01-03,2022-08-08,2022-08-22,0.01091514859790761,0.008195598
GRU,variance,14,1,2022-08-12,2023-01-03,2022-08-09,2022-08-23,0.01676452344319587,0.0013072977
GRU,variance,14,1,2022-08-12,2023-01-03,2022-08-10,2022-08-24,0.01767499587668532,0.0010725769
GRU,variance,14,1,2022-08-12,2023-01-03,2022-08-11,2022-08-25,0.017215978567275685,0.0012235927
GRU,variance,14,1,2022-08-12,2023-01-03,2022-08-12,2022-08-26,0.01628986133817656,0.0075067338
GRU,variance,14,1,2022-08-12,2023-01-03,2022-08-13,2022-08-27,0.015552413900128218,0.009145477
GRU,variance,14,1,2022-08-12,2023-01-03,2022-08-14,2022-08-28,0.01532763461858324,0.008858545
GRU,variance,14,1,2022-08-12,2023-01-03,2022-08-15,2022-08-29,0.015312660195629631,0.008898602
GRU,variance,14,1,2022-08-12,2023-01-03,2022-08-16,2022-08-30,0.01451704047417591,0.009302186
GRU,variance,14,1,2022-08-12,2023-01-03,2022-08-17,2022-08-31,0.01463780197011998,0.0091106305
GRU,variance,14,1,2022-08-12,2023-01-03,2022-08-18,2022-09-01,0.015618330075850282,0.008977478
GRU,variance,14,1,2022-08-12,2023-01-03,2022-08-19,2022-09-02,0.016653932075193795,0.0075497204
GRU,variance,14,1,2022-08-12,2023-01-03,2022-08-20,2022-09-03,0.01825791216096253,0.006172822
GRU,variance,14,1,2022-08-12,2023-01-03,2022-08-21,2022-09-04,0.01882553365038233,0.0053832345
GRU,variance,14,1,2022-08-12,2023-01-03,2022-08-22,2022-09-05,0.018836521219767456,0.005123169
GRU,variance,14,1,2022-08-12,2023-01-03,2022-08-23,2022-09-06,0.014150367623231297,0.0056079123
GRU,variance,14,1,2022-08-12,2023-01-03,2022-08-24,2022-09-07,0.01293438864290947,0.0058829486
GRU,variance,14,1,2022-08-12,2023-01-03,2022-08-25,2022-09-08,0.013108546907398377,0.0060997573
GRU,variance,14,1,2022-08-12,2023-01-03,2022-08-26,2022-09-09,0.022833747595359947,0.006260893
GRU,variance,14,1,2022-08-12,2023-01-03,2022-08-27,2022-09-10,0.023569643189707595,0.005904684
GRU,variance,14,1,2022-08-12,2023-01-03,2022-08-28,2022-09-11,0.023769448445852267,0.0035508994
GRU,variance,14,1,2022-08-12,2023-01-03,2022-08-29,2022-09-12,0.02374675594053248,0.0035743278
GRU,variance,14,1,2022-08-12,2023-01-03,2022-08-30,2022-09-13,0.021305839426839897,0.004890974
GRU,variance,14,1,2022-08-12,2023-01-03,2022-08-31,2022-09-14,0.02135698674379953,0.005387728
GRU,variance,14,1,2022-08-12,2023-01-03,2022-09-01,2022-09-15,0.021005267622884426,0.005543098
GRU,variance,14,1,2022-08-12,2023-01-03,2022-09-02,2022-09-16,0.0206901186911118,0.0055767396
GRU,variance,14,1,2022-08-12,2023-01-03,2022-09-03,2022-09-17,0.019894741174388893,0.005238087
GRU,variance,14,1,2022-08-12,2023-01-03,2022-09-04,2022-09-18,0.019616728187864692,0.0034993005
GRU,variance,14,1,2022-08-12,2023-01-03,2022-09-05,2022-09-19,0.019621437507855763,0.0035961666
GRU,variance,14,1,2022-08-12,2023-01-03,2022-09-06,2022-09-20,0.017662526010538464,0.0033610815
GRU,variance,14,1,2022-08-12,2023-01-03,2022-09-07,2022-09-21,0.0176680299033733,0.003090789
GRU,variance,14,1,2022-08-12,2023-01-03,2022-09-08,2022-09-22,0.017657604812243884,0.0029666552
GRU,variance,14,1,2022-08-12,2023-01-03,2022-09-09,2022-09-23,0.0077988791213810145,0.003811908
GRU,variance,14,1,2022-08-12,2023-01-03,2022-09-10,2022-09-24,0.007694424661477285,0.004715707
GRU,variance,14,1,2022-08-12,2023-01-03,2022-09-11,2022-09-25,0.007622152564475419,0.0047921347
GRU,variance,14,1,2022-08-12,2023-01-03,2022-09-12,2022-09-26,0.0076225250946339715,0.005283513
GRU,variance,14,1,2022-08-12,2023-01-03,2022-09-13,2022-09-27,0.004382828736228269,0.0053959265
GRU,variance,14,1,2022-08-12,2023-01-03,2022-09-14,2022-09-28,0.00465355792082863,0.005418013
GRU,variance,14,1,2022-08-12,2023-01-03,2022-09-15,2022-09-29,0.005766417582073565,0.0054277563
GRU,variance,14,1,2022-08-12,2023-01-03,2022-09-16,2022-09-30,0.006955464167485369,0.0054284963
GRU,variance,14,1,2022-08-12,2023-01-03,2022-09-17,2022-10-01,0.007888159123231668,0.0054092454
GRU,variance,14,1,2022-08-12,2023-01-03,2022-09-18,2022-10-02,0.008440239927878557,0.00540872
GRU,variance,14,1,2022-08-12,2023-01-03,2022-09-19,2022-10-03,0.007936961616580787,0.005397147
GRU,variance,14,1,2022-08-12,2023-01-03,2022-09-20,2022-10-04,0.0060249479178009725,0.0052982965
GRU,variance,14,1,2022-08-12,2023-01-03,2022-09-21,2022-10-05,0.004623858214569084,0.0051620314
GRU,variance,14,1,2022-08-12,2023-01-03,2022-09-22,2022-10-06,0.004869134108574868,0.004934638
GRU,variance,14,1,2022-08-12,2023-01-03,2022-09-23,2022-10-07,0.005483310867176911,0.0041127433
GRU,variance,14,1,2022-08-12,2023-01-03,2022-09-24,2022-10-08,0.006013080409071651,0.0033144327
GRU,variance,14,1,2022-08-12,2023-01-03,2022-09-25,2022-10-09,0.005834796923257389,0.0027625153
GRU,variance,14,1,2022-08-12,2023-01-03,2022-09-26,2022-10-10,0.005019358350750101,0.0023990506
GRU,variance,14,1,2022-08-12,2023-01-03,2022-09-27,2022-10-11,0.0027503393003520693,0.0021529524
GRU,variance,14,1,2022-08-12,2023-01-03,2022-09-28,2022-10-12,0.0026437359927162637,0.0019870468
GRU,variance,14,1,2022-08-12,2023-01-03,2022-09-29,2022-10-13,0.002881419488199563,0.0020030297
GRU,variance,14,1,2022-08-12,2023-01-03,2022-09-30,2022-10-14,0.003132524729261758,0.0020080816
GRU,variance,14,1,2022-08-12,2023-01-03,2022-10-01,2022-10-15,0.0033627833193770615,0.001975261
GRU,variance,14,1,2022-08-12,2023-01-03,2022-10-02,2022-10-16,0.0035874249206459094,0.0019543797
GRU,variance,14,1,2022-08-12,2023-01-03,2022-10-03,2022-10-17,0.0032894489873533596,0.0018928035
GRU,variance,14,1,2022-08-12,2023-01-03,2022-10-04,2022-10-18,0.0022786839891364716,0.0017458103
GRU,variance,14,1,2022-08-12,2023-01-03,2022-10-05,2022-10-19,0.0019735762412605405,0.0015977804
GRU,variance,14,1,2022-08-12,2023-01-03,2022-10-06,2022-10-20,0.0021768241644822455,0.001590617
GRU,variance,14,1,2022-08-12,2023-01-03,2022-10-07,2022-10-21,0.002507350376222663,0.0016002535
GRU,variance,14,1,2022-08-12,2023-01-03,2022-10-08,2022-10-22,0.0028100399747824426,0.0015571462
GRU,variance,14,1,2022-08-12,2023-01-03,2022-10-09,2022-10-23,0.002973736599985194,0.001498852
GRU,variance,14,1,2022-08-12,2023-01-03,2022-10-10,2022-10-24,0.0026627892241231107,0.0014073488
GRU,variance,14,1,2022-08-12,2023-01-03,2022-10-11,2022-10-25,0.0018219482985545226,0.00077806483
GRU,variance,14,1,2022-08-12,2023-01-03,2022-10-12,2022-10-26,0.0015715287677538668,0.0007421626
GRU,variance,14,1,2022-08-12,2023-01-03,2022-10-13,2022-10-27,0.0017123479509662592,0.0007435319
GRU,variance,14,1,2022-08-12,2023-01-03,2022-10-14,2022-10-28,0.001827772407114464,0.00073669705
GRU,variance,14,1,2022-08-12,2023-01-03,2022-10-15,2022-10-29,0.0019454223503378371,0.000614006
GRU,variance,14,1,2022-08-12,2023-01-03,2022-10-16,2022-10-30,0.0019741566037923893,0.0011595853
GRU,variance,14,1,2022-08-12,2023-01-03,2022-10-17,2022-10-31,0.0019633906236228857,0.00097310875
GRU,variance,14,1,2022-08-12,2023-01-03,2022-10-18,2022-11-01,0.0011093211211332314,0.0006222857
GRU,variance,14,1,2022-08-12,2023-01-03,2022-10-19,2022-11-02,0.001075936957652235,0.00052653544
GRU,variance,14,1,2022-08-12,2023-01-03,2022-10-20,2022-11-03,0.0010921187477081476,0.00055321556
GRU,variance,14,1,2022-08-12,2023-01-03,2022-10-21,2022-11-04,0.0011128304990586468,0.00053704943
GRU,variance,14,1,2022-08-12,2023-01-03,2022-10-22,2022-11-05,0.0011276828876414858,0.0004647882
GRU,variance,14,1,2022-08-12,2023-01-03,2022-10-23,2022-11-06,0.0011383841531888862,0.0007389887
GRU,variance,14,1,2022-08-12,2023-01-03,2022-10-24,2022-11-07,0.0011520883219768513,0.0014260575
GRU,variance,14,1,2022-08-12,2023-01-03,2022-10-25,2022-11-08,0.0006842360649737765,0.0010002432
GRU,variance,14,1,2022-08-12,2023-01-03,2022-10-26,2022-11-09,0.0006941490511700806,0.00062705285
GRU,variance,14,1,2022-08-12,2023-01-03,2022-10-27,2022-11-10,0.0007981396779984403,0.0005375634
GRU,variance,14,1,2022-08-12,2023-01-03,2022-10-28,2022-11-11,0.0008820558251377544,0.0006942058
GRU,variance,14,1,2022-08-12,2023-01-03,2022-10-29,2022-11-12,0.0009352190474323893,0.002237835
GRU,variance,14,1,2022-08-12,2023-01-03,2022-10-30,2022-11-13,0.000955527018761929,0.0076587694
GRU,variance,14,1,2022-08-12,2023-01-03,2022-10-31,2022-11-14,0.0009502915087790959,0.008633718
GRU,variance,14,1,2022-08-12,2023-01-03,2022-11-01,2022-11-15,0.001005157141074062,0.0087123
GRU,variance,14,1,2022-08-12,2023-01-03,2022-11-02,2022-11-16,0.0010084817968527015,0.007897905
GRU,variance,14,1,2022-08-12,2023-01-03,2022-11-03,2022-11-17,0.001016150475973275,0.0073281364
GRU,variance,14,1,2022-08-12,2023-01-03,2022-11-04,2022-11-18,0.0010151864435413653,0.0071815336
GRU,variance,14,1,2022-08-12,2023-01-03,2022-11-05,2022-11-19,0.0010011066373451102,0.007971928
GRU,variance,14,1,2022-08-12,2023-01-03,2022-11-06,2022-11-20,0.0009643311629850209,0.006927079
GRU,variance,14,1,2022-08-12,2023-01-03,2022-11-07,2022-11-21,0.0009294647955986827,0.0060895965
GRU,variance,14,1,2022-08-12,2023-01-03,2022-11-08,2022-11-22,0.000811536801417238,0.0066509345
GRU,variance,14,1,2022-08-12,2023-01-03,2022-11-09,2022-11-23,0.0008604358528602288,0.0063847573
GRU,variance,14,1,2022-08-12,2023-01-03,2022-11-10,2022-11-24,0.0007595865113932509,0.0059964326
GRU,variance,14,1,2022-08-12,2023-01-03,2022-11-11,2022-11-25,0.0006867944167603288,0.0055475133
GRU,variance,14,1,2022-08-12,2023-01-03,2022-11-12,2022-11-26,0.0006356998816762191,0.0020077832
GRU,variance,14,1,2022-08-12,2023-01-03,2022-11-13,2022-11-27,0.0006086554152484937,0.0011084462
GRU,variance,14,1,2022-08-12,2023-01-03,2022-11-14,2022-11-28,0.0006403148909674624,0.0013004383
GRU,variance,14,1,2022-08-12,2023-01-03,2022-11-15,2022-11-29,0.00045800055215042626,0.0014498822
GRU,variance,14,1,2022-08-12,2023-01-03,2022-11-16,2022-11-30,0.0005034205634420919,0.0013026772
GRU,variance,14,1,2022-08-12,2023-01-03,2022-11-17,2022-12-01,0.0005005484756790663,0.0011039452
GRU,variance,14,1,2022-08-12,2023-01-03,2022-11-18,2022-12-02,0.000487264630532469,0.0010388466
GRU,variance,14,1,2022-08-12,2023-01-03,2022-11-19,2022-12-03,0.0004659060770007615,0.0010442631
GRU,variance,14,1,2022-08-12,2023-01-03,2022-11-20,2022-12-04,0.0004640271125979325,0.0008584456
GRU,variance,14,1,2022-08-12,2023-01-03,2022-11-21,2022-12-05,0.00045572148050258723,0.0006696554
GRU,variance,14,1,2022-08-12,2023-01-03,2022-11-22,2022-12-06,0.0011038179971288478,0.0005440892
GRU,variance,14,1,2022-08-12,2023-01-03,2022-11-23,2022-12-07,0.0011259487952747884,0.00047943273
GRU,variance,14,1,2022-08-12,2023-01-03,2022-11-24,2022-12-08,0.001090084898969921,0.0005007952
GRU,variance,14,1,2022-08-12,2023-01-03,2022-11-25,2022-12-09,0.0010836715119488568,0.00045093612
GRU,variance,14,1,2022-08-12,2023-01-03,2022-11-26,2022-12-10,0.0010411417278789305,0.0004146964
GRU,variance,14,1,2022-08-12,2023-01-03,2022-11-27,2022-12-11,0.001041333207000048,0.000441297
GRU,variance,14,1,2022-08-12,2023-01-03,2022-11-28,2022-12-12,0.0010464461299021645,0.0004977311
GRU,variance,14,1,2022-08-12,2023-01-03,2022-11-29,2022-12-13,0.0011108019294038094,0.0005174589
GRU,variance,14,1,2022-08-12,2023-01-03,2022-11-30,2022-12-14,0.0011258242555002094,0.00044217292
GRU,variance,14,1,2022-08-12,2023-01-03,2022-12-01,2022-12-15,0.0010888128532949523,0.00047406723
GRU,variance,14,1,2022-08-12,2023-01-03,2022-12-02,2022-12-16,0.0010771973721320114,0.0005449733
GRU,variance,14,1,2022-08-12,2023-01-03,2022-12-03,2022-12-17,0.0010915025301333897,0.0005793066
GRU,variance,14,1,2022-08-12,2023-01-03,2022-12-04,2022-12-18,0.0010900165598817784,0.0005921033
GRU,variance,14,1,2022-08-12,2023-01-03,2022-12-05,2022-12-19,0.001140443764019963,0.00061378255
GRU,variance,14,1,2022-08-12,2023-01-03,2022-12-06,2022-12-20,0.0006788371953249319,0.0009267437
GRU,variance,14,1,2022-08-12,2023-01-03,2022-12-07,2022-12-21,0.0009897637893324888,0.001714758
GRU,variance,14,1,2022-08-12,2023-01-03,2022-12-08,2022-12-22,0.0009624211538411541,0.002354243
GRU,variance,14,1,2022-08-12,2023-01-03,2022-12-09,2022-12-23,0.0008920378086458573,0.002565494
GRU,variance,14,1,2022-08-12,2023-01-03,2022-12-10,2022-12-24,0.0008459847937679105,0.0024692675
GRU,variance,14,1,2022-08-12,2023-01-03,2022-12-11,2022-12-25,0.0007978091388337329,0.0018529912
GRU,variance,14,1,2022-08-12,2023-01-03,2022-12-12,2022-12-26,0.0007525415580339578,0.0018399383
GRU,variance,14,1,2022-08-12,2023-01-03,2022-12-13,2022-12-27,0.0009970423879062918,0.0020713059
GRU,variance,14,1,2022-08-12,2023-01-03,2022-12-14,2022-12-28,0.0011447276626857814,0.0017204287
GRU,variance,14,1,2022-08-12,2023-01-03,2022-12-15,2022-12-29,0.001144752591555574,0.0007057775
GRU,variance,14,1,2022-08-12,2023-01-03,2022-12-16,2022-12-30,0.0010868442169381632,0.00031380498
GRU,variance,14,1,2022-08-12,2023-01-03,2022-12-17,2022-12-31,0.001051634677836248,0.0005783089
GRU,variance,14,1,2022-08-12,2023-01-03,2022-12-18,2023-01-01,0.0010206688022819867,0.00045003154
GRU,variance,14,1,2022-08-12,2023-01-03,2022-12-19,2023-01-02,0.0010203977616972076,0.00046743863
GRU,variance,14,1,2022-08-12,2023-01-03,2022-12-20,2023-01-03,0.01376160801554033,0.00044058144
GRU,variance,28,1,2022-08-12,2023-01-03,2022-07-16,2022-08-13,0.008117067205932955,0.001663752
GRU,variance,28,1,2022-08-12,2023-01-03,2022-07-17,2022-08-14,0.007778094697169558,0.0011657956
GRU,variance,28,1,2022-08-12,2023-01-03,2022-07-18,2022-08-15,0.008031014118835037,0.00094295415
GRU,variance,28,1,2022-08-12,2023-01-03,2022-07-19,2022-08-16,0.015096759315895346,0.0015158964
GRU,variance,28,1,2022-08-12,2023-01-03,2022-07-20,2022-08-17,0.015359680715964913,0.0022624247
GRU,variance,28,1,2022-08-12,2023-01-03,2022-07-21,2022-08-18,0.014807367790415046,0.00269554
GRU,variance,28,1,2022-08-12,2023-01-03,2022-07-22,2022-08-19,0.014015026221596595,0.0028729255
GRU,variance,28,1,2022-08-12,2023-01-03,2022-07-23,2022-08-20,0.012822472552947757,0.002794972
GRU,variance,28,1,2022-08-12,2023-01-03,2022-07-24,2022-08-21,0.011798568874073934,0.0024082374
GRU,variance,28,1,2022-08-12,2023-01-03,2022-07-25,2022-08-22,0.01091514859790761,0.0019228272
GRU,variance,28,1,2022-08-12,2023-01-03,2022-07-26,2022-08-23,0.01676452344319587,0.0026642291
GRU,variance,28,1,2022-08-12,2023-01-03,2022-07-27,2022-08-24,0.01767499587668532,0.0035629144
GRU,variance,28,1,2022-08-12,2023-01-03,2022-07-28,2022-08-25,0.017215978567275685,0.003733244
GRU,variance,28,1,2022-08-12,2023-01-03,2022-07-29,2022-08-26,0.01628986133817656,0.00306998
GRU,variance,28,1,2022-08-12,2023-01-03,2022-07-30,2022-08-27,0.015552413900128218,0.0018610856
GRU,variance,28,1,2022-08-12,2023-01-03,2022-07-31,2022-08-28,0.01532763461858324,0.0010593123
GRU,variance,28,1,2022-08-12,2023-01-03,2022-08-01,2022-08-29,0.015312660195629631,0.0013190324
GRU,variance,28,1,2022-08-12,2023-01-03,2022-08-02,2022-08-30,0.01451704047417591,0.005369552
GRU,variance,28,1,2022-08-12,2023-01-03,2022-08-03,2022-08-31,0.01463780197011998,0.006922637
GRU,variance,28,1,2022-08-12,2023-01-03,2022-08-04,2022-09-01,0.015618330075850282,0.0068274853
GRU,variance,28,1,2022-08-12,2023-01-03,2022-08-05,2022-09-02,0.016653932075193795,0.0068093413
GRU,variance,28,1,2022-08-12,2023-01-03,2022-08-06,2022-09-03,0.01825791216096253,0.006427035
GRU,variance,28,1,2022-08-12,2023-01-03,2022-08-07,2022-09-04,0.01882553365038233,0.0059606163
GRU,variance,28,1,2022-08-12,2023-01-03,2022-08-08,2022-09-05,0.018836521219767456,0.005308874
GRU,variance,28,1,2022-08-12,2023-01-03,2022-08-09,2022-09-06,0.014150367623231297,0.005737121
GRU,variance,28,1,2022-08-12,2023-01-03,2022-08-10,2022-09-07,0.01293438864290947,0.004912668
GRU,variance,28,1,2022-08-12,2023-01-03,2022-08-11,2022-09-08,0.013108546907398377,0.0036854912
GRU,variance,28,1,2022-08-12,2023-01-03,2022-08-12,2022-09-09,0.022833747595359947,0.0031022893
GRU,variance,28,1,2022-08-12,2023-01-03,2022-08-13,2022-09-10,0.023569643189707595,0.0028377054
GRU,variance,28,1,2022-08-12,2023-01-03,2022-08-14,2022-09-11,0.023769448445852267,0.0026709337
GRU,variance,28,1,2022-08-12,2023-01-03,2022-08-15,2022-09-12,0.02374675594053248,0.002431724
GRU,variance,28,1,2022-08-12,2023-01-03,2022-08-16,2022-09-13,0.021305839426839897,0.0026415435
GRU,variance,28,1,2022-08-12,2023-01-03,2022-08-17,2022-09-14,0.02135698674379953,0.0022528819
GRU,variance,28,1,2022-08-12,2023-01-03,2022-08-18,2022-09-15,0.021005267622884426,0.0017880681
GRU,variance,28,1,2022-08-12,2023-01-03,2022-08-19,2022-09-16,0.0206901186911118,0.0014431316
GRU,variance,28,1,2022-08-12,2023-01-03,2022-08-20,2022-09-17,0.019894741174388893,0.0012038087
GRU,variance,28,1,2022-08-12,2023-01-03,2022-08-21,2022-09-18,0.019616728187864692,0.0010119339
GRU,variance,28,1,2022-08-12,2023-01-03,2022-08-22,2022-09-19,0.019621437507855763,0.0009565185
GRU,variance,28,1,2022-08-12,2023-01-03,2022-08-23,2022-09-20,0.017662526010538464,0.0011163207
GRU,variance,28,1,2022-08-12,2023-01-03,2022-08-24,2022-09-21,0.0176680299033733,0.001170992
GRU,variance,28,1,2022-08-12,2023-01-03,2022-08-25,2022-09-22,0.017657604812243884,0.0011772006
GRU,variance,28,1,2022-08-12,2023-01-03,2022-08-26,2022-09-23,0.0077988791213810145,0.0011312073
GRU,variance,28,1,2022-08-12,2023-01-03,2022-08-27,2022-09-24,0.007694424661477285,0.0010570613
GRU,variance,28,1,2022-08-12,2023-01-03,2022-08-28,2022-09-25,0.007622152564475419,0.00099687
GRU,variance,28,1,2022-08-12,2023-01-03,2022-08-29,2022-09-26,0.0076225250946339715,0.00097324105
GRU,variance,28,1,2022-08-12,2023-01-03,2022-08-30,2022-09-27,0.004382828736228269,0.00093162194
GRU,variance,28,1,2022-08-12,2023-01-03,2022-08-31,2022-09-28,0.00465355792082863,0.0009076223
GRU,variance,28,1,2022-08-12,2023-01-03,2022-09-01,2022-09-29,0.005766417582073565,0.00091422163
GRU,variance,28,1,2022-08-12,2023-01-03,2022-09-02,2022-09-30,0.006955464167485369,0.000951561
GRU,variance,28,1,2022-08-12,2023-01-03,2022-09-03,2022-10-01,0.007888159123231668,0.0010731356
GRU,variance,28,1,2022-08-12,2023-01-03,2022-09-04,2022-10-02,0.008440239927878557,0.0010300939
GRU,variance,28,1,2022-08-12,2023-01-03,2022-09-05,2022-10-03,0.007936961616580787,0.0010196558
GRU,variance,28,1,2022-08-12,2023-01-03,2022-09-06,2022-10-04,0.0060249479178009725,0.0009182121
GRU,variance,28,1,2022-08-12,2023-01-03,2022-09-07,2022-10-05,0.004623858214569084,0.0008655234
GRU,variance,28,1,2022-08-12,2023-01-03,2022-09-08,2022-10-06,0.004869134108574868,0.00085485156
GRU,variance,28,1,2022-08-12,2023-01-03,2022-09-09,2022-10-07,0.005483310867176911,0.0010373662
GRU,variance,28,1,2022-08-12,2023-01-03,2022-09-10,2022-10-08,0.006013080409071651,0.0011578848
GRU,variance,28,1,2022-08-12,2023-01-03,2022-09-11,2022-10-09,0.005834796923257389,0.0010940805
GRU,variance,28,1,2022-08-12,2023-01-03,2022-09-12,2022-10-10,0.005019358350750101,0.0010755825
GRU,variance,28,1,2022-08-12,2023-01-03,2022-09-13,2022-10-11,0.0027503393003520693,0.0010453571
GRU,variance,28,1,2022-08-12,2023-01-03,2022-09-14,2022-10-12,0.0026437359927162637,0.0010527039
GRU,variance,28,1,2022-08-12,2023-01-03,2022-09-15,2022-10-13,0.002881419488199563,0.0010555407
GRU,variance,28,1,2022-08-12,2023-01-03,2022-09-16,2022-10-14,0.003132524729261758,0.001050284
GRU,variance,28,1,2022-08-12,2023-01-03,2022-09-17,2022-10-15,0.0033627833193770615,0.001025976
GRU,variance,28,1,2022-08-12,2023-01-03,2022-09-18,2022-10-16,0.0035874249206459094,0.0010328123
GRU,variance,28,1,2022-08-12,2023-01-03,2022-09-19,2022-10-17,0.0032894489873533596,0.0010406525
GRU,variance,28,1,2022-08-12,2023-01-03,2022-09-20,2022-10-18,0.0022786839891364716,0.0010028374
GRU,variance,28,1,2022-08-12,2023-01-03,2022-09-21,2022-10-19,0.0019735762412605405,0.0009963183
GRU,variance,28,1,2022-08-12,2023-01-03,2022-09-22,2022-10-20,0.0021768241644822455,0.00096814614
GRU,variance,28,1,2022-08-12,2023-01-03,2022-09-23,2022-10-21,0.002507350376222663,0.0006745637
GRU,variance,28,1,2022-08-12,2023-01-03,2022-09-24,2022-10-22,0.0028100399747824426,0.0006070558
GRU,variance,28,1,2022-08-12,2023-01-03,2022-09-25,2022-10-23,0.002973736599985194,0.0006559935
GRU,variance,28,1,2022-08-12,2023-01-03,2022-09-26,2022-10-24,0.0026627892241231107,0.00069910736
GRU,variance,28,1,2022-08-12,2023-01-03,2022-09-27,2022-10-25,0.0018219482985545226,0.0006703058
GRU,variance,28,1,2022-08-12,2023-01-03,2022-09-28,2022-10-26,0.0015715287677538668,0.0005420795
GRU,variance,28,1,2022-08-12,2023-01-03,2022-09-29,2022-10-27,0.0017123479509662592,0.00060321717
GRU,variance,28,1,2022-08-12,2023-01-03,2022-09-30,2022-10-28,0.001827772407114464,0.0006731225
GRU,variance,28,1,2022-08-12,2023-01-03,2022-10-01,2022-10-29,0.0019454223503378371,0.0007251869
GRU,variance,28,1,2022-08-12,2023-01-03,2022-10-02,2022-10-30,0.0019741566037923893,0.0008056679
GRU,variance,28,1,2022-08-12,2023-01-03,2022-10-03,2022-10-31,0.0019633906236228857,0.00080440816
GRU,variance,28,1,2022-08-12,2023-01-03,2022-10-04,2022-11-01,0.0011093211211332314,0.00074253243
GRU,variance,28,1,2022-08-12,2023-01-03,2022-10-05,2022-11-02,0.001075936957652235,0.0006867676
GRU,variance,28,1,2022-08-12,2023-01-03,2022-10-06,2022-11-03,0.0010921187477081476,0.0007167335
GRU,variance,28,1,2022-08-12,2023-01-03,2022-10-07,2022-11-04,0.0011128304990586468,0.0007623977
GRU,variance,28,1,2022-08-12,2023-01-03,2022-10-08,2022-11-05,0.0011276828876414858,0.00078905065
GRU,variance,28,1,2022-08-12,2023-01-03,2022-10-09,2022-11-06,0.0011383841531888862,0.00082037173
GRU,variance,28,1,2022-08-12,2023-01-03,2022-10-10,2022-11-07,0.0011520883219768513,0.0007966213
GRU,variance,28,1,2022-08-12,2023-01-03,2022-10-11,2022-11-08,0.0006842360649737765,0.000546879
GRU,variance,28,1,2022-08-12,2023-01-03,2022-10-12,2022-11-09,0.0006941490511700806,0.00048443416
GRU,variance,28,1,2022-08-12,2023-01-03,2022-10-13,2022-11-10,0.0007981396779984403,0.00049473916
GRU,variance,28,1,2022-08-12,2023-01-03,2022-10-14,2022-11-11,0.0008820558251377544,0.0005015532
GRU,variance,28,1,2022-08-12,2023-01-03,2022-10-15,2022-11-12,0.0009352190474323893,0.0004403324
GRU,variance,28,1,2022-08-12,2023-01-03,2022-10-16,2022-11-13,0.000955527018761929,0.0005343344
GRU,variance,28,1,2022-08-12,2023-01-03,2022-10-17,2022-11-14,0.0009502915087790959,0.00046881908
GRU,variance,28,1,2022-08-12,2023-01-03,2022-10-18,2022-11-15,0.001005157141074062,0.00042026606
GRU,variance,28,1,2022-08-12,2023-01-03,2022-10-19,2022-11-16,0.0010084817968527015,0.00044849658
GRU,variance,28,1,2022-08-12,2023-01-03,2022-10-20,2022-11-17,0.001016150475973275,0.00049907796
GRU,variance,28,1,2022-08-12,2023-01-03,2022-10-21,2022-11-18,0.0010151864435413653,0.00051783276
GRU,variance,28,1,2022-08-12,2023-01-03,2022-10-22,2022-11-19,0.0010011066373451102,0.0004697169
GRU,variance,28,1,2022-08-12,2023-01-03,2022-10-23,2022-11-20,0.0009643311629850209,0.00049233745
GRU,variance,28,1,2022-08-12,2023-01-03,2022-10-24,2022-11-21,0.0009294647955986827,0.00064053276
GRU,variance,28,1,2022-08-12,2023-01-03,2022-10-25,2022-11-22,0.000811536801417238,0.00045002683
GRU,variance,28,1,2022-08-12,2023-01-03,2022-10-26,2022-11-23,0.0008604358528602288,0.00039579306
GRU,variance,28,1,2022-08-12,2023-01-03,2022-10-27,2022-11-24,0.0007595865113932509,0.00040995743
GRU,variance,28,1,2022-08-12,2023-01-03,2022-10-28,2022-11-25,0.0006867944167603288,0.0005710126
GRU,variance,28,1,2022-08-12,2023-01-03,2022-10-29,2022-11-26,0.0006356998816762191,0.0065449034
GRU,variance,28,1,2022-08-12,2023-01-03,2022-10-30,2022-11-27,0.0006086554152484937,0.008137643
GRU,variance,28,1,2022-08-12,2023-01-03,2022-10-31,2022-11-28,0.0006403148909674624,0.008149407
GRU,variance,28,1,2022-08-12,2023-01-03,2022-11-01,2022-11-29,0.00045800055215042626,0.0077135516
GRU,variance,28,1,2022-08-12,2023-01-03,2022-11-02,2022-11-30,0.0005034205634420919,0.007436812
GRU,variance,28,1,2022-08-12,2023-01-03,2022-11-03,2022-12-01,0.0005005484756790663,0.007341782
GRU,variance,28,1,2022-08-12,2023-01-03,2022-11-04,2022-12-02,0.000487264630532469,0.0073479814
GRU,variance,28,1,2022-08-12,2023-01-03,2022-11-05,2022-12-03,0.0004659060770007615,0.0070281294
GRU,variance,28,1,2022-08-12,2023-01-03,2022-11-06,2022-12-04,0.0004640271125979325,0.0062511154
GRU,variance,28,1,2022-08-12,2023-01-03,2022-11-07,2022-12-05,0.00045572148050258723,0.0062849144
GRU,variance,28,1,2022-08-12,2023-01-03,2022-11-08,2022-12-06,0.0011038179971288478,0.0062145977
GRU,variance,28,1,2022-08-12,2023-01-03,2022-11-09,2022-12-07,0.0011259487952747884,0.006023512
GRU,variance,28,1,2022-08-12,2023-01-03,2022-11-10,2022-12-08,0.001090084898969921,0.005820525
GRU,variance,28,1,2022-08-12,2023-01-03,2022-11-11,2022-12-09,0.0010836715119488568,0.005076637
GRU,variance,28,1,2022-08-12,2023-01-03,2022-11-12,2022-12-10,0.0010411417278789305,0.0025343255
GRU,variance,28,1,2022-08-12,2023-01-03,2022-11-13,2022-12-11,0.001041333207000048,0.0011702509
GRU,variance,28,1,2022-08-12,2023-01-03,2022-11-14,2022-12-12,0.0010464461299021645,0.0011376789
GRU,variance,28,1,2022-08-12,2023-01-03,2022-11-15,2022-12-13,0.0011108019294038094,0.0011119467
GRU,variance,28,1,2022-08-12,2023-01-03,2022-11-16,2022-12-14,0.0011258242555002094,0.0011500895
GRU,variance,28,1,2022-08-12,2023-01-03,2022-11-17,2022-12-15,0.0010888128532949523,0.0011777793
GRU,variance,28,1,2022-08-12,2023-01-03,2022-11-18,2022-12-16,0.0010771973721320114,0.0012486136
GRU,variance,28,1,2022-08-12,2023-01-03,2022-11-19,2022-12-17,0.0010915025301333897,0.0011793459
GRU,variance,28,1,2022-08-12,2023-01-03,2022-11-20,2022-12-18,0.0010900165598817784,0.0011324452
GRU,variance,28,1,2022-08-12,2023-01-03,2022-11-21,2022-12-19,0.001140443764019963,0.0010530135
GRU,variance,28,1,2022-08-12,2023-01-03,2022-11-22,2022-12-20,0.0006788371953249319,0.0010093962
GRU,variance,28,1,2022-08-12,2023-01-03,2022-11-23,2022-12-21,0.0009897637893324888,0.0009877215
GRU,variance,28,1,2022-08-12,2023-01-03,2022-11-24,2022-12-22,0.0009624211538411541,0.0009973358
GRU,variance,28,1,2022-08-12,2023-01-03,2022-11-25,2022-12-23,0.0008920378086458573,0.0009839723
GRU,variance,28,1,2022-08-12,2023-01-03,2022-11-26,2022-12-24,0.0008459847937679105,0.0008982237
GRU,variance,28,1,2022-08-12,2023-01-03,2022-11-27,2022-12-25,0.0007978091388337329,0.0007847797
GRU,variance,28,1,2022-08-12,2023-01-03,2022-11-28,2022-12-26,0.0007525415580339578,0.00080445036
GRU,variance,28,1,2022-08-12,2023-01-03,2022-11-29,2022-12-27,0.0009970423879062918,0.0008386252
GRU,variance,28,1,2022-08-12,2023-01-03,2022-11-30,2022-12-28,0.0011447276626857814,0.00080316036
GRU,variance,28,1,2022-08-12,2023-01-03,2022-12-01,2022-12-29,0.001144752591555574,0.0007253121
GRU,variance,28,1,2022-08-12,2023-01-03,2022-12-02,2022-12-30,0.0010868442169381632,0.0007422393
GRU,variance,28,1,2022-08-12,2023-01-03,2022-12-03,2022-12-31,0.001051634677836248,0.0008520538
GRU,variance,28,1,2022-08-12,2023-01-03,2022-12-04,2023-01-01,0.0010206688022819867,0.0009417177
GRU,variance,28,1,2022-08-12,2023-01-03,2022-12-05,2023-01-02,0.0010203977616972076,0.000938585
GRU,variance,28,1,2022-08-12,2023-01-03,2022-12-06,2023-01-03,0.01376160801554033,0.0012728107
LSTM,mean,14,1,2022-08-12,2023-01-03,2022-07-30,2022-08-13,0.23292170940412596,0.13699394
LSTM,mean,14,1,2022-08-12,2023-01-03,2022-07-31,2022-08-14,0.23855357974477048,0.13266113
LSTM,mean,14,1,2022-08-12,2023-01-03,2022-08-01,2022-08-15,0.24737224659489954,0.1282569
LSTM,mean,14,1,2022-08-12,2023-01-03,2022-08-02,2022-08-16,0.2611679445832513,0.13154633
LSTM,mean,14,1,2022-08-12,2023-01-03,2022-08-03,2022-08-17,0.26814688295996214,0.137816
LSTM,mean,14,1,2022-08-12,2023-01-03,2022-08-04,2022-08-18,0.273718736198986,0.14538178
LSTM,mean,14,1,2022-08-12,2023-01-03,2022-08-05,2022-08-19,0.27749659256979736,0.153728
LSTM,mean,14,1,2022-08-12,2023-01-03,2022-08-06,2022-08-20,0.2846488995750268,0.16356619
LSTM,mean,14,1,2022-08-12,2023-01-03,2022-08-07,2022-08-21,0.2914799867095102,0.17562562
LSTM,mean,14,1,2022-08-12,2023-01-03,2022-08-08,2022-08-22,0.29279370403386357,0.18657215
LSTM,mean,14,1,2022-08-12,2023-01-03,2022-08-09,2022-08-23,0.30506859500372635,0.20545392
LSTM,mean,14,1,2022-08-12,2023-01-03,2022-08-10,2022-08-24,0.3143525470582268,0.23135422
LSTM,mean,14,1,2022-08-12,2023-01-03,2022-08-11,2022-08-25,0.31765678906129774,0.2649995
LSTM,mean,14,1,2022-08-12,2023-01-03,2022-08-12,2022-08-26,0.32153524566528474,0.30344194
LSTM,mean,14,1,2022-08-12,2023-01-03,2022-08-13,2022-08-27,0.3255590151207944,0.33851707
LSTM,mean,14,1,2022-08-12,2023-01-03,2022-08-14,2022-08-28,0.3270184802090577,0.35772902
LSTM,mean,14,1,2022-08-12,2023-01-03,2022-08-15,2022-08-29,0.3279652444163786,0.35961178
LSTM,mean,14,1,2022-08-12,2023-01-03,2022-08-16,2022-08-30,0.32644171652863674,0.35266715
LSTM,mean,14,1,2022-08-12,2023-01-03,2022-08-17,2022-08-31,0.3234294476000823,0.3426979
LSTM,mean,14,1,2022-08-12,2023-01-03,2022-08-18,2022-09-01,0.31856742897629436,0.3315235
LSTM,mean,14,1,2022-08-12,2023-01-03,2022-08-19,2022-09-02,0.3150800198621729,0.3186323
LSTM,mean,14,1,2022-08-12,2023-01-03,2022-08-20,2022-09-03,0.3082425964459392,0.30520093
LSTM,mean,14,1,2022-08-12,2023-01-03,2022-08-21,2022-09-04,0.30445482155027037,0.2914297
LSTM,mean,14,1,2022-08-12,2023-01-03,2022-08-22,2022-09-05,0.3030590973418014,0.27962986
LSTM,mean,14,1,2022-08-12,2023-01-03,2022-08-23,2022-09-06,0.29419377758713605,0.27213827
LSTM,mean,14,1,2022-08-12,2023-01-03,2022-08-24,2022-09-07,0.28182657677936657,0.266757
LSTM,mean,14,1,2022-08-12,2023-01-03,2022-08-25,2022-09-08,0.2788095099635322,0.26001176
LSTM,mean,14,1,2022-08-12,2023-01-03,2022-08-26,2022-09-09,0.3086741352649516,0.2526094
LSTM,mean,14,1,2022-08-12,2023-01-03,2022-08-27,2022-09-10,0.30396988534624053,0.24593386
LSTM,mean,14,1,2022-08-12,2023-01-03,2022-08-28,2022-09-11,0.3021449781773179,0.2401233
LSTM,mean,14,1,2022-08-12,2023-01-03,2022-08-29,2022-09-12,0.29884710656846253,0.23498596
LSTM,mean,14,1,2022-08-12,2023-01-03,2022-08-30,2022-09-13,0.2938725866601544,0.22987528
LSTM,mean,14,1,2022-08-12,2023-01-03,2022-08-31,2022-09-14,0.29251336400427475,0.22457397
LSTM,mean,14,1,2022-08-12,2023-01-03,2022-09-01,2022-09-15,0.2943908167960701,0.21887991
LSTM,mean,14,1,2022-08-12,2023-01-03,2022-09-02,2022-09-16,0.29549359188963303,0.21367164
LSTM,mean,14,1,2022-08-12,2023-01-03,2022-09-03,2022-09-17,0.2985523855728701,0.20803002
LSTM,mean,14,1,2022-08-12,2023-01-03,2022-09-04,2022-09-18,0.3002186925949414,0.2031998
LSTM,mean,14,1,2022-08-12,2023-01-03,2022-09-05,2022-09-19,0.3019356548741535,0.19990739
LSTM,mean,14,1,2022-08-12,2023-01-03,2022-09-06,2022-09-20,0.29528998831345454,0.19509499
LSTM,mean,14,1,2022-08-12,2023-01-03,2022-09-07,2022-09-21,0.3027580614304811,0.18761148
LSTM,mean,14,1,2022-08-12,2023-01-03,2022-09-08,2022-09-22,0.30282729640385336,0.18178008
LSTM,mean,14,1,2022-08-12,2023-01-03,2022-09-09,2022-09-23,0.2707690744758839,0.19021912
LSTM,mean,14,1,2022-08-12,2023-01-03,2022-09-10,2022-09-24,0.2715132441789233,0.19640727
LSTM,mean,14,1,2022-08-12,2023-01-03,2022-09-11,2022-09-25,0.2730199657912049,0.19990043
LSTM,mean,14,1,2022-08-12,2023-01-03,2022-09-12,2022-09-26,0.2730423377610387,0.20043902
LSTM,mean,14,1,2022-08-12,2023-01-03,2022-09-13,2022-09-27,0.263145676334556,0.1983129
LSTM,mean,14,1,2022-08-12,2023-01-03,2022-09-14,2022-09-28,0.2585063784037369,0.19604902
LSTM,mean,14,1,2022-08-12,2023-01-03,2022-09-15,2022-09-29,0.252093737116353,0.19547726
LSTM,mean,14,1,2022-08-12,2023-01-03,2022-09-16,2022-09-30,0.24723750861840718,0.19612394
LSTM,mean,14,1,2022-08-12,2023-01-03,2022-09-17,2022-10-01,0.2420399396126247,0.19829817
LSTM,mean,14,1,2022-08-12,2023-01-03,2022-09-18,2022-10-02,0.23637694946057428,0.20087275
LSTM,mean,14,1,2022-08-12,2023-01-03,2022-09-19,2022-10-03,0.23016647398688345,0.20340922
LSTM,mean,14,1,2022-08-12,2023-01-03,2022-09-20,2022-10-04,0.22150343879546813,0.20252658
LSTM,mean,14,1,2022-08-12,2023-01-03,2022-09-21,2022-10-05,0.21112320841023344,0.20422621
LSTM,mean,14,1,2022-08-12,2023-01-03,2022-09-22,2022-10-06,0.20489023502497505,0.20558882
LSTM,mean,14,1,2022-08-12,2023-01-03,2022-09-23,2022-10-07,0.1982452230568141,0.19422734
LSTM,mean,14,1,2022-08-12,2023-01-03,2022-09-24,2022-10-08,0.19101868402573371,0.18533534
LSTM,mean,14,1,2022-08-12,2023-01-03,2022-09-25,2022-10-09,0.18168724792280838,0.18047693
LSTM,mean,14,1,2022-08-12,2023-01-03,2022-09-26,2022-10-10,0.17419604867585306,0.17850894
LSTM,mean,14,1,2022-08-12,2023-01-03,2022-09-27,2022-10-11,0.16535249703092708,0.17471047
LSTM,mean,14,1,2022-08-12,2023-01-03,2022-09-28,2022-10-12,0.16270718421059713,0.17133915
LSTM,mean,14,1,2022-08-12,2023-01-03,2022-09-29,2022-10-13,0.16040128421404473,0.1673671
LSTM,mean,14,1,2022-08-12,2023-01-03,2022-09-30,2022-10-14,0.15871990152491636,0.16360933
LSTM,mean,14,1,2022-08-12,2023-01-03,2022-10-01,2022-10-15,0.15650180477879286,0.15995574
LSTM,mean,14,1,2022-08-12,2023-01-03,2022-10-02,2022-10-16,0.15266152930749702,0.1561948
LSTM,mean,14,1,2022-08-12,2023-01-03,2022-10-03,2022-10-17,0.14347724677613943,0.15220506
LSTM,mean,14,1,2022-08-12,2023-01-03,2022-10-04,2022-10-18,0.13829026035920036,0.14706525
LSTM,mean,14,1,2022-08-12,2023-01-03,2022-10-05,2022-10-19,0.13069270097057148,0.14043415
LSTM,mean,14,1,2022-08-12,2023-01-03,2022-10-06,2022-10-20,0.1255166790683448,0.13494126
LSTM,mean,14,1,2022-08-12,2023-01-03,2022-10-07,2022-10-21,0.12157897075041281,0.1305415
LSTM,mean,14,1,2022-08-12,2023-01-03,2022-10-08,2022-10-22,0.11773469767174369,0.12680423
LSTM,mean,14,1,2022-08-12,2023-01-03,2022-10-09,2022-10-23,0.11325339044483994,0.12255835
LSTM,mean,14,1,2022-08-12,2023-01-03,2022-10-10,2022-10-24,0.10736641658234566,0.1188198
LSTM,mean,14,1,2022-08-12,2023-01-03,2022-10-11,2022-10-25,0.10312596227942264,0.11415257
LSTM,mean,14,1,2022-08-12,2023-01-03,2022-10-12,2022-10-26,0.09637664926756563,0.111038044
LSTM,mean,14,1,2022-08-12,2023-01-03,2022-10-13,2022-10-27,0.09311310818163306,0.10944472
LSTM,mean,14,1,2022-08-12,2023-01-03,2022-10-14,2022-10-28,0.09115598592443062,0.108684085
LSTM,mean,14,1,2022-08-12,2023-01-03,2022-10-15,2022-10-29,0.08803940679110886,0.10781708
LSTM,mean,14,1,2022-08-12,2023-01-03,2022-10-16,2022-10-30,0.08535230458762022,0.10585087
LSTM,mean,14,1,2022-08-12,2023-01-03,2022-10-17,2022-10-31,0.08375971056243059,0.10070207
LSTM,mean,14,1,2022-08-12,2023-01-03,2022-10-18,2022-11-01,0.07870330803353301,0.095642425
LSTM,mean,14,1,2022-08-12,2023-01-03,2022-10-19,2022-11-02,0.07653250259730701,0.090152994
LSTM,mean,14,1,2022-08-12,2023-01-03,2022-10-20,2022-11-03,0.07565703736612298,0.085639685
LSTM,mean,14,1,2022-08-12,2023-01-03,2022-10-21,2022-11-04,0.07521072357078952,0.082358666
LSTM,mean,14,1,2022-08-12,2023-01-03,2022-10-22,2022-11-05,0.07488454168851534,0.079774715
LSTM,mean,14,1,2022-08-12,2023-01-03,2022-10-23,2022-11-06,0.07653521577896798,0.077329054
LSTM,mean,14,1,2022-08-12,2023-01-03,2022-10-24,2022-11-07,0.07686593366154175,0.074575976
LSTM,mean,14,1,2022-08-12,2023-01-03,2022-10-25,2022-11-08,0.07379899120593902,0.07244559
LSTM,mean,14,1,2022-08-12,2023-01-03,2022-10-26,2022-11-09,0.0732140689040359,0.07005995
LSTM,mean,14,1,2022-08-12,2023-01-03,2022-10-27,2022-11-10,0.07167429228732014,0.068691656
LSTM,mean,14,1,2022-08-12,2023-01-03,2022-10-28,2022-11-11,0.07034333005117352,0.068257205
LSTM,mean,14,1,2022-08-12,2023-01-03,2022-10-29,2022-11-12,0.06940158225025475,0.06775221
LSTM,mean,14,1,2022-08-12,2023-01-03,2022-10-30,2022-11-13,0.0685965851917204,0.067182
LSTM,mean,14,1,2022-08-12,2023-01-03,2022-10-31,2022-11-14,0.06798528105971095,0.066968374
LSTM,mean,14,1,2022-08-12,2023-01-03,2022-11-01,2022-11-15,0.06841647696484277,0.06588538
LSTM,mean,14,1,2022-08-12,2023-01-03,2022-11-02,2022-11-16,0.06882355310627362,0.065134026
LSTM,mean,14,1,2022-08-12,2023-01-03,2022-11-03,2022-11-17,0.06846024885293256,0.06509095
LSTM,mean,14,1,2022-08-12,2023-01-03,2022-11-04,2022-11-18,0.06848578091842022,0.06598732
LSTM,mean,14,1,2022-08-12,2023-01-03,2022-11-05,2022-11-19,0.06896022451598913,0.068305545
LSTM,mean,14,1,2022-08-12,2023-01-03,2022-11-06,2022-11-20,0.06756834645720226,0.072426885
LSTM,mean,14,1,2022-08-12,2023-01-03,2022-11-07,2022-11-21,0.06696325911643382,0.076522075
LSTM,mean,14,1,2022-08-12,2023-01-03,2022-11-08,2022-11-22,0.0658834902023071,0.0782165
LSTM,mean,14,1,2022-08-12,2023-01-03,2022-11-09,2022-11-23,0.06811581258005292,0.07871704
LSTM,mean,14,1,2022-08-12,2023-01-03,2022-11-10,2022-11-24,0.06990420044032782,0.07753834
LSTM,mean,14,1,2022-08-12,2023-01-03,2022-11-11,2022-11-25,0.07102275060850367,0.07430069
LSTM,mean,14,1,2022-08-12,2023-01-03,2022-11-12,2022-11-26,0.0718536127797953,0.069849186
LSTM,mean,14,1,2022-08-12,2023-01-03,2022-11-13,2022-11-27,0.07271248840123068,0.06892849
LSTM,mean,14,1,2022-08-12,2023-01-03,2022-11-14,2022-11-28,0.0746229771927679,0.06952557
LSTM,mean,14,1,2022-08-12,2023-01-03,2022-11-15,2022-11-29,0.07264640097472651,0.07051826
LSTM,mean,14,1,2022-08-12,2023-01-03,2022-11-16,2022-11-30,0.07425763197917087,0.07204218
LSTM,mean,14,1,2022-08-12,2023-01-03,2022-11-17,2022-12-01,0.0743339928725567,0.073379725
LSTM,mean,14,1,2022-08-12,2023-01-03,2022-11-18,2022-12-02,0.07462309251850922,0.07448331
LSTM,mean,14,1,2022-08-12,2023-01-03,2022-11-19,2022-12-03,0.0756413501838568,0.075682536
LSTM,mean,14,1,2022-08-12,2023-01-03,2022-11-20,2022-12-04,0.07608644584284381,0.07578579
LSTM,mean,14,1,2022-08-12,2023-01-03,2022-11-21,2022-12-05,0.07575174456500892,0.07542609
LSTM,mean,14,1,2022-08-12,2023-01-03,2022-11-22,2022-12-06,0.08043444513248081,0.07430957
LSTM,mean,14,1,2022-08-12,2023-01-03,2022-11-23,2022-12-07,0.08105992933133029,0.074678205
LSTM,mean,14,1,2022-08-12,2023-01-03,2022-11-24,2022-12-08,0.08187576273409827,0.0766535
LSTM,mean,14,1,2022-08-12,2023-01-03,2022-11-25,2022-12-09,0.08196541268270383,0.07964352
LSTM,mean,14,1,2022-08-12,2023-01-03,2022-11-26,2022-12-10,0.08265086037204962,0.08292523
LSTM,mean,14,1,2022-08-12,2023-01-03,2022-11-27,2022-12-11,0.08264618275374647,0.086161375
LSTM,mean,14,1,2022-08-12,2023-01-03,2022-11-28,2022-12-12,0.08060724463772011,0.090054296
LSTM,mean,14,1,2022-08-12,2023-01-03,2022-11-29,2022-12-13,0.08164590769670198,0.091697924
LSTM,mean,14,1,2022-08-12,2023-01-03,2022-11-30,2022-12-14,0.0820207081477393,0.09306053
LSTM,mean,14,1,2022-08-12,2023-01-03,2022-12-01,2022-12-15,0.08294107203209078,0.09354623
LSTM,mean,14,1,2022-08-12,2023-01-03,2022-12-02,2022-12-16,0.08314498667503065,0.093334764
LSTM,mean,14,1,2022-08-12,2023-01-03,2022-12-03,2022-12-17,0.08266233638081326,0.09313543
LSTM,mean,14,1,2022-08-12,2023-01-03,2022-12-04,2022-12-18,0.08280957495804395,0.0928382
LSTM,mean,14,1,2022-08-12,2023-01-03,2022-12-05,2022-12-19,0.08453960452933806,0.09190959
LSTM,mean,14,1,2022-08-12,2023-01-03,2022-12-06,2022-12-20,0.0815192867338567,0.093847245
LSTM,mean,14,1,2022-08-12,2023-01-03,2022-12-07,2022-12-21,0.08493645332696456,0.096573114
LSTM,mean,14,1,2022-08-12,2023-01-03,2022-12-08,2022-12-22,0.08633555425495451,0.09957151
LSTM,mean,14,1,2022-08-12,2023-01-03,2022-12-09,2022-12-23,0.08742857717998373,0.10197017
LSTM,mean,14,1,2022-08-12,2023-01-03,2022-12-10,2022-12-24,0.0883534797421981,0.10416053
LSTM,mean,14,1,2022-08-12,2023-01-03,2022-12-11,2022-12-25,0.08983071903707332,0.10547068
LSTM,mean,14,1,2022-08-12,2023-01-03,2022-12-12,2022-12-26,0.09192060600112613,0.10440684
LSTM,mean,14,1,2022-08-12,2023-01-03,2022-12-13,2022-12-27,0.09458692313283343,0.102614686
LSTM,mean,14,1,2022-08-12,2023-01-03,2022-12-14,2022-12-28,0.09724745091778789,0.10067985
LSTM,mean,14,1,2022-08-12,2023-01-03,2022-12-15,2022-12-29,0.09724702220752666,0.09960427
LSTM,mean,14,1,2022-08-12,2023-01-03,2022-12-16,2022-12-30,0.09803550841086539,0.099271946
LSTM,mean,14,1,2022-08-12,2023-01-03,2022-12-17,2022-12-31,0.0986081054382626,0.09917064
LSTM,mean,14,1,2022-08-12,2023-01-03,2022-12-18,2023-01-01,0.09989941915543363,0.09949499
LSTM,mean,14,1,2022-08-12,2023-01-03,2022-12-19,2023-01-02,0.09988593260292324,0.10156091
LSTM,mean,14,1,2022-08-12,2023-01-03,2022-12-20,2023-01-03,0.12762455270873554,0.101680666
LSTM,mean,28,1,2022-08-12,2023-01-03,2022-07-16,2022-08-13,0.23292170940412596,0.13244404
LSTM,mean,28,1,2022-08-12,2023-01-03,2022-07-17,2022-08-14,0.23855357974477048,0.11997537
LSTM,mean,28,1,2022-08-12,2023-01-03,2022-07-18,2022-08-15,0.24737224659489954,0.093158
LSTM,mean,28,1,2022-08-12,2023-01-03,2022-07-19,2022-08-16,0.2611679445832513,0.07264915
LSTM,mean,28,1,2022-08-12,2023-01-03,2022-07-20,2022-08-17,0.26814688295996214,0.07459281
LSTM,mean,28,1,2022-08-12,2023-01-03,2022-07-21,2022-08-18,0.273718736198986,0.082026824
LSTM,mean,28,1,2022-08-12,2023-01-03,2022-07-22,2022-08-19,0.27749659256979736,0.08958818
LSTM,mean,28,1,2022-08-12,2023-01-03,2022-07-23,2022-08-20,0.2846488995750268,0.096439056
LSTM,mean,28,1,2022-08-12,2023-01-03,2022-07-24,2022-08-21,0.2914799867095102,0.10132217
LSTM,mean,28,1,2022-08-12,2023-01-03,2022-07-25,2022-08-22,0.29279370403386357,0.106884584
LSTM,mean,28,1,2022-08-12,2023-01-03,2022-07-26,2022-08-23,0.30506859500372635,0.11555009
LSTM,mean,28,1,2022-08-12,2023-01-03,2022-07-27,2022-08-24,0.3143525470582268,0.12623495
LSTM,mean,28,1,2022-08-12,2023-01-03,2022-07-28,2022-08-25,0.31765678906129774,0.13774438
LSTM,mean,28,1,2022-08-12,2023-01-03,2022-07-29,2022-08-26,0.32153524566528474,0.14870484
LSTM,mean,28,1,2022-08-12,2023-01-03,2022-07-30,2022-08-27,0.3255590151207944,0.15891103
LSTM,mean,28,1,2022-08-12,2023-01-03,2022-07-31,2022-08-28,0.3270184802090577,0.17006557
LSTM,mean,28,1,2022-08-12,2023-01-03,2022-08-01,2022-08-29,0.3279652444163786,0.18292682
LSTM,mean,28,1,2022-08-12,2023-01-03,2022-08-02,2022-08-30,0.32644171652863674,0.20389356
LSTM,mean,28,1,2022-08-12,2023-01-03,2022-08-03,2022-08-31,0.3234294476000823,0.22606598
LSTM,mean,28,1,2022-08-12,2023-01-03,2022-08-04,2022-09-01,0.31856742897629436,0.24259368
LSTM,mean,28,1,2022-08-12,2023-01-03,2022-08-05,2022-09-02,0.3150800198621729,0.24879475
LSTM,mean,28,1,2022-08-12,2023-01-03,2022-08-06,2022-09-03,0.3082425964459392,0.2460322
LSTM,mean,28,1,2022-08-12,2023-01-03,2022-08-07,2022-09-04,0.30445482155027037,0.24060543
LSTM,mean,28,1,2022-08-12,2023-01-03,2022-08-08,2022-09-05,0.3030590973418014,0.23709355
LSTM,mean,28,1,2022-08-12,2023-01-03,2022-08-09,2022-09-06,0.29419377758713605,0.2486757
LSTM,mean,28,1,2022-08-12,2023-01-03,2022-08-10,2022-09-07,0.28182657677936657,0.26820755
LSTM,mean,28,1,2022-08-12,2023-01-03,2022-08-11,2022-09-08,0.2788095099635322,0.28800613
LSTM,mean,28,1,2022-08-12,2023-01-03,2022-08-12,2022-09-09,0.3086741352649516,0.30659622
LSTM,mean,28,1,2022-08-12,2023-01-03,2022-08-13,2022-09-10,0.30396988534624053,0.3231049
LSTM,mean,28,1,2022-08-12,2023-01-03,2022-08-14,2022-09-11,0.3021449781773179,0.3347456
LSTM,mean,28,1,2022-08-12,2023-01-03,2022-08-15,2022-09-12,0.29884710656846253,0.3449626
LSTM,mean,28,1,2022-08-12,2023-01-03,2022-08-16,2022-09-13,0.2938725866601544,0.3499725
LSTM,mean,28,1,2022-08-12,2023-01-03,2022-08-17,2022-09-14,0.29251336400427475,0.33473325
LSTM,mean,28,1,2022-08-12,2023-01-03,2022-08-18,2022-09-15,0.2943908167960701,0.304025
LSTM,mean,28,1,2022-08-12,2023-01-03,2022-08-19,2022-09-16,0.29549359188963303,0.2619912
LSTM,mean,28,1,2022-08-12,2023-01-03,2022-08-20,2022-09-17,0.2985523855728701,0.22152442
LSTM,mean,28,1,2022-08-12,2023-01-03,2022-08-21,2022-09-18,0.3002186925949414,0.19342661
LSTM,mean,28,1,2022-08-12,2023-01-03,2022-08-22,2022-09-19,0.3019356548741535,0.17376582
LSTM,mean,28,1,2022-08-12,2023-01-03,2022-08-23,2022-09-20,0.29528998831345454,0.16337126
LSTM,mean,28,1,2022-08-12,2023-01-03,2022-08-24,2022-09-21,0.3027580614304811,0.15738624
LSTM,mean,28,1,2022-08-12,2023-01-03,2022-08-25,2022-09-22,0.30282729640385336,0.1524819
LSTM,mean,28,1,2022-08-12,2023-01-03,2022-08-26,2022-09-23,0.2707690744758839,0.14909992
LSTM,mean,28,1,2022-08-12,2023-01-03,2022-08-27,2022-09-24,0.2715132441789233,0.14724366
LSTM,mean,28,1,2022-08-12,2023-01-03,2022-08-28,2022-09-25,0.2730199657912049,0.14597851
LSTM,mean,28,1,2022-08-12,2023-01-03,2022-08-29,2022-09-26,0.2730423377610387,0.14492948
LSTM,mean,28,1,2022-08-12,2023-01-03,2022-08-30,2022-09-27,0.263145676334556,0.14357555
LSTM,mean,28,1,2022-08-12,2023-01-03,2022-08-31,2022-09-28,0.2585063784037369,0.14190358
LSTM,mean,28,1,2022-08-12,2023-01-03,2022-09-01,2022-09-29,0.252093737116353,0.13981739
LSTM,mean,28,1,2022-08-12,2023-01-03,2022-09-02,2022-09-30,0.24723750861840718,0.1380106
LSTM,mean,28,1,2022-08-12,2023-01-03,2022-09-03,2022-10-01,0.2420399396126247,0.13559537
LSTM,mean,28,1,2022-08-12,2023-01-03,2022-09-04,2022-10-02,0.23637694946057428,0.1337161
LSTM,mean,28,1,2022-08-12,2023-01-03,2022-09-05,2022-10-03,0.23016647398688345,0.1326966
LSTM,mean,28,1,2022-08-12,2023-01-03,2022-09-06,2022-10-04,0.22150343879546813,0.1301432
LSTM,mean,28,1,2022-08-12,2023-01-03,2022-09-07,2022-10-05,0.21112320841023344,0.12599337
LSTM,mean,28,1,2022-08-12,2023-01-03,2022-09-08,2022-10-06,0.20489023502497505,0.12364644
LSTM,mean,28,1,2022-08-12,2023-01-03,2022-09-09,2022-10-07,0.1982452230568141,0.13070804
LSTM,mean,28,1,2022-08-12,2023-01-03,2022-09-10,2022-10-08,0.19101868402573371,0.13254796
LSTM,mean,28,1,2022-08-12,2023-01-03,2022-09-11,2022-10-09,0.18168724792280838,0.13253815
LSTM,mean,28,1,2022-08-12,2023-01-03,2022-09-12,2022-10-10,0.17419604867585306,0.13155954
LSTM,mean,28,1,2022-08-12,2023-01-03,2022-09-13,2022-10-11,0.16535249703092708,0.1298642
LSTM,mean,28,1,2022-08-12,2023-01-03,2022-09-14,2022-10-12,0.16270718421059713,0.1288783
LSTM,mean,28,1,2022-08-12,2023-01-03,2022-09-15,2022-10-13,0.16040128421404473,0.12908073
LSTM,mean,28,1,2022-08-12,2023-01-03,2022-09-16,2022-10-14,0.15871990152491636,0.12955709
LSTM,mean,28,1,2022-08-12,2023-01-03,2022-09-17,2022-10-15,0.15650180477879286,0.13060145
LSTM,mean,28,1,2022-08-12,2023-01-03,2022-09-18,2022-10-16,0.15266152930749702,0.13148557
LSTM,mean,28,1,2022-08-12,2023-01-03,2022-09-19,2022-10-17,0.14347724677613943,0.13227127
LSTM,mean,28,1,2022-08-12,2023-01-03,2022-09-20,2022-10-18,0.13829026035920036,0.13084078
LSTM,mean,28,1,2022-08-12,2023-01-03,2022-09-21,2022-10-19,0.13069270097057148,0.13215983
LSTM,mean,28,1,2022-08-12,2023-01-03,2022-09-22,2022-10-20,0.1255166790683448,0.13277596
LSTM,mean,28,1,2022-08-12,2023-01-03,2022-09-23,2022-10-21,0.12157897075041281,0.124539554
LSTM,mean,28,1,2022-08-12,2023-01-03,2022-09-24,2022-10-22,0.11773469767174369,0.12131681
LSTM,mean,28,1,2022-08-12,2023-01-03,2022-09-25,2022-10-23,0.11325339044483994,0.120774224
LSTM,mean,28,1,2022-08-12,2023-01-03,2022-09-26,2022-10-24,0.10736641658234566,0.12081804
LSTM,mean,28,1,2022-08-12,2023-01-03,2022-09-27,2022-10-25,0.10312596227942264,0.118185535
LSTM,mean,28,1,2022-08-12,2023-01-03,2022-09-28,2022-10-26,0.09637664926756563,0.11586574
LSTM,mean,28,1,2022-08-12,2023-01-03,2022-09-29,2022-10-27,0.09311310818163306,0.11325935
LSTM,mean,28,1,2022-08-12,2023-01-03,2022-09-30,2022-10-28,0.09115598592443062,0.110955894
LSTM,mean,28,1,2022-08-12,2023-01-03,2022-10-01,2022-10-29,0.08803940679110886,0.108682774
LSTM,mean,28,1,2022-08-12,2023-01-03,2022-10-02,2022-10-30,0.08535230458762022,0.106253825
LSTM,mean,28,1,2022-08-12,2023-01-03,2022-10-03,2022-10-31,0.08375971056243059,0.10357659
LSTM,mean,28,1,2022-08-12,2023-01-03,2022-10-04,2022-11-01,0.07870330803353301,0.1000176
LSTM,mean,28,1,2022-08-12,2023-01-03,2022-10-05,2022-11-02,0.07653250259730701,0.09551023
LSTM,mean,28,1,2022-08-12,2023-01-03,2022-10-06,2022-11-03,0.07565703736612298,0.09198868
LSTM,mean,28,1,2022-08-12,2023-01-03,2022-10-07,2022-11-04,0.07521072357078952,0.0888824
LSTM,mean,28,1,2022-08-12,2023-01-03,2022-10-08,2022-11-05,0.07488454168851534,0.085813075
LSTM,mean,28,1,2022-08-12,2023-01-03,2022-10-09,2022-11-06,0.07653521577896798,0.08205543
LSTM,mean,28,1,2022-08-12,2023-01-03,2022-10-10,2022-11-07,0.07686593366154175,0.078769915
LSTM,mean,28,1,2022-08-12,2023-01-03,2022-10-11,2022-11-08,0.07379899120593902,0.075381935
LSTM,mean,28,1,2022-08-12,2023-01-03,2022-10-12,2022-11-09,0.0732140689040359,0.07411105
LSTM,mean,28,1,2022-08-12,2023-01-03,2022-10-13,2022-11-10,0.07167429228732014,0.07429164
LSTM,mean,28,1,2022-08-12,2023-01-03,2022-10-14,2022-11-11,0.07034333005117352,0.07581165
LSTM,mean,28,1,2022-08-12,2023-01-03,2022-10-15,2022-11-12,0.06940158225025475,0.078022905
LSTM,mean,28,1,2022-08-12,2023-01-03,2022-10-16,2022-11-13,0.0685965851917204,0.079726376
LSTM,mean,28,1,2022-08-12,2023-01-03,2022-10-17,2022-11-14,0.06798528105971095,0.07820574
LSTM,mean,28,1,2022-08-12,2023-01-03,2022-10-18,2022-11-15,0.06841647696484277,0.07626771
LSTM,mean,28,1,2022-08-12,2023-01-03,2022-10-19,2022-11-16,0.06882355310627362,0.07242677
LSTM,mean,28,1,2022-08-12,2023-01-03,2022-10-20,2022-11-17,0.06846024885293256,0.068196766
LSTM,mean,28,1,2022-08-12,2023-01-03,2022-10-21,2022-11-18,0.06848578091842022,0.06415487
LSTM,mean,28,1,2022-08-12,2023-01-03,2022-10-22,2022-11-19,0.06896022451598913,0.060198728
LSTM,mean,28,1,2022-08-12,2023-01-03,2022-10-23,2022-11-20,0.06756834645720226,0.05606754
LSTM,mean,28,1,2022-08-12,2023-01-03,2022-10-24,2022-11-21,0.06696325911643382,0.051364474
LSTM,mean,28,1,2022-08-12,2023-01-03,2022-10-25,2022-11-22,0.0658834902023071,0.04761553
LSTM,mean,28,1,2022-08-12,2023-01-03,2022-10-26,2022-11-23,0.06811581258005292,0.043465625
LSTM,mean,28,1,2022-08-12,2023-01-03,2022-10-27,2022-11-24,0.06990420044032782,0.04115757
LSTM,mean,28,1,2022-08-12,2023-01-03,2022-10-28,2022-11-25,0.07102275060850367,0.040739987
LSTM,mean,28,1,2022-08-12,2023-01-03,2022-10-29,2022-11-26,0.0718536127797953,0.040701322
LSTM,mean,28,1,2022-08-12,2023-01-03,2022-10-30,2022-11-27,0.07271248840123068,0.040947277
LSTM,mean,28,1,2022-08-12,2023-01-03,2022-10-31,2022-11-28,0.0746229771927679,0.04207675
LSTM,mean,28,1,2022-08-12,2023-01-03,2022-11-01,2022-11-29,0.07264640097472651,0.04214616
LSTM,mean,28,1,2022-08-12,2023-01-03,2022-11-02,2022-11-30,0.07425763197917087,0.043445494
LSTM,mean,28,1,2022-08-12,2023-01-03,2022-11-03,2022-12-01,0.0743339928725567,0.047024243
LSTM,mean,28,1,2022-08-12,2023-01-03,2022-11-04,2022-12-02,0.07462309251850922,0.053623863
LSTM,mean,28,1,2022-08-12,2023-01-03,2022-11-05,2022-12-03,0.0756413501838568,0.06652154
LSTM,mean,28,1,2022-08-12,2023-01-03,2022-11-06,2022-12-04,0.07608644584284381,0.08751436
LSTM,mean,28,1,2022-08-12,2023-01-03,2022-11-07,2022-12-05,0.07575174456500892,0.09964561
LSTM,mean,28,1,2022-08-12,2023-01-03,2022-11-08,2022-12-06,0.08043444513248081,0.09407022
LSTM,mean,28,1,2022-08-12,2023-01-03,2022-11-09,2022-12-07,0.08105992933133029,0.08594763
LSTM,mean,28,1,2022-08-12,2023-01-03,2022-11-10,2022-12-08,0.08187576273409827,0.08069926
LSTM,mean,28,1,2022-08-12,2023-01-03,2022-11-11,2022-12-09,0.08196541268270383,0.07758247
LSTM,mean,28,1,2022-08-12,2023-01-03,2022-11-12,2022-12-10,0.08265086037204962,0.07562231
LSTM,mean,28,1,2022-08-12,2023-01-03,2022-11-13,2022-12-11,0.08264618275374647,0.07450223
LSTM,mean,28,1,2022-08-12,2023-01-03,2022-11-14,2022-12-12,0.08060724463772011,0.074088775
LSTM,mean,28,1,2022-08-12,2023-01-03,2022-11-15,2022-12-13,0.08164590769670198,0.07488612
LSTM,mean,28,1,2022-08-12,2023-01-03,2022-11-16,2022-12-14,0.0820207081477393,0.076420344
LSTM,mean,28,1,2022-08-12,2023-01-03,2022-11-17,2022-12-15,0.08294107203209078,0.077522166
LSTM,mean,28,1,2022-08-12,2023-01-03,2022-11-18,2022-12-16,0.08314498667503065,0.07816351
LSTM,mean,28,1,2022-08-12,2023-01-03,2022-11-19,2022-12-17,0.08266233638081326,0.07871615
LSTM,mean,28,1,2022-08-12,2023-01-03,2022-11-20,2022-12-18,0.08280957495804395,0.077815436
LSTM,mean,28,1,2022-08-12,2023-01-03,2022-11-21,2022-12-19,0.08453960452933806,0.07630375
LSTM,mean,28,1,2022-08-12,2023-01-03,2022-11-22,2022-12-20,0.0815192867338567,0.07425077
LSTM,mean,28,1,2022-08-12,2023-01-03,2022-11-23,2022-12-21,0.08493645332696456,0.07460678
LSTM,mean,28,1,2022-08-12,2023-01-03,2022-11-24,2022-12-22,0.08633555425495451,0.07708298
LSTM,mean,28,1,2022-08-12,2023-01-03,2022-11-25,2022-12-23,0.08742857717998373,0.080464974
LSTM,mean,28,1,2022-08-12,2023-01-03,2022-11-26,2022-12-24,0.0883534797421981,0.08366419
LSTM,mean,28,1,2022-08-12,2023-01-03,2022-11-27,2022-12-25,0.08983071903707332,0.08617398
LSTM,mean,28,1,2022-08-12,2023-01-03,2022-11-28,2022-12-26,0.09192060600112613,0.08877132
LSTM,mean,28,1,2022-08-12,2023-01-03,2022-11-29,2022-12-27,0.09458692313283343,0.08845578
LSTM,mean,28,1,2022-08-12,2023-01-03,2022-11-30,2022-12-28,0.09724745091778789,0.08831888
LSTM,mean,28,1,2022-08-12,2023-01-03,2022-12-01,2022-12-29,0.09724702220752666,0.0879985
LSTM,mean,28,1,2022-08-12,2023-01-03,2022-12-02,2022-12-30,0.09803550841086539,0.08793908
LSTM,mean,28,1,2022-08-12,2023-01-03,2022-12-03,2022-12-31,0.0986081054382626,0.08883588
LSTM,mean,28,1,2022-08-12,2023-01-03,2022-12-04,2023-01-01,0.09989941915543363,0.09013347
LSTM,mean,28,1,2022-08-12,2023-01-03,2022-12-05,2023-01-02,0.09988593260292324,0.0908559
LSTM,mean,28,1,2022-08-12,2023-01-03,2022-12-06,2023-01-03,0.12762455270873554,0.094872795
LSTM,variance,14,1,2022-08-12,2023-01-03,2022-07-30,2022-08-13,0.008117067205932955,0.0045475257
LSTM,variance,14,1,2022-08-12,2023-01-03,2022-07-31,2022-08-14,0.007778094697169558,0.00200803
LSTM,variance,14,1,2022-08-12,2023-01-03,2022-08-01,2022-08-15,0.008031014118835037,0.0010819935
LSTM,variance,14,1,2022-08-12,2023-01-03,2022-08-02,2022-08-16,0.015096759315895346,0.005419413
LSTM,variance,14,1,2022-08-12,2023-01-03,2022-08-03,2022-08-17,0.015359680715964913,0.006524886
LSTM,variance,14,1,2022-08-12,2023-01-03,2022-08-04,2022-08-18,0.014807367790415046,0.0058104536
LSTM,variance,14,1,2022-08-12,2023-01-03,2022-08-05,2022-08-19,0.014015026221596595,0.005089171
LSTM,variance,14,1,2022-08-12,2023-01-03,2022-08-06,2022-08-20,0.012822472552947757,0.0045683407
LSTM,variance,14,1,2022-08-12,2023-01-03,2022-08-07,2022-08-21,0.011798568874073934,0.004136025
LSTM,variance,14,1,2022-08-12,2023-01-03,2022-08-08,2022-08-22,0.01091514859790761,0.003918697
LSTM,variance,14,1,2022-08-12,2023-01-03,2022-08-09,2022-08-23,0.01676452344319587,0.0049118125
LSTM,variance,14,1,2022-08-12,2023-01-03,2022-08-10,2022-08-24,0.01767499587668532,0.00638075
LSTM,variance,14,1,2022-08-12,2023-01-03,2022-08-11,2022-08-25,0.017215978567275685,0.0069351275
LSTM,variance,14,1,2022-08-12,2023-01-03,2022-08-12,2022-08-26,0.01628986133817656,0.004804216
LSTM,variance,14,1,2022-08-12,2023-01-03,2022-08-13,2022-08-27,0.015552413900128218,0.0032152405
LSTM,variance,14,1,2022-08-12,2023-01-03,2022-08-14,2022-08-28,0.01532763461858324,0.00279073
LSTM,variance,14,1,2022-08-12,2023-01-03,2022-08-15,2022-08-29,0.015312660195629631,0.0026175447
LSTM,variance,14,1,2022-08-12,2023-01-03,2022-08-16,2022-08-30,0.01451704047417591,0.003917155
LSTM,variance,14,1,2022-08-12,2023-01-03,2022-08-17,2022-08-31,0.01463780197011998,0.0053021545
LSTM,variance,14,1,2022-08-12,2023-01-03,2022-08-18,2022-09-01,0.015618330075850282,0.005946054
LSTM,variance,14,1,2022-08-12,2023-01-03,2022-08-19,2022-09-02,0.016653932075193795,0.0062221834
LSTM,variance,14,1,2022-08-12,2023-01-03,2022-08-20,2022-09-03,0.01825791216096253,0.006363253
LSTM,variance,14,1,2022-08-12,2023-01-03,2022-08-21,2022-09-04,0.01882553365038233,0.0063544023
LSTM,variance,14,1,2022-08-12,2023-01-03,2022-08-22,2022-09-05,0.018836521219767456,0.006261496
LSTM,variance,14,1,2022-08-12,2023-01-03,2022-08-23,2022-09-06,0.014150367623231297,0.006739871
LSTM,variance,14,1,2022-08-12,2023-01-03,2022-08-24,2022-09-07,0.01293438864290947,0.0070047043
LSTM,variance,14,1,2022-08-12,2023-01-03,2022-08-25,2022-09-08,0.013108546907398377,0.006989402
LSTM,variance,14,1,2022-08-12,2023-01-03,2022-08-26,2022-09-09,0.022833747595359947,0.0068287733
LSTM,variance,14,1,2022-08-12,2023-01-03,2022-08-27,2022-09-10,0.023569643189707595,0.0069610225
LSTM,variance,14,1,2022-08-12,2023-01-03,2022-08-28,2022-09-11,0.023769448445852267,0.0070356815
LSTM,variance,14,1,2022-08-12,2023-01-03,2022-08-29,2022-09-12,0.02374675594053248,0.0070473836
LSTM,variance,14,1,2022-08-12,2023-01-03,2022-08-30,2022-09-13,0.021305839426839897,0.007000967
LSTM,variance,14,1,2022-08-12,2023-01-03,2022-08-31,2022-09-14,0.02135698674379953,0.0070054866
LSTM,variance,14,1,2022-08-12,2023-01-03,2022-09-01,2022-09-15,0.021005267622884426,0.007083122
LSTM,variance,14,1,2022-08-12,2023-01-03,2022-09-02,2022-09-16,0.0206901186911118,0.0071966345
LSTM,variance,14,1,2022-08-12,2023-01-03,2022-09-03,2022-09-17,0.019894741174388893,0.007396352
LSTM,variance,14,1,2022-08-12,2023-01-03,2022-09-04,2022-09-18,0.019616728187864692,0.007499596
LSTM,variance,14,1,2022-08-12,2023-01-03,2022-09-05,2022-09-19,0.019621437507855763,0.0075262585
LSTM,variance,14,1,2022-08-12,2023-01-03,2022-09-06,2022-09-20,0.017662526010538464,0.0072400966
LSTM,variance,14,1,2022-08-12,2023-01-03,2022-09-07,2022-09-21,0.0176680299033733,0.0070921876
LSTM,variance,14,1,2022-08-12,2023-01-03,2022-09-08,2022-09-22,0.017657604812243884,0.0070590614
LSTM,variance,14,1,2022-08-12,2023-01-03,2022-09-09,2022-09-23,0.0077988791213810145,0.007692696
LSTM,variance,14,1,2022-08-12,2023-01-03,2022-09-10,2022-09-24,0.007694424661477285,0.007984073
LSTM,variance,14,1,2022-08-12,2023-01-03,2022-09-11,2022-09-25,0.007622152564475419,0.008145416
LSTM,variance,14,1,2022-08-12,2023-01-03,2022-09-12,2022-09-26,0.0076225250946339715,0.008265512
LSTM,variance,14,1,2022-08-12,2023-01-03,2022-09-13,2022-09-27,0.004382828736228269,0.0082124425
LSTM,variance,14,1,2022-08-12,2023-01-03,2022-09-14,2022-09-28,0.00465355792082863,0.0082899155
LSTM,variance,14,1,2022-08-12,2023-01-03,2022-09-15,2022-09-29,0.005766417582073565,0.008341635
LSTM,variance,14,1,2022-08-12,2023-01-03,2022-09-16,2022-09-30,0.006955464167485369,0.00835573
LSTM,variance,14,1,2022-08-12,2023-01-03,2022-09-17,2022-10-01,0.007888159123231668,0.0083261365
LSTM,variance,14,1,2022-08-12,2023-01-03,2022-09-18,2022-10-02,0.008440239927878557,0.0083151
LSTM,variance,14,1,2022-08-12,2023-01-03,2022-09-19,2022-10-03,0.007936961616580787,0.008318691
LSTM,variance,14,1,2022-08-12,2023-01-03,2022-09-20,2022-10-04,0.0060249479178009725,0.008213821
LSTM,variance,14,1,2022-08-12,2023-01-03,2022-09-21,2022-10-05,0.004623858214569084,0.0082035875
LSTM,variance,14,1,2022-08-12,2023-01-03,2022-09-22,2022-10-06,0.004869134108574868,0.008203558
LSTM,variance,14,1,2022-08-12,2023-01-03,2022-09-23,2022-10-07,0.005483310867176911,0.007558759
LSTM,variance,14,1,2022-08-12,2023-01-03,2022-09-24,2022-10-08,0.006013080409071651,0.0074308794
LSTM,variance,14,1,2022-08-12,2023-01-03,2022-09-25,2022-10-09,0.005834796923257389,0.00737311
LSTM,variance,14,1,2022-08-12,2023-01-03,2022-09-26,2022-10-10,0.005019358350750101,0.0073305345
LSTM,variance,14,1,2022-08-12,2023-01-03,2022-09-27,2022-10-11,0.0027503393003520693,0.00699633
LSTM,variance,14,1,2022-08-12,2023-01-03,2022-09-28,2022-10-12,0.0026437359927162637,0.006881885
LSTM,variance,14,1,2022-08-12,2023-01-03,2022-09-29,2022-10-13,0.002881419488199563,0.0068520852
LSTM,variance,14,1,2022-08-12,2023-01-03,2022-09-30,2022-10-14,0.003132524729261758,0.0067824717
LSTM,variance,14,1,2022-08-12,2023-01-03,2022-10-01,2022-10-15,0.0033627833193770615,0.006657004
LSTM,variance,14,1,2022-08-12,2023-01-03,2022-10-02,2022-10-16,0.0035874249206459094,0.006519222
LSTM,variance,14,1,2022-08-12,2023-01-03,2022-10-03,2022-10-17,0.0032894489873533596,0.0063047484
LSTM,variance,14,1,2022-08-12,2023-01-03,2022-10-04,2022-10-18,0.0022786839891364716,0.005869671
LSTM,variance,14,1,2022-08-12,2023-01-03,2022-10-05,2022-10-19,0.0019735762412605405,0.00525925
LSTM,variance,14,1,2022-08-12,2023-01-03,2022-10-06,2022-10-20,0.0021768241644822455,0.0046527656
LSTM,variance,14,1,2022-08-12,2023-01-03,2022-10-07,2022-10-21,0.002507350376222663,0.0038026967
LSTM,variance,14,1,2022-08-12,2023-01-03,2022-10-08,2022-10-22,0.0028100399747824426,0.0027067962
LSTM,variance,14,1,2022-08-12,2023-01-03,2022-10-09,2022-10-23,0.002973736599985194,0.0021590292
LSTM,variance,14,1,2022-08-12,2023-01-03,2022-10-10,2022-10-24,0.0026627892241231107,0.0016311234
LSTM,variance,14,1,2022-08-12,2023-01-03,2022-10-11,2022-10-25,0.0018219482985545226,0.00089205295
LSTM,variance,14,1,2022-08-12,2023-01-03,2022-10-12,2022-10-26,0.0015715287677538668,0.00061091065
LSTM,variance,14,1,2022-08-12,2023-01-03,2022-10-13,2022-10-27,0.0017123479509662592,0.0005839571
LSTM,variance,14,1,2022-08-12,2023-01-03,2022-10-14,2022-10-28,0.001827772407114464,0.00067396153
LSTM,variance,14,1,2022-08-12,2023-01-03,2022-10-15,2022-10-29,0.0019454223503378371,0.00083048927
LSTM,variance,14,1,2022-08-12,2023-01-03,2022-10-16,2022-10-30,0.0019741566037923893,0.0010682719
LSTM,variance,14,1,2022-08-12,2023-01-03,2022-10-17,2022-10-31,0.0019633906236228857,0.0010443125
LSTM,variance,14,1,2022-08-12,2023-01-03,2022-10-18,2022-11-01,0.0011093211211332314,0.00067447196
LSTM,variance,14,1,2022-08-12,2023-01-03,2022-10-19,2022-11-02,0.001075936957652235,0.00043452936
LSTM,variance,14,1,2022-08-12,2023-01-03,2022-10-20,2022-11-03,0.0010921187477081476,0.00042971713
LSTM,variance,14,1,2022-08-12,2023-01-03,2022-10-21,2022-11-04,0.0011128304990586468,0.00063223415
LSTM,variance,14,1,2022-08-12,2023-01-03,2022-10-22,2022-11-05,0.0011276828876414858,0.0012136933
LSTM,variance,14,1,2022-08-12,2023-01-03,2022-10-23,2022-11-06,0.0011383841531888862,0.0024368532
LSTM,variance,14,1,2022-08-12,2023-01-03,2022-10-24,2022-11-07,0.0011520883219768513,0.0028233565
LSTM,variance,14,1,2022-08-12,2023-01-03,2022-10-25,2022-11-08,0.0006842360649737765,0.0022587453
LSTM,variance,14,1,2022-08-12,2023-01-03,2022-10-26,2022-11-09,0.0006941490511700806,0.0019739303
LSTM,variance,14,1,2022-08-12,2023-01-03,2022-10-27,2022-11-10,0.0007981396779984403,0.002686967
LSTM,variance,14,1,2022-08-12,2023-01-03,2022-10-28,2022-11-11,0.0008820558251377544,0.0054474715
LSTM,variance,14,1,2022-08-12,2023-01-03,2022-10-29,2022-11-12,0.0009352190474323893,0.008381102
LSTM,variance,14,1,2022-08-12,2023-01-03,2022-10-30,2022-11-13,0.000955527018761929,0.00824477
LSTM,variance,14,1,2022-08-12,2023-01-03,2022-10-31,2022-11-14,0.0009502915087790959,0.008576486
LSTM,variance,14,1,2022-08-12,2023-01-03,2022-11-01,2022-11-15,0.001005157141074062,0.008259201
LSTM,variance,14,1,2022-08-12,2023-01-03,2022-11-02,2022-11-16,0.0010084817968527015,0.0079048835
LSTM,variance,14,1,2022-08-12,2023-01-03,2022-11-03,2022-11-17,0.001016150475973275,0.0074424623
LSTM,variance,14,1,2022-08-12,2023-01-03,2022-11-04,2022-11-18,0.0010151864435413653,0.0067056944
LSTM,variance,14,1,2022-08-12,2023-01-03,2022-11-05,2022-11-19,0.0010011066373451102,0.005914663
LSTM,variance,14,1,2022-08-12,2023-01-03,2022-11-06,2022-11-20,0.0009643311629850209,0.006032743
LSTM,variance,14,1,2022-08-12,2023-01-03,2022-11-07,2022-11-21,0.0009294647955986827,0.0057436177
LSTM,variance,14,1,2022-08-12,2023-01-03,2022-11-08,2022-11-22,0.000811536801417238,0.004847056
LSTM,variance,14,1,2022-08-12,2023-01-03,2022-11-09,2022-11-23,0.0008604358528602288,0.00408943
LSTM,variance,14,1,2022-08-12,2023-01-03,2022-11-10,2022-11-24,0.0007595865113932509,0.003573775
LSTM,variance,14,1,2022-08-12,2023-01-03,2022-11-11,2022-11-25,0.0006867944167603288,0.0032168517
LSTM,variance,14,1,2022-08-12,2023-01-03,2022-11-12,2022-11-26,0.0006356998816762191,0.0021468361
LSTM,variance,14,1,2022-08-12,2023-01-03,2022-11-13,2022-11-27,0.0006086554152484937,0.0014180198
LSTM,variance,14,1,2022-08-12,2023-01-03,2022-11-14,2022-11-28,0.0006403148909674624,0.0010877848
LSTM,variance,14,1,2022-08-12,2023-01-03,2022-11-15,2022-11-29,0.00045800055215042626,0.0005576721
LSTM,variance,14,1,2022-08-12,2023-01-03,2022-11-16,2022-11-30,0.0005034205634420919,0.00050987315
LSTM,variance,14,1,2022-08-12,2023-01-03,2022-11-17,2022-12-01,0.0005005484756790663,0.0011488352
LSTM,variance,14,1,2022-08-12,2023-01-03,2022-11-18,2022-12-02,0.000487264630532469,0.0016094923
LSTM,variance,14,1,2022-08-12,2023-01-03,2022-11-19,2022-12-03,0.0004659060770007615,0.0015916922
LSTM,variance,14,1,2022-08-12,2023-01-03,2022-11-20,2022-12-04,0.0004640271125979325,0.001496366
LSTM,variance,14,1,2022-08-12,2023-01-03,2022-11-21,2022-12-05,0.00045572148050258723,0.0014329506
LSTM,variance,14,1,2022-08-12,2023-01-03,2022-11-22,2022-12-06,0.0011038179971288478,0.0013525997
LSTM,variance,14,1,2022-08-12,2023-01-03,2022-11-23,2022-12-07,0.0011259487952747884,0.0013514296
LSTM,variance,14,1,2022-08-12,2023-01-03,2022-11-24,2022-12-08,0.001090084898969921,0.0012452513
LSTM,variance,14,1,2022-08-12,2023-01-03,2022-11-25,2022-12-09,0.0010836715119488568,0.0010677174
LSTM,variance,14,1,2022-08-12,2023-01-03,2022-11-26,2022-12-10,0.0010411417278789305,0.0009414244
LSTM,variance,14,1,2022-08-12,2023-01-03,2022-11-27,2022-12-11,0.001041333207000048,0.000884413
LSTM,variance,14,1,2022-08-12,2023-01-03,2022-11-28,2022-12-12,0.0010464461299021645,0.00094145816
LSTM,variance,14,1,2022-08-12,2023-01-03,2022-11-29,2022-12-13,0.0011108019294038094,0.00086257426
LSTM,variance,14,1,2022-08-12,2023-01-03,2022-11-30,2022-12-14,0.0011258242555002094,0.0008023379
LSTM,variance,14,1,2022-08-12,2023-01-03,2022-12-01,2022-12-15,0.0010888128532949523,0.00079074997
LSTM,variance,14,1,2022-08-12,2023-01-03,2022-12-02,2022-12-16,0.0010771973721320114,0.00080469996
LSTM,variance,14,1,2022-08-12,2023-01-03,2022-12-03,2022-12-17,0.0010915025301333897,0.00081072375
LSTM,variance,14,1,2022-08-12,2023-01-03,2022-12-04,2022-12-18,0.0010900165598817784,0.00080494175
LSTM,variance,14,1,2022-08-12,2023-01-03,2022-12-05,2022-12-19,0.001140443764019963,0.00078472594
LSTM,variance,14,1,2022-08-12,2023-01-03,2022-12-06,2022-12-20,0.0006788371953249319,0.0013210386
LSTM,variance,14,1,2022-08-12,2023-01-03,2022-12-07,2022-12-21,0.0009897637893324888,0.0017733949
LSTM,variance,14,1,2022-08-12,2023-01-03,2022-12-08,2022-12-22,0.0009624211538411541,0.0017955119
LSTM,variance,14,1,2022-08-12,2023-01-03,2022-12-09,2022-12-23,0.0008920378086458573,0.0016413863
LSTM,variance,14,1,2022-08-12,2023-01-03,2022-12-10,2022-12-24,0.0008459847937679105,0.001529373
LSTM,variance,14,1,2022-08-12,2023-01-03,2022-12-11,2022-12-25,0.0007978091388337329,0.0015683009
LSTM,variance,14,1,2022-08-12,2023-01-03,2022-12-12,2022-12-26,0.0007525415580339578,0.0017392884
LSTM,variance,14,1,2022-08-12,2023-01-03,2022-12-13,2022-12-27,0.0009970423879062918,0.0020258087
LSTM,variance,14,1,2022-08-12,2023-01-03,2022-12-14,2022-12-28,0.0011447276626857814,0.0022727738
LSTM,variance,14,1,2022-08-12,2023-01-03,2022-12-15,2022-12-29,0.001144752591555574,0.0022351781
LSTM,variance,14,1,2022-08-12,2023-01-03,2022-12-16,2022-12-30,0.0010868442169381632,0.0017828317
LSTM,variance,14,1,2022-08-12,2023-01-03,2022-12-17,2022-12-31,0.001051634677836248,0.0011870952
LSTM,variance,14,1,2022-08-12,2023-01-03,2022-12-18,2023-01-01,0.0010206688022819867,0.0009369531
LSTM,variance,14,1,2022-08-12,2023-01-03,2022-12-19,2023-01-02,0.0010203977616972076,0.000937605
LSTM,variance,14,1,2022-08-12,2023-01-03,2022-12-20,2023-01-03,0.01376160801554033,0.00057318975
LSTM,variance,28,1,2022-08-12,2023-01-03,2022-07-16,2022-08-13,0.008117067205932955,0.0014759179
LSTM,variance,28,1,2022-08-12,2023-01-03,2022-07-17,2022-08-14,0.007778094697169558,0.001390027
LSTM,variance,28,1,2022-08-12,2023-01-03,2022-07-18,2022-08-15,0.008031014118835037,0.001277195
LSTM,variance,28,1,2022-08-12,2023-01-03,2022-07-19,2022-08-16,0.015096759315895346,0.0016580437
LSTM,variance,28,1,2022-08-12,2023-01-03,2022-07-20,2022-08-17,0.015359680715964913,0.0021352281
LSTM,variance,28,1,2022-08-12,2023-01-03,2022-07-21,2022-08-18,0.014807367790415046,0.002418472
LSTM,variance,28,1,2022-08-12,2023-01-03,2022-07-22,2022-08-19,0.014015026221596595,0.002570919
LSTM,variance,28,1,2022-08-12,2023-01-03,2022-07-23,2022-08-20,0.012822472552947757,0.002750882
LSTM,variance,28,1,2022-08-12,2023-01-03,2022-07-24,2022-08-21,0.011798568874073934,0.0028967843
LSTM,variance,28,1,2022-08-12,2023-01-03,2022-07-25,2022-08-22,0.01091514859790761,0.0028644635
LSTM,variance,28,1,2022-08-12,2023-01-03,2022-07-26,2022-08-23,0.01676452344319587,0.003288057
LSTM,variance,28,1,2022-08-12,2023-01-03,2022-07-27,2022-08-24,0.01767499587668532,0.0035069895
LSTM,variance,28,1,2022-08-12,2023-01-03,2022-07-28,2022-08-25,0.017215978567275685,0.003402836
LSTM,variance,28,1,2022-08-12,2023-01-03,2022-07-29,2022-08-26,0.01628986133817656,0.00316204
LSTM,variance,28,1,2022-08-12,2023-01-03,2022-07-30,2022-08-27,0.015552413900128218,0.00287998
LSTM,variance,28,1,2022-08-12,2023-01-03,2022-07-31,2022-08-28,0.01532763461858324,0.0026352007
LSTM,variance,28,1,2022-08-12,2023-01-03,2022-08-01,2022-08-29,0.015312660195629631,0.0025124815
LSTM,variance,28,1,2022-08-12,2023-01-03,2022-08-02,2022-08-30,0.01451704047417591,0.0050545456
LSTM,variance,28,1,2022-08-12,2023-01-03,2022-08-03,2022-08-31,0.01463780197011998,0.0066557205
LSTM,variance,28,1,2022-08-12,2023-01-03,2022-08-04,2022-09-01,0.015618330075850282,0.0062619047
LSTM,variance,28,1,2022-08-12,2023-01-03,2022-08-05,2022-09-02,0.016653932075193795,0.004485299
LSTM,variance,28,1,2022-08-12,2023-01-03,2022-08-06,2022-09-03,0.01825791216096253,0.002630354
LSTM,variance,28,1,2022-08-12,2023-01-03,2022-08-07,2022-09-04,0.01882553365038233,0.0015940357
LSTM,variance,28,1,2022-08-12,2023-01-03,2022-08-08,2022-09-05,0.018836521219767456,0.0016471914
LSTM,variance,28,1,2022-08-12,2023-01-03,2022-08-09,2022-09-06,0.014150367623231297,0.005002046
LSTM,variance,28,1,2022-08-12,2023-01-03,2022-08-10,2022-09-07,0.01293438864290947,0.009237773
LSTM,variance,28,1,2022-08-12,2023-01-03,2022-08-11,2022-09-08,0.013108546907398377,0.0090070665
LSTM,variance,28,1,2022-08-12,2023-01-03,2022-08-12,2022-09-09,0.022833747595359947,0.0069440454
LSTM,variance,28,1,2022-08-12,2023-01-03,2022-08-13,2022-09-10,0.023569643189707595,0.004224448
LSTM,variance,28,1,2022-08-12,2023-01-03,2022-08-14,2022-09-11,0.023769448445852267,0.0022088296
LSTM,variance,28,1,2022-08-12,2023-01-03,2022-08-15,2022-09-12,0.02374675594053248,0.00180209
LSTM,variance,28,1,2022-08-12,2023-01-03,2022-08-16,2022-09-13,0.021305839426839897,0.0020442111
LSTM,variance,28,1,2022-08-12,2023-01-03,2022-08-17,2022-09-14,0.02135698674379953,0.0020744884
LSTM,variance,28,1,2022-08-12,2023-01-03,2022-08-18,2022-09-15,0.021005267622884426,0.002067024
LSTM,variance,28,1,2022-08-12,2023-01-03,2022-08-19,2022-09-16,0.0206901186911118,0.0020374912
LSTM,variance,28,1,2022-08-12,2023-01-03,2022-08-20,2022-09-17,0.019894741174388893,0.0019731475
LSTM,variance,28,1,2022-08-12,2023-01-03,2022-08-21,2022-09-18,0.019616728187864692,0.0019034412
LSTM,variance,28,1,2022-08-12,2023-01-03,2022-08-22,2022-09-19,0.019621437507855763,0.0018543164
LSTM,variance,28,1,2022-08-12,2023-01-03,2022-08-23,2022-09-20,0.017662526010538464,0.0021661944
LSTM,variance,28,1,2022-08-12,2023-01-03,2022-08-24,2022-09-21,0.0176680299033733,0.0023847518
LSTM,variance,28,1,2022-08-12,2023-01-03,2022-08-25,2022-09-22,0.017657604812243884,0.0024644535
LSTM,variance,28,1,2022-08-12,2023-01-03,2022-08-26,2022-09-23,0.0077988791213810145,0.0024506436
LSTM,variance,28,1,2022-08-12,2023-01-03,2022-08-27,2022-09-24,0.007694424661477285,0.0024045666
LSTM,variance,28,1,2022-08-12,2023-01-03,2022-08-28,2022-09-25,0.007622152564475419,0.0023733997
LSTM,variance,28,1,2022-08-12,2023-01-03,2022-08-29,2022-09-26,0.0076225250946339715,0.0023642052
LSTM,variance,28,1,2022-08-12,2023-01-03,2022-08-30,2022-09-27,0.004382828736228269,0.0023240594
LSTM,variance,28,1,2022-08-12,2023-01-03,2022-08-31,2022-09-28,0.00465355792082863,0.0023185934
LSTM,variance,28,1,2022-08-12,2023-01-03,2022-09-01,2022-09-29,0.005766417582073565,0.0023786773
LSTM,variance,28,1,2022-08-12,2023-01-03,2022-09-02,2022-09-30,0.006955464167485369,0.0024737737
LSTM,variance,28,1,2022-08-12,2023-01-03,2022-09-03,2022-10-01,0.007888159123231668,0.002614531
LSTM,variance,28,1,2022-08-12,2023-01-03,2022-09-04,2022-10-02,0.008440239927878557,0.0027174398
LSTM,variance,28,1,2022-08-12,2023-01-03,2022-09-05,2022-10-03,0.007936961616580787,0.0027724805
LSTM,variance,28,1,2022-08-12,2023-01-03,2022-09-06,2022-10-04,0.0060249479178009725,0.0025237682
LSTM,variance,28,1,2022-08-12,2023-01-03,2022-09-07,2022-10-05,0.004623858214569084,0.0023556538
LSTM,variance,28,1,2022-08-12,2023-01-03,2022-09-08,2022-10-06,0.004869134108574868,0.0022995344
LSTM,variance,28,1,2022-08-12,2023-01-03,2022-09-09,2022-10-07,0.005483310867176911,0.0028982766
LSTM,variance,28,1,2022-08-12,2023-01-03,2022-09-10,2022-10-08,0.006013080409071651,0.0033540777
LSTM,variance,28,1,2022-08-12,2023-01-03,2022-09-11,2022-10-09,0.005834796923257389,0.0036519717
LSTM,variance,28,1,2022-08-12,2023-01-03,2022-09-12,2022-10-10,0.005019358350750101,0.0038583023
LSTM,variance,28,1,2022-08-12,2023-01-03,2022-09-13,2022-10-11,0.0027503393003520693,0.0037968229
LSTM,variance,28,1,2022-08-12,2023-01-03,2022-09-14,2022-10-12,0.0026437359927162637,0.0037967714
LSTM,variance,28,1,2022-08-12,2023-01-03,2022-09-15,2022-10-13,0.002881419488199563,0.0037981742
LSTM,variance,28,1,2022-08-12,2023-01-03,2022-09-16,2022-10-14,0.003132524729261758,0.0037894286
LSTM,variance,28,1,2022-08-12,2023-01-03,2022-09-17,2022-10-15,0.0033627833193770615,0.0037332599
LSTM,variance,28,1,2022-08-12,2023-01-03,2022-09-18,2022-10-16,0.0035874249206459094,0.003687961
LSTM,variance,28,1,2022-08-12,2023-01-03,2022-09-19,2022-10-17,0.0032894489873533596,0.0036588816
LSTM,variance,28,1,2022-08-12,2023-01-03,2022-09-20,2022-10-18,0.0022786839891364716,0.0035136843
LSTM,variance,28,1,2022-08-12,2023-01-03,2022-09-21,2022-10-19,0.0019735762412605405,0.0034328054
LSTM,variance,28,1,2022-08-12,2023-01-03,2022-09-22,2022-10-20,0.0021768241644822455,0.003376635
LSTM,variance,28,1,2022-08-12,2023-01-03,2022-09-23,2022-10-21,0.002507350376222663,0.002780757
LSTM,variance,28,1,2022-08-12,2023-01-03,2022-09-24,2022-10-22,0.0028100399747824426,0.0024130242
LSTM,variance,28,1,2022-08-12,2023-01-03,2022-09-25,2022-10-23,0.002973736599985194,0.0022943637
LSTM,variance,28,1,2022-08-12,2023-01-03,2022-09-26,2022-10-24,0.0026627892241231107,0.002280557
LSTM,variance,28,1,2022-08-12,2023-01-03,2022-09-27,2022-10-25,0.0018219482985545226,0.0020833956
LSTM,variance,28,1,2022-08-12,2023-01-03,2022-09-28,2022-10-26,0.0015715287677538668,0.001885757
LSTM,variance,28,1,2022-08-12,2023-01-03,2022-09-29,2022-10-27,0.0017123479509662592,0.0017885602
LSTM,variance,28,1,2022-08-12,2023-01-03,2022-09-30,2022-10-28,0.001827772407114464,0.0017675835
LSTM,variance,28,1,2022-08-12,2023-01-03,2022-10-01,2022-10-29,0.0019454223503378371,0.0017740611
LSTM,variance,28,1,2022-08-12,2023-01-03,2022-10-02,2022-10-30,0.0019741566037923893,0.0017802193
LSTM,variance,28,1,2022-08-12,2023-01-03,2022-10-03,2022-10-31,0.0019633906236228857,0.0017434235
LSTM,variance,28,1,2022-08-12,2023-01-03,2022-10-04,2022-11-01,0.0011093211211332314,0.0016223087
LSTM,variance,28,1,2022-08-12,2023-01-03,2022-10-05,2022-11-02,0.001075936957652235,0.0014314236
LSTM,variance,28,1,2022-08-12,2023-01-03,2022-10-06,2022-11-03,0.0010921187477081476,0.0012265068
LSTM,variance,28,1,2022-08-12,2023-01-03,2022-10-07,2022-11-04,0.0011128304990586468,0.0010587807
LSTM,variance,28,1,2022-08-12,2023-01-03,2022-10-08,2022-11-05,0.0011276828876414858,0.00095549633
LSTM,variance,28,1,2022-08-12,2023-01-03,2022-10-09,2022-11-06,0.0011383841531888862,0.00088682387
LSTM,variance,28,1,2022-08-12,2023-01-03,2022-10-10,2022-11-07,0.0011520883219768513,0.00081449223
LSTM,variance,28,1,2022-08-12,2023-01-03,2022-10-11,2022-11-08,0.0006842360649737765,0.0006968406
LSTM,variance,28,1,2022-08-12,2023-01-03,2022-10-12,2022-11-09,0.0006941490511700806,0.00063606765
LSTM,variance,28,1,2022-08-12,2023-01-03,2022-10-13,2022-11-10,0.0007981396779984403,0.00061334023
LSTM,variance,28,1,2022-08-12,2023-01-03,2022-10-14,2022-11-11,0.0008820558251377544,0.0006079655
LSTM,variance,28,1,2022-08-12,2023-01-03,2022-10-15,2022-11-12,0.0009352190474323893,0.0006115116
LSTM,variance,28,1,2022-08-12,2023-01-03,2022-10-16,2022-11-13,0.000955527018761929,0.00062183314
LSTM,variance,28,1,2022-08-12,2023-01-03,2022-10-17,2022-11-14,0.0009502915087790959,0.0006147102
LSTM,variance,28,1,2022-08-12,2023-01-03,2022-10-18,2022-11-15,0.001005157141074062,0.0005811048
LSTM,variance,28,1,2022-08-12,2023-01-03,2022-10-19,2022-11-16,0.0010084817968527015,0.0005555902
LSTM,variance,28,1,2022-08-12,2023-01-03,2022-10-20,2022-11-17,0.001016150475973275,0.0005474038
LSTM,variance,28,1,2022-08-12,2023-01-03,2022-10-21,2022-11-18,0.0010151864435413653,0.00055111013
LSTM,variance,28,1,2022-08-12,2023-01-03,2022-10-22,2022-11-19,0.0010011066373451102,0.0005601756
LSTM,variance,28,1,2022-08-12,2023-01-03,2022-10-23,2022-11-20,0.0009643311629850209,0.0005690306
LSTM,variance,28,1,2022-08-12,2023-01-03,2022-10-24,2022-11-21,0.0009294647955986827,0.0005645598
LSTM,variance,28,1,2022-08-12,2023-01-03,2022-10-25,2022-11-22,0.000811536801417238,0.0005415868
LSTM,variance,28,1,2022-08-12,2023-01-03,2022-10-26,2022-11-23,0.0008604358528602288,0.00052493915
LSTM,variance,28,1,2022-08-12,2023-01-03,2022-10-27,2022-11-24,0.0007595865113932509,0.0005224895
LSTM,variance,28,1,2022-08-12,2023-01-03,2022-10-28,2022-11-25,0.0006867944167603288,0.00078374665
LSTM,variance,28,1,2022-08-12,2023-01-03,2022-10-29,2022-11-26,0.0006356998816762191,0.0076570166
LSTM,variance,28,1,2022-08-12,2023-01-03,2022-10-30,2022-11-27,0.0006086554152484937,0.0076542716
LSTM,variance,28,1,2022-08-12,2023-01-03,2022-10-31,2022-11-28,0.0006403148909674624,0.0075940145
LSTM,variance,28,1,2022-08-12,2023-01-03,2022-11-01,2022-11-29,0.00045800055215042626,0.007180413
LSTM,variance,28,1,2022-08-12,2023-01-03,2022-11-02,2022-11-30,0.0005034205634420919,0.006666856
LSTM,variance,28,1,2022-08-12,2023-01-03,2022-11-03,2022-12-01,0.0005005484756790663,0.0060579283
LSTM,variance,28,1,2022-08-12,2023-01-03,2022-11-04,2022-12-02,0.000487264630532469,0.005446911
LSTM,variance,28,1,2022-08-12,2023-01-03,2022-11-05,2022-12-03,0.0004659060770007615,0.004759706
LSTM,variance,28,1,2022-08-12,2023-01-03,2022-11-06,2022-12-04,0.0004640271125979325,0.004158476
LSTM,variance,28,1,2022-08-12,2023-01-03,2022-11-07,2022-12-05,0.00045572148050258723,0.0038117764
LSTM,variance,28,1,2022-08-12,2023-01-03,2022-11-08,2022-12-06,0.0011038179971288478,0.0031589621
LSTM,variance,28,1,2022-08-12,2023-01-03,2022-11-09,2022-12-07,0.0011259487952747884,0.0024527863
LSTM,variance,28,1,2022-08-12,2023-01-03,2022-11-10,2022-12-08,0.001090084898969921,0.0018934854
LSTM,variance,28,1,2022-08-12,2023-01-03,2022-11-11,2022-12-09,0.0010836715119488568,0.0015294288
LSTM,variance,28,1,2022-08-12,2023-01-03,2022-11-12,2022-12-10,0.0010411417278789305,0.0013485139
LSTM,variance,28,1,2022-08-12,2023-01-03,2022-11-13,2022-12-11,0.001041333207000048,0.0013177567
LSTM,variance,28,1,2022-08-12,2023-01-03,2022-11-14,2022-12-12,0.0010464461299021645,0.0013073895
LSTM,variance,28,1,2022-08-12,2023-01-03,2022-11-15,2022-12-13,0.0011108019294038094,0.0013201134
LSTM,variance,28,1,2022-08-12,2023-01-03,2022-11-16,2022-12-14,0.0011258242555002094,0.0013558205
LSTM,variance,28,1,2022-08-12,2023-01-03,2022-11-17,2022-12-15,0.0010888128532949523,0.0014175981
LSTM,variance,28,1,2022-08-12,2023-01-03,2022-11-18,2022-12-16,0.0010771973721320114,0.0014963218
LSTM,variance,28,1,2022-08-12,2023-01-03,2022-11-19,2022-12-17,0.0010915025301333897,0.0015685592
LSTM,variance,28,1,2022-08-12,2023-01-03,2022-11-20,2022-12-18,0.0010900165598817784,0.0015680933
LSTM,variance,28,1,2022-08-12,2023-01-03,2022-11-21,2022-12-19,0.001140443764019963,0.0015240919
LSTM,variance,28,1,2022-08-12,2023-01-03,2022-11-22,2022-12-20,0.0006788371953249319,0.0014302308
LSTM,variance,28,1,2022-08-12,2023-01-03,2022-11-23,2022-12-21,0.0009897637893324888,0.0013864295
LSTM,variance,28,1,2022-08-12,2023-01-03,2022-11-24,2022-12-22,0.0009624211538411541,0.0013239637
LSTM,variance,28,1,2022-08-12,2023-01-03,2022-11-25,2022-12-23,0.0008920378086458573,0.001236816
LSTM,variance,28,1,2022-08-12,2023-01-03,2022-11-26,2022-12-24,0.0008459847937679105,0.0011393891
LSTM,variance,28,1,2022-08-12,2023-01-03,2022-11-27,2022-12-25,0.0007978091388337329,0.0010420635
LSTM,variance,28,1,2022-08-12,2023-01-03,2022-11-28,2022-12-26,0.0007525415580339578,0.001018802
LSTM,variance,28,1,2022-08-12,2023-01-03,2022-11-29,2022-12-27,0.0009970423879062918,0.0009308141
LSTM,variance,28,1,2022-08-12,2023-01-03,2022-11-30,2022-12-28,0.0011447276626857814,0.0008776518
LSTM,variance,28,1,2022-08-12,2023-01-03,2022-12-01,2022-12-29,0.001144752591555574,0.0008649566
LSTM,variance,28,1,2022-08-12,2023-01-03,2022-12-02,2022-12-30,0.0010868442169381632,0.00087398425
LSTM,variance,28,1,2022-08-12,2023-01-03,2022-12-03,2022-12-31,0.001051634677836248,0.0008839616
LSTM,variance,28,1,2022-08-12,2023-01-03,2022-12-04,2023-01-01,0.0010206688022819867,0.00089930836
LSTM,variance,28,1,2022-08-12,2023-01-03,2022-12-05,2023-01-02,0.0010203977616972076,0.00091575
LSTM,variance,28,1,2022-08-12,2023-01-03,2022-12-06,2023-01-03,0.01376160801554033,0.0013156201
GRU,mean,14,2,2023-01-03,2023-05-28,2022-12-21,2023-01-04,0.13119998475684597,0.09416722
GRU,mean,14,2,2023-01-03,2023-05-28,2022-12-22,2023-01-05,0.1330579187921908,0.09802721
GRU,mean,14,2,2023-01-03,2023-05-28,2022-12-23,2023-01-06,0.13395353233280147,0.10222736
GRU,mean,14,2,2023-01-03,2023-05-28,2022-12-24,2023-01-07,0.13793955897383076,0.105020724
GRU,mean,14,2,2023-01-03,2023-05-28,2022-12-25,2023-01-08,0.13757734032037547,0.10683248
GRU,mean,14,2,2023-01-03,2023-05-28,2022-12-26,2023-01-09,0.137538932359555,0.10915572
GRU,mean,14,2,2023-01-03,2023-05-28,2022-12-27,2023-01-10,0.1349375330984866,0.11319928
GRU,mean,14,2,2023-01-03,2023-05-28,2022-12-28,2023-01-11,0.12873473178793657,0.1185709
GRU,mean,14,2,2023-01-03,2023-05-28,2022-12-29,2023-01-12,0.12643935926596156,0.12091478
GRU,mean,14,2,2023-01-03,2023-05-28,2022-12-30,2023-01-13,0.12475569627651519,0.1203149
GRU,mean,14,2,2023-01-03,2023-05-28,2022-12-31,2023-01-14,0.12334854596923726,0.118111
GRU,mean,14,2,2023-01-03,2023-05-28,2023-01-01,2023-01-15,0.12172535321953433,0.116957195
GRU,mean,14,2,2023-01-03,2023-05-28,2023-01-02,2023-01-16,0.1210887825476346,0.11619996
GRU,mean,14,2,2023-01-03,2023-05-28,2023-01-03,2023-01-17,0.09533201203207389,0.14931886
GRU,mean,14,2,2023-01-03,2023-05-28,2023-01-04,2023-01-18,0.09080390954738474,0.18495986
GRU,mean,14,2,2023-01-03,2023-05-28,2023-01-05,2023-01-19,0.08933277078886966,0.19930343
GRU,mean,14,2,2023-01-03,2023-05-28,2023-01-06,2023-01-20,0.0894234947414365,0.19309877
GRU,mean,14,2,2023-01-03,2023-05-28,2023-01-07,2023-01-21,0.08709602498236145,0.18417583
GRU,mean,14,2,2023-01-03,2023-05-28,2023-01-08,2023-01-22,0.08956442529264622,0.17359763
GRU,mean,14,2,2023-01-03,2023-05-28,2023-01-09,2023-01-23,0.09168878884599262,0.16374667
GRU,mean,14,2,2023-01-03,2023-05-28,2023-01-10,2023-01-24,0.09713515947730808,0.15484098
GRU,mean,14,2,2023-01-03,2023-05-28,2023-01-11,2023-01-25,0.10362311527666415,0.14292456
GRU,mean,14,2,2023-01-03,2023-05-28,2023-01-12,2023-01-26,0.10783841826660379,0.1330516
GRU,mean,14,2,2023-01-03,2023-05-28,2023-01-13,2023-01-27,0.1107605949713898,0.12772563
GRU,mean,14,2,2023-01-03,2023-05-28,2023-01-14,2023-01-28,0.11350704438769905,0.1264649
GRU,mean,14,2,2023-01-03,2023-05-28,2023-01-15,2023-01-29,0.11647464341120177,0.12591211
GRU,mean,14,2,2023-01-03,2023-05-28,2023-01-16,2023-01-30,0.11780607670810953,0.124376714
GRU,mean,14,2,2023-01-03,2023-05-28,2023-01-17,2023-01-31,0.1233928136144765,0.08942637
GRU,mean,14,2,2023-01-03,2023-05-28,2023-01-18,2023-02-01,0.1253973695828701,0.056766707
GRU,mean,14,2,2023-01-03,2023-05-28,2023-01-19,2023-02-02,0.12625975341123288,0.050515186
GRU,mean,14,2,2023-01-03,2023-05-28,2023-01-20,2023-02-03,0.12710157132120906,0.06619043
GRU,mean,14,2,2023-01-03,2023-05-28,2023-01-21,2023-02-04,0.1281238419664619,0.07984153
GRU,mean,14,2,2023-01-03,2023-05-28,2023-01-22,2023-02-05,0.12826570733629353,0.08461738
GRU,mean,14,2,2023-01-03,2023-05-28,2023-01-23,2023-02-06,0.12994488784933073,0.08364878
GRU,mean,14,2,2023-01-03,2023-05-28,2023-01-24,2023-02-07,0.137900947961438,0.086836085
GRU,mean,14,2,2023-01-03,2023-05-28,2023-01-25,2023-02-08,0.14042042319507123,0.098658584
GRU,mean,14,2,2023-01-03,2023-05-28,2023-01-26,2023-02-09,0.14243525184823252,0.11340091
GRU,mean,14,2,2023-01-03,2023-05-28,2023-01-27,2023-02-10,0.14374870051901895,0.1239666
GRU,mean,14,2,2023-01-03,2023-05-28,2023-01-28,2023-02-11,0.14688504609151143,0.12871245
GRU,mean,14,2,2023-01-03,2023-05-28,2023-01-29,2023-02-12,0.14982346574617986,0.13167618
GRU,mean,14,2,2023-01-03,2023-05-28,2023-01-30,2023-02-13,0.15792497499478533,0.13387772
GRU,mean,14,2,2023-01-03,2023-05-28,2023-01-31,2023-02-14,0.16477308104275276,0.14102961
GRU,mean,14,2,2023-01-03,2023-05-28,2023-02-01,2023-02-15,0.16802038677162398,0.14862967
GRU,mean,14,2,2023-01-03,2023-05-28,2023-02-02,2023-02-16,0.17093473098568812,0.15227251
GRU,mean,14,2,2023-01-03,2023-05-28,2023-02-03,2023-02-17,0.17317749136609906,0.15168628
GRU,mean,14,2,2023-01-03,2023-05-28,2023-02-04,2023-02-18,0.17721441091322412,0.14931282
GRU,mean,14,2,2023-01-03,2023-05-28,2023-02-05,2023-02-19,0.1797946775138651,0.14638111
GRU,mean,14,2,2023-01-03,2023-05-28,2023-02-06,2023-02-20,0.1854730201159898,0.14537375
GRU,mean,14,2,2023-01-03,2023-05-28,2023-02-07,2023-02-21,0.18937877771215486,0.1558805
GRU,mean,14,2,2023-01-03,2023-05-28,2023-02-08,2023-02-22,0.1914460965345308,0.16814242
GRU,mean,14,2,2023-01-03,2023-05-28,2023-02-09,2023-02-23,0.19423714333841638,0.1740011
GRU,mean,14,2,2023-01-03,2023-05-28,2023-02-10,2023-02-24,0.19901273702654224,0.171556
GRU,mean,14,2,2023-01-03,2023-05-28,2023-02-11,2023-02-25,0.20442983713852722,0.16794917
GRU,mean,14,2,2023-01-03,2023-05-28,2023-02-12,2023-02-26,0.2148272730341335,0.16755278
GRU,mean,14,2,2023-01-03,2023-05-28,2023-02-13,2023-02-27,0.2168971681216316,0.17848048
GRU,mean,14,2,2023-01-03,2023-05-28,2023-02-14,2023-02-28,0.21597229526777664,0.19654167
GRU,mean,14,2,2023-01-03,2023-05-28,2023-02-15,2023-03-01,0.21215166859896836,0.21001147
GRU,mean,14,2,2023-01-03,2023-05-28,2023-02-16,2023-03-02,0.21049973601401512,0.21566665
GRU,mean,14,2,2023-01-03,2023-05-28,2023-02-17,2023-03-03,0.2082040514940439,0.21645074
GRU,mean,14,2,2023-01-03,2023-05-28,2023-02-18,2023-03-04,0.20694815678981554,0.21877658
GRU,mean,14,2,2023-01-03,2023-05-28,2023-02-19,2023-03-05,0.20768136502872334,0.2226134
GRU,mean,14,2,2023-01-03,2023-05-28,2023-02-20,2023-03-06,0.20786232309011618,0.23231496
GRU,mean,14,2,2023-01-03,2023-05-28,2023-02-21,2023-03-07,0.20773481544847833,0.24449353
GRU,mean,14,2,2023-01-03,2023-05-28,2023-02-22,2023-03-08,0.21333689637919365,0.25517273
GRU,mean,14,2,2023-01-03,2023-05-28,2023-02-23,2023-03-09,0.21279989809737174,0.26537797
GRU,mean,14,2,2023-01-03,2023-05-28,2023-02-24,2023-03-10,0.21698834258708136,0.27836677
GRU,mean,14,2,2023-01-03,2023-05-28,2023-02-25,2023-03-11,0.215215170033589,0.2942969
GRU,mean,14,2,2023-01-03,2023-05-28,2023-02-26,2023-03-12,0.20583824237626644,0.3174561
GRU,mean,14,2,2023-01-03,2023-05-28,2023-02-27,2023-03-13,0.19931064396065154,0.33310106
GRU,mean,14,2,2023-01-03,2023-05-28,2023-02-28,2023-03-14,0.1975855284583349,0.33552784
GRU,mean,14,2,2023-01-03,2023-05-28,2023-03-01,2023-03-15,0.1990606570935392,0.32811546
GRU,mean,14,2,2023-01-03,2023-05-28,2023-03-02,2023-03-16,0.20000919465090947,0.32166246
GRU,mean,14,2,2023-01-03,2023-05-28,2023-03-03,2023-03-17,0.2025320011179665,0.31726557
GRU,mean,14,2,2023-01-03,2023-05-28,2023-03-04,2023-03-18,0.20378126585312376,0.31379932
GRU,mean,14,2,2023-01-03,2023-05-28,2023-03-05,2023-03-19,0.20488024315801187,0.31207398
GRU,mean,14,2,2023-01-03,2023-05-28,2023-03-06,2023-03-20,0.20501007420442569,0.3099005
GRU,mean,14,2,2023-01-03,2023-05-28,2023-03-07,2023-03-21,0.20515605661319003,0.3062498
GRU,mean,14,2,2023-01-03,2023-05-28,2023-03-08,2023-03-22,0.19963936801493945,0.30835035
GRU,mean,14,2,2023-01-03,2023-05-28,2023-03-09,2023-03-23,0.1996084852361575,0.3063081
GRU,mean,14,2,2023-01-03,2023-05-28,2023-03-10,2023-03-24,0.19253726533313897,0.306295
GRU,mean,14,2,2023-01-03,2023-05-28,2023-03-11,2023-03-25,0.1911493154612564,0.30156422
GRU,mean,14,2,2023-01-03,2023-05-28,2023-03-12,2023-03-26,0.19126124187650034,0.28438815
GRU,mean,14,2,2023-01-03,2023-05-28,2023-03-13,2023-03-27,0.19424298465331985,0.26361388
GRU,mean,14,2,2023-01-03,2023-05-28,2023-03-14,2023-03-28,0.1980095067264458,0.245812
GRU,mean,14,2,2023-01-03,2023-05-28,2023-03-15,2023-03-29,0.19938491961742016,0.23315524
GRU,mean,14,2,2023-01-03,2023-05-28,2023-03-16,2023-03-30,0.20062544157998213,0.22622018
GRU,mean,14,2,2023-01-03,2023-05-28,2023-03-17,2023-03-31,0.20016104594891784,0.22722442
GRU,mean,14,2,2023-01-03,2023-05-28,2023-03-18,2023-04-01,0.20351174911099515,0.23285933
GRU,mean,14,2,2023-01-03,2023-05-28,2023-03-19,2023-04-02,0.20214826042435632,0.23931998
GRU,mean,14,2,2023-01-03,2023-05-28,2023-03-20,2023-04-03,0.19914250831186162,0.24407084
GRU,mean,14,2,2023-01-03,2023-05-28,2023-03-21,2023-04-04,0.19653233936547965,0.24667816
GRU,mean,14,2,2023-01-03,2023-05-28,2023-03-22,2023-04-05,0.19480521792879854,0.24099852
GRU,mean,14,2,2023-01-03,2023-05-28,2023-03-23,2023-04-06,0.1928996256175208,0.23598841
GRU,mean,14,2,2023-01-03,2023-05-28,2023-03-24,2023-04-07,0.19066550376737407,0.22310723
GRU,mean,14,2,2023-01-03,2023-05-28,2023-03-25,2023-04-08,0.19240720971495734,0.21188149
GRU,mean,14,2,2023-01-03,2023-05-28,2023-03-26,2023-04-09,0.19402672944345603,0.20560488
GRU,mean,14,2,2023-01-03,2023-05-28,2023-03-27,2023-04-10,0.18891200926553683,0.208111
GRU,mean,14,2,2023-01-03,2023-05-28,2023-03-28,2023-04-11,0.1835469660666913,0.21966133
GRU,mean,14,2,2023-01-03,2023-05-28,2023-03-29,2023-04-12,0.17838612733512324,0.23272513
GRU,mean,14,2,2023-01-03,2023-05-28,2023-03-30,2023-04-13,0.17470252233076958,0.2450153
GRU,mean,14,2,2023-01-03,2023-05-28,2023-03-31,2023-04-14,0.17376978818923902,0.25193235
GRU,mean,14,2,2023-01-03,2023-05-28,2023-04-01,2023-04-15,0.16651199277478737,0.25834548
GRU,mean,14,2,2023-01-03,2023-05-28,2023-04-02,2023-04-16,0.16443574139053396,0.25974992
GRU,mean,14,2,2023-01-03,2023-05-28,2023-04-03,2023-04-17,0.16142126063957302,0.25609723
GRU,mean,14,2,2023-01-03,2023-05-28,2023-04-04,2023-04-18,0.15482817778292438,0.25054958
GRU,mean,14,2,2023-01-03,2023-05-28,2023-04-05,2023-04-19,0.1484755790711171,0.24533004
GRU,mean,14,2,2023-01-03,2023-05-28,2023-04-06,2023-04-20,0.14460825206274316,0.24072413
GRU,mean,14,2,2023-01-03,2023-05-28,2023-04-07,2023-04-21,0.1425917962976612,0.23641175
GRU,mean,14,2,2023-01-03,2023-05-28,2023-04-08,2023-04-22,0.13894437861136122,0.2371408
GRU,mean,14,2,2023-01-03,2023-05-28,2023-04-09,2023-04-23,0.13578099385943776,0.24138406
GRU,mean,14,2,2023-01-03,2023-05-28,2023-04-10,2023-04-24,0.13388840900415885,0.23867945
GRU,mean,14,2,2023-01-03,2023-05-28,2023-04-11,2023-04-25,0.12807755756845032,0.22807589
GRU,mean,14,2,2023-01-03,2023-05-28,2023-04-12,2023-04-26,0.12739152279212795,0.21157587
GRU,mean,14,2,2023-01-03,2023-05-28,2023-04-13,2023-04-27,0.1269871034131445,0.19264881
GRU,mean,14,2,2023-01-03,2023-05-28,2023-04-14,2023-04-28,0.12565185574623855,0.17905241
GRU,mean,14,2,2023-01-03,2023-05-28,2023-04-15,2023-04-29,0.12401415548656683,0.16448721
GRU,mean,14,2,2023-01-03,2023-05-28,2023-04-16,2023-04-30,0.12241402209952021,0.15606777
GRU,mean,14,2,2023-01-03,2023-05-28,2023-04-17,2023-05-01,0.12248023391402711,0.15230533
GRU,mean,14,2,2023-01-03,2023-05-28,2023-04-18,2023-05-02,0.11968301461128764,0.14663982
GRU,mean,14,2,2023-01-03,2023-05-28,2023-04-19,2023-05-03,0.11920247391399154,0.13855097
GRU,mean,14,2,2023-01-03,2023-05-28,2023-04-20,2023-05-04,0.12869314810195628,0.13268955
GRU,mean,14,2,2023-01-03,2023-05-28,2023-04-21,2023-05-05,0.12727861493093753,0.13207622
GRU,mean,14,2,2023-01-03,2023-05-28,2023-04-22,2023-05-06,0.12410535387905211,0.13171957
GRU,mean,14,2,2023-01-03,2023-05-28,2023-04-23,2023-05-07,0.12238086324057137,0.12850915
GRU,mean,14,2,2023-01-03,2023-05-28,2023-04-24,2023-05-08,0.11974234371042235,0.12309008
GRU,mean,14,2,2023-01-03,2023-05-28,2023-04-25,2023-05-09,0.11909085695372924,0.11206364
GRU,mean,14,2,2023-01-03,2023-05-28,2023-04-26,2023-05-10,0.11850857563278737,0.10568959
GRU,mean,14,2,2023-01-03,2023-05-28,2023-04-27,2023-05-11,0.11672714671105766,0.10656132
GRU,mean,14,2,2023-01-03,2023-05-28,2023-04-28,2023-05-12,0.11287294793425826,0.11041303
GRU,mean,14,2,2023-01-03,2023-05-28,2023-04-29,2023-05-13,0.11370227981642156,0.112751536
GRU,mean,14,2,2023-01-03,2023-05-28,2023-04-30,2023-05-14,0.10769146925493792,0.11217529
GRU,mean,14,2,2023-01-03,2023-05-28,2023-05-01,2023-05-15,0.10006522688482046,0.11218469
GRU,mean,14,2,2023-01-03,2023-05-28,2023-05-02,2023-05-16,0.09058666727676999,0.11058401
GRU,mean,14,2,2023-01-03,2023-05-28,2023-05-03,2023-05-17,0.08755313597188687,0.11029253
GRU,mean,14,2,2023-01-03,2023-05-28,2023-05-04,2023-05-18,0.07369884658663722,0.124143675
GRU,mean,14,2,2023-01-03,2023-05-28,2023-05-05,2023-05-19,0.07230143083435724,0.13414226
GRU,mean,14,2,2023-01-03,2023-05-28,2023-05-06,2023-05-20,0.07131694828301699,0.13034126
GRU,mean,14,2,2023-01-03,2023-05-28,2023-05-07,2023-05-21,0.06948557446403375,0.11852561
GRU,mean,14,2,2023-01-03,2023-05-28,2023-05-08,2023-05-22,0.06757073120006743,0.10710525
GRU,mean,14,2,2023-01-03,2023-05-28,2023-05-09,2023-05-23,0.05917569386710269,0.10442604
GRU,mean,14,2,2023-01-03,2023-05-28,2023-05-10,2023-05-24,0.05209589849082283,0.10985401
GRU,mean,14,2,2023-01-03,2023-05-28,2023-05-11,2023-05-25,0.047670919141119025,0.11509096
GRU,mean,14,2,2023-01-03,2023-05-28,2023-05-12,2023-05-26,0.04658125556350944,0.111689225
GRU,mean,14,2,2023-01-03,2023-05-28,2023-05-13,2023-05-27,0.04447135206013668,0.10685722
GRU,mean,14,2,2023-01-03,2023-05-28,2023-05-14,2023-05-28,0.04407432392050379,0.09734618
GRU,mean,28,2,2023-01-03,2023-05-28,2022-12-07,2023-01-04,0.13119998475684597,0.116333924
GRU,mean,28,2,2023-01-03,2023-05-28,2022-12-08,2023-01-05,0.1330579187921908,0.12247606
GRU,mean,28,2,2023-01-03,2023-05-28,2022-12-09,2023-01-06,0.13395353233280147,0.12645681
GRU,mean,28,2,2023-01-03,2023-05-28,2022-12-10,2023-01-07,0.13793955897383076,0.12926346
GRU,mean,28,2,2023-01-03,2023-05-28,2022-12-11,2023-01-08,0.13757734032037547,0.13006817
GRU,mean,28,2,2023-01-03,2023-05-28,2022-12-12,2023-01-09,0.137538932359555,0.12663318
GRU,mean,28,2,2023-01-03,2023-05-28,2022-12-13,2023-01-10,0.1349375330984866,0.12147171
GRU,mean,28,2,2023-01-03,2023-05-28,2022-12-14,2023-01-11,0.12873473178793657,0.11675623
GRU,mean,28,2,2023-01-03,2023-05-28,2022-12-15,2023-01-12,0.12643935926596156,0.114979535
GRU,mean,28,2,2023-01-03,2023-05-28,2022-12-16,2023-01-13,0.12475569627651519,0.116040975
GRU,mean,28,2,2023-01-03,2023-05-28,2022-12-17,2023-01-14,0.12334854596923726,0.11817034
GRU,mean,28,2,2023-01-03,2023-05-28,2022-12-18,2023-01-15,0.12172535321953433,0.120073855
GRU,mean,28,2,2023-01-03,2023-05-28,2022-12-19,2023-01-16,0.1210887825476346,0.12602974
GRU,mean,28,2,2023-01-03,2023-05-28,2022-12-20,2023-01-17,0.09533201203207389,0.12699518
GRU,mean,28,2,2023-01-03,2023-05-28,2022-12-21,2023-01-18,0.09080390954738474,0.13036968
GRU,mean,28,2,2023-01-03,2023-05-28,2022-12-22,2023-01-19,0.08933277078886966,0.13654691
GRU,mean,28,2,2023-01-03,2023-05-28,2022-12-23,2023-01-20,0.0894234947414365,0.1446955
GRU,mean,28,2,2023-01-03,2023-05-28,2022-12-24,2023-01-21,0.08709602498236145,0.15266477
GRU,mean,28,2,2023-01-03,2023-05-28,2022-12-25,2023-01-22,0.08956442529264622,0.15585947
GRU,mean,28,2,2023-01-03,2023-05-28,2022-12-26,2023-01-23,0.09168878884599262,0.160537
GRU,mean,28,2,2023-01-03,2023-05-28,2022-12-27,2023-01-24,0.09713515947730808,0.16744405
GRU,mean,28,2,2023-01-03,2023-05-28,2022-12-28,2023-01-25,0.10362311527666415,0.17909694
GRU,mean,28,2,2023-01-03,2023-05-28,2022-12-29,2023-01-26,0.10783841826660379,0.19113751
GRU,mean,28,2,2023-01-03,2023-05-28,2022-12-30,2023-01-27,0.1107605949713898,0.20269342
GRU,mean,28,2,2023-01-03,2023-05-28,2022-12-31,2023-01-28,0.11350704438769905,0.2089241
GRU,mean,28,2,2023-01-03,2023-05-28,2023-01-01,2023-01-29,0.11647464341120177,0.20472458
GRU,mean,28,2,2023-01-03,2023-05-28,2023-01-02,2023-01-30,0.11780607670810953,0.2007019
GRU,mean,28,2,2023-01-03,2023-05-28,2023-01-03,2023-01-31,0.1233928136144765,0.23244391
GRU,mean,28,2,2023-01-03,2023-05-28,2023-01-04,2023-02-01,0.1253973695828701,0.29283094
GRU,mean,28,2,2023-01-03,2023-05-28,2023-01-05,2023-02-02,0.12625975341123288,0.35634908
GRU,mean,28,2,2023-01-03,2023-05-28,2023-01-06,2023-02-03,0.12710157132120906,0.38832548
GRU,mean,28,2,2023-01-03,2023-05-28,2023-01-07,2023-02-04,0.1281238419664619,0.3831497
GRU,mean,28,2,2023-01-03,2023-05-28,2023-01-08,2023-02-05,0.12826570733629353,0.35605454
GRU,mean,28,2,2023-01-03,2023-05-28,2023-01-09,2023-02-06,0.12994488784933073,0.25411656
GRU,mean,28,2,2023-01-03,2023-05-28,2023-01-10,2023-02-07,0.137900947961438,0.1647503
GRU,mean,28,2,2023-01-03,2023-05-28,2023-01-11,2023-02-08,0.14042042319507123,0.11449078
GRU,mean,28,2,2023-01-03,2023-05-28,2023-01-12,2023-02-09,0.14243525184823252,0.086948544
GRU,mean,28,2,2023-01-03,2023-05-28,2023-01-13,2023-02-10,0.14374870051901895,0.08094982
GRU,mean,28,2,2023-01-03,2023-05-28,2023-01-14,2023-02-11,0.14688504609151143,0.08373403
GRU,mean,28,2,2023-01-03,2023-05-28,2023-01-15,2023-02-12,0.14982346574617986,0.08618775
GRU,mean,28,2,2023-01-03,2023-05-28,2023-01-16,2023-02-13,0.15792497499478533,0.08819641
GRU,mean,28,2,2023-01-03,2023-05-28,2023-01-17,2023-02-14,0.16477308104275276,0.056588195
GRU,mean,28,2,2023-01-03,2023-05-28,2023-01-18,2023-02-15,0.16802038677162398,0.050011095
GRU,mean,28,2,2023-01-03,2023-05-28,2023-01-19,2023-02-16,0.17093473098568812,0.06451931
GRU,mean,28,2,2023-01-03,2023-05-28,2023-01-20,2023-02-17,0.17317749136609906,0.07595743
GRU,mean,28,2,2023-01-03,2023-05-28,2023-01-21,2023-02-18,0.17721441091322412,0.07446071
GRU,mean,28,2,2023-01-03,2023-05-28,2023-01-22,2023-02-19,0.1797946775138651,0.075442694
GRU,mean,28,2,2023-01-03,2023-05-28,2023-01-23,2023-02-20,0.1854730201159898,0.07827816
GRU,mean,28,2,2023-01-03,2023-05-28,2023-01-24,2023-02-21,0.18937877771215486,0.084546566
GRU,mean,28,2,2023-01-03,2023-05-28,2023-01-25,2023-02-22,0.1914460965345308,0.09195313
GRU,mean,28,2,2023-01-03,2023-05-28,2023-01-26,2023-02-23,0.19423714333841638,0.09588056
GRU,mean,28,2,2023-01-03,2023-05-28,2023-01-27,2023-02-24,0.19901273702654224,0.097815625
GRU,mean,28,2,2023-01-03,2023-05-28,2023-01-28,2023-02-25,0.20442983713852722,0.100179866
GRU,mean,28,2,2023-01-03,2023-05-28,2023-01-29,2023-02-26,0.2148272730341335,0.10351373
GRU,mean,28,2,2023-01-03,2023-05-28,2023-01-30,2023-02-27,0.2168971681216316,0.104370825
GRU,mean,28,2,2023-01-03,2023-05-28,2023-01-31,2023-02-28,0.21597229526777664,0.109946586
GRU,mean,28,2,2023-01-03,2023-05-28,2023-02-01,2023-03-01,0.21215166859896836,0.11159486
GRU,mean,28,2,2023-01-03,2023-05-28,2023-02-02,2023-03-02,0.21049973601401512,0.10863735
GRU,mean,28,2,2023-01-03,2023-05-28,2023-02-03,2023-03-03,0.2082040514940439,0.10343801
GRU,mean,28,2,2023-01-03,2023-05-28,2023-02-04,2023-03-04,0.20694815678981554,0.09636437
GRU,mean,28,2,2023-01-03,2023-05-28,2023-02-05,2023-03-05,0.20768136502872334,0.105249494
GRU,mean,28,2,2023-01-03,2023-05-28,2023-02-06,2023-03-06,0.20786232309011618,0.12858659
GRU,mean,28,2,2023-01-03,2023-05-28,2023-02-07,2023-03-07,0.20773481544847833,0.13088103
GRU,mean,28,2,2023-01-03,2023-05-28,2023-02-08,2023-03-08,0.21333689637919365,0.11767012
GRU,mean,28,2,2023-01-03,2023-05-28,2023-02-09,2023-03-09,0.21279989809737174,0.10912614
GRU,mean,28,2,2023-01-03,2023-05-28,2023-02-10,2023-03-10,0.21698834258708136,0.10337172
GRU,mean,28,2,2023-01-03,2023-05-28,2023-02-11,2023-03-11,0.215215170033589,0.10407646
GRU,mean,28,2,2023-01-03,2023-05-28,2023-02-12,2023-03-12,0.20583824237626644,0.108839415
GRU,mean,28,2,2023-01-03,2023-05-28,2023-02-13,2023-03-13,0.19931064396065154,0.12012642
GRU,mean,28,2,2023-01-03,2023-05-28,2023-02-14,2023-03-14,0.1975855284583349,0.12946592
GRU,mean,28,2,2023-01-03,2023-05-28,2023-02-15,2023-03-15,0.1990606570935392,0.12881686
GRU,mean,28,2,2023-01-03,2023-05-28,2023-02-16,2023-03-16,0.20000919465090947,0.123840645
GRU,mean,28,2,2023-01-03,2023-05-28,2023-02-17,2023-03-17,0.2025320011179665,0.121554896
GRU,mean,28,2,2023-01-03,2023-05-28,2023-02-18,2023-03-18,0.20378126585312376,0.12610662
GRU,mean,28,2,2023-01-03,2023-05-28,2023-02-19,2023-03-19,0.20488024315801187,0.13106659
GRU,mean,28,2,2023-01-03,2023-05-28,2023-02-20,2023-03-20,0.20501007420442569,0.13832194
GRU,mean,28,2,2023-01-03,2023-05-28,2023-02-21,2023-03-21,0.20515605661319003,0.1446301
GRU,mean,28,2,2023-01-03,2023-05-28,2023-02-22,2023-03-22,0.19963936801493945,0.14796537
GRU,mean,28,2,2023-01-03,2023-05-28,2023-02-23,2023-03-23,0.1996084852361575,0.15187256
GRU,mean,28,2,2023-01-03,2023-05-28,2023-02-24,2023-03-24,0.19253726533313897,0.15816793
GRU,mean,28,2,2023-01-03,2023-05-28,2023-02-25,2023-03-25,0.1911493154612564,0.16526763
GRU,mean,28,2,2023-01-03,2023-05-28,2023-02-26,2023-03-26,0.19126124187650034,0.17921217
GRU,mean,28,2,2023-01-03,2023-05-28,2023-02-27,2023-03-27,0.19424298465331985,0.1850822
GRU,mean,28,2,2023-01-03,2023-05-28,2023-02-28,2023-03-28,0.1980095067264458,0.17827033
GRU,mean,28,2,2023-01-03,2023-05-28,2023-03-01,2023-03-29,0.19938491961742016,0.16480601
GRU,mean,28,2,2023-01-03,2023-05-28,2023-03-02,2023-03-30,0.20062544157998213,0.1559188
GRU,mean,28,2,2023-01-03,2023-05-28,2023-03-03,2023-03-31,0.20016104594891784,0.15337911
GRU,mean,28,2,2023-01-03,2023-05-28,2023-03-04,2023-04-01,0.20351174911099515,0.15538774
GRU,mean,28,2,2023-01-03,2023-05-28,2023-03-05,2023-04-02,0.20214826042435632,0.15818954
GRU,mean,28,2,2023-01-03,2023-05-28,2023-03-06,2023-04-03,0.19914250831186162,0.158519
GRU,mean,28,2,2023-01-03,2023-05-28,2023-03-07,2023-04-04,0.19653233936547965,0.156756
GRU,mean,28,2,2023-01-03,2023-05-28,2023-03-08,2023-04-05,0.19480521792879854,0.16196975
GRU,mean,28,2,2023-01-03,2023-05-28,2023-03-09,2023-04-06,0.1928996256175208,0.1601575
GRU,mean,28,2,2023-01-03,2023-05-28,2023-03-10,2023-04-07,0.19066550376737407,0.15975103
GRU,mean,28,2,2023-01-03,2023-05-28,2023-03-11,2023-04-08,0.19240720971495734,0.15454455
GRU,mean,28,2,2023-01-03,2023-05-28,2023-03-12,2023-04-09,0.19402672944345603,0.13872102
GRU,mean,28,2,2023-01-03,2023-05-28,2023-03-13,2023-04-10,0.18891200926553683,0.12767279
GRU,mean,28,2,2023-01-03,2023-05-28,2023-03-14,2023-04-11,0.1835469660666913,0.12574989
GRU,mean,28,2,2023-01-03,2023-05-28,2023-03-15,2023-04-12,0.17838612733512324,0.12552825
GRU,mean,28,2,2023-01-03,2023-05-28,2023-03-16,2023-04-13,0.17470252233076958,0.12296423
GRU,mean,28,2,2023-01-03,2023-05-28,2023-03-17,2023-04-14,0.17376978818923902,0.12411836
GRU,mean,28,2,2023-01-03,2023-05-28,2023-03-18,2023-04-15,0.16651199277478737,0.12597243
GRU,mean,28,2,2023-01-03,2023-05-28,2023-03-19,2023-04-16,0.16443574139053396,0.12830769
GRU,mean,28,2,2023-01-03,2023-05-28,2023-03-20,2023-04-17,0.16142126063957302,0.12968647
GRU,mean,28,2,2023-01-03,2023-05-28,2023-03-21,2023-04-18,0.15482817778292438,0.13086805
GRU,mean,28,2,2023-01-03,2023-05-28,2023-03-22,2023-04-19,0.1484755790711171,0.1246028
GRU,mean,28,2,2023-01-03,2023-05-28,2023-03-23,2023-04-20,0.14460825206274316,0.12496728
GRU,mean,28,2,2023-01-03,2023-05-28,2023-03-24,2023-04-21,0.1425917962976612,0.11723385
GRU,mean,28,2,2023-01-03,2023-05-28,2023-03-25,2023-04-22,0.13894437861136122,0.11530852
GRU,mean,28,2,2023-01-03,2023-05-28,2023-03-26,2023-04-23,0.13578099385943776,0.11577792
GRU,mean,28,2,2023-01-03,2023-05-28,2023-03-27,2023-04-24,0.13388840900415885,0.11879043
GRU,mean,28,2,2023-01-03,2023-05-28,2023-03-28,2023-04-25,0.12807755756845032,0.122788265
GRU,mean,28,2,2023-01-03,2023-05-28,2023-03-29,2023-04-26,0.12739152279212795,0.124932654
GRU,mean,28,2,2023-01-03,2023-05-28,2023-03-30,2023-04-27,0.1269871034131445,0.12944551
GRU,mean,28,2,2023-01-03,2023-05-28,2023-03-31,2023-04-28,0.12565185574623855,0.13234617
GRU,mean,28,2,2023-01-03,2023-05-28,2023-04-01,2023-04-29,0.12401415548656683,0.13781811
GRU,mean,28,2,2023-01-03,2023-05-28,2023-04-02,2023-04-30,0.12241402209952021,0.1357696
GRU,mean,28,2,2023-01-03,2023-05-28,2023-04-03,2023-05-01,0.12248023391402711,0.12971818
GRU,mean,28,2,2023-01-03,2023-05-28,2023-04-04,2023-05-02,0.11968301461128764,0.12559077
GRU,mean,28,2,2023-01-03,2023-05-28,2023-04-05,2023-05-03,0.11920247391399154,0.12361843
GRU,mean,28,2,2023-01-03,2023-05-28,2023-04-06,2023-05-04,0.12869314810195628,0.12142388
GRU,mean,28,2,2023-01-03,2023-05-28,2023-04-07,2023-05-05,0.12727861493093753,0.11903189
GRU,mean,28,2,2023-01-03,2023-05-28,2023-04-08,2023-05-06,0.12410535387905211,0.122768216
GRU,mean,28,2,2023-01-03,2023-05-28,2023-04-09,2023-05-07,0.12238086324057137,0.1273468
GRU,mean,28,2,2023-01-03,2023-05-28,2023-04-10,2023-05-08,0.11974234371042235,0.12259199
GRU,mean,28,2,2023-01-03,2023-05-28,2023-04-11,2023-05-09,0.11909085695372924,0.117720656
GRU,mean,28,2,2023-01-03,2023-05-28,2023-04-12,2023-05-10,0.11850857563278737,0.114678636
GRU,mean,28,2,2023-01-03,2023-05-28,2023-04-13,2023-05-11,0.11672714671105766,0.112073965
GRU,mean,28,2,2023-01-03,2023-05-28,2023-04-14,2023-05-12,0.11287294793425826,0.11135105
GRU,mean,28,2,2023-01-03,2023-05-28,2023-04-15,2023-05-13,0.11370227981642156,0.101642765
GRU,mean,28,2,2023-01-03,2023-05-28,2023-04-16,2023-05-14,0.10769146925493792,0.09948364
GRU,mean,28,2,2023-01-03,2023-05-28,2023-04-17,2023-05-15,0.10006522688482046,0.097558536
GRU,mean,28,2,2023-01-03,2023-05-28,2023-04-18,2023-05-16,0.09058666727676999,0.09012241
GRU,mean,28,2,2023-01-03,2023-05-28,2023-04-19,2023-05-17,0.08755313597188687,0.08395669
GRU,mean,28,2,2023-01-03,2023-05-28,2023-04-20,2023-05-18,0.07369884658663722,0.08263821
GRU,mean,28,2,2023-01-03,2023-05-28,2023-04-21,2023-05-19,0.07230143083435724,0.08393287
GRU,mean,28,2,2023-01-03,2023-05-28,2023-04-22,2023-05-20,0.07131694828301699,0.08231883
GRU,mean,28,2,2023-01-03,2023-05-28,2023-04-23,2023-05-21,0.06948557446403375,0.08097973
GRU,mean,28,2,2023-01-03,2023-05-28,2023-04-24,2023-05-22,0.06757073120006743,0.08123693
GRU,mean,28,2,2023-01-03,2023-05-28,2023-04-25,2023-05-23,0.05917569386710269,0.075740546
GRU,mean,28,2,2023-01-03,2023-05-28,2023-04-26,2023-05-24,0.05209589849082283,0.0764214
GRU,mean,28,2,2023-01-03,2023-05-28,2023-04-27,2023-05-25,0.047670919141119025,0.07764873
GRU,mean,28,2,2023-01-03,2023-05-28,2023-04-28,2023-05-26,0.04658125556350944,0.07834833
GRU,mean,28,2,2023-01-03,2023-05-28,2023-04-29,2023-05-27,0.04447135206013668,0.07967005
GRU,mean,28,2,2023-01-03,2023-05-28,2023-04-30,2023-05-28,0.04407432392050379,0.08099002
GRU,variance,14,2,2023-01-03,2023-05-28,2022-12-21,2023-01-04,0.01410821888736354,0.002809543
GRU,variance,14,2,2023-01-03,2023-05-28,2022-12-22,2023-01-05,0.013977094085634316,0.0025332926
GRU,variance,14,2,2023-01-03,2023-05-28,2022-12-23,2023-01-06,0.013856337648433355,0.002130641
GRU,variance,14,2,2023-01-03,2023-05-28,2022-12-24,2023-01-07,0.013540425995162305,0.0018188709
GRU,variance,14,2,2023-01-03,2023-05-28,2022-12-25,2023-01-08,0.01358411706323885,0.0016536306
GRU,variance,14,2,2023-01-03,2023-05-28,2022-12-26,2023-01-09,0.013587622833462059,0.0015560673
GRU,variance,14,2,2023-01-03,2023-05-28,2022-12-27,2023-01-10,0.013587371379271542,0.0015072529
GRU,variance,14,2,2023-01-03,2023-05-28,2022-12-28,2023-01-11,0.014054198559657952,0.0015220622
GRU,variance,14,2,2023-01-03,2023-05-28,2022-12-29,2023-01-12,0.01441711859036465,0.0015621246
GRU,variance,14,2,2023-01-03,2023-05-28,2022-12-30,2023-01-13,0.014664873758386522,0.0015853216
GRU,variance,14,2,2023-01-03,2023-05-28,2022-12-31,2023-01-14,0.014847089297213723,0.0015867837
GRU,variance,14,2,2023-01-03,2023-05-28,2023-01-01,2023-01-15,0.01497553619448874,0.0015788858
GRU,variance,14,2,2023-01-03,2023-05-28,2023-01-02,2023-01-16,0.014998479763620811,0.0015909334
GRU,variance,14,2,2023-01-03,2023-05-28,2023-01-03,2023-01-17,0.00209037080865733,0.005654625
GRU,variance,14,2,2023-01-03,2023-05-28,2023-01-04,2023-01-18,0.001361984394026094,0.007930987
GRU,variance,14,2,2023-01-03,2023-05-28,2023-01-05,2023-01-19,0.0013239581445218182,0.0073891915
GRU,variance,14,2,2023-01-03,2023-05-28,2023-01-06,2023-01-20,0.0013216976680049258,0.0072686165
GRU,variance,14,2,2023-01-03,2023-05-28,2023-01-07,2023-01-21,0.0012089057894027844,0.007398929
GRU,variance,14,2,2023-01-03,2023-05-28,2023-01-08,2023-01-22,0.0012523368697202693,0.007852199
GRU,variance,14,2,2023-01-03,2023-05-28,2023-01-09,2023-01-23,0.0013399794196054101,0.0077683176
GRU,variance,14,2,2023-01-03,2023-05-28,2023-01-10,2023-01-24,0.00206476827235035,0.008353628
GRU,variance,14,2,2023-01-03,2023-05-28,2023-01-11,2023-01-25,0.0020439554176754234,0.009204571
GRU,variance,14,2,2023-01-03,2023-05-28,2023-01-12,2023-01-26,0.001697930807957437,0.010169322
GRU,variance,14,2,2023-01-03,2023-05-28,2023-01-13,2023-01-27,0.0014250694486787657,0.011312275
GRU,variance,14,2,2023-01-03,2023-05-28,2023-01-14,2023-01-28,0.0011953841768856182,0.012731956
GRU,variance,14,2,2023-01-03,2023-05-28,2023-01-15,2023-01-29,0.0010689359961598146,0.014482886
GRU,variance,14,2,2023-01-03,2023-05-28,2023-01-16,2023-01-30,0.0010471321364303725,0.015730817
GRU,variance,14,2,2023-01-03,2023-05-28,2023-01-17,2023-01-31,0.0019989325845159835,0.013904616
GRU,variance,14,2,2023-01-03,2023-05-28,2023-01-18,2023-02-01,0.0021098605951646,0.009953749
GRU,variance,14,2,2023-01-03,2023-05-28,2023-01-19,2023-02-02,0.0020578140122410105,0.0050434484
GRU,variance,14,2,2023-01-03,2023-05-28,2023-01-20,2023-02-03,0.0019810401922403216,0.0028391846
GRU,variance,14,2,2023-01-03,2023-05-28,2023-01-21,2023-02-04,0.0019238161167338748,0.0021070964
GRU,variance,14,2,2023-01-03,2023-05-28,2023-01-22,2023-02-05,0.0019197144337747363,0.001670379
GRU,variance,14,2,2023-01-03,2023-05-28,2023-01-23,2023-02-06,0.001946118658936765,0.0015380672
GRU,variance,14,2,2023-01-03,2023-05-28,2023-01-24,2023-02-07,0.003935486338730065,0.0016034173
GRU,variance,14,2,2023-01-03,2023-05-28,2023-01-25,2023-02-08,0.0040591092652399385,0.0014955833
GRU,variance,14,2,2023-01-03,2023-05-28,2023-01-26,2023-02-09,0.00392805976740679,0.001260869
GRU,variance,14,2,2023-01-03,2023-05-28,2023-01-27,2023-02-10,0.003793694432395122,0.0010211447
GRU,variance,14,2,2023-01-03,2023-05-28,2023-01-28,2023-02-11,0.0035854202665136824,0.00084393873
GRU,variance,14,2,2023-01-03,2023-05-28,2023-01-29,2023-02-12,0.0035107119506071023,0.0007341257
GRU,variance,14,2,2023-01-03,2023-05-28,2023-01-30,2023-02-13,0.0038892503850140475,0.0006815065
GRU,variance,14,2,2023-01-03,2023-05-28,2023-01-31,2023-02-14,0.005738777998180827,0.0008948895
GRU,variance,14,2,2023-01-03,2023-05-28,2023-02-01,2023-02-15,0.005881837355311041,0.00096883817
GRU,variance,14,2,2023-01-03,2023-05-28,2023-02-02,2023-02-16,0.005597910925387146,0.00091887853
GRU,variance,14,2,2023-01-03,2023-05-28,2023-02-03,2023-02-17,0.005278483943853338,0.0008024223
GRU,variance,14,2,2023-01-03,2023-05-28,2023-02-04,2023-02-18,0.004946700066763167,0.00064192916
GRU,variance,14,2,2023-01-03,2023-05-28,2023-02-05,2023-02-19,0.004698399379641799,0.004810068
GRU,variance,14,2,2023-01-03,2023-05-28,2023-02-06,2023-02-20,0.004762911125354364,0.005730083
GRU,variance,14,2,2023-01-03,2023-05-28,2023-02-07,2023-02-21,0.005987939685225045,0.006921084
GRU,variance,14,2,2023-01-03,2023-05-28,2023-02-08,2023-02-22,0.006004133588549204,0.007897566
GRU,variance,14,2,2023-01-03,2023-05-28,2023-02-09,2023-02-23,0.0057157568679018535,0.008280606
GRU,variance,14,2,2023-01-03,2023-05-28,2023-02-10,2023-02-24,0.005114999636304052,0.007893881
GRU,variance,14,2,2023-01-03,2023-05-28,2023-02-11,2023-02-25,0.004795751371492218,0.0071509564
GRU,variance,14,2,2023-01-03,2023-05-28,2023-02-12,2023-02-26,0.005249740815218631,0.0063420115
GRU,variance,14,2,2023-01-03,2023-05-28,2023-02-13,2023-02-27,0.005387524000524584,0.0064879404
GRU,variance,14,2,2023-01-03,2023-05-28,2023-02-14,2023-02-28,0.0051648731569177075,0.0076183598
GRU,variance,14,2,2023-01-03,2023-05-28,2023-02-15,2023-03-01,0.005421820774288643,0.008742055
GRU,variance,14,2,2023-01-03,2023-05-28,2023-02-16,2023-03-02,0.005700212646876858,0.009590607
GRU,variance,14,2,2023-01-03,2023-05-28,2023-02-17,2023-03-03,0.006213420104379433,0.009909701
GRU,variance,14,2,2023-01-03,2023-05-28,2023-02-18,2023-03-04,0.006351568470793623,0.009558083
GRU,variance,14,2,2023-01-03,2023-05-28,2023-02-19,2023-03-05,0.006272142660578841,0.008633226
GRU,variance,14,2,2023-01-03,2023-05-28,2023-02-20,2023-03-06,0.006280386724020392,0.008335122
GRU,variance,14,2,2023-01-03,2023-05-28,2023-02-21,2023-03-07,0.006238725943864246,0.008529364
GRU,variance,14,2,2023-01-03,2023-05-28,2023-02-22,2023-03-08,0.006687573013824126,0.008295576
GRU,variance,14,2,2023-01-03,2023-05-28,2023-02-23,2023-03-09,0.006748201900422893,0.0075744013
GRU,variance,14,2,2023-01-03,2023-05-28,2023-02-24,2023-03-10,0.006622564140735866,0.006438402
GRU,variance,14,2,2023-01-03,2023-05-28,2023-02-25,2023-03-11,0.0066845676019027436,0.005208676
GRU,variance,14,2,2023-01-03,2023-05-28,2023-02-26,2023-03-12,0.006149002117065159,0.004251504
GRU,variance,14,2,2023-01-03,2023-05-28,2023-02-27,2023-03-13,0.005966381604316955,0.004287559
GRU,variance,14,2,2023-01-03,2023-05-28,2023-02-28,2023-03-14,0.005553175898119443,0.004054244
GRU,variance,14,2,2023-01-03,2023-05-28,2023-03-01,2023-03-15,0.005451810237544732,0.003810593
GRU,variance,14,2,2023-01-03,2023-05-28,2023-03-02,2023-03-16,0.00530598731497899,0.003701727
GRU,variance,14,2,2023-01-03,2023-05-28,2023-03-03,2023-03-17,0.00479455651847808,0.003442382
GRU,variance,14,2,2023-01-03,2023-05-28,2023-03-04,2023-03-18,0.0046689041484329254,0.002814133
GRU,variance,14,2,2023-01-03,2023-05-28,2023-03-05,2023-03-19,0.004587276960194912,0.0022964177
GRU,variance,14,2,2023-01-03,2023-05-28,2023-03-06,2023-03-20,0.004594590584099251,0.0023850445
GRU,variance,14,2,2023-01-03,2023-05-28,2023-03-07,2023-03-21,0.0046431821360749465,0.0025978368
GRU,variance,14,2,2023-01-03,2023-05-28,2023-03-08,2023-03-22,0.004097376122240011,0.00291644
GRU,variance,14,2,2023-01-03,2023-05-28,2023-03-09,2023-03-23,0.004100233023052159,0.0030777326
GRU,variance,14,2,2023-01-03,2023-05-28,2023-03-10,2023-03-24,0.0043330288842706385,0.0028841922
GRU,variance,14,2,2023-01-03,2023-05-28,2023-03-11,2023-03-25,0.004375192753155864,0.0024122882
GRU,variance,14,2,2023-01-03,2023-05-28,2023-03-12,2023-03-26,0.004370608573178553,0.0018784186
GRU,variance,14,2,2023-01-03,2023-05-28,2023-03-13,2023-03-27,0.004357703208243143,0.001782425
GRU,variance,14,2,2023-01-03,2023-05-28,2023-03-14,2023-03-28,0.005394636222663901,0.0017575137
GRU,variance,14,2,2023-01-03,2023-05-28,2023-03-15,2023-03-29,0.005358126036818591,0.0017745319
GRU,variance,14,2,2023-01-03,2023-05-28,2023-03-16,2023-03-30,0.005207101111412857,0.0015687334
GRU,variance,14,2,2023-01-03,2023-05-28,2023-03-17,2023-03-31,0.005285954919827376,0.0012467632
GRU,variance,14,2,2023-01-03,2023-05-28,2023-03-18,2023-04-01,0.005190848186896512,0.0011450704
GRU,variance,14,2,2023-01-03,2023-05-28,2023-03-19,2023-04-02,0.0052931524122088475,0.001128042
GRU,variance,14,2,2023-01-03,2023-05-28,2023-03-20,2023-04-03,0.005226325921055689,0.0011183587
GRU,variance,14,2,2023-01-03,2023-05-28,2023-03-21,2023-04-04,0.004413747437351598,0.0011523054
GRU,variance,14,2,2023-01-03,2023-05-28,2023-03-22,2023-04-05,0.004406465938446449,0.0010205166
GRU,variance,14,2,2023-01-03,2023-05-28,2023-03-23,2023-04-06,0.004614695814727953,0.0010042754
GRU,variance,14,2,2023-01-03,2023-05-28,2023-03-24,2023-04-07,0.004981040080823889,0.0011109416
GRU,variance,14,2,2023-01-03,2023-05-28,2023-03-25,2023-04-08,0.005350118070173534,0.0011953778
GRU,variance,14,2,2023-01-03,2023-05-28,2023-03-26,2023-04-09,0.005799295741320632,0.0012288449
GRU,variance,14,2,2023-01-03,2023-05-28,2023-03-27,2023-04-10,0.005916947687037184,0.0012101798
GRU,variance,14,2,2023-01-03,2023-05-28,2023-03-28,2023-04-11,0.004373089043601865,0.0015105848
GRU,variance,14,2,2023-01-03,2023-05-28,2023-03-29,2023-04-12,0.004552471047613717,0.0016559411
GRU,variance,14,2,2023-01-03,2023-05-28,2023-03-30,2023-04-13,0.004926034234814292,0.0016826615
GRU,variance,14,2,2023-01-03,2023-05-28,2023-03-31,2023-04-14,0.005051241543176424,0.001819679
GRU,variance,14,2,2023-01-03,2023-05-28,2023-04-01,2023-04-15,0.005076176914310933,0.0019035324
GRU,variance,14,2,2023-01-03,2023-05-28,2023-04-02,2023-04-16,0.005164429150880912,0.002084571
GRU,variance,14,2,2023-01-03,2023-05-28,2023-04-03,2023-04-17,0.005105813588320843,0.0021765213
GRU,variance,14,2,2023-01-03,2023-05-28,2023-04-04,2023-04-18,0.0032872588661538847,0.0021227333
GRU,variance,14,2,2023-01-03,2023-05-28,2023-04-05,2023-04-19,0.0033459031789576724,0.0021647224
GRU,variance,14,2,2023-01-03,2023-05-28,2023-04-06,2023-04-20,0.00368313282478152,0.002125803
GRU,variance,14,2,2023-01-03,2023-05-28,2023-04-07,2023-04-21,0.003928130688982293,0.0022916957
GRU,variance,14,2,2023-01-03,2023-05-28,2023-04-08,2023-04-22,0.0037737339900187753,0.0027277393
GRU,variance,14,2,2023-01-03,2023-05-28,2023-04-09,2023-04-23,0.0036235448032591574,0.0036211272
GRU,variance,14,2,2023-01-03,2023-05-28,2023-04-10,2023-04-24,0.00361475872005167,0.0047282926
GRU,variance,14,2,2023-01-03,2023-05-28,2023-04-11,2023-04-25,0.002184573627524891,0.0043832115
GRU,variance,14,2,2023-01-03,2023-05-28,2023-04-12,2023-04-26,0.00218230720335326,0.0034997112
GRU,variance,14,2,2023-01-03,2023-05-28,2023-04-13,2023-04-27,0.002201521184075938,0.0027839
GRU,variance,14,2,2023-01-03,2023-05-28,2023-04-14,2023-04-28,0.002283633514188615,0.002266963
GRU,variance,14,2,2023-01-03,2023-05-28,2023-04-15,2023-04-29,0.0023234131488484846,0.0019087888
GRU,variance,14,2,2023-01-03,2023-05-28,2023-04-16,2023-04-30,0.0023264473289880726,0.0017771509
GRU,variance,14,2,2023-01-03,2023-05-28,2023-04-17,2023-05-01,0.0023309780661241375,0.0019076335
GRU,variance,14,2,2023-01-03,2023-05-28,2023-04-18,2023-05-02,0.0017024424015982926,0.0013717009
GRU,variance,14,2,2023-01-03,2023-05-28,2023-04-19,2023-05-03,0.0017164164630458381,0.0009806894
GRU,variance,14,2,2023-01-03,2023-05-28,2023-04-20,2023-05-04,0.0022449985957085482,0.0009239686
GRU,variance,14,2,2023-01-03,2023-05-28,2023-04-21,2023-05-05,0.002434117051600291,0.0010958764
GRU,variance,14,2,2023-01-03,2023-05-28,2023-04-22,2023-05-06,0.0027945078415877525,0.0014597903
GRU,variance,14,2,2023-01-03,2023-05-28,2023-04-23,2023-05-07,0.002945521676022941,0.0018645653
GRU,variance,14,2,2023-01-03,2023-05-28,2023-04-24,2023-05-08,0.0030352514088160085,0.0018524994
GRU,variance,14,2,2023-01-03,2023-05-28,2023-04-25,2023-05-09,0.0029221512300719506,0.001137482
GRU,variance,14,2,2023-01-03,2023-05-28,2023-04-26,2023-05-10,0.0029201565731909887,0.000599308
GRU,variance,14,2,2023-01-03,2023-05-28,2023-04-27,2023-05-11,0.0030267759339044136,0.00041531152
GRU,variance,14,2,2023-01-03,2023-05-28,2023-04-28,2023-05-12,0.003469722637240997,0.00048951845
GRU,variance,14,2,2023-01-03,2023-05-28,2023-04-29,2023-05-13,0.003748434687887697,0.000816607
GRU,variance,14,2,2023-01-03,2023-05-28,2023-04-30,2023-05-14,0.004251586410145018,0.001409561
GRU,variance,14,2,2023-01-03,2023-05-28,2023-05-01,2023-05-15,0.004231232803245079,0.0015013657
GRU,variance,14,2,2023-01-03,2023-05-28,2023-05-02,2023-05-16,0.0032271932945841454,0.0013209326
GRU,variance,14,2,2023-01-03,2023-05-28,2023-05-03,2023-05-17,0.003268011195866026,0.001247692
GRU,variance,14,2,2023-01-03,2023-05-28,2023-05-04,2023-05-18,0.0019003479654947225,0.0014824305
GRU,variance,14,2,2023-01-03,2023-05-28,2023-05-05,2023-05-19,0.0019792890855835406,0.0020847053
GRU,variance,14,2,2023-01-03,2023-05-28,2023-05-06,2023-05-20,0.002037859560430341,0.0036631008
GRU,variance,14,2,2023-01-03,2023-05-28,2023-05-07,2023-05-21,0.0020846462426385016,0.0051482394
GRU,variance,14,2,2023-01-03,2023-05-28,2023-05-08,2023-05-22,0.002060466517346898,0.005622661
GRU,variance,14,2,2023-01-03,2023-05-28,2023-05-09,2023-05-23,0.0006504957334531436,0.0058410577
GRU,variance,14,2,2023-01-03,2023-05-28,2023-05-10,2023-05-24,0.00042562192448935453,0.005703379
GRU,variance,14,2,2023-01-03,2023-05-28,2023-05-11,2023-05-25,0.0004379478899304734,0.0053822515
GRU,variance,14,2,2023-01-03,2023-05-28,2023-05-12,2023-05-26,0.00048456845616984284,0.0052710143
GRU,variance,14,2,2023-01-03,2023-05-28,2023-05-13,2023-05-27,0.0005096176586510186,0.005549708
GRU,variance,14,2,2023-01-03,2023-05-28,2023-05-14,2023-05-28,0.0005216407194755927,0.0065704416
GRU,variance,28,2,2023-01-03,2023-05-28,2022-12-07,2023-01-04,0.01410821888736354,0.0015344303
GRU,variance,28,2,2023-01-03,2023-05-28,2022-12-08,2023-01-05,0.013977094085634316,0.0018332113
GRU,variance,28,2,2023-01-03,2023-05-28,2022-12-09,2023-01-06,0.013856337648433355,0.0020506142
GRU,variance,28,2,2023-01-03,2023-05-28,2022-12-10,2023-01-07,0.013540425995162305,0.002210244
GRU,variance,28,2,2023-01-03,2023-05-28,2022-12-11,2023-01-08,0.01358411706323885,0.0023401114
GRU,variance,28,2,2023-01-03,2023-05-28,2022-12-12,2023-01-09,0.013587622833462059,0.0024153634
GRU,variance,28,2,2023-01-03,2023-05-28,2022-12-13,2023-01-10,0.013587371379271542,0.0024361033
GRU,variance,28,2,2023-01-03,2023-05-28,2022-12-14,2023-01-11,0.014054198559657952,0.0023669288
GRU,variance,28,2,2023-01-03,2023-05-28,2022-12-15,2023-01-12,0.01441711859036465,0.002212672
GRU,variance,28,2,2023-01-03,2023-05-28,2022-12-16,2023-01-13,0.014664873758386522,0.0020432686
GRU,variance,28,2,2023-01-03,2023-05-28,2022-12-17,2023-01-14,0.014847089297213723,0.0019277937
GRU,variance,28,2,2023-01-03,2023-05-28,2022-12-18,2023-01-15,0.01497553619448874,0.0018821076
GRU,variance,28,2,2023-01-03,2023-05-28,2022-12-19,2023-01-16,0.014998479763620811,0.0019133033
GRU,variance,28,2,2023-01-03,2023-05-28,2022-12-20,2023-01-17,0.00209037080865733,0.0017229738
GRU,variance,28,2,2023-01-03,2023-05-28,2022-12-21,2023-01-18,0.001361984394026094,0.0016355119
GRU,variance,28,2,2023-01-03,2023-05-28,2022-12-22,2023-01-19,0.0013239581445218182,0.0015456413
GRU,variance,28,2,2023-01-03,2023-05-28,2022-12-23,2023-01-20,0.0013216976680049258,0.0014505673
GRU,variance,28,2,2023-01-03,2023-05-28,2022-12-24,2023-01-21,0.0012089057894027844,0.0013771976
GRU,variance,28,2,2023-01-03,2023-05-28,2022-12-25,2023-01-22,0.0012523368697202693,0.0013234619
GRU,variance,28,2,2023-01-03,2023-05-28,2022-12-26,2023-01-23,0.0013399794196054101,0.0012776195
GRU,variance,28,2,2023-01-03,2023-05-28,2022-12-27,2023-01-24,0.00206476827235035,0.0013643764
GRU,variance,28,2,2023-01-03,2023-05-28,2022-12-28,2023-01-25,0.0020439554176754234,0.0015688258
GRU,variance,28,2,2023-01-03,2023-05-28,2022-12-29,2023-01-26,0.001697930807957437,0.0017879889
GRU,variance,28,2,2023-01-03,2023-05-28,2022-12-30,2023-01-27,0.0014250694486787657,0.0019508222
GRU,variance,28,2,2023-01-03,2023-05-28,2022-12-31,2023-01-28,0.0011953841768856182,0.0020641214
GRU,variance,28,2,2023-01-03,2023-05-28,2023-01-01,2023-01-29,0.0010689359961598146,0.0021306651
GRU,variance,28,2,2023-01-03,2023-05-28,2023-01-02,2023-01-30,0.0010471321364303725,0.0021500976
GRU,variance,28,2,2023-01-03,2023-05-28,2023-01-03,2023-01-31,0.0019989325845159835,0.009177835
GRU,variance,28,2,2023-01-03,2023-05-28,2023-01-04,2023-02-01,0.0021098605951646,0.012013223
GRU,variance,28,2,2023-01-03,2023-05-28,2023-01-05,2023-02-02,0.0020578140122410105,0.0072753164
GRU,variance,28,2,2023-01-03,2023-05-28,2023-01-06,2023-02-03,0.0019810401922403216,0.001526412
GRU,variance,28,2,2023-01-03,2023-05-28,2023-01-07,2023-02-04,0.0019238161167338748,0.00054765964
GRU,variance,28,2,2023-01-03,2023-05-28,2023-01-08,2023-02-05,0.0019197144337747363,0.0012832042
GRU,variance,28,2,2023-01-03,2023-05-28,2023-01-09,2023-02-06,0.001946118658936765,0.0016992922
GRU,variance,28,2,2023-01-03,2023-05-28,2023-01-10,2023-02-07,0.003935486338730065,0.0019399099
GRU,variance,28,2,2023-01-03,2023-05-28,2023-01-11,2023-02-08,0.0040591092652399385,0.0021509628
GRU,variance,28,2,2023-01-03,2023-05-28,2023-01-12,2023-02-09,0.00392805976740679,0.0022663746
GRU,variance,28,2,2023-01-03,2023-05-28,2023-01-13,2023-02-10,0.003793694432395122,0.0023148283
GRU,variance,28,2,2023-01-03,2023-05-28,2023-01-14,2023-02-11,0.0035854202665136824,0.0023064048
GRU,variance,28,2,2023-01-03,2023-05-28,2023-01-15,2023-02-12,0.0035107119506071023,0.0021846334
GRU,variance,28,2,2023-01-03,2023-05-28,2023-01-16,2023-02-13,0.0038892503850140475,0.002182917
GRU,variance,28,2,2023-01-03,2023-05-28,2023-01-17,2023-02-14,0.005738777998180827,0.00018156241
GRU,variance,28,2,2023-01-03,2023-05-28,2023-01-18,2023-02-15,0.005881837355311041,0.0004673853
GRU,variance,28,2,2023-01-03,2023-05-28,2023-01-19,2023-02-16,0.005597910925387146,0.0010593374
GRU,variance,28,2,2023-01-03,2023-05-28,2023-01-20,2023-02-17,0.005278483943853338,0.0011227903
GRU,variance,28,2,2023-01-03,2023-05-28,2023-01-21,2023-02-18,0.004946700066763167,0.00079569226
GRU,variance,28,2,2023-01-03,2023-05-28,2023-01-22,2023-02-19,0.004698399379641799,0.0003944857
GRU,variance,28,2,2023-01-03,2023-05-28,2023-01-23,2023-02-20,0.004762911125354364,0.0003647779
GRU,variance,28,2,2023-01-03,2023-05-28,2023-01-24,2023-02-21,0.005987939685225045,0.0005061905
GRU,variance,28,2,2023-01-03,2023-05-28,2023-01-25,2023-02-22,0.006004133588549204,0.00050221226
GRU,variance,28,2,2023-01-03,2023-05-28,2023-01-26,2023-02-23,0.0057157568679018535,0.0004614182
GRU,variance,28,2,2023-01-03,2023-05-28,2023-01-27,2023-02-24,0.005114999636304052,0.00044159862
GRU,variance,28,2,2023-01-03,2023-05-28,2023-01-28,2023-02-25,0.004795751371492218,0.00043447808
GRU,variance,28,2,2023-01-03,2023-05-28,2023-01-29,2023-02-26,0.005249740815218631,0.00044692485
GRU,variance,28,2,2023-01-03,2023-05-28,2023-01-30,2023-02-27,0.005387524000524584,0.00045264178
GRU,variance,28,2,2023-01-03,2023-05-28,2023-01-31,2023-02-28,0.0051648731569177075,0.00063513423
GRU,variance,28,2,2023-01-03,2023-05-28,2023-02-01,2023-03-01,0.005421820774288643,0.000603586
GRU,variance,28,2,2023-01-03,2023-05-28,2023-02-02,2023-03-02,0.005700212646876858,0.0004649775
GRU,variance,28,2,2023-01-03,2023-05-28,2023-02-03,2023-03-03,0.006213420104379433,0.0006366951
GRU,variance,28,2,2023-01-03,2023-05-28,2023-02-04,2023-03-04,0.006351568470793623,0.0002679541
GRU,variance,28,2,2023-01-03,2023-05-28,2023-02-05,2023-03-05,0.006272142660578841,0.005218634
GRU,variance,28,2,2023-01-03,2023-05-28,2023-02-06,2023-03-06,0.006280386724020392,0.0049605058
GRU,variance,28,2,2023-01-03,2023-05-28,2023-02-07,2023-03-07,0.006238725943864246,0.0076639424
GRU,variance,28,2,2023-01-03,2023-05-28,2023-02-08,2023-03-08,0.006687573013824126,0.010562938
GRU,variance,28,2,2023-01-03,2023-05-28,2023-02-09,2023-03-09,0.006748201900422893,0.012008328
GRU,variance,28,2,2023-01-03,2023-05-28,2023-02-10,2023-03-10,0.006622564140735866,0.012180603
GRU,variance,28,2,2023-01-03,2023-05-28,2023-02-11,2023-03-11,0.0066845676019027436,0.010763823
GRU,variance,28,2,2023-01-03,2023-05-28,2023-02-12,2023-03-12,0.006149002117065159,0.008988461
GRU,variance,28,2,2023-01-03,2023-05-28,2023-02-13,2023-03-13,0.005966381604316955,0.009408073
GRU,variance,28,2,2023-01-03,2023-05-28,2023-02-14,2023-03-14,0.005553175898119443,0.011072274
GRU,variance,28,2,2023-01-03,2023-05-28,2023-02-15,2023-03-15,0.005451810237544732,0.012040678
GRU,variance,28,2,2023-01-03,2023-05-28,2023-02-16,2023-03-16,0.00530598731497899,0.012839094
GRU,variance,28,2,2023-01-03,2023-05-28,2023-02-17,2023-03-17,0.00479455651847808,0.014850631
GRU,variance,28,2,2023-01-03,2023-05-28,2023-02-18,2023-03-18,0.0046689041484329254,0.016910398
GRU,variance,28,2,2023-01-03,2023-05-28,2023-02-19,2023-03-19,0.004587276960194912,0.016915169
GRU,variance,28,2,2023-01-03,2023-05-28,2023-02-20,2023-03-20,0.004594590584099251,0.01600792
GRU,variance,28,2,2023-01-03,2023-05-28,2023-02-21,2023-03-21,0.0046431821360749465,0.01531539
GRU,variance,28,2,2023-01-03,2023-05-28,2023-02-22,2023-03-22,0.004097376122240011,0.013816076
GRU,variance,28,2,2023-01-03,2023-05-28,2023-02-23,2023-03-23,0.004100233023052159,0.011615469
GRU,variance,28,2,2023-01-03,2023-05-28,2023-02-24,2023-03-24,0.0043330288842706385,0.011001153
GRU,variance,28,2,2023-01-03,2023-05-28,2023-02-25,2023-03-25,0.004375192753155864,0.0108142095
GRU,variance,28,2,2023-01-03,2023-05-28,2023-02-26,2023-03-26,0.004370608573178553,0.009823031
GRU,variance,28,2,2023-01-03,2023-05-28,2023-02-27,2023-03-27,0.004357703208243143,0.0089678
GRU,variance,28,2,2023-01-03,2023-05-28,2023-02-28,2023-03-28,0.005394636222663901,0.007298757
GRU,variance,28,2,2023-01-03,2023-05-28,2023-03-01,2023-03-29,0.005358126036818591,0.005974219
GRU,variance,28,2,2023-01-03,2023-05-28,2023-03-02,2023-03-30,0.005207101111412857,0.004260998
GRU,variance,28,2,2023-01-03,2023-05-28,2023-03-03,2023-03-31,0.005285954919827376,0.0033968173
GRU,variance,28,2,2023-01-03,2023-05-28,2023-03-04,2023-04-01,0.005190848186896512,0.0029956228
GRU,variance,28,2,2023-01-03,2023-05-28,2023-03-05,2023-04-02,0.0052931524122088475,0.0028558145
GRU,variance,28,2,2023-01-03,2023-05-28,2023-03-06,2023-04-03,0.005226325921055689,0.003456499
GRU,variance,28,2,2023-01-03,2023-05-28,2023-03-07,2023-04-04,0.004413747437351598,0.004484991
GRU,variance,28,2,2023-01-03,2023-05-28,2023-03-08,2023-04-05,0.004406465938446449,0.00521247
GRU,variance,28,2,2023-01-03,2023-05-28,2023-03-09,2023-04-06,0.004614695814727953,0.004531946
GRU,variance,28,2,2023-01-03,2023-05-28,2023-03-10,2023-04-07,0.004981040080823889,0.0034297183
GRU,variance,28,2,2023-01-03,2023-05-28,2023-03-11,2023-04-08,0.005350118070173534,0.002879925
GRU,variance,28,2,2023-01-03,2023-05-28,2023-03-12,2023-04-09,0.005799295741320632,0.0026232372
GRU,variance,28,2,2023-01-03,2023-05-28,2023-03-13,2023-04-10,0.005916947687037184,0.0030975523
GRU,variance,28,2,2023-01-03,2023-05-28,2023-03-14,2023-04-11,0.004373089043601865,0.003422606
GRU,variance,28,2,2023-01-03,2023-05-28,2023-03-15,2023-04-12,0.004552471047613717,0.0028019994
GRU,variance,28,2,2023-01-03,2023-05-28,2023-03-16,2023-04-13,0.004926034234814292,0.0022765936
GRU,variance,28,2,2023-01-03,2023-05-28,2023-03-17,2023-04-14,0.005051241543176424,0.0018713797
GRU,variance,28,2,2023-01-03,2023-05-28,2023-03-18,2023-04-15,0.005076176914310933,0.0016199402
GRU,variance,28,2,2023-01-03,2023-05-28,2023-03-19,2023-04-16,0.005164429150880912,0.0013839387
GRU,variance,28,2,2023-01-03,2023-05-28,2023-03-20,2023-04-17,0.005105813588320843,0.0012288077
GRU,variance,28,2,2023-01-03,2023-05-28,2023-03-21,2023-04-18,0.0032872588661538847,0.0011739399
GRU,variance,28,2,2023-01-03,2023-05-28,2023-03-22,2023-04-19,0.0033459031789576724,0.0009968592
GRU,variance,28,2,2023-01-03,2023-05-28,2023-03-23,2023-04-20,0.00368313282478152,0.0009966891
GRU,variance,28,2,2023-01-03,2023-05-28,2023-03-24,2023-04-21,0.003928130688982293,0.0011044308
GRU,variance,28,2,2023-01-03,2023-05-28,2023-03-25,2023-04-22,0.0037737339900187753,0.0011464828
GRU,variance,28,2,2023-01-03,2023-05-28,2023-03-26,2023-04-23,0.0036235448032591574,0.0011444933
GRU,variance,28,2,2023-01-03,2023-05-28,2023-03-27,2023-04-24,0.00361475872005167,0.0011467611
GRU,variance,28,2,2023-01-03,2023-05-28,2023-03-28,2023-04-25,0.002184573627524891,0.0015080486
GRU,variance,28,2,2023-01-03,2023-05-28,2023-03-29,2023-04-26,0.00218230720335326,0.0016386281
GRU,variance,28,2,2023-01-03,2023-05-28,2023-03-30,2023-04-27,0.002201521184075938,0.0017408436
GRU,variance,28,2,2023-01-03,2023-05-28,2023-03-31,2023-04-28,0.002283633514188615,0.001996589
GRU,variance,28,2,2023-01-03,2023-05-28,2023-04-01,2023-04-29,0.0023234131488484846,0.0022885108
GRU,variance,28,2,2023-01-03,2023-05-28,2023-04-02,2023-04-30,0.0023264473289880726,0.0027834096
GRU,variance,28,2,2023-01-03,2023-05-28,2023-04-03,2023-05-01,0.0023309780661241375,0.0035125196
GRU,variance,28,2,2023-01-03,2023-05-28,2023-04-04,2023-05-02,0.0017024424015982926,0.00425297
GRU,variance,28,2,2023-01-03,2023-05-28,2023-04-05,2023-05-03,0.0017164164630458381,0.0048102415
GRU,variance,28,2,2023-01-03,2023-05-28,2023-04-06,2023-05-04,0.0022449985957085482,0.005023247
GRU,variance,28,2,2023-01-03,2023-05-28,2023-04-07,2023-05-05,0.002434117051600291,0.0056684837
GRU,variance,28,2,2023-01-03,2023-05-28,2023-04-08,2023-05-06,0.0027945078415877525,0.00697298
GRU,variance,28,2,2023-01-03,2023-05-28,2023-04-09,2023-05-07,0.002945521676022941,0.009142497
GRU,variance,28,2,2023-01-03,2023-05-28,2023-04-10,2023-05-08,0.0030352514088160085,0.010475429
GRU,variance,28,2,2023-01-03,2023-05-28,2023-04-11,2023-05-09,0.0029221512300719506,0.008612401
GRU,variance,28,2,2023-01-03,2023-05-28,2023-04-12,2023-05-10,0.0029201565731909887,0.0059876572
GRU,variance,28,2,2023-01-03,2023-05-28,2023-04-13,2023-05-11,0.0030267759339044136,0.003989092
GRU,variance,28,2,2023-01-03,2023-05-28,2023-04-14,2023-05-12,0.003469722637240997,0.0030969414
GRU,variance,28,2,2023-01-03,2023-05-28,2023-04-15,2023-05-13,0.003748434687887697,0.0027308962
GRU,variance,28,2,2023-01-03,2023-05-28,2023-04-16,2023-05-14,0.004251586410145018,0.0026798723
GRU,variance,28,2,2023-01-03,2023-05-28,2023-04-17,2023-05-15,0.004231232803245079,0.0027842007
GRU,variance,28,2,2023-01-03,2023-05-28,2023-04-18,2023-05-16,0.0032271932945841454,0.0020242508
GRU,variance,28,2,2023-01-03,2023-05-28,2023-04-19,2023-05-17,0.003268011195866026,0.0016838498
GRU,variance,28,2,2023-01-03,2023-05-28,2023-04-20,2023-05-18,0.0019003479654947225,0.0019271945
GRU,variance,28,2,2023-01-03,2023-05-28,2023-04-21,2023-05-19,0.0019792890855835406,0.0026990748
GRU,variance,28,2,2023-01-03,2023-05-28,2023-04-22,2023-05-20,0.002037859560430341,0.0034617644
GRU,variance,28,2,2023-01-03,2023-05-28,2023-04-23,2023-05-21,0.0020846462426385016,0.0029112175
GRU,variance,28,2,2023-01-03,2023-05-28,2023-04-24,2023-05-22,0.002060466517346898,0.002141643
GRU,variance,28,2,2023-01-03,2023-05-28,2023-04-25,2023-05-23,0.0006504957334531436,0.0010986214
GRU,variance,28,2,2023-01-03,2023-05-28,2023-04-26,2023-05-24,0.00042562192448935453,0.0006931227
GRU,variance,28,2,2023-01-03,2023-05-28,2023-04-27,2023-05-25,0.0004379478899304734,0.0006893833
GRU,variance,28,2,2023-01-03,2023-05-28,2023-04-28,2023-05-26,0.00048456845616984284,0.0010305388
GRU,variance,28,2,2023-01-03,2023-05-28,2023-04-29,2023-05-27,0.0005096176586510186,0.0017439796
GRU,variance,28,2,2023-01-03,2023-05-28,2023-04-30,2023-05-28,0.0005216407194755927,0.0017217704
LSTM,mean,14,2,2023-01-03,2023-05-28,2022-12-21,2023-01-04,0.13119998475684597,0.10289751
LSTM,mean,14,2,2023-01-03,2023-05-28,2022-12-22,2023-01-05,0.1330579187921908,0.10566604
LSTM,mean,14,2,2023-01-03,2023-05-28,2022-12-23,2023-01-06,0.13395353233280147,0.1091459
LSTM,mean,14,2,2023-01-03,2023-05-28,2022-12-24,2023-01-07,0.13793955897383076,0.112806015
LSTM,mean,14,2,2023-01-03,2023-05-28,2022-12-25,2023-01-08,0.13757734032037547,0.11673108
LSTM,mean,14,2,2023-01-03,2023-05-28,2022-12-26,2023-01-09,0.137538932359555,0.12123474
LSTM,mean,14,2,2023-01-03,2023-05-28,2022-12-27,2023-01-10,0.1349375330984866,0.12672542
LSTM,mean,14,2,2023-01-03,2023-05-28,2022-12-28,2023-01-11,0.12873473178793657,0.13306126
LSTM,mean,14,2,2023-01-03,2023-05-28,2022-12-29,2023-01-12,0.12643935926596156,0.13782631
LSTM,mean,14,2,2023-01-03,2023-05-28,2022-12-30,2023-01-13,0.12475569627651519,0.14097297
LSTM,mean,14,2,2023-01-03,2023-05-28,2022-12-31,2023-01-14,0.12334854596923726,0.14226031
LSTM,mean,14,2,2023-01-03,2023-05-28,2023-01-01,2023-01-15,0.12172535321953433,0.14241907
LSTM,mean,14,2,2023-01-03,2023-05-28,2023-01-02,2023-01-16,0.1210887825476346,0.14057149
LSTM,mean,14,2,2023-01-03,2023-05-28,2023-01-03,2023-01-17,0.09533201203207389,0.16017263
LSTM,mean,14,2,2023-01-03,2023-05-28,2023-01-04,2023-01-18,0.09080390954738474,0.18390921
LSTM,mean,14,2,2023-01-03,2023-05-28,2023-01-05,2023-01-19,0.08933277078886966,0.20460571
LSTM,mean,14,2,2023-01-03,2023-05-28,2023-01-06,2023-01-20,0.0894234947414365,0.2177963
LSTM,mean,14,2,2023-01-03,2023-05-28,2023-01-07,2023-01-21,0.08709602498236145,0.22496302
LSTM,mean,14,2,2023-01-03,2023-05-28,2023-01-08,2023-01-22,0.08956442529264622,0.22329979
LSTM,mean,14,2,2023-01-03,2023-05-28,2023-01-09,2023-01-23,0.09168878884599262,0.21637611
LSTM,mean,14,2,2023-01-03,2023-05-28,2023-01-10,2023-01-24,0.09713515947730808,0.19926892
LSTM,mean,14,2,2023-01-03,2023-05-28,2023-01-11,2023-01-25,0.10362311527666415,0.16975799
LSTM,mean,14,2,2023-01-03,2023-05-28,2023-01-12,2023-01-26,0.10783841826660379,0.13710636
LSTM,mean,14,2,2023-01-03,2023-05-28,2023-01-13,2023-01-27,0.1107605949713898,0.114991836
LSTM,mean,14,2,2023-01-03,2023-05-28,2023-01-14,2023-01-28,0.11350704438769905,0.10569707
LSTM,mean,14,2,2023-01-03,2023-05-28,2023-01-15,2023-01-29,0.11647464341120177,0.10206546
LSTM,mean,14,2,2023-01-03,2023-05-28,2023-01-16,2023-01-30,0.11780607670810953,0.10036473
LSTM,mean,14,2,2023-01-03,2023-05-28,2023-01-17,2023-01-31,0.1233928136144765,0.08533121
LSTM,mean,14,2,2023-01-03,2023-05-28,2023-01-18,2023-02-01,0.1253973695828701,0.073489115
LSTM,mean,14,2,2023-01-03,2023-05-28,2023-01-19,2023-02-02,0.12625975341123288,0.06908065
LSTM,mean,14,2,2023-01-03,2023-05-28,2023-01-20,2023-02-03,0.12710157132120906,0.070213355
LSTM,mean,14,2,2023-01-03,2023-05-28,2023-01-21,2023-02-04,0.1281238419664619,0.07222673
LSTM,mean,14,2,2023-01-03,2023-05-28,2023-01-22,2023-02-05,0.12826570733629353,0.075986505
LSTM,mean,14,2,2023-01-03,2023-05-28,2023-01-23,2023-02-06,0.12994488784933073,0.08016794
LSTM,mean,14,2,2023-01-03,2023-05-28,2023-01-24,2023-02-07,0.137900947961438,0.08607166
LSTM,mean,14,2,2023-01-03,2023-05-28,2023-01-25,2023-02-08,0.14042042319507123,0.093499646
LSTM,mean,14,2,2023-01-03,2023-05-28,2023-01-26,2023-02-09,0.14243525184823252,0.10034472
LSTM,mean,14,2,2023-01-03,2023-05-28,2023-01-27,2023-02-10,0.14374870051901895,0.105644695
LSTM,mean,14,2,2023-01-03,2023-05-28,2023-01-28,2023-02-11,0.14688504609151143,0.10983263
LSTM,mean,14,2,2023-01-03,2023-05-28,2023-01-29,2023-02-12,0.14982346574617986,0.11376732
LSTM,mean,14,2,2023-01-03,2023-05-28,2023-01-30,2023-02-13,0.15792497499478533,0.11707816
LSTM,mean,14,2,2023-01-03,2023-05-28,2023-01-31,2023-02-14,0.16477308104275276,0.12312179
LSTM,mean,14,2,2023-01-03,2023-05-28,2023-02-01,2023-02-15,0.16802038677162398,0.13191558
LSTM,mean,14,2,2023-01-03,2023-05-28,2023-02-02,2023-02-16,0.17093473098568812,0.15014309
LSTM,mean,14,2,2023-01-03,2023-05-28,2023-02-03,2023-02-17,0.17317749136609906,0.1786975
LSTM,mean,14,2,2023-01-03,2023-05-28,2023-02-04,2023-02-18,0.17721441091322412,0.1791295
LSTM,mean,14,2,2023-01-03,2023-05-28,2023-02-05,2023-02-19,0.1797946775138651,0.14703669
LSTM,mean,14,2,2023-01-03,2023-05-28,2023-02-06,2023-02-20,0.1854730201159898,0.1296135
LSTM,mean,14,2,2023-01-03,2023-05-28,2023-02-07,2023-02-21,0.18937877771215486,0.12657903
LSTM,mean,14,2,2023-01-03,2023-05-28,2023-02-08,2023-02-22,0.1914460965345308,0.12771761
LSTM,mean,14,2,2023-01-03,2023-05-28,2023-02-09,2023-02-23,0.19423714333841638,0.12847039
LSTM,mean,14,2,2023-01-03,2023-05-28,2023-02-10,2023-02-24,0.19901273702654224,0.127954
LSTM,mean,14,2,2023-01-03,2023-05-28,2023-02-11,2023-02-25,0.20442983713852722,0.12817317
LSTM,mean,14,2,2023-01-03,2023-05-28,2023-02-12,2023-02-26,0.2148272730341335,0.12940624
LSTM,mean,14,2,2023-01-03,2023-05-28,2023-02-13,2023-02-27,0.2168971681216316,0.13482039
LSTM,mean,14,2,2023-01-03,2023-05-28,2023-02-14,2023-02-28,0.21597229526777664,0.14286575
LSTM,mean,14,2,2023-01-03,2023-05-28,2023-02-15,2023-03-01,0.21215166859896836,0.15051816
LSTM,mean,14,2,2023-01-03,2023-05-28,2023-02-16,2023-03-02,0.21049973601401512,0.15810035
LSTM,mean,14,2,2023-01-03,2023-05-28,2023-02-17,2023-03-03,0.2082040514940439,0.16646495
LSTM,mean,14,2,2023-01-03,2023-05-28,2023-02-18,2023-03-04,0.20694815678981554,0.17844339
LSTM,mean,14,2,2023-01-03,2023-05-28,2023-02-19,2023-03-05,0.20768136502872334,0.19445287
LSTM,mean,14,2,2023-01-03,2023-05-28,2023-02-20,2023-03-06,0.20786232309011618,0.221082
LSTM,mean,14,2,2023-01-03,2023-05-28,2023-02-21,2023-03-07,0.20773481544847833,0.25738725
LSTM,mean,14,2,2023-01-03,2023-05-28,2023-02-22,2023-03-08,0.21333689637919365,0.29292282
LSTM,mean,14,2,2023-01-03,2023-05-28,2023-02-23,2023-03-09,0.21279989809737174,0.31819722
LSTM,mean,14,2,2023-01-03,2023-05-28,2023-02-24,2023-03-10,0.21698834258708136,0.3341421
LSTM,mean,14,2,2023-01-03,2023-05-28,2023-02-25,2023-03-11,0.215215170033589,0.34373412
LSTM,mean,14,2,2023-01-03,2023-05-28,2023-02-26,2023-03-12,0.20583824237626644,0.3516805
LSTM,mean,14,2,2023-01-03,2023-05-28,2023-02-27,2023-03-13,0.19931064396065154,0.35270837
LSTM,mean,14,2,2023-01-03,2023-05-28,2023-02-28,2023-03-14,0.1975855284583349,0.34784502
LSTM,mean,14,2,2023-01-03,2023-05-28,2023-03-01,2023-03-15,0.1990606570935392,0.33949298
LSTM,mean,14,2,2023-01-03,2023-05-28,2023-03-02,2023-03-16,0.20000919465090947,0.33203885
LSTM,mean,14,2,2023-01-03,2023-05-28,2023-03-03,2023-03-17,0.2025320011179665,0.3260701
LSTM,mean,14,2,2023-01-03,2023-05-28,2023-03-04,2023-03-18,0.20378126585312376,0.32230127
LSTM,mean,14,2,2023-01-03,2023-05-28,2023-03-05,2023-03-19,0.20488024315801187,0.32136405
LSTM,mean,14,2,2023-01-03,2023-05-28,2023-03-06,2023-03-20,0.20501007420442569,0.3218861
LSTM,mean,14,2,2023-01-03,2023-05-28,2023-03-07,2023-03-21,0.20515605661319003,0.3228892
LSTM,mean,14,2,2023-01-03,2023-05-28,2023-03-08,2023-03-22,0.19963936801493945,0.32712168
LSTM,mean,14,2,2023-01-03,2023-05-28,2023-03-09,2023-03-23,0.1996084852361575,0.32899007
LSTM,mean,14,2,2023-01-03,2023-05-28,2023-03-10,2023-03-24,0.19253726533313897,0.33174393
LSTM,mean,14,2,2023-01-03,2023-05-28,2023-03-11,2023-03-25,0.1911493154612564,0.33125988
LSTM,mean,14,2,2023-01-03,2023-05-28,2023-03-12,2023-03-26,0.19126124187650034,0.3241677
LSTM,mean,14,2,2023-01-03,2023-05-28,2023-03-13,2023-03-27,0.19424298465331985,0.3153575
LSTM,mean,14,2,2023-01-03,2023-05-28,2023-03-14,2023-03-28,0.1980095067264458,0.30896905
LSTM,mean,14,2,2023-01-03,2023-05-28,2023-03-15,2023-03-29,0.19938491961742016,0.3064355
LSTM,mean,14,2,2023-01-03,2023-05-28,2023-03-16,2023-03-30,0.20062544157998213,0.30633718
LSTM,mean,14,2,2023-01-03,2023-05-28,2023-03-17,2023-03-31,0.20016104594891784,0.3092354
LSTM,mean,14,2,2023-01-03,2023-05-28,2023-03-18,2023-04-01,0.20351174911099515,0.31248787
LSTM,mean,14,2,2023-01-03,2023-05-28,2023-03-19,2023-04-02,0.20214826042435632,0.31521484
LSTM,mean,14,2,2023-01-03,2023-05-28,2023-03-20,2023-04-03,0.19914250831186162,0.31656325
LSTM,mean,14,2,2023-01-03,2023-05-28,2023-03-21,2023-04-04,0.19653233936547965,0.3171876
LSTM,mean,14,2,2023-01-03,2023-05-28,2023-03-22,2023-04-05,0.19480521792879854,0.31370214
LSTM,mean,14,2,2023-01-03,2023-05-28,2023-03-23,2023-04-06,0.1928996256175208,0.31183663
LSTM,mean,14,2,2023-01-03,2023-05-28,2023-03-24,2023-04-07,0.19066550376737407,0.30690897
LSTM,mean,14,2,2023-01-03,2023-05-28,2023-03-25,2023-04-08,0.19240720971495734,0.30417755
LSTM,mean,14,2,2023-01-03,2023-05-28,2023-03-26,2023-04-09,0.19402672944345603,0.30430427
LSTM,mean,14,2,2023-01-03,2023-05-28,2023-03-27,2023-04-10,0.18891200926553683,0.30867618
LSTM,mean,14,2,2023-01-03,2023-05-28,2023-03-28,2023-04-11,0.1835469660666913,0.3158724
LSTM,mean,14,2,2023-01-03,2023-05-28,2023-03-29,2023-04-12,0.17838612733512324,0.32231966
LSTM,mean,14,2,2023-01-03,2023-05-28,2023-03-30,2023-04-13,0.17470252233076958,0.3268095
LSTM,mean,14,2,2023-01-03,2023-05-28,2023-03-31,2023-04-14,0.17376978818923902,0.32793984
LSTM,mean,14,2,2023-01-03,2023-05-28,2023-04-01,2023-04-15,0.16651199277478737,0.3297374
LSTM,mean,14,2,2023-01-03,2023-05-28,2023-04-02,2023-04-16,0.16443574139053396,0.3294802
LSTM,mean,14,2,2023-01-03,2023-05-28,2023-04-03,2023-04-17,0.16142126063957302,0.3275085
LSTM,mean,14,2,2023-01-03,2023-05-28,2023-04-04,2023-04-18,0.15482817778292438,0.32530293
LSTM,mean,14,2,2023-01-03,2023-05-28,2023-04-05,2023-04-19,0.1484755790711171,0.32399815
LSTM,mean,14,2,2023-01-03,2023-05-28,2023-04-06,2023-04-20,0.14460825206274316,0.32323286
LSTM,mean,14,2,2023-01-03,2023-05-28,2023-04-07,2023-04-21,0.1425917962976612,0.32240197
LSTM,mean,14,2,2023-01-03,2023-05-28,2023-04-08,2023-04-22,0.13894437861136122,0.32376596
LSTM,mean,14,2,2023-01-03,2023-05-28,2023-04-09,2023-04-23,0.13578099385943776,0.3259372
LSTM,mean,14,2,2023-01-03,2023-05-28,2023-04-10,2023-04-24,0.13388840900415885,0.32362044
LSTM,mean,14,2,2023-01-03,2023-05-28,2023-04-11,2023-04-25,0.12807755756845032,0.31809044
LSTM,mean,14,2,2023-01-03,2023-05-28,2023-04-12,2023-04-26,0.12739152279212795,0.30973777
LSTM,mean,14,2,2023-01-03,2023-05-28,2023-04-13,2023-04-27,0.1269871034131445,0.29964542
LSTM,mean,14,2,2023-01-03,2023-05-28,2023-04-14,2023-04-28,0.12565185574623855,0.28917187
LSTM,mean,14,2,2023-01-03,2023-05-28,2023-04-15,2023-04-29,0.12401415548656683,0.27303866
LSTM,mean,14,2,2023-01-03,2023-05-28,2023-04-16,2023-04-30,0.12241402209952021,0.25570104
LSTM,mean,14,2,2023-01-03,2023-05-28,2023-04-17,2023-05-01,0.12248023391402711,0.23611647
LSTM,mean,14,2,2023-01-03,2023-05-28,2023-04-18,2023-05-02,0.11968301461128764,0.21182229
LSTM,mean,14,2,2023-01-03,2023-05-28,2023-04-19,2023-05-03,0.11920247391399154,0.1844778
LSTM,mean,14,2,2023-01-03,2023-05-28,2023-04-20,2023-05-04,0.12869314810195628,0.15948772
LSTM,mean,14,2,2023-01-03,2023-05-28,2023-04-21,2023-05-05,0.12727861493093753,0.14084221
LSTM,mean,14,2,2023-01-03,2023-05-28,2023-04-22,2023-05-06,0.12410535387905211,0.12748887
LSTM,mean,14,2,2023-01-03,2023-05-28,2023-04-23,2023-05-07,0.12238086324057137,0.11842118
LSTM,mean,14,2,2023-01-03,2023-05-28,2023-04-24,2023-05-08,0.11974234371042235,0.112570114
LSTM,mean,14,2,2023-01-03,2023-05-28,2023-04-25,2023-05-09,0.11909085695372924,0.1062053
LSTM,mean,14,2,2023-01-03,2023-05-28,2023-04-26,2023-05-10,0.11850857563278737,0.10223369
LSTM,mean,14,2,2023-01-03,2023-05-28,2023-04-27,2023-05-11,0.11672714671105766,0.10042235
LSTM,mean,14,2,2023-01-03,2023-05-28,2023-04-28,2023-05-12,0.11287294793425826,0.09922215
LSTM,mean,14,2,2023-01-03,2023-05-28,2023-04-29,2023-05-13,0.11370227981642156,0.097829185
LSTM,mean,14,2,2023-01-03,2023-05-28,2023-04-30,2023-05-14,0.10769146925493792,0.0962196
LSTM,mean,14,2,2023-01-03,2023-05-28,2023-05-01,2023-05-15,0.10006522688482046,0.09550807
LSTM,mean,14,2,2023-01-03,2023-05-28,2023-05-02,2023-05-16,0.09058666727676999,0.094029024
LSTM,mean,14,2,2023-01-03,2023-05-28,2023-05-03,2023-05-17,0.08755313597188687,0.09317496
LSTM,mean,14,2,2023-01-03,2023-05-28,2023-05-04,2023-05-18,0.07369884658663722,0.09820301
LSTM,mean,14,2,2023-01-03,2023-05-28,2023-05-05,2023-05-19,0.07230143083435724,0.10122596
LSTM,mean,14,2,2023-01-03,2023-05-28,2023-05-06,2023-05-20,0.07131694828301699,0.10066113
LSTM,mean,14,2,2023-01-03,2023-05-28,2023-05-07,2023-05-21,0.06948557446403375,0.09885515
LSTM,mean,14,2,2023-01-03,2023-05-28,2023-05-08,2023-05-22,0.06757073120006743,0.09658409
LSTM,mean,14,2,2023-01-03,2023-05-28,2023-05-09,2023-05-23,0.05917569386710269,0.09549783
LSTM,mean,14,2,2023-01-03,2023-05-28,2023-05-10,2023-05-24,0.05209589849082283,0.09544873
LSTM,mean,14,2,2023-01-03,2023-05-28,2023-05-11,2023-05-25,0.047670919141119025,0.09520354
LSTM,mean,14,2,2023-01-03,2023-05-28,2023-05-12,2023-05-26,0.04658125556350944,0.09345038
LSTM,mean,14,2,2023-01-03,2023-05-28,2023-05-13,2023-05-27,0.04447135206013668,0.09319625
LSTM,mean,14,2,2023-01-03,2023-05-28,2023-05-14,2023-05-28,0.04407432392050379,0.09066203
LSTM,mean,28,2,2023-01-03,2023-05-28,2022-12-07,2023-01-04,0.13119998475684597,0.10977419
LSTM,mean,28,2,2023-01-03,2023-05-28,2022-12-08,2023-01-05,0.1330579187921908,0.11427073
LSTM,mean,28,2,2023-01-03,2023-05-28,2022-12-09,2023-01-06,0.13395353233280147,0.1185702
LSTM,mean,28,2,2023-01-03,2023-05-28,2022-12-10,2023-01-07,0.13793955897383076,0.123287335
LSTM,mean,28,2,2023-01-03,2023-05-28,2022-12-11,2023-01-08,0.13757734032037547,0.12755108
LSTM,mean,28,2,2023-01-03,2023-05-28,2022-12-12,2023-01-09,0.137538932359555,0.1295262
LSTM,mean,28,2,2023-01-03,2023-05-28,2022-12-13,2023-01-10,0.1349375330984866,0.13020976
LSTM,mean,28,2,2023-01-03,2023-05-28,2022-12-14,2023-01-11,0.12873473178793657,0.12923878
LSTM,mean,28,2,2023-01-03,2023-05-28,2022-12-15,2023-01-12,0.12643935926596156,0.12752666
LSTM,mean,28,2,2023-01-03,2023-05-28,2022-12-16,2023-01-13,0.12475569627651519,0.12513974
LSTM,mean,28,2,2023-01-03,2023-05-28,2022-12-17,2023-01-14,0.12334854596923726,0.12203405
LSTM,mean,28,2,2023-01-03,2023-05-28,2022-12-18,2023-01-15,0.12172535321953433,0.11848056
LSTM,mean,28,2,2023-01-03,2023-05-28,2022-12-19,2023-01-16,0.1210887825476346,0.11924507
LSTM,mean,28,2,2023-01-03,2023-05-28,2022-12-20,2023-01-17,0.09533201203207389,0.118086
LSTM,mean,28,2,2023-01-03,2023-05-28,2022-12-21,2023-01-18,0.09080390954738474,0.12130899
LSTM,mean,28,2,2023-01-03,2023-05-28,2022-12-22,2023-01-19,0.08933277078886966,0.12747693
LSTM,mean,28,2,2023-01-03,2023-05-28,2022-12-23,2023-01-20,0.0894234947414365,0.13553688
LSTM,mean,28,2,2023-01-03,2023-05-28,2022-12-24,2023-01-21,0.08709602498236145,0.1457288
LSTM,mean,28,2,2023-01-03,2023-05-28,2022-12-25,2023-01-22,0.08956442529264622,0.15861309
LSTM,mean,28,2,2023-01-03,2023-05-28,2022-12-26,2023-01-23,0.09168878884599262,0.16795613
LSTM,mean,28,2,2023-01-03,2023-05-28,2022-12-27,2023-01-24,0.09713515947730808,0.17855299
LSTM,mean,28,2,2023-01-03,2023-05-28,2022-12-28,2023-01-25,0.10362311527666415,0.18972965
LSTM,mean,28,2,2023-01-03,2023-05-28,2022-12-29,2023-01-26,0.10783841826660379,0.19973572
LSTM,mean,28,2,2023-01-03,2023-05-28,2022-12-30,2023-01-27,0.1107605949713898,0.20709716
LSTM,mean,28,2,2023-01-03,2023-05-28,2022-12-31,2023-01-28,0.11350704438769905,0.21190247
LSTM,mean,28,2,2023-01-03,2023-05-28,2023-01-01,2023-01-29,0.11647464341120177,0.21827477
LSTM,mean,28,2,2023-01-03,2023-05-28,2023-01-02,2023-01-30,0.11780607670810953,0.21882553
LSTM,mean,28,2,2023-01-03,2023-05-28,2023-01-03,2023-01-31,0.1233928136144765,0.23407702
LSTM,mean,28,2,2023-01-03,2023-05-28,2023-01-04,2023-02-01,0.1253973695828701,0.24554741
LSTM,mean,28,2,2023-01-03,2023-05-28,2023-01-05,2023-02-02,0.12625975341123288,0.24656723
LSTM,mean,28,2,2023-01-03,2023-05-28,2023-01-06,2023-02-03,0.12710157132120906,0.22938433
LSTM,mean,28,2,2023-01-03,2023-05-28,2023-01-07,2023-02-04,0.1281238419664619,0.18873738
LSTM,mean,28,2,2023-01-03,2023-05-28,2023-01-08,2023-02-05,0.12826570733629353,0.14889777
LSTM,mean,28,2,2023-01-03,2023-05-28,2023-01-09,2023-02-06,0.12994488784933073,0.13276304
LSTM,mean,28,2,2023-01-03,2023-05-28,2023-01-10,2023-02-07,0.137900947961438,0.12568364
LSTM,mean,28,2,2023-01-03,2023-05-28,2023-01-11,2023-02-08,0.14042042319507123,0.12116958
LSTM,mean,28,2,2023-01-03,2023-05-28,2023-01-12,2023-02-09,0.14243525184823252,0.12295455
LSTM,mean,28,2,2023-01-03,2023-05-28,2023-01-13,2023-02-10,0.14374870051901895,0.1393044
LSTM,mean,28,2,2023-01-03,2023-05-28,2023-01-14,2023-02-11,0.14688504609151143,0.15520592
LSTM,mean,28,2,2023-01-03,2023-05-28,2023-01-15,2023-02-12,0.14982346574617986,0.1498891
LSTM,mean,28,2,2023-01-03,2023-05-28,2023-01-16,2023-02-13,0.15792497499478533,0.13483153
LSTM,mean,28,2,2023-01-03,2023-05-28,2023-01-17,2023-02-14,0.16477308104275276,0.10199027
LSTM,mean,28,2,2023-01-03,2023-05-28,2023-01-18,2023-02-15,0.16802038677162398,0.078341775
LSTM,mean,28,2,2023-01-03,2023-05-28,2023-01-19,2023-02-16,0.17093473098568812,0.06961045
LSTM,mean,28,2,2023-01-03,2023-05-28,2023-01-20,2023-02-17,0.17317749136609906,0.06990527
LSTM,mean,28,2,2023-01-03,2023-05-28,2023-01-21,2023-02-18,0.17721441091322412,0.07179858
LSTM,mean,28,2,2023-01-03,2023-05-28,2023-01-22,2023-02-19,0.1797946775138651,0.07511051
LSTM,mean,28,2,2023-01-03,2023-05-28,2023-01-23,2023-02-20,0.1854730201159898,0.07715452
LSTM,mean,28,2,2023-01-03,2023-05-28,2023-01-24,2023-02-21,0.18937877771215486,0.08009509
LSTM,mean,28,2,2023-01-03,2023-05-28,2023-01-25,2023-02-22,0.1914460965345308,0.08347966
LSTM,mean,28,2,2023-01-03,2023-05-28,2023-01-26,2023-02-23,0.19423714333841638,0.086258575
LSTM,mean,28,2,2023-01-03,2023-05-28,2023-01-27,2023-02-24,0.19901273702654224,0.08843524
LSTM,mean,28,2,2023-01-03,2023-05-28,2023-01-28,2023-02-25,0.20442983713852722,0.09040446
LSTM,mean,28,2,2023-01-03,2023-05-28,2023-01-29,2023-02-26,0.2148272730341335,0.09237987
LSTM,mean,28,2,2023-01-03,2023-05-28,2023-01-30,2023-02-27,0.2168971681216316,0.09390638
LSTM,mean,28,2,2023-01-03,2023-05-28,2023-01-31,2023-02-28,0.21597229526777664,0.09671709
LSTM,mean,28,2,2023-01-03,2023-05-28,2023-02-01,2023-03-01,0.21215166859896836,0.0989421
LSTM,mean,28,2,2023-01-03,2023-05-28,2023-02-02,2023-03-02,0.21049973601401512,0.10088729
LSTM,mean,28,2,2023-01-03,2023-05-28,2023-02-03,2023-03-03,0.2082040514940439,0.10308606
LSTM,mean,28,2,2023-01-03,2023-05-28,2023-02-04,2023-03-04,0.20694815678981554,0.106524
LSTM,mean,28,2,2023-01-03,2023-05-28,2023-02-05,2023-03-05,0.20768136502872334,0.11368814
LSTM,mean,28,2,2023-01-03,2023-05-28,2023-02-06,2023-03-06,0.20786232309011618,0.11694988
LSTM,mean,28,2,2023-01-03,2023-05-28,2023-02-07,2023-03-07,0.20773481544847833,0.13255821
LSTM,mean,28,2,2023-01-03,2023-05-28,2023-02-08,2023-03-08,0.21333689637919365,0.14783578
LSTM,mean,28,2,2023-01-03,2023-05-28,2023-02-09,2023-03-09,0.21279989809737174,0.15063852
LSTM,mean,28,2,2023-01-03,2023-05-28,2023-02-10,2023-03-10,0.21698834258708136,0.14517061
LSTM,mean,28,2,2023-01-03,2023-05-28,2023-02-11,2023-03-11,0.215215170033589,0.14298297
LSTM,mean,28,2,2023-01-03,2023-05-28,2023-02-12,2023-03-12,0.20583824237626644,0.14350288
LSTM,mean,28,2,2023-01-03,2023-05-28,2023-02-13,2023-03-13,0.19931064396065154,0.15254384
LSTM,mean,28,2,2023-01-03,2023-05-28,2023-02-14,2023-03-14,0.1975855284583349,0.17003527
LSTM,mean,28,2,2023-01-03,2023-05-28,2023-02-15,2023-03-15,0.1990606570935392,0.19171803
LSTM,mean,28,2,2023-01-03,2023-05-28,2023-02-16,2023-03-16,0.20000919465090947,0.21396288
LSTM,mean,28,2,2023-01-03,2023-05-28,2023-02-17,2023-03-17,0.2025320011179665,0.2331044
LSTM,mean,28,2,2023-01-03,2023-05-28,2023-02-18,2023-03-18,0.20378126585312376,0.24896193
LSTM,mean,28,2,2023-01-03,2023-05-28,2023-02-19,2023-03-19,0.20488024315801187,0.26094234
LSTM,mean,28,2,2023-01-03,2023-05-28,2023-02-20,2023-03-20,0.20501007420442569,0.271176
LSTM,mean,28,2,2023-01-03,2023-05-28,2023-02-21,2023-03-21,0.20515605661319003,0.2788233
LSTM,mean,28,2,2023-01-03,2023-05-28,2023-02-22,2023-03-22,0.19963936801493945,0.28368288
LSTM,mean,28,2,2023-01-03,2023-05-28,2023-02-23,2023-03-23,0.1996084852361575,0.28690538
LSTM,mean,28,2,2023-01-03,2023-05-28,2023-02-24,2023-03-24,0.19253726533313897,0.29015172
LSTM,mean,28,2,2023-01-03,2023-05-28,2023-02-25,2023-03-25,0.1911493154612564,0.29433727
LSTM,mean,28,2,2023-01-03,2023-05-28,2023-02-26,2023-03-26,0.19126124187650034,0.30158597
LSTM,mean,28,2,2023-01-03,2023-05-28,2023-02-27,2023-03-27,0.19424298465331985,0.3056346
LSTM,mean,28,2,2023-01-03,2023-05-28,2023-02-28,2023-03-28,0.1980095067264458,0.30549258
LSTM,mean,28,2,2023-01-03,2023-05-28,2023-03-01,2023-03-29,0.19938491961742016,0.30036178
LSTM,mean,28,2,2023-01-03,2023-05-28,2023-03-02,2023-03-30,0.20062544157998213,0.29262146
LSTM,mean,28,2,2023-01-03,2023-05-28,2023-03-03,2023-03-31,0.20016104594891784,0.2829987
LSTM,mean,28,2,2023-01-03,2023-05-28,2023-03-04,2023-04-01,0.20351174911099515,0.27364278
LSTM,mean,28,2,2023-01-03,2023-05-28,2023-03-05,2023-04-02,0.20214826042435632,0.2648645
LSTM,mean,28,2,2023-01-03,2023-05-28,2023-03-06,2023-04-03,0.19914250831186162,0.2558501
LSTM,mean,28,2,2023-01-03,2023-05-28,2023-03-07,2023-04-04,0.19653233936547965,0.24643008
LSTM,mean,28,2,2023-01-03,2023-05-28,2023-03-08,2023-04-05,0.19480521792879854,0.23916018
LSTM,mean,28,2,2023-01-03,2023-05-28,2023-03-09,2023-04-06,0.1928996256175208,0.2304864
LSTM,mean,28,2,2023-01-03,2023-05-28,2023-03-10,2023-04-07,0.19066550376737407,0.22277942
LSTM,mean,28,2,2023-01-03,2023-05-28,2023-03-11,2023-04-08,0.19240720971495734,0.21363729
LSTM,mean,28,2,2023-01-03,2023-05-28,2023-03-12,2023-04-09,0.19402672944345603,0.19859415
LSTM,mean,28,2,2023-01-03,2023-05-28,2023-03-13,2023-04-10,0.18891200926553683,0.18020257
LSTM,mean,28,2,2023-01-03,2023-05-28,2023-03-14,2023-04-11,0.1835469660666913,0.16342978
LSTM,mean,28,2,2023-01-03,2023-05-28,2023-03-15,2023-04-12,0.17838612733512324,0.15222628
LSTM,mean,28,2,2023-01-03,2023-05-28,2023-03-16,2023-04-13,0.17470252233076958,0.14673406
LSTM,mean,28,2,2023-01-03,2023-05-28,2023-03-17,2023-04-14,0.17376978818923902,0.14711675
LSTM,mean,28,2,2023-01-03,2023-05-28,2023-03-18,2023-04-15,0.16651199277478737,0.15010293
LSTM,mean,28,2,2023-01-03,2023-05-28,2023-03-19,2023-04-16,0.16443574139053396,0.15393311
LSTM,mean,28,2,2023-01-03,2023-05-28,2023-03-20,2023-04-17,0.16142126063957302,0.15696248
LSTM,mean,28,2,2023-01-03,2023-05-28,2023-03-21,2023-04-18,0.15482817778292438,0.15900819
LSTM,mean,28,2,2023-01-03,2023-05-28,2023-03-22,2023-04-19,0.1484755790711171,0.15664881
LSTM,mean,28,2,2023-01-03,2023-05-28,2023-03-23,2023-04-20,0.14460825206274316,0.15383244
LSTM,mean,28,2,2023-01-03,2023-05-28,2023-03-24,2023-04-21,0.1425917962976612,0.1471078
LSTM,mean,28,2,2023-01-03,2023-05-28,2023-03-25,2023-04-22,0.13894437861136122,0.14105357
LSTM,mean,28,2,2023-01-03,2023-05-28,2023-03-26,2023-04-23,0.13578099385943776,0.13741235
LSTM,mean,28,2,2023-01-03,2023-05-28,2023-03-27,2023-04-24,0.13388840900415885,0.13837744
LSTM,mean,28,2,2023-01-03,2023-05-28,2023-03-28,2023-04-25,0.12807755756845032,0.14348663
LSTM,mean,28,2,2023-01-03,2023-05-28,2023-03-29,2023-04-26,0.12739152279212795,0.15134503
LSTM,mean,28,2,2023-01-03,2023-05-28,2023-03-30,2023-04-27,0.1269871034131445,0.1606158
LSTM,mean,28,2,2023-01-03,2023-05-28,2023-03-31,2023-04-28,0.12565185574623855,0.1660207
LSTM,mean,28,2,2023-01-03,2023-05-28,2023-04-01,2023-04-29,0.12401415548656683,0.1687493
LSTM,mean,28,2,2023-01-03,2023-05-28,2023-04-02,2023-04-30,0.12241402209952021,0.16854033
LSTM,mean,28,2,2023-01-03,2023-05-28,2023-04-03,2023-05-01,0.12248023391402711,0.16663346
LSTM,mean,28,2,2023-01-03,2023-05-28,2023-04-04,2023-05-02,0.11968301461128764,0.16418652
LSTM,mean,28,2,2023-01-03,2023-05-28,2023-04-05,2023-05-03,0.11920247391399154,0.16253932
LSTM,mean,28,2,2023-01-03,2023-05-28,2023-04-06,2023-05-04,0.12869314810195628,0.16187693
LSTM,mean,28,2,2023-01-03,2023-05-28,2023-04-07,2023-05-05,0.12727861493093753,0.16230923
LSTM,mean,28,2,2023-01-03,2023-05-28,2023-04-08,2023-05-06,0.12410535387905211,0.16610476
LSTM,mean,28,2,2023-01-03,2023-05-28,2023-04-09,2023-05-07,0.12238086324057137,0.17179392
LSTM,mean,28,2,2023-01-03,2023-05-28,2023-04-10,2023-05-08,0.11974234371042235,0.17269856
LSTM,mean,28,2,2023-01-03,2023-05-28,2023-04-11,2023-05-09,0.11909085695372924,0.16774832
LSTM,mean,28,2,2023-01-03,2023-05-28,2023-04-12,2023-05-10,0.11850857563278737,0.15575698
LSTM,mean,28,2,2023-01-03,2023-05-28,2023-04-13,2023-05-11,0.11672714671105766,0.1413672
LSTM,mean,28,2,2023-01-03,2023-05-28,2023-04-14,2023-05-12,0.11287294793425826,0.13018368
LSTM,mean,28,2,2023-01-03,2023-05-28,2023-04-15,2023-05-13,0.11370227981642156,0.119635835
LSTM,mean,28,2,2023-01-03,2023-05-28,2023-04-16,2023-05-14,0.10769146925493792,0.11294449
LSTM,mean,28,2,2023-01-03,2023-05-28,2023-04-17,2023-05-15,0.10006522688482046,0.10813441
LSTM,mean,28,2,2023-01-03,2023-05-28,2023-04-18,2023-05-16,0.09058666727676999,0.10292297
LSTM,mean,28,2,2023-01-03,2023-05-28,2023-04-19,2023-05-17,0.08755313597188687,0.09809953
LSTM,mean,28,2,2023-01-03,2023-05-28,2023-04-20,2023-05-18,0.07369884658663722,0.09500497
LSTM,mean,28,2,2023-01-03,2023-05-28,2023-04-21,2023-05-19,0.07230143083435724,0.09343095
LSTM,mean,28,2,2023-01-03,2023-05-28,2023-04-22,2023-05-20,0.07131694828301699,0.09173149
LSTM,mean,28,2,2023-01-03,2023-05-28,2023-04-23,2023-05-21,0.06948557446403375,0.09027459
LSTM,mean,28,2,2023-01-03,2023-05-28,2023-04-24,2023-05-22,0.06757073120006743,0.089527056
LSTM,mean,28,2,2023-01-03,2023-05-28,2023-04-25,2023-05-23,0.05917569386710269,0.08763165
LSTM,mean,28,2,2023-01-03,2023-05-28,2023-04-26,2023-05-24,0.05209589849082283,0.087539434
LSTM,mean,28,2,2023-01-03,2023-05-28,2023-04-27,2023-05-25,0.047670919141119025,0.088278316
LSTM,mean,28,2,2023-01-03,2023-05-28,2023-04-28,2023-05-26,0.04658125556350944,0.08888877
LSTM,mean,28,2,2023-01-03,2023-05-28,2023-04-29,2023-05-27,0.04447135206013668,0.089124344
LSTM,mean,28,2,2023-01-03,2023-05-28,2023-04-30,2023-05-28,0.04407432392050379,0.08914466
LSTM,variance,14,2,2023-01-03,2023-05-28,2022-12-21,2023-01-04,0.01410821888736354,0.001693184
LSTM,variance,14,2,2023-01-03,2023-05-28,2022-12-22,2023-01-05,0.013977094085634316,0.0016334873
LSTM,variance,14,2,2023-01-03,2023-05-28,2022-12-23,2023-01-06,0.013856337648433355,0.0015733237
LSTM,variance,14,2,2023-01-03,2023-05-28,2022-12-24,2023-01-07,0.013540425995162305,0.0015195038
LSTM,variance,14,2,2023-01-03,2023-05-28,2022-12-25,2023-01-08,0.01358411706323885,0.0014618651
LSTM,variance,14,2,2023-01-03,2023-05-28,2022-12-26,2023-01-09,0.013587622833462059,0.0014044982
LSTM,variance,14,2,2023-01-03,2023-05-28,2022-12-27,2023-01-10,0.013587371379271542,0.0014600257
LSTM,variance,14,2,2023-01-03,2023-05-28,2022-12-28,2023-01-11,0.014054198559657952,0.0016019046
LSTM,variance,14,2,2023-01-03,2023-05-28,2022-12-29,2023-01-12,0.01441711859036465,0.001732579
LSTM,variance,14,2,2023-01-03,2023-05-28,2022-12-30,2023-01-13,0.014664873758386522,0.0017811814
LSTM,variance,14,2,2023-01-03,2023-05-28,2022-12-31,2023-01-14,0.014847089297213723,0.0017443422
LSTM,variance,14,2,2023-01-03,2023-05-28,2023-01-01,2023-01-15,0.01497553619448874,0.0016470901
LSTM,variance,14,2,2023-01-03,2023-05-28,2023-01-02,2023-01-16,0.014998479763620811,0.0015421326
LSTM,variance,14,2,2023-01-03,2023-05-28,2023-01-03,2023-01-17,0.00209037080865733,0.0068367315
LSTM,variance,14,2,2023-01-03,2023-05-28,2023-01-04,2023-01-18,0.001361984394026094,0.010146399
LSTM,variance,14,2,2023-01-03,2023-05-28,2023-01-05,2023-01-19,0.0013239581445218182,0.011033681
LSTM,variance,14,2,2023-01-03,2023-05-28,2023-01-06,2023-01-20,0.0013216976680049258,0.01089686
LSTM,variance,14,2,2023-01-03,2023-05-28,2023-01-07,2023-01-21,0.0012089057894027844,0.010626863
LSTM,variance,14,2,2023-01-03,2023-05-28,2023-01-08,2023-01-22,0.0012523368697202693,0.010512409
LSTM,variance,14,2,2023-01-03,2023-05-28,2023-01-09,2023-01-23,0.0013399794196054101,0.01057173
LSTM,variance,14,2,2023-01-03,2023-05-28,2023-01-10,2023-01-24,0.00206476827235035,0.0106358435
LSTM,variance,14,2,2023-01-03,2023-05-28,2023-01-11,2023-01-25,0.0020439554176754234,0.0107947765
LSTM,variance,14,2,2023-01-03,2023-05-28,2023-01-12,2023-01-26,0.001697930807957437,0.010999372
LSTM,variance,14,2,2023-01-03,2023-05-28,2023-01-13,2023-01-27,0.0014250694486787657,0.011256587
LSTM,variance,14,2,2023-01-03,2023-05-28,2023-01-14,2023-01-28,0.0011953841768856182,0.011577002
LSTM,variance,14,2,2023-01-03,2023-05-28,2023-01-15,2023-01-29,0.0010689359961598146,0.011989581
LSTM,variance,14,2,2023-01-03,2023-05-28,2023-01-16,2023-01-30,0.0010471321364303725,0.0125887375
LSTM,variance,14,2,2023-01-03,2023-05-28,2023-01-17,2023-01-31,0.0019989325845159835,0.009417424
LSTM,variance,14,2,2023-01-03,2023-05-28,2023-01-18,2023-02-01,0.0021098605951646,0.0051102047
LSTM,variance,14,2,2023-01-03,2023-05-28,2023-01-19,2023-02-02,0.0020578140122410105,0.0017623561
LSTM,variance,14,2,2023-01-03,2023-05-28,2023-01-20,2023-02-03,0.0019810401922403216,0.0009042818
LSTM,variance,14,2,2023-01-03,2023-05-28,2023-01-21,2023-02-04,0.0019238161167338748,0.0009772072
LSTM,variance,14,2,2023-01-03,2023-05-28,2023-01-22,2023-02-05,0.0019197144337747363,0.0008208637
LSTM,variance,14,2,2023-01-03,2023-05-28,2023-01-23,2023-02-06,0.001946118658936765,0.0006489143
LSTM,variance,14,2,2023-01-03,2023-05-28,2023-01-24,2023-02-07,0.003935486338730065,0.00069142616
LSTM,variance,14,2,2023-01-03,2023-05-28,2023-01-25,2023-02-08,0.0040591092652399385,0.0007411006
LSTM,variance,14,2,2023-01-03,2023-05-28,2023-01-26,2023-02-09,0.00392805976740679,0.00072514726
LSTM,variance,14,2,2023-01-03,2023-05-28,2023-01-27,2023-02-10,0.003793694432395122,0.000680132
LSTM,variance,14,2,2023-01-03,2023-05-28,2023-01-28,2023-02-11,0.0035854202665136824,0.0006326063
LSTM,variance,14,2,2023-01-03,2023-05-28,2023-01-29,2023-02-12,0.0035107119506071023,0.0005965537
LSTM,variance,14,2,2023-01-03,2023-05-28,2023-01-30,2023-02-13,0.0038892503850140475,0.0005795289
LSTM,variance,14,2,2023-01-03,2023-05-28,2023-01-31,2023-02-14,0.005738777998180827,0.00069388776
LSTM,variance,14,2,2023-01-03,2023-05-28,2023-02-01,2023-02-15,0.005881837355311041,0.0007800042
LSTM,variance,14,2,2023-01-03,2023-05-28,2023-02-02,2023-02-16,0.005597910925387146,0.0008345133
LSTM,variance,14,2,2023-01-03,2023-05-28,2023-02-03,2023-02-17,0.005278483943853338,0.00090471806
LSTM,variance,14,2,2023-01-03,2023-05-28,2023-02-04,2023-02-18,0.004946700066763167,0.0013108454
LSTM,variance,14,2,2023-01-03,2023-05-28,2023-02-05,2023-02-19,0.004698399379641799,0.0049376786
LSTM,variance,14,2,2023-01-03,2023-05-28,2023-02-06,2023-02-20,0.004762911125354364,0.0047987774
LSTM,variance,14,2,2023-01-03,2023-05-28,2023-02-07,2023-02-21,0.005987939685225045,0.0055035376
LSTM,variance,14,2,2023-01-03,2023-05-28,2023-02-08,2023-02-22,0.006004133588549204,0.006197554
LSTM,variance,14,2,2023-01-03,2023-05-28,2023-02-09,2023-02-23,0.0057157568679018535,0.0066580833
LSTM,variance,14,2,2023-01-03,2023-05-28,2023-02-10,2023-02-24,0.005114999636304052,0.006841777
LSTM,variance,14,2,2023-01-03,2023-05-28,2023-02-11,2023-02-25,0.004795751371492218,0.006771866
LSTM,variance,14,2,2023-01-03,2023-05-28,2023-02-12,2023-02-26,0.005249740815218631,0.0065665664
LSTM,variance,14,2,2023-01-03,2023-05-28,2023-02-13,2023-02-27,0.005387524000524584,0.006579291
LSTM,variance,14,2,2023-01-03,2023-05-28,2023-02-14,2023-02-28,0.0051648731569177075,0.007487041
LSTM,variance,14,2,2023-01-03,2023-05-28,2023-02-15,2023-03-01,0.005421820774288643,0.00836212
LSTM,variance,14,2,2023-01-03,2023-05-28,2023-02-16,2023-03-02,0.005700212646876858,0.00901472
LSTM,variance,14,2,2023-01-03,2023-05-28,2023-02-17,2023-03-03,0.006213420104379433,0.009361247
LSTM,variance,14,2,2023-01-03,2023-05-28,2023-02-18,2023-03-04,0.006351568470793623,0.009362846
LSTM,variance,14,2,2023-01-03,2023-05-28,2023-02-19,2023-03-05,0.006272142660578841,0.009118879
LSTM,variance,14,2,2023-01-03,2023-05-28,2023-02-20,2023-03-06,0.006280386724020392,0.009047663
LSTM,variance,14,2,2023-01-03,2023-05-28,2023-02-21,2023-03-07,0.006238725943864246,0.009456098
LSTM,variance,14,2,2023-01-03,2023-05-28,2023-02-22,2023-03-08,0.006687573013824126,0.0096854195
LSTM,variance,14,2,2023-01-03,2023-05-28,2023-02-23,2023-03-09,0.006748201900422893,0.009639618
LSTM,variance,14,2,2023-01-03,2023-05-28,2023-02-24,2023-03-10,0.006622564140735866,0.009064086
LSTM,variance,14,2,2023-01-03,2023-05-28,2023-02-25,2023-03-11,0.0066845676019027436,0.007864095
LSTM,variance,14,2,2023-01-03,2023-05-28,2023-02-26,2023-03-12,0.006149002117065159,0.0062398547
LSTM,variance,14,2,2023-01-03,2023-05-28,2023-02-27,2023-03-13,0.005966381604316955,0.006267344
LSTM,variance,14,2,2023-01-03,2023-05-28,2023-02-28,2023-03-14,0.005553175898119443,0.006155544
LSTM,variance,14,2,2023-01-03,2023-05-28,2023-03-01,2023-03-15,0.005451810237544732,0.0056772684
LSTM,variance,14,2,2023-01-03,2023-05-28,2023-03-02,2023-03-16,0.00530598731497899,0.0046432237
LSTM,variance,14,2,2023-01-03,2023-05-28,2023-03-03,2023-03-17,0.00479455651847808,0.003453955
LSTM,variance,14,2,2023-01-03,2023-05-28,2023-03-04,2023-03-18,0.0046689041484329254,0.0030061733
LSTM,variance,14,2,2023-01-03,2023-05-28,2023-03-05,2023-03-19,0.004587276960194912,0.002903157
LSTM,variance,14,2,2023-01-03,2023-05-28,2023-03-06,2023-03-20,0.004594590584099251,0.003064555
LSTM,variance,14,2,2023-01-03,2023-05-28,2023-03-07,2023-03-21,0.0046431821360749465,0.0033052573
LSTM,variance,14,2,2023-01-03,2023-05-28,2023-03-08,2023-03-22,0.004097376122240011,0.0037201701
LSTM,variance,14,2,2023-01-03,2023-05-28,2023-03-09,2023-03-23,0.004100233023052159,0.0039068274
LSTM,variance,14,2,2023-01-03,2023-05-28,2023-03-10,2023-03-24,0.0043330288842706385,0.0036562968
LSTM,variance,14,2,2023-01-03,2023-05-28,2023-03-11,2023-03-25,0.004375192753155864,0.003314514
LSTM,variance,14,2,2023-01-03,2023-05-28,2023-03-12,2023-03-26,0.004370608573178553,0.0030115545
LSTM,variance,14,2,2023-01-03,2023-05-28,2023-03-13,2023-03-27,0.004357703208243143,0.0031231008
LSTM,variance,14,2,2023-01-03,2023-05-28,2023-03-14,2023-03-28,0.005394636222663901,0.0032979737
LSTM,variance,14,2,2023-01-03,2023-05-28,2023-03-15,2023-03-29,0.005358126036818591,0.003388209
LSTM,variance,14,2,2023-01-03,2023-05-28,2023-03-16,2023-03-30,0.005207101111412857,0.002998103
LSTM,variance,14,2,2023-01-03,2023-05-28,2023-03-17,2023-03-31,0.005285954919827376,0.0024409182
LSTM,variance,14,2,2023-01-03,2023-05-28,2023-03-18,2023-04-01,0.005190848186896512,0.0021396254
LSTM,variance,14,2,2023-01-03,2023-05-28,2023-03-19,2023-04-02,0.0052931524122088475,0.0019277533
LSTM,variance,14,2,2023-01-03,2023-05-28,2023-03-20,2023-04-03,0.005226325921055689,0.0017999519
LSTM,variance,14,2,2023-01-03,2023-05-28,2023-03-21,2023-04-04,0.004413747437351598,0.0017285474
LSTM,variance,14,2,2023-01-03,2023-05-28,2023-03-22,2023-04-05,0.004406465938446449,0.0015791063
LSTM,variance,14,2,2023-01-03,2023-05-28,2023-03-23,2023-04-06,0.004614695814727953,0.0015144489
LSTM,variance,14,2,2023-01-03,2023-05-28,2023-03-24,2023-04-07,0.004981040080823889,0.0015336795
LSTM,variance,14,2,2023-01-03,2023-05-28,2023-03-25,2023-04-08,0.005350118070173534,0.0015438037
LSTM,variance,14,2,2023-01-03,2023-05-28,2023-03-26,2023-04-09,0.005799295741320632,0.0015389255
LSTM,variance,14,2,2023-01-03,2023-05-28,2023-03-27,2023-04-10,0.005916947687037184,0.0015443693
LSTM,variance,14,2,2023-01-03,2023-05-28,2023-03-28,2023-04-11,0.004373089043601865,0.0017892356
LSTM,variance,14,2,2023-01-03,2023-05-28,2023-03-29,2023-04-12,0.004552471047613717,0.0019838403
LSTM,variance,14,2,2023-01-03,2023-05-28,2023-03-30,2023-04-13,0.004926034234814292,0.0021158198
LSTM,variance,14,2,2023-01-03,2023-05-28,2023-03-31,2023-04-14,0.005051241543176424,0.0022868754
LSTM,variance,14,2,2023-01-03,2023-05-28,2023-04-01,2023-04-15,0.005076176914310933,0.00235742
LSTM,variance,14,2,2023-01-03,2023-05-28,2023-04-02,2023-04-16,0.005164429150880912,0.0024034437
LSTM,variance,14,2,2023-01-03,2023-05-28,2023-04-03,2023-04-17,0.005105813588320843,0.0024317815
LSTM,variance,14,2,2023-01-03,2023-05-28,2023-04-04,2023-04-18,0.0032872588661538847,0.0022969353
LSTM,variance,14,2,2023-01-03,2023-05-28,2023-04-05,2023-04-19,0.0033459031789576724,0.0023205902
LSTM,variance,14,2,2023-01-03,2023-05-28,2023-04-06,2023-04-20,0.00368313282478152,0.0023985878
LSTM,variance,14,2,2023-01-03,2023-05-28,2023-04-07,2023-04-21,0.003928130688982293,0.0026682022
LSTM,variance,14,2,2023-01-03,2023-05-28,2023-04-08,2023-04-22,0.0037737339900187753,0.003187223
LSTM,variance,14,2,2023-01-03,2023-05-28,2023-04-09,2023-04-23,0.0036235448032591574,0.0040802956
LSTM,variance,14,2,2023-01-03,2023-05-28,2023-04-10,2023-04-24,0.00361475872005167,0.0048111547
LSTM,variance,14,2,2023-01-03,2023-05-28,2023-04-11,2023-04-25,0.002184573627524891,0.003959519
LSTM,variance,14,2,2023-01-03,2023-05-28,2023-04-12,2023-04-26,0.00218230720335326,0.003161891
LSTM,variance,14,2,2023-01-03,2023-05-28,2023-04-13,2023-04-27,0.002201521184075938,0.002731091
LSTM,variance,14,2,2023-01-03,2023-05-28,2023-04-14,2023-04-28,0.002283633514188615,0.0024230485
LSTM,variance,14,2,2023-01-03,2023-05-28,2023-04-15,2023-04-29,0.0023234131488484846,0.0022537876
LSTM,variance,14,2,2023-01-03,2023-05-28,2023-04-16,2023-04-30,0.0023264473289880726,0.0022387337
LSTM,variance,14,2,2023-01-03,2023-05-28,2023-04-17,2023-05-01,0.0023309780661241375,0.0022665176
LSTM,variance,14,2,2023-01-03,2023-05-28,2023-04-18,2023-05-02,0.0017024424015982926,0.0017722931
LSTM,variance,14,2,2023-01-03,2023-05-28,2023-04-19,2023-05-03,0.0017164164630458381,0.0014572236
LSTM,variance,14,2,2023-01-03,2023-05-28,2023-04-20,2023-05-04,0.0022449985957085482,0.0014040241
LSTM,variance,14,2,2023-01-03,2023-05-28,2023-04-21,2023-05-05,0.002434117051600291,0.0014916861
LSTM,variance,14,2,2023-01-03,2023-05-28,2023-04-22,2023-05-06,0.0027945078415877525,0.0016290947
LSTM,variance,14,2,2023-01-03,2023-05-28,2023-04-23,2023-05-07,0.002945521676022941,0.0016897431
LSTM,variance,14,2,2023-01-03,2023-05-28,2023-04-24,2023-05-08,0.0030352514088160085,0.001560465
LSTM,variance,14,2,2023-01-03,2023-05-28,2023-04-25,2023-05-09,0.0029221512300719506,0.0011940682
LSTM,variance,14,2,2023-01-03,2023-05-28,2023-04-26,2023-05-10,0.0029201565731909887,0.0010551118
LSTM,variance,14,2,2023-01-03,2023-05-28,2023-04-27,2023-05-11,0.0030267759339044136,0.0010190505
LSTM,variance,14,2,2023-01-03,2023-05-28,2023-04-28,2023-05-12,0.003469722637240997,0.0009886958
LSTM,variance,14,2,2023-01-03,2023-05-28,2023-04-29,2023-05-13,0.003748434687887697,0.0011244547
LSTM,variance,14,2,2023-01-03,2023-05-28,2023-04-30,2023-05-14,0.004251586410145018,0.0014681036
LSTM,variance,14,2,2023-01-03,2023-05-28,2023-05-01,2023-05-15,0.004231232803245079,0.001422763
LSTM,variance,14,2,2023-01-03,2023-05-28,2023-05-02,2023-05-16,0.0032271932945841454,0.0012637443
LSTM,variance,14,2,2023-01-03,2023-05-28,2023-05-03,2023-05-17,0.003268011195866026,0.0012779268
LSTM,variance,14,2,2023-01-03,2023-05-28,2023-05-04,2023-05-18,0.0019003479654947225,0.0016345652
LSTM,variance,14,2,2023-01-03,2023-05-28,2023-05-05,2023-05-19,0.0019792890855835406,0.0026801657
LSTM,variance,14,2,2023-01-03,2023-05-28,2023-05-06,2023-05-20,0.002037859560430341,0.0057752808
LSTM,variance,14,2,2023-01-03,2023-05-28,2023-05-07,2023-05-21,0.0020846462426385016,0.006292444
LSTM,variance,14,2,2023-01-03,2023-05-28,2023-05-08,2023-05-22,0.002060466517346898,0.0064415527
LSTM,variance,14,2,2023-01-03,2023-05-28,2023-05-09,2023-05-23,0.0006504957334531436,0.00632472
LSTM,variance,14,2,2023-01-03,2023-05-28,2023-05-10,2023-05-24,0.00042562192448935453,0.0060602073
LSTM,variance,14,2,2023-01-03,2023-05-28,2023-05-11,2023-05-25,0.0004379478899304734,0.005778375
LSTM,variance,14,2,2023-01-03,2023-05-28,2023-05-12,2023-05-26,0.00048456845616984284,0.005721322
LSTM,variance,14,2,2023-01-03,2023-05-28,2023-05-13,2023-05-27,0.0005096176586510186,0.0058707166
LSTM,variance,14,2,2023-01-03,2023-05-28,2023-05-14,2023-05-28,0.0005216407194755927,0.006386126
LSTM,variance,28,2,2023-01-03,2023-05-28,2022-12-07,2023-01-04,0.01410821888736354,0.0019337115
LSTM,variance,28,2,2023-01-03,2023-05-28,2022-12-08,2023-01-05,0.013977094085634316,0.0022400885
LSTM,variance,28,2,2023-01-03,2023-05-28,2022-12-09,2023-01-06,0.013856337648433355,0.0023637824
LSTM,variance,28,2,2023-01-03,2023-05-28,2022-12-10,2023-01-07,0.013540425995162305,0.0023169245
LSTM,variance,28,2,2023-01-03,2023-05-28,2022-12-11,2023-01-08,0.01358411706323885,0.00220315
LSTM,variance,28,2,2023-01-03,2023-05-28,2022-12-12,2023-01-09,0.013587622833462059,0.0020946309
LSTM,variance,28,2,2023-01-03,2023-05-28,2022-12-13,2023-01-10,0.013587371379271542,0.0020779313
LSTM,variance,28,2,2023-01-03,2023-05-28,2022-12-14,2023-01-11,0.014054198559657952,0.0021170692
LSTM,variance,28,2,2023-01-03,2023-05-28,2022-12-15,2023-01-12,0.01441711859036465,0.0021525766
LSTM,variance,28,2,2023-01-03,2023-05-28,2022-12-16,2023-01-13,0.014664873758386522,0.002179968
LSTM,variance,28,2,2023-01-03,2023-05-28,2022-12-17,2023-01-14,0.014847089297213723,0.00220936
LSTM,variance,28,2,2023-01-03,2023-05-28,2022-12-18,2023-01-15,0.01497553619448874,0.0022279387
LSTM,variance,28,2,2023-01-03,2023-05-28,2022-12-19,2023-01-16,0.014998479763620811,0.002272211
LSTM,variance,28,2,2023-01-03,2023-05-28,2022-12-20,2023-01-17,0.00209037080865733,0.0019723997
LSTM,variance,28,2,2023-01-03,2023-05-28,2022-12-21,2023-01-18,0.001361984394026094,0.0018823033
LSTM,variance,28,2,2023-01-03,2023-05-28,2022-12-22,2023-01-19,0.0013239581445218182,0.0018341757
LSTM,variance,28,2,2023-01-03,2023-05-28,2022-12-23,2023-01-20,0.0013216976680049258,0.0017855057
LSTM,variance,28,2,2023-01-03,2023-05-28,2022-12-24,2023-01-21,0.0012089057894027844,0.0017375449
LSTM,variance,28,2,2023-01-03,2023-05-28,2022-12-25,2023-01-22,0.0012523368697202693,0.0016806121
LSTM,variance,28,2,2023-01-03,2023-05-28,2022-12-26,2023-01-23,0.0013399794196054101,0.0015985785
LSTM,variance,28,2,2023-01-03,2023-05-28,2022-12-27,2023-01-24,0.00206476827235035,0.0017171688
LSTM,variance,28,2,2023-01-03,2023-05-28,2022-12-28,2023-01-25,0.0020439554176754234,0.0019735596
LSTM,variance,28,2,2023-01-03,2023-05-28,2022-12-29,2023-01-26,0.001697930807957437,0.0022064701
LSTM,variance,28,2,2023-01-03,2023-05-28,2022-12-30,2023-01-27,0.0014250694486787657,0.0023174977
LSTM,variance,28,2,2023-01-03,2023-05-28,2022-12-31,2023-01-28,0.0011953841768856182,0.0023118055
LSTM,variance,28,2,2023-01-03,2023-05-28,2023-01-01,2023-01-29,0.0010689359961598146,0.0022255976
LSTM,variance,28,2,2023-01-03,2023-05-28,2023-01-02,2023-01-30,0.0010471321364303725,0.0021274467
LSTM,variance,28,2,2023-01-03,2023-05-28,2023-01-03,2023-01-31,0.0019989325845159835,0.01057252
LSTM,variance,28,2,2023-01-03,2023-05-28,2023-01-04,2023-02-01,0.0021098605951646,0.015184282
LSTM,variance,28,2,2023-01-03,2023-05-28,2023-01-05,2023-02-02,0.0020578140122410105,0.01712762
LSTM,variance,28,2,2023-01-03,2023-05-28,2023-01-06,2023-02-03,0.0019810401922403216,0.017606663
LSTM,variance,28,2,2023-01-03,2023-05-28,2023-01-07,2023-02-04,0.0019238161167338748,0.016927514
LSTM,variance,28,2,2023-01-03,2023-05-28,2023-01-08,2023-02-05,0.0019197144337747363,0.015568868
LSTM,variance,28,2,2023-01-03,2023-05-28,2023-01-09,2023-02-06,0.001946118658936765,0.013678243
LSTM,variance,28,2,2023-01-03,2023-05-28,2023-01-10,2023-02-07,0.003935486338730065,0.011508962
LSTM,variance,28,2,2023-01-03,2023-05-28,2023-01-11,2023-02-08,0.0040591092652399385,0.009389981
LSTM,variance,28,2,2023-01-03,2023-05-28,2023-01-12,2023-02-09,0.00392805976740679,0.0077003534
LSTM,variance,28,2,2023-01-03,2023-05-28,2023-01-13,2023-02-10,0.003793694432395122,0.0066954
LSTM,variance,28,2,2023-01-03,2023-05-28,2023-01-14,2023-02-11,0.0035854202665136824,0.0062251617
LSTM,variance,28,2,2023-01-03,2023-05-28,2023-01-15,2023-02-12,0.0035107119506071023,0.0060311803
LSTM,variance,28,2,2023-01-03,2023-05-28,2023-01-16,2023-02-13,0.0038892503850140475,0.005937623
LSTM,variance,28,2,2023-01-03,2023-05-28,2023-01-17,2023-02-14,0.005738777998180827,0.0025375441
LSTM,variance,28,2,2023-01-03,2023-05-28,2023-01-18,2023-02-15,0.005881837355311041,0.0011996055
LSTM,variance,28,2,2023-01-03,2023-05-28,2023-01-19,2023-02-16,0.005597910925387146,0.00028531524
LSTM,variance,28,2,2023-01-03,2023-05-28,2023-01-20,2023-02-17,0.005278483943853338,-0.0002740811
LSTM,variance,28,2,2023-01-03,2023-05-28,2023-01-21,2023-02-18,0.004946700066763167,-0.0005347173
LSTM,variance,28,2,2023-01-03,2023-05-28,2023-01-22,2023-02-19,0.004698399379641799,-0.00059191283
LSTM,variance,28,2,2023-01-03,2023-05-28,2023-01-23,2023-02-20,0.004762911125354364,-0.000577363
LSTM,variance,28,2,2023-01-03,2023-05-28,2023-01-24,2023-02-21,0.005987939685225045,-0.00039756097
LSTM,variance,28,2,2023-01-03,2023-05-28,2023-01-25,2023-02-22,0.006004133588549204,-0.0002785717
LSTM,variance,28,2,2023-01-03,2023-05-28,2023-01-26,2023-02-23,0.0057157568679018535,-0.00024374234
LSTM,variance,28,2,2023-01-03,2023-05-28,2023-01-27,2023-02-24,0.005114999636304052,-0.00024111042
LSTM,variance,28,2,2023-01-03,2023-05-28,2023-01-28,2023-02-25,0.004795751371492218,-0.0002615299
LSTM,variance,28,2,2023-01-03,2023-05-28,2023-01-29,2023-02-26,0.005249740815218631,-0.00027688322
LSTM,variance,28,2,2023-01-03,2023-05-28,2023-01-30,2023-02-27,0.005387524000524584,-0.00026350617
LSTM,variance,28,2,2023-01-03,2023-05-28,2023-01-31,2023-02-28,0.0051648731569177075,-4.1693882e-05
LSTM,variance,28,2,2023-01-03,2023-05-28,2023-02-01,2023-03-01,0.005421820774288643,0.00011537612
LSTM,variance,28,2,2023-01-03,2023-05-28,2023-02-02,2023-03-02,0.005700212646876858,0.00021732543
LSTM,variance,28,2,2023-01-03,2023-05-28,2023-02-03,2023-03-03,0.006213420104379433,0.00030833881
LSTM,variance,28,2,2023-01-03,2023-05-28,2023-02-04,2023-03-04,0.006351568470793623,0.0004342613
LSTM,variance,28,2,2023-01-03,2023-05-28,2023-02-05,2023-03-05,0.006272142660578841,0.0048044985
LSTM,variance,28,2,2023-01-03,2023-05-28,2023-02-06,2023-03-06,0.006280386724020392,0.0048099114
LSTM,variance,28,2,2023-01-03,2023-05-28,2023-02-07,2023-03-07,0.006238725943864246,0.0060830484
LSTM,variance,28,2,2023-01-03,2023-05-28,2023-02-08,2023-03-08,0.006687573013824126,0.007020606
LSTM,variance,28,2,2023-01-03,2023-05-28,2023-02-09,2023-03-09,0.006748201900422893,0.0075159078
LSTM,variance,28,2,2023-01-03,2023-05-28,2023-02-10,2023-03-10,0.006622564140735866,0.0076979683
LSTM,variance,28,2,2023-01-03,2023-05-28,2023-02-11,2023-03-11,0.0066845676019027436,0.0076369196
LSTM,variance,28,2,2023-01-03,2023-05-28,2023-02-12,2023-03-12,0.006149002117065159,0.00750939
LSTM,variance,28,2,2023-01-03,2023-05-28,2023-02-13,2023-03-13,0.005966381604316955,0.007597418
LSTM,variance,28,2,2023-01-03,2023-05-28,2023-02-14,2023-03-14,0.005553175898119443,0.008677278
LSTM,variance,28,2,2023-01-03,2023-05-28,2023-02-15,2023-03-15,0.005451810237544732,0.009388877
LSTM,variance,28,2,2023-01-03,2023-05-28,2023-02-16,2023-03-16,0.00530598731497899,0.00975602
LSTM,variance,28,2,2023-01-03,2023-05-28,2023-02-17,2023-03-17,0.00479455651847808,0.00982877
LSTM,variance,28,2,2023-01-03,2023-05-28,2023-02-18,2023-03-18,0.0046689041484329254,0.009672679
LSTM,variance,28,2,2023-01-03,2023-05-28,2023-02-19,2023-03-19,0.004587276960194912,0.009407128
LSTM,variance,28,2,2023-01-03,2023-05-28,2023-02-20,2023-03-20,0.004594590584099251,0.009249008
LSTM,variance,28,2,2023-01-03,2023-05-28,2023-02-21,2023-03-21,0.0046431821360749465,0.009817568
LSTM,variance,28,2,2023-01-03,2023-05-28,2023-02-22,2023-03-22,0.004097376122240011,0.010135213
LSTM,variance,28,2,2023-01-03,2023-05-28,2023-02-23,2023-03-23,0.004100233023052159,0.010236557
LSTM,variance,28,2,2023-01-03,2023-05-28,2023-02-24,2023-03-24,0.0043330288842706385,0.009976825
LSTM,variance,28,2,2023-01-03,2023-05-28,2023-02-25,2023-03-25,0.004375192753155864,0.009620566
LSTM,variance,28,2,2023-01-03,2023-05-28,2023-02-26,2023-03-26,0.004370608573178553,0.009601015
LSTM,variance,28,2,2023-01-03,2023-05-28,2023-02-27,2023-03-27,0.004357703208243143,0.009622138
LSTM,variance,28,2,2023-01-03,2023-05-28,2023-02-28,2023-03-28,0.005394636222663901,0.009459744
LSTM,variance,28,2,2023-01-03,2023-05-28,2023-03-01,2023-03-29,0.005358126036818591,0.009295255
LSTM,variance,28,2,2023-01-03,2023-05-28,2023-03-02,2023-03-30,0.005207101111412857,0.008698336
LSTM,variance,28,2,2023-01-03,2023-05-28,2023-03-03,2023-03-31,0.005285954919827376,0.007001377
LSTM,variance,28,2,2023-01-03,2023-05-28,2023-03-04,2023-04-01,0.005190848186896512,0.0040625245
LSTM,variance,28,2,2023-01-03,2023-05-28,2023-03-05,2023-04-02,0.0052931524122088475,0.0038668758
LSTM,variance,28,2,2023-01-03,2023-05-28,2023-03-06,2023-04-03,0.005226325921055689,0.0050437897
LSTM,variance,28,2,2023-01-03,2023-05-28,2023-03-07,2023-04-04,0.004413747437351598,0.007870829
LSTM,variance,28,2,2023-01-03,2023-05-28,2023-03-08,2023-04-05,0.004406465938446449,0.008986108
LSTM,variance,28,2,2023-01-03,2023-05-28,2023-03-09,2023-04-06,0.004614695814727953,0.008014794
LSTM,variance,28,2,2023-01-03,2023-05-28,2023-03-10,2023-04-07,0.004981040080823889,0.006171237
LSTM,variance,28,2,2023-01-03,2023-05-28,2023-03-11,2023-04-08,0.005350118070173534,0.00549215
LSTM,variance,28,2,2023-01-03,2023-05-28,2023-03-12,2023-04-09,0.005799295741320632,0.0055099283
LSTM,variance,28,2,2023-01-03,2023-05-28,2023-03-13,2023-04-10,0.005916947687037184,0.0091975145
LSTM,variance,28,2,2023-01-03,2023-05-28,2023-03-14,2023-04-11,0.004373089043601865,0.010089079
LSTM,variance,28,2,2023-01-03,2023-05-28,2023-03-15,2023-04-12,0.004552471047613717,0.00904139
LSTM,variance,28,2,2023-01-03,2023-05-28,2023-03-16,2023-04-13,0.004926034234814292,0.0072008823
LSTM,variance,28,2,2023-01-03,2023-05-28,2023-03-17,2023-04-14,0.005051241543176424,0.0035654341
LSTM,variance,28,2,2023-01-03,2023-05-28,2023-03-18,2023-04-15,0.005076176914310933,0.001978903
LSTM,variance,28,2,2023-01-03,2023-05-28,2023-03-19,2023-04-16,0.005164429150880912,0.001457663
LSTM,variance,28,2,2023-01-03,2023-05-28,2023-03-20,2023-04-17,0.005105813588320843,0.0012408765
LSTM,variance,28,2,2023-01-03,2023-05-28,2023-03-21,2023-04-18,0.0032872588661538847,0.0011729348
LSTM,variance,28,2,2023-01-03,2023-05-28,2023-03-22,2023-04-19,0.0033459031789576724,0.0009972443
LSTM,variance,28,2,2023-01-03,2023-05-28,2023-03-23,2023-04-20,0.00368313282478152,0.0009394149
LSTM,variance,28,2,2023-01-03,2023-05-28,2023-03-24,2023-04-21,0.003928130688982293,0.0010050108
LSTM,variance,28,2,2023-01-03,2023-05-28,2023-03-25,2023-04-22,0.0037737339900187753,0.0010712899
LSTM,variance,28,2,2023-01-03,2023-05-28,2023-03-26,2023-04-23,0.0036235448032591574,0.0011306109
LSTM,variance,28,2,2023-01-03,2023-05-28,2023-03-27,2023-04-24,0.00361475872005167,0.0011992794
LSTM,variance,28,2,2023-01-03,2023-05-28,2023-03-28,2023-04-25,0.002184573627524891,0.0016304671
LSTM,variance,28,2,2023-01-03,2023-05-28,2023-03-29,2023-04-26,0.00218230720335326,0.0019100889
LSTM,variance,28,2,2023-01-03,2023-05-28,2023-03-30,2023-04-27,0.002201521184075938,0.0020857742
LSTM,variance,28,2,2023-01-03,2023-05-28,2023-03-31,2023-04-28,0.002283633514188615,0.0023014362
LSTM,variance,28,2,2023-01-03,2023-05-28,2023-04-01,2023-04-29,0.0023234131488484846,0.0024587545
LSTM,variance,28,2,2023-01-03,2023-05-28,2023-04-02,2023-04-30,0.0023264473289880726,0.002750691
LSTM,variance,28,2,2023-01-03,2023-05-28,2023-04-03,2023-05-01,0.0023309780661241375,0.0034760218
LSTM,variance,28,2,2023-01-03,2023-05-28,2023-04-04,2023-05-02,0.0017024424015982926,0.0071105384
LSTM,variance,28,2,2023-01-03,2023-05-28,2023-04-05,2023-05-03,0.0017164164630458381,0.008256838
LSTM,variance,28,2,2023-01-03,2023-05-28,2023-04-06,2023-05-04,0.0022449985957085482,0.0083447695
LSTM,variance,28,2,2023-01-03,2023-05-28,2023-04-07,2023-05-05,0.002434117051600291,0.008562699
LSTM,variance,28,2,2023-01-03,2023-05-28,2023-04-08,2023-05-06,0.0027945078415877525,0.008911231
LSTM,variance,28,2,2023-01-03,2023-05-28,2023-04-09,2023-05-07,0.002945521676022941,0.009403187
LSTM,variance,28,2,2023-01-03,2023-05-28,2023-04-10,2023-05-08,0.0030352514088160085,0.0097501
LSTM,variance,28,2,2023-01-03,2023-05-28,2023-04-11,2023-05-09,0.0029221512300719506,0.00895179
LSTM,variance,28,2,2023-01-03,2023-05-28,2023-04-12,2023-05-10,0.0029201565731909887,0.008291055
LSTM,variance,28,2,2023-01-03,2023-05-28,2023-04-13,2023-05-11,0.0030267759339044136,0.0072689946
LSTM,variance,28,2,2023-01-03,2023-05-28,2023-04-14,2023-05-12,0.003469722637240997,0.0046353317
LSTM,variance,28,2,2023-01-03,2023-05-28,2023-04-15,2023-05-13,0.003748434687887697,0.0028567195
LSTM,variance,28,2,2023-01-03,2023-05-28,2023-04-16,2023-05-14,0.004251586410145018,0.002626336
LSTM,variance,28,2,2023-01-03,2023-05-28,2023-04-17,2023-05-15,0.004231232803245079,0.0027990537
LSTM,variance,28,2,2023-01-03,2023-05-28,2023-04-18,2023-05-16,0.0032271932945841454,0.0023239758
LSTM,variance,28,2,2023-01-03,2023-05-28,2023-04-19,2023-05-17,0.003268011195866026,0.002582097
LSTM,variance,28,2,2023-01-03,2023-05-28,2023-04-20,2023-05-18,0.0019003479654947225,0.0038595572
LSTM,variance,28,2,2023-01-03,2023-05-28,2023-04-21,2023-05-19,0.0019792890855835406,0.0046931976
LSTM,variance,28,2,2023-01-03,2023-05-28,2023-04-22,2023-05-20,0.002037859560430341,0.0048235324
LSTM,variance,28,2,2023-01-03,2023-05-28,2023-04-23,2023-05-21,0.0020846462426385016,0.003316568
LSTM,variance,28,2,2023-01-03,2023-05-28,2023-04-24,2023-05-22,0.002060466517346898,0.0015276402
LSTM,variance,28,2,2023-01-03,2023-05-28,2023-04-25,2023-05-23,0.0006504957334531436,0.0008109787
LSTM,variance,28,2,2023-01-03,2023-05-28,2023-04-26,2023-05-24,0.00042562192448935453,0.0005711038
LSTM,variance,28,2,2023-01-03,2023-05-28,2023-04-27,2023-05-25,0.0004379478899304734,0.0005248854
LSTM,variance,28,2,2023-01-03,2023-05-28,2023-04-28,2023-05-26,0.00048456845616984284,0.0005921156
LSTM,variance,28,2,2023-01-03,2023-05-28,2023-04-29,2023-05-27,0.0005096176586510186,0.0007783125
LSTM,variance,28,2,2023-01-03,2023-05-28,2023-04-30,2023-05-28,0.0005216407194755927,0.0008856671
GRU,mean,14,3,2023-05-28,2023-10-19,2023-05-15,2023-05-29,0.042551361925533084,0.08679591
GRU,mean,14,3,2023-05-28,2023-10-19,2023-05-16,2023-05-30,0.04043135449563707,0.071055874
GRU,mean,14,3,2023-05-28,2023-10-19,2023-05-17,2023-05-31,0.03795676346336498,0.06806799
GRU,mean,14,3,2023-05-28,2023-10-19,2023-05-18,2023-06-01,0.0373976908582477,0.05607394
GRU,mean,14,3,2023-05-28,2023-10-19,2023-05-19,2023-06-02,0.03690902293726377,0.054101743
GRU,mean,14,3,2023-05-28,2023-10-19,2023-05-20,2023-06-03,0.03622520779966677,0.05969713
GRU,mean,14,3,2023-05-28,2023-10-19,2023-05-21,2023-06-04,0.03448489307368162,0.063394934
GRU,mean,14,3,2023-05-28,2023-10-19,2023-05-22,2023-06-05,0.03225515634722982,0.062177792
GRU,mean,14,3,2023-05-28,2023-10-19,2023-05-23,2023-06-06,0.028847458859593642,0.049066592
GRU,mean,14,3,2023-05-28,2023-10-19,2023-05-24,2023-06-07,0.028145270889968054,0.03470828
GRU,mean,14,3,2023-05-28,2023-10-19,2023-05-25,2023-06-08,0.027810438343931678,0.027975228
GRU,mean,14,3,2023-05-28,2023-10-19,2023-05-26,2023-06-09,0.02761640273894596,0.030293781
GRU,mean,14,3,2023-05-28,2023-10-19,2023-05-27,2023-06-10,0.027761573235458626,0.033654947
GRU,mean,14,3,2023-05-28,2023-10-19,2023-05-28,2023-06-11,0.027631140122086423,0.037016515
GRU,mean,14,3,2023-05-28,2023-10-19,2023-05-29,2023-06-12,0.02762767224760617,0.03783183
GRU,mean,14,3,2023-05-28,2023-10-19,2023-05-30,2023-06-13,0.026644098206145692,0.035946872
GRU,mean,14,3,2023-05-28,2023-10-19,2023-05-31,2023-06-14,0.02504189692726691,0.03236625
GRU,mean,14,3,2023-05-28,2023-10-19,2023-06-01,2023-06-15,0.023385253504520125,0.030693237
GRU,mean,14,3,2023-05-28,2023-10-19,2023-06-02,2023-06-16,0.02142041114707139,0.030392919
GRU,mean,14,3,2023-05-28,2023-10-19,2023-06-03,2023-06-17,0.020512634232813375,0.030308608
GRU,mean,14,3,2023-05-28,2023-10-19,2023-06-04,2023-06-18,0.02026787013347333,0.028679874
GRU,mean,14,3,2023-05-28,2023-10-19,2023-06-05,2023-06-19,0.020176321577711504,0.025393251
GRU,mean,14,3,2023-05-28,2023-10-19,2023-06-06,2023-06-20,0.018046791735304078,0.019796502
GRU,mean,14,3,2023-05-28,2023-10-19,2023-06-07,2023-06-21,0.01782346923076451,0.016572457
GRU,mean,14,3,2023-05-28,2023-10-19,2023-06-08,2023-06-22,0.017466834157230875,0.01567356
GRU,mean,14,3,2023-05-28,2023-10-19,2023-06-09,2023-06-23,0.017089554682335775,0.016167734
GRU,mean,14,3,2023-05-28,2023-10-19,2023-06-10,2023-06-24,0.01693682862194099,0.017511386
GRU,mean,14,3,2023-05-28,2023-10-19,2023-06-11,2023-06-25,0.01640869622741816,0.018719476
GRU,mean,14,3,2023-05-28,2023-10-19,2023-06-12,2023-06-26,0.015725670490165287,0.01984584
GRU,mean,14,3,2023-05-28,2023-10-19,2023-06-13,2023-06-27,0.015951370470315467,0.019709464
GRU,mean,14,3,2023-05-28,2023-10-19,2023-06-14,2023-06-28,0.01704843124923566,0.017948102
GRU,mean,14,3,2023-05-28,2023-10-19,2023-06-15,2023-06-29,0.017797876758688304,0.015164491
GRU,mean,14,3,2023-05-28,2023-10-19,2023-06-16,2023-06-30,0.01877817819159672,0.011697691
GRU,mean,14,3,2023-05-28,2023-10-19,2023-06-17,2023-07-01,0.019028913999890686,0.009144846
GRU,mean,14,3,2023-05-28,2023-10-19,2023-06-18,2023-07-02,0.019183484327958265,0.008163776
GRU,mean,14,3,2023-05-28,2023-10-19,2023-06-19,2023-07-03,0.018556853209503864,0.008360472
GRU,mean,14,3,2023-05-28,2023-10-19,2023-06-20,2023-07-04,0.020850459390244182,0.006886985
GRU,mean,14,3,2023-05-28,2023-10-19,2023-06-21,2023-07-05,0.021286407339735632,0.0059806667
GRU,mean,14,3,2023-05-28,2023-10-19,2023-06-22,2023-07-06,0.02164392810426926,0.005571533
GRU,mean,14,3,2023-05-28,2023-10-19,2023-06-23,2023-07-07,0.02163082518330223,0.005420435
GRU,mean,14,3,2023-05-28,2023-10-19,2023-06-24,2023-07-08,0.02120042551741052,0.0055799372
GRU,mean,14,3,2023-05-28,2023-10-19,2023-06-25,2023-07-09,0.020921871382180292,0.005469959
GRU,mean,14,3,2023-05-28,2023-10-19,2023-06-26,2023-07-10,0.02064764913305339,0.004943695
GRU,mean,14,3,2023-05-28,2023-10-19,2023-06-27,2023-07-11,0.018759703832617464,0.005085524
GRU,mean,14,3,2023-05-28,2023-10-19,2023-06-28,2023-07-12,0.01825554387776106,0.0067124777
GRU,mean,14,3,2023-05-28,2023-10-19,2023-06-29,2023-07-13,0.01815728668450978,0.00894827
GRU,mean,14,3,2023-05-28,2023-10-19,2023-06-30,2023-07-14,0.01766133925586516,0.011560399
GRU,mean,14,3,2023-05-28,2023-10-19,2023-07-01,2023-07-15,0.017142980076093314,0.013467368
GRU,mean,14,3,2023-05-28,2023-10-19,2023-07-02,2023-07-16,0.016451451474528863,0.014578987
GRU,mean,14,3,2023-05-28,2023-10-19,2023-07-03,2023-07-17,0.01614893541158249,0.014322337
GRU,mean,14,3,2023-05-28,2023-10-19,2023-07-04,2023-07-18,0.015398547098749276,0.016250592
GRU,mean,14,3,2023-05-28,2023-10-19,2023-07-05,2023-07-19,0.015337976231806149,0.018160116
GRU,mean,14,3,2023-05-28,2023-10-19,2023-07-06,2023-07-20,0.0151222191476377,0.01960085
GRU,mean,14,3,2023-05-28,2023-10-19,2023-07-07,2023-07-21,0.0151318451527297,0.020183925
GRU,mean,14,3,2023-05-28,2023-10-19,2023-07-08,2023-07-22,0.015154254307802536,0.019703273
GRU,mean,14,3,2023-05-28,2023-10-19,2023-07-09,2023-07-23,0.015521889627311635,0.018699493
GRU,mean,14,3,2023-05-28,2023-10-19,2023-07-10,2023-07-24,0.015734868603895745,0.017559495
GRU,mean,14,3,2023-05-28,2023-10-19,2023-07-11,2023-07-25,0.017499234629100403,0.0147850625
GRU,mean,14,3,2023-05-28,2023-10-19,2023-07-12,2023-07-26,0.016882932317259604,0.012278926
GRU,mean,14,3,2023-05-28,2023-10-19,2023-07-13,2023-07-27,0.016304484167451897,0.010778304
GRU,mean,14,3,2023-05-28,2023-10-19,2023-07-14,2023-07-28,0.016094643447225748,0.009687822
GRU,mean,14,3,2023-05-28,2023-10-19,2023-07-15,2023-07-29,0.015495106124443202,0.008725215
GRU,mean,14,3,2023-05-28,2023-10-19,2023-07-16,2023-07-30,0.014786026774915318,0.0075921007
GRU,mean,14,3,2023-05-28,2023-10-19,2023-07-17,2023-07-31,0.014613387658776041,0.006722573
GRU,mean,14,3,2023-05-28,2023-10-19,2023-07-18,2023-08-01,0.015829941411054087,0.0056273676
GRU,mean,14,3,2023-05-28,2023-10-19,2023-07-19,2023-08-02,0.016129579912494238,0.005069766
GRU,mean,14,3,2023-05-28,2023-10-19,2023-07-20,2023-08-03,0.01683912208995456,0.0047953464
GRU,mean,14,3,2023-05-28,2023-10-19,2023-07-21,2023-08-04,0.016979264306447285,0.004886035
GRU,mean,14,3,2023-05-28,2023-10-19,2023-07-22,2023-08-05,0.01716472437324465,0.005192142
GRU,mean,14,3,2023-05-28,2023-10-19,2023-07-23,2023-08-06,0.01668445586844775,0.005972225
GRU,mean,14,3,2023-05-28,2023-10-19,2023-07-24,2023-08-07,0.015999248513226764,0.0068531
GRU,mean,14,3,2023-05-28,2023-10-19,2023-07-25,2023-08-08,0.014443916390635279,0.009339098
GRU,mean,14,3,2023-05-28,2023-10-19,2023-07-26,2023-08-09,0.014858106806785343,0.010465529
GRU,mean,14,3,2023-05-28,2023-10-19,2023-07-27,2023-08-10,0.015395880126889437,0.010267306
GRU,mean,14,3,2023-05-28,2023-10-19,2023-07-28,2023-08-11,0.01597114731325099,0.009619851
GRU,mean,14,3,2023-05-28,2023-10-19,2023-07-29,2023-08-12,0.01727720521848292,0.008491453
GRU,mean,14,3,2023-05-28,2023-10-19,2023-07-30,2023-08-13,0.019287951589009554,0.0070067085
GRU,mean,14,3,2023-05-28,2023-10-19,2023-07-31,2023-08-14,0.020337425227242575,0.005949814
GRU,mean,14,3,2023-05-28,2023-10-19,2023-08-01,2023-08-15,0.02004952460711604,0.006762568
GRU,mean,14,3,2023-05-28,2023-10-19,2023-08-02,2023-08-16,0.020050840739817603,0.007990364
GRU,mean,14,3,2023-05-28,2023-10-19,2023-08-03,2023-08-17,0.019636256420528776,0.009602811
GRU,mean,14,3,2023-05-28,2023-10-19,2023-08-04,2023-08-18,0.019839822585211185,0.010743465
GRU,mean,14,3,2023-05-28,2023-10-19,2023-08-05,2023-08-19,0.020202660464567774,0.011448886
GRU,mean,14,3,2023-05-28,2023-10-19,2023-08-06,2023-08-20,0.021500459689544008,0.011168595
GRU,mean,14,3,2023-05-28,2023-10-19,2023-08-07,2023-08-21,0.02251016703196554,0.010012124
GRU,mean,14,3,2023-05-28,2023-10-19,2023-08-08,2023-08-22,0.024969388540383552,0.0074861012
GRU,mean,14,3,2023-05-28,2023-10-19,2023-08-09,2023-08-23,0.026200885200839522,0.0061842613
GRU,mean,14,3,2023-05-28,2023-10-19,2023-08-10,2023-08-24,0.026835974681743178,0.006264936
GRU,mean,14,3,2023-05-28,2023-10-19,2023-08-11,2023-08-25,0.027203321512249412,0.0073009916
GRU,mean,14,3,2023-05-28,2023-10-19,2023-08-12,2023-08-26,0.02742056385042249,0.009547595
GRU,mean,14,3,2023-05-28,2023-10-19,2023-08-13,2023-08-27,0.027367559848038212,0.013236638
GRU,mean,14,3,2023-05-28,2023-10-19,2023-08-14,2023-08-28,0.025368347649415868,0.016713034
GRU,mean,14,3,2023-05-28,2023-10-19,2023-08-15,2023-08-29,0.025850504108248712,0.018248666
GRU,mean,14,3,2023-05-28,2023-10-19,2023-08-16,2023-08-30,0.02589425783196988,0.018512096
GRU,mean,14,3,2023-05-28,2023-10-19,2023-08-17,2023-08-31,0.026258065168719865,0.01768491
GRU,mean,14,3,2023-05-28,2023-10-19,2023-08-18,2023-09-01,0.02658797698447568,0.016966145
GRU,mean,14,3,2023-05-28,2023-10-19,2023-08-19,2023-09-02,0.027435533877634415,0.016789455
GRU,mean,14,3,2023-05-28,2023-10-19,2023-08-20,2023-09-03,0.0277461345559839,0.01808187
GRU,mean,14,3,2023-05-28,2023-10-19,2023-08-21,2023-09-04,0.02996470924665842,0.020124543
GRU,mean,14,3,2023-05-28,2023-10-19,2023-08-22,2023-09-05,0.030711415932792845,0.023983572
GRU,mean,14,3,2023-05-28,2023-10-19,2023-08-23,2023-09-06,0.03146528337075428,0.027752187
GRU,mean,14,3,2023-05-28,2023-10-19,2023-08-24,2023-09-07,0.03168780574315189,0.030364994
GRU,mean,14,3,2023-05-28,2023-10-19,2023-08-25,2023-09-08,0.03266538052227829,0.031649392
GRU,mean,14,3,2023-05-28,2023-10-19,2023-08-26,2023-09-09,0.033521956298179126,0.03188889
GRU,mean,14,3,2023-05-28,2023-10-19,2023-08-27,2023-09-10,0.0341728924304534,0.031283047
GRU,mean,14,3,2023-05-28,2023-10-19,2023-08-28,2023-09-11,0.036521332487694604,0.028211858
GRU,mean,14,3,2023-05-28,2023-10-19,2023-08-29,2023-09-12,0.035600796321057775,0.026066821
GRU,mean,14,3,2023-05-28,2023-10-19,2023-08-30,2023-09-13,0.03883209852197485,0.024818119
GRU,mean,14,3,2023-05-28,2023-10-19,2023-08-31,2023-09-14,0.04042577564475446,0.024613213
GRU,mean,14,3,2023-05-28,2023-10-19,2023-09-01,2023-09-15,0.04116502475590788,0.025049608
GRU,mean,14,3,2023-05-28,2023-10-19,2023-09-02,2023-09-16,0.04120155018039486,0.026306305
GRU,mean,14,3,2023-05-28,2023-10-19,2023-09-03,2023-09-17,0.041760873519425014,0.027440216
GRU,mean,14,3,2023-05-28,2023-10-19,2023-09-04,2023-09-18,0.039864854609507935,0.030351136
GRU,mean,14,3,2023-05-28,2023-10-19,2023-09-05,2023-09-19,0.041135083147445385,0.03304514
GRU,mean,14,3,2023-05-28,2023-10-19,2023-09-06,2023-09-20,0.041876885212484914,0.03515784
GRU,mean,14,3,2023-05-28,2023-10-19,2023-09-07,2023-09-21,0.04266065582821124,0.03614851
GRU,mean,14,3,2023-05-28,2023-10-19,2023-09-08,2023-09-22,0.041212188005497245,0.037173513
GRU,mean,14,3,2023-05-28,2023-10-19,2023-09-09,2023-09-23,0.040633468941889246,0.0383575
GRU,mean,14,3,2023-05-28,2023-10-19,2023-09-10,2023-09-24,0.04071261732651853,0.03950136
GRU,mean,14,3,2023-05-28,2023-10-19,2023-09-11,2023-09-25,0.0416876196818655,0.04245822
GRU,mean,14,3,2023-05-28,2023-10-19,2023-09-12,2023-09-26,0.047299294875667516,0.043216128
GRU,mean,14,3,2023-05-28,2023-10-19,2023-09-13,2023-09-27,0.04838185137688062,0.04639613
GRU,mean,14,3,2023-05-28,2023-10-19,2023-09-14,2023-09-28,0.04926153471640357,0.050149698
GRU,mean,14,3,2023-05-28,2023-10-19,2023-09-15,2023-09-29,0.05079215335944181,0.052880105
GRU,mean,14,3,2023-05-28,2023-10-19,2023-09-16,2023-09-30,0.052099173497155475,0.05364148
GRU,mean,14,3,2023-05-28,2023-10-19,2023-09-17,2023-10-01,0.054228481091523596,0.053541727
GRU,mean,14,3,2023-05-28,2023-10-19,2023-09-18,2023-10-02,0.054228481091523596,0.050449274
GRU,mean,14,3,2023-05-28,2023-10-19,2023-09-19,2023-10-03,0.057160646307487406,0.048805602
GRU,mean,14,3,2023-05-28,2023-10-19,2023-09-20,2023-10-04,0.059207134577776245,0.048596464
GRU,mean,14,3,2023-05-28,2023-10-19,2023-09-21,2023-10-05,0.06040940308825981,0.049452566
GRU,mean,14,3,2023-05-28,2023-10-19,2023-09-22,2023-10-06,0.06090063841936074,0.048218448
GRU,mean,14,3,2023-05-28,2023-10-19,2023-09-23,2023-10-07,0.06131938534129275,0.046025213
GRU,mean,14,3,2023-05-28,2023-10-19,2023-09-24,2023-10-08,0.06158822492011762,0.044345032
GRU,mean,14,3,2023-05-28,2023-10-19,2023-09-25,2023-10-09,0.06316475928926725,0.0444957
GRU,mean,14,3,2023-05-28,2023-10-19,2023-09-26,2023-10-10,0.06103983214692733,0.051537383
GRU,mean,14,3,2023-05-28,2023-10-19,2023-09-27,2023-10-11,0.06022950922231705,0.058333986
GRU,mean,14,3,2023-05-28,2023-10-19,2023-09-28,2023-10-12,0.05870774680915994,0.06278302
GRU,mean,14,3,2023-05-28,2023-10-19,2023-09-29,2023-10-13,0.05768381652170041,0.065765195
GRU,mean,14,3,2023-05-28,2023-10-19,2023-09-30,2023-10-14,0.05631481367631079,0.06781374
GRU,mean,14,3,2023-05-28,2023-10-19,2023-10-01,2023-10-15,0.05466154656903291,0.07050578
GRU,mean,14,3,2023-05-28,2023-10-19,2023-10-02,2023-10-16,0.05529457903908453,0.07146841
GRU,mean,14,3,2023-05-28,2023-10-19,2023-10-03,2023-10-17,0.05439798857076055,0.074409746
GRU,mean,14,3,2023-05-28,2023-10-19,2023-10-04,2023-10-18,0.05413901437052666,0.07829146
GRU,mean,14,3,2023-05-28,2023-10-19,2023-10-05,2023-10-19,0.05428202115080427,0.08135698
GRU,mean,28,3,2023-05-28,2023-10-19,2023-05-01,2023-05-29,0.042551361925533084,0.07142875
GRU,mean,28,3,2023-05-28,2023-10-19,2023-05-02,2023-05-30,0.04043135449563707,0.07062945
GRU,mean,28,3,2023-05-28,2023-10-19,2023-05-03,2023-05-31,0.03795676346336498,0.070710674
GRU,mean,28,3,2023-05-28,2023-10-19,2023-05-04,2023-06-01,0.0373976908582477,0.085499786
GRU,mean,28,3,2023-05-28,2023-10-19,2023-05-05,2023-06-02,0.03690902293726377,0.09614255
GRU,mean,28,3,2023-05-28,2023-10-19,2023-05-06,2023-06-03,0.03622520779966677,0.09431822
GRU,mean,28,3,2023-05-28,2023-10-19,2023-05-07,2023-06-04,0.03448489307368162,0.08870269
GRU,mean,28,3,2023-05-28,2023-10-19,2023-05-08,2023-06-05,0.03225515634722982,0.08457853
GRU,mean,28,3,2023-05-28,2023-10-19,2023-05-09,2023-06-06,0.028847458859593642,0.08654117
GRU,mean,28,3,2023-05-28,2023-10-19,2023-05-10,2023-06-07,0.028145270889968054,0.09273331
GRU,mean,28,3,2023-05-28,2023-10-19,2023-05-11,2023-06-08,0.027810438343931678,0.09704454
GRU,mean,28,3,2023-05-28,2023-10-19,2023-05-12,2023-06-09,0.02761640273894596,0.09351334
GRU,mean,28,3,2023-05-28,2023-10-19,2023-05-13,2023-06-10,0.027761573235458626,0.090107806
GRU,mean,28,3,2023-05-28,2023-10-19,2023-05-14,2023-06-11,0.027631140122086423,0.082125835
GRU,mean,28,3,2023-05-28,2023-10-19,2023-05-15,2023-06-12,0.02762767224760617,0.06691854
GRU,mean,28,3,2023-05-28,2023-10-19,2023-05-16,2023-06-13,0.026644098206145692,0.048937947
GRU,mean,28,3,2023-05-28,2023-10-19,2023-05-17,2023-06-14,0.02504189692726691,0.04205915
GRU,mean,28,3,2023-05-28,2023-10-19,2023-05-18,2023-06-15,0.023385253504520125,0.032997824
GRU,mean,28,3,2023-05-28,2023-10-19,2023-05-19,2023-06-16,0.02142041114707139,0.038131353
GRU,mean,28,3,2023-05-28,2023-10-19,2023-05-20,2023-06-17,0.020512634232813375,0.060116913
GRU,mean,28,3,2023-05-28,2023-10-19,2023-05-21,2023-06-18,0.02026787013347333,0.09285416
GRU,mean,28,3,2023-05-28,2023-10-19,2023-05-22,2023-06-19,0.020176321577711504,0.12316628
GRU,mean,28,3,2023-05-28,2023-10-19,2023-05-23,2023-06-20,0.018046791735304078,0.12390518
GRU,mean,28,3,2023-05-28,2023-10-19,2023-05-24,2023-06-21,0.01782346923076451,0.093208
GRU,mean,28,3,2023-05-28,2023-10-19,2023-05-25,2023-06-22,0.017466834157230875,0.053508215
GRU,mean,28,3,2023-05-28,2023-10-19,2023-05-26,2023-06-23,0.017089554682335775,0.028396638
GRU,mean,28,3,2023-05-28,2023-10-19,2023-05-27,2023-06-24,0.01693682862194099,0.020458514
GRU,mean,28,3,2023-05-28,2023-10-19,2023-05-28,2023-06-25,0.01640869622741816,0.024312766
GRU,mean,28,3,2023-05-28,2023-10-19,2023-05-29,2023-06-26,0.015725670490165287,0.031696424
GRU,mean,28,3,2023-05-28,2023-10-19,2023-05-30,2023-06-27,0.015951370470315467,0.036113124
GRU,mean,28,3,2023-05-28,2023-10-19,2023-05-31,2023-06-28,0.01704843124923566,0.035537537
GRU,mean,28,3,2023-05-28,2023-10-19,2023-06-01,2023-06-29,0.017797876758688304,0.034487184
GRU,mean,28,3,2023-05-28,2023-10-19,2023-06-02,2023-06-30,0.01877817819159672,0.03535615
GRU,mean,28,3,2023-05-28,2023-10-19,2023-06-03,2023-07-01,0.019028913999890686,0.035854943
GRU,mean,28,3,2023-05-28,2023-10-19,2023-06-04,2023-07-02,0.019183484327958265,0.032075226
GRU,mean,28,3,2023-05-28,2023-10-19,2023-06-05,2023-07-03,0.018556853209503864,0.026773298
GRU,mean,28,3,2023-05-28,2023-10-19,2023-06-06,2023-07-04,0.020850459390244182,0.01894513
GRU,mean,28,3,2023-05-28,2023-10-19,2023-06-07,2023-07-05,0.021286407339735632,0.015951315
GRU,mean,28,3,2023-05-28,2023-10-19,2023-06-08,2023-07-06,0.02164392810426926,0.016919585
GRU,mean,28,3,2023-05-28,2023-10-19,2023-06-09,2023-07-07,0.02163082518330223,0.020791652
GRU,mean,28,3,2023-05-28,2023-10-19,2023-06-10,2023-07-08,0.02120042551741052,0.025996873
GRU,mean,28,3,2023-05-28,2023-10-19,2023-06-11,2023-07-09,0.020921871382180292,0.030522855
GRU,mean,28,3,2023-05-28,2023-10-19,2023-06-12,2023-07-10,0.02064764913305339,0.033971015
GRU,mean,28,3,2023-05-28,2023-10-19,2023-06-13,2023-07-11,0.018759703832617464,0.03499762
GRU,mean,28,3,2023-05-28,2023-10-19,2023-06-14,2023-07-12,0.01825554387776106,0.032819707
GRU,mean,28,3,2023-05-28,2023-10-19,2023-06-15,2023-07-13,0.01815728668450978,0.028434517
GRU,mean,28,3,2023-05-28,2023-10-19,2023-06-16,2023-07-14,0.01766133925586516,0.022944259
GRU,mean,28,3,2023-05-28,2023-10-19,2023-06-17,2023-07-15,0.017142980076093314,0.01895527
GRU,mean,28,3,2023-05-28,2023-10-19,2023-06-18,2023-07-16,0.016451451474528863,0.018076459
GRU,mean,28,3,2023-05-28,2023-10-19,2023-06-19,2023-07-17,0.01614893541158249,0.01971233
GRU,mean,28,3,2023-05-28,2023-10-19,2023-06-20,2023-07-18,0.015398547098749276,0.019089246
GRU,mean,28,3,2023-05-28,2023-10-19,2023-06-21,2023-07-19,0.015337976231806149,0.017337726
GRU,mean,28,3,2023-05-28,2023-10-19,2023-06-22,2023-07-20,0.0151222191476377,0.01600034
GRU,mean,28,3,2023-05-28,2023-10-19,2023-06-23,2023-07-21,0.0151318451527297,0.015487709
GRU,mean,28,3,2023-05-28,2023-10-19,2023-06-24,2023-07-22,0.015154254307802536,0.015783714
GRU,mean,28,3,2023-05-28,2023-10-19,2023-06-25,2023-07-23,0.015521889627311635,0.016072916
GRU,mean,28,3,2023-05-28,2023-10-19,2023-06-26,2023-07-24,0.015734868603895745,0.015430988
GRU,mean,28,3,2023-05-28,2023-10-19,2023-06-27,2023-07-25,0.017499234629100403,0.015349039
GRU,mean,28,3,2023-05-28,2023-10-19,2023-06-28,2023-07-26,0.016882932317259604,0.017666684
GRU,mean,28,3,2023-05-28,2023-10-19,2023-06-29,2023-07-27,0.016304484167451897,0.02155407
GRU,mean,28,3,2023-05-28,2023-10-19,2023-06-30,2023-07-28,0.016094643447225748,0.025916899
GRU,mean,28,3,2023-05-28,2023-10-19,2023-07-01,2023-07-29,0.015495106124443202,0.028872075
GRU,mean,28,3,2023-05-28,2023-10-19,2023-07-02,2023-07-30,0.014786026774915318,0.02995182
GRU,mean,28,3,2023-05-28,2023-10-19,2023-07-03,2023-07-31,0.014613387658776041,0.028727503
GRU,mean,28,3,2023-05-28,2023-10-19,2023-07-04,2023-08-01,0.015829941411054087,0.030154737
GRU,mean,28,3,2023-05-28,2023-10-19,2023-07-05,2023-08-02,0.016129579912494238,0.03347139
GRU,mean,28,3,2023-05-28,2023-10-19,2023-07-06,2023-08-03,0.01683912208995456,0.03634466
GRU,mean,28,3,2023-05-28,2023-10-19,2023-07-07,2023-08-04,0.016979264306447285,0.037286524
GRU,mean,28,3,2023-05-28,2023-10-19,2023-07-08,2023-08-05,0.01716472437324465,0.035904355
GRU,mean,28,3,2023-05-28,2023-10-19,2023-07-09,2023-08-06,0.01668445586844775,0.033558827
GRU,mean,28,3,2023-05-28,2023-10-19,2023-07-10,2023-08-07,0.015999248513226764,0.031197796
GRU,mean,28,3,2023-05-28,2023-10-19,2023-07-11,2023-08-08,0.014443916390635279,0.027111718
GRU,mean,28,3,2023-05-28,2023-10-19,2023-07-12,2023-08-09,0.014858106806785343,0.022887448
GRU,mean,28,3,2023-05-28,2023-10-19,2023-07-13,2023-08-10,0.015395880126889437,0.020491147
GRU,mean,28,3,2023-05-28,2023-10-19,2023-07-14,2023-08-11,0.01597114731325099,0.019518347
GRU,mean,28,3,2023-05-28,2023-10-19,2023-07-15,2023-08-12,0.01727720521848292,0.018892566
GRU,mean,28,3,2023-05-28,2023-10-19,2023-07-16,2023-08-13,0.019287951589009554,0.017678643
GRU,mean,28,3,2023-05-28,2023-10-19,2023-07-17,2023-08-14,0.020337425227242575,0.01632178
GRU,mean,28,3,2023-05-28,2023-10-19,2023-07-18,2023-08-15,0.02004952460711604,0.014680513
GRU,mean,28,3,2023-05-28,2023-10-19,2023-07-19,2023-08-16,0.020050840739817603,0.013664291
GRU,mean,28,3,2023-05-28,2023-10-19,2023-07-20,2023-08-17,0.019636256420528776,0.013411404
GRU,mean,28,3,2023-05-28,2023-10-19,2023-07-21,2023-08-18,0.019839822585211185,0.013821513
GRU,mean,28,3,2023-05-28,2023-10-19,2023-07-22,2023-08-19,0.020202660464567774,0.0146938795
GRU,mean,28,3,2023-05-28,2023-10-19,2023-07-23,2023-08-20,0.021500459689544008,0.015875341
GRU,mean,28,3,2023-05-28,2023-10-19,2023-07-24,2023-08-21,0.02251016703196554,0.017272579
GRU,mean,28,3,2023-05-28,2023-10-19,2023-07-25,2023-08-22,0.024969388540383552,0.020747015
GRU,mean,28,3,2023-05-28,2023-10-19,2023-07-26,2023-08-23,0.026200885200839522,0.023055898
GRU,mean,28,3,2023-05-28,2023-10-19,2023-07-27,2023-08-24,0.026835974681743178,0.022528531
GRU,mean,28,3,2023-05-28,2023-10-19,2023-07-28,2023-08-25,0.027203321512249412,0.020457583
GRU,mean,28,3,2023-05-28,2023-10-19,2023-07-29,2023-08-26,0.02742056385042249,0.017855668
GRU,mean,28,3,2023-05-28,2023-10-19,2023-07-30,2023-08-27,0.027367559848038212,0.015308836
GRU,mean,28,3,2023-05-28,2023-10-19,2023-07-31,2023-08-28,0.025368347649415868,0.013572612
GRU,mean,28,3,2023-05-28,2023-10-19,2023-08-01,2023-08-29,0.025850504108248712,0.014821903
GRU,mean,28,3,2023-05-28,2023-10-19,2023-08-02,2023-08-30,0.02589425783196988,0.017567994
GRU,mean,28,3,2023-05-28,2023-10-19,2023-08-03,2023-08-31,0.026258065168719865,0.020583967
GRU,mean,28,3,2023-05-28,2023-10-19,2023-08-04,2023-09-01,0.02658797698447568,0.022508519
GRU,mean,28,3,2023-05-28,2023-10-19,2023-08-05,2023-09-02,0.027435533877634415,0.023164907
GRU,mean,28,3,2023-05-28,2023-10-19,2023-08-06,2023-09-03,0.0277461345559839,0.022290925
GRU,mean,28,3,2023-05-28,2023-10-19,2023-08-07,2023-09-04,0.02996470924665842,0.019984918
GRU,mean,28,3,2023-05-28,2023-10-19,2023-08-08,2023-09-05,0.030711415932792845,0.015812876
GRU,mean,28,3,2023-05-28,2023-10-19,2023-08-09,2023-09-06,0.03146528337075428,0.01317297
GRU,mean,28,3,2023-05-28,2023-10-19,2023-08-10,2023-09-07,0.03168780574315189,0.013625191
GRU,mean,28,3,2023-05-28,2023-10-19,2023-08-11,2023-09-08,0.03266538052227829,0.016248273
GRU,mean,28,3,2023-05-28,2023-10-19,2023-08-12,2023-09-09,0.033521956298179126,0.020552503
GRU,mean,28,3,2023-05-28,2023-10-19,2023-08-13,2023-09-10,0.0341728924304534,0.026502283
GRU,mean,28,3,2023-05-28,2023-10-19,2023-08-14,2023-09-11,0.036521332487694604,0.032326758
GRU,mean,28,3,2023-05-28,2023-10-19,2023-08-15,2023-09-12,0.035600796321057775,0.03477633
GRU,mean,28,3,2023-05-28,2023-10-19,2023-08-16,2023-09-13,0.03883209852197485,0.034055363
GRU,mean,28,3,2023-05-28,2023-10-19,2023-08-17,2023-09-14,0.04042577564475446,0.031568825
GRU,mean,28,3,2023-05-28,2023-10-19,2023-08-18,2023-09-15,0.04116502475590788,0.029653655
GRU,mean,28,3,2023-05-28,2023-10-19,2023-08-19,2023-09-16,0.04120155018039486,0.029491657
GRU,mean,28,3,2023-05-28,2023-10-19,2023-08-20,2023-09-17,0.041760873519425014,0.031984575
GRU,mean,28,3,2023-05-28,2023-10-19,2023-08-21,2023-09-18,0.039864854609507935,0.03616728
GRU,mean,28,3,2023-05-28,2023-10-19,2023-08-22,2023-09-19,0.041135083147445385,0.042558737
GRU,mean,28,3,2023-05-28,2023-10-19,2023-08-23,2023-09-20,0.041876885212484914,0.049053207
GRU,mean,28,3,2023-05-28,2023-10-19,2023-08-24,2023-09-21,0.04266065582821124,0.053114608
GRU,mean,28,3,2023-05-28,2023-10-19,2023-08-25,2023-09-22,0.041212188005497245,0.054157693
GRU,mean,28,3,2023-05-28,2023-10-19,2023-08-26,2023-09-23,0.040633468941889246,0.053132027
GRU,mean,28,3,2023-05-28,2023-10-19,2023-08-27,2023-09-24,0.04071261732651853,0.05122998
GRU,mean,28,3,2023-05-28,2023-10-19,2023-08-28,2023-09-25,0.0416876196818655,0.046432875
GRU,mean,28,3,2023-05-28,2023-10-19,2023-08-29,2023-09-26,0.047299294875667516,0.042257693
GRU,mean,28,3,2023-05-28,2023-10-19,2023-08-30,2023-09-27,0.04838185137688062,0.040489748
GRU,mean,28,3,2023-05-28,2023-10-19,2023-08-31,2023-09-28,0.04926153471640357,0.04105787
GRU,mean,28,3,2023-05-28,2023-10-19,2023-09-01,2023-09-29,0.05079215335944181,0.042721942
GRU,mean,28,3,2023-05-28,2023-10-19,2023-09-02,2023-09-30,0.052099173497155475,0.045132644
GRU,mean,28,3,2023-05-28,2023-10-19,2023-09-03,2023-10-01,0.054228481091523596,0.04722417
GRU,mean,28,3,2023-05-28,2023-10-19,2023-09-04,2023-10-02,0.054228481091523596,0.051153746
GRU,mean,28,3,2023-05-28,2023-10-19,2023-09-05,2023-10-03,0.057160646307487406,0.05569714
GRU,mean,28,3,2023-05-28,2023-10-19,2023-09-06,2023-10-04,0.059207134577776245,0.05925531
GRU,mean,28,3,2023-05-28,2023-10-19,2023-09-07,2023-10-05,0.06040940308825981,0.060757373
GRU,mean,28,3,2023-05-28,2023-10-19,2023-09-08,2023-10-06,0.06090063841936074,0.061512843
GRU,mean,28,3,2023-05-28,2023-10-19,2023-09-09,2023-10-07,0.06131938534129275,0.062678955
GRU,mean,28,3,2023-05-28,2023-10-19,2023-09-10,2023-10-08,0.06158822492011762,0.06403384
GRU,mean,28,3,2023-05-28,2023-10-19,2023-09-11,2023-10-09,0.06316475928926725,0.06770934
GRU,mean,28,3,2023-05-28,2023-10-19,2023-09-12,2023-10-10,0.06103983214692733,0.0695063
GRU,mean,28,3,2023-05-28,2023-10-19,2023-09-13,2023-10-11,0.06022950922231705,0.072694026
GRU,mean,28,3,2023-05-28,2023-10-19,2023-09-14,2023-10-12,0.05870774680915994,0.07752544
GRU,mean,28,3,2023-05-28,2023-10-19,2023-09-15,2023-10-13,0.05768381652170041,0.08132187
GRU,mean,28,3,2023-05-28,2023-10-19,2023-09-16,2023-10-14,0.05631481367631079,0.08176681
GRU,mean,28,3,2023-05-28,2023-10-19,2023-09-17,2023-10-15,0.05466154656903291,0.07951436
GRU,mean,28,3,2023-05-28,2023-10-19,2023-09-18,2023-10-16,0.05529457903908453,0.07321111
GRU,mean,28,3,2023-05-28,2023-10-19,2023-09-19,2023-10-17,0.05439798857076055,0.067695685
GRU,mean,28,3,2023-05-28,2023-10-19,2023-09-20,2023-10-18,0.05413901437052666,0.06574282
GRU,mean,28,3,2023-05-28,2023-10-19,2023-09-21,2023-10-19,0.05428202115080427,0.06701719
GRU,variance,14,3,2023-05-28,2023-10-19,2023-05-15,2023-05-29,0.0005165039138387742,0.0042105564
GRU,variance,14,3,2023-05-28,2023-10-19,2023-05-16,2023-05-30,0.000396534719328378,0.0036176527
GRU,variance,14,3,2023-05-28,2023-10-19,2023-05-17,2023-05-31,0.0003612216101206669,0.0033940112
GRU,variance,14,3,2023-05-28,2023-10-19,2023-05-18,2023-06-01,0.00036779103154906064,0.0030373447
GRU,variance,14,3,2023-05-28,2023-10-19,2023-05-19,2023-06-02,0.0003706641551886727,0.0030419847
GRU,variance,14,3,2023-05-28,2023-10-19,2023-05-20,2023-06-03,0.00037567529558119126,0.0033962443
GRU,variance,14,3,2023-05-28,2023-10-19,2023-05-21,2023-06-04,0.00037879015378993196,0.0035571095
GRU,variance,14,3,2023-05-28,2023-10-19,2023-05-22,2023-06-05,0.00031668612824860325,0.0034016685
GRU,variance,14,3,2023-05-28,2023-10-19,2023-05-23,2023-06-06,8.242633513760308e-05,0.002683229
GRU,variance,14,3,2023-05-28,2023-10-19,2023-05-24,2023-06-07,9.624188303081485e-05,0.002380853
GRU,variance,14,3,2023-05-28,2023-10-19,2023-05-25,2023-06-08,0.00010380435104511207,0.0024630236
GRU,variance,14,3,2023-05-28,2023-10-19,2023-05-26,2023-06-09,0.00010747163506636533,0.0028813703
GRU,variance,14,3,2023-05-28,2023-10-19,2023-05-27,2023-06-10,0.00010446051684804562,0.0029223145
GRU,variance,14,3,2023-05-28,2023-10-19,2023-05-28,2023-06-11,0.00010479076615257291,0.0026090727
GRU,variance,14,3,2023-05-28,2023-10-19,2023-05-29,2023-06-12,0.00010474173474624883,0.0024133397
GRU,variance,14,3,2023-05-28,2023-10-19,2023-05-30,2023-06-13,6.469446961682607e-05,0.0020602432
GRU,variance,14,3,2023-05-28,2023-10-19,2023-05-31,2023-06-14,9.423757255570466e-05,0.0016435066
GRU,variance,14,3,2023-05-28,2023-10-19,2023-06-01,2023-06-15,0.00012100580670343002,0.0013488461
GRU,variance,14,3,2023-05-28,2023-10-19,2023-06-02,2023-06-16,0.00014281659105401434,0.0011891343
GRU,variance,14,3,2023-05-28,2023-10-19,2023-06-03,2023-06-17,0.00014074980416563975,0.001132539
GRU,variance,14,3,2023-05-28,2023-10-19,2023-06-04,2023-06-18,0.0001406241991228432,0.0011105251
GRU,variance,14,3,2023-05-28,2023-10-19,2023-06-05,2023-06-19,0.0001386858046172259,0.0010565965
GRU,variance,14,3,2023-05-28,2023-10-19,2023-06-06,2023-06-20,0.00011760469988271101,0.00096517126
GRU,variance,14,3,2023-05-28,2023-10-19,2023-06-07,2023-06-21,0.000120034800592035,0.000876292
GRU,variance,14,3,2023-05-28,2023-10-19,2023-06-08,2023-06-22,0.00012387075776166634,0.0008228159
GRU,variance,14,3,2023-05-28,2023-10-19,2023-06-09,2023-06-23,0.0001257714385614887,0.0007842344
GRU,variance,14,3,2023-05-28,2023-10-19,2023-06-10,2023-06-24,0.0001358986254905031,0.00075077405
GRU,variance,14,3,2023-05-28,2023-10-19,2023-06-11,2023-06-25,0.0001296025800320577,0.00072055263
GRU,variance,14,3,2023-05-28,2023-10-19,2023-06-12,2023-06-26,0.00010938329996854319,0.0006757296
GRU,variance,14,3,2023-05-28,2023-10-19,2023-06-13,2023-06-27,0.00012150273778285357,0.0006239498
GRU,variance,14,3,2023-05-28,2023-10-19,2023-06-14,2023-06-28,0.00011365301432943044,0.0005912079
GRU,variance,14,3,2023-05-28,2023-10-19,2023-06-15,2023-06-29,0.00010157736211233028,0.0005741287
GRU,variance,14,3,2023-05-28,2023-10-19,2023-06-16,2023-06-30,8.369138246784943e-05,0.0005683928
GRU,variance,14,3,2023-05-28,2023-10-19,2023-06-17,2023-07-01,8.281965861820725e-05,0.00056569267
GRU,variance,14,3,2023-05-28,2023-10-19,2023-06-18,2023-07-02,8.309215793671043e-05,0.0005669262
GRU,variance,14,3,2023-05-28,2023-10-19,2023-06-19,2023-07-03,7.430987919036254e-05,0.0005693196
GRU,variance,14,3,2023-05-28,2023-10-19,2023-06-20,2023-07-04,9.421657124288995e-05,0.0005665509
GRU,variance,14,3,2023-05-28,2023-10-19,2023-06-21,2023-07-05,8.768492552391355e-05,0.00056600536
GRU,variance,14,3,2023-05-28,2023-10-19,2023-06-22,2023-07-06,8.072378920634389e-05,0.0005671913
GRU,variance,14,3,2023-05-28,2023-10-19,2023-06-23,2023-07-07,8.099134228211503e-05,0.00056927674
GRU,variance,14,3,2023-05-28,2023-10-19,2023-06-24,2023-07-08,7.73546532432404e-05,0.0005745111
GRU,variance,14,3,2023-05-28,2023-10-19,2023-06-25,2023-07-09,7.991587560407396e-05,0.00057702535
GRU,variance,14,3,2023-05-28,2023-10-19,2023-06-26,2023-07-10,7.838855917153161e-05,0.0005718819
GRU,variance,14,3,2023-05-28,2023-10-19,2023-06-27,2023-07-11,4.110197372174843e-05,0.0005713345
GRU,variance,14,3,2023-05-28,2023-10-19,2023-06-28,2023-07-12,4.295705493103402e-05,0.0005683274
GRU,variance,14,3,2023-05-28,2023-10-19,2023-06-29,2023-07-13,4.381126794360352e-05,0.00056229695
GRU,variance,14,3,2023-05-28,2023-10-19,2023-06-30,2023-07-14,4.930382379909738e-05,0.0005525653
GRU,variance,14,3,2023-05-28,2023-10-19,2023-07-01,2023-07-15,5.165058902079529e-05,0.00054467085
GRU,variance,14,3,2023-05-28,2023-10-19,2023-07-02,2023-07-16,5.2713073233251855e-05,0.000537824
GRU,variance,14,3,2023-05-28,2023-10-19,2023-07-03,2023-07-17,5.085755326524275e-05,0.0005282877
GRU,variance,14,3,2023-05-28,2023-10-19,2023-07-04,2023-07-18,2.2425920283682633e-05,0.0005252813
GRU,variance,14,3,2023-05-28,2023-10-19,2023-07-05,2023-07-19,2.2270049090947326e-05,0.00051995215
GRU,variance,14,3,2023-05-28,2023-10-19,2023-07-06,2023-07-20,2.3170543472659755e-05,0.0005134563
GRU,variance,14,3,2023-05-28,2023-10-19,2023-07-07,2023-07-21,2.310975956974895e-05,0.0005087076
GRU,variance,14,3,2023-05-28,2023-10-19,2023-07-08,2023-07-22,2.3139638278931333e-05,0.0005043275
GRU,variance,14,3,2023-05-28,2023-10-19,2023-07-09,2023-07-23,2.478480415949975e-05,0.00050189195
GRU,variance,14,3,2023-05-28,2023-10-19,2023-07-10,2023-07-24,2.8139717463203465e-05,0.00049944257
GRU,variance,14,3,2023-05-28,2023-10-19,2023-07-11,2023-07-25,7.142798415736174e-05,0.00048690056
GRU,variance,14,3,2023-05-28,2023-10-19,2023-07-12,2023-07-26,8.235936714938586e-05,0.00047787896
GRU,variance,14,3,2023-05-28,2023-10-19,2023-07-13,2023-07-27,9.128063129160166e-05,0.00047061034
GRU,variance,14,3,2023-05-28,2023-10-19,2023-07-14,2023-07-28,9.506478387373946e-05,0.00046534406
GRU,variance,14,3,2023-05-28,2023-10-19,2023-07-15,2023-07-29,0.00010580842722636319,0.00046057696
GRU,variance,14,3,2023-05-28,2023-10-19,2023-07-16,2023-07-30,0.00011934129099542907,0.00045618066
GRU,variance,14,3,2023-05-28,2023-10-19,2023-07-17,2023-07-31,0.00012883436723465765,0.0004520429
GRU,variance,14,3,2023-05-28,2023-10-19,2023-07-18,2023-08-01,0.00018365613183454166,0.00044103106
GRU,variance,14,3,2023-05-28,2023-10-19,2023-07-19,2023-08-02,0.000185023988470554,0.00043300458
GRU,variance,14,3,2023-05-28,2023-10-19,2023-07-20,2023-08-03,0.00018488517508017052,0.00042697042
GRU,variance,14,3,2023-05-28,2023-10-19,2023-07-21,2023-08-04,0.00018375088880091134,0.00042161962
GRU,variance,14,3,2023-05-28,2023-10-19,2023-07-22,2023-08-05,0.00018377196645002374,0.0004167247
GRU,variance,14,3,2023-05-28,2023-10-19,2023-07-23,2023-08-06,0.00018383142567923402,0.0004127568
GRU,variance,14,3,2023-05-28,2023-10-19,2023-07-24,2023-08-07,0.0001784317145476015,0.0004103199
GRU,variance,14,3,2023-05-28,2023-10-19,2023-07-25,2023-08-08,0.00012779073808994002,0.00042022555
GRU,variance,14,3,2023-05-28,2023-10-19,2023-07-26,2023-08-09,0.00012122449230434965,0.00043032004
GRU,variance,14,3,2023-05-28,2023-10-19,2023-07-27,2023-08-10,0.00011394510416389328,0.00044107938
GRU,variance,14,3,2023-05-28,2023-10-19,2023-07-28,2023-08-11,0.00010698230582982533,0.00045221345
GRU,variance,14,3,2023-05-28,2023-10-19,2023-07-29,2023-08-12,9.323903648804923e-05,0.000466199
GRU,variance,14,3,2023-05-28,2023-10-19,2023-07-30,2023-08-13,7.626276289023492e-05,0.00048297225
GRU,variance,14,3,2023-05-28,2023-10-19,2023-07-31,2023-08-14,8.581592535690787e-05,0.00050010614
GRU,variance,14,3,2023-05-28,2023-10-19,2023-08-01,2023-08-15,7.23481925503755e-05,0.0005299648
GRU,variance,14,3,2023-05-28,2023-10-19,2023-08-02,2023-08-16,7.23481737697382e-05,0.00055412203
GRU,variance,14,3,2023-05-28,2023-10-19,2023-08-03,2023-08-17,7.390151364585568e-05,0.0005746301
GRU,variance,14,3,2023-05-28,2023-10-19,2023-08-04,2023-08-18,7.204749658350661e-05,0.0005930173
GRU,variance,14,3,2023-05-28,2023-10-19,2023-08-05,2023-08-19,7.271064563097273e-05,0.0006100297
GRU,variance,14,3,2023-05-28,2023-10-19,2023-08-06,2023-08-20,7.824173525178751e-05,0.00062535505
GRU,variance,14,3,2023-05-28,2023-10-19,2023-08-07,2023-08-21,7.951995184335658e-05,0.000636901
GRU,variance,14,3,2023-05-28,2023-10-19,2023-08-08,2023-08-22,0.00015163143703733931,0.000632265
GRU,variance,14,3,2023-05-28,2023-10-19,2023-08-09,2023-08-23,0.00013322797930124714,0.0006272915
GRU,variance,14,3,2023-05-28,2023-10-19,2023-08-10,2023-08-24,0.00011996258029397116,0.0006205245
GRU,variance,14,3,2023-05-28,2023-10-19,2023-08-11,2023-08-25,0.00011156647897391821,0.0006109928
GRU,variance,14,3,2023-05-28,2023-10-19,2023-08-12,2023-08-26,0.00010897692990039453,0.0005967679
GRU,variance,14,3,2023-05-28,2023-10-19,2023-08-13,2023-08-27,0.00010901224310894494,0.0005780996
GRU,variance,14,3,2023-05-28,2023-10-19,2023-08-14,2023-08-28,0.00013649248900412337,0.00056443934
GRU,variance,14,3,2023-05-28,2023-10-19,2023-08-15,2023-08-29,0.00015483505065035216,0.0005481469
GRU,variance,14,3,2023-05-28,2023-10-19,2023-08-16,2023-08-30,0.0001543154806848623,0.0005341836
GRU,variance,14,3,2023-05-28,2023-10-19,2023-08-17,2023-08-31,0.00014779009020219906,0.00052279525
GRU,variance,14,3,2023-05-28,2023-10-19,2023-08-18,2023-09-01,0.0001426886957580896,0.0005125578
GRU,variance,14,3,2023-05-28,2023-10-19,2023-08-19,2023-09-02,0.00014694360979875044,0.00050426554
GRU,variance,14,3,2023-05-28,2023-10-19,2023-08-20,2023-09-03,0.00015129085803526501,0.00049914117
GRU,variance,14,3,2023-05-28,2023-10-19,2023-08-21,2023-09-04,0.00022935009456921467,0.000495801
GRU,variance,14,3,2023-05-28,2023-10-19,2023-08-22,2023-09-05,0.000276726194928063,0.00051366107
GRU,variance,14,3,2023-05-28,2023-10-19,2023-08-23,2023-09-06,0.0002790904220727402,0.00052173075
GRU,variance,14,3,2023-05-28,2023-10-19,2023-08-24,2023-09-07,0.00027489549671895345,0.0005255699
GRU,variance,14,3,2023-05-28,2023-10-19,2023-08-25,2023-09-08,0.00028330939263897513,0.00052889425
GRU,variance,14,3,2023-05-28,2023-10-19,2023-08-26,2023-09-09,0.0002754632998991001,0.0005331035
GRU,variance,14,3,2023-05-28,2023-10-19,2023-08-27,2023-09-10,0.0002713695421940814,0.00053766323
GRU,variance,14,3,2023-05-28,2023-10-19,2023-08-28,2023-09-11,0.00021782435243145393,0.0005489418
GRU,variance,14,3,2023-05-28,2023-10-19,2023-08-29,2023-09-12,0.00022842128146465836,0.0005623428
GRU,variance,14,3,2023-05-28,2023-10-19,2023-08-30,2023-09-13,0.00023710147034273002,0.0005722889
GRU,variance,14,3,2023-05-28,2023-10-19,2023-08-31,2023-09-14,0.00020004732675732388,0.00057879405
GRU,variance,14,3,2023-05-28,2023-10-19,2023-09-01,2023-09-15,0.0001753653299908146,0.0005835664
GRU,variance,14,3,2023-05-28,2023-10-19,2023-09-02,2023-09-16,0.00017490674414699905,0.00058947667
GRU,variance,14,3,2023-05-28,2023-10-19,2023-09-03,2023-09-17,0.00017227144367642561,0.00059601956
GRU,variance,14,3,2023-05-28,2023-10-19,2023-09-04,2023-09-18,0.00014747519878003396,0.00062354363
GRU,variance,14,3,2023-05-28,2023-10-19,2023-09-05,2023-09-19,0.000234623025145279,0.0006578985
GRU,variance,14,3,2023-05-28,2023-10-19,2023-09-06,2023-09-20,0.00023466342656615943,0.00068591814
GRU,variance,14,3,2023-05-28,2023-10-19,2023-09-07,2023-09-21,0.000210334678073935,0.00070975197
GRU,variance,14,3,2023-05-28,2023-10-19,2023-09-08,2023-09-22,0.0002123798596343575,0.0007350377
GRU,variance,14,3,2023-05-28,2023-10-19,2023-09-09,2023-09-23,0.0002246940607239335,0.0007565033
GRU,variance,14,3,2023-05-28,2023-10-19,2023-09-10,2023-09-24,0.0002238126591864298,0.0007754044
GRU,variance,14,3,2023-05-28,2023-10-19,2023-09-11,2023-09-25,0.00021487360892103117,0.0007782371
GRU,variance,14,3,2023-05-28,2023-10-19,2023-09-12,2023-09-26,0.000606349155093807,0.0007854223
GRU,variance,14,3,2023-05-28,2023-10-19,2023-09-13,2023-09-27,0.000642483805298411,0.00079355494
GRU,variance,14,3,2023-05-28,2023-10-19,2023-09-14,2023-09-28,0.0006899169263853446,0.0007871828
GRU,variance,14,3,2023-05-28,2023-10-19,2023-09-15,2023-09-29,0.0006526537878025389,0.0007725011
GRU,variance,14,3,2023-05-28,2023-10-19,2023-09-16,2023-09-30,0.0006300505221724912,0.0007582783
GRU,variance,14,3,2023-05-28,2023-10-19,2023-09-17,2023-10-01,0.0006394715613091471,0.00074388226
GRU,variance,14,3,2023-05-28,2023-10-19,2023-09-18,2023-10-02,0.0006394715613091471,0.0007229872
GRU,variance,14,3,2023-05-28,2023-10-19,2023-09-19,2023-10-03,0.0008929586378093965,0.0007305454
GRU,variance,14,3,2023-05-28,2023-10-19,2023-09-20,2023-10-04,0.0008899873263008679,0.00073442736
GRU,variance,14,3,2023-05-28,2023-10-19,2023-09-21,2023-10-05,0.0008365401705632375,0.00072915654
GRU,variance,14,3,2023-05-28,2023-10-19,2023-09-22,2023-10-06,0.0008033361287065262,0.0007262832
GRU,variance,14,3,2023-05-28,2023-10-19,2023-09-23,2023-10-07,0.0007754433396848715,0.0007285448
GRU,variance,14,3,2023-05-28,2023-10-19,2023-09-24,2023-10-08,0.000761486602733201,0.0007315336
GRU,variance,14,3,2023-05-28,2023-10-19,2023-09-25,2023-10-09,0.0007597507857682369,0.0007326817
GRU,variance,14,3,2023-05-28,2023-10-19,2023-09-26,2023-10-10,0.0005752876132009871,0.0008470175
GRU,variance,14,3,2023-05-28,2023-10-19,2023-09-27,2023-10-11,0.000566825591101747,0.00093881297
GRU,variance,14,3,2023-05-28,2023-10-19,2023-09-28,2023-10-12,0.0005496950161238724,0.0010248894
GRU,variance,14,3,2023-05-28,2023-10-19,2023-09-29,2023-10-13,0.0005869637842570704,0.0010942768
GRU,variance,14,3,2023-05-28,2023-10-19,2023-09-30,2023-10-14,0.0006300811004854004,0.0011626607
GRU,variance,14,3,2023-05-28,2023-10-19,2023-10-01,2023-10-15,0.0006238728756948235,0.0012393688
GRU,variance,14,3,2023-05-28,2023-10-19,2023-10-02,2023-10-16,0.0005814928760014849,0.0013186296
GRU,variance,14,3,2023-05-28,2023-10-19,2023-10-03,2023-10-17,0.00048148361449023826,0.0014731342
GRU,variance,14,3,2023-05-28,2023-10-19,2023-10-04,2023-10-18,0.0004738329356074368,0.001606668
GRU,variance,14,3,2023-05-28,2023-10-19,2023-10-05,2023-10-19,0.00047181146145995736,0.0017105002
GRU,variance,28,3,2023-05-28,2023-10-19,2023-05-01,2023-05-29,0.0005165039138387742,0.0014521057
GRU,variance,28,3,2023-05-28,2023-10-19,2023-05-02,2023-05-30,0.000396534719328378,0.0012305854
GRU,variance,28,3,2023-05-28,2023-10-19,2023-05-03,2023-05-31,0.0003612216101206669,0.0010374499
GRU,variance,28,3,2023-05-28,2023-10-19,2023-05-04,2023-06-01,0.00036779103154906064,0.0016032933
GRU,variance,28,3,2023-05-28,2023-10-19,2023-05-05,2023-06-02,0.0003706641551886727,0.002935715
GRU,variance,28,3,2023-05-28,2023-10-19,2023-05-06,2023-06-03,0.00037567529558119126,0.003849017
GRU,variance,28,3,2023-05-28,2023-10-19,2023-05-07,2023-06-04,0.00037879015378993196,0.004303939
GRU,variance,28,3,2023-05-28,2023-10-19,2023-05-08,2023-06-05,0.00031668612824860325,0.0041617816
GRU,variance,28,3,2023-05-28,2023-10-19,2023-05-09,2023-06-06,8.242633513760308e-05,0.004126864
GRU,variance,28,3,2023-05-28,2023-10-19,2023-05-10,2023-06-07,9.624188303081485e-05,0.004133952
GRU,variance,28,3,2023-05-28,2023-10-19,2023-05-11,2023-06-08,0.00010380435104511207,0.0043047615
GRU,variance,28,3,2023-05-28,2023-10-19,2023-05-12,2023-06-09,0.00010747163506636533,0.0048486483
GRU,variance,28,3,2023-05-28,2023-10-19,2023-05-13,2023-06-10,0.00010446051684804562,0.0054807565
GRU,variance,28,3,2023-05-28,2023-10-19,2023-05-14,2023-06-11,0.00010479076615257291,0.0057268715
GRU,variance,28,3,2023-05-28,2023-10-19,2023-05-15,2023-06-12,0.00010474173474624883,0.005752582
GRU,variance,28,3,2023-05-28,2023-10-19,2023-05-16,2023-06-13,6.469446961682607e-05,0.0050484724
GRU,variance,28,3,2023-05-28,2023-10-19,2023-05-17,2023-06-14,9.423757255570466e-05,0.004558227
GRU,variance,28,3,2023-05-28,2023-10-19,2023-05-18,2023-06-15,0.00012100580670343002,0.0039478564
GRU,variance,28,3,2023-05-28,2023-10-19,2023-05-19,2023-06-16,0.00014281659105401434,0.0035163653
GRU,variance,28,3,2023-05-28,2023-10-19,2023-05-20,2023-06-17,0.00014074980416563975,0.003819758
GRU,variance,28,3,2023-05-28,2023-10-19,2023-05-21,2023-06-18,0.0001406241991228432,0.0044430657
GRU,variance,28,3,2023-05-28,2023-10-19,2023-05-22,2023-06-19,0.0001386858046172259,0.0046338127
GRU,variance,28,3,2023-05-28,2023-10-19,2023-05-23,2023-06-20,0.00011760469988271101,0.0039177267
GRU,variance,28,3,2023-05-28,2023-10-19,2023-05-24,2023-06-21,0.000120034800592035,0.0031884941
GRU,variance,28,3,2023-05-28,2023-10-19,2023-05-25,2023-06-22,0.00012387075776166634,0.0030699482
GRU,variance,28,3,2023-05-28,2023-10-19,2023-05-26,2023-06-23,0.0001257714385614887,0.003427631
GRU,variance,28,3,2023-05-28,2023-10-19,2023-05-27,2023-06-24,0.0001358986254905031,0.0036953138
GRU,variance,28,3,2023-05-28,2023-10-19,2023-05-28,2023-06-25,0.0001296025800320577,0.0034530174
GRU,variance,28,3,2023-05-28,2023-10-19,2023-05-29,2023-06-26,0.00010938329996854319,0.0027427778
GRU,variance,28,3,2023-05-28,2023-10-19,2023-05-30,2023-06-27,0.00012150273778285357,0.002245927
GRU,variance,28,3,2023-05-28,2023-10-19,2023-05-31,2023-06-28,0.00011365301432943044,0.0019866214
GRU,variance,28,3,2023-05-28,2023-10-19,2023-06-01,2023-06-29,0.00010157736211233028,0.0018054834
GRU,variance,28,3,2023-05-28,2023-10-19,2023-06-02,2023-06-30,8.369138246784943e-05,0.0018574808
GRU,variance,28,3,2023-05-28,2023-10-19,2023-06-03,2023-07-01,8.281965861820725e-05,0.002365984
GRU,variance,28,3,2023-05-28,2023-10-19,2023-06-04,2023-07-02,8.309215793671043e-05,0.0026471799
GRU,variance,28,3,2023-05-28,2023-10-19,2023-06-05,2023-07-03,7.430987919036254e-05,0.0020858806
GRU,variance,28,3,2023-05-28,2023-10-19,2023-06-06,2023-07-04,9.421657124288995e-05,0.0008935306
GRU,variance,28,3,2023-05-28,2023-10-19,2023-06-07,2023-07-05,8.768492552391355e-05,0.00037315974
GRU,variance,28,3,2023-05-28,2023-10-19,2023-06-08,2023-07-06,8.072378920634389e-05,0.00023863018
GRU,variance,28,3,2023-05-28,2023-10-19,2023-06-09,2023-07-07,8.099134228211503e-05,0.0002532125
GRU,variance,28,3,2023-05-28,2023-10-19,2023-06-10,2023-07-08,7.73546532432404e-05,0.0004106967
GRU,variance,28,3,2023-05-28,2023-10-19,2023-06-11,2023-07-09,7.991587560407396e-05,0.000487323
GRU,variance,28,3,2023-05-28,2023-10-19,2023-06-12,2023-07-10,7.838855917153161e-05,0.0004320411
GRU,variance,28,3,2023-05-28,2023-10-19,2023-06-13,2023-07-11,4.110197372174843e-05,0.00034558398
GRU,variance,28,3,2023-05-28,2023-10-19,2023-06-14,2023-07-12,4.295705493103402e-05,0.00030141344
GRU,variance,28,3,2023-05-28,2023-10-19,2023-06-15,2023-07-13,4.381126794360352e-05,0.00034185845
GRU,variance,28,3,2023-05-28,2023-10-19,2023-06-16,2023-07-14,4.930382379909738e-05,0.00042311646
GRU,variance,28,3,2023-05-28,2023-10-19,2023-06-17,2023-07-15,5.165058902079529e-05,0.00048037313
GRU,variance,28,3,2023-05-28,2023-10-19,2023-06-18,2023-07-16,5.2713073233251855e-05,0.0004900548
GRU,variance,28,3,2023-05-28,2023-10-19,2023-06-19,2023-07-17,5.085755326524275e-05,0.00047753073
GRU,variance,28,3,2023-05-28,2023-10-19,2023-06-20,2023-07-18,2.2425920283682633e-05,0.00047018597
GRU,variance,28,3,2023-05-28,2023-10-19,2023-06-21,2023-07-19,2.2270049090947326e-05,0.00046906617
GRU,variance,28,3,2023-05-28,2023-10-19,2023-06-22,2023-07-20,2.3170543472659755e-05,0.00047308704
GRU,variance,28,3,2023-05-28,2023-10-19,2023-06-23,2023-07-21,2.310975956974895e-05,0.00047936264
GRU,variance,28,3,2023-05-28,2023-10-19,2023-06-24,2023-07-22,2.3139638278931333e-05,0.0004864478
GRU,variance,28,3,2023-05-28,2023-10-19,2023-06-25,2023-07-23,2.478480415949975e-05,0.0004920185
GRU,variance,28,3,2023-05-28,2023-10-19,2023-06-26,2023-07-24,2.8139717463203465e-05,0.00048248874
GRU,variance,28,3,2023-05-28,2023-10-19,2023-06-27,2023-07-25,7.142798415736174e-05,0.00046310722
GRU,variance,28,3,2023-05-28,2023-10-19,2023-06-28,2023-07-26,8.235936714938586e-05,0.0004525026
GRU,variance,28,3,2023-05-28,2023-10-19,2023-06-29,2023-07-27,9.128063129160166e-05,0.00044674517
GRU,variance,28,3,2023-05-28,2023-10-19,2023-06-30,2023-07-28,9.506478387373946e-05,0.00043075354
GRU,variance,28,3,2023-05-28,2023-10-19,2023-07-01,2023-07-29,0.00010580842722636319,0.00040093806
GRU,variance,28,3,2023-05-28,2023-10-19,2023-07-02,2023-07-30,0.00011934129099542907,0.00037490888
GRU,variance,28,3,2023-05-28,2023-10-19,2023-07-03,2023-07-31,0.00012883436723465765,0.00036196838
GRU,variance,28,3,2023-05-28,2023-10-19,2023-07-04,2023-08-01,0.00018365613183454166,0.00036274616
GRU,variance,28,3,2023-05-28,2023-10-19,2023-07-05,2023-08-02,0.000185023988470554,0.00037389083
GRU,variance,28,3,2023-05-28,2023-10-19,2023-07-06,2023-08-03,0.00018488517508017052,0.0003752423
GRU,variance,28,3,2023-05-28,2023-10-19,2023-07-07,2023-08-04,0.00018375088880091134,0.0003625451
GRU,variance,28,3,2023-05-28,2023-10-19,2023-07-08,2023-08-05,0.00018377196645002374,0.00034881043
GRU,variance,28,3,2023-05-28,2023-10-19,2023-07-09,2023-08-06,0.00018383142567923402,0.0003442814
GRU,variance,28,3,2023-05-28,2023-10-19,2023-07-10,2023-08-07,0.0001784317145476015,0.00034840402
GRU,variance,28,3,2023-05-28,2023-10-19,2023-07-11,2023-08-08,0.00012779073808994002,0.0003392837
GRU,variance,28,3,2023-05-28,2023-10-19,2023-07-12,2023-08-09,0.00012122449230434965,0.00030237247
GRU,variance,28,3,2023-05-28,2023-10-19,2023-07-13,2023-08-10,0.00011394510416389328,0.00026708955
GRU,variance,28,3,2023-05-28,2023-10-19,2023-07-14,2023-08-11,0.00010698230582982533,0.00025811882
GRU,variance,28,3,2023-05-28,2023-10-19,2023-07-15,2023-08-12,9.323903648804923e-05,0.0002716762
GRU,variance,28,3,2023-05-28,2023-10-19,2023-07-16,2023-08-13,7.626276289023492e-05,0.0002839196
GRU,variance,28,3,2023-05-28,2023-10-19,2023-07-17,2023-08-14,8.581592535690787e-05,0.0002809943
GRU,variance,28,3,2023-05-28,2023-10-19,2023-07-18,2023-08-15,7.23481925503755e-05,0.00025931592
GRU,variance,28,3,2023-05-28,2023-10-19,2023-07-19,2023-08-16,7.23481737697382e-05,0.00022537804
GRU,variance,28,3,2023-05-28,2023-10-19,2023-07-20,2023-08-17,7.390151364585568e-05,0.00020469034
GRU,variance,28,3,2023-05-28,2023-10-19,2023-07-21,2023-08-18,7.204749658350661e-05,0.00020444133
GRU,variance,28,3,2023-05-28,2023-10-19,2023-07-22,2023-08-19,7.271064563097273e-05,0.00021064359
GRU,variance,28,3,2023-05-28,2023-10-19,2023-07-23,2023-08-20,7.824173525178751e-05,0.00021007501
GRU,variance,28,3,2023-05-28,2023-10-19,2023-07-24,2023-08-21,7.951995184335658e-05,0.00020462352
GRU,variance,28,3,2023-05-28,2023-10-19,2023-07-25,2023-08-22,0.00015163143703733931,0.00021689439
GRU,variance,28,3,2023-05-28,2023-10-19,2023-07-26,2023-08-23,0.00013322797930124714,0.00026459477
GRU,variance,28,3,2023-05-28,2023-10-19,2023-07-27,2023-08-24,0.00011996258029397116,0.00031936806
GRU,variance,28,3,2023-05-28,2023-10-19,2023-07-28,2023-08-25,0.00011156647897391821,0.00035262443
GRU,variance,28,3,2023-05-28,2023-10-19,2023-07-29,2023-08-26,0.00010897692990039453,0.00036456375
GRU,variance,28,3,2023-05-28,2023-10-19,2023-07-30,2023-08-27,0.00010901224310894494,0.00037975385
GRU,variance,28,3,2023-05-28,2023-10-19,2023-07-31,2023-08-28,0.00013649248900412337,0.00041252837
GRU,variance,28,3,2023-05-28,2023-10-19,2023-08-01,2023-08-29,0.00015483505065035216,0.00046899632
GRU,variance,28,3,2023-05-28,2023-10-19,2023-08-02,2023-08-30,0.0001543154806848623,0.00054299604
GRU,variance,28,3,2023-05-28,2023-10-19,2023-08-03,2023-08-31,0.00014779009020219906,0.0005967534
GRU,variance,28,3,2023-05-28,2023-10-19,2023-08-04,2023-09-01,0.0001426886957580896,0.0006161081
GRU,variance,28,3,2023-05-28,2023-10-19,2023-08-05,2023-09-02,0.00014694360979875044,0.0006165093
GRU,variance,28,3,2023-05-28,2023-10-19,2023-08-06,2023-09-03,0.00015129085803526501,0.0006198013
GRU,variance,28,3,2023-05-28,2023-10-19,2023-08-07,2023-09-04,0.00022935009456921467,0.00063073105
GRU,variance,28,3,2023-05-28,2023-10-19,2023-08-08,2023-09-05,0.000276726194928063,0.00062280596
GRU,variance,28,3,2023-05-28,2023-10-19,2023-08-09,2023-09-06,0.0002790904220727402,0.0005733994
GRU,variance,28,3,2023-05-28,2023-10-19,2023-08-10,2023-09-07,0.00027489549671895345,0.000511817
GRU,variance,28,3,2023-05-28,2023-10-19,2023-08-11,2023-09-08,0.00028330939263897513,0.00047070437
GRU,variance,28,3,2023-05-28,2023-10-19,2023-08-12,2023-09-09,0.0002754632998991001,0.00045261296
GRU,variance,28,3,2023-05-28,2023-10-19,2023-08-13,2023-09-10,0.0002713695421940814,0.0004316859
GRU,variance,28,3,2023-05-28,2023-10-19,2023-08-14,2023-09-11,0.00021782435243145393,0.00039805457
GRU,variance,28,3,2023-05-28,2023-10-19,2023-08-15,2023-09-12,0.00022842128146465836,0.0003673561
GRU,variance,28,3,2023-05-28,2023-10-19,2023-08-16,2023-09-13,0.00023710147034273002,0.00034709842
GRU,variance,28,3,2023-05-28,2023-10-19,2023-08-17,2023-09-14,0.00020004732675732388,0.0003407518
GRU,variance,28,3,2023-05-28,2023-10-19,2023-08-18,2023-09-15,0.0001753653299908146,0.0003400256
GRU,variance,28,3,2023-05-28,2023-10-19,2023-08-19,2023-09-16,0.00017490674414699905,0.00033567284
GRU,variance,28,3,2023-05-28,2023-10-19,2023-08-20,2023-09-17,0.00017227144367642561,0.0003312217
GRU,variance,28,3,2023-05-28,2023-10-19,2023-08-21,2023-09-18,0.00014747519878003396,0.00033442196
GRU,variance,28,3,2023-05-28,2023-10-19,2023-08-22,2023-09-19,0.000234623025145279,0.00036616236
GRU,variance,28,3,2023-05-28,2023-10-19,2023-08-23,2023-09-20,0.00023466342656615943,0.00043268056
GRU,variance,28,3,2023-05-28,2023-10-19,2023-08-24,2023-09-21,0.000210334678073935,0.00047452675
GRU,variance,28,3,2023-05-28,2023-10-19,2023-08-25,2023-09-22,0.0002123798596343575,0.0004665623
GRU,variance,28,3,2023-05-28,2023-10-19,2023-08-26,2023-09-23,0.0002246940607239335,0.00043447383
GRU,variance,28,3,2023-05-28,2023-10-19,2023-08-27,2023-09-24,0.0002238126591864298,0.0004179383
GRU,variance,28,3,2023-05-28,2023-10-19,2023-08-28,2023-09-25,0.00021487360892103117,0.00043672693
GRU,variance,28,3,2023-05-28,2023-10-19,2023-08-29,2023-09-26,0.000606349155093807,0.00048498096
GRU,variance,28,3,2023-05-28,2023-10-19,2023-08-30,2023-09-27,0.000642483805298411,0.00052936695
GRU,variance,28,3,2023-05-28,2023-10-19,2023-08-31,2023-09-28,0.0006899169263853446,0.00054229406
GRU,variance,28,3,2023-05-28,2023-10-19,2023-09-01,2023-09-29,0.0006526537878025389,0.0005285313
GRU,variance,28,3,2023-05-28,2023-10-19,2023-09-02,2023-09-30,0.0006300505221724912,0.00051562575
GRU,variance,28,3,2023-05-28,2023-10-19,2023-09-03,2023-10-01,0.0006394715613091471,0.0005227519
GRU,variance,28,3,2023-05-28,2023-10-19,2023-09-04,2023-10-02,0.0006394715613091471,0.0005674983
GRU,variance,28,3,2023-05-28,2023-10-19,2023-09-05,2023-10-03,0.0008929586378093965,0.0006671419
GRU,variance,28,3,2023-05-28,2023-10-19,2023-09-06,2023-10-04,0.0008899873263008679,0.00078040565
GRU,variance,28,3,2023-05-28,2023-10-19,2023-09-07,2023-10-05,0.0008365401705632375,0.00085198454
GRU,variance,28,3,2023-05-28,2023-10-19,2023-09-08,2023-10-06,0.0008033361287065262,0.00087478146
GRU,variance,28,3,2023-05-28,2023-10-19,2023-09-09,2023-10-07,0.0007754433396848715,0.0008795147
GRU,variance,28,3,2023-05-28,2023-10-19,2023-09-10,2023-10-08,0.000761486602733201,0.0008894776
GRU,variance,28,3,2023-05-28,2023-10-19,2023-09-11,2023-10-09,0.0007597507857682369,0.0008906781
GRU,variance,28,3,2023-05-28,2023-10-19,2023-09-12,2023-10-10,0.0005752876132009871,0.000859771
GRU,variance,28,3,2023-05-28,2023-10-19,2023-09-13,2023-10-11,0.000566825591101747,0.00082261657
GRU,variance,28,3,2023-05-28,2023-10-19,2023-09-14,2023-10-12,0.0005496950161238724,0.00079274335
GRU,variance,28,3,2023-05-28,2023-10-19,2023-09-15,2023-10-13,0.0005869637842570704,0.00075264036
GRU,variance,28,3,2023-05-28,2023-10-19,2023-09-16,2023-10-14,0.0006300811004854004,0.00070006755
GRU,variance,28,3,2023-05-28,2023-10-19,2023-09-17,2023-10-15,0.0006238728756948235,0.00065364473
GRU,variance,28,3,2023-05-28,2023-10-19,2023-09-18,2023-10-16,0.0005814928760014849,0.00061895564
GRU,variance,28,3,2023-05-28,2023-10-19,2023-09-19,2023-10-17,0.00048148361449023826,0.00061657146
GRU,variance,28,3,2023-05-28,2023-10-19,2023-09-20,2023-10-18,0.0004738329356074368,0.00067256944
GRU,variance,28,3,2023-05-28,2023-10-19,2023-09-21,2023-10-19,0.00047181146145995736,0.0007273204
LSTM,mean,14,3,2023-05-28,2023-10-19,2023-05-15,2023-05-29,0.042551361925533084,0.08708425
LSTM,mean,14,3,2023-05-28,2023-10-19,2023-05-16,2023-05-30,0.04043135449563707,0.07850393
LSTM,mean,14,3,2023-05-28,2023-10-19,2023-05-17,2023-05-31,0.03795676346336498,0.074197754
LSTM,mean,14,3,2023-05-28,2023-10-19,2023-05-18,2023-06-01,0.0373976908582477,0.06525058
LSTM,mean,14,3,2023-05-28,2023-10-19,2023-05-19,2023-06-02,0.03690902293726377,0.062977806
LSTM,mean,14,3,2023-05-28,2023-10-19,2023-05-20,2023-06-03,0.03622520779966677,0.06459418
LSTM,mean,14,3,2023-05-28,2023-10-19,2023-05-21,2023-06-04,0.03448489307368162,0.06666151
LSTM,mean,14,3,2023-05-28,2023-10-19,2023-05-22,2023-06-05,0.03225515634722982,0.06773492
LSTM,mean,14,3,2023-05-28,2023-10-19,2023-05-23,2023-06-06,0.028847458859593642,0.06276756
LSTM,mean,14,3,2023-05-28,2023-10-19,2023-05-24,2023-06-07,0.028145270889968054,0.05458151
LSTM,mean,14,3,2023-05-28,2023-10-19,2023-05-25,2023-06-08,0.027810438343931678,0.046257883
LSTM,mean,14,3,2023-05-28,2023-10-19,2023-05-26,2023-06-09,0.02761640273894596,0.04012632
LSTM,mean,14,3,2023-05-28,2023-10-19,2023-05-27,2023-06-10,0.027761573235458626,0.034518283
LSTM,mean,14,3,2023-05-28,2023-10-19,2023-05-28,2023-06-11,0.027631140122086423,0.030355599
LSTM,mean,14,3,2023-05-28,2023-10-19,2023-05-29,2023-06-12,0.02762767224760617,0.026502151
LSTM,mean,14,3,2023-05-28,2023-10-19,2023-05-30,2023-06-13,0.026644098206145692,0.022739287
LSTM,mean,14,3,2023-05-28,2023-10-19,2023-05-31,2023-06-14,0.02504189692726691,0.019291755
LSTM,mean,14,3,2023-05-28,2023-10-19,2023-06-01,2023-06-15,0.023385253504520125,0.018015992
LSTM,mean,14,3,2023-05-28,2023-10-19,2023-06-02,2023-06-16,0.02142041114707139,0.01911721
LSTM,mean,14,3,2023-05-28,2023-10-19,2023-06-03,2023-06-17,0.020512634232813375,0.021544363
LSTM,mean,14,3,2023-05-28,2023-10-19,2023-06-04,2023-06-18,0.02026787013347333,0.023585614
LSTM,mean,14,3,2023-05-28,2023-10-19,2023-06-05,2023-06-19,0.020176321577711504,0.02436218
LSTM,mean,14,3,2023-05-28,2023-10-19,2023-06-06,2023-06-20,0.018046791735304078,0.023473095
LSTM,mean,14,3,2023-05-28,2023-10-19,2023-06-07,2023-06-21,0.01782346923076451,0.022627
LSTM,mean,14,3,2023-05-28,2023-10-19,2023-06-08,2023-06-22,0.017466834157230875,0.022993717
LSTM,mean,14,3,2023-05-28,2023-10-19,2023-06-09,2023-06-23,0.017089554682335775,0.024387386
LSTM,mean,14,3,2023-05-28,2023-10-19,2023-06-10,2023-06-24,0.01693682862194099,0.026556347
LSTM,mean,14,3,2023-05-28,2023-10-19,2023-06-11,2023-06-25,0.01640869622741816,0.028818544
LSTM,mean,14,3,2023-05-28,2023-10-19,2023-06-12,2023-06-26,0.015725670490165287,0.030864526
LSTM,mean,14,3,2023-05-28,2023-10-19,2023-06-13,2023-06-27,0.015951370470315467,0.031891186
LSTM,mean,14,3,2023-05-28,2023-10-19,2023-06-14,2023-06-28,0.01704843124923566,0.031510215
LSTM,mean,14,3,2023-05-28,2023-10-19,2023-06-15,2023-06-29,0.017797876758688304,0.029974978
LSTM,mean,14,3,2023-05-28,2023-10-19,2023-06-16,2023-06-30,0.01877817819159672,0.027516086
LSTM,mean,14,3,2023-05-28,2023-10-19,2023-06-17,2023-07-01,0.019028913999890686,0.025324408
LSTM,mean,14,3,2023-05-28,2023-10-19,2023-06-18,2023-07-02,0.019183484327958265,0.024116423
LSTM,mean,14,3,2023-05-28,2023-10-19,2023-06-19,2023-07-03,0.018556853209503864,0.023901407
LSTM,mean,14,3,2023-05-28,2023-10-19,2023-06-20,2023-07-04,0.020850459390244182,0.022941131
LSTM,mean,14,3,2023-05-28,2023-10-19,2023-06-21,2023-07-05,0.021286407339735632,0.022446912
LSTM,mean,14,3,2023-05-28,2023-10-19,2023-06-22,2023-07-06,0.02164392810426926,0.022293042
LSTM,mean,14,3,2023-05-28,2023-10-19,2023-06-23,2023-07-07,0.02163082518330223,0.022317704
LSTM,mean,14,3,2023-05-28,2023-10-19,2023-06-24,2023-07-08,0.02120042551741052,0.022552487
LSTM,mean,14,3,2023-05-28,2023-10-19,2023-06-25,2023-07-09,0.020921871382180292,0.022611652
LSTM,mean,14,3,2023-05-28,2023-10-19,2023-06-26,2023-07-10,0.02064764913305339,0.022346664
LSTM,mean,14,3,2023-05-28,2023-10-19,2023-06-27,2023-07-11,0.018759703832617464,0.022378106
LSTM,mean,14,3,2023-05-28,2023-10-19,2023-06-28,2023-07-12,0.01825554387776106,0.023292702
LSTM,mean,14,3,2023-05-28,2023-10-19,2023-06-29,2023-07-13,0.01815728668450978,0.02462558
LSTM,mean,14,3,2023-05-28,2023-10-19,2023-06-30,2023-07-14,0.01766133925586516,0.026239436
LSTM,mean,14,3,2023-05-28,2023-10-19,2023-07-01,2023-07-15,0.017142980076093314,0.02738982
LSTM,mean,14,3,2023-05-28,2023-10-19,2023-07-02,2023-07-16,0.016451451474528863,0.027923752
LSTM,mean,14,3,2023-05-28,2023-10-19,2023-07-03,2023-07-17,0.01614893541158249,0.027419474
LSTM,mean,14,3,2023-05-28,2023-10-19,2023-07-04,2023-07-18,0.015398547098749276,0.02822538
LSTM,mean,14,3,2023-05-28,2023-10-19,2023-07-05,2023-07-19,0.015337976231806149,0.029051606
LSTM,mean,14,3,2023-05-28,2023-10-19,2023-07-06,2023-07-20,0.0151222191476377,0.029672388
LSTM,mean,14,3,2023-05-28,2023-10-19,2023-07-07,2023-07-21,0.0151318451527297,0.029792305
LSTM,mean,14,3,2023-05-28,2023-10-19,2023-07-08,2023-07-22,0.015154254307802536,0.02921531
LSTM,mean,14,3,2023-05-28,2023-10-19,2023-07-09,2023-07-23,0.015521889627311635,0.028280433
LSTM,mean,14,3,2023-05-28,2023-10-19,2023-07-10,2023-07-24,0.015734868603895745,0.02727219
LSTM,mean,14,3,2023-05-28,2023-10-19,2023-07-11,2023-07-25,0.017499234629100403,0.025205847
LSTM,mean,14,3,2023-05-28,2023-10-19,2023-07-12,2023-07-26,0.016882932317259604,0.023372862
LSTM,mean,14,3,2023-05-28,2023-10-19,2023-07-13,2023-07-27,0.016304484167451897,0.022304755
LSTM,mean,14,3,2023-05-28,2023-10-19,2023-07-14,2023-07-28,0.016094643447225748,0.02167232
LSTM,mean,14,3,2023-05-28,2023-10-19,2023-07-15,2023-07-29,0.015495106124443202,0.021310296
LSTM,mean,14,3,2023-05-28,2023-10-19,2023-07-16,2023-07-30,0.014786026774915318,0.020965185
LSTM,mean,14,3,2023-05-28,2023-10-19,2023-07-17,2023-07-31,0.014613387658776041,0.020818662
LSTM,mean,14,3,2023-05-28,2023-10-19,2023-07-18,2023-08-01,0.015829941411054087,0.020479243
LSTM,mean,14,3,2023-05-28,2023-10-19,2023-07-19,2023-08-02,0.016129579912494238,0.020409722
LSTM,mean,14,3,2023-05-28,2023-10-19,2023-07-20,2023-08-03,0.01683912208995456,0.020455923
LSTM,mean,14,3,2023-05-28,2023-10-19,2023-07-21,2023-08-04,0.016979264306447285,0.020700444
LSTM,mean,14,3,2023-05-28,2023-10-19,2023-07-22,2023-08-05,0.01716472437324465,0.02105688
LSTM,mean,14,3,2023-05-28,2023-10-19,2023-07-23,2023-08-06,0.01668445586844775,0.021677729
LSTM,mean,14,3,2023-05-28,2023-10-19,2023-07-24,2023-08-07,0.015999248513226764,0.022291962
LSTM,mean,14,3,2023-05-28,2023-10-19,2023-07-25,2023-08-08,0.014443916390635279,0.023908112
LSTM,mean,14,3,2023-05-28,2023-10-19,2023-07-26,2023-08-09,0.014858106806785343,0.024631958
LSTM,mean,14,3,2023-05-28,2023-10-19,2023-07-27,2023-08-10,0.015395880126889437,0.02440298
LSTM,mean,14,3,2023-05-28,2023-10-19,2023-07-28,2023-08-11,0.01597114731325099,0.023723934
LSTM,mean,14,3,2023-05-28,2023-10-19,2023-07-29,2023-08-12,0.01727720521848292,0.022604477
LSTM,mean,14,3,2023-05-28,2023-10-19,2023-07-30,2023-08-13,0.019287951589009554,0.021218184
LSTM,mean,14,3,2023-05-28,2023-10-19,2023-07-31,2023-08-14,0.020337425227242575,0.02017625
LSTM,mean,14,3,2023-05-28,2023-10-19,2023-08-01,2023-08-15,0.02004952460711604,0.020498399
LSTM,mean,14,3,2023-05-28,2023-10-19,2023-08-02,2023-08-16,0.020050840739817603,0.021301996
LSTM,mean,14,3,2023-05-28,2023-10-19,2023-08-03,2023-08-17,0.019636256420528776,0.022538926
LSTM,mean,14,3,2023-05-28,2023-10-19,2023-08-04,2023-08-18,0.019839822585211185,0.02354839
LSTM,mean,14,3,2023-05-28,2023-10-19,2023-08-05,2023-08-19,0.020202660464567774,0.024230454
LSTM,mean,14,3,2023-05-28,2023-10-19,2023-08-06,2023-08-20,0.021500459689544008,0.024135668
LSTM,mean,14,3,2023-05-28,2023-10-19,2023-08-07,2023-08-21,0.02251016703196554,0.023301128
LSTM,mean,14,3,2023-05-28,2023-10-19,2023-08-08,2023-08-22,0.024969388540383552,0.021416012
LSTM,mean,14,3,2023-05-28,2023-10-19,2023-08-09,2023-08-23,0.026200885200839522,0.0202646
LSTM,mean,14,3,2023-05-28,2023-10-19,2023-08-10,2023-08-24,0.026835974681743178,0.020098802
LSTM,mean,14,3,2023-05-28,2023-10-19,2023-08-11,2023-08-25,0.027203321512249412,0.020751137
LSTM,mean,14,3,2023-05-28,2023-10-19,2023-08-12,2023-08-26,0.02742056385042249,0.022401404
LSTM,mean,14,3,2023-05-28,2023-10-19,2023-08-13,2023-08-27,0.027367559848038212,0.025142904
LSTM,mean,14,3,2023-05-28,2023-10-19,2023-08-14,2023-08-28,0.025368347649415868,0.02779911
LSTM,mean,14,3,2023-05-28,2023-10-19,2023-08-15,2023-08-29,0.025850504108248712,0.029106896
LSTM,mean,14,3,2023-05-28,2023-10-19,2023-08-16,2023-08-30,0.02589425783196988,0.02933168
LSTM,mean,14,3,2023-05-28,2023-10-19,2023-08-17,2023-08-31,0.026258065168719865,0.028541911
LSTM,mean,14,3,2023-05-28,2023-10-19,2023-08-18,2023-09-01,0.02658797698447568,0.027626302
LSTM,mean,14,3,2023-05-28,2023-10-19,2023-08-19,2023-09-02,0.027435533877634415,0.02703451
LSTM,mean,14,3,2023-05-28,2023-10-19,2023-08-20,2023-09-03,0.0277461345559839,0.027525414
LSTM,mean,14,3,2023-05-28,2023-10-19,2023-08-21,2023-09-04,0.02996470924665842,0.028709803
LSTM,mean,14,3,2023-05-28,2023-10-19,2023-08-22,2023-09-05,0.030711415932792845,0.03131629
LSTM,mean,14,3,2023-05-28,2023-10-19,2023-08-23,2023-09-06,0.03146528337075428,0.034017947
LSTM,mean,14,3,2023-05-28,2023-10-19,2023-08-24,2023-09-07,0.03168780574315189,0.035995632
LSTM,mean,14,3,2023-05-28,2023-10-19,2023-08-25,2023-09-08,0.03266538052227829,0.036981143
LSTM,mean,14,3,2023-05-28,2023-10-19,2023-08-26,2023-09-09,0.033521956298179126,0.03707874
LSTM,mean,14,3,2023-05-28,2023-10-19,2023-08-27,2023-09-10,0.0341728924304534,0.036441594
LSTM,mean,14,3,2023-05-28,2023-10-19,2023-08-28,2023-09-11,0.036521332487694604,0.034059938
LSTM,mean,14,3,2023-05-28,2023-10-19,2023-08-29,2023-09-12,0.035600796321057775,0.03228229
LSTM,mean,14,3,2023-05-28,2023-10-19,2023-08-30,2023-09-13,0.03883209852197485,0.03117026
LSTM,mean,14,3,2023-05-28,2023-10-19,2023-08-31,2023-09-14,0.04042577564475446,0.030932885
LSTM,mean,14,3,2023-05-28,2023-10-19,2023-09-01,2023-09-15,0.04116502475590788,0.031335194
LSTM,mean,14,3,2023-05-28,2023-10-19,2023-09-02,2023-09-16,0.04120155018039486,0.03247108
LSTM,mean,14,3,2023-05-28,2023-10-19,2023-09-03,2023-09-17,0.041760873519425014,0.033672363
LSTM,mean,14,3,2023-05-28,2023-10-19,2023-09-04,2023-09-18,0.039864854609507935,0.03611644
LSTM,mean,14,3,2023-05-28,2023-10-19,2023-09-05,2023-09-19,0.041135083147445385,0.038416337
LSTM,mean,14,3,2023-05-28,2023-10-19,2023-09-06,2023-09-20,0.041876885212484914,0.040298548
LSTM,mean,14,3,2023-05-28,2023-10-19,2023-09-07,2023-09-21,0.04266065582821124,0.04131353
LSTM,mean,14,3,2023-05-28,2023-10-19,2023-09-08,2023-09-22,0.041212188005497245,0.04215326
LSTM,mean,14,3,2023-05-28,2023-10-19,2023-09-09,2023-09-23,0.040633468941889246,0.042882435
LSTM,mean,14,3,2023-05-28,2023-10-19,2023-09-10,2023-09-24,0.04071261732651853,0.043440912
LSTM,mean,14,3,2023-05-28,2023-10-19,2023-09-11,2023-09-25,0.0416876196818655,0.04511394
LSTM,mean,14,3,2023-05-28,2023-10-19,2023-09-12,2023-09-26,0.047299294875667516,0.04536054
LSTM,mean,14,3,2023-05-28,2023-10-19,2023-09-13,2023-09-27,0.04838185137688062,0.047290076
LSTM,mean,14,3,2023-05-28,2023-10-19,2023-09-14,2023-09-28,0.04926153471640357,0.04961365
LSTM,mean,14,3,2023-05-28,2023-10-19,2023-09-15,2023-09-29,0.05079215335944181,0.051354263
LSTM,mean,14,3,2023-05-28,2023-10-19,2023-09-16,2023-09-30,0.052099173497155475,0.05189345
LSTM,mean,14,3,2023-05-28,2023-10-19,2023-09-17,2023-10-01,0.054228481091523596,0.05189613
LSTM,mean,14,3,2023-05-28,2023-10-19,2023-09-18,2023-10-02,0.054228481091523596,0.049778696
LSTM,mean,14,3,2023-05-28,2023-10-19,2023-09-19,2023-10-03,0.057160646307487406,0.048522424
LSTM,mean,14,3,2023-05-28,2023-10-19,2023-09-20,2023-10-04,0.059207134577776245,0.04808138
LSTM,mean,14,3,2023-05-28,2023-10-19,2023-09-21,2023-10-05,0.06040940308825981,0.0484025
LSTM,mean,14,3,2023-05-28,2023-10-19,2023-09-22,2023-10-06,0.06090063841936074,0.047567323
LSTM,mean,14,3,2023-05-28,2023-10-19,2023-09-23,2023-10-07,0.06131938534129275,0.046314057
LSTM,mean,14,3,2023-05-28,2023-10-19,2023-09-24,2023-10-08,0.06158822492011762,0.0453538
LSTM,mean,14,3,2023-05-28,2023-10-19,2023-09-25,2023-10-09,0.06316475928926725,0.045496132
LSTM,mean,14,3,2023-05-28,2023-10-19,2023-09-26,2023-10-10,0.06103983214692733,0.050068766
LSTM,mean,14,3,2023-05-28,2023-10-19,2023-09-27,2023-10-11,0.06022950922231705,0.05474579
LSTM,mean,14,3,2023-05-28,2023-10-19,2023-09-28,2023-10-12,0.05870774680915994,0.058482025
LSTM,mean,14,3,2023-05-28,2023-10-19,2023-09-29,2023-10-13,0.05768381652170041,0.061540242
LSTM,mean,14,3,2023-05-28,2023-10-19,2023-09-30,2023-10-14,0.05631481367631079,0.06380877
LSTM,mean,14,3,2023-05-28,2023-10-19,2023-10-01,2023-10-15,0.05466154656903291,0.06606828
LSTM,mean,14,3,2023-05-28,2023-10-19,2023-10-02,2023-10-16,0.05529457903908453,0.06681986
LSTM,mean,14,3,2023-05-28,2023-10-19,2023-10-03,2023-10-17,0.05439798857076055,0.0685584
LSTM,mean,14,3,2023-05-28,2023-10-19,2023-10-04,2023-10-18,0.05413901437052666,0.07072854
LSTM,mean,14,3,2023-05-28,2023-10-19,2023-10-05,2023-10-19,0.05428202115080427,0.072506085
LSTM,mean,28,3,2023-05-28,2023-10-19,2023-05-01,2023-05-29,0.042551361925533084,0.058979966
LSTM,mean,28,3,2023-05-28,2023-10-19,2023-05-02,2023-05-30,0.04043135449563707,0.0621858
LSTM,mean,28,3,2023-05-28,2023-10-19,2023-05-03,2023-05-31,0.03795676346336498,0.068456836
LSTM,mean,28,3,2023-05-28,2023-10-19,2023-05-04,2023-06-01,0.0373976908582477,0.08582534
LSTM,mean,28,3,2023-05-28,2023-10-19,2023-05-05,2023-06-02,0.03690902293726377,0.101213925
LSTM,mean,28,3,2023-05-28,2023-10-19,2023-05-06,2023-06-03,0.03622520779966677,0.110024445
LSTM,mean,28,3,2023-05-28,2023-10-19,2023-05-07,2023-06-04,0.03448489307368162,0.11229508
LSTM,mean,28,3,2023-05-28,2023-10-19,2023-05-08,2023-06-05,0.03225515634722982,0.109663196
LSTM,mean,28,3,2023-05-28,2023-10-19,2023-05-09,2023-06-06,0.028847458859593642,0.10701314
LSTM,mean,28,3,2023-05-28,2023-10-19,2023-05-10,2023-06-07,0.028145270889968054,0.105675
LSTM,mean,28,3,2023-05-28,2023-10-19,2023-05-11,2023-06-08,0.027810438343931678,0.104944214
LSTM,mean,28,3,2023-05-28,2023-10-19,2023-05-12,2023-06-09,0.02761640273894596,0.10309614
LSTM,mean,28,3,2023-05-28,2023-10-19,2023-05-13,2023-06-10,0.027761573235458626,0.10326745
LSTM,mean,28,3,2023-05-28,2023-10-19,2023-05-14,2023-06-11,0.027631140122086423,0.100124545
LSTM,mean,28,3,2023-05-28,2023-10-19,2023-05-15,2023-06-12,0.02762767224760617,0.09342283
LSTM,mean,28,3,2023-05-28,2023-10-19,2023-05-16,2023-06-13,0.026644098206145692,0.08464209
LSTM,mean,28,3,2023-05-28,2023-10-19,2023-05-17,2023-06-14,0.02504189692726691,0.07971923
LSTM,mean,28,3,2023-05-28,2023-10-19,2023-05-18,2023-06-15,0.023385253504520125,0.07143387
LSTM,mean,28,3,2023-05-28,2023-10-19,2023-05-19,2023-06-16,0.02142041114707139,0.06906642
LSTM,mean,28,3,2023-05-28,2023-10-19,2023-05-20,2023-06-17,0.020512634232813375,0.070832945
LSTM,mean,28,3,2023-05-28,2023-10-19,2023-05-21,2023-06-18,0.02026787013347333,0.07293931
LSTM,mean,28,3,2023-05-28,2023-10-19,2023-05-22,2023-06-19,0.020176321577711504,0.07297397
LSTM,mean,28,3,2023-05-28,2023-10-19,2023-05-23,2023-06-20,0.018046791735304078,0.06626511
LSTM,mean,28,3,2023-05-28,2023-10-19,2023-05-24,2023-06-21,0.01782346923076451,0.056764856
LSTM,mean,28,3,2023-05-28,2023-10-19,2023-05-25,2023-06-22,0.017466834157230875,0.047802255
LSTM,mean,28,3,2023-05-28,2023-10-19,2023-05-26,2023-06-23,0.017089554682335775,0.042620268
LSTM,mean,28,3,2023-05-28,2023-10-19,2023-05-27,2023-06-24,0.01693682862194099,0.039860997
LSTM,mean,28,3,2023-05-28,2023-10-19,2023-05-28,2023-06-25,0.01640869622741816,0.039667573
LSTM,mean,28,3,2023-05-28,2023-10-19,2023-05-29,2023-06-26,0.015725670490165287,0.04030298
LSTM,mean,28,3,2023-05-28,2023-10-19,2023-05-30,2023-06-27,0.015951370470315467,0.0408813
LSTM,mean,28,3,2023-05-28,2023-10-19,2023-05-31,2023-06-28,0.01704843124923566,0.041591145
LSTM,mean,28,3,2023-05-28,2023-10-19,2023-06-01,2023-06-29,0.017797876758688304,0.044501197
LSTM,mean,28,3,2023-05-28,2023-10-19,2023-06-02,2023-06-30,0.01877817819159672,0.048068825
LSTM,mean,28,3,2023-05-28,2023-10-19,2023-06-03,2023-07-01,0.019028913999890686,0.04952789
LSTM,mean,28,3,2023-05-28,2023-10-19,2023-06-04,2023-07-02,0.019183484327958265,0.049158897
LSTM,mean,28,3,2023-05-28,2023-10-19,2023-06-05,2023-07-03,0.018556853209503864,0.048151594
LSTM,mean,28,3,2023-05-28,2023-10-19,2023-06-06,2023-07-04,0.020850459390244182,0.045191295
LSTM,mean,28,3,2023-05-28,2023-10-19,2023-06-07,2023-07-05,0.021286407339735632,0.043451767
LSTM,mean,28,3,2023-05-28,2023-10-19,2023-06-08,2023-07-06,0.02164392810426926,0.043050304
LSTM,mean,28,3,2023-05-28,2023-10-19,2023-06-09,2023-07-07,0.02163082518330223,0.04370871
LSTM,mean,28,3,2023-05-28,2023-10-19,2023-06-10,2023-07-08,0.02120042551741052,0.045091532
LSTM,mean,28,3,2023-05-28,2023-10-19,2023-06-11,2023-07-09,0.020921871382180292,0.046396684
LSTM,mean,28,3,2023-05-28,2023-10-19,2023-06-12,2023-07-10,0.02064764913305339,0.047463715
LSTM,mean,28,3,2023-05-28,2023-10-19,2023-06-13,2023-07-11,0.018759703832617464,0.04738619
LSTM,mean,28,3,2023-05-28,2023-10-19,2023-06-14,2023-07-12,0.01825554387776106,0.045833055
LSTM,mean,28,3,2023-05-28,2023-10-19,2023-06-15,2023-07-13,0.01815728668450978,0.043261237
LSTM,mean,28,3,2023-05-28,2023-10-19,2023-06-16,2023-07-14,0.01766133925586516,0.03999669
LSTM,mean,28,3,2023-05-28,2023-10-19,2023-06-17,2023-07-15,0.017142980076093314,0.037423424
LSTM,mean,28,3,2023-05-28,2023-10-19,2023-06-18,2023-07-16,0.016451451474528863,0.03622719
LSTM,mean,28,3,2023-05-28,2023-10-19,2023-06-19,2023-07-17,0.01614893541158249,0.036140207
LSTM,mean,28,3,2023-05-28,2023-10-19,2023-06-20,2023-07-18,0.015398547098749276,0.034879733
LSTM,mean,28,3,2023-05-28,2023-10-19,2023-06-21,2023-07-19,0.015337976231806149,0.033944905
LSTM,mean,28,3,2023-05-28,2023-10-19,2023-06-22,2023-07-20,0.0151222191476377,0.03335851
LSTM,mean,28,3,2023-05-28,2023-10-19,2023-06-23,2023-07-21,0.0151318451527297,0.032966364
LSTM,mean,28,3,2023-05-28,2023-10-19,2023-06-24,2023-07-22,0.015154254307802536,0.03281727
LSTM,mean,28,3,2023-05-28,2023-10-19,2023-06-25,2023-07-23,0.015521889627311635,0.03248117
LSTM,mean,28,3,2023-05-28,2023-10-19,2023-06-26,2023-07-24,0.015734868603895745,0.03179568
LSTM,mean,28,3,2023-05-28,2023-10-19,2023-06-27,2023-07-25,0.017499234629100403,0.03160432
LSTM,mean,28,3,2023-05-28,2023-10-19,2023-06-28,2023-07-26,0.016882932317259604,0.032575034
LSTM,mean,28,3,2023-05-28,2023-10-19,2023-06-29,2023-07-27,0.016304484167451897,0.03403997
LSTM,mean,28,3,2023-05-28,2023-10-19,2023-06-30,2023-07-28,0.016094643447225748,0.035777234
LSTM,mean,28,3,2023-05-28,2023-10-19,2023-07-01,2023-07-29,0.015495106124443202,0.036968525
LSTM,mean,28,3,2023-05-28,2023-10-19,2023-07-02,2023-07-30,0.014786026774915318,0.03755972
LSTM,mean,28,3,2023-05-28,2023-10-19,2023-07-03,2023-07-31,0.014613387658776041,0.037142545
LSTM,mean,28,3,2023-05-28,2023-10-19,2023-07-04,2023-08-01,0.015829941411054087,0.03847913
LSTM,mean,28,3,2023-05-28,2023-10-19,2023-07-05,2023-08-02,0.016129579912494238,0.039916884
LSTM,mean,28,3,2023-05-28,2023-10-19,2023-07-06,2023-08-03,0.01683912208995456,0.04101576
LSTM,mean,28,3,2023-05-28,2023-10-19,2023-07-07,2023-08-04,0.016979264306447285,0.041470733
LSTM,mean,28,3,2023-05-28,2023-10-19,2023-07-08,2023-08-05,0.01716472437324465,0.041120183
LSTM,mean,28,3,2023-05-28,2023-10-19,2023-07-09,2023-08-06,0.01668445586844775,0.040403064
LSTM,mean,28,3,2023-05-28,2023-10-19,2023-07-10,2023-08-07,0.015999248513226764,0.039608017
LSTM,mean,28,3,2023-05-28,2023-10-19,2023-07-11,2023-08-08,0.014443916390635279,0.03754713
LSTM,mean,28,3,2023-05-28,2023-10-19,2023-07-12,2023-08-09,0.014858106806785343,0.035709176
LSTM,mean,28,3,2023-05-28,2023-10-19,2023-07-13,2023-08-10,0.015395880126889437,0.034714956
LSTM,mean,28,3,2023-05-28,2023-10-19,2023-07-14,2023-08-11,0.01597114731325099,0.034074683
LSTM,mean,28,3,2023-05-28,2023-10-19,2023-07-15,2023-08-12,0.01727720521848292,0.033514712
LSTM,mean,28,3,2023-05-28,2023-10-19,2023-07-16,2023-08-13,0.019287951589009554,0.03276811
LSTM,mean,28,3,2023-05-28,2023-10-19,2023-07-17,2023-08-14,0.020337425227242575,0.03215666
LSTM,mean,28,3,2023-05-28,2023-10-19,2023-07-18,2023-08-15,0.02004952460711604,0.031323023
LSTM,mean,28,3,2023-05-28,2023-10-19,2023-07-19,2023-08-16,0.020050840739817603,0.030855501
LSTM,mean,28,3,2023-05-28,2023-10-19,2023-07-20,2023-08-17,0.019636256420528776,0.030595856
LSTM,mean,28,3,2023-05-28,2023-10-19,2023-07-21,2023-08-18,0.019839822585211185,0.030595371
LSTM,mean,28,3,2023-05-28,2023-10-19,2023-07-22,2023-08-19,0.020202660464567774,0.030738624
LSTM,mean,28,3,2023-05-28,2023-10-19,2023-07-23,2023-08-20,0.021500459689544008,0.031189578
LSTM,mean,28,3,2023-05-28,2023-10-19,2023-07-24,2023-08-21,0.02251016703196554,0.031700037
LSTM,mean,28,3,2023-05-28,2023-10-19,2023-07-25,2023-08-22,0.024969388540383552,0.03341991
LSTM,mean,28,3,2023-05-28,2023-10-19,2023-07-26,2023-08-23,0.026200885200839522,0.034113195
LSTM,mean,28,3,2023-05-28,2023-10-19,2023-07-27,2023-08-24,0.026835974681743178,0.033749986
LSTM,mean,28,3,2023-05-28,2023-10-19,2023-07-28,2023-08-25,0.027203321512249412,0.03306435
LSTM,mean,28,3,2023-05-28,2023-10-19,2023-07-29,2023-08-26,0.02742056385042249,0.032081164
LSTM,mean,28,3,2023-05-28,2023-10-19,2023-07-30,2023-08-27,0.027367559848038212,0.030908132
LSTM,mean,28,3,2023-05-28,2023-10-19,2023-07-31,2023-08-28,0.025368347649415868,0.030131446
LSTM,mean,28,3,2023-05-28,2023-10-19,2023-08-01,2023-08-29,0.025850504108248712,0.0308553
LSTM,mean,28,3,2023-05-28,2023-10-19,2023-08-02,2023-08-30,0.02589425783196988,0.031902067
LSTM,mean,28,3,2023-05-28,2023-10-19,2023-08-03,2023-08-31,0.026258065168719865,0.03315362
LSTM,mean,28,3,2023-05-28,2023-10-19,2023-08-04,2023-09-01,0.02658797698447568,0.033968844
LSTM,mean,28,3,2023-05-28,2023-10-19,2023-08-05,2023-09-02,0.027435533877634415,0.03440521
LSTM,mean,28,3,2023-05-28,2023-10-19,2023-08-06,2023-09-03,0.0277461345559839,0.034093563
LSTM,mean,28,3,2023-05-28,2023-10-19,2023-08-07,2023-09-04,0.02996470924665842,0.0331339
LSTM,mean,28,3,2023-05-28,2023-10-19,2023-08-08,2023-09-05,0.030711415932792845,0.031164685
LSTM,mean,28,3,2023-05-28,2023-10-19,2023-08-09,2023-09-06,0.03146528337075428,0.030217493
LSTM,mean,28,3,2023-05-28,2023-10-19,2023-08-10,2023-09-07,0.03168780574315189,0.030442776
LSTM,mean,28,3,2023-05-28,2023-10-19,2023-08-11,2023-09-08,0.03266538052227829,0.03140021
LSTM,mean,28,3,2023-05-28,2023-10-19,2023-08-12,2023-09-09,0.033521956298179126,0.033201918
LSTM,mean,28,3,2023-05-28,2023-10-19,2023-08-13,2023-09-10,0.0341728924304534,0.03599777
LSTM,mean,28,3,2023-05-28,2023-10-19,2023-08-14,2023-09-11,0.036521332487694604,0.038555257
LSTM,mean,28,3,2023-05-28,2023-10-19,2023-08-15,2023-09-12,0.035600796321057775,0.039580554
LSTM,mean,28,3,2023-05-28,2023-10-19,2023-08-16,2023-09-13,0.03883209852197485,0.039653827
LSTM,mean,28,3,2023-05-28,2023-10-19,2023-08-17,2023-09-14,0.04042577564475446,0.038967296
LSTM,mean,28,3,2023-05-28,2023-10-19,2023-08-18,2023-09-15,0.04116502475590788,0.038455296
LSTM,mean,28,3,2023-05-28,2023-10-19,2023-08-19,2023-09-16,0.04120155018039486,0.03844253
LSTM,mean,28,3,2023-05-28,2023-10-19,2023-08-20,2023-09-17,0.041760873519425014,0.03960877
LSTM,mean,28,3,2023-05-28,2023-10-19,2023-08-21,2023-09-18,0.039864854609507935,0.041362908
LSTM,mean,28,3,2023-05-28,2023-10-19,2023-08-22,2023-09-19,0.041135083147445385,0.044503797
LSTM,mean,28,3,2023-05-28,2023-10-19,2023-08-23,2023-09-20,0.041876885212484914,0.047561858
LSTM,mean,28,3,2023-05-28,2023-10-19,2023-08-24,2023-09-21,0.04266065582821124,0.049737103
LSTM,mean,28,3,2023-05-28,2023-10-19,2023-08-25,2023-09-22,0.041212188005497245,0.050942004
LSTM,mean,28,3,2023-05-28,2023-10-19,2023-08-26,2023-09-23,0.040633468941889246,0.051391356
LSTM,mean,28,3,2023-05-28,2023-10-19,2023-08-27,2023-09-24,0.04071261732651853,0.051210113
LSTM,mean,28,3,2023-05-28,2023-10-19,2023-08-28,2023-09-25,0.0416876196818655,0.04904784
LSTM,mean,28,3,2023-05-28,2023-10-19,2023-08-29,2023-09-26,0.047299294875667516,0.047581196
LSTM,mean,28,3,2023-05-28,2023-10-19,2023-08-30,2023-09-27,0.04838185137688062,0.046806235
LSTM,mean,28,3,2023-05-28,2023-10-19,2023-08-31,2023-09-28,0.04926153471640357,0.046849724
LSTM,mean,28,3,2023-05-28,2023-10-19,2023-09-01,2023-09-29,0.05079215335944181,0.04739886
LSTM,mean,28,3,2023-05-28,2023-10-19,2023-09-02,2023-09-30,0.052099173497155475,0.048594944
LSTM,mean,28,3,2023-05-28,2023-10-19,2023-09-03,2023-10-01,0.054228481091523596,0.049707253
LSTM,mean,28,3,2023-05-28,2023-10-19,2023-09-04,2023-10-02,0.054228481091523596,0.052208826
LSTM,mean,28,3,2023-05-28,2023-10-19,2023-09-05,2023-10-03,0.057160646307487406,0.054574326
LSTM,mean,28,3,2023-05-28,2023-10-19,2023-09-06,2023-10-04,0.059207134577776245,0.05654336
LSTM,mean,28,3,2023-05-28,2023-10-19,2023-09-07,2023-10-05,0.06040940308825981,0.057694323
LSTM,mean,28,3,2023-05-28,2023-10-19,2023-09-08,2023-10-06,0.06090063841936074,0.058871195
LSTM,mean,28,3,2023-05-28,2023-10-19,2023-09-09,2023-10-07,0.06131938534129275,0.06012563
LSTM,mean,28,3,2023-05-28,2023-10-19,2023-09-10,2023-10-08,0.06158822492011762,0.061290544
LSTM,mean,28,3,2023-05-28,2023-10-19,2023-09-11,2023-10-09,0.06316475928926725,0.06385984
LSTM,mean,28,3,2023-05-28,2023-10-19,2023-09-12,2023-10-10,0.06103983214692733,0.06475968
LSTM,mean,28,3,2023-05-28,2023-10-19,2023-09-13,2023-10-11,0.06022950922231705,0.06763394
LSTM,mean,28,3,2023-05-28,2023-10-19,2023-09-14,2023-10-12,0.05870774680915994,0.071009226
LSTM,mean,28,3,2023-05-28,2023-10-19,2023-09-15,2023-10-13,0.05768381652170041,0.073734
LSTM,mean,28,3,2023-05-28,2023-10-19,2023-09-16,2023-10-14,0.05631481367631079,0.075075105
LSTM,mean,28,3,2023-05-28,2023-10-19,2023-09-17,2023-10-15,0.05466154656903291,0.075706884
LSTM,mean,28,3,2023-05-28,2023-10-19,2023-09-18,2023-10-16,0.05529457903908453,0.07365163
LSTM,mean,28,3,2023-05-28,2023-10-19,2023-09-19,2023-10-17,0.05439798857076055,0.07227715
LSTM,mean,28,3,2023-05-28,2023-10-19,2023-09-20,2023-10-18,0.05413901437052666,0.07160415
LSTM,mean,28,3,2023-05-28,2023-10-19,2023-09-21,2023-10-19,0.05428202115080427,0.07170101
LSTM,variance,14,3,2023-05-28,2023-10-19,2023-05-15,2023-05-29,0.0005165039138387742,0.0050747897
LSTM,variance,14,3,2023-05-28,2023-10-19,2023-05-16,2023-05-30,0.000396534719328378,0.0042352206
LSTM,variance,14,3,2023-05-28,2023-10-19,2023-05-17,2023-05-31,0.0003612216101206669,0.0034028215
LSTM,variance,14,3,2023-05-28,2023-10-19,2023-05-18,2023-06-01,0.00036779103154906064,0.003072659
LSTM,variance,14,3,2023-05-28,2023-10-19,2023-05-19,2023-06-02,0.0003706641551886727,0.0029134417
LSTM,variance,14,3,2023-05-28,2023-10-19,2023-05-20,2023-06-03,0.00037567529558119126,0.0026111298
LSTM,variance,14,3,2023-05-28,2023-10-19,2023-05-21,2023-06-04,0.00037879015378993196,0.0025696147
LSTM,variance,14,3,2023-05-28,2023-10-19,2023-05-22,2023-06-05,0.00031668612824860325,0.0027653081
LSTM,variance,14,3,2023-05-28,2023-10-19,2023-05-23,2023-06-06,8.242633513760308e-05,0.002444742
LSTM,variance,14,3,2023-05-28,2023-10-19,2023-05-24,2023-06-07,9.624188303081485e-05,0.0019884862
LSTM,variance,14,3,2023-05-28,2023-10-19,2023-05-25,2023-06-08,0.00010380435104511207,0.001502848
LSTM,variance,14,3,2023-05-28,2023-10-19,2023-05-26,2023-06-09,0.00010747163506636533,0.0010814156
LSTM,variance,14,3,2023-05-28,2023-10-19,2023-05-27,2023-06-10,0.00010446051684804562,0.00089329854
LSTM,variance,14,3,2023-05-28,2023-10-19,2023-05-28,2023-06-11,0.00010479076615257291,0.00083964504
LSTM,variance,14,3,2023-05-28,2023-10-19,2023-05-29,2023-06-12,0.00010474173474624883,0.0008153354
LSTM,variance,14,3,2023-05-28,2023-10-19,2023-05-30,2023-06-13,6.469446961682607e-05,0.0007258004
LSTM,variance,14,3,2023-05-28,2023-10-19,2023-05-31,2023-06-14,9.423757255570466e-05,0.00060570484
LSTM,variance,14,3,2023-05-28,2023-10-19,2023-06-01,2023-06-15,0.00012100580670343002,0.00048664876
LSTM,variance,14,3,2023-05-28,2023-10-19,2023-06-02,2023-06-16,0.00014281659105401434,0.0003924045
LSTM,variance,14,3,2023-05-28,2023-10-19,2023-06-03,2023-06-17,0.00014074980416563975,0.0003613513
LSTM,variance,14,3,2023-05-28,2023-10-19,2023-06-04,2023-06-18,0.0001406241991228432,0.00045427005
LSTM,variance,14,3,2023-05-28,2023-10-19,2023-06-05,2023-06-19,0.0001386858046172259,0.000531996
LSTM,variance,14,3,2023-05-28,2023-10-19,2023-06-06,2023-06-20,0.00011760469988271101,0.00048269227
LSTM,variance,14,3,2023-05-28,2023-10-19,2023-06-07,2023-06-21,0.000120034800592035,0.00033700594
LSTM,variance,14,3,2023-05-28,2023-10-19,2023-06-08,2023-06-22,0.00012387075776166634,0.00015947178
LSTM,variance,14,3,2023-05-28,2023-10-19,2023-06-09,2023-06-23,0.0001257714385614887,-1.6594764e-05
LSTM,variance,14,3,2023-05-28,2023-10-19,2023-06-10,2023-06-24,0.0001358986254905031,-0.00015492899
LSTM,variance,14,3,2023-05-28,2023-10-19,2023-06-11,2023-06-25,0.0001296025800320577,-0.00023460433
LSTM,variance,14,3,2023-05-28,2023-10-19,2023-06-12,2023-06-26,0.00010938329996854319,-0.00025774096
LSTM,variance,14,3,2023-05-28,2023-10-19,2023-06-13,2023-06-27,0.00012150273778285357,-0.0002852534
LSTM,variance,14,3,2023-05-28,2023-10-19,2023-06-14,2023-06-28,0.00011365301432943044,-0.00029444788
LSTM,variance,14,3,2023-05-28,2023-10-19,2023-06-15,2023-06-29,0.00010157736211233028,-0.0002855463
LSTM,variance,14,3,2023-05-28,2023-10-19,2023-06-16,2023-06-30,8.369138246784943e-05,-0.00026430283
LSTM,variance,14,3,2023-05-28,2023-10-19,2023-06-17,2023-07-01,8.281965861820725e-05,-0.0002461234
LSTM,variance,14,3,2023-05-28,2023-10-19,2023-06-18,2023-07-02,8.309215793671043e-05,-0.00023364018
LSTM,variance,14,3,2023-05-28,2023-10-19,2023-06-19,2023-07-03,7.430987919036254e-05,-0.00022744782
LSTM,variance,14,3,2023-05-28,2023-10-19,2023-06-20,2023-07-04,9.421657124288995e-05,-0.00023431004
LSTM,variance,14,3,2023-05-28,2023-10-19,2023-06-21,2023-07-05,8.768492552391355e-05,-0.0002418782
LSTM,variance,14,3,2023-05-28,2023-10-19,2023-06-22,2023-07-06,8.072378920634389e-05,-0.00024641422
LSTM,variance,14,3,2023-05-28,2023-10-19,2023-06-23,2023-07-07,8.099134228211503e-05,-0.00024811062
LSTM,variance,14,3,2023-05-28,2023-10-19,2023-06-24,2023-07-08,7.73546532432404e-05,-0.00024403281
LSTM,variance,14,3,2023-05-28,2023-10-19,2023-06-25,2023-07-09,7.991587560407396e-05,-0.00024223862
LSTM,variance,14,3,2023-05-28,2023-10-19,2023-06-26,2023-07-10,7.838855917153161e-05,-0.0002500154
LSTM,variance,14,3,2023-05-28,2023-10-19,2023-06-27,2023-07-11,4.110197372174843e-05,-0.00025282893
LSTM,variance,14,3,2023-05-28,2023-10-19,2023-06-28,2023-07-12,4.295705493103402e-05,-0.0002573745
LSTM,variance,14,3,2023-05-28,2023-10-19,2023-06-29,2023-07-13,4.381126794360352e-05,-0.00026602694
LSTM,variance,14,3,2023-05-28,2023-10-19,2023-06-30,2023-07-14,4.930382379909738e-05,-0.00028088945
LSTM,variance,14,3,2023-05-28,2023-10-19,2023-07-01,2023-07-15,5.165058902079529e-05,-0.00029341248
LSTM,variance,14,3,2023-05-28,2023-10-19,2023-07-02,2023-07-16,5.2713073233251855e-05,-0.00030162232
LSTM,variance,14,3,2023-05-28,2023-10-19,2023-07-03,2023-07-17,5.085755326524275e-05,-0.0003097898
LSTM,variance,14,3,2023-05-28,2023-10-19,2023-07-04,2023-07-18,2.2425920283682633e-05,-0.00030650455
LSTM,variance,14,3,2023-05-28,2023-10-19,2023-07-05,2023-07-19,2.2270049090947326e-05,-0.00030385866
LSTM,variance,14,3,2023-05-28,2023-10-19,2023-07-06,2023-07-20,2.3170543472659755e-05,-0.00030456926
LSTM,variance,14,3,2023-05-28,2023-10-19,2023-07-07,2023-07-21,2.310975956974895e-05,-0.000305722
LSTM,variance,14,3,2023-05-28,2023-10-19,2023-07-08,2023-07-22,2.3139638278931333e-05,-0.00030828826
LSTM,variance,14,3,2023-05-28,2023-10-19,2023-07-09,2023-07-23,2.478480415949975e-05,-0.0003092892
LSTM,variance,14,3,2023-05-28,2023-10-19,2023-07-10,2023-07-24,2.8139717463203465e-05,-0.00031021074
LSTM,variance,14,3,2023-05-28,2023-10-19,2023-07-11,2023-07-25,7.142798415736174e-05,-0.00032673404
LSTM,variance,14,3,2023-05-28,2023-10-19,2023-07-12,2023-07-26,8.235936714938586e-05,-0.00034137326
LSTM,variance,14,3,2023-05-28,2023-10-19,2023-07-13,2023-07-27,9.128063129160166e-05,-0.0003511291
LSTM,variance,14,3,2023-05-28,2023-10-19,2023-07-14,2023-07-28,9.506478387373946e-05,-0.00035394798
LSTM,variance,14,3,2023-05-28,2023-10-19,2023-07-15,2023-07-29,0.00010580842722636319,-0.00035256706
LSTM,variance,14,3,2023-05-28,2023-10-19,2023-07-16,2023-07-30,0.00011934129099542907,-0.00034953002
LSTM,variance,14,3,2023-05-28,2023-10-19,2023-07-17,2023-07-31,0.00012883436723465765,-0.00034743128
LSTM,variance,14,3,2023-05-28,2023-10-19,2023-07-18,2023-08-01,0.00018365613183454166,-0.0003582493
LSTM,variance,14,3,2023-05-28,2023-10-19,2023-07-19,2023-08-02,0.000185023988470554,-0.00036909292
LSTM,variance,14,3,2023-05-28,2023-10-19,2023-07-20,2023-08-03,0.00018488517508017052,-0.0003765046
LSTM,variance,14,3,2023-05-28,2023-10-19,2023-07-21,2023-08-04,0.00018375088880091134,-0.00038049114
LSTM,variance,14,3,2023-05-28,2023-10-19,2023-07-22,2023-08-05,0.00018377196645002374,-0.0003818837
LSTM,variance,14,3,2023-05-28,2023-10-19,2023-07-23,2023-08-06,0.00018383142567923402,-0.00038105878
LSTM,variance,14,3,2023-05-28,2023-10-19,2023-07-24,2023-08-07,0.0001784317145476015,-0.0003781363
LSTM,variance,14,3,2023-05-28,2023-10-19,2023-07-25,2023-08-08,0.00012779073808994002,-0.0003567997
LSTM,variance,14,3,2023-05-28,2023-10-19,2023-07-26,2023-08-09,0.00012122449230434965,-0.00033250172
LSTM,variance,14,3,2023-05-28,2023-10-19,2023-07-27,2023-08-10,0.00011394510416389328,-0.00031065266
LSTM,variance,14,3,2023-05-28,2023-10-19,2023-07-28,2023-08-11,0.00010698230582982533,-0.0002947715
LSTM,variance,14,3,2023-05-28,2023-10-19,2023-07-29,2023-08-12,9.323903648804923e-05,-0.0002812473
LSTM,variance,14,3,2023-05-28,2023-10-19,2023-07-30,2023-08-13,7.626276289023492e-05,-0.00026732916
LSTM,variance,14,3,2023-05-28,2023-10-19,2023-07-31,2023-08-14,8.581592535690787e-05,-0.00025397795
LSTM,variance,14,3,2023-05-28,2023-10-19,2023-08-01,2023-08-15,7.23481925503755e-05,-0.00022153299
LSTM,variance,14,3,2023-05-28,2023-10-19,2023-08-02,2023-08-16,7.23481737697382e-05,-0.00019380006
LSTM,variance,14,3,2023-05-28,2023-10-19,2023-08-03,2023-08-17,7.390151364585568e-05,-0.00017521995
LSTM,variance,14,3,2023-05-28,2023-10-19,2023-08-04,2023-08-18,7.204749658350661e-05,-0.00016542686
LSTM,variance,14,3,2023-05-28,2023-10-19,2023-08-05,2023-08-19,7.271064563097273e-05,-0.00016140494
LSTM,variance,14,3,2023-05-28,2023-10-19,2023-08-06,2023-08-20,7.824173525178751e-05,-0.00016052414
LSTM,variance,14,3,2023-05-28,2023-10-19,2023-08-07,2023-08-21,7.951995184335658e-05,-0.00016328994
LSTM,variance,14,3,2023-05-28,2023-10-19,2023-08-08,2023-08-22,0.00015163143703733931,-0.00018822889
LSTM,variance,14,3,2023-05-28,2023-10-19,2023-08-09,2023-08-23,0.00013322797930124714,-0.00021449428
LSTM,variance,14,3,2023-05-28,2023-10-19,2023-08-10,2023-08-24,0.00011996258029397116,-0.00023760366
LSTM,variance,14,3,2023-05-28,2023-10-19,2023-08-11,2023-08-25,0.00011156647897391821,-0.00025621802
LSTM,variance,14,3,2023-05-28,2023-10-19,2023-08-12,2023-08-26,0.00010897692990039453,-0.00027385494
LSTM,variance,14,3,2023-05-28,2023-10-19,2023-08-13,2023-08-27,0.00010901224310894494,-0.000293012
LSTM,variance,14,3,2023-05-28,2023-10-19,2023-08-14,2023-08-28,0.00013649248900412337,-0.000302542
LSTM,variance,14,3,2023-05-28,2023-10-19,2023-08-15,2023-08-29,0.00015483505065035216,-0.00031242007
LSTM,variance,14,3,2023-05-28,2023-10-19,2023-08-16,2023-08-30,0.0001543154806848623,-0.00031877193
LSTM,variance,14,3,2023-05-28,2023-10-19,2023-08-17,2023-08-31,0.00014779009020219906,-0.00032134377
LSTM,variance,14,3,2023-05-28,2023-10-19,2023-08-18,2023-09-01,0.0001426886957580896,-0.0003225545
LSTM,variance,14,3,2023-05-28,2023-10-19,2023-08-19,2023-09-02,0.00014694360979875044,-0.00032234215
LSTM,variance,14,3,2023-05-28,2023-10-19,2023-08-20,2023-09-03,0.00015129085803526501,-0.00031915493
LSTM,variance,14,3,2023-05-28,2023-10-19,2023-08-21,2023-09-04,0.00022935009456921467,-0.00031533837
LSTM,variance,14,3,2023-05-28,2023-10-19,2023-08-22,2023-09-05,0.000276726194928063,-0.00028117606
LSTM,variance,14,3,2023-05-28,2023-10-19,2023-08-23,2023-09-06,0.0002790904220727402,-0.00025744224
LSTM,variance,14,3,2023-05-28,2023-10-19,2023-08-24,2023-09-07,0.00027489549671895345,-0.00024819607
LSTM,variance,14,3,2023-05-28,2023-10-19,2023-08-25,2023-09-08,0.00028330939263897513,-0.00024965126
LSTM,variance,14,3,2023-05-28,2023-10-19,2023-08-26,2023-09-09,0.0002754632998991001,-0.00025545666
LSTM,variance,14,3,2023-05-28,2023-10-19,2023-08-27,2023-09-10,0.0002713695421940814,-0.00026126602
LSTM,variance,14,3,2023-05-28,2023-10-19,2023-08-28,2023-09-11,0.00021782435243145393,-0.00025370577
LSTM,variance,14,3,2023-05-28,2023-10-19,2023-08-29,2023-09-12,0.00022842128146465836,-0.00023706279
LSTM,variance,14,3,2023-05-28,2023-10-19,2023-08-30,2023-09-13,0.00023710147034273002,-0.00022278469
LSTM,variance,14,3,2023-05-28,2023-10-19,2023-08-31,2023-09-14,0.00020004732675732388,-0.00021587125
LSTM,variance,14,3,2023-05-28,2023-10-19,2023-09-01,2023-09-15,0.0001753653299908146,-0.0002153227
LSTM,variance,14,3,2023-05-28,2023-10-19,2023-09-02,2023-09-16,0.00017490674414699905,-0.00021518672
LSTM,variance,14,3,2023-05-28,2023-10-19,2023-09-03,2023-09-17,0.00017227144367642561,-0.00021369125
LSTM,variance,14,3,2023-05-28,2023-10-19,2023-09-04,2023-09-18,0.00014747519878003396,-0.000178484
LSTM,variance,14,3,2023-05-28,2023-10-19,2023-09-05,2023-09-19,0.000234623025145279,-0.00012443376
LSTM,variance,14,3,2023-05-28,2023-10-19,2023-09-06,2023-09-20,0.00023466342656615943,-7.883668e-05
LSTM,variance,14,3,2023-05-28,2023-10-19,2023-09-07,2023-09-21,0.000210334678073935,-4.911585e-05
LSTM,variance,14,3,2023-05-28,2023-10-19,2023-09-08,2023-09-22,0.0002123798596343575,-2.8136645e-05
LSTM,variance,14,3,2023-05-28,2023-10-19,2023-09-09,2023-09-23,0.0002246940607239335,-1.9036459e-05
LSTM,variance,14,3,2023-05-28,2023-10-19,2023-09-10,2023-09-24,0.0002238126591864298,-1.7080449e-05
LSTM,variance,14,3,2023-05-28,2023-10-19,2023-09-11,2023-09-25,0.00021487360892103117,-4.097935e-05
LSTM,variance,14,3,2023-05-28,2023-10-19,2023-09-12,2023-09-26,0.000606349155093807,-5.9713137e-05
LSTM,variance,14,3,2023-05-28,2023-10-19,2023-09-13,2023-09-27,0.000642483805298411,-6.915628e-05
LSTM,variance,14,3,2023-05-28,2023-10-19,2023-09-14,2023-09-28,0.0006899169263853446,-8.938228e-05
LSTM,variance,14,3,2023-05-28,2023-10-19,2023-09-15,2023-09-29,0.0006526537878025389,-0.00011663371
LSTM,variance,14,3,2023-05-28,2023-10-19,2023-09-16,2023-09-30,0.0006300505221724912,-0.00013877822
LSTM,variance,14,3,2023-05-28,2023-10-19,2023-09-17,2023-10-01,0.0006394715613091471,-0.00015531619
LSTM,variance,14,3,2023-05-28,2023-10-19,2023-09-18,2023-10-02,0.0006394715613091471,-0.00017658364
LSTM,variance,14,3,2023-05-28,2023-10-19,2023-09-19,2023-10-03,0.0008929586378093965,-0.00015471851
LSTM,variance,14,3,2023-05-28,2023-10-19,2023-09-20,2023-10-04,0.0008899873263008679,-0.00012843752
LSTM,variance,14,3,2023-05-28,2023-10-19,2023-09-21,2023-10-05,0.0008365401705632375,-0.00011686258
LSTM,variance,14,3,2023-05-28,2023-10-19,2023-09-22,2023-10-06,0.0008033361287065262,-0.00011080992
LSTM,variance,14,3,2023-05-28,2023-10-19,2023-09-23,2023-10-07,0.0007754433396848715,-0.00010334583
LSTM,variance,14,3,2023-05-28,2023-10-19,2023-09-24,2023-10-08,0.000761486602733201,-9.878491e-05
LSTM,variance,14,3,2023-05-28,2023-10-19,2023-09-25,2023-10-09,0.0007597507857682369,-0.00010020169
LSTM,variance,14,3,2023-05-28,2023-10-19,2023-09-26,2023-10-10,0.0005752876132009871,6.911602e-05
LSTM,variance,14,3,2023-05-28,2023-10-19,2023-09-27,2023-10-11,0.000566825591101747,0.00024855032
LSTM,variance,14,3,2023-05-28,2023-10-19,2023-09-28,2023-10-12,0.0005496950161238724,0.00041376695
LSTM,variance,14,3,2023-05-28,2023-10-19,2023-09-29,2023-10-13,0.0005869637842570704,0.00052314403
LSTM,variance,14,3,2023-05-28,2023-10-19,2023-09-30,2023-10-14,0.0006300811004854004,0.00058976037
LSTM,variance,14,3,2023-05-28,2023-10-19,2023-10-01,2023-10-15,0.0006238728756948235,0.0006407006
LSTM,variance,14,3,2023-05-28,2023-10-19,2023-10-02,2023-10-16,0.0005814928760014849,0.0006820285
LSTM,variance,14,3,2023-05-28,2023-10-19,2023-10-03,2023-10-17,0.00048148361449023826,0.00083388935
LSTM,variance,14,3,2023-05-28,2023-10-19,2023-10-04,2023-10-18,0.0004738329356074368,0.0009850232
LSTM,variance,14,3,2023-05-28,2023-10-19,2023-10-05,2023-10-19,0.00047181146145995736,0.0011060592
LSTM,variance,28,3,2023-05-28,2023-10-19,2023-05-01,2023-05-29,0.0005165039138387742,0.001337717
LSTM,variance,28,3,2023-05-28,2023-10-19,2023-05-02,2023-05-30,0.000396534719328378,0.0012185294
LSTM,variance,28,3,2023-05-28,2023-10-19,2023-05-03,2023-05-31,0.0003612216101206669,0.0013543522
LSTM,variance,28,3,2023-05-28,2023-10-19,2023-05-04,2023-06-01,0.00036779103154906064,0.0018562021
LSTM,variance,28,3,2023-05-28,2023-10-19,2023-05-05,2023-06-02,0.0003706641551886727,0.0020319414
LSTM,variance,28,3,2023-05-28,2023-10-19,2023-05-06,2023-06-03,0.00037567529558119126,0.0024209803
LSTM,variance,28,3,2023-05-28,2023-10-19,2023-05-07,2023-06-04,0.00037879015378993196,0.002612623
LSTM,variance,28,3,2023-05-28,2023-10-19,2023-05-08,2023-06-05,0.00031668612824860325,0.0025815638
LSTM,variance,28,3,2023-05-28,2023-10-19,2023-05-09,2023-06-06,8.242633513760308e-05,0.0028218229
LSTM,variance,28,3,2023-05-28,2023-10-19,2023-05-10,2023-06-07,9.624188303081485e-05,0.0029574207
LSTM,variance,28,3,2023-05-28,2023-10-19,2023-05-11,2023-06-08,0.00010380435104511207,0.0029521761
LSTM,variance,28,3,2023-05-28,2023-10-19,2023-05-12,2023-06-09,0.00010747163506636533,0.0032272318
LSTM,variance,28,3,2023-05-28,2023-10-19,2023-05-13,2023-06-10,0.00010446051684804562,0.0035816382
LSTM,variance,28,3,2023-05-28,2023-10-19,2023-05-14,2023-06-11,0.00010479076615257291,0.0039303866
LSTM,variance,28,3,2023-05-28,2023-10-19,2023-05-15,2023-06-12,0.00010474173474624883,0.0040892838
LSTM,variance,28,3,2023-05-28,2023-10-19,2023-05-16,2023-06-13,6.469446961682607e-05,0.0036040137
LSTM,variance,28,3,2023-05-28,2023-10-19,2023-05-17,2023-06-14,9.423757255570466e-05,0.0031097252
LSTM,variance,28,3,2023-05-28,2023-10-19,2023-05-18,2023-06-15,0.00012100580670343002,0.002664128
LSTM,variance,28,3,2023-05-28,2023-10-19,2023-05-19,2023-06-16,0.00014281659105401434,0.0028616758
LSTM,variance,28,3,2023-05-28,2023-10-19,2023-05-20,2023-06-17,0.00014074980416563975,0.0036239699
LSTM,variance,28,3,2023-05-28,2023-10-19,2023-05-21,2023-06-18,0.0001406241991228432,0.004425378
LSTM,variance,28,3,2023-05-28,2023-10-19,2023-05-22,2023-06-19,0.0001386858046172259,0.004477189
LSTM,variance,28,3,2023-05-28,2023-10-19,2023-05-23,2023-06-20,0.00011760469988271101,0.004020341
LSTM,variance,28,3,2023-05-28,2023-10-19,2023-05-24,2023-06-21,0.000120034800592035,0.0041377307
LSTM,variance,28,3,2023-05-28,2023-10-19,2023-05-25,2023-06-22,0.00012387075776166634,0.0044924235
LSTM,variance,28,3,2023-05-28,2023-10-19,2023-05-26,2023-06-23,0.0001257714385614887,0.004645177
LSTM,variance,28,3,2023-05-28,2023-10-19,2023-05-27,2023-06-24,0.0001358986254905031,0.0043452256
LSTM,variance,28,3,2023-05-28,2023-10-19,2023-05-28,2023-06-25,0.0001296025800320577,0.0034812028
LSTM,variance,28,3,2023-05-28,2023-10-19,2023-05-29,2023-06-26,0.00010938329996854319,0.0021320637
LSTM,variance,28,3,2023-05-28,2023-10-19,2023-05-30,2023-06-27,0.00012150273778285357,0.0012779656
LSTM,variance,28,3,2023-05-28,2023-10-19,2023-05-31,2023-06-28,0.00011365301432943044,0.0013787769
LSTM,variance,28,3,2023-05-28,2023-10-19,2023-06-01,2023-06-29,0.00010157736211233028,0.0017093503
LSTM,variance,28,3,2023-05-28,2023-10-19,2023-06-02,2023-06-30,8.369138246784943e-05,0.0019949414
LSTM,variance,28,3,2023-05-28,2023-10-19,2023-06-03,2023-07-01,8.281965861820725e-05,0.0023338485
LSTM,variance,28,3,2023-05-28,2023-10-19,2023-06-04,2023-07-02,8.309215793671043e-05,0.0025542201
LSTM,variance,28,3,2023-05-28,2023-10-19,2023-06-05,2023-07-03,7.430987919036254e-05,0.0021312067
LSTM,variance,28,3,2023-05-28,2023-10-19,2023-06-06,2023-07-04,9.421657124288995e-05,0.0008948041
LSTM,variance,28,3,2023-05-28,2023-10-19,2023-06-07,2023-07-05,8.768492552391355e-05,0.00021647227
LSTM,variance,28,3,2023-05-28,2023-10-19,2023-06-08,2023-07-06,8.072378920634389e-05,-0.00021922441
LSTM,variance,28,3,2023-05-28,2023-10-19,2023-06-09,2023-07-07,8.099134228211503e-05,0.00010326768
LSTM,variance,28,3,2023-05-28,2023-10-19,2023-06-10,2023-07-08,7.73546532432404e-05,0.00034409526
LSTM,variance,28,3,2023-05-28,2023-10-19,2023-06-11,2023-07-09,7.991587560407396e-05,0.000356507
LSTM,variance,28,3,2023-05-28,2023-10-19,2023-06-12,2023-07-10,7.838855917153161e-05,0.0003560113
LSTM,variance,28,3,2023-05-28,2023-10-19,2023-06-13,2023-07-11,4.110197372174843e-05,0.00035310534
LSTM,variance,28,3,2023-05-28,2023-10-19,2023-06-14,2023-07-12,4.295705493103402e-05,0.00035776998
LSTM,variance,28,3,2023-05-28,2023-10-19,2023-06-15,2023-07-13,4.381126794360352e-05,0.0003807137
LSTM,variance,28,3,2023-05-28,2023-10-19,2023-06-16,2023-07-14,4.930382379909738e-05,0.00042108187
LSTM,variance,28,3,2023-05-28,2023-10-19,2023-06-17,2023-07-15,5.165058902079529e-05,0.00046410292
LSTM,variance,28,3,2023-05-28,2023-10-19,2023-06-18,2023-07-16,5.2713073233251855e-05,0.00049960945
LSTM,variance,28,3,2023-05-28,2023-10-19,2023-06-19,2023-07-17,5.085755326524275e-05,0.00052408857
LSTM,variance,28,3,2023-05-28,2023-10-19,2023-06-20,2023-07-18,2.2425920283682633e-05,0.00052964414
LSTM,variance,28,3,2023-05-28,2023-10-19,2023-06-21,2023-07-19,2.2270049090947326e-05,0.000523496
LSTM,variance,28,3,2023-05-28,2023-10-19,2023-06-22,2023-07-20,2.3170543472659755e-05,0.0005147361
LSTM,variance,28,3,2023-05-28,2023-10-19,2023-06-23,2023-07-21,2.310975956974895e-05,0.0005076887
LSTM,variance,28,3,2023-05-28,2023-10-19,2023-06-24,2023-07-22,2.3139638278931333e-05,0.00050660706
LSTM,variance,28,3,2023-05-28,2023-10-19,2023-06-25,2023-07-23,2.478480415949975e-05,0.00050673046
LSTM,variance,28,3,2023-05-28,2023-10-19,2023-06-26,2023-07-24,2.8139717463203465e-05,0.0004993744
LSTM,variance,28,3,2023-05-28,2023-10-19,2023-06-27,2023-07-25,7.142798415736174e-05,0.0004915088
LSTM,variance,28,3,2023-05-28,2023-10-19,2023-06-28,2023-07-26,8.235936714938586e-05,0.00048341017
LSTM,variance,28,3,2023-05-28,2023-10-19,2023-06-29,2023-07-27,9.128063129160166e-05,0.00047166212
LSTM,variance,28,3,2023-05-28,2023-10-19,2023-06-30,2023-07-28,9.506478387373946e-05,0.00045243485
LSTM,variance,28,3,2023-05-28,2023-10-19,2023-07-01,2023-07-29,0.00010580842722636319,0.00043132794
LSTM,variance,28,3,2023-05-28,2023-10-19,2023-07-02,2023-07-30,0.00011934129099542907,0.00041389963
LSTM,variance,28,3,2023-05-28,2023-10-19,2023-07-03,2023-07-31,0.00012883436723465765,0.0003990476
LSTM,variance,28,3,2023-05-28,2023-10-19,2023-07-04,2023-08-01,0.00018365613183454166,0.0003952137
LSTM,variance,28,3,2023-05-28,2023-10-19,2023-07-05,2023-08-02,0.000185023988470554,0.00039724165
LSTM,variance,28,3,2023-05-28,2023-10-19,2023-07-06,2023-08-03,0.00018488517508017052,0.00039830056
LSTM,variance,28,3,2023-05-28,2023-10-19,2023-07-07,2023-08-04,0.00018375088880091134,0.0003981108
LSTM,variance,28,3,2023-05-28,2023-10-19,2023-07-08,2023-08-05,0.00018377196645002374,0.0003962037
LSTM,variance,28,3,2023-05-28,2023-10-19,2023-07-09,2023-08-06,0.00018383142567923402,0.0003947981
LSTM,variance,28,3,2023-05-28,2023-10-19,2023-07-10,2023-08-07,0.0001784317145476015,0.00039401054
LSTM,variance,28,3,2023-05-28,2023-10-19,2023-07-11,2023-08-08,0.00012779073808994002,0.0003791486
LSTM,variance,28,3,2023-05-28,2023-10-19,2023-07-12,2023-08-09,0.00012122449230434965,0.00035719175
LSTM,variance,28,3,2023-05-28,2023-10-19,2023-07-13,2023-08-10,0.00011394510416389328,0.0003372236
LSTM,variance,28,3,2023-05-28,2023-10-19,2023-07-14,2023-08-11,0.00010698230582982533,0.00032516508
LSTM,variance,28,3,2023-05-28,2023-10-19,2023-07-15,2023-08-12,9.323903648804923e-05,0.0003213015
LSTM,variance,28,3,2023-05-28,2023-10-19,2023-07-16,2023-08-13,7.626276289023492e-05,0.0003229015
LSTM,variance,28,3,2023-05-28,2023-10-19,2023-07-17,2023-08-14,8.581592535690787e-05,0.00032594704
LSTM,variance,28,3,2023-05-28,2023-10-19,2023-07-18,2023-08-15,7.23481925503755e-05,0.00031790914
LSTM,variance,28,3,2023-05-28,2023-10-19,2023-07-19,2023-08-16,7.23481737697382e-05,0.00030320042
LSTM,variance,28,3,2023-05-28,2023-10-19,2023-07-20,2023-08-17,7.390151364585568e-05,0.00028928785
LSTM,variance,28,3,2023-05-28,2023-10-19,2023-07-21,2023-08-18,7.204749658350661e-05,0.0002794653
LSTM,variance,28,3,2023-05-28,2023-10-19,2023-07-22,2023-08-19,7.271064563097273e-05,0.00027409868
LSTM,variance,28,3,2023-05-28,2023-10-19,2023-07-23,2023-08-20,7.824173525178751e-05,0.00027275257
LSTM,variance,28,3,2023-05-28,2023-10-19,2023-07-24,2023-08-21,7.951995184335658e-05,0.0002748973
LSTM,variance,28,3,2023-05-28,2023-10-19,2023-07-25,2023-08-22,0.00015163143703733931,0.00029526834
LSTM,variance,28,3,2023-05-28,2023-10-19,2023-07-26,2023-08-23,0.00013322797930124714,0.00032901517
LSTM,variance,28,3,2023-05-28,2023-10-19,2023-07-27,2023-08-24,0.00011996258029397116,0.00036643664
LSTM,variance,28,3,2023-05-28,2023-10-19,2023-07-28,2023-08-25,0.00011156647897391821,0.00039985645
LSTM,variance,28,3,2023-05-28,2023-10-19,2023-07-29,2023-08-26,0.00010897692990039453,0.000428749
LSTM,variance,28,3,2023-05-28,2023-10-19,2023-07-30,2023-08-27,0.00010901224310894494,0.00045586666
LSTM,variance,28,3,2023-05-28,2023-10-19,2023-07-31,2023-08-28,0.00013649248900412337,0.00048187093
LSTM,variance,28,3,2023-05-28,2023-10-19,2023-08-01,2023-08-29,0.00015483505065035216,0.0005241
LSTM,variance,28,3,2023-05-28,2023-10-19,2023-08-02,2023-08-30,0.0001543154806848623,0.000571761
LSTM,variance,28,3,2023-05-28,2023-10-19,2023-08-03,2023-08-31,0.00014779009020219906,0.0006122415
LSTM,variance,28,3,2023-05-28,2023-10-19,2023-08-04,2023-09-01,0.0001426886957580896,0.0006400593
LSTM,variance,28,3,2023-05-28,2023-10-19,2023-08-05,2023-09-02,0.00014694360979875044,0.0006555722
LSTM,variance,28,3,2023-05-28,2023-10-19,2023-08-06,2023-09-03,0.00015129085803526501,0.00066164945
LSTM,variance,28,3,2023-05-28,2023-10-19,2023-08-07,2023-09-04,0.00022935009456921467,0.0006595136
LSTM,variance,28,3,2023-05-28,2023-10-19,2023-08-08,2023-09-05,0.000276726194928063,0.0006325107
LSTM,variance,28,3,2023-05-28,2023-10-19,2023-08-09,2023-09-06,0.0002790904220727402,0.0005897283
LSTM,variance,28,3,2023-05-28,2023-10-19,2023-08-10,2023-09-07,0.00027489549671895345,0.000543505
LSTM,variance,28,3,2023-05-28,2023-10-19,2023-08-11,2023-09-08,0.00028330939263897513,0.0005014422
LSTM,variance,28,3,2023-05-28,2023-10-19,2023-08-12,2023-09-09,0.0002754632998991001,0.0004639021
LSTM,variance,28,3,2023-05-28,2023-10-19,2023-08-13,2023-09-10,0.0002713695421940814,0.00042821464
LSTM,variance,28,3,2023-05-28,2023-10-19,2023-08-14,2023-09-11,0.00021782435243145393,0.00040272644
LSTM,variance,28,3,2023-05-28,2023-10-19,2023-08-15,2023-09-12,0.00022842128146465836,0.0003839434
LSTM,variance,28,3,2023-05-28,2023-10-19,2023-08-16,2023-09-13,0.00023710147034273002,0.00037145845
LSTM,variance,28,3,2023-05-28,2023-10-19,2023-08-17,2023-09-14,0.00020004732675732388,0.0003658144
LSTM,variance,28,3,2023-05-28,2023-10-19,2023-08-18,2023-09-15,0.0001753653299908146,0.00036465327
LSTM,variance,28,3,2023-05-28,2023-10-19,2023-08-19,2023-09-16,0.00017490674414699905,0.00036642278
LSTM,variance,28,3,2023-05-28,2023-10-19,2023-08-20,2023-09-17,0.00017227144367642561,0.0003718687
LSTM,variance,28,3,2023-05-28,2023-10-19,2023-08-21,2023-09-18,0.00014747519878003396,0.00037908225
LSTM,variance,28,3,2023-05-28,2023-10-19,2023-08-22,2023-09-19,0.000234623025145279,0.00041406785
LSTM,variance,28,3,2023-05-28,2023-10-19,2023-08-23,2023-09-20,0.00023466342656615943,0.00045604524
LSTM,variance,28,3,2023-05-28,2023-10-19,2023-08-24,2023-09-21,0.000210334678073935,0.000485601
LSTM,variance,28,3,2023-05-28,2023-10-19,2023-08-25,2023-09-22,0.0002123798596343575,0.0004979461
LSTM,variance,28,3,2023-05-28,2023-10-19,2023-08-26,2023-09-23,0.0002246940607239335,0.00049735414
LSTM,variance,28,3,2023-05-28,2023-10-19,2023-08-27,2023-09-24,0.0002238126591864298,0.000490469
LSTM,variance,28,3,2023-05-28,2023-10-19,2023-08-28,2023-09-25,0.00021487360892103117,0.0004930144
LSTM,variance,28,3,2023-05-28,2023-10-19,2023-08-29,2023-09-26,0.000606349155093807,0.00050951686
LSTM,variance,28,3,2023-05-28,2023-10-19,2023-08-30,2023-09-27,0.000642483805298411,0.00053070096
LSTM,variance,28,3,2023-05-28,2023-10-19,2023-08-31,2023-09-28,0.0006899169263853446,0.0005465127
LSTM,variance,28,3,2023-05-28,2023-10-19,2023-09-01,2023-09-29,0.0006526537878025389,0.00055331475
LSTM,variance,28,3,2023-05-28,2023-10-19,2023-09-02,2023-09-30,0.0006300505221724912,0.0005554108
LSTM,variance,28,3,2023-05-28,2023-10-19,2023-09-03,2023-10-01,0.0006394715613091471,0.00055702816
LSTM,variance,28,3,2023-05-28,2023-10-19,2023-09-04,2023-10-02,0.0006394715613091471,0.0005895079
LSTM,variance,28,3,2023-05-28,2023-10-19,2023-09-05,2023-10-03,0.0008929586378093965,0.00065745536
LSTM,variance,28,3,2023-05-28,2023-10-19,2023-09-06,2023-10-04,0.0008899873263008679,0.00073525374
LSTM,variance,28,3,2023-05-28,2023-10-19,2023-09-07,2023-10-05,0.0008365401705632375,0.00080173166
LSTM,variance,28,3,2023-05-28,2023-10-19,2023-09-08,2023-10-06,0.0008033361287065262,0.000853419
LSTM,variance,28,3,2023-05-28,2023-10-19,2023-09-09,2023-10-07,0.0007754433396848715,0.00088640646
LSTM,variance,28,3,2023-05-28,2023-10-19,2023-09-10,2023-10-08,0.000761486602733201,0.0009018846
LSTM,variance,28,3,2023-05-28,2023-10-19,2023-09-11,2023-10-09,0.0007597507857682369,0.0008827495
LSTM,variance,28,3,2023-05-28,2023-10-19,2023-09-12,2023-10-10,0.0005752876132009871,0.0008474148
LSTM,variance,28,3,2023-05-28,2023-10-19,2023-09-13,2023-10-11,0.000566825591101747,0.00081326225
LSTM,variance,28,3,2023-05-28,2023-10-19,2023-09-14,2023-10-12,0.0005496950161238724,0.00077082793
LSTM,variance,28,3,2023-05-28,2023-10-19,2023-09-15,2023-10-13,0.0005869637842570704,0.0007172641
LSTM,variance,28,3,2023-05-28,2023-10-19,2023-09-16,2023-10-14,0.0006300811004854004,0.0006649489
LSTM,variance,28,3,2023-05-28,2023-10-19,2023-09-17,2023-10-15,0.0006238728756948235,0.00062248047
LSTM,variance,28,3,2023-05-28,2023-10-19,2023-09-18,2023-10-16,0.0005814928760014849,0.0005838201
LSTM,variance,28,3,2023-05-28,2023-10-19,2023-09-19,2023-10-17,0.00048148361449023826,0.0005872992
LSTM,variance,28,3,2023-05-28,2023-10-19,2023-09-20,2023-10-18,0.0004738329356074368,0.0006205409
LSTM,variance,28,3,2023-05-28,2023-10-19,2023-09-21,2023-10-19,0.00047181146145995736,0.0006527211
