architecture,target,horizon,fold,train_end,test_end,origin_date,target_date,y_true,prediction
GRU,mean,14,1,2022-08-12,2023-01-03,2022-07-30,2022-08-13,0.2329217094041259,0.15592562
GRU,mean,14,1,2022-08-12,2023-01-03,2022-07-31,2022-08-14,0.2385535797447704,0.16553028
GRU,mean,14,1,2022-08-12,2023-01-03,2022-08-01,2022-08-15,0.2473722465948995,0.17812832
GRU,mean,14,1,2022-08-12,2023-01-03,2022-08-02,2022-08-16,0.2611679445832513,0.20124456
GRU,mean,14,1,2022-08-12,2023-01-03,2022-08-03,2022-08-17,0.2681468829599621,0.2217895
GRU,mean,14,1,2022-08-12,2023-01-03,2022-08-04,2022-08-18,0.273718736198986,0.23142798
GRU,mean,14,1,2022-08-12,2023-01-03,2022-08-05,2022-08-19,0.2774965925697973,0.22957979
GRU,mean,14,1,2022-08-12,2023-01-03,2022-08-06,2022-08-20,0.2846488995750268,0.22270851
GRU,mean,14,1,2022-08-12,2023-01-03,2022-08-07,2022-08-21,0.2914799867095102,0.21897438
GRU,mean,14,1,2022-08-12,2023-01-03,2022-08-08,2022-08-22,0.2927937040338635,0.22035491
GRU,mean,14,1,2022-08-12,2023-01-03,2022-08-09,2022-08-23,0.3050685950037263,0.24200816
GRU,mean,14,1,2022-08-12,2023-01-03,2022-08-10,2022-08-24,0.3143525470582268,0.27011308
GRU,mean,14,1,2022-08-12,2023-01-03,2022-08-11,2022-08-25,0.3176567890612977,0.2890561
GRU,mean,14,1,2022-08-12,2023-01-03,2022-08-12,2022-08-26,0.3215352456652847,0.2901777
GRU,mean,14,1,2022-08-12,2023-01-03,2022-08-13,2022-08-27,0.3255590151207944,0.2805455
GRU,mean,14,1,2022-08-12,2023-01-03,2022-08-14,2022-08-28,0.3270184802090577,0.27287614
GRU,mean,14,1,2022-08-12,2023-01-03,2022-08-15,2022-08-29,0.3279652444163786,0.2785483
GRU,mean,14,1,2022-08-12,2023-01-03,2022-08-16,2022-08-30,0.3264417165286367,0.2994377
GRU,mean,14,1,2022-08-12,2023-01-03,2022-08-17,2022-08-31,0.3234294476000823,0.31624302
GRU,mean,14,1,2022-08-12,2023-01-03,2022-08-18,2022-09-01,0.3185674289762943,0.3200637
GRU,mean,14,1,2022-08-12,2023-01-03,2022-08-19,2022-09-02,0.3150800198621729,0.3132672
GRU,mean,14,1,2022-08-12,2023-01-03,2022-08-20,2022-09-03,0.3082425964459392,0.30905586
GRU,mean,14,1,2022-08-12,2023-01-03,2022-08-21,2022-09-04,0.3044548215502703,0.3114927
GRU,mean,14,1,2022-08-12,2023-01-03,2022-08-22,2022-09-05,0.3030590973418014,0.31131995
GRU,mean,14,1,2022-08-12,2023-01-03,2022-08-23,2022-09-06,0.294193777587136,0.31783038
GRU,mean,14,1,2022-08-12,2023-01-03,2022-08-24,2022-09-07,0.2818265767793665,0.32305837
GRU,mean,14,1,2022-08-12,2023-01-03,2022-08-25,2022-09-08,0.2788095099635322,0.31740898
GRU,mean,14,1,2022-08-12,2023-01-03,2022-08-26,2022-09-09,0.3086741352649516,0.30345485
GRU,mean,14,1,2022-08-12,2023-01-03,2022-08-27,2022-09-10,0.3039698853462405,0.2862594
GRU,mean,14,1,2022-08-12,2023-01-03,2022-08-28,2022-09-11,0.3021449781773179,0.27519584
GRU,mean,14,1,2022-08-12,2023-01-03,2022-08-29,2022-09-12,0.2988471065684625,0.26783773
GRU,mean,14,1,2022-08-12,2023-01-03,2022-08-30,2022-09-13,0.2938725866601544,0.2609334
GRU,mean,14,1,2022-08-12,2023-01-03,2022-08-31,2022-09-14,0.2925133640042747,0.25239018
GRU,mean,14,1,2022-08-12,2023-01-03,2022-09-01,2022-09-15,0.2943908167960701,0.24263877
GRU,mean,14,1,2022-08-12,2023-01-03,2022-09-02,2022-09-16,0.295493591889633,0.23342042
GRU,mean,14,1,2022-08-12,2023-01-03,2022-09-03,2022-09-17,0.2985523855728701,0.22179057
GRU,mean,14,1,2022-08-12,2023-01-03,2022-09-04,2022-09-18,0.3002186925949414,0.21460414
GRU,mean,14,1,2022-08-12,2023-01-03,2022-09-05,2022-09-19,0.3019356548741535,0.21157499
GRU,mean,14,1,2022-08-12,2023-01-03,2022-09-06,2022-09-20,0.2952899883134545,0.20363611
GRU,mean,14,1,2022-08-12,2023-01-03,2022-09-07,2022-09-21,0.3027580614304811,0.19032325
GRU,mean,14,1,2022-08-12,2023-01-03,2022-09-08,2022-09-22,0.3028272964038533,0.18484734
GRU,mean,14,1,2022-08-12,2023-01-03,2022-09-09,2022-09-23,0.2707690744758839,0.20841388
GRU,mean,14,1,2022-08-12,2023-01-03,2022-09-10,2022-09-24,0.2715132441789233,0.21126322
GRU,mean,14,1,2022-08-12,2023-01-03,2022-09-11,2022-09-25,0.2730199657912049,0.20205605
GRU,mean,14,1,2022-08-12,2023-01-03,2022-09-12,2022-09-26,0.2730423377610387,0.1931125
GRU,mean,14,1,2022-08-12,2023-01-03,2022-09-13,2022-09-27,0.263145676334556,0.18775094
GRU,mean,14,1,2022-08-12,2023-01-03,2022-09-14,2022-09-28,0.2585063784037369,0.18782018
GRU,mean,14,1,2022-08-12,2023-01-03,2022-09-15,2022-09-29,0.252093737116353,0.19126019
GRU,mean,14,1,2022-08-12,2023-01-03,2022-09-16,2022-09-30,0.2472375086184071,0.19320415
GRU,mean,14,1,2022-08-12,2023-01-03,2022-09-17,2022-10-01,0.2420399396126247,0.19490807
GRU,mean,14,1,2022-08-12,2023-01-03,2022-09-18,2022-10-02,0.2363769494605742,0.19578801
GRU,mean,14,1,2022-08-12,2023-01-03,2022-09-19,2022-10-03,0.2301664739868834,0.19698626
GRU,mean,14,1,2022-08-12,2023-01-03,2022-09-20,2022-10-04,0.2215034387954681,0.1924737
GRU,mean,14,1,2022-08-12,2023-01-03,2022-09-21,2022-10-05,0.2111232084102334,0.19762945
GRU,mean,14,1,2022-08-12,2023-01-03,2022-09-22,2022-10-06,0.204890235024975,0.20136827
GRU,mean,14,1,2022-08-12,2023-01-03,2022-09-23,2022-10-07,0.1982452230568141,0.17738137
GRU,mean,14,1,2022-08-12,2023-01-03,2022-09-24,2022-10-08,0.1910186840257337,0.17313468
GRU,mean,14,1,2022-08-12,2023-01-03,2022-09-25,2022-10-09,0.1816872479228083,0.1815822
GRU,mean,14,1,2022-08-12,2023-01-03,2022-09-26,2022-10-10,0.174196048675853,0.187273
GRU,mean,14,1,2022-08-12,2023-01-03,2022-09-27,2022-10-11,0.165352497030927,0.17558402
GRU,mean,14,1,2022-08-12,2023-01-03,2022-09-28,2022-10-12,0.1627071842105971,0.16773134
GRU,mean,14,1,2022-08-12,2023-01-03,2022-09-29,2022-10-13,0.1604012842140447,0.16265827
GRU,mean,14,1,2022-08-12,2023-01-03,2022-09-30,2022-10-14,0.1587199015249163,0.15996653
GRU,mean,14,1,2022-08-12,2023-01-03,2022-10-01,2022-10-15,0.1565018047787928,0.15787016
GRU,mean,14,1,2022-08-12,2023-01-03,2022-10-02,2022-10-16,0.152661529307497,0.15463047
GRU,mean,14,1,2022-08-12,2023-01-03,2022-10-03,2022-10-17,0.1434772467761394,0.15007275
GRU,mean,14,1,2022-08-12,2023-01-03,2022-10-04,2022-10-18,0.1382902603592003,0.14372733
GRU,mean,14,1,2022-08-12,2023-01-03,2022-10-05,2022-10-19,0.1306927009705714,0.1364646
GRU,mean,14,1,2022-08-12,2023-01-03,2022-10-06,2022-10-20,0.1255166790683448,0.13230461
GRU,mean,14,1,2022-08-12,2023-01-03,2022-10-07,2022-10-21,0.1215789707504128,0.12905337
GRU,mean,14,1,2022-08-12,2023-01-03,2022-10-08,2022-10-22,0.1177346976717436,0.1251852
GRU,mean,14,1,2022-08-12,2023-01-03,2022-10-09,2022-10-23,0.1132533904448399,0.11802666
GRU,mean,14,1,2022-08-12,2023-01-03,2022-10-10,2022-10-24,0.1073664165823456,0.11186621
GRU,mean,14,1,2022-08-12,2023-01-03,2022-10-11,2022-10-25,0.1031259622794226,0.106311746
GRU,mean,14,1,2022-08-12,2023-01-03,2022-10-12,2022-10-26,0.0963766492675656,0.1054687
GRU,mean,14,1,2022-08-12,2023-01-03,2022-10-13,2022-10-27,0.093113108181633,0.10464748
GRU,mean,14,1,2022-08-12,2023-01-03,2022-10-14,2022-10-28,0.0911559859244306,0.1037612
GRU,mean,14,1,2022-08-12,2023-01-03,2022-10-15,2022-10-29,0.0880394067911088,0.102287605
GRU,mean,14,1,2022-08-12,2023-01-03,2022-10-16,2022-10-30,0.0853523045876202,0.09987021
GRU,mean,14,1,2022-08-12,2023-01-03,2022-10-17,2022-10-31,0.0837597105624305,0.09346663
GRU,mean,14,1,2022-08-12,2023-01-03,2022-10-18,2022-11-01,0.078703308033533,0.088628985
GRU,mean,14,1,2022-08-12,2023-01-03,2022-10-19,2022-11-02,0.076532502597307,0.08284739
GRU,mean,14,1,2022-08-12,2023-01-03,2022-10-20,2022-11-03,0.0756570373661229,0.07790519
GRU,mean,14,1,2022-08-12,2023-01-03,2022-10-21,2022-11-04,0.0752107235707895,0.07361993
GRU,mean,14,1,2022-08-12,2023-01-03,2022-10-22,2022-11-05,0.0748845416885153,0.069245845
GRU,mean,14,1,2022-08-12,2023-01-03,2022-10-23,2022-11-06,0.0765352157789679,0.06416018
GRU,mean,14,1,2022-08-12,2023-01-03,2022-10-24,2022-11-07,0.0768659336615417,0.058031995
GRU,mean,14,1,2022-08-12,2023-01-03,2022-10-25,2022-11-08,0.073798991205939,0.05238418
GRU,mean,14,1,2022-08-12,2023-01-03,2022-10-26,2022-11-09,0.0732140689040359,0.045397174
GRU,mean,14,1,2022-08-12,2023-01-03,2022-10-27,2022-11-10,0.0716742922873201,0.041280746
GRU,mean,14,1,2022-08-12,2023-01-03,2022-10-28,2022-11-11,0.0703433300511735,0.04103086
GRU,mean,14,1,2022-08-12,2023-01-03,2022-10-29,2022-11-12,0.0694015822502547,0.04141302
GRU,mean,14,1,2022-08-12,2023-01-03,2022-10-30,2022-11-13,0.0685965851917204,0.03942653
GRU,mean,14,1,2022-08-12,2023-01-03,2022-10-31,2022-11-14,0.0679852810597109,0.037698906
GRU,mean,14,1,2022-08-12,2023-01-03,2022-11-01,2022-11-15,0.0684164769648427,0.033932734
GRU,mean,14,1,2022-08-12,2023-01-03,2022-11-02,2022-11-16,0.0688235531062736,0.03227347
GRU,mean,14,1,2022-08-12,2023-01-03,2022-11-03,2022-11-17,0.0684602488529325,0.03537444
GRU,mean,14,1,2022-08-12,2023-01-03,2022-11-04,2022-11-18,0.0684857809184202,0.041908715
GRU,mean,14,1,2022-08-12,2023-01-03,2022-11-05,2022-11-19,0.0689602245159891,0.048445508
GRU,mean,14,1,2022-08-12,2023-01-03,2022-11-06,2022-11-20,0.0675683464572022,0.056051843
GRU,mean,14,1,2022-08-12,2023-01-03,2022-11-07,2022-11-21,0.0669632591164338,0.06281385
GRU,mean,14,1,2022-08-12,2023-01-03,2022-11-08,2022-11-22,0.0658834902023071,0.06555774
GRU,mean,14,1,2022-08-12,2023-01-03,2022-11-09,2022-11-23,0.0681158125800529,0.06742298
GRU,mean,14,1,2022-08-12,2023-01-03,2022-11-10,2022-11-24,0.0699042004403278,0.06794283
GRU,mean,14,1,2022-08-12,2023-01-03,2022-11-11,2022-11-25,0.0710227506085036,0.067375965
GRU,mean,14,1,2022-08-12,2023-01-03,2022-11-12,2022-11-26,0.0718536127797953,0.06648208
GRU,mean,14,1,2022-08-12,2023-01-03,2022-11-13,2022-11-27,0.0727124884012306,0.06566207
GRU,mean,14,1,2022-08-12,2023-01-03,2022-11-14,2022-11-28,0.0746229771927679,0.06516717
GRU,mean,14,1,2022-08-12,2023-01-03,2022-11-15,2022-11-29,0.0726464009747265,0.06595311
GRU,mean,14,1,2022-08-12,2023-01-03,2022-11-16,2022-11-30,0.0742576319791708,0.06766541
GRU,mean,14,1,2022-08-12,2023-01-03,2022-11-17,2022-12-01,0.0743339928725567,0.069004625
GRU,mean,14,1,2022-08-12,2023-01-03,2022-11-18,2022-12-02,0.0746230925185092,0.07016113
GRU,mean,14,1,2022-08-12,2023-01-03,2022-11-19,2022-12-03,0.0756413501838568,0.07166229
GRU,mean,14,1,2022-08-12,2023-01-03,2022-11-20,2022-12-04,0.0760864458428438,0.071445934
GRU,mean,14,1,2022-08-12,2023-01-03,2022-11-21,2022-12-05,0.0757517445650089,0.07048179
GRU,mean,14,1,2022-08-12,2023-01-03,2022-11-22,2022-12-06,0.0804344451324808,0.06879235
GRU,mean,14,1,2022-08-12,2023-01-03,2022-11-23,2022-12-07,0.0810599293313302,0.070137955
GRU,mean,14,1,2022-08-12,2023-01-03,2022-11-24,2022-12-08,0.0818757627340982,0.07371802
GRU,mean,14,1,2022-08-12,2023-01-03,2022-11-25,2022-12-09,0.0819654126827038,0.0777014
GRU,mean,14,1,2022-08-12,2023-01-03,2022-11-26,2022-12-10,0.0826508603720496,0.081045434
GRU,mean,14,1,2022-08-12,2023-01-03,2022-11-27,2022-12-11,0.0826461827537464,0.08361202
GRU,mean,14,1,2022-08-12,2023-01-03,2022-11-28,2022-12-12,0.0806072446377201,0.08668686
GRU,mean,14,1,2022-08-12,2023-01-03,2022-11-29,2022-12-13,0.0816459076967019,0.08597318
GRU,mean,14,1,2022-08-12,2023-01-03,2022-11-30,2022-12-14,0.0820207081477393,0.08583241
GRU,mean,14,1,2022-08-12,2023-01-03,2022-12-01,2022-12-15,0.0829410720320907,0.085502766
GRU,mean,14,1,2022-08-12,2023-01-03,2022-12-02,2022-12-16,0.0831449866750306,0.085094504
GRU,mean,14,1,2022-08-12,2023-01-03,2022-12-03,2022-12-17,0.0826623363808132,0.08554275
GRU,mean,14,1,2022-08-12,2023-01-03,2022-12-04,2022-12-18,0.0828095749580439,0.08613605
GRU,mean,14,1,2022-08-12,2023-01-03,2022-12-05,2022-12-19,0.084539604529338,0.085808545
GRU,mean,14,1,2022-08-12,2023-01-03,2022-12-06,2022-12-20,0.0815192867338567,0.0902066
GRU,mean,14,1,2022-08-12,2023-01-03,2022-12-07,2022-12-21,0.0849364533269645,0.09428999
GRU,mean,14,1,2022-08-12,2023-01-03,2022-12-08,2022-12-22,0.0863355542549545,0.09696284
GRU,mean,14,1,2022-08-12,2023-01-03,2022-12-09,2022-12-23,0.0874285771799837,0.097644955
GRU,mean,14,1,2022-08-12,2023-01-03,2022-12-10,2022-12-24,0.0883534797421981,0.09763059
GRU,mean,14,1,2022-08-12,2023-01-03,2022-12-11,2022-12-25,0.0898307190370733,0.09676914
GRU,mean,14,1,2022-08-12,2023-01-03,2022-12-12,2022-12-26,0.0919206060011261,0.093179666
GRU,mean,14,1,2022-08-12,2023-01-03,2022-12-13,2022-12-27,0.0945869231328334,0.0911927
GRU,mean,14,1,2022-08-12,2023-01-03,2022-12-14,2022-12-28,0.0972474509177878,0.09053163
GRU,mean,14,1,2022-08-12,2023-01-03,2022-12-15,2022-12-29,0.0972470222075266,0.09122837
GRU,mean,14,1,2022-08-12,2023-01-03,2022-12-16,2022-12-30,0.0980355084108653,0.09201899
GRU,mean,14,1,2022-08-12,2023-01-03,2022-12-17,2022-12-31,0.0986081054382626,0.09183922
GRU,mean,14,1,2022-08-12,2023-01-03,2022-12-18,2023-01-01,0.0998994191554336,0.09156658
GRU,mean,14,1,2022-08-12,2023-01-03,2022-12-19,2023-01-02,0.0998859326029232,0.093191616
GRU,mean,14,1,2022-08-12,2023-01-03,2022-12-20,2023-01-03,0.1276245527087355,0.09110028
GRU,mean,28,1,2022-08-12,2023-01-03,2022-07-16,2022-08-13,0.2329217094041259,0.106684536
GRU,mean,28,1,2022-08-12,2023-01-03,2022-07-17,2022-08-14,0.2385535797447704,0.10252773
GRU,mean,28,1,2022-08-12,2023-01-03,2022-07-18,2022-08-15,0.2473722465948995,0.09889308
GRU,mean,28,1,2022-08-12,2023-01-03,2022-07-19,2022-08-16,0.2611679445832513,0.099452764
GRU,mean,28,1,2022-08-12,2023-01-03,2022-07-20,2022-08-17,0.2681468829599621,0.10332842
GRU,mean,28,1,2022-08-12,2023-01-03,2022-07-21,2022-08-18,0.273718736198986,0.109689824
GRU,mean,28,1,2022-08-12,2023-01-03,2022-07-22,2022-08-19,0.2774965925697973,0.11733901
GRU,mean,28,1,2022-08-12,2023-01-03,2022-07-23,2022-08-20,0.2846488995750268,0.12531984
GRU,mean,28,1,2022-08-12,2023-01-03,2022-07-24,2022-08-21,0.2914799867095102,0.13122892
GRU,mean,28,1,2022-08-12,2023-01-03,2022-07-25,2022-08-22,0.2927937040338635,0.13541216
GRU,mean,28,1,2022-08-12,2023-01-03,2022-07-26,2022-08-23,0.3050685950037263,0.14072339
GRU,mean,28,1,2022-08-12,2023-01-03,2022-07-27,2022-08-24,0.3143525470582268,0.1461707
GRU,mean,28,1,2022-08-12,2023-01-03,2022-07-28,2022-08-25,0.3176567890612977,0.15165707
GRU,mean,28,1,2022-08-12,2023-01-03,2022-07-29,2022-08-26,0.3215352456652847,0.15759538
GRU,mean,28,1,2022-08-12,2023-01-03,2022-07-30,2022-08-27,0.3255590151207944,0.16572316
GRU,mean,28,1,2022-08-12,2023-01-03,2022-07-31,2022-08-28,0.3270184802090577,0.17896888
GRU,mean,28,1,2022-08-12,2023-01-03,2022-08-01,2022-08-29,0.3279652444163786,0.19938824
GRU,mean,28,1,2022-08-12,2023-01-03,2022-08-02,2022-08-30,0.3264417165286367,0.23648368
GRU,mean,28,1,2022-08-12,2023-01-03,2022-08-03,2022-08-31,0.3234294476000823,0.2840262
GRU,mean,28,1,2022-08-12,2023-01-03,2022-08-04,2022-09-01,0.3185674289762943,0.332039
GRU,mean,28,1,2022-08-12,2023-01-03,2022-08-05,2022-09-02,0.3150800198621729,0.3691563
GRU,mean,28,1,2022-08-12,2023-01-03,2022-08-06,2022-09-03,0.3082425964459392,0.38875216
GRU,mean,28,1,2022-08-12,2023-01-03,2022-08-07,2022-09-04,0.3044548215502703,0.39057228
GRU,mean,28,1,2022-08-12,2023-01-03,2022-08-08,2022-09-05,0.3030590973418014,0.3810813
GRU,mean,28,1,2022-08-12,2023-01-03,2022-08-09,2022-09-06,0.294193777587136,0.38333964
GRU,mean,28,1,2022-08-12,2023-01-03,2022-08-10,2022-09-07,0.2818265767793665,0.39987132
GRU,mean,28,1,2022-08-12,2023-01-03,2022-08-11,2022-09-08,0.2788095099635322,0.42169714
GRU,mean,28,1,2022-08-12,2023-01-03,2022-08-12,2022-09-09,0.3086741352649516,0.42359933
GRU,mean,28,1,2022-08-12,2023-01-03,2022-08-13,2022-09-10,0.3039698853462405,0.40125224
GRU,mean,28,1,2022-08-12,2023-01-03,2022-08-14,2022-09-11,0.3021449781773179,0.3686501
GRU,mean,28,1,2022-08-12,2023-01-03,2022-08-15,2022-09-12,0.2988471065684625,0.32788295
GRU,mean,28,1,2022-08-12,2023-01-03,2022-08-16,2022-09-13,0.2938725866601544,0.3027407
GRU,mean,28,1,2022-08-12,2023-01-03,2022-08-17,2022-09-14,0.2925133640042747,0.2897165
GRU,mean,28,1,2022-08-12,2023-01-03,2022-08-18,2022-09-15,0.2943908167960701,0.2731414
GRU,mean,28,1,2022-08-12,2023-01-03,2022-08-19,2022-09-16,0.295493591889633,0.25073996
GRU,mean,28,1,2022-08-12,2023-01-03,2022-08-20,2022-09-17,0.2985523855728701,0.23391722
GRU,mean,28,1,2022-08-12,2023-01-03,2022-08-21,2022-09-18,0.3002186925949414,0.22415154
GRU,mean,28,1,2022-08-12,2023-01-03,2022-08-22,2022-09-19,0.3019356548741535,0.20959823
GRU,mean,28,1,2022-08-12,2023-01-03,2022-08-23,2022-09-20,0.2952899883134545,0.20417635
GRU,mean,28,1,2022-08-12,2023-01-03,2022-08-24,2022-09-21,0.3027580614304811,0.20060247
GRU,mean,28,1,2022-08-12,2023-01-03,2022-08-25,2022-09-22,0.3028272964038533,0.18942161
GRU,mean,28,1,2022-08-12,2023-01-03,2022-08-26,2022-09-23,0.2707690744758839,0.17752624
GRU,mean,28,1,2022-08-12,2023-01-03,2022-08-27,2022-09-24,0.2715132441789233,0.16958474
GRU,mean,28,1,2022-08-12,2023-01-03,2022-08-28,2022-09-25,0.2730199657912049,0.1625562
GRU,mean,28,1,2022-08-12,2023-01-03,2022-08-29,2022-09-26,0.2730423377610387,0.15737215
GRU,mean,28,1,2022-08-12,2023-01-03,2022-08-30,2022-09-27,0.263145676334556,0.15160264
GRU,mean,28,1,2022-08-12,2023-01-03,2022-08-31,2022-09-28,0.2585063784037369,0.14630058
GRU,mean,28,1,2022-08-12,2023-01-03,2022-09-01,2022-09-29,0.252093737116353,0.14137955
GRU,mean,28,1,2022-08-12,2023-01-03,2022-09-02,2022-09-30,0.2472375086184071,0.13907501
GRU,mean,28,1,2022-08-12,2023-01-03,2022-09-03,2022-10-01,0.2420399396126247,0.13361853
GRU,mean,28,1,2022-08-12,2023-01-03,2022-09-04,2022-10-02,0.2363769494605742,0.1306207
GRU,mean,28,1,2022-08-12,2023-01-03,2022-09-05,2022-10-03,0.2301664739868834,0.13143827
GRU,mean,28,1,2022-08-12,2023-01-03,2022-09-06,2022-10-04,0.2215034387954681,0.12448668
GRU,mean,28,1,2022-08-12,2023-01-03,2022-09-07,2022-10-05,0.2111232084102334,0.114454806
GRU,mean,28,1,2022-08-12,2023-01-03,2022-09-08,2022-10-06,0.204890235024975,0.11718908
GRU,mean,28,1,2022-08-12,2023-01-03,2022-09-09,2022-10-07,0.1982452230568141,0.15099688
GRU,mean,28,1,2022-08-12,2023-01-03,2022-09-10,2022-10-08,0.1910186840257337,0.14360599
GRU,mean,28,1,2022-08-12,2023-01-03,2022-09-11,2022-10-09,0.1816872479228083,0.12324641
GRU,mean,28,1,2022-08-12,2023-01-03,2022-09-12,2022-10-10,0.174196048675853,0.1177879
GRU,mean,28,1,2022-08-12,2023-01-03,2022-09-13,2022-10-11,0.165352497030927,0.12128223
GRU,mean,28,1,2022-08-12,2023-01-03,2022-09-14,2022-10-12,0.1627071842105971,0.12526731
GRU,mean,28,1,2022-08-12,2023-01-03,2022-09-15,2022-10-13,0.1604012842140447,0.1272289
GRU,mean,28,1,2022-08-12,2023-01-03,2022-09-16,2022-10-14,0.1587199015249163,0.12644868
GRU,mean,28,1,2022-08-12,2023-01-03,2022-09-17,2022-10-15,0.1565018047787928,0.12784508
GRU,mean,28,1,2022-08-12,2023-01-03,2022-09-18,2022-10-16,0.152661529307497,0.12905614
GRU,mean,28,1,2022-08-12,2023-01-03,2022-09-19,2022-10-17,0.1434772467761394,0.12977551
GRU,mean,28,1,2022-08-12,2023-01-03,2022-09-20,2022-10-18,0.1382902603592003,0.12299513
GRU,mean,28,1,2022-08-12,2023-01-03,2022-09-21,2022-10-19,0.1306927009705714,0.13115373
GRU,mean,28,1,2022-08-12,2023-01-03,2022-09-22,2022-10-20,0.1255166790683448,0.13380884
GRU,mean,28,1,2022-08-12,2023-01-03,2022-09-23,2022-10-21,0.1215789707504128,0.102403104
GRU,mean,28,1,2022-08-12,2023-01-03,2022-09-24,2022-10-22,0.1177346976717436,0.109701544
GRU,mean,28,1,2022-08-12,2023-01-03,2022-09-25,2022-10-23,0.1132533904448399,0.12709899
GRU,mean,28,1,2022-08-12,2023-01-03,2022-09-26,2022-10-24,0.1073664165823456,0.13212766
GRU,mean,28,1,2022-08-12,2023-01-03,2022-09-27,2022-10-25,0.1031259622794226,0.1161144
GRU,mean,28,1,2022-08-12,2023-01-03,2022-09-28,2022-10-26,0.0963766492675656,0.10841617
GRU,mean,28,1,2022-08-12,2023-01-03,2022-09-29,2022-10-27,0.093113108181633,0.11149555
GRU,mean,28,1,2022-08-12,2023-01-03,2022-09-30,2022-10-28,0.0911559859244306,0.11460383
GRU,mean,28,1,2022-08-12,2023-01-03,2022-10-01,2022-10-29,0.0880394067911088,0.113540515
GRU,mean,28,1,2022-08-12,2023-01-03,2022-10-02,2022-10-30,0.0853523045876202,0.11086979
GRU,mean,28,1,2022-08-12,2023-01-03,2022-10-03,2022-10-31,0.0837597105624305,0.10935768
GRU,mean,28,1,2022-08-12,2023-01-03,2022-10-04,2022-11-01,0.078703308033533,0.10597638
GRU,mean,28,1,2022-08-12,2023-01-03,2022-10-05,2022-11-02,0.076532502597307,0.10066435
GRU,mean,28,1,2022-08-12,2023-01-03,2022-10-06,2022-11-03,0.0756570373661229,0.10025203
GRU,mean,28,1,2022-08-12,2023-01-03,2022-10-07,2022-11-04,0.0752107235707895,0.100157596
GRU,mean,28,1,2022-08-12,2023-01-03,2022-10-08,2022-11-05,0.0748845416885153,0.09781777
GRU,mean,28,1,2022-08-12,2023-01-03,2022-10-09,2022-11-06,0.0765352157789679,0.09261708
GRU,mean,28,1,2022-08-12,2023-01-03,2022-10-10,2022-11-07,0.0768659336615417,0.08879886
GRU,mean,28,1,2022-08-12,2023-01-03,2022-10-11,2022-11-08,0.073798991205939,0.085578114
GRU,mean,28,1,2022-08-12,2023-01-03,2022-10-12,2022-11-09,0.0732140689040359,0.089762695
GRU,mean,28,1,2022-08-12,2023-01-03,2022-10-13,2022-11-10,0.0716742922873201,0.09090454
GRU,mean,28,1,2022-08-12,2023-01-03,2022-10-14,2022-11-11,0.0703433300511735,0.09066168
GRU,mean,28,1,2022-08-12,2023-01-03,2022-10-15,2022-11-12,0.0694015822502547,0.08937371
GRU,mean,28,1,2022-08-12,2023-01-03,2022-10-16,2022-11-13,0.0685965851917204,0.08705897
GRU,mean,28,1,2022-08-12,2023-01-03,2022-10-17,2022-11-14,0.0679852810597109,0.07857488
GRU,mean,28,1,2022-08-12,2023-01-03,2022-10-18,2022-11-15,0.0684164769648427,0.07454822
GRU,mean,28,1,2022-08-12,2023-01-03,2022-10-19,2022-11-16,0.0688235531062736,0.06914843
GRU,mean,28,1,2022-08-12,2023-01-03,2022-10-20,2022-11-17,0.0684602488529325,0.065505885
GRU,mean,28,1,2022-08-12,2023-01-03,2022-10-21,2022-11-18,0.0684857809184202,0.0634974
GRU,mean,28,1,2022-08-12,2023-01-03,2022-10-22,2022-11-19,0.0689602245159891,0.06163432
GRU,mean,28,1,2022-08-12,2023-01-03,2022-10-23,2022-11-20,0.0675683464572022,0.058962017
GRU,mean,28,1,2022-08-12,2023-01-03,2022-10-24,2022-11-21,0.0669632591164338,0.054742105
GRU,mean,28,1,2022-08-12,2023-01-03,2022-10-25,2022-11-22,0.0658834902023071,0.05207674
GRU,mean,28,1,2022-08-12,2023-01-03,2022-10-26,2022-11-23,0.0681158125800529,0.047409922
GRU,mean,28,1,2022-08-12,2023-01-03,2022-10-27,2022-11-24,0.0699042004403278,0.045936722
GRU,mean,28,1,2022-08-12,2023-01-03,2022-10-28,2022-11-25,0.0710227506085036,0.047035046
GRU,mean,28,1,2022-08-12,2023-01-03,2022-10-29,2022-11-26,0.0718536127797953,0.04692561
GRU,mean,28,1,2022-08-12,2023-01-03,2022-10-30,2022-11-27,0.0727124884012306,0.046359215
GRU,mean,28,1,2022-08-12,2023-01-03,2022-10-31,2022-11-28,0.0746229771927679,0.046536
GRU,mean,28,1,2022-08-12,2023-01-03,2022-11-01,2022-11-29,0.0726464009747265,0.04335638
GRU,mean,28,1,2022-08-12,2023-01-03,2022-11-02,2022-11-30,0.0742576319791708,0.042211067
GRU,mean,28,1,2022-08-12,2023-01-03,2022-11-03,2022-12-01,0.0743339928725567,0.04358983
GRU,mean,28,1,2022-08-12,2023-01-03,2022-11-04,2022-12-02,0.0746230925185092,0.046463728
GRU,mean,28,1,2022-08-12,2023-01-03,2022-11-05,2022-12-03,0.0756413501838568,0.049765192
GRU,mean,28,1,2022-08-12,2023-01-03,2022-11-06,2022-12-04,0.0760864458428438,0.05493578
GRU,mean,28,1,2022-08-12,2023-01-03,2022-11-07,2022-12-05,0.0757517445650089,0.059422676
GRU,mean,28,1,2022-08-12,2023-01-03,2022-11-08,2022-12-06,0.0804344451324808,0.059446864
GRU,mean,28,1,2022-08-12,2023-01-03,2022-11-09,2022-12-07,0.0810599293313302,0.06063043
GRU,mean,28,1,2022-08-12,2023-01-03,2022-11-10,2022-12-08,0.0818757627340982,0.062079486
GRU,mean,28,1,2022-08-12,2023-01-03,2022-11-11,2022-12-09,0.0819654126827038,0.06435687
GRU,mean,28,1,2022-08-12,2023-01-03,2022-11-12,2022-12-10,0.0826508603720496,0.0681263
GRU,mean,28,1,2022-08-12,2023-01-03,2022-11-13,2022-12-11,0.0826461827537464,0.0745447
GRU,mean,28,1,2022-08-12,2023-01-03,2022-11-14,2022-12-12,0.0806072446377201,0.08244614
GRU,mean,28,1,2022-08-12,2023-01-03,2022-11-15,2022-12-13,0.0816459076967019,0.08965053
GRU,mean,28,1,2022-08-12,2023-01-03,2022-11-16,2022-12-14,0.0820207081477393,0.09595247
GRU,mean,28,1,2022-08-12,2023-01-03,2022-11-17,2022-12-15,0.0829410720320907,0.09821629
GRU,mean,28,1,2022-08-12,2023-01-03,2022-11-18,2022-12-16,0.0831449866750306,0.09538592
GRU,mean,28,1,2022-08-12,2023-01-03,2022-11-19,2022-12-17,0.0826623363808132,0.0893315
GRU,mean,28,1,2022-08-12,2023-01-03,2022-11-20,2022-12-18,0.0828095749580439,0.083363
GRU,mean,28,1,2022-08-12,2023-01-03,2022-11-21,2022-12-19,0.084539604529338,0.08211122
GRU,mean,28,1,2022-08-12,2023-01-03,2022-11-22,2022-12-20,0.0815192867338567,0.082336806
GRU,mean,28,1,2022-08-12,2023-01-03,2022-11-23,2022-12-21,0.0849364533269645,0.08508086
GRU,mean,28,1,2022-08-12,2023-01-03,2022-11-24,2022-12-22,0.0863355542549545,0.08884003
GRU,mean,28,1,2022-08-12,2023-01-03,2022-11-25,2022-12-23,0.0874285771799837,0.091604404
GRU,mean,28,1,2022-08-12,2023-01-03,2022-11-26,2022-12-24,0.0883534797421981,0.09137845
GRU,mean,28,1,2022-08-12,2023-01-03,2022-11-27,2022-12-25,0.0898307190370733,0.09003975
GRU,mean,28,1,2022-08-12,2023-01-03,2022-11-28,2022-12-26,0.0919206060011261,0.09134903
GRU,mean,28,1,2022-08-12,2023-01-03,2022-11-29,2022-12-27,0.0945869231328334,0.090394996
GRU,mean,28,1,2022-08-12,2023-01-03,2022-11-30,2022-12-28,0.0972474509177878,0.090799294
GRU,mean,28,1,2022-08-12,2023-01-03,2022-12-01,2022-12-29,0.0972470222075266,0.09164466
GRU,mean,28,1,2022-08-12,2023-01-03,2022-12-02,2022-12-30,0.0980355084108653,0.0924638
GRU,mean,28,1,2022-08-12,2023-01-03,2022-12-03,2022-12-31,0.0986081054382626,0.09339755
GRU,mean,28,1,2022-08-12,2023-01-03,2022-12-04,2023-01-01,0.0998994191554336,0.093503185
GRU,mean,28,1,2022-08-12,2023-01-03,2022-12-05,2023-01-02,0.0998859326029232,0.09138267
GRU,mean,28,1,2022-08-12,2023-01-03,2022-12-06,2023-01-03,0.1276245527087355,0.091675825
GRU,variance,14,1,2022-08-12,2023-01-03,2022-07-30,2022-08-13,0.0081170672059329,0.0090311235
GRU,variance,14,1,2022-08-12,2023-01-03,2022-07-31,2022-08-14,0.0077780946971695,0.0070170206
GRU,variance,14,1,2022-08-12,2023-01-03,2022-08-01,2022-08-15,0.008031014118835,0.0017835371
GRU,variance,14,1,2022-08-12,2023-01-03,2022-08-02,2022-08-16,0.0150967593158953,0.004238779
GRU,variance,14,1,2022-08-12,2023-01-03,2022-08-03,2022-08-17,0.0153596807159649,0.009360122
GRU,variance,14,1,2022-08-12,2023-01-03,2022-08-04,2022-08-18,0.014807367790415,0.007172301
GRU,variance,14,1,2022-08-12,2023-01-03,2022-08-05,2022-08-19,0.0140150262215965,0.0011702502
GRU,variance,14,1,2022-08-12,2023-01-03,2022-08-06,2022-08-20,0.0128224725529477,0.001018033
GRU,variance,14,1,2022-08-12,2023-01-03,2022-08-07,2022-08-21,0.0117985688740739,0.006703612
GRU,variance,14,1,2022-08-12,2023-01-03,2022-08-08,2022-08-22,0.0109151485979076,0.008195598
GRU,variance,14,1,2022-08-12,2023-01-03,2022-08-09,2022-08-23,0.0167645234431958,0.0013072977
GRU,variance,14,1,2022-08-12,2023-01-03,2022-08-10,2022-08-24,0.0176749958766853,0.0010725769
GRU,variance,14,1,2022-08-12,2023-01-03,2022-08-11,2022-08-25,0.0172159785672756,0.0012235927
GRU,variance,14,1,2022-08-12,2023-01-03,2022-08-12,2022-08-26,0.0162898613381765,0.0075067338
GRU,variance,14,1,2022-08-12,2023-01-03,2022-08-13,2022-08-27,0.0155524139001282,0.009145477
GRU,variance,14,1,2022-08-12,2023-01-03,2022-08-14,2022-08-28,0.0153276346185832,0.008858545
GRU,variance,14,1,2022-08-12,2023-01-03,2022-08-15,2022-08-29,0.0153126601956296,0.008898602
GRU,variance,14,1,2022-08-12,2023-01-03,2022-08-16,2022-08-30,0.0145170404741759,0.009302186
GRU,variance,14,1,2022-08-12,2023-01-03,2022-08-17,2022-08-31,0.0146378019701199,0.0091106305
GRU,variance,14,1,2022-08-12,2023-01-03,2022-08-18,2022-09-01,0.0156183300758502,0.008977478
GRU,variance,14,1,2022-08-12,2023-01-03,2022-08-19,2022-09-02,0.0166539320751937,0.0075497204
GRU,variance,14,1,2022-08-12,2023-01-03,2022-08-20,2022-09-03,0.0182579121609625,0.006172822
GRU,variance,14,1,2022-08-12,2023-01-03,2022-08-21,2022-09-04,0.0188255336503823,0.0053832345
GRU,variance,14,1,2022-08-12,2023-01-03,2022-08-22,2022-09-05,0.0188365212197674,0.005123169
GRU,variance,14,1,2022-08-12,2023-01-03,2022-08-23,2022-09-06,0.0141503676232312,0.0056079123
GRU,variance,14,1,2022-08-12,2023-01-03,2022-08-24,2022-09-07,0.0129343886429094,0.0058829486
GRU,variance,14,1,2022-08-12,2023-01-03,2022-08-25,2022-09-08,0.0131085469073983,0.0060997573
GRU,variance,14,1,2022-08-12,2023-01-03,2022-08-26,2022-09-09,0.0228337475953599,0.006260893
GRU,variance,14,1,2022-08-12,2023-01-03,2022-08-27,2022-09-10,0.0235696431897075,0.005904684
GRU,variance,14,1,2022-08-12,2023-01-03,2022-08-28,2022-09-11,0.0237694484458522,0.0035508994
GRU,variance,14,1,2022-08-12,2023-01-03,2022-08-29,2022-09-12,0.0237467559405324,0.0035743278
GRU,variance,14,1,2022-08-12,2023-01-03,2022-08-30,2022-09-13,0.0213058394268398,0.004890974
GRU,variance,14,1,2022-08-12,2023-01-03,2022-08-31,2022-09-14,0.0213569867437995,0.005387728
GRU,variance,14,1,2022-08-12,2023-01-03,2022-09-01,2022-09-15,0.0210052676228844,0.005543098
GRU,variance,14,1,2022-08-12,2023-01-03,2022-09-02,2022-09-16,0.0206901186911118,0.0055767396
GRU,variance,14,1,2022-08-12,2023-01-03,2022-09-03,2022-09-17,0.0198947411743888,0.005238087
GRU,variance,14,1,2022-08-12,2023-01-03,2022-09-04,2022-09-18,0.0196167281878646,0.0034993005
GRU,variance,14,1,2022-08-12,2023-01-03,2022-09-05,2022-09-19,0.0196214375078557,0.0035961666
GRU,variance,14,1,2022-08-12,2023-01-03,2022-09-06,2022-09-20,0.0176625260105384,0.0033610815
GRU,variance,14,1,2022-08-12,2023-01-03,2022-09-07,2022-09-21,0.0176680299033733,0.003090789
GRU,variance,14,1,2022-08-12,2023-01-03,2022-09-08,2022-09-22,0.0176576048122438,0.0029666552
GRU,variance,14,1,2022-08-12,2023-01-03,2022-09-09,2022-09-23,0.007798879121381,0.003811908
GRU,variance,14,1,2022-08-12,2023-01-03,2022-09-10,2022-09-24,0.0076944246614772,0.004715707
GRU,variance,14,1,2022-08-12,2023-01-03,2022-09-11,2022-09-25,0.0076221525644754,0.0047921347
GRU,variance,14,1,2022-08-12,2023-01-03,2022-09-12,2022-09-26,0.0076225250946339,0.005283513
GRU,variance,14,1,2022-08-12,2023-01-03,2022-09-13,2022-09-27,0.0043828287362282,0.0053959265
GRU,variance,14,1,2022-08-12,2023-01-03,2022-09-14,2022-09-28,0.0046535579208286,0.005418013
GRU,variance,14,1,2022-08-12,2023-01-03,2022-09-15,2022-09-29,0.0057664175820735,0.0054277563
GRU,variance,14,1,2022-08-12,2023-01-03,2022-09-16,2022-09-30,0.0069554641674853,0.0054284963
GRU,variance,14,1,2022-08-12,2023-01-03,2022-09-17,2022-10-01,0.0078881591232316,0.0054092454
GRU,variance,14,1,2022-08-12,2023-01-03,2022-09-18,2022-10-02,0.0084402399278785,0.00540872
GRU,variance,14,1,2022-08-12,2023-01-03,2022-09-19,2022-10-03,0.0079369616165807,0.005397147
GRU,variance,14,1,2022-08-12,2023-01-03,2022-09-20,2022-10-04,0.0060249479178009,0.0052982965
GRU,variance,14,1,2022-08-12,2023-01-03,2022-09-21,2022-10-05,0.004623858214569,0.0051620314
GRU,variance,14,1,2022-08-12,2023-01-03,2022-09-22,2022-10-06,0.0048691341085748,0.004934638
GRU,variance,14,1,2022-08-12,2023-01-03,2022-09-23,2022-10-07,0.0054833108671769,0.0041127433
GRU,variance,14,1,2022-08-12,2023-01-03,2022-09-24,2022-10-08,0.0060130804090716,0.0033144327
GRU,variance,14,1,2022-08-12,2023-01-03,2022-09-25,2022-10-09,0.0058347969232573,0.0027625153
GRU,variance,14,1,2022-08-12,2023-01-03,2022-09-26,2022-10-10,0.0050193583507501,0.0023990506
GRU,variance,14,1,2022-08-12,2023-01-03,2022-09-27,2022-10-11,0.002750339300352,0.0021529524
GRU,variance,14,1,2022-08-12,2023-01-03,2022-09-28,2022-10-12,0.0026437359927162,0.0019870468
GRU,variance,14,1,2022-08-12,2023-01-03,2022-09-29,2022-10-13,0.0028814194881995,0.0020030297
GRU,variance,14,1,2022-08-12,2023-01-03,2022-09-30,2022-10-14,0.0031325247292617,0.0020080816
GRU,variance,14,1,2022-08-12,2023-01-03,2022-10-01,2022-10-15,0.003362783319377,0.001975261
GRU,variance,14,1,2022-08-12,2023-01-03,2022-10-02,2022-10-16,0.0035874249206459,0.0019543797
GRU,variance,14,1,2022-08-12,2023-01-03,2022-10-03,2022-10-17,0.0032894489873533,0.0018928035
GRU,variance,14,1,2022-08-12,2023-01-03,2022-10-04,2022-10-18,0.0022786839891364,0.0017458103
GRU,variance,14,1,2022-08-12,2023-01-03,2022-10-05,2022-10-19,0.0019735762412605,0.0015977804
GRU,variance,14,1,2022-08-12,2023-01-03,2022-10-06,2022-10-20,0.0021768241644822,0.001590617
GRU,variance,14,1,2022-08-12,2023-01-03,2022-10-07,2022-10-21,0.0025073503762226,0.0016002535
GRU,variance,14,1,2022-08-12,2023-01-03,2022-10-08,2022-10-22,0.0028100399747824,0.0015571462
GRU,variance,14,1,2022-08-12,2023-01-03,2022-10-09,2022-10-23,0.0029737365999851,0.001498852
GRU,variance,14,1,2022-08-12,2023-01-03,2022-10-10,2022-10-24,0.0026627892241231,0.0014073488
GRU,variance,14,1,2022-08-12,2023-01-03,2022-10-11,2022-10-25,0.0018219482985545,0.00077806483
GRU,variance,14,1,2022-08-12,2023-01-03,2022-10-12,2022-10-26,0.0015715287677538,0.0007421626
GRU,variance,14,1,2022-08-12,2023-01-03,2022-10-13,2022-10-27,0.0017123479509662,0.0007435319
GRU,variance,14,1,2022-08-12,2023-01-03,2022-10-14,2022-10-28,0.0018277724071144,0.00073669705
GRU,variance,14,1,2022-08-12,2023-01-03,2022-10-15,2022-10-29,0.0019454223503378,0.000614006
GRU,variance,14,1,2022-08-12,2023-01-03,2022-10-16,2022-10-30,0.0019741566037923,0.0011595853
GRU,variance,14,1,2022-08-12,2023-01-03,2022-10-17,2022-10-31,0.0019633906236228,0.00097310875
GRU,variance,14,1,2022-08-12,2023-01-03,2022-10-18,2022-11-01,0.0011093211211332,0.0006222857
GRU,variance,14,1,2022-08-12,2023-01-03,2022-10-19,2022-11-02,0.0010759369576522,0.00052653544
GRU,variance,14,1,2022-08-12,2023-01-03,2022-10-20,2022-11-03,0.0010921187477081,0.00055321556
GRU,variance,14,1,2022-08-12,2023-01-03,2022-10-21,2022-11-04,0.0011128304990586,0.00053704943
GRU,variance,14,1,2022-08-12,2023-01-03,2022-10-22,2022-11-05,0.0011276828876414,0.0004647882
GRU,variance,14,1,2022-08-12,2023-01-03,2022-10-23,2022-11-06,0.0011383841531888,0.0007389887
GRU,variance,14,1,2022-08-12,2023-01-03,2022-10-24,2022-11-07,0.0011520883219768,0.0014260575
GRU,variance,14,1,2022-08-12,2023-01-03,2022-10-25,2022-11-08,0.0006842360649737,0.0010002432
GRU,variance,14,1,2022-08-12,2023-01-03,2022-10-26,2022-11-09,0.00069414905117,0.00062705285
GRU,variance,14,1,2022-08-12,2023-01-03,2022-10-27,2022-11-10,0.0007981396779984,0.0005375634
GRU,variance,14,1,2022-08-12,2023-01-03,2022-10-28,2022-11-11,0.0008820558251377,0.0006942058
GRU,variance,14,1,2022-08-12,2023-01-03,2022-10-29,2022-11-12,0.0009352190474323,0.002237835
GRU,variance,14,1,2022-08-12,2023-01-03,2022-10-30,2022-11-13,0.0009555270187619,0.0076587694
GRU,variance,14,1,2022-08-12,2023-01-03,2022-10-31,2022-11-14,0.000950291508779,0.008633718
GRU,variance,14,1,2022-08-12,2023-01-03,2022-11-01,2022-11-15,0.001005157141074,0.0087123
GRU,variance,14,1,2022-08-12,2023-01-03,2022-11-02,2022-11-16,0.0010084817968527,0.007897905
GRU,variance,14,1,2022-08-12,2023-01-03,2022-11-03,2022-11-17,0.0010161504759732,0.0073281364
GRU,variance,14,1,2022-08-12,2023-01-03,2022-11-04,2022-11-18,0.0010151864435413,0.0071815336
GRU,variance,14,1,2022-08-12,2023-01-03,2022-11-05,2022-11-19,0.0010011066373451,0.007971928
GRU,variance,14,1,2022-08-12,2023-01-03,2022-11-06,2022-11-20,0.000964331162985,0.006927079
GRU,variance,14,1,2022-08-12,2023-01-03,2022-11-07,2022-11-21,0.0009294647955986,0.0060895965
GRU,variance,14,1,2022-08-12,2023-01-03,2022-11-08,2022-11-22,0.0008115368014172,0.0066509345
GRU,variance,14,1,2022-08-12,2023-01-03,2022-11-09,2022-11-23,0.0008604358528602,0.0063847573
GRU,variance,14,1,2022-08-12,2023-01-03,2022-11-10,2022-11-24,0.0007595865113932,0.0059964326
GRU,variance,14,1,2022-08-12,2023-01-03,2022-11-11,2022-11-25,0.0006867944167603,0.0055475133
GRU,variance,14,1,2022-08-12,2023-01-03,2022-11-12,2022-11-26,0.0006356998816762,0.0020077832
GRU,variance,14,1,2022-08-12,2023-01-03,2022-11-13,2022-11-27,0.0006086554152484,0.0011084462
GRU,variance,14,1,2022-08-12,2023-01-03,2022-11-14,2022-11-28,0.0006403148909674,0.0013004383
GRU,variance,14,1,2022-08-12,2023-01-03,2022-11-15,2022-11-29,0.0004580005521504,0.0014498822
GRU,variance,14,1,2022-08-12,2023-01-03,2022-11-16,2022-11-30,0.000503420563442,0.0013026772
GRU,variance,14,1,2022-08-12,2023-01-03,2022-11-17,2022-12-01,0.000500548475679,0.0011039452
GRU,variance,14,1,2022-08-12,2023-01-03,2022-11-18,2022-12-02,0.0004872646305324,0.0010388466
GRU,variance,14,1,2022-08-12,2023-01-03,2022-11-19,2022-12-03,0.0004659060770007,0.0010442631
GRU,variance,14,1,2022-08-12,2023-01-03,2022-11-20,2022-12-04,0.0004640271125979,0.0008584456
GRU,variance,14,1,2022-08-12,2023-01-03,2022-11-21,2022-12-05,0.0004557214805025,0.0006696554
GRU,variance,14,1,2022-08-12,2023-01-03,2022-11-22,2022-12-06,0.0011038179971288,0.0005440892
GRU,variance,14,1,2022-08-12,2023-01-03,2022-11-23,2022-12-07,0.0011259487952747,0.00047943273
GRU,variance,14,1,2022-08-12,2023-01-03,2022-11-24,2022-12-08,0.0010900848989699,0.0005007952
GRU,variance,14,1,2022-08-12,2023-01-03,2022-11-25,2022-12-09,0.0010836715119488,0.00045093612
GRU,variance,14,1,2022-08-12,2023-01-03,2022-11-26,2022-12-10,0.0010411417278789,0.0004146964
GRU,variance,14,1,2022-08-12,2023-01-03,2022-11-27,2022-12-11,0.001041333207,0.000441297
GRU,variance,14,1,2022-08-12,2023-01-03,2022-11-28,2022-12-12,0.0010464461299021,0.0004977311
GRU,variance,14,1,2022-08-12,2023-01-03,2022-11-29,2022-12-13,0.0011108019294038,0.0005174589
GRU,variance,14,1,2022-08-12,2023-01-03,2022-11-30,2022-12-14,0.0011258242555002,0.00044217292
GRU,variance,14,1,2022-08-12,2023-01-03,2022-12-01,2022-12-15,0.0010888128532949,0.00047406723
GRU,variance,14,1,2022-08-12,2023-01-03,2022-12-02,2022-12-16,0.001077197372132,0.0005449733
GRU,variance,14,1,2022-08-12,2023-01-03,2022-12-03,2022-12-17,0.0010915025301333,0.0005793066
GRU,variance,14,1,2022-08-12,2023-01-03,2022-12-04,2022-12-18,0.0010900165598817,0.0005921033
GRU,variance,14,1,2022-08-12,2023-01-03,2022-12-05,2022-12-19,0.0011404437640199,0.00061378255
GRU,variance,14,1,2022-08-12,2023-01-03,2022-12-06,2022-12-20,0.0006788371953249,0.0009267437
GRU,variance,14,1,2022-08-12,2023-01-03,2022-12-07,2022-12-21,0.0009897637893324,0.001714758
GRU,variance,14,1,2022-08-12,2023-01-03,2022-12-08,2022-12-22,0.0009624211538411,0.002354243
GRU,variance,14,1,2022-08-12,2023-01-03,2022-12-09,2022-12-23,0.0008920378086458,0.002565494
GRU,variance,14,1,2022-08-12,2023-01-03,2022-12-10,2022-12-24,0.0008459847937679,0.0024692675
GRU,variance,14,1,2022-08-12,2023-01-03,2022-12-11,2022-12-25,0.0007978091388337,0.0018529912
GRU,variance,14,1,2022-08-12,2023-01-03,2022-12-12,2022-12-26,0.0007525415580339,0.0018399383
GRU,variance,14,1,2022-08-12,2023-01-03,2022-12-13,2022-12-27,0.0009970423879062,0.0020713059
GRU,variance,14,1,2022-08-12,2023-01-03,2022-12-14,2022-12-28,0.0011447276626857,0.0017204287
GRU,variance,14,1,2022-08-12,2023-01-03,2022-12-15,2022-12-29,0.0011447525915555,0.0007057775
GRU,variance,14,1,2022-08-12,2023-01-03,2022-12-16,2022-12-30,0.0010868442169381,0.00031380498
GRU,variance,14,1,2022-08-12,2023-01-03,2022-12-17,2022-12-31,0.0010516346778362,0.0005783089
GRU,variance,14,1,2022-08-12,2023-01-03,2022-12-18,2023-01-01,0.0010206688022819,0.00045003154
GRU,variance,14,1,2022-08-12,2023-01-03,2022-12-19,2023-01-02,0.0010203977616972,0.00046743863
GRU,variance,14,1,2022-08-12,2023-01-03,2022-12-20,2023-01-03,0.0137616080155403,0.00044058144
GRU,variance,28,1,2022-08-12,2023-01-03,2022-07-16,2022-08-13,0.0081170672059329,0.001663752
GRU,variance,28,1,2022-08-12,2023-01-03,2022-07-17,2022-08-14,0.0077780946971695,0.0011657956
GRU,variance,28,1,2022-08-12,2023-01-03,2022-07-18,2022-08-15,0.008031014118835,0.00094295415
GRU,variance,28,1,2022-08-12,2023-01-03,2022-07-19,2022-08-16,0.0150967593158953,0.0015158964
GRU,variance,28,1,2022-08-12,2023-01-03,2022-07-20,2022-08-17,0.0153596807159649,0.0022624247
GRU,variance,28,1,2022-08-12,2023-01-03,2022-07-21,2022-08-18,0.014807367790415,0.00269554
GRU,variance,28,1,2022-08-12,2023-01-03,2022-07-22,2022-08-19,0.0140150262215965,0.0028729255
GRU,variance,28,1,2022-08-12,2023-01-03,2022-07-23,2022-08-20,0.0128224725529477,0.002794972
GRU,variance,28,1,2022-08-12,2023-01-03,2022-07-24,2022-08-21,0.0117985688740739,0.0024082374
GRU,variance,28,1,2022-08-12,2023-01-03,2022-07-25,2022-08-22,0.0109151485979076,0.0019228272
GRU,variance,28,1,2022-08-12,2023-01-03,2022-07-26,2022-08-23,0.0167645234431958,0.0026642291
GRU,variance,28,1,2022-08-12,2023-01-03,2022-07-27,2022-08-24,0.0176749958766853,0.0035629144
GRU,variance,28,1,2022-08-12,2023-01-03,2022-07-28,2022-08-25,0.0172159785672756,0.003733244
GRU,variance,28,1,2022-08-12,2023-01-03,2022-07-29,2022-08-26,0.0162898613381765,0.00306998
GRU,variance,28,1,2022-08-12,2023-01-03,2022-07-30,2022-08-27,0.0155524139001282,0.0018610856
GRU,variance,28,1,2022-08-12,2023-01-03,2022-07-31,2022-08-28,0.0153276346185832,0.0010593123
GRU,variance,28,1,2022-08-12,2023-01-03,2022-08-01,2022-08-29,0.0153126601956296,0.0013190324
GRU,variance,28,1,2022-08-12,2023-01-03,2022-08-02,2022-08-30,0.0145170404741759,0.005369552
GRU,variance,28,1,2022-08-12,2023-01-03,2022-08-03,2022-08-31,0.0146378019701199,0.006922637
GRU,variance,28,1,2022-08-12,2023-01-03,2022-08-04,2022-09-01,0.0156183300758502,0.0068274853
GRU,variance,28,1,2022-08-12,2023-01-03,2022-08-05,2022-09-02,0.0166539320751937,0.0068093413
GRU,variance,28,1,2022-08-12,2023-01-03,2022-08-06,2022-09-03,0.0182579121609625,0.006427035
GRU,variance,28,1,2022-08-12,2023-01-03,2022-08-07,2022-09-04,0.0188255336503823,0.0059606163
GRU,variance,28,1,2022-08-12,2023-01-03,2022-08-08,2022-09-05,0.0188365212197674,0.005308874
GRU,variance,28,1,2022-08-12,2023-01-03,2022-08-09,2022-09-06,0.0141503676232312,0.005737121
GRU,variance,28,1,2022-08-12,2023-01-03,2022-08-10,2022-09-07,0.0129343886429094,0.004912668
GRU,variance,28,1,2022-08-12,2023-01-03,2022-08-11,2022-09-08,0.0131085469073983,0.0036854912
GRU,variance,28,1,2022-08-12,2023-01-03,2022-08-12,2022-09-09,0.0228337475953599,0.0031022893
GRU,variance,28,1,2022-08-12,2023-01-03,2022-08-13,2022-09-10,0.0235696431897075,0.0028377054
GRU,variance,28,1,2022-08-12,2023-01-03,2022-08-14,2022-09-11,0.0237694484458522,0.0026709337
GRU,variance,28,1,2022-08-12,2023-01-03,2022-08-15,2022-09-12,0.0237467559405324,0.002431724
GRU,variance,28,1,2022-08-12,2023-01-03,2022-08-16,2022-09-13,0.0213058394268398,0.0026415435
GRU,variance,28,1,2022-08-12,2023-01-03,2022-08-17,2022-09-14,0.0213569867437995,0.0022528819
GRU,variance,28,1,2022-08-12,2023-01-03,2022-08-18,2022-09-15,0.0210052676228844,0.0017880681
GRU,variance,28,1,2022-08-12,2023-01-03,2022-08-19,2022-09-16,0.0206901186911118,0.0014431316
GRU,variance,28,1,2022-08-12,2023-01-03,2022-08-20,2022-09-17,0.0198947411743888,0.0012038087
GRU,variance,28,1,2022-08-12,2023-01-03,2022-08-21,2022-09-18,0.0196167281878646,0.0010119339
GRU,variance,28,1,2022-08-12,2023-01-03,2022-08-22,2022-09-19,0.0196214375078557,0.0009565185
GRU,variance,28,1,2022-08-12,2023-01-03,2022-08-23,2022-09-20,0.0176625260105384,0.0011163207
GRU,variance,28,1,2022-08-12,2023-01-03,2022-08-24,2022-09-21,0.0176680299033733,0.001170992
GRU,variance,28,1,2022-08-12,2023-01-03,2022-08-25,2022-09-22,0.0176576048122438,0.0011772006
GRU,variance,28,1,2022-08-12,2023-01-03,2022-08-26,2022-09-23,0.007798879121381,0.0011312073
GRU,variance,28,1,2022-08-12,2023-01-03,2022-08-27,2022-09-24,0.0076944246614772,0.0010570613
GRU,variance,28,1,2022-08-12,2023-01-03,2022-08-28,2022-09-25,0.0076221525644754,0.00099687
GRU,variance,28,1,2022-08-12,2023-01-03,2022-08-29,2022-09-26,0.0076225250946339,0.00097324105
GRU,variance,28,1,2022-08-12,2023-01-03,2022-08-30,2022-09-27,0.0043828287362282,0.00093162194
GRU,variance,28,1,2022-08-12,2023-01-03,2022-08-31,2022-09-28,0.0046535579208286,0.0009076223
GRU,variance,28,1,2022-08-12,2023-01-03,2022-09-01,2022-09-29,0.0057664175820735,0.00091422163
GRU,variance,28,1,2022-08-12,2023-01-03,2022-09-02,2022-09-30,0.0069554641674853,0.000951561
GRU,variance,28,1,2022-08-12,2023-01-03,2022-09-03,2022-10-01,0.0078881591232316,0.0010731356
GRU,variance,28,1,2022-08-12,2023-01-03,2022-09-04,2022-10-02,0.0084402399278785,0.0010300939
GRU,variance,28,1,2022-08-12,2023-01-03,2022-09-05,2022-10-03,0.0079369616165807,0.0010196558
GRU,variance,28,1,2022-08-12,2023-01-03,2022-09-06,2022-10-04,0.0060249479178009,0.0009182121
GRU,variance,28,1,2022-08-12,2023-01-03,2022-09-07,2022-10-05,0.004623858214569,0.0008655234
GRU,variance,28,1,2022-08-12,2023-01-03,2022-09-08,2022-10-06,0.0048691341085748,0.00085485156
GRU,variance,28,1,2022-08-12,2023-01-03,2022-09-09,2022-10-07,0.0054833108671769,0.0010373662
GRU,variance,28,1,2022-08-12,2023-01-03,2022-09-10,2022-10-08,0.0060130804090716,0.0011578848
GRU,variance,28,1,2022-08-12,2023-01-03,2022-09-11,2022-10-09,0.0058347969232573,0.0010940805
GRU,variance,28,1,2022-08-12,2023-01-03,2022-09-12,2022-10-10,0.0050193583507501,0.0010755825
GRU,variance,28,1,2022-08-12,2023-01-03,2022-09-13,2022-10-11,0.002750339300352,0.0010453571
GRU,variance,28,1,2022-08-12,2023-01-03,2022-09-14,2022-10-12,0.0026437359927162,0.0010527039
GRU,variance,28,1,2022-08-12,2023-01-03,2022-09-15,2022-10-13,0.0028814194881995,0.0010555407
GRU,variance,28,1,2022-08-12,2023-01-03,2022-09-16,2022-10-14,0.0031325247292617,0.001050284
GRU,variance,28,1,2022-08-12,2023-01-03,2022-09-17,2022-10-15,0.003362783319377,0.001025976
GRU,variance,28,1,2022-08-12,2023-01-03,2022-09-18,2022-10-16,0.0035874249206459,0.0010328123
GRU,variance,28,1,2022-08-12,2023-01-03,2022-09-19,2022-10-17,0.0032894489873533,0.0010406525
GRU,variance,28,1,2022-08-12,2023-01-03,2022-09-20,2022-10-18,0.0022786839891364,0.0010028374
GRU,variance,28,1,2022-08-12,2023-01-03,2022-09-21,2022-10-19,0.0019735762412605,0.0009963183
GRU,variance,28,1,2022-08-12,2023-01-03,2022-09-22,2022-10-20,0.0021768241644822,0.00096814614
GRU,variance,28,1,2022-08-12,2023-01-03,2022-09-23,2022-10-21,0.0025073503762226,0.0006745637
GRU,variance,28,1,2022-08-12,2023-01-03,2022-09-24,2022-10-22,0.0028100399747824,0.0006070558
GRU,variance,28,1,2022-08-12,2023-01-03,2022-09-25,2022-10-23,0.0029737365999851,0.0006559935
GRU,variance,28,1,2022-08-12,2023-01-03,2022-09-26,2022-10-24,0.0026627892241231,0.00069910736
GRU,variance,28,1,2022-08-12,2023-01-03,2022-09-27,2022-10-25,0.0018219482985545,0.0006703058
GRU,variance,28,1,2022-08-12,2023-01-03,2022-09-28,2022-10-26,0.0015715287677538,0.0005420795
GRU,variance,28,1,2022-08-12,2023-01-03,2022-09-29,2022-10-27,0.0017123479509662,0.00060321717
GRU,variance,28,1,2022-08-12,2023-01-03,2022-09-30,2022-10-28,0.0018277724071144,0.0006731225
GRU,variance,28,1,2022-08-12,2023-01-03,2022-10-01,2022-10-29,0.0019454223503378,0.0007251869
GRU,variance,28,1,2022-08-12,2023-01-03,2022-10-02,2022-10-30,0.0019741566037923,0.0008056679
GRU,variance,28,1,2022-08-12,2023-01-03,2022-10-03,2022-10-31,0.0019633906236228,0.00080440816
GRU,variance,28,1,2022-08-12,2023-01-03,2022-10-04,2022-11-01,0.0011093211211332,0.00074253243
GRU,variance,28,1,2022-08-12,2023-01-03,2022-10-05,2022-11-02,0.0010759369576522,0.0006867676
GRU,variance,28,1,2022-08-12,2023-01-03,2022-10-06,2022-11-03,0.0010921187477081,0.0007167335
GRU,variance,28,1,2022-08-12,2023-01-03,2022-10-07,2022-11-04,0.0011128304990586,0.0007623977
GRU,variance,28,1,2022-08-12,2023-01-03,2022-10-08,2022-11-05,0.0011276828876414,0.00078905065
GRU,variance,28,1,2022-08-12,2023-01-03,2022-10-09,2022-11-06,0.0011383841531888,0.00082037173
GRU,variance,28,1,2022-08-12,2023-01-03,2022-10-10,2022-11-07,0.0011520883219768,0.0007966213
GRU,variance,28,1,2022-08-12,2023-01-03,2022-10-11,2022-11-08,0.0006842360649737,0.000546879
GRU,variance,28,1,2022-08-12,2023-01-03,2022-10-12,2022-11-09,0.00069414905117,0.00048443416
GRU,variance,28,1,2022-08-12,2023-01-03,2022-10-13,2022-11-10,0.0007981396779984,0.00049473916
GRU,variance,28,1,2022-08-12,2023-01-03,2022-10-14,2022-11-11,0.0008820558251377,0.0005015532
GRU,variance,28,1,2022-08-12,2023-01-03,2022-10-15,2022-11-12,0.0009352190474323,0.0004403324
GRU,variance,28,1,2022-08-12,2023-01-03,2022-10-16,2022-11-13,0.0009555270187619,0.0005343344
GRU,variance,28,1,2022-08-12,2023-01-03,2022-10-17,2022-11-14,0.000950291508779,0.00046881908
GRU,variance,28,1,2022-08-12,2023-01-03,2022-10-18,2022-11-15,0.001005157141074,0.00042026606
GRU,variance,28,1,2022-08-12,2023-01-03,2022-10-19,2022-11-16,0.0010084817968527,0.00044849658
GRU,variance,28,1,2022-08-12,2023-01-03,2022-10-20,2022-11-17,0.0010161504759732,0.00049907796
GRU,variance,28,1,2022-08-12,2023-01-03,2022-10-21,2022-11-18,0.0010151864435413,0.00051783276
GRU,variance,28,1,2022-08-12,2023-01-03,2022-10-22,2022-11-19,0.0010011066373451,0.0004697169
GRU,variance,28,1,2022-08-12,2023-01-03,2022-10-23,2022-11-20,0.000964331162985,0.00049233745
GRU,variance,28,1,2022-08-12,2023-01-03,2022-10-24,2022-11-21,0.0009294647955986,0.00064053276
GRU,variance,28,1,2022-08-12,2023-01-03,2022-10-25,2022-11-22,0.0008115368014172,0.00045002683
GRU,variance,28,1,2022-08-12,2023-01-03,2022-10-26,2022-11-23,0.0008604358528602,0.00039579306
GRU,variance,28,1,2022-08-12,2023-01-03,2022-10-27,2022-11-24,0.0007595865113932,0.00040995743
GRU,variance,28,1,2022-08-12,2023-01-03,2022-10-28,2022-11-25,0.0006867944167603,0.0005710126
GRU,variance,28,1,2022-08-12,2023-01-03,2022-10-29,2022-11-26,0.0006356998816762,0.0065449034
GRU,variance,28,1,2022-08-12,2023-01-03,2022-10-30,2022-11-27,0.0006086554152484,0.008137643
GRU,variance,28,1,2022-08-12,2023-01-03,2022-10-31,2022-11-28,0.0006403148909674,0.008149407
GRU,variance,28,1,2022-08-12,2023-01-03,2022-11-01,2022-11-29,0.0004580005521504,0.0077135516
GRU,variance,28,1,2022-08-12,2023-01-03,2022-11-02,2022-11-30,0.000503420563442,0.007436812
GRU,variance,28,1,2022-08-12,2023-01-03,2022-11-03,2022-12-01,0.000500548475679,0.007341782
GRU,variance,28,1,2022-08-12,2023-01-03,2022-11-04,2022-12-02,0.0004872646305324,0.0073479814
GRU,variance,28,1,2022-08-12,2023-01-03,2022-11-05,2022-12-03,0.0004659060770007,0.0070281294
GRU,variance,28,1,2022-08-12,2023-01-03,2022-11-06,2022-12-04,0.0004640271125979,0.0062511154
GRU,variance,28,1,2022-08-12,2023-01-03,2022-11-07,2022-12-05,0.0004557214805025,0.0062849144
GRU,variance,28,1,2022-08-12,2023-01-03,2022-11-08,2022-12-06,0.0011038179971288,0.0062145977
GRU,variance,28,1,2022-08-12,2023-01-03,2022-11-09,2022-12-07,0.0011259487952747,0.006023512
GRU,variance,28,1,2022-08-12,2023-01-03,2022-11-10,2022-12-08,0.0010900848989699,0.005820525
GRU,variance,28,1,2022-08-12,2023-01-03,2022-11-11,2022-12-09,0.0010836715119488,0.005076637
GRU,variance,28,1,2022-08-12,2023-01-03,2022-11-12,2022-12-10,0.0010411417278789,0.0025343255
GRU,variance,28,1,2022-08-12,2023-01-03,2022-11-13,2022-12-11,0.001041333207,0.0011702509
GRU,variance,28,1,2022-08-12,2023-01-03,2022-11-14,2022-12-12,0.0010464461299021,0.0011376789
GRU,variance,28,1,2022-08-12,2023-01-03,2022-11-15,2022-12-13,0.0011108019294038,0.0011119467
GRU,variance,28,1,2022-08-12,2023-01-03,2022-11-16,2022-12-14,0.0011258242555002,0.0011500895
GRU,variance,28,1,2022-08-12,2023-01-03,2022-11-17,2022-12-15,0.0010888128532949,0.0011777793
GRU,variance,28,1,2022-08-12,2023-01-03,2022-11-18,2022-12-16,0.001077197372132,0.0012486136
GRU,variance,28,1,2022-08-12,2023-01-03,2022-11-19,2022-12-17,0.0010915025301333,0.0011793459
GRU,variance,28,1,2022-08-12,2023-01-03,2022-11-20,2022-12-18,0.0010900165598817,0.0011324452
GRU,variance,28,1,2022-08-12,2023-01-03,2022-11-21,2022-12-19,0.0011404437640199,0.0010530135
GRU,variance,28,1,2022-08-12,2023-01-03,2022-11-22,2022-12-20,0.0006788371953249,0.0010093962
GRU,variance,28,1,2022-08-12,2023-01-03,2022-11-23,2022-12-21,0.0009897637893324,0.0009877215
GRU,variance,28,1,2022-08-12,2023-01-03,2022-11-24,2022-12-22,0.0009624211538411,0.0009973358
GRU,variance,28,1,2022-08-12,2023-01-03,2022-11-25,2022-12-23,0.0008920378086458,0.0009839723
GRU,variance,28,1,2022-08-12,2023-01-03,2022-11-26,2022-12-24,0.0008459847937679,0.0008982237
GRU,variance,28,1,2022-08-12,2023-01-03,2022-11-27,2022-12-25,0.0007978091388337,0.0007847797
GRU,variance,28,1,2022-08-12,2023-01-03,2022-11-28,2022-12-26,0.0007525415580339,0.00080445036
GRU,variance,28,1,2022-08-12,2023-01-03,2022-11-29,2022-12-27,0.0009970423879062,0.0008386252
GRU,variance,28,1,2022-08-12,2023-01-03,2022-11-30,2022-12-28,0.0011447276626857,0.00080316036
GRU,variance,28,1,2022-08-12,2023-01-03,2022-12-01,2022-12-29,0.0011447525915555,0.0007253121
GRU,variance,28,1,2022-08-12,2023-01-03,2022-12-02,2022-12-30,0.0010868442169381,0.0007422393
GRU,variance,28,1,2022-08-12,2023-01-03,2022-12-03,2022-12-31,0.0010516346778362,0.0008520538
GRU,variance,28,1,2022-08-12,2023-01-03,2022-12-04,2023-01-01,0.0010206688022819,0.0009417177
GRU,variance,28,1,2022-08-12,2023-01-03,2022-12-05,2023-01-02,0.0010203977616972,0.000938585
GRU,variance,28,1,2022-08-12,2023-01-03,2022-12-06,2023-01-03,0.0137616080155403,0.0012728107
LSTM,mean,14,1,2022-08-12,2023-01-03,2022-07-30,2022-08-13,0.2329217094041259,0.13699394
LSTM,mean,14,1,2022-08-12,2023-01-03,2022-07-31,2022-08-14,0.2385535797447704,0.13266113
LSTM,mean,14,1,2022-08-12,2023-01-03,2022-08-01,2022-08-15,0.2473722465948995,0.1282569
LSTM,mean,14,1,2022-08-12,2023-01-03,2022-08-02,2022-08-16,0.2611679445832513,0.13154633
LSTM,mean,14,1,2022-08-12,2023-01-03,2022-08-03,2022-08-17,0.2681468829599621,0.137816
LSTM,mean,14,1,2022-08-12,2023-01-03,2022-08-04,2022-08-18,0.273718736198986,0.14538178
LSTM,mean,14,1,2022-08-12,2023-01-03,2022-08-05,2022-08-19,0.2774965925697973,0.153728
LSTM,mean,14,1,2022-08-12,2023-01-03,2022-08-06,2022-08-20,0.2846488995750268,0.16356619
LSTM,mean,14,1,2022-08-12,2023-01-03,2022-08-07,2022-08-21,0.2914799867095102,0.17562562
LSTM,mean,14,1,2022-08-12,2023-01-03,2022-08-08,2022-08-22,0.2927937040338635,0.18657215
LSTM,mean,14,1,2022-08-12,2023-01-03,2022-08-09,2022-08-23,0.3050685950037263,0.20545392
LSTM,mean,14,1,2022-08-12,2023-01-03,2022-08-10,2022-08-24,0.3143525470582268,0.23135422
LSTM,mean,14,1,2022-08-12,2023-01-03,2022-08-11,2022-08-25,0.3176567890612977,0.2649995
LSTM,mean,14,1,2022-08-12,2023-01-03,2022-08-12,2022-08-26,0.3215352456652847,0.30344194
LSTM,mean,14,1,2022-08-12,2023-01-03,2022-08-13,2022-08-27,0.3255590151207944,0.33851707
LSTM,mean,14,1,2022-08-12,2023-01-03,2022-08-14,2022-08-28,0.3270184802090577,0.35772902
LSTM,mean,14,1,2022-08-12,2023-01-03,2022-08-15,2022-08-29,0.3279652444163786,0.35961178
LSTM,mean,14,1,2022-08-12,2023-01-03,2022-08-16,2022-08-30,0.3264417165286367,0.35266715
LSTM,mean,14,1,2022-08-12,2023-01-03,2022-08-17,2022-08-31,0.3234294476000823,0.3426979
LSTM,mean,14,1,2022-08-12,2023-01-03,2022-08-18,2022-09-01,0.3185674289762943,0.3315235
LSTM,mean,14,1,2022-08-12,2023-01-03,2022-08-19,2022-09-02,0.3150800198621729,0.3186323
LSTM,mean,14,1,2022-08-12,2023-01-03,2022-08-20,2022-09-03,0.3082425964459392,0.30520093
LSTM,mean,14,1,2022-08-12,2023-01-03,2022-08-21,2022-09-04,0.3044548215502703,0.2914297
LSTM,mean,14,1,2022-08-12,2023-01-03,2022-08-22,2022-09-05,0.3030590973418014,0.27962986
LSTM,mean,14,1,2022-08-12,2023-01-03,2022-08-23,2022-09-06,0.294193777587136,0.27213827
LSTM,mean,14,1,2022-08-12,2023-01-03,2022-08-24,2022-09-07,0.2818265767793665,0.266757
LSTM,mean,14,1,2022-08-12,2023-01-03,2022-08-25,2022-09-08,0.2788095099635322,0.26001176
LSTM,mean,14,1,2022-08-12,2023-01-03,2022-08-26,2022-09-09,0.3086741352649516,0.2526094
LSTM,mean,14,1,2022-08-12,2023-01-03,2022-08-27,2022-09-10,0.3039698853462405,0.24593386
LSTM,mean,14,1,2022-08-12,2023-01-03,2022-08-28,2022-09-11,0.3021449781773179,0.2401233
LSTM,mean,14,1,2022-08-12,2023-01-03,2022-08-29,2022-09-12,0.2988471065684625,0.23498596
LSTM,mean,14,1,2022-08-12,2023-01-03,2022-08-30,2022-09-13,0.2938725866601544,0.22987528
LSTM,mean,14,1,2022-08-12,2023-01-03,2022-08-31,2022-09-14,0.2925133640042747,0.22457397
LSTM,mean,14,1,2022-08-12,2023-01-03,2022-09-01,2022-09-15,0.2943908167960701,0.21887991
LSTM,mean,14,1,2022-08-12,2023-01-03,2022-09-02,2022-09-16,0.295493591889633,0.21367164
LSTM,mean,14,1,2022-08-12,2023-01-03,2022-09-03,2022-09-17,0.2985523855728701,0.20803002
LSTM,mean,14,1,2022-08-12,2023-01-03,2022-09-04,2022-09-18,0.3002186925949414,0.2031998
LSTM,mean,14,1,2022-08-12,2023-01-03,2022-09-05,2022-09-19,0.3019356548741535,0.19990739
LSTM,mean,14,1,2022-08-12,2023-01-03,2022-09-06,2022-09-20,0.2952899883134545,0.19509499
LSTM,mean,14,1,2022-08-12,2023-01-03,2022-09-07,2022-09-21,0.3027580614304811,0.18761148
LSTM,mean,14,1,2022-08-12,2023-01-03,2022-09-08,2022-09-22,0.3028272964038533,0.18178008
LSTM,mean,14,1,2022-08-12,2023-01-03,2022-09-09,2022-09-23,0.2707690744758839,0.19021912
LSTM,mean,14,1,2022-08-12,2023-01-03,2022-09-10,2022-09-24,0.2715132441789233,0.19640727
LSTM,mean,14,1,2022-08-12,2023-01-03,2022-09-11,2022-09-25,0.2730199657912049,0.19990043
LSTM,mean,14,1,2022-08-12,2023-01-03,2022-09-12,2022-09-26,0.2730423377610387,0.20043902
LSTM,mean,14,1,2022-08-12,2023-01-03,2022-09-13,2022-09-27,0.263145676334556,0.1983129
LSTM,mean,14,1,2022-08-12,2023-01-03,2022-09-14,2022-09-28,0.2585063784037369,0.19604902
LSTM,mean,14,1,2022-08-12,2023-01-03,2022-09-15,2022-09-29,0.252093737116353,0.19547726
LSTM,mean,14,1,2022-08-12,2023-01-03,2022-09-16,2022-09-30,0.2472375086184071,0.19612394
LSTM,mean,14,1,2022-08-12,2023-01-03,2022-09-17,2022-10-01,0.2420399396126247,0.19829817
LSTM,mean,14,1,2022-08-12,2023-01-03,2022-09-18,2022-10-02,0.2363769494605742,0.20087275
LSTM,mean,14,1,2022-08-12,2023-01-03,2022-09-19,2022-10-03,0.2301664739868834,0.20340922
LSTM,mean,14,1,2022-08-12,2023-01-03,2022-09-20,2022-10-04,0.2215034387954681,0.20252658
LSTM,mean,14,1,2022-08-12,2023-01-03,2022-09-21,2022-10-05,0.2111232084102334,0.20422621
LSTM,mean,14,1,2022-08-12,2023-01-03,2022-09-22,2022-10-06,0.204890235024975,0.20558882
LSTM,mean,14,1,2022-08-12,2023-01-03,2022-09-23,2022-10-07,0.1982452230568141,0.19422734
LSTM,mean,14,1,2022-08-12,2023-01-03,2022-09-24,2022-10-08,0.1910186840257337,0.18533534
LSTM,mean,14,1,2022-08-12,2023-01-03,2022-09-25,2022-10-09,0.1816872479228083,0.18047693
LSTM,mean,14,1,2022-08-12,2023-01-03,2022-09-26,2022-10-10,0.174196048675853,0.17850894
LSTM,mean,14,1,2022-08-12,2023-01-03,2022-09-27,2022-10-11,0.165352497030927,0.17471047
LSTM,mean,14,1,2022-08-12,2023-01-03,2022-09-28,2022-10-12,0.1627071842105971,0.17133915
LSTM,mean,14,1,2022-08-12,2023-01-03,2022-09-29,2022-10-13,0.1604012842140447,0.1673671
LSTM,mean,14,1,2022-08-12,2023-01-03,2022-09-30,2022-10-14,0.1587199015249163,0.16360933
LSTM,mean,14,1,2022-08-12,2023-01-03,2022-10-01,2022-10-15,0.1565018047787928,0.15995574
LSTM,mean,14,1,2022-08-12,2023-01-03,2022-10-02,2022-10-16,0.152661529307497,0.1561948
LSTM,mean,14,1,2022-08-12,2023-01-03,2022-10-03,2022-10-17,0.1434772467761394,0.15220506
LSTM,mean,14,1,2022-08-12,2023-01-03,2022-10-04,2022-10-18,0.1382902603592003,0.14706525
LSTM,mean,14,1,2022-08-12,2023-01-03,2022-10-05,2022-10-19,0.1306927009705714,0.14043415
LSTM,mean,14,1,2022-08-12,2023-01-03,2022-10-06,2022-10-20,0.1255166790683448,0.13494126
LSTM,mean,14,1,2022-08-12,2023-01-03,2022-10-07,2022-10-21,0.1215789707504128,0.1305415
LSTM,mean,14,1,2022-08-12,2023-01-03,2022-10-08,2022-10-22,0.1177346976717436,0.12680423
LSTM,mean,14,1,2022-08-12,2023-01-03,2022-10-09,2022-10-23,0.1132533904448399,0.12255835
LSTM,mean,14,1,2022-08-12,2023-01-03,2022-10-10,2022-10-24,0.1073664165823456,0.1188198
LSTM,mean,14,1,2022-08-12,2023-01-03,2022-10-11,2022-10-25,0.1031259622794226,0.11415257
LSTM,mean,14,1,2022-08-12,2023-01-03,2022-10-12,2022-10-26,0.0963766492675656,0.111038044
LSTM,mean,14,1,2022-08-12,2023-01-03,2022-10-13,2022-10-27,0.093113108181633,0.10944472
LSTM,mean,14,1,2022-08-12,2023-01-03,2022-10-14,2022-10-28,0.0911559859244306,0.108684085
LSTM,mean,14,1,2022-08-12,2023-01-03,2022-10-15,2022-10-29,0.0880394067911088,0.10781708
LSTM,mean,14,1,2022-08-12,2023-01-03,2022-10-16,2022-10-30,0.0853523045876202,0.10585087
LSTM,mean,14,1,2022-08-12,2023-01-03,2022-10-17,2022-10-31,0.0837597105624305,0.10070207
LSTM,mean,14,1,2022-08-12,2023-01-03,2022-10-18,2022-11-01,0.078703308033533,0.095642425
LSTM,mean,14,1,2022-08-12,2023-01-03,2022-10-19,2022-11-02,0.076532502597307,0.090152994
LSTM,mean,14,1,2022-08-12,2023-01-03,2022-10-20,2022-11-03,0.0756570373661229,0.085639685
LSTM,mean,14,1,2022-08-12,2023-01-03,2022-10-21,2022-11-04,0.0752107235707895,0.082358666
LSTM,mean,14,1,2022-08-12,2023-01-03,2022-10-22,2022-11-05,0.0748845416885153,0.079774715
LSTM,mean,14,1,2022-08-12,2023-01-03,2022-10-23,2022-11-06,0.0765352157789679,0.077329054
LSTM,mean,14,1,2022-08-12,2023-01-03,2022-10-24,2022-11-07,0.0768659336615417,0.074575976
LSTM,mean,14,1,2022-08-12,2023-01-03,2022-10-25,2022-11-08,0.073798991205939,0.07244559
LSTM,mean,14,1,2022-08-12,2023-01-03,2022-10-26,2022-11-09,0.0732140689040359,0.07005995
LSTM,mean,14,1,2022-08-12,2023-01-03,2022-10-27,2022-11-10,0.0716742922873201,0.068691656
LSTM,mean,14,1,2022-08-12,2023-01-03,2022-10-28,2022-11-11,0.0703433300511735,0.068257205
LSTM,mean,14,1,2022-08-12,2023-01-03,2022-10-29,2022-11-12,0.0694015822502547,0.06775221
LSTM,mean,14,1,2022-08-12,2023-01-03,2022-10-30,2022-11-13,0.0685965851917204,0.067182
LSTM,mean,14,1,2022-08-12,2023-01-03,2022-10-31,2022-11-14,0.0679852810597109,0.066968374
LSTM,mean,14,1,2022-08-12,2023-01-03,2022-11-01,2022-11-15,0.0684164769648427,0.06588538
LSTM,mean,14,1,2022-08-12,2023-01-03,2022-11-02,2022-11-16,0.0688235531062736,0.065134026
LSTM,mean,14,1,2022-08-12,2023-01-03,2022-11-03,2022-11-17,0.0684602488529325,0.06509095
LSTM,mean,14,1,2022-08-12,2023-01-03,2022-11-04,2022-11-18,0.0684857809184202,0.06598732
LSTM,mean,14,1,2022-08-12,2023-01-03,2022-11-05,2022-11-19,0.0689602245159891,0.068305545
LSTM,mean,14,1,2022-08-12,2023-01-03,2022-11-06,2022-11-20,0.0675683464572022,0.072426885
LSTM,mean,14,1,2022-08-12,2023-01-03,2022-11-07,2022-11-21,0.0669632591164338,0.076522075
LSTM,mean,14,1,2022-08-12,2023-01-03,2022-11-08,2022-11-22,0.0658834902023071,0.0782165
LSTM,mean,14,1,2022-08-12,2023-01-03,2022-11-09,2022-11-23,0.0681158125800529,0.07871704
LSTM,mean,14,1,2022-08-12,2023-01-03,2022-11-10,2022-11-24,0.0699042004403278,0.07753834
LSTM,mean,14,1,2022-08-12,2023-01-03,2022-11-11,2022-11-25,0.0710227506085036,0.07430069
LSTM,mean,14,1,2022-08-12,2023-01-03,2022-11-12,2022-11-26,0.0718536127797953,0.069849186
LSTM,mean,14,1,2022-08-12,2023-01-03,2022-11-13,2022-11-27,0.0727124884012306,0.06892849
LSTM,mean,14,1,2022-08-12,2023-01-03,2022-11-14,2022-11-28,0.0746229771927679,0.06952557
LSTM,mean,14,1,2022-08-12,2023-01-03,2022-11-15,2022-11-29,0.0726464009747265,0.07051826
LSTM,mean,14,1,2022-08-12,2023-01-03,2022-11-16,2022-11-30,0.0742576319791708,0.07204218
LSTM,mean,14,1,2022-08-12,2023-01-03,2022-11-17,2022-12-01,0.0743339928725567,0.073379725
LSTM,mean,14,1,2022-08-12,2023-01-03,2022-11-18,2022-12-02,0.0746230925185092,0.07448331
LSTM,mean,14,1,2022-08-12,2023-01-03,2022-11-19,2022-12-03,0.0756413501838568,0.075682536
LSTM,mean,14,1,2022-08-12,2023-01-03,2022-11-20,2022-12-04,0.0760864458428438,0.07578579
LSTM,mean,14,1,2022-08-12,2023-01-03,2022-11-21,2022-12-05,0.0757517445650089,0.07542609
LSTM,mean,14,1,2022-08-12,2023-01-03,2022-11-22,2022-12-06,0.0804344451324808,0.07430957
LSTM,mean,14,1,2022-08-12,2023-01-03,2022-11-23,2022-12-07,0.0810599293313302,0.074678205
LSTM,mean,14,1,2022-08-12,2023-01-03,2022-11-24,2022-12-08,0.0818757627340982,0.0766535
LSTM,mean,14,1,2022-08-12,2023-01-03,2022-11-25,2022-12-09,0.0819654126827038,0.07964352
LSTM,mean,14,1,2022-08-12,2023-01-03,2022-11-26,2022-12-10,0.0826508603720496,0.08292523
LSTM,mean,14,1,2022-08-12,2023-01-03,2022-11-27,2022-12-11,0.0826461827537464,0.086161375
LSTM,mean,14,1,2022-08-12,2023-01-03,2022-11-28,2022-12-12,0.0806072446377201,0.090054296
LSTM,mean,14,1,2022-08-12,2023-01-03,2022-11-29,2022-12-13,0.0816459076967019,0.091697924
LSTM,mean,14,1,2022-08-12,2023-01-03,2022-11-30,2022-12-14,0.0820207081477393,0.09306053
LSTM,mean,14,1,2022-08-12,2023-01-03,2022-12-01,2022-12-15,0.0829410720320907,0.09354623
LSTM,mean,14,1,2022-08-12,2023-01-03,2022-12-02,2022-12-16,0.0831449866750306,0.093334764
LSTM,mean,14,1,2022-08-12,2023-01-03,2022-12-03,2022-12-17,0.0826623363808132,0.09313543
LSTM,mean,14,1,2022-08-12,2023-01-03,2022-12-04,2022-12-18,0.0828095749580439,0.0928382
LSTM,mean,14,1,2022-08-12,2023-01-03,2022-12-05,2022-12-19,0.084539604529338,0.09190959
LSTM,mean,14,1,2022-08-12,2023-01-03,2022-12-06,2022-12-20,0.0815192867338567,0.093847245
LSTM,mean,14,1,2022-08-12,2023-01-03,2022-12-07,2022-12-21,0.0849364533269645,0.096573114
LSTM,mean,14,1,2022-08-12,2023-01-03,2022-12-08,2022-12-22,0.0863355542549545,0.09957151
LSTM,mean,14,1,2022-08-12,2023-01-03,2022-12-09,2022-12-23,0.0874285771799837,0.10197017
LSTM,mean,14,1,2022-08-12,2023-01-03,2022-12-10,2022-12-24,0.0883534797421981,0.10416053
LSTM,mean,14,1,2022-08-12,2023-01-03,2022-12-11,2022-12-25,0.0898307190370733,0.10547068
LSTM,mean,14,1,2022-08-12,2023-01-03,2022-12-12,2022-12-26,0.0919206060011261,0.10440684
LSTM,mean,14,1,2022-08-12,2023-01-03,2022-12-13,2022-12-27,0.0945869231328334,0.102614686
LSTM,mean,14,1,2022-08-12,2023-01-03,2022-12-14,2022-12-28,0.0972474509177878,0.10067985
LSTM,mean,14,1,2022-08-12,2023-01-03,2022-12-15,2022-12-29,0.0972470222075266,0.09960427
LSTM,mean,14,1,2022-08-12,2023-01-03,2022-12-16,2022-12-30,0.0980355084108653,0.099271946
LSTM,mean,14,1,2022-08-12,2023-01-03,2022-12-17,2022-12-31,0.0986081054382626,0.09917064
LSTM,mean,14,1,2022-08-12,2023-01-03,2022-12-18,2023-01-01,0.0998994191554336,0.09949499
LSTM,mean,14,1,2022-08-12,2023-01-03,2022-12-19,2023-01-02,0.0998859326029232,0.10156091
LSTM,mean,14,1,2022-08-12,2023-01-03,2022-12-20,2023-01-03,0.1276245527087355,0.101680666
LSTM,mean,28,1,2022-08-12,2023-01-03,2022-07-16,2022-08-13,0.2329217094041259,0.13244404
LSTM,mean,28,1,2022-08-12,2023-01-03,2022-07-17,2022-08-14,0.2385535797447704,0.11997537
LSTM,mean,28,1,2022-08-12,2023-01-03,2022-07-18,2022-08-15,0.2473722465948995,0.093158
LSTM,mean,28,1,2022-08-12,2023-01-03,2022-07-19,2022-08-16,0.2611679445832513,0.07264915
LSTM,mean,28,1,2022-08-12,2023-01-03,2022-07-20,2022-08-17,0.2681468829599621,0.07459281
LSTM,mean,28,1,2022-08-12,2023-01-03,2022-07-21,2022-08-18,0.273718736198986,0.082026824
LSTM,mean,28,1,2022-08-12,2023-01-03,2022-07-22,2022-08-19,0.2774965925697973,0.08958818
LSTM,mean,28,1,2022-08-12,2023-01-03,2022-07-23,2022-08-20,0.2846488995750268,0.096439056
LSTM,mean,28,1,2022-08-12,2023-01-03,2022-07-24,2022-08-21,0.2914799867095102,0.10132217
LSTM,mean,28,1,2022-08-12,2023-01-03,2022-07-25,2022-08-22,0.2927937040338635,0.106884584
LSTM,mean,28,1,2022-08-12,2023-01-03,2022-07-26,2022-08-23,0.3050685950037263,0.11555009
LSTM,mean,28,1,2022-08-12,2023-01-03,2022-07-27,2022-08-24,0.3143525470582268,0.12623495
LSTM,mean,28,1,2022-08-12,2023-01-03,2022-07-28,2022-08-25,0.3176567890612977,0.13774438
LSTM,mean,28,1,2022-08-12,2023-01-03,2022-07-29,2022-08-26,0.3215352456652847,0.14870484
LSTM,mean,28,1,2022-08-12,2023-01-03,2022-07-30,2022-08-27,0.3255590151207944,0.15891103
LSTM,mean,28,1,2022-08-12,2023-01-03,2022-07-31,2022-08-28,0.3270184802090577,0.17006557
LSTM,mean,28,1,2022-08-12,2023-01-03,2022-08-01,2022-08-29,0.3279652444163786,0.18292682
LSTM,mean,28,1,2022-08-12,2023-01-03,2022-08-02,2022-08-30,0.3264417165286367,0.20389356
LSTM,mean,28,1,2022-08-12,2023-01-03,2022-08-03,2022-08-31,0.3234294476000823,0.22606598
LSTM,mean,28,1,2022-08-12,2023-01-03,2022-08-04,2022-09-01,0.3185674289762943,0.24259368
LSTM,mean,28,1,2022-08-12,2023-01-03,2022-08-05,2022-09-02,0.3150800198621729,0.24879475
LSTM,mean,28,1,2022-08-12,2023-01-03,2022-08-06,2022-09-03,0.3082425964459392,0.2460322
LSTM,mean,28,1,2022-08-12,2023-01-03,2022-08-07,2022-09-04,0.3044548215502703,0.24060543
LSTM,mean,28,1,2022-08-12,2023-01-03,2022-08-08,2022-09-05,0.3030590973418014,0.23709355
LSTM,mean,28,1,2022-08-12,2023-01-03,2022-08-09,2022-09-06,0.294193777587136,0.2486757
LSTM,mean,28,1,2022-08-12,2023-01-03,2022-08-10,2022-09-07,0.2818265767793665,0.26820755
LSTM,mean,28,1,2022-08-12,2023-01-03,2022-08-11,2022-09-08,0.2788095099635322,0.28800613
LSTM,mean,28,1,2022-08-12,2023-01-03,2022-08-12,2022-09-09,0.3086741352649516,0.30659622
LSTM,mean,28,1,2022-08-12,2023-01-03,2022-08-13,2022-09-10,0.3039698853462405,0.3231049
LSTM,mean,28,1,2022-08-12,2023-01-03,2022-08-14,2022-09-11,0.3021449781773179,0.3347456
LSTM,mean,28,1,2022-08-12,2023-01-03,2022-08-15,2022-09-12,0.2988471065684625,0.3449626
LSTM,mean,28,1,2022-08-12,2023-01-03,2022-08-16,2022-09-13,0.2938725866601544,0.3499725
LSTM,mean,28,1,2022-08-12,2023-01-03,2022-08-17,2022-09-14,0.2925133640042747,0.33473325
LSTM,mean,28,1,2022-08-12,2023-01-03,2022-08-18,2022-09-15,0.2943908167960701,0.304025
LSTM,mean,28,1,2022-08-12,2023-01-03,2022-08-19,2022-09-16,0.295493591889633,0.2619912
LSTM,mean,28,1,2022-08-12,2023-01-03,2022-08-20,2022-09-17,0.2985523855728701,0.22152442
LSTM,mean,28,1,2022-08-12,2023-01-03,2022-08-21,2022-09-18,0.3002186925949414,0.19342661
LSTM,mean,28,1,2022-08-12,2023-01-03,2022-08-22,2022-09-19,0.3019356548741535,0.17376582
LSTM,mean,28,1,2022-08-12,2023-01-03,2022-08-23,2022-09-20,0.2952899883134545,0.16337126
LSTM,mean,28,1,2022-08-12,2023-01-03,2022-08-24,2022-09-21,0.3027580614304811,0.15738624
LSTM,mean,28,1,2022-08-12,2023-01-03,2022-08-25,2022-09-22,0.3028272964038533,0.1524819
LSTM,mean,28,1,2022-08-12,2023-01-03,2022-08-26,2022-09-23,0.2707690744758839,0.14909992
LSTM,mean,28,1,2022-08-12,2023-01-03,2022-08-27,2022-09-24,0.2715132441789233,0.14724366
LSTM,mean,28,1,2022-08-12,2023-01-03,2022-08-28,2022-09-25,0.2730199657912049,0.14597851
LSTM,mean,28,1,2022-08-12,2023-01-03,2022-08-29,2022-09-26,0.2730423377610387,0.14492948
LSTM,mean,28,1,2022-08-12,2023-01-03,2022-08-30,2022-09-27,0.263145676334556,0.14357555
LSTM,mean,28,1,2022-08-12,2023-01-03,2022-08-31,2022-09-28,0.2585063784037369,0.14190358
LSTM,mean,28,1,2022-08-12,2023-01-03,2022-09-01,2022-09-29,0.252093737116353,0.13981739
LSTM,mean,28,1,2022-08-12,2023-01-03,2022-09-02,2022-09-30,0.2472375086184071,0.1380106
LSTM,mean,28,1,2022-08-12,2023-01-03,2022-09-03,2022-10-01,0.2420399396126247,0.13559537
LSTM,mean,28,1,2022-08-12,2023-01-03,2022-09-04,2022-10-02,0.2363769494605742,0.1337161
LSTM,mean,28,1,2022-08-12,2023-01-03,2022-09-05,2022-10-03,0.2301664739868834,0.1326966
LSTM,mean,28,1,2022-08-12,2023-01-03,2022-09-06,2022-10-04,0.2215034387954681,0.1301432
LSTM,mean,28,1,2022-08-12,2023-01-03,2022-09-07,2022-10-05,0.2111232084102334,0.12599337
LSTM,mean,28,1,2022-08-12,2023-01-03,2022-09-08,2022-10-06,0.204890235024975,0.12364644
LSTM,mean,28,1,2022-08-12,2023-01-03,2022-09-09,2022-10-07,0.1982452230568141,0.13070804
LSTM,mean,28,1,2022-08-12,2023-01-03,2022-09-10,2022-10-08,0.1910186840257337,0.13254796
LSTM,mean,28,1,2022-08-12,2023-01-03,2022-09-11,2022-10-09,0.1816872479228083,0.13253815
LSTM,mean,28,1,2022-08-12,2023-01-03,2022-09-12,2022-10-10,0.174196048675853,0.13155954
LSTM,mean,28,1,2022-08-12,2023-01-03,2022-09-13,2022-10-11,0.165352497030927,0.1298642
LSTM,mean,28,1,2022-08-12,2023-01-03,2022-09-14,2022-10-12,0.1627071842105971,0.1288783
LSTM,mean,28,1,2022-08-12,2023-01-03,2022-09-15,2022-10-13,0.1604012842140447,0.12908073
LSTM,mean,28,1,2022-08-12,2023-01-03,2022-09-16,2022-10-14,0.1587199015249163,0.12955709
LSTM,mean,28,1,2022-08-12,2023-01-03,2022-09-17,2022-10-15,0.1565018047787928,0.13060145
LSTM,mean,28,1,2022-08-12,2023-01-03,2022-09-18,2022-10-16,0.152661529307497,0.13148557
LSTM,mean,28,1,2022-08-12,2023-01-03,2022-09-19,2022-10-17,0.1434772467761394,0.13227127
LSTM,mean,28,1,2022-08-12,2023-01-03,2022-09-20,2022-10-18,0.1382902603592003,0.13084078
LSTM,mean,28,1,2022-08-12,2023-01-03,2022-09-21,2022-10-19,0.1306927009705714,0.13215983
LSTM,mean,28,1,2022-08-12,2023-01-03,2022-09-22,2022-10-20,0.1255166790683448,0.13277596
LSTM,mean,28,1,2022-08-12,2023-01-03,2022-09-23,2022-10-21,0.1215789707504128,0.124539554
LSTM,mean,28,1,2022-08-12,2023-01-03,2022-09-24,2022-10-22,0.1177346976717436,0.12131681
LSTM,mean,28,1,2022-08-12,2023-01-03,2022-09-25,2022-10-23,0.1132533904448399,0.120774224
LSTM,mean,28,1,2022-08-12,2023-01-03,2022-09-26,2022-10-24,0.1073664165823456,0.12081804
LSTM,mean,28,1,2022-08-12,2023-01-03,2022-09-27,2022-10-25,0.1031259622794226,0.118185535
LSTM,mean,28,1,2022-08-12,2023-01-03,2022-09-28,2022-10-26,0.0963766492675656,0.11586574
LSTM,mean,28,1,2022-08-12,2023-01-03,2022-09-29,2022-10-27,0.093113108181633,0.11325935
LSTM,mean,28,1,2022-08-12,2023-01-03,2022-09-30,2022-10-28,0.0911559859244306,0.110955894
LSTM,mean,28,1,2022-08-12,2023-01-03,2022-10-01,2022-10-29,0.0880394067911088,0.108682774
LSTM,mean,28,1,2022-08-12,2023-01-03,2022-10-02,2022-10-30,0.0853523045876202,0.106253825
LSTM,mean,28,1,2022-08-12,2023-01-03,2022-10-03,2022-10-31,0.0837597105624305,0.10357659
LSTM,mean,28,1,2022-08-12,2023-01-03,2022-10-04,2022-11-01,0.078703308033533,0.1000176
LSTM,mean,28,1,2022-08-12,2023-01-03,2022-10-05,2022-11-02,0.076532502597307,0.09551023
LSTM,mean,28,1,2022-08-12,2023-01-03,2022-10-06,2022-11-03,0.0756570373661229,0.09198868
LSTM,mean,28,1,2022-08-12,2023-01-03,2022-10-07,2022-11-04,0.0752107235707895,0.0888824
LSTM,mean,28,1,2022-08-12,2023-01-03,2022-10-08,2022-11-05,0.0748845416885153,0.085813075
LSTM,mean,28,1,2022-08-12,2023-01-03,2022-10-09,2022-11-06,0.0765352157789679,0.08205543
LSTM,mean,28,1,2022-08-12,2023-01-03,2022-10-10,2022-11-07,0.0768659336615417,0.078769915
LSTM,mean,28,1,2022-08-12,2023-01-03,2022-10-11,2022-11-08,0.073798991205939,0.075381935
LSTM,mean,28,1,2022-08-12,2023-01-03,2022-10-12,2022-11-09,0.0732140689040359,0.07411105
LSTM,mean,28,1,2022-08-12,2023-01-03,2022-10-13,2022-11-10,0.0716742922873201,0.07429164
LSTM,mean,28,1,2022-08-12,2023-01-03,2022-10-14,2022-11-11,0.0703433300511735,0.07581165
LSTM,mean,28,1,2022-08-12,2023-01-03,2022-10-15,2022-11-12,0.0694015822502547,0.078022905
LSTM,mean,28,1,2022-08-12,2023-01-03,2022-10-16,2022-11-13,0.0685965851917204,0.079726376
LSTM,mean,28,1,2022-08-12,2023-01-03,2022-10-17,2022-11-14,0.0679852810597109,0.07820574
LSTM,mean,28,1,2022-08-12,2023-01-03,2022-10-18,2022-11-15,0.0684164769648427,0.07626771
LSTM,mean,28,1,2022-08-12,2023-01-03,2022-10-19,2022-11-16,0.0688235531062736,0.07242677
LSTM,mean,28,1,2022-08-12,2023-01-03,2022-10-20,2022-11-17,0.0684602488529325,0.068196766
LSTM,mean,28,1,2022-08-12,2023-01-03,2022-10-21,2022-11-18,0.0684857809184202,0.06415487
LSTM,mean,28,1,2022-08-12,2023-01-03,2022-10-22,2022-11-19,0.0689602245159891,0.060198728
LSTM,mean,28,1,2022-08-12,2023-01-03,2022-10-23,2022-11-20,0.0675683464572022,0.05606754
LSTM,mean,28,1,2022-08-12,2023-01-03,2022-10-24,2022-11-21,0.0669632591164338,0.051364474
LSTM,mean,28,1,2022-08-12,2023-01-03,2022-10-25,2022-11-22,0.0658834902023071,0.04761553
LSTM,mean,28,1,2022-08-12,2023-01-03,2022-10-26,2022-11-23,0.0681158125800529,0.043465625
LSTM,mean,28,1,2022-08-12,2023-01-03,2022-10-27,2022-11-24,0.0699042004403278,0.04115757
LSTM,mean,28,1,2022-08-12,2023-01-03,2022-10-28,2022-11-25,0.0710227506085036,0.040739987
LSTM,mean,28,1,2022-08-12,2023-01-03,2022-10-29,2022-11-26,0.0718536127797953,0.040701322
LSTM,mean,28,1,2022-08-12,2023-01-03,2022-10-30,2022-11-27,0.0727124884012306,0.040947277
LSTM,mean,28,1,2022-08-12,2023-01-03,2022-10-31,2022-11-28,0.0746229771927679,0.04207675
LSTM,mean,28,1,2022-08-12,2023-01-03,2022-11-01,2022-11-29,0.0726464009747265,0.04214616
LSTM,mean,28,1,2022-08-12,2023-01-03,2022-11-02,2022-11-30,0.0742576319791708,0.043445494
LSTM,mean,28,1,2022-08-12,2023-01-03,2022-11-03,2022-12-01,0.0743339928725567,0.047024243
LSTM,mean,28,1,2022-08-12,2023-01-03,2022-11-04,2022-12-02,0.0746230925185092,0.053623863
LSTM,mean,28,1,2022-08-12,2023-01-03,2022-11-05,2022-12-03,0.0756413501838568,0.06652154
LSTM,mean,28,1,2022-08-12,2023-01-03,2022-11-06,2022-12-04,0.0760864458428438,0.08751436
LSTM,mean,28,1,2022-08-12,2023-01-03,2022-11-07,2022-12-05,0.0757517445650089,0.09964561
LSTM,mean,28,1,2022-08-12,2023-01-03,2022-11-08,2022-12-06,0.0804344451324808,0.09407022
LSTM,mean,28,1,2022-08-12,2023-01-03,2022-11-09,2022-12-07,0.0810599293313302,0.08594763
LSTM,mean,28,1,2022-08-12,2023-01-03,2022-11-10,2022-12-08,0.0818757627340982,0.08069926
LSTM,mean,28,1,2022-08-12,2023-01-03,2022-11-11,2022-12-09,0.0819654126827038,0.07758247
LSTM,mean,28,1,2022-08-12,2023-01-03,2022-11-12,2022-12-10,0.0826508603720496,0.07562231
LSTM,mean,28,1,2022-08-12,2023-01-03,2022-11-13,2022-12-11,0.0826461827537464,0.07450223
LSTM,mean,28,1,2022-08-12,2023-01-03,2022-11-14,2022-12-12,0.0806072446377201,0.074088775
LSTM,mean,28,1,2022-08-12,2023-01-03,2022-11-15,2022-12-13,0.0816459076967019,0.07488612
LSTM,mean,28,1,2022-08-12,2023-01-03,2022-11-16,2022-12-14,0.0820207081477393,0.076420344
LSTM,mean,28,1,2022-08-12,2023-01-03,2022-11-17,2022-12-15,0.0829410720320907,0.077522166
LSTM,mean,28,1,2022-08-12,2023-01-03,2022-11-18,2022-12-16,0.0831449866750306,0.07816351
LSTM,mean,28,1,2022-08-12,2023-01-03,2022-11-19,2022-12-17,0.0826623363808132,0.07871615
LSTM,mean,28,1,2022-08-12,2023-01-03,2022-11-20,2022-12-18,0.0828095749580439,0.077815436
LSTM,mean,28,1,2022-08-12,2023-01-03,2022-11-21,2022-12-19,0.084539604529338,0.07630375
LSTM,mean,28,1,2022-08-12,2023-01-03,2022-11-22,2022-12-20,0.0815192867338567,0.07425077
LSTM,mean,28,1,2022-08-12,2023-01-03,2022-11-23,2022-12-21,0.0849364533269645,0.07460678
LSTM,mean,28,1,2022-08-12,2023-01-03,2022-11-24,2022-12-22,0.0863355542549545,0.07708298
LSTM,mean,28,1,2022-08-12,2023-01-03,2022-11-25,2022-12-23,0.0874285771799837,0.080464974
LSTM,mean,28,1,2022-08-12,2023-01-03,2022-11-26,2022-12-24,0.0883534797421981,0.08366419
LSTM,mean,28,1,2022-08-12,2023-01-03,2022-11-27,2022-12-25,0.0898307190370733,0.08617398
LSTM,mean,28,1,2022-08-12,2023-01-03,2022-11-28,2022-12-26,0.0919206060011261,0.08877132
LSTM,mean,28,1,2022-08-12,2023-01-03,2022-11-29,2022-12-27,0.0945869231328334,0.08845578
LSTM,mean,28,1,2022-08-12,2023-01-03,2022-11-30,2022-12-28,0.0972474509177878,0.08831888
LSTM,mean,28,1,2022-08-12,2023-01-03,2022-12-01,2022-12-29,0.0972470222075266,0.0879985
LSTM,mean,28,1,2022-08-12,2023-01-03,2022-12-02,2022-12-30,0.0980355084108653,0.08793908
LSTM,mean,28,1,2022-08-12,2023-01-03,2022-12-03,2022-12-31,0.0986081054382626,0.08883588
LSTM,mean,28,1,2022-08-12,2023-01-03,2022-12-04,2023-01-01,0.0998994191554336,0.09013347
LSTM,mean,28,1,2022-08-12,2023-01-03,2022-12-05,2023-01-02,0.0998859326029232,0.0908559
LSTM,mean,28,1,2022-08-12,2023-01-03,2022-12-06,2023-01-03,0.1276245527087355,0.094872795
LSTM,variance,14,1,2022-08-12,2023-01-03,2022-07-30,2022-08-13,0.0081170672059329,0.0045475257
LSTM,variance,14,1,2022-08-12,2023-01-03,2022-07-31,2022-08-14,0.0077780946971695,0.00200803
LSTM,variance,14,1,2022-08-12,2023-01-03,2022-08-01,2022-08-15,0.008031014118835,0.0010819935
LSTM,variance,14,1,2022-08-12,2023-01-03,2022-08-02,2022-08-16,0.0150967593158953,0.005419413
LSTM,variance,14,1,2022-08-12,2023-01-03,2022-08-03,2022-08-17,0.0153596807159649,0.006524886
LSTM,variance,14,1,2022-08-12,2023-01-03,2022-08-04,2022-08-18,0.014807367790415,0.0058104536
LSTM,variance,14,1,2022-08-12,2023-01-03,2022-08-05,2022-08-19,0.0140150262215965,0.005089171
LSTM,variance,14,1,2022-08-12,2023-01-03,2022-08-06,2022-08-20,0.0128224725529477,0.0045683407
LSTM,variance,14,1,2022-08-12,2023-01-03,2022-08-07,2022-08-21,0.0117985688740739,0.004136025
LSTM,variance,14,1,2022-08-12,2023-01-03,2022-08-08,2022-08-22,0.0109151485979076,0.003918697
LSTM,variance,14,1,2022-08-12,2023-01-03,2022-08-09,2022-08-23,0.0167645234431958,0.0049118125
LSTM,variance,14,1,2022-08-12,2023-01-03,2022-08-10,2022-08-24,0.0176749958766853,0.00638075
LSTM,variance,14,1,2022-08-12,2023-01-03,2022-08-11,2022-08-25,0.0172159785672756,0.0069351275
LSTM,variance,14,1,2022-08-12,2023-01-03,2022-08-12,2022-08-26,0.0162898613381765,0.004804216
LSTM,variance,14,1,2022-08-12,2023-01-03,2022-08-13,2022-08-27,0.0155524139001282,0.0032152405
LSTM,variance,14,1,2022-08-12,2023-01-03,2022-08-14,2022-08-28,0.0153276346185832,0.00279073
LSTM,variance,14,1,2022-08-12,2023-01-03,2022-08-15,2022-08-29,0.0153126601956296,0.0026175447
LSTM,variance,14,1,2022-08-12,2023-01-03,2022-08-16,2022-08-30,0.0145170404741759,0.003917155
LSTM,variance,14,1,2022-08-12,2023-01-03,2022-08-17,2022-08-31,0.0146378019701199,0.0053021545
LSTM,variance,14,1,2022-08-12,2023-01-03,2022-08-18,2022-09-01,0.0156183300758502,0.005946054
LSTM,variance,14,1,2022-08-12,2023-01-03,2022-08-19,2022-09-02,0.0166539320751937,0.0062221834
LSTM,variance,14,1,2022-08-12,2023-01-03,2022-08-20,2022-09-03,0.0182579121609625,0.006363253
LSTM,variance,14,1,2022-08-12,2023-01-03,2022-08-21,2022-09-04,0.0188255336503823,0.0063544023
LSTM,variance,14,1,2022-08-12,2023-01-03,2022-08-22,2022-09-05,0.0188365212197674,0.006261496
LSTM,variance,14,1,2022-08-12,2023-01-03,2022-08-23,2022-09-06,0.0141503676232312,0.006739871
LSTM,variance,14,1,2022-08-12,2023-01-03,2022-08-24,2022-09-07,0.0129343886429094,0.0070047043
LSTM,variance,14,1,2022-08-12,2023-01-03,2022-08-25,2022-09-08,0.0131085469073983,0.006989402
LSTM,variance,14,1,2022-08-12,2023-01-03,2022-08-26,2022-09-09,0.0228337475953599,0.0068287733
LSTM,variance,14,1,2022-08-12,2023-01-03,2022-08-27,2022-09-10,0.0235696431897075,0.0069610225
LSTM,variance,14,1,2022-08-12,2023-01-03,2022-08-28,2022-09-11,0.0237694484458522,0.0070356815
LSTM,variance,14,1,2022-08-12,2023-01-03,2022-08-29,2022-09-12,0.0237467559405324,0.0070473836
LSTM,variance,14,1,2022-08-12,2023-01-03,2022-08-30,2022-09-13,0.0213058394268398,0.007000967
LSTM,variance,14,1,2022-08-12,2023-01-03,2022-08-31,2022-09-14,0.0213569867437995,0.0070054866
LSTM,variance,14,1,2022-08-12,2023-01-03,2022-09-01,2022-09-15,0.0210052676228844,0.007083122
LSTM,variance,14,1,2022-08-12,2023-01-03,2022-09-02,2022-09-16,0.0206901186911118,0.0071966345
LSTM,variance,14,1,2022-08-12,2023-01-03,2022-09-03,2022-09-17,0.0198947411743888,0.007396352
LSTM,variance,14,1,2022-08-12,2023-01-03,2022-09-04,2022-09-18,0.0196167281878646,0.007499596
LSTM,variance,14,1,2022-08-12,2023-01-03,2022-09-05,2022-09-19,0.0196214375078557,0.0075262585
LSTM,variance,14,1,2022-08-12,2023-01-03,2022-09-06,2022-09-20,0.0176625260105384,0.0072400966
LSTM,variance,14,1,2022-08-12,2023-01-03,2022-09-07,2022-09-21,0.0176680299033733,0.0070921876
LSTM,variance,14,1,2022-08-12,2023-01-03,2022-09-08,2022-09-22,0.0176576048122438,0.0070590614
LSTM,variance,14,1,2022-08-12,2023-01-03,2022-09-09,2022-09-23,0.007798879121381,0.007692696
LSTM,variance,14,1,2022-08-12,2023-01-03,2022-09-10,2022-09-24,0.0076944246614772,0.007984073
LSTM,variance,14,1,2022-08-12,2023-01-03,2022-09-11,2022-09-25,0.0076221525644754,0.008145416
LSTM,variance,14,1,2022-08-12,2023-01-03,2022-09-12,2022-09-26,0.0076225250946339,0.008265512
LSTM,variance,14,1,2022-08-12,2023-01-03,2022-09-13,2022-09-27,0.0043828287362282,0.0082124425
LSTM,variance,14,1,2022-08-12,2023-01-03,2022-09-14,2022-09-28,0.0046535579208286,0.0082899155
LSTM,variance,14,1,2022-08-12,2023-01-03,2022-09-15,2022-09-29,0.0057664175820735,0.008341635
LSTM,variance,14,1,2022-08-12,2023-01-03,2022-09-16,2022-09-30,0.0069554641674853,0.00835573
LSTM,variance,14,1,2022-08-12,2023-01-03,2022-09-17,2022-10-01,0.0078881591232316,0.0083261365
LSTM,variance,14,1,2022-08-12,2023-01-03,2022-09-18,2022-10-02,0.0084402399278785,0.0083151
LSTM,variance,14,1,2022-08-12,2023-01-03,2022-09-19,2022-10-03,0.0079369616165807,0.008318691
LSTM,variance,14,1,2022-08-12,2023-01-03,2022-09-20,2022-10-04,0.0060249479178009,0.008213821
LSTM,variance,14,1,2022-08-12,2023-01-03,2022-09-21,2022-10-05,0.004623858214569,0.0082035875
LSTM,variance,14,1,2022-08-12,2023-01-03,2022-09-22,2022-10-06,0.0048691341085748,0.008203558
LSTM,variance,14,1,2022-08-12,2023-01-03,2022-09-23,2022-10-07,0.0054833108671769,0.007558759
LSTM,variance,14,1,2022-08-12,2023-01-03,2022-09-24,2022-10-08,0.0060130804090716,0.0074308794
LSTM,variance,14,1,2022-08-12,2023-01-03,2022-09-25,2022-10-09,0.0058347969232573,0.00737311
LSTM,variance,14,1,2022-08-12,2023-01-03,2022-09-26,2022-10-10,0.0050193583507501,0.0073305345
LSTM,variance,14,1,2022-08-12,2023-01-03,2022-09-27,2022-10-11,0.002750339300352,0.00699633
LSTM,variance,14,1,2022-08-12,2023-01-03,2022-09-28,2022-10-12,0.0026437359927162,0.006881885
LSTM,variance,14,1,2022-08-12,2023-01-03,2022-09-29,2022-10-13,0.0028814194881995,0.0068520852
LSTM,variance,14,1,2022-08-12,2023-01-03,2022-09-30,2022-10-14,0.0031325247292617,0.0067824717
LSTM,variance,14,1,2022-08-12,2023-01-03,2022-10-01,2022-10-15,0.003362783319377,0.006657004
LSTM,variance,14,1,2022-08-12,2023-01-03,2022-10-02,2022-10-16,0.0035874249206459,0.006519222
LSTM,variance,14,1,2022-08-12,2023-01-03,2022-10-03,2022-10-17,0.0032894489873533,0.0063047484
LSTM,variance,14,1,2022-08-12,2023-01-03,2022-10-04,2022-10-18,0.0022786839891364,0.005869671
LSTM,variance,14,1,2022-08-12,2023-01-03,2022-10-05,2022-10-19,0.0019735762412605,0.00525925
LSTM,variance,14,1,2022-08-12,2023-01-03,2022-10-06,2022-10-20,0.0021768241644822,0.0046527656
LSTM,variance,14,1,2022-08-12,2023-01-03,2022-10-07,2022-10-21,0.0025073503762226,0.0038026967
LSTM,variance,14,1,2022-08-12,2023-01-03,2022-10-08,2022-10-22,0.0028100399747824,0.0027067962
LSTM,variance,14,1,2022-08-12,2023-01-03,2022-10-09,2022-10-23,0.0029737365999851,0.0021590292
LSTM,variance,14,1,2022-08-12,2023-01-03,2022-10-10,2022-10-24,0.0026627892241231,0.0016311234
LSTM,variance,14,1,2022-08-12,2023-01-03,2022-10-11,2022-10-25,0.0018219482985545,0.00089205295
LSTM,variance,14,1,2022-08-12,2023-01-03,2022-10-12,2022-10-26,0.0015715287677538,0.00061091065
LSTM,variance,14,1,2022-08-12,2023-01-03,2022-10-13,2022-10-27,0.0017123479509662,0.0005839571
LSTM,variance,14,1,2022-08-12,2023-01-03,2022-10-14,2022-10-28,0.0018277724071144,0.00067396153
LSTM,variance,14,1,2022-08-12,2023-01-03,2022-10-15,2022-10-29,0.0019454223503378,0.00083048927
LSTM,variance,14,1,2022-08-12,2023-01-03,2022-10-16,2022-10-30,0.0019741566037923,0.0010682719
LSTM,variance,14,1,2022-08-12,2023-01-03,2022-10-17,2022-10-31,0.0019633906236228,0.0010443125
LSTM,variance,14,1,2022-08-12,2023-01-03,2022-10-18,2022-11-01,0.0011093211211332,0.00067447196
LSTM,variance,14,1,2022-08-12,2023-01-03,2022-10-19,2022-11-02,0.0010759369576522,0.00043452936
LSTM,variance,14,1,2022-08-12,2023-01-03,2022-10-20,2022-11-03,0.0010921187477081,0.00042971713
LSTM,variance,14,1,2022-08-12,2023-01-03,2022-10-21,2022-11-04,0.0011128304990586,0.00063223415
LSTM,variance,14,1,2022-08-12,2023-01-03,2022-10-22,2022-11-05,0.0011276828876414,0.0012136933
LSTM,variance,14,1,2022-08-12,2023-01-03,2022-10-23,2022-11-06,0.0011383841531888,0.0024368532
LSTM,variance,14,1,2022-08-12,2023-01-03,2022-10-24,2022-11-07,0.0011520883219768,0.0028233565
LSTM,variance,14,1,2022-08-12,2023-01-03,2022-10-25,2022-11-08,0.0006842360649737,0.0022587453
LSTM,variance,14,1,2022-08-12,2023-01-03,2022-10-26,2022-11-09,0.00069414905117,0.0019739303
LSTM,variance,14,1,2022-08-12,2023-01-03,2022-10-27,2022-11-10,0.0007981396779984,0.002686967
LSTM,variance,14,1,2022-08-12,2023-01-03,2022-10-28,2022-11-11,0.0008820558251377,0.0054474715
LSTM,variance,14,1,2022-08-12,2023-01-03,2022-10-29,2022-11-12,0.0009352190474323,0.008381102
LSTM,variance,14,1,2022-08-12,2023-01-03,2022-10-30,2022-11-13,0.0009555270187619,0.00824477
LSTM,variance,14,1,2022-08-12,2023-01-03,2022-10-31,2022-11-14,0.000950291508779,0.008576486
LSTM,variance,14,1,2022-08-12,2023-01-03,2022-11-01,2022-11-15,0.001005157141074,0.008259201
LSTM,variance,14,1,2022-08-12,2023-01-03,2022-11-02,2022-11-16,0.0010084817968527,0.0079048835
LSTM,variance,14,1,2022-08-12,2023-01-03,2022-11-03,2022-11-17,0.0010161504759732,0.0074424623
LSTM,variance,14,1,2022-08-12,2023-01-03,2022-11-04,2022-11-18,0.0010151864435413,0.0067056944
LSTM,variance,14,1,2022-08-12,2023-01-03,2022-11-05,2022-11-19,0.0010011066373451,0.005914663
LSTM,variance,14,1,2022-08-12,2023-01-03,2022-11-06,2022-11-20,0.000964331162985,0.006032743
LSTM,variance,14,1,2022-08-12,2023-01-03,2022-11-07,2022-11-21,0.0009294647955986,0.0057436177
LSTM,variance,14,1,2022-08-12,2023-01-03,2022-11-08,2022-11-22,0.0008115368014172,0.004847056
LSTM,variance,14,1,2022-08-12,2023-01-03,2022-11-09,2022-11-23,0.0008604358528602,0.00408943
LSTM,variance,14,1,2022-08-12,2023-01-03,2022-11-10,2022-11-24,0.0007595865113932,0.003573775
LSTM,variance,14,1,2022-08-12,2023-01-03,2022-11-11,2022-11-25,0.0006867944167603,0.0032168517
LSTM,variance,14,1,2022-08-12,2023-01-03,2022-11-12,2022-11-26,0.0006356998816762,0.0021468361
LSTM,variance,14,1,2022-08-12,2023-01-03,2022-11-13,2022-11-27,0.0006086554152484,0.0014180198
LSTM,variance,14,1,2022-08-12,2023-01-03,2022-11-14,2022-11-28,0.0006403148909674,0.0010877848
LSTM,variance,14,1,2022-08-12,2023-01-03,2022-11-15,2022-11-29,0.0004580005521504,0.0005576721
LSTM,variance,14,1,2022-08-12,2023-01-03,2022-11-16,2022-11-30,0.000503420563442,0.00050987315
LSTM,variance,14,1,2022-08-12,2023-01-03,2022-11-17,2022-12-01,0.000500548475679,0.0011488352
LSTM,variance,14,1,2022-08-12,2023-01-03,2022-11-18,2022-12-02,0.0004872646305324,0.0016094923
LSTM,variance,14,1,2022-08-12,2023-01-03,2022-11-19,2022-12-03,0.0004659060770007,0.0015916922
LSTM,variance,14,1,2022-08-12,2023-01-03,2022-11-20,2022-12-04,0.0004640271125979,0.001496366
LSTM,variance,14,1,2022-08-12,2023-01-03,2022-11-21,2022-12-05,0.0004557214805025,0.0014329506
LSTM,variance,14,1,2022-08-12,2023-01-03,2022-11-22,2022-12-06,0.0011038179971288,0.0013525997
LSTM,variance,14,1,2022-08-12,2023-01-03,2022-11-23,2022-12-07,0.0011259487952747,0.0013514296
LSTM,variance,14,1,2022-08-12,2023-01-03,2022-11-24,2022-12-08,0.0010900848989699,0.0012452513
LSTM,variance,14,1,2022-08-12,2023-01-03,2022-11-25,2022-12-09,0.0010836715119488,0.0010677174
LSTM,variance,14,1,2022-08-12,2023-01-03,2022-11-26,2022-12-10,0.0010411417278789,0.0009414244
LSTM,variance,14,1,2022-08-12,2023-01-03,2022-11-27,2022-12-11,0.001041333207,0.000884413
LSTM,variance,14,1,2022-08-12,2023-01-03,2022-11-28,2022-12-12,0.0010464461299021,0.00094145816
LSTM,variance,14,1,2022-08-12,2023-01-03,2022-11-29,2022-12-13,0.0011108019294038,0.00086257426
LSTM,variance,14,1,2022-08-12,2023-01-03,2022-11-30,2022-12-14,0.0011258242555002,0.0008023379
LSTM,variance,14,1,2022-08-12,2023-01-03,2022-12-01,2022-12-15,0.0010888128532949,0.00079074997
LSTM,variance,14,1,2022-08-12,2023-01-03,2022-12-02,2022-12-16,0.001077197372132,0.00080469996
LSTM,variance,14,1,2022-08-12,2023-01-03,2022-12-03,2022-12-17,0.0010915025301333,0.00081072375
LSTM,variance,14,1,2022-08-12,2023-01-03,2022-12-04,2022-12-18,0.0010900165598817,0.00080494175
LSTM,variance,14,1,2022-08-12,2023-01-03,2022-12-05,2022-12-19,0.0011404437640199,0.00078472594
LSTM,variance,14,1,2022-08-12,2023-01-03,2022-12-06,2022-12-20,0.0006788371953249,0.0013210386
LSTM,variance,14,1,2022-08-12,2023-01-03,2022-12-07,2022-12-21,0.0009897637893324,0.0017733949
LSTM,variance,14,1,2022-08-12,2023-01-03,2022-12-08,2022-12-22,0.0009624211538411,0.0017955119
LSTM,variance,14,1,2022-08-12,2023-01-03,2022-12-09,2022-12-23,0.0008920378086458,0.0016413863
LSTM,variance,14,1,2022-08-12,2023-01-03,2022-12-10,2022-12-24,0.0008459847937679,0.001529373
LSTM,variance,14,1,2022-08-12,2023-01-03,2022-12-11,2022-12-25,0.0007978091388337,0.0015683009
LSTM,variance,14,1,2022-08-12,2023-01-03,2022-12-12,2022-12-26,0.0007525415580339,0.0017392884
LSTM,variance,14,1,2022-08-12,2023-01-03,2022-12-13,2022-12-27,0.0009970423879062,0.0020258087
LSTM,variance,14,1,2022-08-12,2023-01-03,2022-12-14,2022-12-28,0.0011447276626857,0.0022727738
LSTM,variance,14,1,2022-08-12,2023-01-03,2022-12-15,2022-12-29,0.0011447525915555,0.0022351781
LSTM,variance,14,1,2022-08-12,2023-01-03,2022-12-16,2022-12-30,0.0010868442169381,0.0017828317
LSTM,variance,14,1,2022-08-12,2023-01-03,2022-12-17,2022-12-31,0.0010516346778362,0.0011870952
LSTM,variance,14,1,2022-08-12,2023-01-03,2022-12-18,2023-01-01,0.0010206688022819,0.0009369531
LSTM,variance,14,1,2022-08-12,2023-01-03,2022-12-19,2023-01-02,0.0010203977616972,0.000937605
LSTM,variance,14,1,2022-08-12,2023-01-03,2022-12-20,2023-01-03,0.0137616080155403,0.00057318975
LSTM,variance,28,1,2022-08-12,2023-01-03,2022-07-16,2022-08-13,0.0081170672059329,0.0014759179
LSTM,variance,28,1,2022-08-12,2023-01-03,2022-07-17,2022-08-14,0.0077780946971695,0.001390027
LSTM,variance,28,1,2022-08-12,2023-01-03,2022-07-18,2022-08-15,0.008031014118835,0.001277195
LSTM,variance,28,1,2022-08-12,2023-01-03,2022-07-19,2022-08-16,0.0150967593158953,0.0016580437
LSTM,variance,28,1,2022-08-12,2023-01-03,2022-07-20,2022-08-17,0.0153596807159649,0.0021352281
LSTM,variance,28,1,2022-08-12,2023-01-03,2022-07-21,2022-08-18,0.014807367790415,0.002418472
LSTM,variance,28,1,2022-08-12,2023-01-03,2022-07-22,2022-08-19,0.0140150262215965,0.002570919
LSTM,variance,28,1,2022-08-12,2023-01-03,2022-07-23,2022-08-20,0.0128224725529477,0.002750882
LSTM,variance,28,1,2022-08-12,2023-01-03,2022-07-24,2022-08-21,0.0117985688740739,0.0028967843
LSTM,variance,28,1,2022-08-12,2023-01-03,2022-07-25,2022-08-22,0.0109151485979076,0.0028644635
LSTM,variance,28,1,2022-08-12,2023-01-03,2022-07-26,2022-08-23,0.0167645234431958,0.003288057
LSTM,variance,28,1,2022-08-12,2023-01-03,2022-07-27,2022-08-24,0.0176749958766853,0.0035069895
LSTM,variance,28,1,2022-08-12,2023-01-03,2022-07-28,2022-08-25,0.0172159785672756,0.003402836
LSTM,variance,28,1,2022-08-12,2023-01-03,2022-07-29,2022-08-26,0.0162898613381765,0.00316204
LSTM,variance,28,1,2022-08-12,2023-01-03,2022-07-30,2022-08-27,0.0155524139001282,0.00287998
LSTM,variance,28,1,2022-08-12,2023-01-03,2022-07-31,2022-08-28,0.0153276346185832,0.0026352007
LSTM,variance,28,1,2022-08-12,2023-01-03,2022-08-01,2022-08-29,0.0153126601956296,0.0025124815
LSTM,variance,28,1,2022-08-12,2023-01-03,2022-08-02,2022-08-30,0.0145170404741759,0.0050545456
LSTM,variance,28,1,2022-08-12,2023-01-03,2022-08-03,2022-08-31,0.0146378019701199,0.0066557205
LSTM,variance,28,1,2022-08-12,2023-01-03,2022-08-04,2022-09-01,0.0156183300758502,0.0062619047
LSTM,variance,28,1,2022-08-12,2023-01-03,2022-08-05,2022-09-02,0.0166539320751937,0.004485299
LSTM,variance,28,1,2022-08-12,2023-01-03,2022-08-06,2022-09-03,0.0182579121609625,0.002630354
LSTM,variance,28,1,2022-08-12,2023-01-03,2022-08-07,2022-09-04,0.0188255336503823,0.0015940357
LSTM,variance,28,1,2022-08-12,2023-01-03,2022-08-08,2022-09-05,0.0188365212197674,0.0016471914
LSTM,variance,28,1,2022-08-12,2023-01-03,2022-08-09,2022-09-06,0.0141503676232312,0.005002046
LSTM,variance,28,1,2022-08-12,2023-01-03,2022-08-10,2022-09-07,0.0129343886429094,0.009237773
LSTM,variance,28,1,2022-08-12,2023-01-03,2022-08-11,2022-09-08,0.0131085469073983,0.0090070665
LSTM,variance,28,1,2022-08-12,2023-01-03,2022-08-12,2022-09-09,0.0228337475953599,0.0069440454
LSTM,variance,28,1,2022-08-12,2023-01-03,2022-08-13,2022-09-10,0.0235696431897075,0.004224448
LSTM,variance,28,1,2022-08-12,2023-01-03,2022-08-14,2022-09-11,0.0237694484458522,0.0022088296
LSTM,variance,28,1,2022-08-12,2023-01-03,2022-08-15,2022-09-12,0.0237467559405324,0.00180209
LSTM,variance,28,1,2022-08-12,2023-01-03,2022-08-16,2022-09-13,0.0213058394268398,0.0020442111
LSTM,variance,28,1,2022-08-12,2023-01-03,2022-08-17,2022-09-14,0.0213569867437995,0.0020744884
LSTM,variance,28,1,2022-08-12,2023-01-03,2022-08-18,2022-09-15,0.0210052676228844,0.002067024
LSTM,variance,28,1,2022-08-12,2023-01-03,2022-08-19,2022-09-16,0.0206901186911118,0.0020374912
LSTM,variance,28,1,2022-08-12,2023-01-03,2022-08-20,2022-09-17,0.0198947411743888,0.0019731475
LSTM,variance,28,1,2022-08-12,2023-01-03,2022-08-21,2022-09-18,0.0196167281878646,0.0019034412
LSTM,variance,28,1,2022-08-12,2023-01-03,2022-08-22,2022-09-19,0.0196214375078557,0.0018543164
LSTM,variance,28,1,2022-08-12,2023-01-03,2022-08-23,2022-09-20,0.0176625260105384,0.0021661944
LSTM,variance,28,1,2022-08-12,2023-01-03,2022-08-24,2022-09-21,0.0176680299033733,0.0023847518
LSTM,variance,28,1,2022-08-12,2023-01-03,2022-08-25,2022-09-22,0.0176576048122438,0.0024644535
LSTM,variance,28,1,2022-08-12,2023-01-03,2022-08-26,2022-09-23,0.007798879121381,0.0024506436
LSTM,variance,28,1,2022-08-12,2023-01-03,2022-08-27,2022-09-24,0.0076944246614772,0.0024045666
LSTM,variance,28,1,2022-08-12,2023-01-03,2022-08-28,2022-09-25,0.0076221525644754,0.0023733997
LSTM,variance,28,1,2022-08-12,2023-01-03,2022-08-29,2022-09-26,0.0076225250946339,0.0023642052
LSTM,variance,28,1,2022-08-12,2023-01-03,2022-08-30,2022-09-27,0.0043828287362282,0.0023240594
LSTM,variance,28,1,2022-08-12,2023-01-03,2022-08-31,2022-09-28,0.0046535579208286,0.0023185934
LSTM,variance,28,1,2022-08-12,2023-01-03,2022-09-01,2022-09-29,0.0057664175820735,0.0023786773
LSTM,variance,28,1,2022-08-12,2023-01-03,2022-09-02,2022-09-30,0.0069554641674853,0.0024737737
LSTM,variance,28,1,2022-08-12,2023-01-03,2022-09-03,2022-10-01,0.0078881591232316,0.002614531
LSTM,variance,28,1,2022-08-12,2023-01-03,2022-09-04,2022-10-02,0.0084402399278785,0.0027174398
LSTM,variance,28,1,2022-08-12,2023-01-03,2022-09-05,2022-10-03,0.0079369616165807,0.0027724805
LSTM,variance,28,1,2022-08-12,2023-01-03,2022-09-06,2022-10-04,0.0060249479178009,0.0025237682
LSTM,variance,28,1,2022-08-12,2023-01-03,2022-09-07,2022-10-05,0.004623858214569,0.0023556538
LSTM,variance,28,1,2022-08-12,2023-01-03,2022-09-08,2022-10-06,0.0048691341085748,0.0022995344
LSTM,variance,28,1,2022-08-12,2023-01-03,2022-09-09,2022-10-07,0.0054833108671769,0.0028982766
LSTM,variance,28,1,2022-08-12,2023-01-03,2022-09-10,2022-10-08,0.0060130804090716,0.0033540777
LSTM,variance,28,1,2022-08-12,2023-01-03,2022-09-11,2022-10-09,0.0058347969232573,0.0036519717
LSTM,variance,28,1,2022-08-12,2023-01-03,2022-09-12,2022-10-10,0.0050193583507501,0.0038583023
LSTM,variance,28,1,2022-08-12,2023-01-03,2022-09-13,2022-10-11,0.002750339300352,0.0037968229
LSTM,variance,28,1,2022-08-12,2023-01-03,2022-09-14,2022-10-12,0.0026437359927162,0.0037967714
LSTM,variance,28,1,2022-08-12,2023-01-03,2022-09-15,2022-10-13,0.0028814194881995,0.0037981742
LSTM,variance,28,1,2022-08-12,2023-01-03,2022-09-16,2022-10-14,0.0031325247292617,0.0037894286
LSTM,variance,28,1,2022-08-12,2023-01-03,2022-09-17,2022-10-15,0.003362783319377,0.0037332599
LSTM,variance,28,1,2022-08-12,2023-01-03,2022-09-18,2022-10-16,0.0035874249206459,0.003687961
LSTM,variance,28,1,2022-08-12,2023-01-03,2022-09-19,2022-10-17,0.0032894489873533,0.0036588816
LSTM,variance,28,1,2022-08-12,2023-01-03,2022-09-20,2022-10-18,0.0022786839891364,0.0035136843
LSTM,variance,28,1,2022-08-12,2023-01-03,2022-09-21,2022-10-19,0.0019735762412605,0.0034328054
LSTM,variance,28,1,2022-08-12,2023-01-03,2022-09-22,2022-10-20,0.0021768241644822,0.003376635
LSTM,variance,28,1,2022-08-12,2023-01-03,2022-09-23,2022-10-21,0.0025073503762226,0.002780757
LSTM,variance,28,1,2022-08-12,2023-01-03,2022-09-24,2022-10-22,0.0028100399747824,0.0024130242
LSTM,variance,28,1,2022-08-12,2023-01-03,2022-09-25,2022-10-23,0.0029737365999851,0.0022943637
LSTM,variance,28,1,2022-08-12,2023-01-03,2022-09-26,2022-10-24,0.0026627892241231,0.002280557
LSTM,variance,28,1,2022-08-12,2023-01-03,2022-09-27,2022-10-25,0.0018219482985545,0.0020833956
LSTM,variance,28,1,2022-08-12,2023-01-03,2022-09-28,2022-10-26,0.0015715287677538,0.001885757
LSTM,variance,28,1,2022-08-12,2023-01-03,2022-09-29,2022-10-27,0.0017123479509662,0.0017885602
LSTM,variance,28,1,2022-08-12,2023-01-03,2022-09-30,2022-10-28,0.0018277724071144,0.0017675835
LSTM,variance,28,1,2022-08-12,2023-01-03,2022-10-01,2022-10-29,0.0019454223503378,0.0017740611
LSTM,variance,28,1,2022-08-12,2023-01-03,2022-10-02,2022-10-30,0.0019741566037923,0.0017802193
LSTM,variance,28,1,2022-08-12,2023-01-03,2022-10-03,2022-10-31,0.0019633906236228,0.0017434235
LSTM,variance,28,1,2022-08-12,2023-01-03,2022-10-04,2022-11-01,0.0011093211211332,0.0016223087
LSTM,variance,28,1,2022-08-12,2023-01-03,2022-10-05,2022-11-02,0.0010759369576522,0.0014314236
LSTM,variance,28,1,2022-08-12,2023-01-03,2022-10-06,2022-11-03,0.0010921187477081,0.0012265068
LSTM,variance,28,1,2022-08-12,2023-01-03,2022-10-07,2022-11-04,0.0011128304990586,0.0010587807
LSTM,variance,28,1,2022-08-12,2023-01-03,2022-10-08,2022-11-05,0.0011276828876414,0.00095549633
LSTM,variance,28,1,2022-08-12,2023-01-03,2022-10-09,2022-11-06,0.0011383841531888,0.00088682387
LSTM,variance,28,1,2022-08-12,2023-01-03,2022-10-10,2022-11-07,0.0011520883219768,0.00081449223
LSTM,variance,28,1,2022-08-12,2023-01-03,2022-10-11,2022-11-08,0.0006842360649737,0.0006968406
LSTM,variance,28,1,2022-08-12,2023-01-03,2022-10-12,2022-11-09,0.00069414905117,0.00063606765
LSTM,variance,28,1,2022-08-12,2023-01-03,2022-10-13,2022-11-10,0.0007981396779984,0.00061334023
LSTM,variance,28,1,2022-08-12,2023-01-03,2022-10-14,2022-11-11,0.0008820558251377,0.0006079655
LSTM,variance,28,1,2022-08-12,2023-01-03,2022-10-15,2022-11-12,0.0009352190474323,0.0006115116
LSTM,variance,28,1,2022-08-12,2023-01-03,2022-10-16,2022-11-13,0.0009555270187619,0.00062183314
LSTM,variance,28,1,2022-08-12,2023-01-03,2022-10-17,2022-11-14,0.000950291508779,0.0006147102
LSTM,variance,28,1,2022-08-12,2023-01-03,2022-10-18,2022-11-15,0.001005157141074,0.0005811048
LSTM,variance,28,1,2022-08-12,2023-01-03,2022-10-19,2022-11-16,0.0010084817968527,0.0005555902
LSTM,variance,28,1,2022-08-12,2023-01-03,2022-10-20,2022-11-17,0.0010161504759732,0.0005474038
LSTM,variance,28,1,2022-08-12,2023-01-03,2022-10-21,2022-11-18,0.0010151864435413,0.00055111013
LSTM,variance,28,1,2022-08-12,2023-01-03,2022-10-22,2022-11-19,0.0010011066373451,0.0005601756
LSTM,variance,28,1,2022-08-12,2023-01-03,2022-10-23,2022-11-20,0.000964331162985,0.0005690306
LSTM,variance,28,1,2022-08-12,2023-01-03,2022-10-24,2022-11-21,0.0009294647955986,0.0005645598
LSTM,variance,28,1,2022-08-12,2023-01-03,2022-10-25,2022-11-22,0.0008115368014172,0.0005415868
LSTM,variance,28,1,2022-08-12,2023-01-03,2022-10-26,2022-11-23,0.0008604358528602,0.00052493915
LSTM,variance,28,1,2022-08-12,2023-01-03,2022-10-27,2022-11-24,0.0007595865113932,0.0005224895
LSTM,variance,28,1,2022-08-12,2023-01-03,2022-10-28,2022-11-25,0.0006867944167603,0.00078374665
LSTM,variance,28,1,2022-08-12,2023-01-03,2022-10-29,2022-11-26,0.0006356998816762,0.0076570166
LSTM,variance,28,1,2022-08-12,2023-01-03,2022-10-30,2022-11-27,0.0006086554152484,0.0076542716
LSTM,variance,28,1,2022-08-12,2023-01-03,2022-10-31,2022-11-28,0.0006403148909674,0.0075940145
LSTM,variance,28,1,2022-08-12,2023-01-03,2022-11-01,2022-11-29,0.0004580005521504,0.007180413
LSTM,variance,28,1,2022-08-12,2023-01-03,2022-11-02,2022-11-30,0.000503420563442,0.006666856
LSTM,variance,28,1,2022-08-12,2023-01-03,2022-11-03,2022-12-01,0.000500548475679,0.0060579283
LSTM,variance,28,1,2022-08-12,2023-01-03,2022-11-04,2022-12-02,0.0004872646305324,0.005446911
LSTM,variance,28,1,2022-08-12,2023-01-03,2022-11-05,2022-12-03,0.0004659060770007,0.004759706
LSTM,variance,28,1,2022-08-12,2023-01-03,2022-11-06,2022-12-04,0.0004640271125979,0.004158476
LSTM,variance,28,1,2022-08-12,2023-01-03,2022-11-07,2022-12-05,0.0004557214805025,0.0038117764
LSTM,variance,28,1,2022-08-12,2023-01-03,2022-11-08,2022-12-06,0.0011038179971288,0.0031589621
LSTM,variance,28,1,2022-08-12,2023-01-03,2022-11-09,2022-12-07,0.0011259487952747,0.0024527863
LSTM,variance,28,1,2022-08-12,2023-01-03,2022-11-10,2022-12-08,0.0010900848989699,0.0018934854
LSTM,variance,28,1,2022-08-12,2023-01-03,2022-11-11,2022-12-09,0.0010836715119488,0.0015294288
LSTM,variance,28,1,2022-08-12,2023-01-03,2022-11-12,2022-12-10,0.0010411417278789,0.0013485139
LSTM,variance,28,1,2022-08-12,2023-01-03,2022-11-13,2022-12-11,0.001041333207,0.0013177567
LSTM,variance,28,1,2022-08-12,2023-01-03,2022-11-14,2022-12-12,0.0010464461299021,0.0013073895
LSTM,variance,28,1,2022-08-12,2023-01-03,2022-11-15,2022-12-13,0.0011108019294038,0.0013201134
LSTM,variance,28,1,2022-08-12,2023-01-03,2022-11-16,2022-12-14,0.0011258242555002,0.0013558205
LSTM,variance,28,1,2022-08-12,2023-01-03,2022-11-17,2022-12-15,0.0010888128532949,0.0014175981
LSTM,variance,28,1,2022-08-12,2023-01-03,2022-11-18,2022-12-16,0.001077197372132,0.0014963218
LSTM,variance,28,1,2022-08-12,2023-01-03,2022-11-19,2022-12-17,0.0010915025301333,0.0015685592
LSTM,variance,28,1,2022-08-12,2023-01-03,2022-11-20,2022-12-18,0.0010900165598817,0.0015680933
LSTM,variance,28,1,2022-08-12,2023-01-03,2022-11-21,2022-12-19,0.0011404437640199,0.0015240919
LSTM,variance,28,1,2022-08-12,2023-01-03,2022-11-22,2022-12-20,0.0006788371953249,0.0014302308
LSTM,variance,28,1,2022-08-12,2023-01-03,2022-11-23,2022-12-21,0.0009897637893324,0.0013864295
LSTM,variance,28,1,2022-08-12,2023-01-03,2022-11-24,2022-12-22,0.0009624211538411,0.0013239637
LSTM,variance,28,1,2022-08-12,2023-01-03,2022-11-25,2022-12-23,0.0008920378086458,0.001236816
LSTM,variance,28,1,2022-08-12,2023-01-03,2022-11-26,2022-12-24,0.0008459847937679,0.0011393891
LSTM,variance,28,1,2022-08-12,2023-01-03,2022-11-27,2022-12-25,0.0007978091388337,0.0010420635
LSTM,variance,28,1,2022-08-12,2023-01-03,2022-11-28,2022-12-26,0.0007525415580339,0.001018802
LSTM,variance,28,1,2022-08-12,2023-01-03,2022-11-29,2022-12-27,0.0009970423879062,0.0009308141
LSTM,variance,28,1,2022-08-12,2023-01-03,2022-11-30,2022-12-28,0.0011447276626857,0.0008776518
LSTM,variance,28,1,2022-08-12,2023-01-03,2022-12-01,2022-12-29,0.0011447525915555,0.0008649566
LSTM,variance,28,1,2022-08-12,2023-01-03,2022-12-02,2022-12-30,0.0010868442169381,0.00087398425
LSTM,variance,28,1,2022-08-12,2023-01-03,2022-12-03,2022-12-31,0.0010516346778362,0.0008839616
LSTM,variance,28,1,2022-08-12,2023-01-03,2022-12-04,2023-01-01,0.0010206688022819,0.00089930836
LSTM,variance,28,1,2022-08-12,2023-01-03,2022-12-05,2023-01-02,0.0010203977616972,0.00091575
LSTM,variance,28,1,2022-08-12,2023-01-03,2022-12-06,2023-01-03,0.0137616080155403,0.0013156201
GRU,mean,14,2,2023-01-03,2023-05-28,2022-12-21,2023-01-04,0.1311999847568459,0.09416722
GRU,mean,14,2,2023-01-03,2023-05-28,2022-12-22,2023-01-05,0.1330579187921908,0.09802721
GRU,mean,14,2,2023-01-03,2023-05-28,2022-12-23,2023-01-06,0.1339535323328014,0.10222736
GRU,mean,14,2,2023-01-03,2023-05-28,2022-12-24,2023-01-07,0.1379395589738307,0.105020724
GRU,mean,14,2,2023-01-03,2023-05-28,2022-12-25,2023-01-08,0.1375773403203754,0.10683248
GRU,mean,14,2,2023-01-03,2023-05-28,2022-12-26,2023-01-09,0.137538932359555,0.10915572
GRU,mean,14,2,2023-01-03,2023-05-28,2022-12-27,2023-01-10,0.1349375330984866,0.11319928
GRU,mean,14,2,2023-01-03,2023-05-28,2022-12-28,2023-01-11,0.1287347317879365,0.1185709
GRU,mean,14,2,2023-01-03,2023-05-28,2022-12-29,2023-01-12,0.1264393592659615,0.12091478
GRU,mean,14,2,2023-01-03,2023-05-28,2022-12-30,2023-01-13,0.1247556962765151,0.1203149
GRU,mean,14,2,2023-01-03,2023-05-28,2022-12-31,2023-01-14,0.1233485459692372,0.118111
GRU,mean,14,2,2023-01-03,2023-05-28,2023-01-01,2023-01-15,0.1217253532195343,0.116957195
GRU,mean,14,2,2023-01-03,2023-05-28,2023-01-02,2023-01-16,0.1210887825476346,0.11619996
GRU,mean,14,2,2023-01-03,2023-05-28,2023-01-03,2023-01-17,0.0953320120320738,0.14931886
GRU,mean,14,2,2023-01-03,2023-05-28,2023-01-04,2023-01-18,0.0908039095473847,0.18495986
GRU,mean,14,2,2023-01-03,2023-05-28,2023-01-05,2023-01-19,0.0893327707888696,0.19930343
GRU,mean,14,2,2023-01-03,2023-05-28,2023-01-06,2023-01-20,0.0894234947414365,0.19309877
GRU,mean,14,2,2023-01-03,2023-05-28,2023-01-07,2023-01-21,0.0870960249823614,0.18417583
GRU,mean,14,2,2023-01-03,2023-05-28,2023-01-08,2023-01-22,0.0895644252926462,0.17359763
GRU,mean,14,2,2023-01-03,2023-05-28,2023-01-09,2023-01-23,0.0916887888459926,0.16374667
GRU,mean,14,2,2023-01-03,2023-05-28,2023-01-10,2023-01-24,0.097135159477308,0.15484098
GRU,mean,14,2,2023-01-03,2023-05-28,2023-01-11,2023-01-25,0.1036231152766641,0.14292456
GRU,mean,14,2,2023-01-03,2023-05-28,2023-01-12,2023-01-26,0.1078384182666037,0.1330516
GRU,mean,14,2,2023-01-03,2023-05-28,2023-01-13,2023-01-27,0.1107605949713898,0.12772563
GRU,mean,14,2,2023-01-03,2023-05-28,2023-01-14,2023-01-28,0.113507044387699,0.1264649
GRU,mean,14,2,2023-01-03,2023-05-28,2023-01-15,2023-01-29,0.1164746434112017,0.12591211
GRU,mean,14,2,2023-01-03,2023-05-28,2023-01-16,2023-01-30,0.1178060767081095,0.124376714
GRU,mean,14,2,2023-01-03,2023-05-28,2023-01-17,2023-01-31,0.1233928136144765,0.08942637
GRU,mean,14,2,2023-01-03,2023-05-28,2023-01-18,2023-02-01,0.1253973695828701,0.056766707
GRU,mean,14,2,2023-01-03,2023-05-28,2023-01-19,2023-02-02,0.1262597534112328,0.050515186
GRU,mean,14,2,2023-01-03,2023-05-28,2023-01-20,2023-02-03,0.127101571321209,0.06619043
GRU,mean,14,2,2023-01-03,2023-05-28,2023-01-21,2023-02-04,0.1281238419664619,0.07984153
GRU,mean,14,2,2023-01-03,2023-05-28,2023-01-22,2023-02-05,0.1282657073362935,0.08461738
GRU,mean,14,2,2023-01-03,2023-05-28,2023-01-23,2023-02-06,0.1299448878493307,0.08364878
GRU,mean,14,2,2023-01-03,2023-05-28,2023-01-24,2023-02-07,0.137900947961438,0.086836085
GRU,mean,14,2,2023-01-03,2023-05-28,2023-01-25,2023-02-08,0.1404204231950712,0.098658584
GRU,mean,14,2,2023-01-03,2023-05-28,2023-01-26,2023-02-09,0.1424352518482325,0.11340091
GRU,mean,14,2,2023-01-03,2023-05-28,2023-01-27,2023-02-10,0.1437487005190189,0.1239666
GRU,mean,14,2,2023-01-03,2023-05-28,2023-01-28,2023-02-11,0.1468850460915114,0.12871245
GRU,mean,14,2,2023-01-03,2023-05-28,2023-01-29,2023-02-12,0.1498234657461798,0.13167618
GRU,mean,14,2,2023-01-03,2023-05-28,2023-01-30,2023-02-13,0.1579249749947853,0.13387772
GRU,mean,14,2,2023-01-03,2023-05-28,2023-01-31,2023-02-14,0.1647730810427527,0.14102961
GRU,mean,14,2,2023-01-03,2023-05-28,2023-02-01,2023-02-15,0.1680203867716239,0.14862967
GRU,mean,14,2,2023-01-03,2023-05-28,2023-02-02,2023-02-16,0.1709347309856881,0.15227251
GRU,mean,14,2,2023-01-03,2023-05-28,2023-02-03,2023-02-17,0.173177491366099,0.15168628
GRU,mean,14,2,2023-01-03,2023-05-28,2023-02-04,2023-02-18,0.1772144109132241,0.14931282
GRU,mean,14,2,2023-01-03,2023-05-28,2023-02-05,2023-02-19,0.1797946775138651,0.14638111
GRU,mean,14,2,2023-01-03,2023-05-28,2023-02-06,2023-02-20,0.1854730201159898,0.14537375
GRU,mean,14,2,2023-01-03,2023-05-28,2023-02-07,2023-02-21,0.1893787777121548,0.1558805
GRU,mean,14,2,2023-01-03,2023-05-28,2023-02-08,2023-02-22,0.1914460965345308,0.16814242
GRU,mean,14,2,2023-01-03,2023-05-28,2023-02-09,2023-02-23,0.1942371433384163,0.1740011
GRU,mean,14,2,2023-01-03,2023-05-28,2023-02-10,2023-02-24,0.1990127370265422,0.171556
GRU,mean,14,2,2023-01-03,2023-05-28,2023-02-11,2023-02-25,0.2044298371385272,0.16794917
GRU,mean,14,2,2023-01-03,2023-05-28,2023-02-12,2023-02-26,0.2148272730341335,0.16755278
GRU,mean,14,2,2023-01-03,2023-05-28,2023-02-13,2023-02-27,0.2168971681216316,0.17848048
GRU,mean,14,2,2023-01-03,2023-05-28,2023-02-14,2023-02-28,0.2159722952677766,0.19654167
GRU,mean,14,2,2023-01-03,2023-05-28,2023-02-15,2023-03-01,0.2121516685989683,0.21001147
GRU,mean,14,2,2023-01-03,2023-05-28,2023-02-16,2023-03-02,0.2104997360140151,0.21566665
GRU,mean,14,2,2023-01-03,2023-05-28,2023-02-17,2023-03-03,0.2082040514940439,0.21645074
GRU,mean,14,2,2023-01-03,2023-05-28,2023-02-18,2023-03-04,0.2069481567898155,0.21877658
GRU,mean,14,2,2023-01-03,2023-05-28,2023-02-19,2023-03-05,0.2076813650287233,0.2226134
GRU,mean,14,2,2023-01-03,2023-05-28,2023-02-20,2023-03-06,0.2078623230901161,0.23231496
GRU,mean,14,2,2023-01-03,2023-05-28,2023-02-21,2023-03-07,0.2077348154484783,0.24449353
GRU,mean,14,2,2023-01-03,2023-05-28,2023-02-22,2023-03-08,0.2133368963791936,0.25517273
GRU,mean,14,2,2023-01-03,2023-05-28,2023-02-23,2023-03-09,0.2127998980973717,0.26537797
GRU,mean,14,2,2023-01-03,2023-05-28,2023-02-24,2023-03-10,0.2169883425870813,0.27836677
GRU,mean,14,2,2023-01-03,2023-05-28,2023-02-25,2023-03-11,0.215215170033589,0.2942969
GRU,mean,14,2,2023-01-03,2023-05-28,2023-02-26,2023-03-12,0.2058382423762664,0.3174561
GRU,mean,14,2,2023-01-03,2023-05-28,2023-02-27,2023-03-13,0.1993106439606515,0.33310106
GRU,mean,14,2,2023-01-03,2023-05-28,2023-02-28,2023-03-14,0.1975855284583349,0.33552784
GRU,mean,14,2,2023-01-03,2023-05-28,2023-03-01,2023-03-15,0.1990606570935392,0.32811546
GRU,mean,14,2,2023-01-03,2023-05-28,2023-03-02,2023-03-16,0.2000091946509094,0.32166246
GRU,mean,14,2,2023-01-03,2023-05-28,2023-03-03,2023-03-17,0.2025320011179665,0.31726557
GRU,mean,14,2,2023-01-03,2023-05-28,2023-03-04,2023-03-18,0.2037812658531237,0.31379932
GRU,mean,14,2,2023-01-03,2023-05-28,2023-03-05,2023-03-19,0.2048802431580118,0.31207398
GRU,mean,14,2,2023-01-03,2023-05-28,2023-03-06,2023-03-20,0.2050100742044256,0.3099005
GRU,mean,14,2,2023-01-03,2023-05-28,2023-03-07,2023-03-21,0.20515605661319,0.3062498
GRU,mean,14,2,2023-01-03,2023-05-28,2023-03-08,2023-03-22,0.1996393680149394,0.30835035
GRU,mean,14,2,2023-01-03,2023-05-28,2023-03-09,2023-03-23,0.1996084852361575,0.3063081
GRU,mean,14,2,2023-01-03,2023-05-28,2023-03-10,2023-03-24,0.1925372653331389,0.306295
GRU,mean,14,2,2023-01-03,2023-05-28,2023-03-11,2023-03-25,0.1911493154612564,0.30156422
GRU,mean,14,2,2023-01-03,2023-05-28,2023-03-12,2023-03-26,0.1912612418765003,0.28438815
GRU,mean,14,2,2023-01-03,2023-05-28,2023-03-13,2023-03-27,0.1942429846533198,0.26361388
GRU,mean,14,2,2023-01-03,2023-05-28,2023-03-14,2023-03-28,0.1980095067264458,0.245812
GRU,mean,14,2,2023-01-03,2023-05-28,2023-03-15,2023-03-29,0.1993849196174201,0.23315524
GRU,mean,14,2,2023-01-03,2023-05-28,2023-03-16,2023-03-30,0.2006254415799821,0.22622018
GRU,mean,14,2,2023-01-03,2023-05-28,2023-03-17,2023-03-31,0.2001610459489178,0.22722442
GRU,mean,14,2,2023-01-03,2023-05-28,2023-03-18,2023-04-01,0.2035117491109951,0.23285933
GRU,mean,14,2,2023-01-03,2023-05-28,2023-03-19,2023-04-02,0.2021482604243563,0.23931998
GRU,mean,14,2,2023-01-03,2023-05-28,2023-03-20,2023-04-03,0.1991425083118616,0.24407084
GRU,mean,14,2,2023-01-03,2023-05-28,2023-03-21,2023-04-04,0.1965323393654796,0.24667816
GRU,mean,14,2,2023-01-03,2023-05-28,2023-03-22,2023-04-05,0.1948052179287985,0.24099852
GRU,mean,14,2,2023-01-03,2023-05-28,2023-03-23,2023-04-06,0.1928996256175208,0.23598841
GRU,mean,14,2,2023-01-03,2023-05-28,2023-03-24,2023-04-07,0.190665503767374,0.22310723
GRU,mean,14,2,2023-01-03,2023-05-28,2023-03-25,2023-04-08,0.1924072097149573,0.21188149
GRU,mean,14,2,2023-01-03,2023-05-28,2023-03-26,2023-04-09,0.194026729443456,0.20560488
GRU,mean,14,2,2023-01-03,2023-05-28,2023-03-27,2023-04-10,0.1889120092655368,0.208111
GRU,mean,14,2,2023-01-03,2023-05-28,2023-03-28,2023-04-11,0.1835469660666913,0.21966133
GRU,mean,14,2,2023-01-03,2023-05-28,2023-03-29,2023-04-12,0.1783861273351232,0.23272513
GRU,mean,14,2,2023-01-03,2023-05-28,2023-03-30,2023-04-13,0.1747025223307695,0.2450153
GRU,mean,14,2,2023-01-03,2023-05-28,2023-03-31,2023-04-14,0.173769788189239,0.25193235
GRU,mean,14,2,2023-01-03,2023-05-28,2023-04-01,2023-04-15,0.1665119927747873,0.25834548
GRU,mean,14,2,2023-01-03,2023-05-28,2023-04-02,2023-04-16,0.1644357413905339,0.25974992
GRU,mean,14,2,2023-01-03,2023-05-28,2023-04-03,2023-04-17,0.161421260639573,0.25609723
GRU,mean,14,2,2023-01-03,2023-05-28,2023-04-04,2023-04-18,0.1548281777829243,0.25054958
GRU,mean,14,2,2023-01-03,2023-05-28,2023-04-05,2023-04-19,0.1484755790711171,0.24533004
GRU,mean,14,2,2023-01-03,2023-05-28,2023-04-06,2023-04-20,0.1446082520627431,0.24072413
GRU,mean,14,2,2023-01-03,2023-05-28,2023-04-07,2023-04-21,0.1425917962976612,0.23641175
GRU,mean,14,2,2023-01-03,2023-05-28,2023-04-08,2023-04-22,0.1389443786113612,0.2371408
GRU,mean,14,2,2023-01-03,2023-05-28,2023-04-09,2023-04-23,0.1357809938594377,0.24138406
GRU,mean,14,2,2023-01-03,2023-05-28,2023-04-10,2023-04-24,0.1338884090041588,0.23867945
GRU,mean,14,2,2023-01-03,2023-05-28,2023-04-11,2023-04-25,0.1280775575684503,0.22807589
GRU,mean,14,2,2023-01-03,2023-05-28,2023-04-12,2023-04-26,0.1273915227921279,0.21157587
GRU,mean,14,2,2023-01-03,2023-05-28,2023-04-13,2023-04-27,0.1269871034131445,0.19264881
GRU,mean,14,2,2023-01-03,2023-05-28,2023-04-14,2023-04-28,0.1256518557462385,0.17905241
GRU,mean,14,2,2023-01-03,2023-05-28,2023-04-15,2023-04-29,0.1240141554865668,0.16448721
GRU,mean,14,2,2023-01-03,2023-05-28,2023-04-16,2023-04-30,0.1224140220995202,0.15606777
GRU,mean,14,2,2023-01-03,2023-05-28,2023-04-17,2023-05-01,0.1224802339140271,0.15230533
GRU,mean,14,2,2023-01-03,2023-05-28,2023-04-18,2023-05-02,0.1196830146112876,0.14663982
GRU,mean,14,2,2023-01-03,2023-05-28,2023-04-19,2023-05-03,0.1192024739139915,0.13855097
GRU,mean,14,2,2023-01-03,2023-05-28,2023-04-20,2023-05-04,0.1286931481019562,0.13268955
GRU,mean,14,2,2023-01-03,2023-05-28,2023-04-21,2023-05-05,0.1272786149309375,0.13207622
GRU,mean,14,2,2023-01-03,2023-05-28,2023-04-22,2023-05-06,0.1241053538790521,0.13171957
GRU,mean,14,2,2023-01-03,2023-05-28,2023-04-23,2023-05-07,0.1223808632405713,0.12850915
GRU,mean,14,2,2023-01-03,2023-05-28,2023-04-24,2023-05-08,0.1197423437104223,0.12309008
GRU,mean,14,2,2023-01-03,2023-05-28,2023-04-25,2023-05-09,0.1190908569537292,0.11206364
GRU,mean,14,2,2023-01-03,2023-05-28,2023-04-26,2023-05-10,0.1185085756327873,0.10568959
GRU,mean,14,2,2023-01-03,2023-05-28,2023-04-27,2023-05-11,0.1167271467110576,0.10656132
GRU,mean,14,2,2023-01-03,2023-05-28,2023-04-28,2023-05-12,0.1128729479342582,0.11041303
GRU,mean,14,2,2023-01-03,2023-05-28,2023-04-29,2023-05-13,0.1137022798164215,0.112751536
GRU,mean,14,2,2023-01-03,2023-05-28,2023-04-30,2023-05-14,0.1076914692549379,0.11217529
GRU,mean,14,2,2023-01-03,2023-05-28,2023-05-01,2023-05-15,0.1000652268848204,0.11218469
GRU,mean,14,2,2023-01-03,2023-05-28,2023-05-02,2023-05-16,0.0905866672767699,0.11058401
GRU,mean,14,2,2023-01-03,2023-05-28,2023-05-03,2023-05-17,0.0875531359718868,0.11029253
GRU,mean,14,2,2023-01-03,2023-05-28,2023-05-04,2023-05-18,0.0736988465866372,0.124143675
GRU,mean,14,2,2023-01-03,2023-05-28,2023-05-05,2023-05-19,0.0723014308343572,0.13414226
GRU,mean,14,2,2023-01-03,2023-05-28,2023-05-06,2023-05-20,0.0713169482830169,0.13034126
GRU,mean,14,2,2023-01-03,2023-05-28,2023-05-07,2023-05-21,0.0694855744640337,0.11852561
GRU,mean,14,2,2023-01-03,2023-05-28,2023-05-08,2023-05-22,0.0675707312000674,0.10710525
GRU,mean,14,2,2023-01-03,2023-05-28,2023-05-09,2023-05-23,0.0591756938671026,0.10442604
GRU,mean,14,2,2023-01-03,2023-05-28,2023-05-10,2023-05-24,0.0520958984908228,0.10985401
GRU,mean,14,2,2023-01-03,2023-05-28,2023-05-11,2023-05-25,0.047670919141119,0.11509096
GRU,mean,14,2,2023-01-03,2023-05-28,2023-05-12,2023-05-26,0.0465812555635094,0.111689225
GRU,mean,14,2,2023-01-03,2023-05-28,2023-05-13,2023-05-27,0.0444713520601366,0.10685722
GRU,mean,14,2,2023-01-03,2023-05-28,2023-05-14,2023-05-28,0.0440743239205037,0.09734618
GRU,mean,28,2,2023-01-03,2023-05-28,2022-12-07,2023-01-04,0.1311999847568459,0.116333924
GRU,mean,28,2,2023-01-03,2023-05-28,2022-12-08,2023-01-05,0.1330579187921908,0.12247606
GRU,mean,28,2,2023-01-03,2023-05-28,2022-12-09,2023-01-06,0.1339535323328014,0.12645681
GRU,mean,28,2,2023-01-03,2023-05-28,2022-12-10,2023-01-07,0.1379395589738307,0.12926346
GRU,mean,28,2,2023-01-03,2023-05-28,2022-12-11,2023-01-08,0.1375773403203754,0.13006817
GRU,mean,28,2,2023-01-03,2023-05-28,2022-12-12,2023-01-09,0.137538932359555,0.12663318
GRU,mean,28,2,2023-01-03,2023-05-28,2022-12-13,2023-01-10,0.1349375330984866,0.12147171
GRU,mean,28,2,2023-01-03,2023-05-28,2022-12-14,2023-01-11,0.1287347317879365,0.11675623
GRU,mean,28,2,2023-01-03,2023-05-28,2022-12-15,2023-01-12,0.1264393592659615,0.114979535
GRU,mean,28,2,2023-01-03,2023-05-28,2022-12-16,2023-01-13,0.1247556962765151,0.116040975
GRU,mean,28,2,2023-01-03,2023-05-28,2022-12-17,2023-01-14,0.1233485459692372,0.11817034
GRU,mean,28,2,2023-01-03,2023-05-28,2022-12-18,2023-01-15,0.1217253532195343,0.120073855
GRU,mean,28,2,2023-01-03,2023-05-28,2022-12-19,2023-01-16,0.1210887825476346,0.12602974
GRU,mean,28,2,2023-01-03,2023-05-28,2022-12-20,2023-01-17,0.0953320120320738,0.12699518
GRU,mean,28,2,2023-01-03,2023-05-28,2022-12-21,2023-01-18,0.0908039095473847,0.13036968
GRU,mean,28,2,2023-01-03,2023-05-28,2022-12-22,2023-01-19,0.0893327707888696,0.13654691
GRU,mean,28,2,2023-01-03,2023-05-28,2022-12-23,2023-01-20,0.0894234947414365,0.1446955
GRU,mean,28,2,2023-01-03,2023-05-28,2022-12-24,2023-01-21,0.0870960249823614,0.15266477
GRU,mean,28,2,2023-01-03,2023-05-28,2022-12-25,2023-01-22,0.0895644252926462,0.15585947
GRU,mean,28,2,2023-01-03,2023-05-28,2022-12-26,2023-01-23,0.0916887888459926,0.160537
GRU,mean,28,2,2023-01-03,2023-05-28,2022-12-27,2023-01-24,0.097135159477308,0.16744405
GRU,mean,28,2,2023-01-03,2023-05-28,2022-12-28,2023-01-25,0.1036231152766641,0.17909694
GRU,mean,28,2,2023-01-03,2023-05-28,2022-12-29,2023-01-26,0.1078384182666037,0.19113751
GRU,mean,28,2,2023-01-03,2023-05-28,2022-12-30,2023-01-27,0.1107605949713898,0.20269342
GRU,mean,28,2,2023-01-03,2023-05-28,2022-12-31,2023-01-28,0.113507044387699,0.2089241
GRU,mean,28,2,2023-01-03,2023-05-28,2023-01-01,2023-01-29,0.1164746434112017,0.20472458
GRU,mean,28,2,2023-01-03,2023-05-28,2023-01-02,2023-01-30,0.1178060767081095,0.2007019
GRU,mean,28,2,2023-01-03,2023-05-28,2023-01-03,2023-01-31,0.1233928136144765,0.23244391
GRU,mean,28,2,2023-01-03,2023-05-28,2023-01-04,2023-02-01,0.1253973695828701,0.29283094
GRU,mean,28,2,2023-01-03,2023-05-28,2023-01-05,2023-02-02,0.1262597534112328,0.35634908
GRU,mean,28,2,2023-01-03,2023-05-28,2023-01-06,2023-02-03,0.127101571321209,0.38832548
GRU,mean,28,2,2023-01-03,2023-05-28,2023-01-07,2023-02-04,0.1281238419664619,0.3831497
GRU,mean,28,2,2023-01-03,2023-05-28,2023-01-08,2023-02-05,0.1282657073362935,0.35605454
GRU,mean,28,2,2023-01-03,2023-05-28,2023-01-09,2023-02-06,0.1299448878493307,0.25411656
GRU,mean,28,2,2023-01-03,2023-05-28,2023-01-10,2023-02-07,0.137900947961438,0.1647503
GRU,mean,28,2,2023-01-03,2023-05-28,2023-01-11,2023-02-08,0.1404204231950712,0.11449078
GRU,mean,28,2,2023-01-03,2023-05-28,2023-01-12,2023-02-09,0.1424352518482325,0.086948544
GRU,mean,28,2,2023-01-03,2023-05-28,2023-01-13,2023-02-10,0.1437487005190189,0.08094982
GRU,mean,28,2,2023-01-03,2023-05-28,2023-01-14,2023-02-11,0.1468850460915114,0.08373403
GRU,mean,28,2,2023-01-03,2023-05-28,2023-01-15,2023-02-12,0.1498234657461798,0.08618775
GRU,mean,28,2,2023-01-03,2023-05-28,2023-01-16,2023-02-13,0.1579249749947853,0.08819641
GRU,mean,28,2,2023-01-03,2023-05-28,2023-01-17,2023-02-14,0.1647730810427527,0.056588195
GRU,mean,28,2,2023-01-03,2023-05-28,2023-01-18,2023-02-15,0.1680203867716239,0.050011095
GRU,mean,28,2,2023-01-03,2023-05-28,2023-01-19,2023-02-16,0.1709347309856881,0.06451931
GRU,mean,28,2,2023-01-03,2023-05-28,2023-01-20,2023-02-17,0.173177491366099,0.07595743
GRU,mean,28,2,2023-01-03,2023-05-28,2023-01-21,2023-02-18,0.1772144109132241,0.07446071
GRU,mean,28,2,2023-01-03,2023-05-28,2023-01-22,2023-02-19,0.1797946775138651,0.075442694
GRU,mean,28,2,2023-01-03,2023-05-28,2023-01-23,2023-02-20,0.1854730201159898,0.07827816
GRU,mean,28,2,2023-01-03,2023-05-28,2023-01-24,2023-02-21,0.1893787777121548,0.084546566
GRU,mean,28,2,2023-01-03,2023-05-28,2023-01-25,2023-02-22,0.1914460965345308,0.09195313
GRU,mean,28,2,2023-01-03,2023-05-28,2023-01-26,2023-02-23,0.1942371433384163,0.09588056
GRU,mean,28,2,2023-01-03,2023-05-28,2023-01-27,2023-02-24,0.1990127370265422,0.097815625
GRU,mean,28,2,2023-01-03,2023-05-28,2023-01-28,2023-02-25,0.2044298371385272,0.100179866
GRU,mean,28,2,2023-01-03,2023-05-28,2023-01-29,2023-02-26,0.2148272730341335,0.10351373
GRU,mean,28,2,2023-01-03,2023-05-28,2023-01-30,2023-02-27,0.2168971681216316,0.104370825
GRU,mean,28,2,2023-01-03,2023-05-28,2023-01-31,2023-02-28,0.2159722952677766,0.109946586
GRU,mean,28,2,2023-01-03,2023-05-28,2023-02-01,2023-03-01,0.2121516685989683,0.11159486
GRU,mean,28,2,2023-01-03,2023-05-28,2023-02-02,2023-03-02,0.2104997360140151,0.10863735
GRU,mean,28,2,2023-01-03,2023-05-28,2023-02-03,2023-03-03,0.2082040514940439,0.10343801
GRU,mean,28,2,2023-01-03,2023-05-28,2023-02-04,2023-03-04,0.2069481567898155,0.09636437
GRU,mean,28,2,2023-01-03,2023-05-28,2023-02-05,2023-03-05,0.2076813650287233,0.105249494
GRU,mean,28,2,2023-01-03,2023-05-28,2023-02-06,2023-03-06,0.2078623230901161,0.12858659
GRU,mean,28,2,2023-01-03,2023-05-28,2023-02-07,2023-03-07,0.2077348154484783,0.13088103
GRU,mean,28,2,2023-01-03,2023-05-28,2023-02-08,2023-03-08,0.2133368963791936,0.11767012
GRU,mean,28,2,2023-01-03,2023-05-28,2023-02-09,2023-03-09,0.2127998980973717,0.10912614
GRU,mean,28,2,2023-01-03,2023-05-28,2023-02-10,2023-03-10,0.2169883425870813,0.10337172
GRU,mean,28,2,2023-01-03,2023-05-28,2023-02-11,2023-03-11,0.215215170033589,0.10407646
GRU,mean,28,2,2023-01-03,2023-05-28,2023-02-12,2023-03-12,0.2058382423762664,0.108839415
GRU,mean,28,2,2023-01-03,2023-05-28,2023-02-13,2023-03-13,0.1993106439606515,0.12012642
GRU,mean,28,2,2023-01-03,2023-05-28,2023-02-14,2023-03-14,0.1975855284583349,0.12946592
GRU,mean,28,2,2023-01-03,2023-05-28,2023-02-15,2023-03-15,0.1990606570935392,0.12881686
GRU,mean,28,2,2023-01-03,2023-05-28,2023-02-16,2023-03-16,0.2000091946509094,0.123840645
GRU,mean,28,2,2023-01-03,2023-05-28,2023-02-17,2023-03-17,0.2025320011179665,0.121554896
GRU,mean,28,2,2023-01-03,2023-05-28,2023-02-18,2023-03-18,0.2037812658531237,0.12610662
GRU,mean,28,2,2023-01-03,2023-05-28,2023-02-19,2023-03-19,0.2048802431580118,0.13106659
GRU,mean,28,2,2023-01-03,2023-05-28,2023-02-20,2023-03-20,0.2050100742044256,0.13832194
GRU,mean,28,2,2023-01-03,2023-05-28,2023-02-21,2023-03-21,0.20515605661319,0.1446301
GRU,mean,28,2,2023-01-03,2023-05-28,2023-02-22,2023-03-22,0.1996393680149394,0.14796537
GRU,mean,28,2,2023-01-03,2023-05-28,2023-02-23,2023-03-23,0.1996084852361575,0.15187256
GRU,mean,28,2,2023-01-03,2023-05-28,2023-02-24,2023-03-24,0.1925372653331389,0.15816793
GRU,mean,28,2,2023-01-03,2023-05-28,2023-02-25,2023-03-25,0.1911493154612564,0.16526763
GRU,mean,28,2,2023-01-03,2023-05-28,2023-02-26,2023-03-26,0.1912612418765003,0.17921217
GRU,mean,28,2,2023-01-03,2023-05-28,2023-02-27,2023-03-27,0.1942429846533198,0.1850822
GRU,mean,28,2,2023-01-03,2023-05-28,2023-02-28,2023-03-28,0.1980095067264458,0.17827033
GRU,mean,28,2,2023-01-03,2023-05-28,2023-03-01,2023-03-29,0.1993849196174201,0.16480601
GRU,mean,28,2,2023-01-03,2023-05-28,2023-03-02,2023-03-30,0.2006254415799821,0.1559188
GRU,mean,28,2,2023-01-03,2023-05-28,2023-03-03,2023-03-31,0.2001610459489178,0.15337911
GRU,mean,28,2,2023-01-03,2023-05-28,2023-03-04,2023-04-01,0.2035117491109951,0.15538774
GRU,mean,28,2,2023-01-03,2023-05-28,2023-03-05,2023-04-02,0.2021482604243563,0.15818954
GRU,mean,28,2,2023-01-03,2023-05-28,2023-03-06,2023-04-03,0.1991425083118616,0.158519
GRU,mean,28,2,2023-01-03,2023-05-28,2023-03-07,2023-04-04,0.1965323393654796,0.156756
GRU,mean,28,2,2023-01-03,2023-05-28,2023-03-08,2023-04-05,0.1948052179287985,0.16196975
GRU,mean,28,2,2023-01-03,2023-05-28,2023-03-09,2023-04-06,0.1928996256175208,0.1601575
GRU,mean,28,2,2023-01-03,2023-05-28,2023-03-10,2023-04-07,0.190665503767374,0.15975103
GRU,mean,28,2,2023-01-03,2023-05-28,2023-03-11,2023-04-08,0.1924072097149573,0.15454455
GRU,mean,28,2,2023-01-03,2023-05-28,2023-03-12,2023-04-09,0.194026729443456,0.13872102
GRU,mean,28,2,2023-01-03,2023-05-28,2023-03-13,2023-04-10,0.1889120092655368,0.12767279
GRU,mean,28,2,2023-01-03,2023-05-28,2023-03-14,2023-04-11,0.1835469660666913,0.12574989
GRU,mean,28,2,2023-01-03,2023-05-28,2023-03-15,2023-04-12,0.1783861273351232,0.12552825
GRU,mean,28,2,2023-01-03,2023-05-28,2023-03-16,2023-04-13,0.1747025223307695,0.12296423
GRU,mean,28,2,2023-01-03,2023-05-28,2023-03-17,2023-04-14,0.173769788189239,0.12411836
GRU,mean,28,2,2023-01-03,2023-05-28,2023-03-18,2023-04-15,0.1665119927747873,0.12597243
GRU,mean,28,2,2023-01-03,2023-05-28,2023-03-19,2023-04-16,0.1644357413905339,0.12830769
GRU,mean,28,2,2023-01-03,2023-05-28,2023-03-20,2023-04-17,0.161421260639573,0.12968647
GRU,mean,28,2,2023-01-03,2023-05-28,2023-03-21,2023-04-18,0.1548281777829243,0.13086805
GRU,mean,28,2,2023-01-03,2023-05-28,2023-03-22,2023-04-19,0.1484755790711171,0.1246028
GRU,mean,28,2,2023-01-03,2023-05-28,2023-03-23,2023-04-20,0.1446082520627431,0.12496728
GRU,mean,28,2,2023-01-03,2023-05-28,2023-03-24,2023-04-21,0.1425917962976612,0.11723385
GRU,mean,28,2,2023-01-03,2023-05-28,2023-03-25,2023-04-22,0.1389443786113612,0.11530852
GRU,mean,28,2,2023-01-03,2023-05-28,2023-03-26,2023-04-23,0.1357809938594377,0.11577792
GRU,mean,28,2,2023-01-03,2023-05-28,2023-03-27,2023-04-24,0.1338884090041588,0.11879043
GRU,mean,28,2,2023-01-03,2023-05-28,2023-03-28,2023-04-25,0.1280775575684503,0.122788265
GRU,mean,28,2,2023-01-03,2023-05-28,2023-03-29,2023-04-26,0.1273915227921279,0.124932654
GRU,mean,28,2,2023-01-03,2023-05-28,2023-03-30,2023-04-27,0.1269871034131445,0.12944551
GRU,mean,28,2,2023-01-03,2023-05-28,2023-03-31,2023-04-28,0.1256518557462385,0.13234617
GRU,mean,28,2,2023-01-03,2023-05-28,2023-04-01,2023-04-29,0.1240141554865668,0.13781811
GRU,mean,28,2,2023-01-03,2023-05-28,2023-04-02,2023-04-30,0.1224140220995202,0.1357696
GRU,mean,28,2,2023-01-03,2023-05-28,2023-04-03,2023-05-01,0.1224802339140271,0.12971818
GRU,mean,28,2,2023-01-03,2023-05-28,2023-04-04,2023-05-02,0.1196830146112876,0.12559077
GRU,mean,28,2,2023-01-03,2023-05-28,2023-04-05,2023-05-03,0.1192024739139915,0.12361843
GRU,mean,28,2,2023-01-03,2023-05-28,2023-04-06,2023-05-04,0.1286931481019562,0.12142388
GRU,mean,28,2,2023-01-03,2023-05-28,2023-04-07,2023-05-05,0.1272786149309375,0.11903189
GRU,mean,28,2,2023-01-03,2023-05-28,2023-04-08,2023-05-06,0.1241053538790521,0.122768216
GRU,mean,28,2,2023-01-03,2023-05-28,2023-04-09,2023-05-07,0.1223808632405713,0.1273468
GRU,mean,28,2,2023-01-03,2023-05-28,2023-04-10,2023-05-08,0.1197423437104223,0.12259199
GRU,mean,28,2,2023-01-03,2023-05-28,2023-04-11,2023-05-09,0.1190908569537292,0.117720656
GRU,mean,28,2,2023-01-03,2023-05-28,2023-04-12,2023-05-10,0.1185085756327873,0.114678636
GRU,mean,28,2,2023-01-03,2023-05-28,2023-04-13,2023-05-11,0.1167271467110576,0.112073965
GRU,mean,28,2,2023-01-03,2023-05-28,2023-04-14,2023-05-12,0.1128729479342582,0.11135105
GRU,mean,28,2,2023-01-03,2023-05-28,2023-04-15,2023-05-13,0.1137022798164215,0.101642765
GRU,mean,28,2,2023-01-03,2023-05-28,2023-04-16,2023-05-14,0.1076914692549379,0.09948364
GRU,mean,28,2,2023-01-03,2023-05-28,2023-04-17,2023-05-15,0.1000652268848204,0.097558536
GRU,mean,28,2,2023-01-03,2023-05-28,2023-04-18,2023-05-16,0.0905866672767699,0.09012241
GRU,mean,28,2,2023-01-03,2023-05-28,2023-04-19,2023-05-17,0.0875531359718868,0.08395669
GRU,mean,28,2,2023-01-03,2023-05-28,2023-04-20,2023-05-18,0.0736988465866372,0.08263821
GRU,mean,28,2,2023-01-03,2023-05-28,2023-04-21,2023-05-19,0.0723014308343572,0.08393287
GRU,mean,28,2,2023-01-03,2023-05-28,2023-04-22,2023-05-20,0.0713169482830169,0.08231883
GRU,mean,28,2,2023-01-03,2023-05-28,2023-04-23,2023-05-21,0.0694855744640337,0.08097973
GRU,mean,28,2,2023-01-03,2023-05-28,2023-04-24,2023-05-22,0.0675707312000674,0.08123693
GRU,mean,28,2,2023-01-03,2023-05-28,2023-04-25,2023-05-23,0.0591756938671026,0.075740546
GRU,mean,28,2,2023-01-03,2023-05-28,2023-04-26,2023-05-24,0.0520958984908228,0.0764214
GRU,mean,28,2,2023-01-03,2023-05-28,2023-04-27,2023-05-25,0.047670919141119,0.07764873
GRU,mean,28,2,2023-01-03,2023-05-28,2023-04-28,2023-05-26,0.0465812555635094,0.07834833
GRU,mean,28,2,2023-01-03,2023-05-28,2023-04-29,2023-05-27,0.0444713520601366,0.07967005
GRU,mean,28,2,2023-01-03,2023-05-28,2023-04-30,2023-05-28,0.0440743239205037,0.08099002
GRU,variance,14,2,2023-01-03,2023-05-28,2022-12-21,2023-01-04,0.0141082188873635,0.002809543
GRU,variance,14,2,2023-01-03,2023-05-28,2022-12-22,2023-01-05,0.0139770940856343,0.0025332926
GRU,variance,14,2,2023-01-03,2023-05-28,2022-12-23,2023-01-06,0.0138563376484333,0.002130641
GRU,variance,14,2,2023-01-03,2023-05-28,2022-12-24,2023-01-07,0.0135404259951623,0.0018188709
GRU,variance,14,2,2023-01-03,2023-05-28,2022-12-25,2023-01-08,0.0135841170632388,0.0016536306
GRU,variance,14,2,2023-01-03,2023-05-28,2022-12-26,2023-01-09,0.013587622833462,0.0015560673
GRU,variance,14,2,2023-01-03,2023-05-28,2022-12-27,2023-01-10,0.0135873713792715,0.0015072529
GRU,variance,14,2,2023-01-03,2023-05-28,2022-12-28,2023-01-11,0.0140541985596579,0.0015220622
GRU,variance,14,2,2023-01-03,2023-05-28,2022-12-29,2023-01-12,0.0144171185903646,0.0015621246
GRU,variance,14,2,2023-01-03,2023-05-28,2022-12-30,2023-01-13,0.0146648737583865,0.0015853216
GRU,variance,14,2,2023-01-03,2023-05-28,2022-12-31,2023-01-14,0.0148470892972137,0.0015867837
GRU,variance,14,2,2023-01-03,2023-05-28,2023-01-01,2023-01-15,0.0149755361944887,0.0015788858
GRU,variance,14,2,2023-01-03,2023-05-28,2023-01-02,2023-01-16,0.0149984797636208,0.0015909334
GRU,variance,14,2,2023-01-03,2023-05-28,2023-01-03,2023-01-17,0.0020903708086573,0.005654625
GRU,variance,14,2,2023-01-03,2023-05-28,2023-01-04,2023-01-18,0.001361984394026,0.007930987
GRU,variance,14,2,2023-01-03,2023-05-28,2023-01-05,2023-01-19,0.0013239581445218,0.0073891915
GRU,variance,14,2,2023-01-03,2023-05-28,2023-01-06,2023-01-20,0.0013216976680049,0.0072686165
GRU,variance,14,2,2023-01-03,2023-05-28,2023-01-07,2023-01-21,0.0012089057894027,0.007398929
GRU,variance,14,2,2023-01-03,2023-05-28,2023-01-08,2023-01-22,0.0012523368697202,0.007852199
GRU,variance,14,2,2023-01-03,2023-05-28,2023-01-09,2023-01-23,0.0013399794196054,0.0077683176
GRU,variance,14,2,2023-01-03,2023-05-28,2023-01-10,2023-01-24,0.0020647682723503,0.008353628
GRU,variance,14,2,2023-01-03,2023-05-28,2023-01-11,2023-01-25,0.0020439554176754,0.009204571
GRU,variance,14,2,2023-01-03,2023-05-28,2023-01-12,2023-01-26,0.0016979308079574,0.010169322
GRU,variance,14,2,2023-01-03,2023-05-28,2023-01-13,2023-01-27,0.0014250694486787,0.011312275
GRU,variance,14,2,2023-01-03,2023-05-28,2023-01-14,2023-01-28,0.0011953841768856,0.012731956
GRU,variance,14,2,2023-01-03,2023-05-28,2023-01-15,2023-01-29,0.0010689359961598,0.014482886
GRU,variance,14,2,2023-01-03,2023-05-28,2023-01-16,2023-01-30,0.0010471321364303,0.015730817
GRU,variance,14,2,2023-01-03,2023-05-28,2023-01-17,2023-01-31,0.0019989325845159,0.013904616
GRU,variance,14,2,2023-01-03,2023-05-28,2023-01-18,2023-02-01,0.0021098605951646,0.009953749
GRU,variance,14,2,2023-01-03,2023-05-28,2023-01-19,2023-02-02,0.002057814012241,0.0050434484
GRU,variance,14,2,2023-01-03,2023-05-28,2023-01-20,2023-02-03,0.0019810401922403,0.0028391846
GRU,variance,14,2,2023-01-03,2023-05-28,2023-01-21,2023-02-04,0.0019238161167338,0.0021070964
GRU,variance,14,2,2023-01-03,2023-05-28,2023-01-22,2023-02-05,0.0019197144337747,0.001670379
GRU,variance,14,2,2023-01-03,2023-05-28,2023-01-23,2023-02-06,0.0019461186589367,0.0015380672
GRU,variance,14,2,2023-01-03,2023-05-28,2023-01-24,2023-02-07,0.00393548633873,0.0016034173
GRU,variance,14,2,2023-01-03,2023-05-28,2023-01-25,2023-02-08,0.0040591092652399,0.0014955833
GRU,variance,14,2,2023-01-03,2023-05-28,2023-01-26,2023-02-09,0.0039280597674067,0.001260869
GRU,variance,14,2,2023-01-03,2023-05-28,2023-01-27,2023-02-10,0.0037936944323951,0.0010211447
GRU,variance,14,2,2023-01-03,2023-05-28,2023-01-28,2023-02-11,0.0035854202665136,0.00084393873
GRU,variance,14,2,2023-01-03,2023-05-28,2023-01-29,2023-02-12,0.0035107119506071,0.0007341257
GRU,variance,14,2,2023-01-03,2023-05-28,2023-01-30,2023-02-13,0.003889250385014,0.0006815065
GRU,variance,14,2,2023-01-03,2023-05-28,2023-01-31,2023-02-14,0.0057387779981808,0.0008948895
GRU,variance,14,2,2023-01-03,2023-05-28,2023-02-01,2023-02-15,0.005881837355311,0.00096883817
GRU,variance,14,2,2023-01-03,2023-05-28,2023-02-02,2023-02-16,0.0055979109253871,0.00091887853
GRU,variance,14,2,2023-01-03,2023-05-28,2023-02-03,2023-02-17,0.0052784839438533,0.0008024223
GRU,variance,14,2,2023-01-03,2023-05-28,2023-02-04,2023-02-18,0.0049467000667631,0.00064192916
GRU,variance,14,2,2023-01-03,2023-05-28,2023-02-05,2023-02-19,0.0046983993796417,0.004810068
GRU,variance,14,2,2023-01-03,2023-05-28,2023-02-06,2023-02-20,0.0047629111253543,0.005730083
GRU,variance,14,2,2023-01-03,2023-05-28,2023-02-07,2023-02-21,0.005987939685225,0.006921084
GRU,variance,14,2,2023-01-03,2023-05-28,2023-02-08,2023-02-22,0.0060041335885492,0.007897566
GRU,variance,14,2,2023-01-03,2023-05-28,2023-02-09,2023-02-23,0.0057157568679018,0.008280606
GRU,variance,14,2,2023-01-03,2023-05-28,2023-02-10,2023-02-24,0.005114999636304,0.007893881
GRU,variance,14,2,2023-01-03,2023-05-28,2023-02-11,2023-02-25,0.0047957513714922,0.0071509564
GRU,variance,14,2,2023-01-03,2023-05-28,2023-02-12,2023-02-26,0.0052497408152186,0.0063420115
GRU,variance,14,2,2023-01-03,2023-05-28,2023-02-13,2023-02-27,0.0053875240005245,0.0064879404
GRU,variance,14,2,2023-01-03,2023-05-28,2023-02-14,2023-02-28,0.0051648731569177,0.0076183598
GRU,variance,14,2,2023-01-03,2023-05-28,2023-02-15,2023-03-01,0.0054218207742886,0.008742055
GRU,variance,14,2,2023-01-03,2023-05-28,2023-02-16,2023-03-02,0.0057002126468768,0.009590607
GRU,variance,14,2,2023-01-03,2023-05-28,2023-02-17,2023-03-03,0.0062134201043794,0.009909701
GRU,variance,14,2,2023-01-03,2023-05-28,2023-02-18,2023-03-04,0.0063515684707936,0.009558083
GRU,variance,14,2,2023-01-03,2023-05-28,2023-02-19,2023-03-05,0.0062721426605788,0.008633226
GRU,variance,14,2,2023-01-03,2023-05-28,2023-02-20,2023-03-06,0.0062803867240203,0.008335122
GRU,variance,14,2,2023-01-03,2023-05-28,2023-02-21,2023-03-07,0.0062387259438642,0.008529364
GRU,variance,14,2,2023-01-03,2023-05-28,2023-02-22,2023-03-08,0.0066875730138241,0.008295576
GRU,variance,14,2,2023-01-03,2023-05-28,2023-02-23,2023-03-09,0.0067482019004228,0.0075744013
GRU,variance,14,2,2023-01-03,2023-05-28,2023-02-24,2023-03-10,0.0066225641407358,0.006438402
GRU,variance,14,2,2023-01-03,2023-05-28,2023-02-25,2023-03-11,0.0066845676019027,0.005208676
GRU,variance,14,2,2023-01-03,2023-05-28,2023-02-26,2023-03-12,0.0061490021170651,0.004251504
GRU,variance,14,2,2023-01-03,2023-05-28,2023-02-27,2023-03-13,0.0059663816043169,0.004287559
GRU,variance,14,2,2023-01-03,2023-05-28,2023-02-28,2023-03-14,0.0055531758981194,0.004054244
GRU,variance,14,2,2023-01-03,2023-05-28,2023-03-01,2023-03-15,0.0054518102375447,0.003810593
GRU,variance,14,2,2023-01-03,2023-05-28,2023-03-02,2023-03-16,0.0053059873149789,0.003701727
GRU,variance,14,2,2023-01-03,2023-05-28,2023-03-03,2023-03-17,0.004794556518478,0.003442382
GRU,variance,14,2,2023-01-03,2023-05-28,2023-03-04,2023-03-18,0.0046689041484329,0.002814133
GRU,variance,14,2,2023-01-03,2023-05-28,2023-03-05,2023-03-19,0.0045872769601949,0.0022964177
GRU,variance,14,2,2023-01-03,2023-05-28,2023-03-06,2023-03-20,0.0045945905840992,0.0023850445
GRU,variance,14,2,2023-01-03,2023-05-28,2023-03-07,2023-03-21,0.0046431821360749,0.0025978368
GRU,variance,14,2,2023-01-03,2023-05-28,2023-03-08,2023-03-22,0.00409737612224,0.00291644
GRU,variance,14,2,2023-01-03,2023-05-28,2023-03-09,2023-03-23,0.0041002330230521,0.0030777326
GRU,variance,14,2,2023-01-03,2023-05-28,2023-03-10,2023-03-24,0.0043330288842706,0.0028841922
GRU,variance,14,2,2023-01-03,2023-05-28,2023-03-11,2023-03-25,0.0043751927531558,0.0024122882
GRU,variance,14,2,2023-01-03,2023-05-28,2023-03-12,2023-03-26,0.0043706085731785,0.0018784186
GRU,variance,14,2,2023-01-03,2023-05-28,2023-03-13,2023-03-27,0.0043577032082431,0.001782425
GRU,variance,14,2,2023-01-03,2023-05-28,2023-03-14,2023-03-28,0.0053946362226639,0.0017575137
GRU,variance,14,2,2023-01-03,2023-05-28,2023-03-15,2023-03-29,0.0053581260368185,0.0017745319
GRU,variance,14,2,2023-01-03,2023-05-28,2023-03-16,2023-03-30,0.0052071011114128,0.0015687334
GRU,variance,14,2,2023-01-03,2023-05-28,2023-03-17,2023-03-31,0.0052859549198273,0.0012467632
GRU,variance,14,2,2023-01-03,2023-05-28,2023-03-18,2023-04-01,0.0051908481868965,0.0011450704
GRU,variance,14,2,2023-01-03,2023-05-28,2023-03-19,2023-04-02,0.0052931524122088,0.001128042
GRU,variance,14,2,2023-01-03,2023-05-28,2023-03-20,2023-04-03,0.0052263259210556,0.0011183587
GRU,variance,14,2,2023-01-03,2023-05-28,2023-03-21,2023-04-04,0.0044137474373515,0.0011523054
GRU,variance,14,2,2023-01-03,2023-05-28,2023-03-22,2023-04-05,0.0044064659384464,0.0010205166
GRU,variance,14,2,2023-01-03,2023-05-28,2023-03-23,2023-04-06,0.0046146958147279,0.0010042754
GRU,variance,14,2,2023-01-03,2023-05-28,2023-03-24,2023-04-07,0.0049810400808238,0.0011109416
GRU,variance,14,2,2023-01-03,2023-05-28,2023-03-25,2023-04-08,0.0053501180701735,0.0011953778
GRU,variance,14,2,2023-01-03,2023-05-28,2023-03-26,2023-04-09,0.0057992957413206,0.0012288449
GRU,variance,14,2,2023-01-03,2023-05-28,2023-03-27,2023-04-10,0.0059169476870371,0.0012101798
GRU,variance,14,2,2023-01-03,2023-05-28,2023-03-28,2023-04-11,0.0043730890436018,0.0015105848
GRU,variance,14,2,2023-01-03,2023-05-28,2023-03-29,2023-04-12,0.0045524710476137,0.0016559411
GRU,variance,14,2,2023-01-03,2023-05-28,2023-03-30,2023-04-13,0.0049260342348142,0.0016826615
GRU,variance,14,2,2023-01-03,2023-05-28,2023-03-31,2023-04-14,0.0050512415431764,0.001819679
GRU,variance,14,2,2023-01-03,2023-05-28,2023-04-01,2023-04-15,0.0050761769143109,0.0019035324
GRU,variance,14,2,2023-01-03,2023-05-28,2023-04-02,2023-04-16,0.0051644291508809,0.002084571
GRU,variance,14,2,2023-01-03,2023-05-28,2023-04-03,2023-04-17,0.0051058135883208,0.0021765213
GRU,variance,14,2,2023-01-03,2023-05-28,2023-04-04,2023-04-18,0.0032872588661538,0.0021227333
GRU,variance,14,2,2023-01-03,2023-05-28,2023-04-05,2023-04-19,0.0033459031789576,0.0021647224
GRU,variance,14,2,2023-01-03,2023-05-28,2023-04-06,2023-04-20,0.0036831328247815,0.002125803
GRU,variance,14,2,2023-01-03,2023-05-28,2023-04-07,2023-04-21,0.0039281306889822,0.0022916957
GRU,variance,14,2,2023-01-03,2023-05-28,2023-04-08,2023-04-22,0.0037737339900187,0.0027277393
GRU,variance,14,2,2023-01-03,2023-05-28,2023-04-09,2023-04-23,0.0036235448032591,0.0036211272
GRU,variance,14,2,2023-01-03,2023-05-28,2023-04-10,2023-04-24,0.0036147587200516,0.0047282926
GRU,variance,14,2,2023-01-03,2023-05-28,2023-04-11,2023-04-25,0.0021845736275248,0.0043832115
GRU,variance,14,2,2023-01-03,2023-05-28,2023-04-12,2023-04-26,0.0021823072033532,0.0034997112
GRU,variance,14,2,2023-01-03,2023-05-28,2023-04-13,2023-04-27,0.0022015211840759,0.0027839
GRU,variance,14,2,2023-01-03,2023-05-28,2023-04-14,2023-04-28,0.0022836335141886,0.002266963
GRU,variance,14,2,2023-01-03,2023-05-28,2023-04-15,2023-04-29,0.0023234131488484,0.0019087888
GRU,variance,14,2,2023-01-03,2023-05-28,2023-04-16,2023-04-30,0.002326447328988,0.0017771509
GRU,variance,14,2,2023-01-03,2023-05-28,2023-04-17,2023-05-01,0.0023309780661241,0.0019076335
GRU,variance,14,2,2023-01-03,2023-05-28,2023-04-18,2023-05-02,0.0017024424015982,0.0013717009
GRU,variance,14,2,2023-01-03,2023-05-28,2023-04-19,2023-05-03,0.0017164164630458,0.0009806894
GRU,variance,14,2,2023-01-03,2023-05-28,2023-04-20,2023-05-04,0.0022449985957085,0.0009239686
GRU,variance,14,2,2023-01-03,2023-05-28,2023-04-21,2023-05-05,0.0024341170516002,0.0010958764
GRU,variance,14,2,2023-01-03,2023-05-28,2023-04-22,2023-05-06,0.0027945078415877,0.0014597903
GRU,variance,14,2,2023-01-03,2023-05-28,2023-04-23,2023-05-07,0.0029455216760229,0.0018645653
GRU,variance,14,2,2023-01-03,2023-05-28,2023-04-24,2023-05-08,0.003035251408816,0.0018524994
GRU,variance,14,2,2023-01-03,2023-05-28,2023-04-25,2023-05-09,0.0029221512300719,0.001137482
GRU,variance,14,2,2023-01-03,2023-05-28,2023-04-26,2023-05-10,0.0029201565731909,0.000599308
GRU,variance,14,2,2023-01-03,2023-05-28,2023-04-27,2023-05-11,0.0030267759339044,0.00041531152
GRU,variance,14,2,2023-01-03,2023-05-28,2023-04-28,2023-05-12,0.0034697226372409,0.00048951845
GRU,variance,14,2,2023-01-03,2023-05-28,2023-04-29,2023-05-13,0.0037484346878876,0.000816607
GRU,variance,14,2,2023-01-03,2023-05-28,2023-04-30,2023-05-14,0.004251586410145,0.001409561
GRU,variance,14,2,2023-01-03,2023-05-28,2023-05-01,2023-05-15,0.004231232803245,0.0015013657
GRU,variance,14,2,2023-01-03,2023-05-28,2023-05-02,2023-05-16,0.0032271932945841,0.0013209326
GRU,variance,14,2,2023-01-03,2023-05-28,2023-05-03,2023-05-17,0.003268011195866,0.001247692
GRU,variance,14,2,2023-01-03,2023-05-28,2023-05-04,2023-05-18,0.0019003479654947,0.0014824305
GRU,variance,14,2,2023-01-03,2023-05-28,2023-05-05,2023-05-19,0.0019792890855835,0.0020847053
GRU,variance,14,2,2023-01-03,2023-05-28,2023-05-06,2023-05-20,0.0020378595604303,0.0036631008
GRU,variance,14,2,2023-01-03,2023-05-28,2023-05-07,2023-05-21,0.0020846462426385,0.0051482394
GRU,variance,14,2,2023-01-03,2023-05-28,2023-05-08,2023-05-22,0.0020604665173468,0.005622661
GRU,variance,14,2,2023-01-03,2023-05-28,2023-05-09,2023-05-23,0.0006504957334531,0.0058410577
GRU,variance,14,2,2023-01-03,2023-05-28,2023-05-10,2023-05-24,0.0004256219244893,0.005703379
GRU,variance,14,2,2023-01-03,2023-05-28,2023-05-11,2023-05-25,0.0004379478899304,0.0053822515
GRU,variance,14,2,2023-01-03,2023-05-28,2023-05-12,2023-05-26,0.0004845684561698,0.0052710143
GRU,variance,14,2,2023-01-03,2023-05-28,2023-05-13,2023-05-27,0.000509617658651,0.005549708
GRU,variance,14,2,2023-01-03,2023-05-28,2023-05-14,2023-05-28,0.0005216407194755,0.0065704416
GRU,variance,28,2,2023-01-03,2023-05-28,2022-12-07,2023-01-04,0.0141082188873635,0.0015344303
GRU,variance,28,2,2023-01-03,2023-05-28,2022-12-08,2023-01-05,0.0139770940856343,0.0018332113
GRU,variance,28,2,2023-01-03,2023-05-28,2022-12-09,2023-01-06,0.0138563376484333,0.0020506142
GRU,variance,28,2,2023-01-03,2023-05-28,2022-12-10,2023-01-07,0.0135404259951623,0.002210244
GRU,variance,28,2,2023-01-03,2023-05-28,2022-12-11,2023-01-08,0.0135841170632388,0.0023401114
GRU,variance,28,2,2023-01-03,2023-05-28,2022-12-12,2023-01-09,0.013587622833462,0.0024153634
GRU,variance,28,2,2023-01-03,2023-05-28,2022-12-13,2023-01-10,0.0135873713792715,0.0024361033
GRU,variance,28,2,2023-01-03,2023-05-28,2022-12-14,2023-01-11,0.0140541985596579,0.0023669288
GRU,variance,28,2,2023-01-03,2023-05-28,2022-12-15,2023-01-12,0.0144171185903646,0.002212672
GRU,variance,28,2,2023-01-03,2023-05-28,2022-12-16,2023-01-13,0.0146648737583865,0.0020432686
GRU,variance,28,2,2023-01-03,2023-05-28,2022-12-17,2023-01-14,0.0148470892972137,0.0019277937
GRU,variance,28,2,2023-01-03,2023-05-28,2022-12-18,2023-01-15,0.0149755361944887,0.0018821076
GRU,variance,28,2,2023-01-03,2023-05-28,2022-12-19,2023-01-16,0.0149984797636208,0.0019133033
GRU,variance,28,2,2023-01-03,2023-05-28,2022-12-20,2023-01-17,0.0020903708086573,0.0017229738
GRU,variance,28,2,2023-01-03,2023-05-28,2022-12-21,2023-01-18,0.001361984394026,0.0016355119
GRU,variance,28,2,2023-01-03,2023-05-28,2022-12-22,2023-01-19,0.0013239581445218,0.0015456413
GRU,variance,28,2,2023-01-03,2023-05-28,2022-12-23,2023-01-20,0.0013216976680049,0.0014505673
GRU,variance,28,2,2023-01-03,2023-05-28,2022-12-24,2023-01-21,0.0012089057894027,0.0013771976
GRU,variance,28,2,2023-01-03,2023-05-28,2022-12-25,2023-01-22,0.0012523368697202,0.0013234619
GRU,variance,28,2,2023-01-03,2023-05-28,2022-12-26,2023-01-23,0.0013399794196054,0.0012776195
GRU,variance,28,2,2023-01-03,2023-05-28,2022-12-27,2023-01-24,0.0020647682723503,0.0013643764
GRU,variance,28,2,2023-01-03,2023-05-28,2022-12-28,2023-01-25,0.0020439554176754,0.0015688258
GRU,variance,28,2,2023-01-03,2023-05-28,2022-12-29,2023-01-26,0.0016979308079574,0.0017879889
GRU,variance,28,2,2023-01-03,2023-05-28,2022-12-30,2023-01-27,0.0014250694486787,0.0019508222
GRU,variance,28,2,2023-01-03,2023-05-28,2022-12-31,2023-01-28,0.0011953841768856,0.0020641214
GRU,variance,28,2,2023-01-03,2023-05-28,2023-01-01,2023-01-29,0.0010689359961598,0.0021306651
GRU,variance,28,2,2023-01-03,2023-05-28,2023-01-02,2023-01-30,0.0010471321364303,0.0021500976
GRU,variance,28,2,2023-01-03,2023-05-28,2023-01-03,2023-01-31,0.0019989325845159,0.009177835
GRU,variance,28,2,2023-01-03,2023-05-28,2023-01-04,2023-02-01,0.0021098605951646,0.012013223
GRU,variance,28,2,2023-01-03,2023-05-28,2023-01-05,2023-02-02,0.002057814012241,0.0072753164
GRU,variance,28,2,2023-01-03,2023-05-28,2023-01-06,2023-02-03,0.0019810401922403,0.001526412
GRU,variance,28,2,2023-01-03,2023-05-28,2023-01-07,2023-02-04,0.0019238161167338,0.00054765964
GRU,variance,28,2,2023-01-03,2023-05-28,2023-01-08,2023-02-05,0.0019197144337747,0.0012832042
GRU,variance,28,2,2023-01-03,2023-05-28,2023-01-09,2023-02-06,0.0019461186589367,0.0016992922
GRU,variance,28,2,2023-01-03,2023-05-28,2023-01-10,2023-02-07,0.00393548633873,0.0019399099
GRU,variance,28,2,2023-01-03,2023-05-28,2023-01-11,2023-02-08,0.0040591092652399,0.0021509628
GRU,variance,28,2,2023-01-03,2023-05-28,2023-01-12,2023-02-09,0.0039280597674067,0.0022663746
GRU,variance,28,2,2023-01-03,2023-05-28,2023-01-13,2023-02-10,0.0037936944323951,0.0023148283
GRU,variance,28,2,2023-01-03,2023-05-28,2023-01-14,2023-02-11,0.0035854202665136,0.0023064048
GRU,variance,28,2,2023-01-03,2023-05-28,2023-01-15,2023-02-12,0.0035107119506071,0.0021846334
GRU,variance,28,2,2023-01-03,2023-05-28,2023-01-16,2023-02-13,0.003889250385014,0.002182917
GRU,variance,28,2,2023-01-03,2023-05-28,2023-01-17,2023-02-14,0.0057387779981808,0.00018156241
GRU,variance,28,2,2023-01-03,2023-05-28,2023-01-18,2023-02-15,0.005881837355311,0.0004673853
GRU,variance,28,2,2023-01-03,2023-05-28,2023-01-19,2023-02-16,0.0055979109253871,0.0010593374
GRU,variance,28,2,2023-01-03,2023-05-28,2023-01-20,2023-02-17,0.0052784839438533,0.0011227903
GRU,variance,28,2,2023-01-03,2023-05-28,2023-01-21,2023-02-18,0.0049467000667631,0.00079569226
GRU,variance,28,2,2023-01-03,2023-05-28,2023-01-22,2023-02-19,0.0046983993796417,0.0003944857
GRU,variance,28,2,2023-01-03,2023-05-28,2023-01-23,2023-02-20,0.0047629111253543,0.0003647779
GRU,variance,28,2,2023-01-03,2023-05-28,2023-01-24,2023-02-21,0.005987939685225,0.0005061905
GRU,variance,28,2,2023-01-03,2023-05-28,2023-01-25,2023-02-22,0.0060041335885492,0.00050221226
GRU,variance,28,2,2023-01-03,2023-05-28,2023-01-26,2023-02-23,0.0057157568679018,0.0004614182
GRU,variance,28,2,2023-01-03,2023-05-28,2023-01-27,2023-02-24,0.005114999636304,0.00044159862
GRU,variance,28,2,2023-01-03,2023-05-28,2023-01-28,2023-02-25,0.0047957513714922,0.00043447808
GRU,variance,28,2,2023-01-03,2023-05-28,2023-01-29,2023-02-26,0.0052497408152186,0.00044692485
GRU,variance,28,2,2023-01-03,2023-05-28,2023-01-30,2023-02-27,0.0053875240005245,0.00045264178
GRU,variance,28,2,2023-01-03,2023-05-28,2023-01-31,2023-02-28,0.0051648731569177,0.00063513423
GRU,variance,28,2,2023-01-03,2023-05-28,2023-02-01,2023-03-01,0.0054218207742886,0.000603586
GRU,variance,28,2,2023-01-03,2023-05-28,2023-02-02,2023-03-02,0.0057002126468768,0.0004649775
GRU,variance,28,2,2023-01-03,2023-05-28,2023-02-03,2023-03-03,0.0062134201043794,0.0006366951
GRU,variance,28,2,2023-01-03,2023-05-28,2023-02-04,2023-03-04,0.0063515684707936,0.0002679541
GRU,variance,28,2,2023-01-03,2023-05-28,2023-02-05,2023-03-05,0.0062721426605788,0.005218634
GRU,variance,28,2,2023-01-03,2023-05-28,2023-02-06,2023-03-06,0.0062803867240203,0.0049605058
GRU,variance,28,2,2023-01-03,2023-05-28,2023-02-07,2023-03-07,0.0062387259438642,0.0076639424
GRU,variance,28,2,2023-01-03,2023-05-28,2023-02-08,2023-03-08,0.0066875730138241,0.010562938
GRU,variance,28,2,2023-01-03,2023-05-28,2023-02-09,2023-03-09,0.0067482019004228,0.012008328
GRU,variance,28,2,2023-01-03,2023-05-28,2023-02-10,2023-03-10,0.0066225641407358,0.012180603
GRU,variance,28,2,2023-01-03,2023-05-28,2023-02-11,2023-03-11,0.0066845676019027,0.010763823
GRU,variance,28,2,2023-01-03,2023-05-28,2023-02-12,2023-03-12,0.0061490021170651,0.008988461
GRU,variance,28,2,2023-01-03,2023-05-28,2023-02-13,2023-03-13,0.0059663816043169,0.009408073
GRU,variance,28,2,2023-01-03,2023-05-28,2023-02-14,2023-03-14,0.0055531758981194,0.011072274
GRU,variance,28,2,2023-01-03,2023-05-28,2023-02-15,2023-03-15,0.0054518102375447,0.012040678
GRU,variance,28,2,2023-01-03,2023-05-28,2023-02-16,2023-03-16,0.0053059873149789,0.012839094
GRU,variance,28,2,2023-01-03,2023-05-28,2023-02-17,2023-03-17,0.004794556518478,0.014850631
GRU,variance,28,2,2023-01-03,2023-05-28,2023-02-18,2023-03-18,0.0046689041484329,0.016910398
GRU,variance,28,2,2023-01-03,2023-05-28,2023-02-19,2023-03-19,0.0045872769601949,0.016915169
GRU,variance,28,2,2023-01-03,2023-05-28,2023-02-20,2023-03-20,0.0045945905840992,0.01600792
GRU,variance,28,2,2023-01-03,2023-05-28,2023-02-21,2023-03-21,0.0046431821360749,0.01531539
GRU,variance,28,2,2023-01-03,2023-05-28,2023-02-22,2023-03-22,0.00409737612224,0.013816076
GRU,variance,28,2,2023-01-03,2023-05-28,2023-02-23,2023-03-23,0.0041002330230521,0.011615469
GRU,variance,28,2,2023-01-03,2023-05-28,2023-02-24,2023-03-24,0.0043330288842706,0.011001153
GRU,variance,28,2,2023-01-03,2023-05-28,2023-02-25,2023-03-25,0.0043751927531558,0.0108142095
GRU,variance,28,2,2023-01-03,2023-05-28,2023-02-26,2023-03-26,0.0043706085731785,0.009823031
GRU,variance,28,2,2023-01-03,2023-05-28,2023-02-27,2023-03-27,0.0043577032082431,0.0089678
GRU,variance,28,2,2023-01-03,2023-05-28,2023-02-28,2023-03-28,0.0053946362226639,0.007298757
GRU,variance,28,2,2023-01-03,2023-05-28,2023-03-01,2023-03-29,0.0053581260368185,0.005974219
GRU,variance,28,2,2023-01-03,2023-05-28,2023-03-02,2023-03-30,0.0052071011114128,0.004260998
GRU,variance,28,2,2023-01-03,2023-05-28,2023-03-03,2023-03-31,0.0052859549198273,0.0033968173
GRU,variance,28,2,2023-01-03,2023-05-28,2023-03-04,2023-04-01,0.0051908481868965,0.0029956228
GRU,variance,28,2,2023-01-03,2023-05-28,2023-03-05,2023-04-02,0.0052931524122088,0.0028558145
GRU,variance,28,2,2023-01-03,2023-05-28,2023-03-06,2023-04-03,0.0052263259210556,0.003456499
GRU,variance,28,2,2023-01-03,2023-05-28,2023-03-07,2023-04-04,0.0044137474373515,0.004484991
GRU,variance,28,2,2023-01-03,2023-05-28,2023-03-08,2023-04-05,0.0044064659384464,0.00521247
GRU,variance,28,2,2023-01-03,2023-05-28,2023-03-09,2023-04-06,0.0046146958147279,0.004531946
GRU,variance,28,2,2023-01-03,2023-05-28,2023-03-10,2023-04-07,0.0049810400808238,0.0034297183
GRU,variance,28,2,2023-01-03,2023-05-28,2023-03-11,2023-04-08,0.0053501180701735,0.002879925
GRU,variance,28,2,2023-01-03,2023-05-28,2023-03-12,2023-04-09,0.0057992957413206,0.0026232372
GRU,variance,28,2,2023-01-03,2023-05-28,2023-03-13,2023-04-10,0.0059169476870371,0.0030975523
GRU,variance,28,2,2023-01-03,2023-05-28,2023-03-14,2023-04-11,0.0043730890436018,0.003422606
GRU,variance,28,2,2023-01-03,2023-05-28,2023-03-15,2023-04-12,0.0045524710476137,0.0028019994
GRU,variance,28,2,2023-01-03,2023-05-28,2023-03-16,2023-04-13,0.0049260342348142,0.0022765936
GRU,variance,28,2,2023-01-03,2023-05-28,2023-03-17,2023-04-14,0.0050512415431764,0.0018713797
GRU,variance,28,2,2023-01-03,2023-05-28,2023-03-18,2023-04-15,0.0050761769143109,0.0016199402
GRU,variance,28,2,2023-01-03,2023-05-28,2023-03-19,2023-04-16,0.0051644291508809,0.0013839387
GRU,variance,28,2,2023-01-03,2023-05-28,2023-03-20,2023-04-17,0.0051058135883208,0.0012288077
GRU,variance,28,2,2023-01-03,2023-05-28,2023-03-21,2023-04-18,0.0032872588661538,0.0011739399
GRU,variance,28,2,2023-01-03,2023-05-28,2023-03-22,2023-04-19,0.0033459031789576,0.0009968592
GRU,variance,28,2,2023-01-03,2023-05-28,2023-03-23,2023-04-20,0.0036831328247815,0.0009966891
GRU,variance,28,2,2023-01-03,2023-05-28,2023-03-24,2023-04-21,0.0039281306889822,0.0011044308
GRU,variance,28,2,2023-01-03,2023-05-28,2023-03-25,2023-04-22,0.0037737339900187,0.0011464828
GRU,variance,28,2,2023-01-03,2023-05-28,2023-03-26,2023-04-23,0.0036235448032591,0.0011444933
GRU,variance,28,2,2023-01-03,2023-05-28,2023-03-27,2023-04-24,0.0036147587200516,0.0011467611
GRU,variance,28,2,2023-01-03,2023-05-28,2023-03-28,2023-04-25,0.0021845736275248,0.0015080486
GRU,variance,28,2,2023-01-03,2023-05-28,2023-03-29,2023-04-26,0.0021823072033532,0.0016386281
GRU,variance,28,2,2023-01-03,2023-05-28,2023-03-30,2023-04-27,0.0022015211840759,0.0017408436
GRU,variance,28,2,2023-01-03,2023-05-28,2023-03-31,2023-04-28,0.0022836335141886,0.001996589
GRU,variance,28,2,2023-01-03,2023-05-28,2023-04-01,2023-04-29,0.0023234131488484,0.0022885108
GRU,variance,28,2,2023-01-03,2023-05-28,2023-04-02,2023-04-30,0.002326447328988,0.0027834096
GRU,variance,28,2,2023-01-03,2023-05-28,2023-04-03,2023-05-01,0.0023309780661241,0.0035125196
GRU,variance,28,2,2023-01-03,2023-05-28,2023-04-04,2023-05-02,0.0017024424015982,0.00425297
GRU,variance,28,2,2023-01-03,2023-05-28,2023-04-05,2023-05-03,0.0017164164630458,0.0048102415
GRU,variance,28,2,2023-01-03,2023-05-28,2023-04-06,2023-05-04,0.0022449985957085,0.005023247
GRU,variance,28,2,2023-01-03,2023-05-28,2023-04-07,2023-05-05,0.0024341170516002,0.0056684837
GRU,variance,28,2,2023-01-03,2023-05-28,2023-04-08,2023-05-06,0.0027945078415877,0.00697298
GRU,variance,28,2,2023-01-03,2023-05-28,2023-04-09,2023-05-07,0.0029455216760229,0.009142497
GRU,variance,28,2,2023-01-03,2023-05-28,2023-04-10,2023-05-08,0.003035251408816,0.010475429
GRU,variance,28,2,2023-01-03,2023-05-28,2023-04-11,2023-05-09,0.0029221512300719,0.008612401
GRU,variance,28,2,2023-01-03,2023-05-28,2023-04-12,2023-05-10,0.0029201565731909,0.0059876572
GRU,variance,28,2,2023-01-03,2023-05-28,2023-04-13,2023-05-11,0.0030267759339044,0.003989092
GRU,variance,28,2,2023-01-03,2023-05-28,2023-04-14,2023-05-12,0.0034697226372409,0.0030969414
GRU,variance,28,2,2023-01-03,2023-05-28,2023-04-15,2023-05-13,0.0037484346878876,0.0027308962
GRU,variance,28,2,2023-01-03,2023-05-28,2023-04-16,2023-05-14,0.004251586410145,0.0026798723
GRU,variance,28,2,2023-01-03,2023-05-28,2023-04-17,2023-05-15,0.004231232803245,0.0027842007
GRU,variance,28,2,2023-01-03,2023-05-28,2023-04-18,2023-05-16,0.0032271932945841,0.0020242508
GRU,variance,28,2,2023-01-03,2023-05-28,2023-04-19,2023-05-17,0.003268011195866,0.0016838498
GRU,variance,28,2,2023-01-03,2023-05-28,2023-04-20,2023-05-18,0.0019003479654947,0.0019271945
GRU,variance,28,2,2023-01-03,2023-05-28,2023-04-21,2023-05-19,0.0019792890855835,0.0026990748
GRU,variance,28,2,2023-01-03,2023-05-28,2023-04-22,2023-05-20,0.0020378595604303,0.0034617644
GRU,variance,28,2,2023-01-03,2023-05-28,2023-04-23,2023-05-21,0.0020846462426385,0.0029112175
GRU,variance,28,2,2023-01-03,2023-05-28,2023-04-24,2023-05-22,0.0020604665173468,0.002141643
GRU,variance,28,2,2023-01-03,2023-05-28,2023-04-25,2023-05-23,0.0006504957334531,0.0010986214
GRU,variance,28,2,2023-01-03,2023-05-28,2023-04-26,2023-05-24,0.0004256219244893,0.0006931227
GRU,variance,28,2,2023-01-03,2023-05-28,2023-04-27,2023-05-25,0.0004379478899304,0.0006893833
GRU,variance,28,2,2023-01-03,2023-05-28,2023-04-28,2023-05-26,0.0004845684561698,0.0010305388
GRU,variance,28,2,2023-01-03,2023-05-28,2023-04-29,2023-05-27,0.000509617658651,0.0017439796
GRU,variance,28,2,2023-01-03,2023-05-28,2023-04-30,2023-05-28,0.0005216407194755,0.0017217704
LSTM,mean,14,2,2023-01-03,2023-05-28,2022-12-21,2023-01-04,0.1311999847568459,0.10289751
LSTM,mean,14,2,2023-01-03,2023-05-28,2022-12-22,2023-01-05,0.1330579187921908,0.10566604
LSTM,mean,14,2,2023-01-03,2023-05-28,2022-12-23,2023-01-06,0.1339535323328014,0.1091459
LSTM,mean,14,2,2023-01-03,2023-05-28,2022-12-24,2023-01-07,0.1379395589738307,0.112806015
LSTM,mean,14,2,2023-01-03,2023-05-28,2022-12-25,2023-01-08,0.1375773403203754,0.11673108
LSTM,mean,14,2,2023-01-03,2023-05-28,2022-12-26,2023-01-09,0.137538932359555,0.12123474
LSTM,mean,14,2,2023-01-03,2023-05-28,2022-12-27,2023-01-10,0.1349375330984866,0.12672542
LSTM,mean,14,2,2023-01-03,2023-05-28,2022-12-28,2023-01-11,0.1287347317879365,0.13306126
LSTM,mean,14,2,2023-01-03,2023-05-28,2022-12-29,2023-01-12,0.1264393592659615,0.13782631
LSTM,mean,14,2,2023-01-03,2023-05-28,2022-12-30,2023-01-13,0.1247556962765151,0.14097297
LSTM,mean,14,2,2023-01-03,2023-05-28,2022-12-31,2023-01-14,0.1233485459692372,0.14226031
LSTM,mean,14,2,2023-01-03,2023-05-28,2023-01-01,2023-01-15,0.1217253532195343,0.14241907
LSTM,mean,14,2,2023-01-03,2023-05-28,2023-01-02,2023-01-16,0.1210887825476346,0.14057149
LSTM,mean,14,2,2023-01-03,2023-05-28,2023-01-03,2023-01-17,0.0953320120320738,0.16017263
LSTM,mean,14,2,2023-01-03,2023-05-28,2023-01-04,2023-01-18,0.0908039095473847,0.18390921
LSTM,mean,14,2,2023-01-03,2023-05-28,2023-01-05,2023-01-19,0.0893327707888696,0.20460571
LSTM,mean,14,2,2023-01-03,2023-05-28,2023-01-06,2023-01-20,0.0894234947414365,0.2177963
LSTM,mean,14,2,2023-01-03,2023-05-28,2023-01-07,2023-01-21,0.0870960249823614,0.22496302
LSTM,mean,14,2,2023-01-03,2023-05-28,2023-01-08,2023-01-22,0.0895644252926462,0.22329979
LSTM,mean,14,2,2023-01-03,2023-05-28,2023-01-09,2023-01-23,0.0916887888459926,0.21637611
LSTM,mean,14,2,2023-01-03,2023-05-28,2023-01-10,2023-01-24,0.097135159477308,0.19926892
LSTM,mean,14,2,2023-01-03,2023-05-28,2023-01-11,2023-01-25,0.1036231152766641,0.16975799
LSTM,mean,14,2,2023-01-03,2023-05-28,2023-01-12,2023-01-26,0.1078384182666037,0.13710636
LSTM,mean,14,2,2023-01-03,2023-05-28,2023-01-13,2023-01-27,0.1107605949713898,0.114991836
LSTM,mean,14,2,2023-01-03,2023-05-28,2023-01-14,2023-01-28,0.113507044387699,0.10569707
LSTM,mean,14,2,2023-01-03,2023-05-28,2023-01-15,2023-01-29,0.1164746434112017,0.10206546
LSTM,mean,14,2,2023-01-03,2023-05-28,2023-01-16,2023-01-30,0.1178060767081095,0.10036473
LSTM,mean,14,2,2023-01-03,2023-05-28,2023-01-17,2023-01-31,0.1233928136144765,0.08533121
LSTM,mean,14,2,2023-01-03,2023-05-28,2023-01-18,2023-02-01,0.1253973695828701,0.073489115
LSTM,mean,14,2,2023-01-03,2023-05-28,2023-01-19,2023-02-02,0.1262597534112328,0.06908065
LSTM,mean,14,2,2023-01-03,2023-05-28,2023-01-20,2023-02-03,0.127101571321209,0.070213355
LSTM,mean,14,2,2023-01-03,2023-05-28,2023-01-21,2023-02-04,0.1281238419664619,0.07222673
LSTM,mean,14,2,2023-01-03,2023-05-28,2023-01-22,2023-02-05,0.1282657073362935,0.075986505
LSTM,mean,14,2,2023-01-03,2023-05-28,2023-01-23,2023-02-06,0.1299448878493307,0.08016794
LSTM,mean,14,2,2023-01-03,2023-05-28,2023-01-24,2023-02-07,0.137900947961438,0.08607166
LSTM,mean,14,2,2023-01-03,2023-05-28,2023-01-25,2023-02-08,0.1404204231950712,0.093499646
LSTM,mean,14,2,2023-01-03,2023-05-28,2023-01-26,2023-02-09,0.1424352518482325,0.10034472
LSTM,mean,14,2,2023-01-03,2023-05-28,2023-01-27,2023-02-10,0.1437487005190189,0.105644695
LSTM,mean,14,2,2023-01-03,2023-05-28,2023-01-28,2023-02-11,0.1468850460915114,0.10983263
LSTM,mean,14,2,2023-01-03,2023-05-28,2023-01-29,2023-02-12,0.1498234657461798,0.11376732
LSTM,mean,14,2,2023-01-03,2023-05-28,2023-01-30,2023-02-13,0.1579249749947853,0.11707816
LSTM,mean,14,2,2023-01-03,2023-05-28,2023-01-31,2023-02-14,0.1647730810427527,0.12312179
LSTM,mean,14,2,2023-01-03,2023-05-28,2023-02-01,2023-02-15,0.1680203867716239,0.13191558
LSTM,mean,14,2,2023-01-03,2023-05-28,2023-02-02,2023-02-16,0.1709347309856881,0.15014309
LSTM,mean,14,2,2023-01-03,2023-05-28,2023-02-03,2023-02-17,0.173177491366099,0.1786975
LSTM,mean,14,2,2023-01-03,2023-05-28,2023-02-04,2023-02-18,0.1772144109132241,0.1791295
LSTM,mean,14,2,2023-01-03,2023-05-28,2023-02-05,2023-02-19,0.1797946775138651,0.14703669
LSTM,mean,14,2,2023-01-03,2023-05-28,2023-02-06,2023-02-20,0.1854730201159898,0.1296135
LSTM,mean,14,2,2023-01-03,2023-05-28,2023-02-07,2023-02-21,0.1893787777121548,0.12657903
LSTM,mean,14,2,2023-01-03,2023-05-28,2023-02-08,2023-02-22,0.1914460965345308,0.12771761
LSTM,mean,14,2,2023-01-03,2023-05-28,2023-02-09,2023-02-23,0.1942371433384163,0.12847039
LSTM,mean,14,2,2023-01-03,2023-05-28,2023-02-10,2023-02-24,0.1990127370265422,0.127954
LSTM,mean,14,2,2023-01-03,2023-05-28,2023-02-11,2023-02-25,0.2044298371385272,0.12817317
LSTM,mean,14,2,2023-01-03,2023-05-28,2023-02-12,2023-02-26,0.2148272730341335,0.12940624
LSTM,mean,14,2,2023-01-03,2023-05-28,2023-02-13,2023-02-27,0.2168971681216316,0.13482039
LSTM,mean,14,2,2023-01-03,2023-05-28,2023-02-14,2023-02-28,0.2159722952677766,0.14286575
LSTM,mean,14,2,2023-01-03,2023-05-28,2023-02-15,2023-03-01,0.2121516685989683,0.15051816
LSTM,mean,14,2,2023-01-03,2023-05-28,2023-02-16,2023-03-02,0.2104997360140151,0.15810035
LSTM,mean,14,2,2023-01-03,2023-05-28,2023-02-17,2023-03-03,0.2082040514940439,0.16646495
LSTM,mean,14,2,2023-01-03,2023-05-28,2023-02-18,2023-03-04,0.2069481567898155,0.17844339
LSTM,mean,14,2,2023-01-03,2023-05-28,2023-02-19,2023-03-05,0.2076813650287233,0.19445287
LSTM,mean,14,2,2023-01-03,2023-05-28,2023-02-20,2023-03-06,0.2078623230901161,0.221082
LSTM,mean,14,2,2023-01-03,2023-05-28,2023-02-21,2023-03-07,0.2077348154484783,0.25738725
LSTM,mean,14,2,2023-01-03,2023-05-28,2023-02-22,2023-03-08,0.2133368963791936,0.29292282
LSTM,mean,14,2,2023-01-03,2023-05-28,2023-02-23,2023-03-09,0.2127998980973717,0.31819722
LSTM,mean,14,2,2023-01-03,2023-05-28,2023-02-24,2023-03-10,0.2169883425870813,0.3341421
LSTM,mean,14,2,2023-01-03,2023-05-28,2023-02-25,2023-03-11,0.215215170033589,0.34373412
LSTM,mean,14,2,2023-01-03,2023-05-28,2023-02-26,2023-03-12,0.2058382423762664,0.3516805
LSTM,mean,14,2,2023-01-03,2023-05-28,2023-02-27,2023-03-13,0.1993106439606515,0.35270837
LSTM,mean,14,2,2023-01-03,2023-05-28,2023-02-28,2023-03-14,0.1975855284583349,0.34784502
LSTM,mean,14,2,2023-01-03,2023-05-28,2023-03-01,2023-03-15,0.1990606570935392,0.33949298
LSTM,mean,14,2,2023-01-03,2023-05-28,2023-03-02,2023-03-16,0.2000091946509094,0.33203885
LSTM,mean,14,2,2023-01-03,2023-05-28,2023-03-03,2023-03-17,0.2025320011179665,0.3260701
LSTM,mean,14,2,2023-01-03,2023-05-28,2023-03-04,2023-03-18,0.2037812658531237,0.32230127
LSTM,mean,14,2,2023-01-03,2023-05-28,2023-03-05,2023-03-19,0.2048802431580118,0.32136405
LSTM,mean,14,2,2023-01-03,2023-05-28,2023-03-06,2023-03-20,0.2050100742044256,0.3218861
LSTM,mean,14,2,2023-01-03,2023-05-28,2023-03-07,2023-03-21,0.20515605661319,0.3228892
LSTM,mean,14,2,2023-01-03,2023-05-28,2023-03-08,2023-03-22,0.1996393680149394,0.32712168
LSTM,mean,14,2,2023-01-03,2023-05-28,2023-03-09,2023-03-23,0.1996084852361575,0.32899007
LSTM,mean,14,2,2023-01-03,2023-05-28,2023-03-10,2023-03-24,0.1925372653331389,0.33174393
LSTM,mean,14,2,2023-01-03,2023-05-28,2023-03-11,2023-03-25,0.1911493154612564,0.33125988
LSTM,mean,14,2,2023-01-03,2023-05-28,2023-03-12,2023-03-26,0.1912612418765003,0.3241677
LSTM,mean,14,2,2023-01-03,2023-05-28,2023-03-13,2023-03-27,0.1942429846533198,0.3153575
LSTM,mean,14,2,2023-01-03,2023-05-28,2023-03-14,2023-03-28,0.1980095067264458,0.30896905
LSTM,mean,14,2,2023-01-03,2023-05-28,2023-03-15,2023-03-29,0.1993849196174201,0.3064355
LSTM,mean,14,2,2023-01-03,2023-05-28,2023-03-16,2023-03-30,0.2006254415799821,0.30633718
LSTM,mean,14,2,2023-01-03,2023-05-28,2023-03-17,2023-03-31,0.2001610459489178,0.3092354
LSTM,mean,14,2,2023-01-03,2023-05-28,2023-03-18,2023-04-01,0.2035117491109951,0.31248787
LSTM,mean,14,2,2023-01-03,2023-05-28,2023-03-19,2023-04-02,0.2021482604243563,0.31521484
LSTM,mean,14,2,2023-01-03,2023-05-28,2023-03-20,2023-04-03,0.1991425083118616,0.31656325
LSTM,mean,14,2,2023-01-03,2023-05-28,2023-03-21,2023-04-04,0.1965323393654796,0.3171876
LSTM,mean,14,2,2023-01-03,2023-05-28,2023-03-22,2023-04-05,0.1948052179287985,0.31370214
LSTM,mean,14,2,2023-01-03,2023-05-28,2023-03-23,2023-04-06,0.1928996256175208,0.31183663
LSTM,mean,14,2,2023-01-03,2023-05-28,2023-03-24,2023-04-07,0.190665503767374,0.30690897
LSTM,mean,14,2,2023-01-03,2023-05-28,2023-03-25,2023-04-08,0.1924072097149573,0.30417755
LSTM,mean,14,2,2023-01-03,2023-05-28,2023-03-26,2023-04-09,0.194026729443456,0.30430427
LSTM,mean,14,2,2023-01-03,2023-05-28,2023-03-27,2023-04-10,0.1889120092655368,0.30867618
LSTM,mean,14,2,2023-01-03,2023-05-28,2023-03-28,2023-04-11,0.1835469660666913,0.3158724
LSTM,mean,14,2,2023-01-03,2023-05-28,2023-03-29,2023-04-12,0.1783861273351232,0.32231966
LSTM,mean,14,2,2023-01-03,2023-05-28,2023-03-30,2023-04-13,0.1747025223307695,0.3268095
LSTM,mean,14,2,2023-01-03,2023-05-28,2023-03-31,2023-04-14,0.173769788189239,0.32793984
LSTM,mean,14,2,2023-01-03,2023-05-28,2023-04-01,2023-04-15,0.1665119927747873,0.3297374
LSTM,mean,14,2,2023-01-03,2023-05-28,2023-04-02,2023-04-16,0.1644357413905339,0.3294802
LSTM,mean,14,2,2023-01-03,2023-05-28,2023-04-03,2023-04-17,0.161421260639573,0.3275085
LSTM,mean,14,2,2023-01-03,2023-05-28,2023-04-04,2023-04-18,0.1548281777829243,0.32530293
LSTM,mean,14,2,2023-01-03,2023-05-28,2023-04-05,2023-04-19,0.1484755790711171,0.32399815
LSTM,mean,14,2,2023-01-03,2023-05-28,2023-04-06,2023-04-20,0.1446082520627431,0.32323286
LSTM,mean,14,2,2023-01-03,2023-05-28,2023-04-07,2023-04-21,0.1425917962976612,0.32240197
LSTM,mean,14,2,2023-01-03,2023-05-28,2023-04-08,2023-04-22,0.1389443786113612,0.32376596
LSTM,mean,14,2,2023-01-03,2023-05-28,2023-04-09,2023-04-23,0.1357809938594377,0.3259372
LSTM,mean,14,2,2023-01-03,2023-05-28,2023-04-10,2023-04-24,0.1338884090041588,0.32362044
LSTM,mean,14,2,2023-01-03,2023-05-28,2023-04-11,2023-04-25,0.1280775575684503,0.31809044
LSTM,mean,14,2,2023-01-03,2023-05-28,2023-04-12,2023-04-26,0.1273915227921279,0.30973777
LSTM,mean,14,2,2023-01-03,2023-05-28,2023-04-13,2023-04-27,0.1269871034131445,0.29964542
LSTM,mean,14,2,2023-01-03,2023-05-28,2023-04-14,2023-04-28,0.1256518557462385,0.28917187
LSTM,mean,14,2,2023-01-03,2023-05-28,2023-04-15,2023-04-29,0.1240141554865668,0.27303866
LSTM,mean,14,2,2023-01-03,2023-05-28,2023-04-16,2023-04-30,0.1224140220995202,0.25570104
LSTM,mean,14,2,2023-01-03,2023-05-28,2023-04-17,2023-05-01,0.1224802339140271,0.23611647
LSTM,mean,14,2,2023-01-03,2023-05-28,2023-04-18,2023-05-02,0.1196830146112876,0.21182229
LSTM,mean,14,2,2023-01-03,2023-05-28,2023-04-19,2023-05-03,0.1192024739139915,0.1844778
LSTM,mean,14,2,2023-01-03,2023-05-28,2023-04-20,2023-05-04,0.1286931481019562,0.15948772
LSTM,mean,14,2,2023-01-03,2023-05-28,2023-04-21,2023-05-05,0.1272786149309375,0.14084221
LSTM,mean,14,2,2023-01-03,2023-05-28,2023-04-22,2023-05-06,0.1241053538790521,0.12748887
LSTM,mean,14,2,2023-01-03,2023-05-28,2023-04-23,2023-05-07,0.1223808632405713,0.11842118
LSTM,mean,14,2,2023-01-03,2023-05-28,2023-04-24,2023-05-08,0.1197423437104223,0.112570114
LSTM,mean,14,2,2023-01-03,2023-05-28,2023-04-25,2023-05-09,0.1190908569537292,0.1062053
LSTM,mean,14,2,2023-01-03,2023-05-28,2023-04-26,2023-05-10,0.1185085756327873,0.10223369
LSTM,mean,14,2,2023-01-03,2023-05-28,2023-04-27,2023-05-11,0.1167271467110576,0.10042235
LSTM,mean,14,2,2023-01-03,2023-05-28,2023-04-28,2023-05-12,0.1128729479342582,0.09922215
LSTM,mean,14,2,2023-01-03,2023-05-28,2023-04-29,2023-05-13,0.1137022798164215,0.097829185
LSTM,mean,14,2,2023-01-03,2023-05-28,2023-04-30,2023-05-14,0.1076914692549379,0.0962196
LSTM,mean,14,2,2023-01-03,2023-05-28,2023-05-01,2023-05-15,0.1000652268848204,0.09550807
LSTM,mean,14,2,2023-01-03,2023-05-28,2023-05-02,2023-05-16,0.0905866672767699,0.094029024
LSTM,mean,14,2,2023-01-03,2023-05-28,2023-05-03,2023-05-17,0.0875531359718868,0.09317496
LSTM,mean,14,2,2023-01-03,2023-05-28,2023-05-04,2023-05-18,0.0736988465866372,0.09820301
LSTM,mean,14,2,2023-01-03,2023-05-28,2023-05-05,2023-05-19,0.0723014308343572,0.10122596
LSTM,mean,14,2,2023-01-03,2023-05-28,2023-05-06,2023-05-20,0.0713169482830169,0.10066113
LSTM,mean,14,2,2023-01-03,2023-05-28,2023-05-07,2023-05-21,0.0694855744640337,0.09885515
LSTM,mean,14,2,2023-01-03,2023-05-28,2023-05-08,2023-05-22,0.0675707312000674,0.09658409
LSTM,mean,14,2,2023-01-03,2023-05-28,2023-05-09,2023-05-23,0.0591756938671026,0.09549783
LSTM,mean,14,2,2023-01-03,2023-05-28,2023-05-10,2023-05-24,0.0520958984908228,0.09544873
LSTM,mean,14,2,2023-01-03,2023-05-28,2023-05-11,2023-05-25,0.047670919141119,0.09520354
LSTM,mean,14,2,2023-01-03,2023-05-28,2023-05-12,2023-05-26,0.0465812555635094,0.09345038
LSTM,mean,14,2,2023-01-03,2023-05-28,2023-05-13,2023-05-27,0.0444713520601366,0.09319625
LSTM,mean,14,2,2023-01-03,2023-05-28,2023-05-14,2023-05-28,0.0440743239205037,0.09066203
LSTM,mean,28,2,2023-01-03,2023-05-28,2022-12-07,2023-01-04,0.1311999847568459,0.10977419
LSTM,mean,28,2,2023-01-03,2023-05-28,2022-12-08,2023-01-05,0.1330579187921908,0.11427073
LSTM,mean,28,2,2023-01-03,2023-05-28,2022-12-09,2023-01-06,0.1339535323328014,0.1185702
LSTM,mean,28,2,2023-01-03,2023-05-28,2022-12-10,2023-01-07,0.1379395589738307,0.123287335
LSTM,mean,28,2,2023-01-03,2023-05-28,2022-12-11,2023-01-08,0.1375773403203754,0.12755108
LSTM,mean,28,2,2023-01-03,2023-05-28,2022-12-12,2023-01-09,0.137538932359555,0.1295262
LSTM,mean,28,2,2023-01-03,2023-05-28,2022-12-13,2023-01-10,0.1349375330984866,0.13020976
LSTM,mean,28,2,2023-01-03,2023-05-28,2022-12-14,2023-01-11,0.1287347317879365,0.12923878
LSTM,mean,28,2,2023-01-03,2023-05-28,2022-12-15,2023-01-12,0.1264393592659615,0.12752666
LSTM,mean,28,2,2023-01-03,2023-05-28,2022-12-16,2023-01-13,0.1247556962765151,0.12513974
LSTM,mean,28,2,2023-01-03,2023-05-28,2022-12-17,2023-01-14,0.1233485459692372,0.12203405
LSTM,mean,28,2,2023-01-03,2023-05-28,2022-12-18,2023-01-15,0.1217253532195343,0.11848056
LSTM,mean,28,2,2023-01-03,2023-05-28,2022-12-19,2023-01-16,0.1210887825476346,0.11924507
LSTM,mean,28,2,2023-01-03,2023-05-28,2022-12-20,2023-01-17,0.0953320120320738,0.118086
LSTM,mean,28,2,2023-01-03,2023-05-28,2022-12-21,2023-01-18,0.0908039095473847,0.12130899
LSTM,mean,28,2,2023-01-03,2023-05-28,2022-12-22,2023-01-19,0.0893327707888696,0.12747693
LSTM,mean,28,2,2023-01-03,2023-05-28,2022-12-23,2023-01-20,0.0894234947414365,0.13553688
LSTM,mean,28,2,2023-01-03,2023-05-28,2022-12-24,2023-01-21,0.0870960249823614,0.1457288
LSTM,mean,28,2,2023-01-03,2023-05-28,2022-12-25,2023-01-22,0.0895644252926462,0.15861309
LSTM,mean,28,2,2023-01-03,2023-05-28,2022-12-26,2023-01-23,0.0916887888459926,0.16795613
LSTM,mean,28,2,2023-01-03,2023-05-28,2022-12-27,2023-01-24,0.097135159477308,0.17855299
LSTM,mean,28,2,2023-01-03,2023-05-28,2022-12-28,2023-01-25,0.1036231152766641,0.18972965
LSTM,mean,28,2,2023-01-03,2023-05-28,2022-12-29,2023-01-26,0.1078384182666037,0.19973572
LSTM,mean,28,2,2023-01-03,2023-05-28,2022-12-30,2023-01-27,0.1107605949713898,0.20709716
LSTM,mean,28,2,2023-01-03,2023-05-28,2022-12-31,2023-01-28,0.113507044387699,0.21190247
LSTM,mean,28,2,2023-01-03,2023-05-28,2023-01-01,2023-01-29,0.1164746434112017,0.21827477
LSTM,mean,28,2,2023-01-03,2023-05-28,2023-01-02,2023-01-30,0.1178060767081095,0.21882553
LSTM,mean,28,2,2023-01-03,2023-05-28,2023-01-03,2023-01-31,0.1233928136144765,0.23407702
LSTM,mean,28,2,2023-01-03,2023-05-28,2023-01-04,2023-02-01,0.1253973695828701,0.24554741
LSTM,mean,28,2,2023-01-03,2023-05-28,2023-01-05,2023-02-02,0.1262597534112328,0.24656723
LSTM,mean,28,2,2023-01-03,2023-05-28,2023-01-06,2023-02-03,0.127101571321209,0.22938433
LSTM,mean,28,2,2023-01-03,2023-05-28,2023-01-07,2023-02-04,0.1281238419664619,0.18873738
LSTM,mean,28,2,2023-01-03,2023-05-28,2023-01-08,2023-02-05,0.1282657073362935,0.14889777
LSTM,mean,28,2,2023-01-03,2023-05-28,2023-01-09,2023-02-06,0.1299448878493307,0.13276304
LSTM,mean,28,2,2023-01-03,2023-05-28,2023-01-10,2023-02-07,0.137900947961438,0.12568364
LSTM,mean,28,2,2023-01-03,2023-05-28,2023-01-11,2023-02-08,0.1404204231950712,0.12116958
LSTM,mean,28,2,2023-01-03,2023-05-28,2023-01-12,2023-02-09,0.1424352518482325,0.12295455
LSTM,mean,28,2,2023-01-03,2023-05-28,2023-01-13,2023-02-10,0.1437487005190189,0.1393044
LSTM,mean,28,2,2023-01-03,2023-05-28,2023-01-14,2023-02-11,0.1468850460915114,0.15520592
LSTM,mean,28,2,2023-01-03,2023-05-28,2023-01-15,2023-02-12,0.1498234657461798,0.1498891
LSTM,mean,28,2,2023-01-03,2023-05-28,2023-01-16,2023-02-13,0.1579249749947853,0.13483153
LSTM,mean,28,2,2023-01-03,2023-05-28,2023-01-17,2023-02-14,0.1647730810427527,0.10199027
LSTM,mean,28,2,2023-01-03,2023-05-28,2023-01-18,2023-02-15,0.1680203867716239,0.078341775
LSTM,mean,28,2,2023-01-03,2023-05-28,2023-01-19,2023-02-16,0.1709347309856881,0.06961045
LSTM,mean,28,2,2023-01-03,2023-05-28,2023-01-20,2023-02-17,0.173177491366099,0.06990527
LSTM,mean,28,2,2023-01-03,2023-05-28,2023-01-21,2023-02-18,0.1772144109132241,0.07179858
LSTM,mean,28,2,2023-01-03,2023-05-28,2023-01-22,2023-02-19,0.1797946775138651,0.07511051
LSTM,mean,28,2,2023-01-03,2023-05-28,2023-01-23,2023-02-20,0.1854730201159898,0.07715452
LSTM,mean,28,2,2023-01-03,2023-05-28,2023-01-24,2023-02-21,0.1893787777121548,0.08009509
LSTM,mean,28,2,2023-01-03,2023-05-28,2023-01-25,2023-02-22,0.1914460965345308,0.08347966
LSTM,mean,28,2,2023-01-03,2023-05-28,2023-01-26,2023-02-23,0.1942371433384163,0.086258575
LSTM,mean,28,2,2023-01-03,2023-05-28,2023-01-27,2023-02-24,0.1990127370265422,0.08843524
LSTM,mean,28,2,2023-01-03,2023-05-28,2023-01-28,2023-02-25,0.2044298371385272,0.09040446
LSTM,mean,28,2,2023-01-03,2023-05-28,2023-01-29,2023-02-26,0.2148272730341335,0.09237987
LSTM,mean,28,2,2023-01-03,2023-05-28,2023-01-30,2023-02-27,0.2168971681216316,0.09390638
LSTM,mean,28,2,2023-01-03,2023-05-28,2023-01-31,2023-02-28,0.2159722952677766,0.09671709
LSTM,mean,28,2,2023-01-03,2023-05-28,2023-02-01,2023-03-01,0.2121516685989683,0.0989421
LSTM,mean,28,2,2023-01-03,2023-05-28,2023-02-02,2023-03-02,0.2104997360140151,0.10088729
LSTM,mean,28,2,2023-01-03,2023-05-28,2023-02-03,2023-03-03,0.2082040514940439,0.10308606
LSTM,mean,28,2,2023-01-03,2023-05-28,2023-02-04,2023-03-04,0.2069481567898155,0.106524
LSTM,mean,28,2,2023-01-03,2023-05-28,2023-02-05,2023-03-05,0.2076813650287233,0.11368814
LSTM,mean,28,2,2023-01-03,2023-05-28,2023-02-06,2023-03-06,0.2078623230901161,0.11694988
LSTM,mean,28,2,2023-01-03,2023-05-28,2023-02-07,2023-03-07,0.2077348154484783,0.13255821
LSTM,mean,28,2,2023-01-03,2023-05-28,2023-02-08,2023-03-08,0.2133368963791936,0.14783578
LSTM,mean,28,2,2023-01-03,2023-05-28,2023-02-09,2023-03-09,0.2127998980973717,0.15063852
LSTM,mean,28,2,2023-01-03,2023-05-28,2023-02-10,2023-03-10,0.2169883425870813,0.14517061
LSTM,mean,28,2,2023-01-03,2023-05-28,2023-02-11,2023-03-11,0.215215170033589,0.14298297
LSTM,mean,28,2,2023-01-03,2023-05-28,2023-02-12,2023-03-12,0.2058382423762664,0.14350288
LSTM,mean,28,2,2023-01-03,2023-05-28,2023-02-13,2023-03-13,0.1993106439606515,0.15254384
LSTM,mean,28,2,2023-01-03,2023-05-28,2023-02-14,2023-03-14,0.1975855284583349,0.17003527
LSTM,mean,28,2,2023-01-03,2023-05-28,2023-02-15,2023-03-15,0.1990606570935392,0.19171803
LSTM,mean,28,2,2023-01-03,2023-05-28,2023-02-16,2023-03-16,0.2000091946509094,0.21396288
LSTM,mean,28,2,2023-01-03,2023-05-28,2023-02-17,2023-03-17,0.2025320011179665,0.2331044
LSTM,mean,28,2,2023-01-03,2023-05-28,2023-02-18,2023-03-18,0.2037812658531237,0.24896193
LSTM,mean,28,2,2023-01-03,2023-05-28,2023-02-19,2023-03-19,0.2048802431580118,0.26094234
LSTM,mean,28,2,2023-01-03,2023-05-28,2023-02-20,2023-03-20,0.2050100742044256,0.271176
LSTM,mean,28,2,2023-01-03,2023-05-28,2023-02-21,2023-03-21,0.20515605661319,0.2788233
LSTM,mean,28,2,2023-01-03,2023-05-28,2023-02-22,2023-03-22,0.1996393680149394,0.28368288
LSTM,mean,28,2,2023-01-03,2023-05-28,2023-02-23,2023-03-23,0.1996084852361575,0.28690538
LSTM,mean,28,2,2023-01-03,2023-05-28,2023-02-24,2023-03-24,0.1925372653331389,0.29015172
LSTM,mean,28,2,2023-01-03,2023-05-28,2023-02-25,2023-03-25,0.1911493154612564,0.29433727
LSTM,mean,28,2,2023-01-03,2023-05-28,2023-02-26,2023-03-26,0.1912612418765003,0.30158597
LSTM,mean,28,2,2023-01-03,2023-05-28,2023-02-27,2023-03-27,0.1942429846533198,0.3056346
LSTM,mean,28,2,2023-01-03,2023-05-28,2023-02-28,2023-03-28,0.1980095067264458,0.30549258
LSTM,mean,28,2,2023-01-03,2023-05-28,2023-03-01,2023-03-29,0.1993849196174201,0.30036178
LSTM,mean,28,2,2023-01-03,2023-05-28,2023-03-02,2023-03-30,0.2006254415799821,0.29262146
LSTM,mean,28,2,2023-01-03,2023-05-28,2023-03-03,2023-03-31,0.2001610459489178,0.2829987
LSTM,mean,28,2,2023-01-03,2023-05-28,2023-03-04,2023-04-01,0.2035117491109951,0.27364278
LSTM,mean,28,2,2023-01-03,2023-05-28,2023-03-05,2023-04-02,0.2021482604243563,0.2648645
LSTM,mean,28,2,2023-01-03,2023-05-28,2023-03-06,2023-04-03,0.1991425083118616,0.2558501
LSTM,mean,28,2,2023-01-03,2023-05-28,2023-03-07,2023-04-04,0.1965323393654796,0.24643008
LSTM,mean,28,2,2023-01-03,2023-05-28,2023-03-08,2023-04-05,0.1948052179287985,0.23916018
LSTM,mean,28,2,2023-01-03,2023-05-28,2023-03-09,2023-04-06,0.1928996256175208,0.2304864
LSTM,mean,28,2,2023-01-03,2023-05-28,2023-03-10,2023-04-07,0.190665503767374,0.22277942
LSTM,mean,28,2,2023-01-03,2023-05-28,2023-03-11,2023-04-08,0.1924072097149573,0.21363729
LSTM,mean,28,2,2023-01-03,2023-05-28,2023-03-12,2023-04-09,0.194026729443456,0.19859415
LSTM,mean,28,2,2023-01-03,2023-05-28,2023-03-13,2023-04-10,0.1889120092655368,0.18020257
LSTM,mean,28,2,2023-01-03,2023-05-28,2023-03-14,2023-04-11,0.1835469660666913,0.16342978
LSTM,mean,28,2,2023-01-03,2023-05-28,2023-03-15,2023-04-12,0.1783861273351232,0.15222628
LSTM,mean,28,2,2023-01-03,2023-05-28,2023-03-16,2023-04-13,0.1747025223307695,0.14673406
LSTM,mean,28,2,2023-01-03,2023-05-28,2023-03-17,2023-04-14,0.173769788189239,0.14711675
LSTM,mean,28,2,2023-01-03,2023-05-28,2023-03-18,2023-04-15,0.1665119927747873,0.15010293
LSTM,mean,28,2,2023-01-03,2023-05-28,2023-03-19,2023-04-16,0.1644357413905339,0.15393311
LSTM,mean,28,2,2023-01-03,2023-05-28,2023-03-20,2023-04-17,0.161421260639573,0.15696248
LSTM,mean,28,2,2023-01-03,2023-05-28,2023-03-21,2023-04-18,0.1548281777829243,0.15900819
LSTM,mean,28,2,2023-01-03,2023-05-28,2023-03-22,2023-04-19,0.1484755790711171,0.15664881
LSTM,mean,28,2,2023-01-03,2023-05-28,2023-03-23,2023-04-20,0.1446082520627431,0.15383244
LSTM,mean,28,2,2023-01-03,2023-05-28,2023-03-24,2023-04-21,0.1425917962976612,0.1471078
LSTM,mean,28,2,2023-01-03,2023-05-28,2023-03-25,2023-04-22,0.1389443786113612,0.14105357
LSTM,mean,28,2,2023-01-03,2023-05-28,2023-03-26,2023-04-23,0.1357809938594377,0.13741235
LSTM,mean,28,2,2023-01-03,2023-05-28,2023-03-27,2023-04-24,0.1338884090041588,0.13837744
LSTM,mean,28,2,2023-01-03,2023-05-28,2023-03-28,2023-04-25,0.1280775575684503,0.14348663
LSTM,mean,28,2,2023-01-03,2023-05-28,2023-03-29,2023-04-26,0.1273915227921279,0.15134503
LSTM,mean,28,2,2023-01-03,2023-05-28,2023-03-30,2023-04-27,0.1269871034131445,0.1606158
LSTM,mean,28,2,2023-01-03,2023-05-28,2023-03-31,2023-04-28,0.1256518557462385,0.1660207
LSTM,mean,28,2,2023-01-03,2023-05-28,2023-04-01,2023-04-29,0.1240141554865668,0.1687493
LSTM,mean,28,2,2023-01-03,2023-05-28,2023-04-02,2023-04-30,0.1224140220995202,0.16854033
LSTM,mean,28,2,2023-01-03,2023-05-28,2023-04-03,2023-05-01,0.1224802339140271,0.16663346
LSTM,mean,28,2,2023-01-03,2023-05-28,2023-04-04,2023-05-02,0.1196830146112876,0.16418652
LSTM,mean,28,2,2023-01-03,2023-05-28,2023-04-05,2023-05-03,0.1192024739139915,0.16253932
LSTM,mean,28,2,2023-01-03,2023-05-28,2023-04-06,2023-05-04,0.1286931481019562,0.16187693
LSTM,mean,28,2,2023-01-03,2023-05-28,2023-04-07,2023-05-05,0.1272786149309375,0.16230923
LSTM,mean,28,2,2023-01-03,2023-05-28,2023-04-08,2023-05-06,0.1241053538790521,0.16610476
LSTM,mean,28,2,2023-01-03,2023-05-28,2023-04-09,2023-05-07,0.1223808632405713,0.17179392
LSTM,mean,28,2,2023-01-03,2023-05-28,2023-04-10,2023-05-08,0.1197423437104223,0.17269856
LSTM,mean,28,2,2023-01-03,2023-05-28,2023-04-11,2023-05-09,0.1190908569537292,0.16774832
LSTM,mean,28,2,2023-01-03,2023-05-28,2023-04-12,2023-05-10,0.1185085756327873,0.15575698
LSTM,mean,28,2,2023-01-03,2023-05-28,2023-04-13,2023-05-11,0.1167271467110576,0.1413672
LSTM,mean,28,2,2023-01-03,2023-05-28,2023-04-14,2023-05-12,0.1128729479342582,0.13018368
LSTM,mean,28,2,2023-01-03,2023-05-28,2023-04-15,2023-05-13,0.1137022798164215,0.119635835
LSTM,mean,28,2,2023-01-03,2023-05-28,2023-04-16,2023-05-14,0.1076914692549379,0.11294449
LSTM,mean,28,2,2023-01-03,2023-05-28,2023-04-17,2023-05-15,0.1000652268848204,0.10813441
LSTM,mean,28,2,2023-01-03,2023-05-28,2023-04-18,2023-05-16,0.0905866672767699,0.10292297
LSTM,mean,28,2,2023-01-03,2023-05-28,2023-04-19,2023-05-17,0.0875531359718868,0.09809953
LSTM,mean,28,2,2023-01-03,2023-05-28,2023-04-20,2023-05-18,0.0736988465866372,0.09500497
LSTM,mean,28,2,2023-01-03,2023-05-28,2023-04-21,2023-05-19,0.0723014308343572,0.09343095
LSTM,mean,28,2,2023-01-03,2023-05-28,2023-04-22,2023-05-20,0.0713169482830169,0.09173149
LSTM,mean,28,2,2023-01-03,2023-05-28,2023-04-23,2023-05-21,0.0694855744640337,0.09027459
LSTM,mean,28,2,2023-01-03,2023-05-28,2023-04-24,2023-05-22,0.0675707312000674,0.089527056
LSTM,mean,28,2,2023-01-03,2023-05-28,2023-04-25,2023-05-23,0.0591756938671026,0.08763165
LSTM,mean,28,2,2023-01-03,2023-05-28,2023-04-26,2023-05-24,0.0520958984908228,0.087539434
LSTM,mean,28,2,2023-01-03,2023-05-28,2023-04-27,2023-05-25,0.047670919141119,0.088278316
LSTM,mean,28,2,2023-01-03,2023-05-28,2023-04-28,2023-05-26,0.0465812555635094,0.08888877
LSTM,mean,28,2,2023-01-03,2023-05-28,2023-04-29,2023-05-27,0.0444713520601366,0.089124344
LSTM,mean,28,2,2023-01-03,2023-05-28,2023-04-30,2023-05-28,0.0440743239205037,0.08914466
LSTM,variance,14,2,2023-01-03,2023-05-28,2022-12-21,2023-01-04,0.0141082188873635,0.001693184
LSTM,variance,14,2,2023-01-03,2023-05-28,2022-12-22,2023-01-05,0.0139770940856343,0.0016334873
LSTM,variance,14,2,2023-01-03,2023-05-28,2022-12-23,2023-01-06,0.0138563376484333,0.0015733237
LSTM,variance,14,2,2023-01-03,2023-05-28,2022-12-24,2023-01-07,0.0135404259951623,0.0015195038
LSTM,variance,14,2,2023-01-03,2023-05-28,2022-12-25,2023-01-08,0.0135841170632388,0.0014618651
LSTM,variance,14,2,2023-01-03,2023-05-28,2022-12-26,2023-01-09,0.013587622833462,0.0014044982
LSTM,variance,14,2,2023-01-03,2023-05-28,2022-12-27,2023-01-10,0.0135873713792715,0.0014600257
LSTM,variance,14,2,2023-01-03,2023-05-28,2022-12-28,2023-01-11,0.0140541985596579,0.0016019046
LSTM,variance,14,2,2023-01-03,2023-05-28,2022-12-29,2023-01-12,0.0144171185903646,0.001732579
LSTM,variance,14,2,2023-01-03,2023-05-28,2022-12-30,2023-01-13,0.0146648737583865,0.0017811814
LSTM,variance,14,2,2023-01-03,2023-05-28,2022-12-31,2023-01-14,0.0148470892972137,0.0017443422
LSTM,variance,14,2,2023-01-03,2023-05-28,2023-01-01,2023-01-15,0.0149755361944887,0.0016470901
LSTM,variance,14,2,2023-01-03,2023-05-28,2023-01-02,2023-01-16,0.0149984797636208,0.0015421326
LSTM,variance,14,2,2023-01-03,2023-05-28,2023-01-03,2023-01-17,0.0020903708086573,0.0068367315
LSTM,variance,14,2,2023-01-03,2023-05-28,2023-01-04,2023-01-18,0.001361984394026,0.010146399
LSTM,variance,14,2,2023-01-03,2023-05-28,2023-01-05,2023-01-19,0.0013239581445218,0.011033681
LSTM,variance,14,2,2023-01-03,2023-05-28,2023-01-06,2023-01-20,0.0013216976680049,0.01089686
LSTM,variance,14,2,2023-01-03,2023-05-28,2023-01-07,2023-01-21,0.0012089057894027,0.010626863
LSTM,variance,14,2,2023-01-03,2023-05-28,2023-01-08,2023-01-22,0.0012523368697202,0.010512409
LSTM,variance,14,2,2023-01-03,2023-05-28,2023-01-09,2023-01-23,0.0013399794196054,0.01057173
LSTM,variance,14,2,2023-01-03,2023-05-28,2023-01-10,2023-01-24,0.0020647682723503,0.0106358435
LSTM,variance,14,2,2023-01-03,2023-05-28,2023-01-11,2023-01-25,0.0020439554176754,0.0107947765
LSTM,variance,14,2,2023-01-03,2023-05-28,2023-01-12,2023-01-26,0.0016979308079574,0.010999372
LSTM,variance,14,2,2023-01-03,2023-05-28,2023-01-13,2023-01-27,0.0014250694486787,0.011256587
LSTM,variance,14,2,2023-01-03,2023-05-28,2023-01-14,2023-01-28,0.0011953841768856,0.011577002
LSTM,variance,14,2,2023-01-03,2023-05-28,2023-01-15,2023-01-29,0.0010689359961598,0.011989581
LSTM,variance,14,2,2023-01-03,2023-05-28,2023-01-16,2023-01-30,0.0010471321364303,0.0125887375
LSTM,variance,14,2,2023-01-03,2023-05-28,2023-01-17,2023-01-31,0.0019989325845159,0.009417424
LSTM,variance,14,2,2023-01-03,2023-05-28,2023-01-18,2023-02-01,0.0021098605951646,0.0051102047
LSTM,variance,14,2,2023-01-03,2023-05-28,2023-01-19,2023-02-02,0.002057814012241,0.0017623561
LSTM,variance,14,2,2023-01-03,2023-05-28,2023-01-20,2023-02-03,0.0019810401922403,0.0009042818
LSTM,variance,14,2,2023-01-03,2023-05-28,2023-01-21,2023-02-04,0.0019238161167338,0.0009772072
LSTM,variance,14,2,2023-01-03,2023-05-28,2023-01-22,2023-02-05,0.0019197144337747,0.0008208637
LSTM,variance,14,2,2023-01-03,2023-05-28,2023-01-23,2023-02-06,0.0019461186589367,0.0006489143
LSTM,variance,14,2,2023-01-03,2023-05-28,2023-01-24,2023-02-07,0.00393548633873,0.00069142616
LSTM,variance,14,2,2023-01-03,2023-05-28,2023-01-25,2023-02-08,0.0040591092652399,0.0007411006
LSTM,variance,14,2,2023-01-03,2023-05-28,2023-01-26,2023-02-09,0.0039280597674067,0.00072514726
LSTM,variance,14,2,2023-01-03,2023-05-28,2023-01-27,2023-02-10,0.0037936944323951,0.000680132
LSTM,variance,14,2,2023-01-03,2023-05-28,2023-01-28,2023-02-11,0.0035854202665136,0.0006326063
LSTM,variance,14,2,2023-01-03,2023-05-28,2023-01-29,2023-02-12,0.0035107119506071,0.0005965537
LSTM,variance,14,2,2023-01-03,2023-05-28,2023-01-30,2023-02-13,0.003889250385014,0.0005795289
LSTM,variance,14,2,2023-01-03,2023-05-28,2023-01-31,2023-02-14,0.0057387779981808,0.00069388776
LSTM,variance,14,2,2023-01-03,2023-05-28,2023-02-01,2023-02-15,0.005881837355311,0.0007800042
LSTM,variance,14,2,2023-01-03,2023-05-28,2023-02-02,2023-02-16,0.0055979109253871,0.0008345133
LSTM,variance,14,2,2023-01-03,2023-05-28,2023-02-03,2023-02-17,0.0052784839438533,0.00090471806
LSTM,variance,14,2,2023-01-03,2023-05-28,2023-02-04,2023-02-18,0.0049467000667631,0.0013108454
LSTM,variance,14,2,2023-01-03,2023-05-28,2023-02-05,2023-02-19,0.0046983993796417,0.0049376786
LSTM,variance,14,2,2023-01-03,2023-05-28,2023-02-06,2023-02-20,0.0047629111253543,0.0047987774
LSTM,variance,14,2,2023-01-03,2023-05-28,2023-02-07,2023-02-21,0.005987939685225,0.0055035376
LSTM,variance,14,2,2023-01-03,2023-05-28,2023-02-08,2023-02-22,0.0060041335885492,0.006197554
LSTM,variance,14,2,2023-01-03,2023-05-28,2023-02-09,2023-02-23,0.0057157568679018,0.0066580833
LSTM,variance,14,2,2023-01-03,2023-05-28,2023-02-10,2023-02-24,0.005114999636304,0.006841777
LSTM,variance,14,2,2023-01-03,2023-05-28,2023-02-11,2023-02-25,0.0047957513714922,0.006771866
LSTM,variance,14,2,2023-01-03,2023-05-28,2023-02-12,2023-02-26,0.0052497408152186,0.0065665664
LSTM,variance,14,2,2023-01-03,2023-05-28,2023-02-13,2023-02-27,0.0053875240005245,0.006579291
LSTM,variance,14,2,2023-01-03,2023-05-28,2023-02-14,2023-02-28,0.0051648731569177,0.007487041
LSTM,variance,14,2,2023-01-03,2023-05-28,2023-02-15,2023-03-01,0.0054218207742886,0.00836212
LSTM,variance,14,2,2023-01-03,2023-05-28,2023-02-16,2023-03-02,0.0057002126468768,0.00901472
LSTM,variance,14,2,2023-01-03,2023-05-28,2023-02-17,2023-03-03,0.0062134201043794,0.009361247
LSTM,variance,14,2,2023-01-03,2023-05-28,2023-02-18,2023-03-04,0.0063515684707936,0.009362846
LSTM,variance,14,2,2023-01-03,2023-05-28,2023-02-19,2023-03-05,0.0062721426605788,0.009118879
LSTM,variance,14,2,2023-01-03,2023-05-28,2023-02-20,2023-03-06,0.0062803867240203,0.009047663
LSTM,variance,14,2,2023-01-03,2023-05-28,2023-02-21,2023-03-07,0.0062387259438642,0.009456098
LSTM,variance,14,2,2023-01-03,2023-05-28,2023-02-22,2023-03-08,0.0066875730138241,0.0096854195
LSTM,variance,14,2,2023-01-03,2023-05-28,2023-02-23,2023-03-09,0.0067482019004228,0.009639618
LSTM,variance,14,2,2023-01-03,2023-05-28,2023-02-24,2023-03-10,0.0066225641407358,0.009064086
LSTM,variance,14,2,2023-01-03,2023-05-28,2023-02-25,2023-03-11,0.0066845676019027,0.007864095
LSTM,variance,14,2,2023-01-03,2023-05-28,2023-02-26,2023-03-12,0.0061490021170651,0.0062398547
LSTM,variance,14,2,2023-01-03,2023-05-28,2023-02-27,2023-03-13,0.0059663816043169,0.006267344
LSTM,variance,14,2,2023-01-03,2023-05-28,2023-02-28,2023-03-14,0.0055531758981194,0.006155544
LSTM,variance,14,2,2023-01-03,2023-05-28,2023-03-01,2023-03-15,0.0054518102375447,0.0056772684
LSTM,variance,14,2,2023-01-03,2023-05-28,2023-03-02,2023-03-16,0.0053059873149789,0.0046432237
LSTM,variance,14,2,2023-01-03,2023-05-28,2023-03-03,2023-03-17,0.004794556518478,0.003453955
LSTM,variance,14,2,2023-01-03,2023-05-28,2023-03-04,2023-03-18,0.0046689041484329,0.0030061733
LSTM,variance,14,2,2023-01-03,2023-05-28,2023-03-05,2023-03-19,0.0045872769601949,0.002903157
LSTM,variance,14,2,2023-01-03,2023-05-28,2023-03-06,2023-03-20,0.0045945905840992,0.003064555
LSTM,variance,14,2,2023-01-03,2023-05-28,2023-03-07,2023-03-21,0.0046431821360749,0.0033052573
LSTM,variance,14,2,2023-01-03,2023-05-28,2023-03-08,2023-03-22,0.00409737612224,0.0037201701
LSTM,variance,14,2,2023-01-03,2023-05-28,2023-03-09,2023-03-23,0.0041002330230521,0.0039068274
LSTM,variance,14,2,2023-01-03,2023-05-28,2023-03-10,2023-03-24,0.0043330288842706,0.0036562968
LSTM,variance,14,2,2023-01-03,2023-05-28,2023-03-11,2023-03-25,0.0043751927531558,0.003314514
LSTM,variance,14,2,2023-01-03,2023-05-28,2023-03-12,2023-03-26,0.0043706085731785,0.0030115545
LSTM,variance,14,2,2023-01-03,2023-05-28,2023-03-13,2023-03-27,0.0043577032082431,0.0031231008
LSTM,variance,14,2,2023-01-03,2023-05-28,2023-03-14,2023-03-28,0.0053946362226639,0.0032979737
LSTM,variance,14,2,2023-01-03,2023-05-28,2023-03-15,2023-03-29,0.0053581260368185,0.003388209
LSTM,variance,14,2,2023-01-03,2023-05-28,2023-03-16,2023-03-30,0.0052071011114128,0.002998103
LSTM,variance,14,2,2023-01-03,2023-05-28,2023-03-17,2023-03-31,0.0052859549198273,0.0024409182
LSTM,variance,14,2,2023-01-03,2023-05-28,2023-03-18,2023-04-01,0.0051908481868965,0.0021396254
LSTM,variance,14,2,2023-01-03,2023-05-28,2023-03-19,2023-04-02,0.0052931524122088,0.0019277533
LSTM,variance,14,2,2023-01-03,2023-05-28,2023-03-20,2023-04-03,0.0052263259210556,0.0017999519
LSTM,variance,14,2,2023-01-03,2023-05-28,2023-03-21,2023-04-04,0.0044137474373515,0.0017285474
LSTM,variance,14,2,2023-01-03,2023-05-28,2023-03-22,2023-04-05,0.0044064659384464,0.0015791063
LSTM,variance,14,2,2023-01-03,2023-05-28,2023-03-23,2023-04-06,0.0046146958147279,0.0015144489
LSTM,variance,14,2,2023-01-03,2023-05-28,2023-03-24,2023-04-07,0.0049810400808238,0.0015336795
LSTM,variance,14,2,2023-01-03,2023-05-28,2023-03-25,2023-04-08,0.0053501180701735,0.0015438037
LSTM,variance,14,2,2023-01-03,2023-05-28,2023-03-26,2023-04-09,0.0057992957413206,0.0015389255
LSTM,variance,14,2,2023-01-03,2023-05-28,2023-03-27,2023-04-10,0.0059169476870371,0.0015443693
LSTM,variance,14,2,2023-01-03,2023-05-28,2023-03-28,2023-04-11,0.0043730890436018,0.0017892356
LSTM,variance,14,2,2023-01-03,2023-05-28,2023-03-29,2023-04-12,0.0045524710476137,0.0019838403
LSTM,variance,14,2,2023-01-03,2023-05-28,2023-03-30,2023-04-13,0.0049260342348142,0.0021158198
LSTM,variance,14,2,2023-01-03,2023-05-28,2023-03-31,2023-04-14,0.0050512415431764,0.0022868754
LSTM,variance,14,2,2023-01-03,2023-05-28,2023-04-01,2023-04-15,0.0050761769143109,0.00235742
LSTM,variance,14,2,2023-01-03,2023-05-28,2023-04-02,2023-04-16,0.0051644291508809,0.0024034437
LSTM,variance,14,2,2023-01-03,2023-05-28,2023-04-03,2023-04-17,0.0051058135883208,0.0024317815
LSTM,variance,14,2,2023-01-03,2023-05-28,2023-04-04,2023-04-18,0.0032872588661538,0.0022969353
LSTM,variance,14,2,2023-01-03,2023-05-28,2023-04-05,2023-04-19,0.0033459031789576,0.0023205902
LSTM,variance,14,2,2023-01-03,2023-05-28,2023-04-06,2023-04-20,0.0036831328247815,0.0023985878
LSTM,variance,14,2,2023-01-03,2023-05-28,2023-04-07,2023-04-21,0.0039281306889822,0.0026682022
LSTM,variance,14,2,2023-01-03,2023-05-28,2023-04-08,2023-04-22,0.0037737339900187,0.003187223
LSTM,variance,14,2,2023-01-03,2023-05-28,2023-04-09,2023-04-23,0.0036235448032591,0.0040802956
LSTM,variance,14,2,2023-01-03,2023-05-28,2023-04-10,2023-04-24,0.0036147587200516,0.0048111547
LSTM,variance,14,2,2023-01-03,2023-05-28,2023-04-11,2023-04-25,0.0021845736275248,0.003959519
LSTM,variance,14,2,2023-01-03,2023-05-28,2023-04-12,2023-04-26,0.0021823072033532,0.003161891
LSTM,variance,14,2,2023-01-03,2023-05-28,2023-04-13,2023-04-27,0.0022015211840759,0.002731091
LSTM,variance,14,2,2023-01-03,2023-05-28,2023-04-14,2023-04-28,0.0022836335141886,0.0024230485
LSTM,variance,14,2,2023-01-03,2023-05-28,2023-04-15,2023-04-29,0.0023234131488484,0.0022537876
LSTM,variance,14,2,2023-01-03,2023-05-28,2023-04-16,2023-04-30,0.002326447328988,0.0022387337
LSTM,variance,14,2,2023-01-03,2023-05-28,2023-04-17,2023-05-01,0.0023309780661241,0.0022665176
LSTM,variance,14,2,2023-01-03,2023-05-28,2023-04-18,2023-05-02,0.0017024424015982,0.0017722931
LSTM,variance,14,2,2023-01-03,2023-05-28,2023-04-19,2023-05-03,0.0017164164630458,0.0014572236
LSTM,variance,14,2,2023-01-03,2023-05-28,2023-04-20,2023-05-04,0.0022449985957085,0.0014040241
LSTM,variance,14,2,2023-01-03,2023-05-28,2023-04-21,2023-05-05,0.0024341170516002,0.0014916861
LSTM,variance,14,2,2023-01-03,2023-05-28,2023-04-22,2023-05-06,0.0027945078415877,0.0016290947
LSTM,variance,14,2,2023-01-03,2023-05-28,2023-04-23,2023-05-07,0.0029455216760229,0.0016897431
LSTM,variance,14,2,2023-01-03,2023-05-28,2023-04-24,2023-05-08,0.003035251408816,0.001560465
LSTM,variance,14,2,2023-01-03,2023-05-28,2023-04-25,2023-05-09,0.0029221512300719,0.0011940682
LSTM,variance,14,2,2023-01-03,2023-05-28,2023-04-26,2023-05-10,0.0029201565731909,0.0010551118
LSTM,variance,14,2,2023-01-03,2023-05-28,2023-04-27,2023-05-11,0.0030267759339044,0.0010190505
LSTM,variance,14,2,2023-01-03,2023-05-28,2023-04-28,2023-05-12,0.0034697226372409,0.0009886958
LSTM,variance,14,2,2023-01-03,2023-05-28,2023-04-29,2023-05-13,0.0037484346878876,0.0011244547
LSTM,variance,14,2,2023-01-03,2023-05-28,2023-04-30,2023-05-14,0.004251586410145,0.0014681036
LSTM,variance,14,2,2023-01-03,2023-05-28,2023-05-01,2023-05-15,0.004231232803245,0.001422763
LSTM,variance,14,2,2023-01-03,2023-05-28,2023-05-02,2023-05-16,0.0032271932945841,0.0012637443
LSTM,variance,14,2,2023-01-03,2023-05-28,2023-05-03,2023-05-17,0.003268011195866,0.0012779268
LSTM,variance,14,2,2023-01-03,2023-05-28,2023-05-04,2023-05-18,0.0019003479654947,0.0016345652
LSTM,variance,14,2,2023-01-03,2023-05-28,2023-05-05,2023-05-19,0.0019792890855835,0.0026801657
LSTM,variance,14,2,2023-01-03,2023-05-28,2023-05-06,2023-05-20,0.0020378595604303,0.0057752808
LSTM,variance,14,2,2023-01-03,2023-05-28,2023-05-07,2023-05-21,0.0020846462426385,0.006292444
LSTM,variance,14,2,2023-01-03,2023-05-28,2023-05-08,2023-05-22,0.0020604665173468,0.0064415527
LSTM,variance,14,2,2023-01-03,2023-05-28,2023-05-09,2023-05-23,0.0006504957334531,0.00632472
LSTM,variance,14,2,2023-01-03,2023-05-28,2023-05-10,2023-05-24,0.0004256219244893,0.0060602073
LSTM,variance,14,2,2023-01-03,2023-05-28,2023-05-11,2023-05-25,0.0004379478899304,0.005778375
LSTM,variance,14,2,2023-01-03,2023-05-28,2023-05-12,2023-05-26,0.0004845684561698,0.005721322
LSTM,variance,14,2,2023-01-03,2023-05-28,2023-05-13,2023-05-27,0.000509617658651,0.0058707166
LSTM,variance,14,2,2023-01-03,2023-05-28,2023-05-14,2023-05-28,0.0005216407194755,0.006386126
LSTM,variance,28,2,2023-01-03,2023-05-28,2022-12-07,2023-01-04,0.0141082188873635,0.0019337115
LSTM,variance,28,2,2023-01-03,2023-05-28,2022-12-08,2023-01-05,0.0139770940856343,0.0022400885
LSTM,variance,28,2,2023-01-03,2023-05-28,2022-12-09,2023-01-06,0.0138563376484333,0.0023637824
LSTM,variance,28,2,2023-01-03,2023-05-28,2022-12-10,2023-01-07,0.0135404259951623,0.0023169245
LSTM,variance,28,2,2023-01-03,2023-05-28,2022-12-11,2023-01-08,0.0135841170632388,0.00220315
LSTM,variance,28,2,2023-01-03,2023-05-28,2022-12-12,2023-01-09,0.013587622833462,0.0020946309
LSTM,variance,28,2,2023-01-03,2023-05-28,2022-12-13,2023-01-10,0.0135873713792715,0.0020779313
LSTM,variance,28,2,2023-01-03,2023-05-28,2022-12-14,2023-01-11,0.0140541985596579,0.0021170692
LSTM,variance,28,2,2023-01-03,2023-05-28,2022-12-15,2023-01-12,0.0144171185903646,0.0021525766
LSTM,variance,28,2,2023-01-03,2023-05-28,2022-12-16,2023-01-13,0.0146648737583865,0.002179968
LSTM,variance,28,2,2023-01-03,2023-05-28,2022-12-17,2023-01-14,0.0148470892972137,0.00220936
LSTM,variance,28,2,2023-01-03,2023-05-28,2022-12-18,2023-01-15,0.0149755361944887,0.0022279387
LSTM,variance,28,2,2023-01-03,2023-05-28,2022-12-19,2023-01-16,0.0149984797636208,0.002272211
LSTM,variance,28,2,2023-01-03,2023-05-28,2022-12-20,2023-01-17,0.0020903708086573,0.0019723997
LSTM,variance,28,2,2023-01-03,2023-05-28,2022-12-21,2023-01-18,0.001361984394026,0.0018823033
LSTM,variance,28,2,2023-01-03,2023-05-28,2022-12-22,2023-01-19,0.0013239581445218,0.0018341757
LSTM,variance,28,2,2023-01-03,2023-05-28,2022-12-23,2023-01-20,0.0013216976680049,0.0017855057
LSTM,variance,28,2,2023-01-03,2023-05-28,2022-12-24,2023-01-21,0.0012089057894027,0.0017375449
LSTM,variance,28,2,2023-01-03,2023-05-28,2022-12-25,2023-01-22,0.0012523368697202,0.0016806121
LSTM,variance,28,2,2023-01-03,2023-05-28,2022-12-26,2023-01-23,0.0013399794196054,0.0015985785
LSTM,variance,28,2,2023-01-03,2023-05-28,2022-12-27,2023-01-24,0.0020647682723503,0.0017171688
LSTM,variance,28,2,2023-01-03,2023-05-28,2022-12-28,2023-01-25,0.0020439554176754,0.0019735596
LSTM,variance,28,2,2023-01-03,2023-05-28,2022-12-29,2023-01-26,0.0016979308079574,0.0022064701
LSTM,variance,28,2,2023-01-03,2023-05-28,2022-12-30,2023-01-27,0.0014250694486787,0.0023174977
LSTM,variance,28,2,2023-01-03,2023-05-28,2022-12-31,2023-01-28,0.0011953841768856,0.0023118055
LSTM,variance,28,2,2023-01-03,2023-05-28,2023-01-01,2023-01-29,0.0010689359961598,0.0022255976
LSTM,variance,28,2,2023-01-03,2023-05-28,2023-01-02,2023-01-30,0.0010471321364303,0.0021274467
LSTM,variance,28,2,2023-01-03,2023-05-28,2023-01-03,2023-01-31,0.0019989325845159,0.01057252
LSTM,variance,28,2,2023-01-03,2023-05-28,2023-01-04,2023-02-01,0.0021098605951646,0.015184282
LSTM,variance,28,2,2023-01-03,2023-05-28,2023-01-05,2023-02-02,0.002057814012241,0.01712762
LSTM,variance,28,2,2023-01-03,2023-05-28,2023-01-06,2023-02-03,0.0019810401922403,0.017606663
LSTM,variance,28,2,2023-01-03,2023-05-28,2023-01-07,2023-02-04,0.0019238161167338,0.016927514
LSTM,variance,28,2,2023-01-03,2023-05-28,2023-01-08,2023-02-05,0.0019197144337747,0.015568868
LSTM,variance,28,2,2023-01-03,2023-05-28,2023-01-09,2023-02-06,0.0019461186589367,0.013678243
LSTM,variance,28,2,2023-01-03,2023-05-28,2023-01-10,2023-02-07,0.00393548633873,0.011508962
LSTM,variance,28,2,2023-01-03,2023-05-28,2023-01-11,2023-02-08,0.0040591092652399,0.009389981
LSTM,variance,28,2,2023-01-03,2023-05-28,2023-01-12,2023-02-09,0.0039280597674067,0.0077003534
LSTM,variance,28,2,2023-01-03,2023-05-28,2023-01-13,2023-02-10,0.0037936944323951,0.0066954
LSTM,variance,28,2,2023-01-03,2023-05-28,2023-01-14,2023-02-11,0.0035854202665136,0.0062251617
LSTM,variance,28,2,2023-01-03,2023-05-28,2023-01-15,2023-02-12,0.0035107119506071,0.0060311803
LSTM,variance,28,2,2023-01-03,2023-05-28,2023-01-16,2023-02-13,0.003889250385014,0.005937623
LSTM,variance,28,2,2023-01-03,2023-05-28,2023-01-17,2023-02-14,0.0057387779981808,0.0025375441
LSTM,variance,28,2,2023-01-03,2023-05-28,2023-01-18,2023-02-15,0.005881837355311,0.0011996055
LSTM,variance,28,2,2023-01-03,2023-05-28,2023-01-19,2023-02-16,0.0055979109253871,0.00028531524
LSTM,variance,28,2,2023-01-03,2023-05-28,2023-01-20,2023-02-17,0.0052784839438533,-0.0002740811
LSTM,variance,28,2,2023-01-03,2023-05-28,2023-01-21,2023-02-18,0.0049467000667631,-0.0005347173
LSTM,variance,28,2,2023-01-03,2023-05-28,2023-01-22,2023-02-19,0.0046983993796417,-0.00059191283
LSTM,variance,28,2,2023-01-03,2023-05-28,2023-01-23,2023-02-20,0.0047629111253543,-0.000577363
LSTM,variance,28,2,2023-01-03,2023-05-28,2023-01-24,2023-02-21,0.005987939685225,-0.00039756097
LSTM,variance,28,2,2023-01-03,2023-05-28,2023-01-25,2023-02-22,0.0060041335885492,-0.0002785717
LSTM,variance,28,2,2023-01-03,2023-05-28,2023-01-26,2023-02-23,0.0057157568679018,-0.00024374234
LSTM,variance,28,2,2023-01-03,2023-05-28,2023-01-27,2023-02-24,0.005114999636304,-0.00024111042
LSTM,variance,28,2,2023-01-03,2023-05-28,2023-01-28,2023-02-25,0.0047957513714922,-0.0002615299
LSTM,variance,28,2,2023-01-03,2023-05-28,2023-01-29,2023-02-26,0.0052497408152186,-0.00027688322
LSTM,variance,28,2,2023-01-03,2023-05-28,2023-01-30,2023-02-27,0.0053875240005245,-0.00026350617
LSTM,variance,28,2,2023-01-03,2023-05-28,2023-01-31,2023-02-28,0.0051648731569177,-4.1693882e-05
LSTM,variance,28,2,2023-01-03,2023-05-28,2023-02-01,2023-03-01,0.0054218207742886,0.00011537612
LSTM,variance,28,2,2023-01-03,2023-05-28,2023-02-02,2023-03-02,0.0057002126468768,0.00021732543
LSTM,variance,28,2,2023-01-03,2023-05-28,2023-02-03,2023-03-03,0.0062134201043794,0.00030833881
LSTM,variance,28,2,2023-01-03,2023-05-28,2023-02-04,2023-03-04,0.0063515684707936,0.0004342613
LSTM,variance,28,2,2023-01-03,2023-05-28,2023-02-05,2023-03-05,0.0062721426605788,0.0048044985
LSTM,variance,28,2,2023-01-03,2023-05-28,2023-02-06,2023-03-06,0.0062803867240203,0.0048099114
LSTM,variance,28,2,2023-01-03,2023-05-28,2023-02-07,2023-03-07,0.0062387259438642,0.0060830484
LSTM,variance,28,2,2023-01-03,2023-05-28,2023-02-08,2023-03-08,0.0066875730138241,0.007020606
LSTM,variance,28,2,2023-01-03,2023-05-28,2023-02-09,2023-03-09,0.0067482019004228,0.0075159078
LSTM,variance,28,2,2023-01-03,2023-05-28,2023-02-10,2023-03-10,0.0066225641407358,0.0076979683
LSTM,variance,28,2,2023-01-03,2023-05-28,2023-02-11,2023-03-11,0.0066845676019027,0.0076369196
LSTM,variance,28,2,2023-01-03,2023-05-28,2023-02-12,2023-03-12,0.0061490021170651,0.00750939
LSTM,variance,28,2,2023-01-03,2023-05-28,2023-02-13,2023-03-13,0.0059663816043169,0.007597418
LSTM,variance,28,2,2023-01-03,2023-05-28,2023-02-14,2023-03-14,0.0055531758981194,0.008677278
LSTM,variance,28,2,2023-01-03,2023-05-28,2023-02-15,2023-03-15,0.0054518102375447,0.009388877
LSTM,variance,28,2,2023-01-03,2023-05-28,2023-02-16,2023-03-16,0.0053059873149789,0.00975602
LSTM,variance,28,2,2023-01-03,2023-05-28,2023-02-17,2023-03-17,0.004794556518478,0.00982877
LSTM,variance,28,2,2023-01-03,2023-05-28,2023-02-18,2023-03-18,0.0046689041484329,0.009672679
LSTM,variance,28,2,2023-01-03,2023-05-28,2023-02-19,2023-03-19,0.0045872769601949,0.009407128
LSTM,variance,28,2,2023-01-03,2023-05-28,2023-02-20,2023-03-20,0.0045945905840992,0.009249008
LSTM,variance,28,2,2023-01-03,2023-05-28,2023-02-21,2023-03-21,0.0046431821360749,0.009817568
LSTM,variance,28,2,2023-01-03,2023-05-28,2023-02-22,2023-03-22,0.00409737612224,0.010135213
LSTM,variance,28,2,2023-01-03,2023-05-28,2023-02-23,2023-03-23,0.0041002330230521,0.010236557
LSTM,variance,28,2,2023-01-03,2023-05-28,2023-02-24,2023-03-24,0.0043330288842706,0.009976825
LSTM,variance,28,2,2023-01-03,2023-05-28,2023-02-25,2023-03-25,0.0043751927531558,0.009620566
LSTM,variance,28,2,2023-01-03,2023-05-28,2023-02-26,2023-03-26,0.0043706085731785,0.009601015
LSTM,variance,28,2,2023-01-03,2023-05-28,2023-02-27,2023-03-27,0.0043577032082431,0.009622138
LSTM,variance,28,2,2023-01-03,2023-05-28,2023-02-28,2023-03-28,0.0053946362226639,0.009459744
LSTM,variance,28,2,2023-01-03,2023-05-28,2023-03-01,2023-03-29,0.0053581260368185,0.009295255
LSTM,variance,28,2,2023-01-03,2023-05-28,2023-03-02,2023-03-30,0.0052071011114128,0.008698336
LSTM,variance,28,2,2023-01-03,2023-05-28,2023-03-03,2023-03-31,0.0052859549198273,0.007001377
LSTM,variance,28,2,2023-01-03,2023-05-28,2023-03-04,2023-04-01,0.0051908481868965,0.0040625245
LSTM,variance,28,2,2023-01-03,2023-05-28,2023-03-05,2023-04-02,0.0052931524122088,0.0038668758
LSTM,variance,28,2,2023-01-03,2023-05-28,2023-03-06,2023-04-03,0.0052263259210556,0.0050437897
LSTM,variance,28,2,2023-01-03,2023-05-28,2023-03-07,2023-04-04,0.0044137474373515,0.007870829
LSTM,variance,28,2,2023-01-03,2023-05-28,2023-03-08,2023-04-05,0.0044064659384464,0.008986108
LSTM,variance,28,2,2023-01-03,2023-05-28,2023-03-09,2023-04-06,0.0046146958147279,0.008014794
LSTM,variance,28,2,2023-01-03,2023-05-28,2023-03-10,2023-04-07,0.0049810400808238,0.006171237
LSTM,variance,28,2,2023-01-03,2023-05-28,2023-03-11,2023-04-08,0.0053501180701735,0.00549215
LSTM,variance,28,2,2023-01-03,2023-05-28,2023-03-12,2023-04-09,0.0057992957413206,0.0055099283
LSTM,variance,28,2,2023-01-03,2023-05-28,2023-03-13,2023-04-10,0.0059169476870371,0.0091975145
LSTM,variance,28,2,2023-01-03,2023-05-28,2023-03-14,2023-04-11,0.0043730890436018,0.010089079
LSTM,variance,28,2,2023-01-03,2023-05-28,2023-03-15,2023-04-12,0.0045524710476137,0.00904139
LSTM,variance,28,2,2023-01-03,2023-05-28,2023-03-16,2023-04-13,0.0049260342348142,0.0072008823
LSTM,variance,28,2,2023-01-03,2023-05-28,2023-03-17,2023-04-14,0.0050512415431764,0.0035654341
LSTM,variance,28,2,2023-01-03,2023-05-28,2023-03-18,2023-04-15,0.0050761769143109,0.001978903
LSTM,variance,28,2,2023-01-03,2023-05-28,2023-03-19,2023-04-16,0.0051644291508809,0.001457663
LSTM,variance,28,2,2023-01-03,2023-05-28,2023-03-20,2023-04-17,0.0051058135883208,0.0012408765
LSTM,variance,28,2,2023-01-03,2023-05-28,2023-03-21,2023-04-18,0.0032872588661538,0.0011729348
LSTM,variance,28,2,2023-01-03,2023-05-28,2023-03-22,2023-04-19,0.0033459031789576,0.0009972443
LSTM,variance,28,2,2023-01-03,2023-05-28,2023-03-23,2023-04-20,0.0036831328247815,0.0009394149
LSTM,variance,28,2,2023-01-03,2023-05-28,2023-03-24,2023-04-21,0.0039281306889822,0.0010050108
LSTM,variance,28,2,2023-01-03,2023-05-28,2023-03-25,2023-04-22,0.0037737339900187,0.0010712899
LSTM,variance,28,2,2023-01-03,2023-05-28,2023-03-26,2023-04-23,0.0036235448032591,0.0011306109
LSTM,variance,28,2,2023-01-03,2023-05-28,2023-03-27,2023-04-24,0.0036147587200516,0.0011992794
LSTM,variance,28,2,2023-01-03,2023-05-28,2023-03-28,2023-04-25,0.0021845736275248,0.0016304671
LSTM,variance,28,2,2023-01-03,2023-05-28,2023-03-29,2023-04-26,0.0021823072033532,0.0019100889
LSTM,variance,28,2,2023-01-03,2023-05-28,2023-03-30,2023-04-27,0.0022015211840759,0.0020857742
LSTM,variance,28,2,2023-01-03,2023-05-28,2023-03-31,2023-04-28,0.0022836335141886,0.0023014362
LSTM,variance,28,2,2023-01-03,2023-05-28,2023-04-01,2023-04-29,0.0023234131488484,0.0024587545
LSTM,variance,28,2,2023-01-03,2023-05-28,2023-04-02,2023-04-30,0.002326447328988,0.002750691
LSTM,variance,28,2,2023-01-03,2023-05-28,2023-04-03,2023-05-01,0.0023309780661241,0.0034760218
LSTM,variance,28,2,2023-01-03,2023-05-28,2023-04-04,2023-05-02,0.0017024424015982,0.0071105384
LSTM,variance,28,2,2023-01-03,2023-05-28,2023-04-05,2023-05-03,0.0017164164630458,0.008256838
LSTM,variance,28,2,2023-01-03,2023-05-28,2023-04-06,2023-05-04,0.0022449985957085,0.0083447695
LSTM,variance,28,2,2023-01-03,2023-05-28,2023-04-07,2023-05-05,0.0024341170516002,0.008562699
LSTM,variance,28,2,2023-01-03,2023-05-28,2023-04-08,2023-05-06,0.0027945078415877,0.008911231
LSTM,variance,28,2,2023-01-03,2023-05-28,2023-04-09,2023-05-07,0.0029455216760229,0.009403187
LSTM,variance,28,2,2023-01-03,2023-05-28,2023-04-10,2023-05-08,0.003035251408816,0.0097501
LSTM,variance,28,2,2023-01-03,2023-05-28,2023-04-11,2023-05-09,0.0029221512300719,0.00895179
LSTM,variance,28,2,2023-01-03,2023-05-28,2023-04-12,2023-05-10,0.0029201565731909,0.008291055
LSTM,variance,28,2,2023-01-03,2023-05-28,2023-04-13,2023-05-11,0.0030267759339044,0.0072689946
LSTM,variance,28,2,2023-01-03,2023-05-28,2023-04-14,2023-05-12,0.0034697226372409,0.0046353317
LSTM,variance,28,2,2023-01-03,2023-05-28,2023-04-15,2023-05-13,0.0037484346878876,0.0028567195
LSTM,variance,28,2,2023-01-03,2023-05-28,2023-04-16,2023-05-14,0.004251586410145,0.002626336
LSTM,variance,28,2,2023-01-03,2023-05-28,2023-04-17,2023-05-15,0.004231232803245,0.0027990537
LSTM,variance,28,2,2023-01-03,2023-05-28,2023-04-18,2023-05-16,0.0032271932945841,0.0023239758
LSTM,variance,28,2,2023-01-03,2023-05-28,2023-04-19,2023-05-17,0.003268011195866,0.002582097
LSTM,variance,28,2,2023-01-03,2023-05-28,2023-04-20,2023-05-18,0.0019003479654947,0.0038595572
LSTM,variance,28,2,2023-01-03,2023-05-28,2023-04-21,2023-05-19,0.0019792890855835,0.0046931976
LSTM,variance,28,2,2023-01-03,2023-05-28,2023-04-22,2023-05-20,0.0020378595604303,0.0048235324
LSTM,variance,28,2,2023-01-03,2023-05-28,2023-04-23,2023-05-21,0.0020846462426385,0.003316568
LSTM,variance,28,2,2023-01-03,2023-05-28,2023-04-24,2023-05-22,0.0020604665173468,0.0015276402
LSTM,variance,28,2,2023-01-03,2023-05-28,2023-04-25,2023-05-23,0.0006504957334531,0.0008109787
LSTM,variance,28,2,2023-01-03,2023-05-28,2023-04-26,2023-05-24,0.0004256219244893,0.0005711038
LSTM,variance,28,2,2023-01-03,2023-05-28,2023-04-27,2023-05-25,0.0004379478899304,0.0005248854
LSTM,variance,28,2,2023-01-03,2023-05-28,2023-04-28,2023-05-26,0.0004845684561698,0.0005921156
LSTM,variance,28,2,2023-01-03,2023-05-28,2023-04-29,2023-05-27,0.000509617658651,0.0007783125
LSTM,variance,28,2,2023-01-03,2023-05-28,2023-04-30,2023-05-28,0.0005216407194755,0.0008856671
GRU,mean,14,3,2023-05-28,2023-10-19,2023-05-15,2023-05-29,0.042551361925533,0.08679591
GRU,mean,14,3,2023-05-28,2023-10-19,2023-05-16,2023-05-30,0.040431354495637,0.071055874
GRU,mean,14,3,2023-05-28,2023-10-19,2023-05-17,2023-05-31,0.0379567634633649,0.06806799
GRU,mean,14,3,2023-05-28,2023-10-19,2023-05-18,2023-06-01,0.0373976908582477,0.05607394
GRU,mean,14,3,2023-05-28,2023-10-19,2023-05-19,2023-06-02,0.0369090229372637,0.054101743
GRU,mean,14,3,2023-05-28,2023-10-19,2023-05-20,2023-06-03,0.0362252077996667,0.05969713
GRU,mean,14,3,2023-05-28,2023-10-19,2023-05-21,2023-06-04,0.0344848930736816,0.063394934
GRU,mean,14,3,2023-05-28,2023-10-19,2023-05-22,2023-06-05,0.0322551563472298,0.062177792
GRU,mean,14,3,2023-05-28,2023-10-19,2023-05-23,2023-06-06,0.0288474588595936,0.049066592
GRU,mean,14,3,2023-05-28,2023-10-19,2023-05-24,2023-06-07,0.028145270889968,0.03470828
GRU,mean,14,3,2023-05-28,2023-10-19,2023-05-25,2023-06-08,0.0278104383439316,0.027975228
GRU,mean,14,3,2023-05-28,2023-10-19,2023-05-26,2023-06-09,0.0276164027389459,0.030293781
GRU,mean,14,3,2023-05-28,2023-10-19,2023-05-27,2023-06-10,0.0277615732354586,0.033654947
GRU,mean,14,3,2023-05-28,2023-10-19,2023-05-28,2023-06-11,0.0276311401220864,0.037016515
GRU,mean,14,3,2023-05-28,2023-10-19,2023-05-29,2023-06-12,0.0276276722476061,0.03783183
GRU,mean,14,3,2023-05-28,2023-10-19,2023-05-30,2023-06-13,0.0266440982061456,0.035946872
GRU,mean,14,3,2023-05-28,2023-10-19,2023-05-31,2023-06-14,0.0250418969272669,0.03236625
GRU,mean,14,3,2023-05-28,2023-10-19,2023-06-01,2023-06-15,0.0233852535045201,0.030693237
GRU,mean,14,3,2023-05-28,2023-10-19,2023-06-02,2023-06-16,0.0214204111470713,0.030392919
GRU,mean,14,3,2023-05-28,2023-10-19,2023-06-03,2023-06-17,0.0205126342328133,0.030308608
GRU,mean,14,3,2023-05-28,2023-10-19,2023-06-04,2023-06-18,0.0202678701334733,0.028679874
GRU,mean,14,3,2023-05-28,2023-10-19,2023-06-05,2023-06-19,0.0201763215777115,0.025393251
GRU,mean,14,3,2023-05-28,2023-10-19,2023-06-06,2023-06-20,0.018046791735304,0.019796502
GRU,mean,14,3,2023-05-28,2023-10-19,2023-06-07,2023-06-21,0.0178234692307645,0.016572457
GRU,mean,14,3,2023-05-28,2023-10-19,2023-06-08,2023-06-22,0.0174668341572308,0.01567356
GRU,mean,14,3,2023-05-28,2023-10-19,2023-06-09,2023-06-23,0.0170895546823357,0.016167734
GRU,mean,14,3,2023-05-28,2023-10-19,2023-06-10,2023-06-24,0.0169368286219409,0.017511386
GRU,mean,14,3,2023-05-28,2023-10-19,2023-06-11,2023-06-25,0.0164086962274181,0.018719476
GRU,mean,14,3,2023-05-28,2023-10-19,2023-06-12,2023-06-26,0.0157256704901652,0.01984584
GRU,mean,14,3,2023-05-28,2023-10-19,2023-06-13,2023-06-27,0.0159513704703154,0.019709464
GRU,mean,14,3,2023-05-28,2023-10-19,2023-06-14,2023-06-28,0.0170484312492356,0.017948102
GRU,mean,14,3,2023-05-28,2023-10-19,2023-06-15,2023-06-29,0.0177978767586883,0.015164491
GRU,mean,14,3,2023-05-28,2023-10-19,2023-06-16,2023-06-30,0.0187781781915967,0.011697691
GRU,mean,14,3,2023-05-28,2023-10-19,2023-06-17,2023-07-01,0.0190289139998906,0.009144846
GRU,mean,14,3,2023-05-28,2023-10-19,2023-06-18,2023-07-02,0.0191834843279582,0.008163776
GRU,mean,14,3,2023-05-28,2023-10-19,2023-06-19,2023-07-03,0.0185568532095038,0.008360472
GRU,mean,14,3,2023-05-28,2023-10-19,2023-06-20,2023-07-04,0.0208504593902441,0.006886985
GRU,mean,14,3,2023-05-28,2023-10-19,2023-06-21,2023-07-05,0.0212864073397356,0.0059806667
GRU,mean,14,3,2023-05-28,2023-10-19,2023-06-22,2023-07-06,0.0216439281042692,0.005571533
GRU,mean,14,3,2023-05-28,2023-10-19,2023-06-23,2023-07-07,0.0216308251833022,0.005420435
GRU,mean,14,3,2023-05-28,2023-10-19,2023-06-24,2023-07-08,0.0212004255174105,0.0055799372
GRU,mean,14,3,2023-05-28,2023-10-19,2023-06-25,2023-07-09,0.0209218713821802,0.005469959
GRU,mean,14,3,2023-05-28,2023-10-19,2023-06-26,2023-07-10,0.0206476491330533,0.004943695
GRU,mean,14,3,2023-05-28,2023-10-19,2023-06-27,2023-07-11,0.0187597038326174,0.005085524
GRU,mean,14,3,2023-05-28,2023-10-19,2023-06-28,2023-07-12,0.018255543877761,0.0067124777
GRU,mean,14,3,2023-05-28,2023-10-19,2023-06-29,2023-07-13,0.0181572866845097,0.00894827
GRU,mean,14,3,2023-05-28,2023-10-19,2023-06-30,2023-07-14,0.0176613392558651,0.011560399
GRU,mean,14,3,2023-05-28,2023-10-19,2023-07-01,2023-07-15,0.0171429800760933,0.013467368
GRU,mean,14,3,2023-05-28,2023-10-19,2023-07-02,2023-07-16,0.0164514514745288,0.014578987
GRU,mean,14,3,2023-05-28,2023-10-19,2023-07-03,2023-07-17,0.0161489354115824,0.014322337
GRU,mean,14,3,2023-05-28,2023-10-19,2023-07-04,2023-07-18,0.0153985470987492,0.016250592
GRU,mean,14,3,2023-05-28,2023-10-19,2023-07-05,2023-07-19,0.0153379762318061,0.018160116
GRU,mean,14,3,2023-05-28,2023-10-19,2023-07-06,2023-07-20,0.0151222191476377,0.01960085
GRU,mean,14,3,2023-05-28,2023-10-19,2023-07-07,2023-07-21,0.0151318451527297,0.020183925
GRU,mean,14,3,2023-05-28,2023-10-19,2023-07-08,2023-07-22,0.0151542543078025,0.019703273
GRU,mean,14,3,2023-05-28,2023-10-19,2023-07-09,2023-07-23,0.0155218896273116,0.018699493
GRU,mean,14,3,2023-05-28,2023-10-19,2023-07-10,2023-07-24,0.0157348686038957,0.017559495
GRU,mean,14,3,2023-05-28,2023-10-19,2023-07-11,2023-07-25,0.0174992346291004,0.0147850625
GRU,mean,14,3,2023-05-28,2023-10-19,2023-07-12,2023-07-26,0.0168829323172596,0.012278926
GRU,mean,14,3,2023-05-28,2023-10-19,2023-07-13,2023-07-27,0.0163044841674518,0.010778304
GRU,mean,14,3,2023-05-28,2023-10-19,2023-07-14,2023-07-28,0.0160946434472257,0.009687822
GRU,mean,14,3,2023-05-28,2023-10-19,2023-07-15,2023-07-29,0.0154951061244432,0.008725215
GRU,mean,14,3,2023-05-28,2023-10-19,2023-07-16,2023-07-30,0.0147860267749153,0.0075921007
GRU,mean,14,3,2023-05-28,2023-10-19,2023-07-17,2023-07-31,0.014613387658776,0.006722573
GRU,mean,14,3,2023-05-28,2023-10-19,2023-07-18,2023-08-01,0.015829941411054,0.0056273676
GRU,mean,14,3,2023-05-28,2023-10-19,2023-07-19,2023-08-02,0.0161295799124942,0.005069766
GRU,mean,14,3,2023-05-28,2023-10-19,2023-07-20,2023-08-03,0.0168391220899545,0.0047953464
GRU,mean,14,3,2023-05-28,2023-10-19,2023-07-21,2023-08-04,0.0169792643064472,0.004886035
GRU,mean,14,3,2023-05-28,2023-10-19,2023-07-22,2023-08-05,0.0171647243732446,0.005192142
GRU,mean,14,3,2023-05-28,2023-10-19,2023-07-23,2023-08-06,0.0166844558684477,0.005972225
GRU,mean,14,3,2023-05-28,2023-10-19,2023-07-24,2023-08-07,0.0159992485132267,0.0068531
GRU,mean,14,3,2023-05-28,2023-10-19,2023-07-25,2023-08-08,0.0144439163906352,0.009339098
GRU,mean,14,3,2023-05-28,2023-10-19,2023-07-26,2023-08-09,0.0148581068067853,0.010465529
GRU,mean,14,3,2023-05-28,2023-10-19,2023-07-27,2023-08-10,0.0153958801268894,0.010267306
GRU,mean,14,3,2023-05-28,2023-10-19,2023-07-28,2023-08-11,0.0159711473132509,0.009619851
GRU,mean,14,3,2023-05-28,2023-10-19,2023-07-29,2023-08-12,0.0172772052184829,0.008491453
GRU,mean,14,3,2023-05-28,2023-10-19,2023-07-30,2023-08-13,0.0192879515890095,0.0070067085
GRU,mean,14,3,2023-05-28,2023-10-19,2023-07-31,2023-08-14,0.0203374252272425,0.005949814
GRU,mean,14,3,2023-05-28,2023-10-19,2023-08-01,2023-08-15,0.020049524607116,0.006762568
GRU,mean,14,3,2023-05-28,2023-10-19,2023-08-02,2023-08-16,0.0200508407398176,0.007990364
GRU,mean,14,3,2023-05-28,2023-10-19,2023-08-03,2023-08-17,0.0196362564205287,0.009602811
GRU,mean,14,3,2023-05-28,2023-10-19,2023-08-04,2023-08-18,0.0198398225852111,0.010743465
GRU,mean,14,3,2023-05-28,2023-10-19,2023-08-05,2023-08-19,0.0202026604645677,0.011448886
GRU,mean,14,3,2023-05-28,2023-10-19,2023-08-06,2023-08-20,0.021500459689544,0.011168595
GRU,mean,14,3,2023-05-28,2023-10-19,2023-08-07,2023-08-21,0.0225101670319655,0.010012124
GRU,mean,14,3,2023-05-28,2023-10-19,2023-08-08,2023-08-22,0.0249693885403835,0.0074861012
GRU,mean,14,3,2023-05-28,2023-10-19,2023-08-09,2023-08-23,0.0262008852008395,0.0061842613
GRU,mean,14,3,2023-05-28,2023-10-19,2023-08-10,2023-08-24,0.0268359746817431,0.006264936
GRU,mean,14,3,2023-05-28,2023-10-19,2023-08-11,2023-08-25,0.0272033215122494,0.0073009916
GRU,mean,14,3,2023-05-28,2023-10-19,2023-08-12,2023-08-26,0.0274205638504224,0.009547595
GRU,mean,14,3,2023-05-28,2023-10-19,2023-08-13,2023-08-27,0.0273675598480382,0.013236638
GRU,mean,14,3,2023-05-28,2023-10-19,2023-08-14,2023-08-28,0.0253683476494158,0.016713034
GRU,mean,14,3,2023-05-28,2023-10-19,2023-08-15,2023-08-29,0.0258505041082487,0.018248666
GRU,mean,14,3,2023-05-28,2023-10-19,2023-08-16,2023-08-30,0.0258942578319698,0.018512096
GRU,mean,14,3,2023-05-28,2023-10-19,2023-08-17,2023-08-31,0.0262580651687198,0.01768491
GRU,mean,14,3,2023-05-28,2023-10-19,2023-08-18,2023-09-01,0.0265879769844756,0.016966145
GRU,mean,14,3,2023-05-28,2023-10-19,2023-08-19,2023-09-02,0.0274355338776344,0.016789455
GRU,mean,14,3,2023-05-28,2023-10-19,2023-08-20,2023-09-03,0.0277461345559839,0.01808187
GRU,mean,14,3,2023-05-28,2023-10-19,2023-08-21,2023-09-04,0.0299647092466584,0.020124543
GRU,mean,14,3,2023-05-28,2023-10-19,2023-08-22,2023-09-05,0.0307114159327928,0.023983572
GRU,mean,14,3,2023-05-28,2023-10-19,2023-08-23,2023-09-06,0.0314652833707542,0.027752187
GRU,mean,14,3,2023-05-28,2023-10-19,2023-08-24,2023-09-07,0.0316878057431518,0.030364994
GRU,mean,14,3,2023-05-28,2023-10-19,2023-08-25,2023-09-08,0.0326653805222782,0.031649392
GRU,mean,14,3,2023-05-28,2023-10-19,2023-08-26,2023-09-09,0.0335219562981791,0.03188889
GRU,mean,14,3,2023-05-28,2023-10-19,2023-08-27,2023-09-10,0.0341728924304534,0.031283047
GRU,mean,14,3,2023-05-28,2023-10-19,2023-08-28,2023-09-11,0.0365213324876946,0.028211858
GRU,mean,14,3,2023-05-28,2023-10-19,2023-08-29,2023-09-12,0.0356007963210577,0.026066821
GRU,mean,14,3,2023-05-28,2023-10-19,2023-08-30,2023-09-13,0.0388320985219748,0.024818119
GRU,mean,14,3,2023-05-28,2023-10-19,2023-08-31,2023-09-14,0.0404257756447544,0.024613213
GRU,mean,14,3,2023-05-28,2023-10-19,2023-09-01,2023-09-15,0.0411650247559078,0.025049608
GRU,mean,14,3,2023-05-28,2023-10-19,2023-09-02,2023-09-16,0.0412015501803948,0.026306305
GRU,mean,14,3,2023-05-28,2023-10-19,2023-09-03,2023-09-17,0.041760873519425,0.027440216
GRU,mean,14,3,2023-05-28,2023-10-19,2023-09-04,2023-09-18,0.0398648546095079,0.030351136
GRU,mean,14,3,2023-05-28,2023-10-19,2023-09-05,2023-09-19,0.0411350831474453,0.03304514
GRU,mean,14,3,2023-05-28,2023-10-19,2023-09-06,2023-09-20,0.0418768852124849,0.03515784
GRU,mean,14,3,2023-05-28,2023-10-19,2023-09-07,2023-09-21,0.0426606558282112,0.03614851
GRU,mean,14,3,2023-05-28,2023-10-19,2023-09-08,2023-09-22,0.0412121880054972,0.037173513
GRU,mean,14,3,2023-05-28,2023-10-19,2023-09-09,2023-09-23,0.0406334689418892,0.0383575
GRU,mean,14,3,2023-05-28,2023-10-19,2023-09-10,2023-09-24,0.0407126173265185,0.03950136
GRU,mean,14,3,2023-05-28,2023-10-19,2023-09-11,2023-09-25,0.0416876196818655,0.04245822
GRU,mean,14,3,2023-05-28,2023-10-19,2023-09-12,2023-09-26,0.0472992948756675,0.043216128
GRU,mean,14,3,2023-05-28,2023-10-19,2023-09-13,2023-09-27,0.0483818513768806,0.04639613
GRU,mean,14,3,2023-05-28,2023-10-19,2023-09-14,2023-09-28,0.0492615347164035,0.050149698
GRU,mean,14,3,2023-05-28,2023-10-19,2023-09-15,2023-09-29,0.0507921533594418,0.052880105
GRU,mean,14,3,2023-05-28,2023-10-19,2023-09-16,2023-09-30,0.0520991734971554,0.05364148
GRU,mean,14,3,2023-05-28,2023-10-19,2023-09-17,2023-10-01,0.0542284810915235,0.053541727
GRU,mean,14,3,2023-05-28,2023-10-19,2023-09-18,2023-10-02,0.0542284810915235,0.050449274
GRU,mean,14,3,2023-05-28,2023-10-19,2023-09-19,2023-10-03,0.0571606463074874,0.048805602
GRU,mean,14,3,2023-05-28,2023-10-19,2023-09-20,2023-10-04,0.0592071345777762,0.048596464
GRU,mean,14,3,2023-05-28,2023-10-19,2023-09-21,2023-10-05,0.0604094030882598,0.049452566
GRU,mean,14,3,2023-05-28,2023-10-19,2023-09-22,2023-10-06,0.0609006384193607,0.048218448
GRU,mean,14,3,2023-05-28,2023-10-19,2023-09-23,2023-10-07,0.0613193853412927,0.046025213
GRU,mean,14,3,2023-05-28,2023-10-19,2023-09-24,2023-10-08,0.0615882249201176,0.044345032
GRU,mean,14,3,2023-05-28,2023-10-19,2023-09-25,2023-10-09,0.0631647592892672,0.0444957
GRU,mean,14,3,2023-05-28,2023-10-19,2023-09-26,2023-10-10,0.0610398321469273,0.051537383
GRU,mean,14,3,2023-05-28,2023-10-19,2023-09-27,2023-10-11,0.060229509222317,0.058333986
GRU,mean,14,3,2023-05-28,2023-10-19,2023-09-28,2023-10-12,0.0587077468091599,0.06278302
GRU,mean,14,3,2023-05-28,2023-10-19,2023-09-29,2023-10-13,0.0576838165217004,0.065765195
GRU,mean,14,3,2023-05-28,2023-10-19,2023-09-30,2023-10-14,0.0563148136763107,0.06781374
GRU,mean,14,3,2023-05-28,2023-10-19,2023-10-01,2023-10-15,0.0546615465690329,0.07050578
GRU,mean,14,3,2023-05-28,2023-10-19,2023-10-02,2023-10-16,0.0552945790390845,0.07146841
GRU,mean,14,3,2023-05-28,2023-10-19,2023-10-03,2023-10-17,0.0543979885707605,0.074409746
GRU,mean,14,3,2023-05-28,2023-10-19,2023-10-04,2023-10-18,0.0541390143705266,0.07829146
GRU,mean,14,3,2023-05-28,2023-10-19,2023-10-05,2023-10-19,0.0542820211508042,0.08135698
GRU,mean,28,3,2023-05-28,2023-10-19,2023-05-01,2023-05-29,0.042551361925533,0.07142875
GRU,mean,28,3,2023-05-28,2023-10-19,2023-05-02,2023-05-30,0.040431354495637,0.07062945
GRU,mean,28,3,2023-05-28,2023-10-19,2023-05-03,2023-05-31,0.0379567634633649,0.070710674
GRU,mean,28,3,2023-05-28,2023-10-19,2023-05-04,2023-06-01,0.0373976908582477,0.085499786
GRU,mean,28,3,2023-05-28,2023-10-19,2023-05-05,2023-06-02,0.0369090229372637,0.09614255
GRU,mean,28,3,2023-05-28,2023-10-19,2023-05-06,2023-06-03,0.0362252077996667,0.09431822
GRU,mean,28,3,2023-05-28,2023-10-19,2023-05-07,2023-06-04,0.0344848930736816,0.08870269
GRU,mean,28,3,2023-05-28,2023-10-19,2023-05-08,2023-06-05,0.0322551563472298,0.08457853
GRU,mean,28,3,2023-05-28,2023-10-19,2023-05-09,2023-06-06,0.0288474588595936,0.08654117
GRU,mean,28,3,2023-05-28,2023-10-19,2023-05-10,2023-06-07,0.028145270889968,0.09273331
GRU,mean,28,3,2023-05-28,2023-10-19,2023-05-11,2023-06-08,0.0278104383439316,0.09704454
GRU,mean,28,3,2023-05-28,2023-10-19,2023-05-12,2023-06-09,0.0276164027389459,0.09351334
GRU,mean,28,3,2023-05-28,2023-10-19,2023-05-13,2023-06-10,0.0277615732354586,0.090107806
GRU,mean,28,3,2023-05-28,2023-10-19,2023-05-14,2023-06-11,0.0276311401220864,0.082125835
GRU,mean,28,3,2023-05-28,2023-10-19,2023-05-15,2023-06-12,0.0276276722476061,0.06691854
GRU,mean,28,3,2023-05-28,2023-10-19,2023-05-16,2023-06-13,0.0266440982061456,0.048937947
GRU,mean,28,3,2023-05-28,2023-10-19,2023-05-17,2023-06-14,0.0250418969272669,0.04205915
GRU,mean,28,3,2023-05-28,2023-10-19,2023-05-18,2023-06-15,0.0233852535045201,0.032997824
GRU,mean,28,3,2023-05-28,2023-10-19,2023-05-19,2023-06-16,0.0214204111470713,0.038131353
GRU,mean,28,3,2023-05-28,2023-10-19,2023-05-20,2023-06-17,0.0205126342328133,0.060116913
GRU,mean,28,3,2023-05-28,2023-10-19,2023-05-21,2023-06-18,0.0202678701334733,0.09285416
GRU,mean,28,3,2023-05-28,2023-10-19,2023-05-22,2023-06-19,0.0201763215777115,0.12316628
GRU,mean,28,3,2023-05-28,2023-10-19,2023-05-23,2023-06-20,0.018046791735304,0.12390518
GRU,mean,28,3,2023-05-28,2023-10-19,2023-05-24,2023-06-21,0.0178234692307645,0.093208
GRU,mean,28,3,2023-05-28,2023-10-19,2023-05-25,2023-06-22,0.0174668341572308,0.053508215
GRU,mean,28,3,2023-05-28,2023-10-19,2023-05-26,2023-06-23,0.0170895546823357,0.028396638
GRU,mean,28,3,2023-05-28,2023-10-19,2023-05-27,2023-06-24,0.0169368286219409,0.020458514
GRU,mean,28,3,2023-05-28,2023-10-19,2023-05-28,2023-06-25,0.0164086962274181,0.024312766
GRU,mean,28,3,2023-05-28,2023-10-19,2023-05-29,2023-06-26,0.0157256704901652,0.031696424
GRU,mean,28,3,2023-05-28,2023-10-19,2023-05-30,2023-06-27,0.0159513704703154,0.036113124
GRU,mean,28,3,2023-05-28,2023-10-19,2023-05-31,2023-06-28,0.0170484312492356,0.035537537
GRU,mean,28,3,2023-05-28,2023-10-19,2023-06-01,2023-06-29,0.0177978767586883,0.034487184
GRU,mean,28,3,2023-05-28,2023-10-19,2023-06-02,2023-06-30,0.0187781781915967,0.03535615
GRU,mean,28,3,2023-05-28,2023-10-19,2023-06-03,2023-07-01,0.0190289139998906,0.035854943
GRU,mean,28,3,2023-05-28,2023-10-19,2023-06-04,2023-07-02,0.0191834843279582,0.032075226
GRU,mean,28,3,2023-05-28,2023-10-19,2023-06-05,2023-07-03,0.0185568532095038,0.026773298
GRU,mean,28,3,2023-05-28,2023-10-19,2023-06-06,2023-07-04,0.0208504593902441,0.01894513
GRU,mean,28,3,2023-05-28,2023-10-19,2023-06-07,2023-07-05,0.0212864073397356,0.015951315
GRU,mean,28,3,2023-05-28,2023-10-19,2023-06-08,2023-07-06,0.0216439281042692,0.016919585
GRU,mean,28,3,2023-05-28,2023-10-19,2023-06-09,2023-07-07,0.0216308251833022,0.020791652
GRU,mean,28,3,2023-05-28,2023-10-19,2023-06-10,2023-07-08,0.0212004255174105,0.025996873
GRU,mean,28,3,2023-05-28,2023-10-19,2023-06-11,2023-07-09,0.0209218713821802,0.030522855
GRU,mean,28,3,2023-05-28,2023-10-19,2023-06-12,2023-07-10,0.0206476491330533,0.033971015
GRU,mean,28,3,2023-05-28,2023-10-19,2023-06-13,2023-07-11,0.0187597038326174,0.03499762
GRU,mean,28,3,2023-05-28,2023-10-19,2023-06-14,2023-07-12,0.018255543877761,0.032819707
GRU,mean,28,3,2023-05-28,2023-10-19,2023-06-15,2023-07-13,0.0181572866845097,0.028434517
GRU,mean,28,3,2023-05-28,2023-10-19,2023-06-16,2023-07-14,0.0176613392558651,0.022944259
GRU,mean,28,3,2023-05-28,2023-10-19,2023-06-17,2023-07-15,0.0171429800760933,0.01895527
GRU,mean,28,3,2023-05-28,2023-10-19,2023-06-18,2023-07-16,0.0164514514745288,0.018076459
GRU,mean,28,3,2023-05-28,2023-10-19,2023-06-19,2023-07-17,0.0161489354115824,0.01971233
GRU,mean,28,3,2023-05-28,2023-10-19,2023-06-20,2023-07-18,0.0153985470987492,0.019089246
GRU,mean,28,3,2023-05-28,2023-10-19,2023-06-21,2023-07-19,0.0153379762318061,0.017337726
GRU,mean,28,3,2023-05-28,2023-10-19,2023-06-22,2023-07-20,0.0151222191476377,0.01600034
GRU,mean,28,3,2023-05-28,2023-10-19,2023-06-23,2023-07-21,0.0151318451527297,0.015487709
GRU,mean,28,3,2023-05-28,2023-10-19,2023-06-24,2023-07-22,0.0151542543078025,0.015783714
GRU,mean,28,3,2023-05-28,2023-10-19,2023-06-25,2023-07-23,0.0155218896273116,0.016072916
GRU,mean,28,3,2023-05-28,2023-10-19,2023-06-26,2023-07-24,0.0157348686038957,0.015430988
GRU,mean,28,3,2023-05-28,2023-10-19,2023-06-27,2023-07-25,0.0174992346291004,0.015349039
GRU,mean,28,3,2023-05-28,2023-10-19,2023-06-28,2023-07-26,0.0168829323172596,0.017666684
GRU,mean,28,3,2023-05-28,2023-10-19,2023-06-29,2023-07-27,0.0163044841674518,0.02155407
GRU,mean,28,3,2023-05-28,2023-10-19,2023-06-30,2023-07-28,0.0160946434472257,0.025916899
GRU,mean,28,3,2023-05-28,2023-10-19,2023-07-01,2023-07-29,0.0154951061244432,0.028872075
GRU,mean,28,3,2023-05-28,2023-10-19,2023-07-02,2023-07-30,0.0147860267749153,0.02995182
GRU,mean,28,3,2023-05-28,2023-10-19,2023-07-03,2023-07-31,0.014613387658776,0.028727503
GRU,mean,28,3,2023-05-28,2023-10-19,2023-07-04,2023-08-01,0.015829941411054,0.030154737
GRU,mean,28,3,2023-05-28,2023-10-19,2023-07-05,2023-08-02,0.0161295799124942,0.03347139
GRU,mean,28,3,2023-05-28,2023-10-19,2023-07-06,2023-08-03,0.0168391220899545,0.03634466
GRU,mean,28,3,2023-05-28,2023-10-19,2023-07-07,2023-08-04,0.0169792643064472,0.037286524
GRU,mean,28,3,2023-05-28,2023-10-19,2023-07-08,2023-08-05,0.0171647243732446,0.035904355
GRU,mean,28,3,2023-05-28,2023-10-19,2023-07-09,2023-08-06,0.0166844558684477,0.033558827
GRU,mean,28,3,2023-05-28,2023-10-19,2023-07-10,2023-08-07,0.0159992485132267,0.031197796
GRU,mean,28,3,2023-05-28,2023-10-19,2023-07-11,2023-08-08,0.0144439163906352,0.027111718
GRU,mean,28,3,2023-05-28,2023-10-19,2023-07-12,2023-08-09,0.0148581068067853,0.022887448
GRU,mean,28,3,2023-05-28,2023-10-19,2023-07-13,2023-08-10,0.0153958801268894,0.020491147
GRU,mean,28,3,2023-05-28,2023-10-19,2023-07-14,2023-08-11,0.0159711473132509,0.019518347
GRU,mean,28,3,2023-05-28,2023-10-19,2023-07-15,2023-08-12,0.0172772052184829,0.018892566
GRU,mean,28,3,2023-05-28,2023-10-19,2023-07-16,2023-08-13,0.0192879515890095,0.017678643
GRU,mean,28,3,2023-05-28,2023-10-19,2023-07-17,2023-08-14,0.0203374252272425,0.01632178
GRU,mean,28,3,2023-05-28,2023-10-19,2023-07-18,2023-08-15,0.020049524607116,0.014680513
GRU,mean,28,3,2023-05-28,2023-10-19,2023-07-19,2023-08-16,0.0200508407398176,0.013664291
GRU,mean,28,3,2023-05-28,2023-10-19,2023-07-20,2023-08-17,0.0196362564205287,0.013411404
GRU,mean,28,3,2023-05-28,2023-10-19,2023-07-21,2023-08-18,0.0198398225852111,0.013821513
GRU,mean,28,3,2023-05-28,2023-10-19,2023-07-22,2023-08-19,0.0202026604645677,0.0146938795
GRU,mean,28,3,2023-05-28,2023-10-19,2023-07-23,2023-08-20,0.021500459689544,0.015875341
GRU,mean,28,3,2023-05-28,2023-10-19,2023-07-24,2023-08-21,0.0225101670319655,0.017272579
GRU,mean,28,3,2023-05-28,2023-10-19,2023-07-25,2023-08-22,0.0249693885403835,0.020747015
GRU,mean,28,3,2023-05-28,2023-10-19,2023-07-26,2023-08-23,0.0262008852008395,0.023055898
GRU,mean,28,3,2023-05-28,2023-10-19,2023-07-27,2023-08-24,0.0268359746817431,0.022528531
GRU,mean,28,3,2023-05-28,2023-10-19,2023-07-28,2023-08-25,0.0272033215122494,0.020457583
GRU,mean,28,3,2023-05-28,2023-10-19,2023-07-29,2023-08-26,0.0274205638504224,0.017855668
GRU,mean,28,3,2023-05-28,2023-10-19,2023-07-30,2023-08-27,0.0273675598480382,0.015308836
GRU,mean,28,3,2023-05-28,2023-10-19,2023-07-31,2023-08-28,0.0253683476494158,0.013572612
GRU,mean,28,3,2023-05-28,2023-10-19,2023-08-01,2023-08-29,0.0258505041082487,0.014821903
GRU,mean,28,3,2023-05-28,2023-10-19,2023-08-02,2023-08-30,0.0258942578319698,0.017567994
GRU,mean,28,3,2023-05-28,2023-10-19,2023-08-03,2023-08-31,0.0262580651687198,0.020583967
GRU,mean,28,3,2023-05-28,2023-10-19,2023-08-04,2023-09-01,0.0265879769844756,0.022508519
GRU,mean,28,3,2023-05-28,2023-10-19,2023-08-05,2023-09-02,0.0274355338776344,0.023164907
GRU,mean,28,3,2023-05-28,2023-10-19,2023-08-06,2023-09-03,0.0277461345559839,0.022290925
GRU,mean,28,3,2023-05-28,2023-10-19,2023-08-07,2023-09-04,0.0299647092466584,0.019984918
GRU,mean,28,3,2023-05-28,2023-10-19,2023-08-08,2023-09-05,0.0307114159327928,0.015812876
GRU,mean,28,3,2023-05-28,2023-10-19,2023-08-09,2023-09-06,0.0314652833707542,0.01317297
GRU,mean,28,3,2023-05-28,2023-10-19,2023-08-10,2023-09-07,0.0316878057431518,0.013625191
GRU,mean,28,3,2023-05-28,2023-10-19,2023-08-11,2023-09-08,0.0326653805222782,0.016248273
GRU,mean,28,3,2023-05-28,2023-10-19,2023-08-12,2023-09-09,0.0335219562981791,0.020552503
GRU,mean,28,3,2023-05-28,2023-10-19,2023-08-13,2023-09-10,0.0341728924304534,0.026502283
GRU,mean,28,3,2023-05-28,2023-10-19,2023-08-14,2023-09-11,0.0365213324876946,0.032326758
GRU,mean,28,3,2023-05-28,2023-10-19,2023-08-15,2023-09-12,0.0356007963210577,0.03477633
GRU,mean,28,3,2023-05-28,2023-10-19,2023-08-16,2023-09-13,0.0388320985219748,0.034055363
GRU,mean,28,3,2023-05-28,2023-10-19,2023-08-17,2023-09-14,0.0404257756447544,0.031568825
GRU,mean,28,3,2023-05-28,2023-10-19,2023-08-18,2023-09-15,0.0411650247559078,0.029653655
GRU,mean,28,3,2023-05-28,2023-10-19,2023-08-19,2023-09-16,0.0412015501803948,0.029491657
GRU,mean,28,3,2023-05-28,2023-10-19,2023-08-20,2023-09-17,0.041760873519425,0.031984575
GRU,mean,28,3,2023-05-28,2023-10-19,2023-08-21,2023-09-18,0.0398648546095079,0.03616728
GRU,mean,28,3,2023-05-28,2023-10-19,2023-08-22,2023-09-19,0.0411350831474453,0.042558737
GRU,mean,28,3,2023-05-28,2023-10-19,2023-08-23,2023-09-20,0.0418768852124849,0.049053207
GRU,mean,28,3,2023-05-28,2023-10-19,2023-08-24,2023-09-21,0.0426606558282112,0.053114608
GRU,mean,28,3,2023-05-28,2023-10-19,2023-08-25,2023-09-22,0.0412121880054972,0.054157693
GRU,mean,28,3,2023-05-28,2023-10-19,2023-08-26,2023-09-23,0.0406334689418892,0.053132027
GRU,mean,28,3,2023-05-28,2023-10-19,2023-08-27,2023-09-24,0.0407126173265185,0.05122998
GRU,mean,28,3,2023-05-28,2023-10-19,2023-08-28,2023-09-25,0.0416876196818655,0.046432875
GRU,mean,28,3,2023-05-28,2023-10-19,2023-08-29,2023-09-26,0.0472992948756675,0.042257693
GRU,mean,28,3,2023-05-28,2023-10-19,2023-08-30,2023-09-27,0.0483818513768806,0.040489748
GRU,mean,28,3,2023-05-28,2023-10-19,2023-08-31,2023-09-28,0.0492615347164035,0.04105787
GRU,mean,28,3,2023-05-28,2023-10-19,2023-09-01,2023-09-29,0.0507921533594418,0.042721942
GRU,mean,28,3,2023-05-28,2023-10-19,2023-09-02,2023-09-30,0.0520991734971554,0.045132644
GRU,mean,28,3,2023-05-28,2023-10-19,2023-09-03,2023-10-01,0.0542284810915235,0.04722417
GRU,mean,28,3,2023-05-28,2023-10-19,2023-09-04,2023-10-02,0.0542284810915235,0.051153746
GRU,mean,28,3,2023-05-28,2023-10-19,2023-09-05,2023-10-03,0.0571606463074874,0.05569714
GRU,mean,28,3,2023-05-28,2023-10-19,2023-09-06,2023-10-04,0.0592071345777762,0.05925531
GRU,mean,28,3,2023-05-28,2023-10-19,2023-09-07,2023-10-05,0.0604094030882598,0.060757373
GRU,mean,28,3,2023-05-28,2023-10-19,2023-09-08,2023-10-06,0.0609006384193607,0.061512843
GRU,mean,28,3,2023-05-28,2023-10-19,2023-09-09,2023-10-07,0.0613193853412927,0.062678955
GRU,mean,28,3,2023-05-28,2023-10-19,2023-09-10,2023-10-08,0.0615882249201176,0.06403384
GRU,mean,28,3,2023-05-28,2023-10-19,2023-09-11,2023-10-09,0.0631647592892672,0.06770934
GRU,mean,28,3,2023-05-28,2023-10-19,2023-09-12,2023-10-10,0.0610398321469273,0.0695063
GRU,mean,28,3,2023-05-28,2023-10-19,2023-09-13,2023-10-11,0.060229509222317,0.072694026
GRU,mean,28,3,2023-05-28,2023-10-19,2023-09-14,2023-10-12,0.0587077468091599,0.07752544
GRU,mean,28,3,2023-05-28,2023-10-19,2023-09-15,2023-10-13,0.0576838165217004,0.08132187
GRU,mean,28,3,2023-05-28,2023-10-19,2023-09-16,2023-10-14,0.0563148136763107,0.08176681
GRU,mean,28,3,2023-05-28,2023-10-19,2023-09-17,2023-10-15,0.0546615465690329,0.07951436
GRU,mean,28,3,2023-05-28,2023-10-19,2023-09-18,2023-10-16,0.0552945790390845,0.07321111
GRU,mean,28,3,2023-05-28,2023-10-19,2023-09-19,2023-10-17,0.0543979885707605,0.067695685
GRU,mean,28,3,2023-05-28,2023-10-19,2023-09-20,2023-10-18,0.0541390143705266,0.06574282
GRU,mean,28,3,2023-05-28,2023-10-19,2023-09-21,2023-10-19,0.0542820211508042,0.06701719
GRU,variance,14,3,2023-05-28,2023-10-19,2023-05-15,2023-05-29,0.0005165039138387,0.0042105564
GRU,variance,14,3,2023-05-28,2023-10-19,2023-05-16,2023-05-30,0.0003965347193283,0.0036176527
GRU,variance,14,3,2023-05-28,2023-10-19,2023-05-17,2023-05-31,0.0003612216101206,0.0033940112
GRU,variance,14,3,2023-05-28,2023-10-19,2023-05-18,2023-06-01,0.000367791031549,0.0030373447
GRU,variance,14,3,2023-05-28,2023-10-19,2023-05-19,2023-06-02,0.0003706641551886,0.0030419847
GRU,variance,14,3,2023-05-28,2023-10-19,2023-05-20,2023-06-03,0.0003756752955811,0.0033962443
GRU,variance,14,3,2023-05-28,2023-10-19,2023-05-21,2023-06-04,0.0003787901537899,0.0035571095
GRU,variance,14,3,2023-05-28,2023-10-19,2023-05-22,2023-06-05,0.0003166861282486,0.0034016685
GRU,variance,14,3,2023-05-28,2023-10-19,2023-05-23,2023-06-06,8.242633513760308e-05,0.002683229
GRU,variance,14,3,2023-05-28,2023-10-19,2023-05-24,2023-06-07,9.624188303081484e-05,0.002380853
GRU,variance,14,3,2023-05-28,2023-10-19,2023-05-25,2023-06-08,0.0001038043510451,0.0024630236
GRU,variance,14,3,2023-05-28,2023-10-19,2023-05-26,2023-06-09,0.0001074716350663,0.0028813703
GRU,variance,14,3,2023-05-28,2023-10-19,2023-05-27,2023-06-10,0.000104460516848,0.0029223145
GRU,variance,14,3,2023-05-28,2023-10-19,2023-05-28,2023-06-11,0.0001047907661525,0.0026090727
GRU,variance,14,3,2023-05-28,2023-10-19,2023-05-29,2023-06-12,0.0001047417347462,0.0024133397
GRU,variance,14,3,2023-05-28,2023-10-19,2023-05-30,2023-06-13,6.469446961682607e-05,0.0020602432
GRU,variance,14,3,2023-05-28,2023-10-19,2023-05-31,2023-06-14,9.423757255570466e-05,0.0016435066
GRU,variance,14,3,2023-05-28,2023-10-19,2023-06-01,2023-06-15,0.0001210058067034,0.0013488461
GRU,variance,14,3,2023-05-28,2023-10-19,2023-06-02,2023-06-16,0.000142816591054,0.0011891343
GRU,variance,14,3,2023-05-28,2023-10-19,2023-06-03,2023-06-17,0.0001407498041656,0.001132539
GRU,variance,14,3,2023-05-28,2023-10-19,2023-06-04,2023-06-18,0.0001406241991228,0.0011105251
GRU,variance,14,3,2023-05-28,2023-10-19,2023-06-05,2023-06-19,0.0001386858046172,0.0010565965
GRU,variance,14,3,2023-05-28,2023-10-19,2023-06-06,2023-06-20,0.0001176046998827,0.00096517126
GRU,variance,14,3,2023-05-28,2023-10-19,2023-06-07,2023-06-21,0.000120034800592,0.000876292
GRU,variance,14,3,2023-05-28,2023-10-19,2023-06-08,2023-06-22,0.0001238707577616,0.0008228159
GRU,variance,14,3,2023-05-28,2023-10-19,2023-06-09,2023-06-23,0.0001257714385614,0.0007842344
GRU,variance,14,3,2023-05-28,2023-10-19,2023-06-10,2023-06-24,0.0001358986254905,0.00075077405
GRU,variance,14,3,2023-05-28,2023-10-19,2023-06-11,2023-06-25,0.000129602580032,0.00072055263
GRU,variance,14,3,2023-05-28,2023-10-19,2023-06-12,2023-06-26,0.0001093832999685,0.0006757296
GRU,variance,14,3,2023-05-28,2023-10-19,2023-06-13,2023-06-27,0.0001215027377828,0.0006239498
GRU,variance,14,3,2023-05-28,2023-10-19,2023-06-14,2023-06-28,0.0001136530143294,0.0005912079
GRU,variance,14,3,2023-05-28,2023-10-19,2023-06-15,2023-06-29,0.0001015773621123,0.0005741287
GRU,variance,14,3,2023-05-28,2023-10-19,2023-06-16,2023-06-30,8.369138246784943e-05,0.0005683928
GRU,variance,14,3,2023-05-28,2023-10-19,2023-06-17,2023-07-01,8.281965861820725e-05,0.00056569267
GRU,variance,14,3,2023-05-28,2023-10-19,2023-06-18,2023-07-02,8.309215793671043e-05,0.0005669262
GRU,variance,14,3,2023-05-28,2023-10-19,2023-06-19,2023-07-03,7.430987919036254e-05,0.0005693196
GRU,variance,14,3,2023-05-28,2023-10-19,2023-06-20,2023-07-04,9.421657124288997e-05,0.0005665509
GRU,variance,14,3,2023-05-28,2023-10-19,2023-06-21,2023-07-05,8.768492552391355e-05,0.00056600536
GRU,variance,14,3,2023-05-28,2023-10-19,2023-06-22,2023-07-06,8.072378920634389e-05,0.0005671913
GRU,variance,14,3,2023-05-28,2023-10-19,2023-06-23,2023-07-07,8.099134228211503e-05,0.00056927674
GRU,variance,14,3,2023-05-28,2023-10-19,2023-06-24,2023-07-08,7.73546532432404e-05,0.0005745111
GRU,variance,14,3,2023-05-28,2023-10-19,2023-06-25,2023-07-09,7.991587560407396e-05,0.00057702535
GRU,variance,14,3,2023-05-28,2023-10-19,2023-06-26,2023-07-10,7.838855917153161e-05,0.0005718819
GRU,variance,14,3,2023-05-28,2023-10-19,2023-06-27,2023-07-11,4.110197372174843e-05,0.0005713345
GRU,variance,14,3,2023-05-28,2023-10-19,2023-06-28,2023-07-12,4.295705493103402e-05,0.0005683274
GRU,variance,14,3,2023-05-28,2023-10-19,2023-06-29,2023-07-13,4.381126794360352e-05,0.00056229695
GRU,variance,14,3,2023-05-28,2023-10-19,2023-06-30,2023-07-14,4.930382379909738e-05,0.0005525653
GRU,variance,14,3,2023-05-28,2023-10-19,2023-07-01,2023-07-15,5.165058902079529e-05,0.00054467085
GRU,variance,14,3,2023-05-28,2023-10-19,2023-07-02,2023-07-16,5.2713073233251855e-05,0.000537824
GRU,variance,14,3,2023-05-28,2023-10-19,2023-07-03,2023-07-17,5.085755326524275e-05,0.0005282877
GRU,variance,14,3,2023-05-28,2023-10-19,2023-07-04,2023-07-18,2.2425920283682633e-05,0.0005252813
GRU,variance,14,3,2023-05-28,2023-10-19,2023-07-05,2023-07-19,2.227004909094733e-05,0.00051995215
GRU,variance,14,3,2023-05-28,2023-10-19,2023-07-06,2023-07-20,2.3170543472659755e-05,0.0005134563
GRU,variance,14,3,2023-05-28,2023-10-19,2023-07-07,2023-07-21,2.310975956974895e-05,0.0005087076
GRU,variance,14,3,2023-05-28,2023-10-19,2023-07-08,2023-07-22,2.3139638278931333e-05,0.0005043275
GRU,variance,14,3,2023-05-28,2023-10-19,2023-07-09,2023-07-23,2.478480415949975e-05,0.00050189195
GRU,variance,14,3,2023-05-28,2023-10-19,2023-07-10,2023-07-24,2.8139717463203465e-05,0.00049944257
GRU,variance,14,3,2023-05-28,2023-10-19,2023-07-11,2023-07-25,7.142798415736174e-05,0.00048690056
GRU,variance,14,3,2023-05-28,2023-10-19,2023-07-12,2023-07-26,8.235936714938586e-05,0.00047787896
GRU,variance,14,3,2023-05-28,2023-10-19,2023-07-13,2023-07-27,9.128063129160166e-05,0.00047061034
GRU,variance,14,3,2023-05-28,2023-10-19,2023-07-14,2023-07-28,9.506478387373946e-05,0.00046534406
GRU,variance,14,3,2023-05-28,2023-10-19,2023-07-15,2023-07-29,0.0001058084272263,0.00046057696
GRU,variance,14,3,2023-05-28,2023-10-19,2023-07-16,2023-07-30,0.0001193412909954,0.00045618066
GRU,variance,14,3,2023-05-28,2023-10-19,2023-07-17,2023-07-31,0.0001288343672346,0.0004520429
GRU,variance,14,3,2023-05-28,2023-10-19,2023-07-18,2023-08-01,0.0001836561318345,0.00044103106
GRU,variance,14,3,2023-05-28,2023-10-19,2023-07-19,2023-08-02,0.0001850239884705,0.00043300458
GRU,variance,14,3,2023-05-28,2023-10-19,2023-07-20,2023-08-03,0.0001848851750801,0.00042697042
GRU,variance,14,3,2023-05-28,2023-10-19,2023-07-21,2023-08-04,0.0001837508888009,0.00042161962
GRU,variance,14,3,2023-05-28,2023-10-19,2023-07-22,2023-08-05,0.00018377196645,0.0004167247
GRU,variance,14,3,2023-05-28,2023-10-19,2023-07-23,2023-08-06,0.0001838314256792,0.0004127568
GRU,variance,14,3,2023-05-28,2023-10-19,2023-07-24,2023-08-07,0.0001784317145476,0.0004103199
GRU,variance,14,3,2023-05-28,2023-10-19,2023-07-25,2023-08-08,0.0001277907380899,0.00042022555
GRU,variance,14,3,2023-05-28,2023-10-19,2023-07-26,2023-08-09,0.0001212244923043,0.00043032004
GRU,variance,14,3,2023-05-28,2023-10-19,2023-07-27,2023-08-10,0.0001139451041638,0.00044107938
GRU,variance,14,3,2023-05-28,2023-10-19,2023-07-28,2023-08-11,0.0001069823058298,0.00045221345
GRU,variance,14,3,2023-05-28,2023-10-19,2023-07-29,2023-08-12,9.323903648804924e-05,0.000466199
GRU,variance,14,3,2023-05-28,2023-10-19,2023-07-30,2023-08-13,7.626276289023492e-05,0.00048297225
GRU,variance,14,3,2023-05-28,2023-10-19,2023-07-31,2023-08-14,8.581592535690787e-05,0.00050010614
GRU,variance,14,3,2023-05-28,2023-10-19,2023-08-01,2023-08-15,7.23481925503755e-05,0.0005299648
GRU,variance,14,3,2023-05-28,2023-10-19,2023-08-02,2023-08-16,7.23481737697382e-05,0.00055412203
GRU,variance,14,3,2023-05-28,2023-10-19,2023-08-03,2023-08-17,7.390151364585568e-05,0.0005746301
GRU,variance,14,3,2023-05-28,2023-10-19,2023-08-04,2023-08-18,7.204749658350661e-05,0.0005930173
GRU,variance,14,3,2023-05-28,2023-10-19,2023-08-05,2023-08-19,7.271064563097273e-05,0.0006100297
GRU,variance,14,3,2023-05-28,2023-10-19,2023-08-06,2023-08-20,7.824173525178751e-05,0.00062535505
GRU,variance,14,3,2023-05-28,2023-10-19,2023-08-07,2023-08-21,7.951995184335658e-05,0.000636901
GRU,variance,14,3,2023-05-28,2023-10-19,2023-08-08,2023-08-22,0.0001516314370373,0.000632265
GRU,variance,14,3,2023-05-28,2023-10-19,2023-08-09,2023-08-23,0.0001332279793012,0.0006272915
GRU,variance,14,3,2023-05-28,2023-10-19,2023-08-10,2023-08-24,0.0001199625802939,0.0006205245
GRU,variance,14,3,2023-05-28,2023-10-19,2023-08-11,2023-08-25,0.0001115664789739,0.0006109928
GRU,variance,14,3,2023-05-28,2023-10-19,2023-08-12,2023-08-26,0.0001089769299003,0.0005967679
GRU,variance,14,3,2023-05-28,2023-10-19,2023-08-13,2023-08-27,0.0001090122431089,0.0005780996
GRU,variance,14,3,2023-05-28,2023-10-19,2023-08-14,2023-08-28,0.0001364924890041,0.00056443934
GRU,variance,14,3,2023-05-28,2023-10-19,2023-08-15,2023-08-29,0.0001548350506503,0.0005481469
GRU,variance,14,3,2023-05-28,2023-10-19,2023-08-16,2023-08-30,0.0001543154806848,0.0005341836
GRU,variance,14,3,2023-05-28,2023-10-19,2023-08-17,2023-08-31,0.0001477900902021,0.00052279525
GRU,variance,14,3,2023-05-28,2023-10-19,2023-08-18,2023-09-01,0.000142688695758,0.0005125578
GRU,variance,14,3,2023-05-28,2023-10-19,2023-08-19,2023-09-02,0.0001469436097987,0.00050426554
GRU,variance,14,3,2023-05-28,2023-10-19,2023-08-20,2023-09-03,0.0001512908580352,0.00049914117
GRU,variance,14,3,2023-05-28,2023-10-19,2023-08-21,2023-09-04,0.0002293500945692,0.000495801
GRU,variance,14,3,2023-05-28,2023-10-19,2023-08-22,2023-09-05,0.000276726194928,0.00051366107
GRU,variance,14,3,2023-05-28,2023-10-19,2023-08-23,2023-09-06,0.0002790904220727,0.00052173075
GRU,variance,14,3,2023-05-28,2023-10-19,2023-08-24,2023-09-07,0.0002748954967189,0.0005255699
GRU,variance,14,3,2023-05-28,2023-10-19,2023-08-25,2023-09-08,0.0002833093926389,0.00052889425
GRU,variance,14,3,2023-05-28,2023-10-19,2023-08-26,2023-09-09,0.0002754632998991,0.0005331035
GRU,variance,14,3,2023-05-28,2023-10-19,2023-08-27,2023-09-10,0.000271369542194,0.00053766323
GRU,variance,14,3,2023-05-28,2023-10-19,2023-08-28,2023-09-11,0.0002178243524314,0.0005489418
GRU,variance,14,3,2023-05-28,2023-10-19,2023-08-29,2023-09-12,0.0002284212814646,0.0005623428
GRU,variance,14,3,2023-05-28,2023-10-19,2023-08-30,2023-09-13,0.0002371014703427,0.0005722889
GRU,variance,14,3,2023-05-28,2023-10-19,2023-08-31,2023-09-14,0.0002000473267573,0.00057879405
GRU,variance,14,3,2023-05-28,2023-10-19,2023-09-01,2023-09-15,0.0001753653299908,0.0005835664
GRU,variance,14,3,2023-05-28,2023-10-19,2023-09-02,2023-09-16,0.0001749067441469,0.00058947667
GRU,variance,14,3,2023-05-28,2023-10-19,2023-09-03,2023-09-17,0.0001722714436764,0.00059601956
GRU,variance,14,3,2023-05-28,2023-10-19,2023-09-04,2023-09-18,0.00014747519878,0.00062354363
GRU,variance,14,3,2023-05-28,2023-10-19,2023-09-05,2023-09-19,0.0002346230251452,0.0006578985
GRU,variance,14,3,2023-05-28,2023-10-19,2023-09-06,2023-09-20,0.0002346634265661,0.00068591814
GRU,variance,14,3,2023-05-28,2023-10-19,2023-09-07,2023-09-21,0.0002103346780739,0.00070975197
GRU,variance,14,3,2023-05-28,2023-10-19,2023-09-08,2023-09-22,0.0002123798596343,0.0007350377
GRU,variance,14,3,2023-05-28,2023-10-19,2023-09-09,2023-09-23,0.0002246940607239,0.0007565033
GRU,variance,14,3,2023-05-28,2023-10-19,2023-09-10,2023-09-24,0.0002238126591864,0.0007754044
GRU,variance,14,3,2023-05-28,2023-10-19,2023-09-11,2023-09-25,0.000214873608921,0.0007782371
GRU,variance,14,3,2023-05-28,2023-10-19,2023-09-12,2023-09-26,0.0006063491550938,0.0007854223
GRU,variance,14,3,2023-05-28,2023-10-19,2023-09-13,2023-09-27,0.0006424838052984,0.00079355494
GRU,variance,14,3,2023-05-28,2023-10-19,2023-09-14,2023-09-28,0.0006899169263853,0.0007871828
GRU,variance,14,3,2023-05-28,2023-10-19,2023-09-15,2023-09-29,0.0006526537878025,0.0007725011
GRU,variance,14,3,2023-05-28,2023-10-19,2023-09-16,2023-09-30,0.0006300505221724,0.0007582783
GRU,variance,14,3,2023-05-28,2023-10-19,2023-09-17,2023-10-01,0.0006394715613091,0.00074388226
GRU,variance,14,3,2023-05-28,2023-10-19,2023-09-18,2023-10-02,0.0006394715613091,0.0007229872
GRU,variance,14,3,2023-05-28,2023-10-19,2023-09-19,2023-10-03,0.0008929586378093,0.0007305454
GRU,variance,14,3,2023-05-28,2023-10-19,2023-09-20,2023-10-04,0.0008899873263008,0.00073442736
GRU,variance,14,3,2023-05-28,2023-10-19,2023-09-21,2023-10-05,0.0008365401705632,0.00072915654
GRU,variance,14,3,2023-05-28,2023-10-19,2023-09-22,2023-10-06,0.0008033361287065,0.0007262832
GRU,variance,14,3,2023-05-28,2023-10-19,2023-09-23,2023-10-07,0.0007754433396848,0.0007285448
GRU,variance,14,3,2023-05-28,2023-10-19,2023-09-24,2023-10-08,0.0007614866027332,0.0007315336
GRU,variance,14,3,2023-05-28,2023-10-19,2023-09-25,2023-10-09,0.0007597507857682,0.0007326817
GRU,variance,14,3,2023-05-28,2023-10-19,2023-09-26,2023-10-10,0.0005752876132009,0.0008470175
GRU,variance,14,3,2023-05-28,2023-10-19,2023-09-27,2023-10-11,0.0005668255911017,0.00093881297
GRU,variance,14,3,2023-05-28,2023-10-19,2023-09-28,2023-10-12,0.0005496950161238,0.0010248894
GRU,variance,14,3,2023-05-28,2023-10-19,2023-09-29,2023-10-13,0.000586963784257,0.0010942768
GRU,variance,14,3,2023-05-28,2023-10-19,2023-09-30,2023-10-14,0.0006300811004854,0.0011626607
GRU,variance,14,3,2023-05-28,2023-10-19,2023-10-01,2023-10-15,0.0006238728756948,0.0012393688
GRU,variance,14,3,2023-05-28,2023-10-19,2023-10-02,2023-10-16,0.0005814928760014,0.0013186296
GRU,variance,14,3,2023-05-28,2023-10-19,2023-10-03,2023-10-17,0.0004814836144902,0.0014731342
GRU,variance,14,3,2023-05-28,2023-10-19,2023-10-04,2023-10-18,0.0004738329356074,0.001606668
GRU,variance,14,3,2023-05-28,2023-10-19,2023-10-05,2023-10-19,0.0004718114614599,0.0017105002
GRU,variance,28,3,2023-05-28,2023-10-19,2023-05-01,2023-05-29,0.0005165039138387,0.0014521057
GRU,variance,28,3,2023-05-28,2023-10-19,2023-05-02,2023-05-30,0.0003965347193283,0.0012305854
GRU,variance,28,3,2023-05-28,2023-10-19,2023-05-03,2023-05-31,0.0003612216101206,0.0010374499
GRU,variance,28,3,2023-05-28,2023-10-19,2023-05-04,2023-06-01,0.000367791031549,0.0016032933
GRU,variance,28,3,2023-05-28,2023-10-19,2023-05-05,2023-06-02,0.0003706641551886,0.002935715
GRU,variance,28,3,2023-05-28,2023-10-19,2023-05-06,2023-06-03,0.0003756752955811,0.003849017
GRU,variance,28,3,2023-05-28,2023-10-19,2023-05-07,2023-06-04,0.0003787901537899,0.004303939
GRU,variance,28,3,2023-05-28,2023-10-19,2023-05-08,2023-06-05,0.0003166861282486,0.0041617816
GRU,variance,28,3,2023-05-28,2023-10-19,2023-05-09,2023-06-06,8.242633513760308e-05,0.004126864
GRU,variance,28,3,2023-05-28,2023-10-19,2023-05-10,2023-06-07,9.624188303081484e-05,0.004133952
GRU,variance,28,3,2023-05-28,2023-10-19,2023-05-11,2023-06-08,0.0001038043510451,0.0043047615
GRU,variance,28,3,2023-05-28,2023-10-19,2023-05-12,2023-06-09,0.0001074716350663,0.0048486483
GRU,variance,28,3,2023-05-28,2023-10-19,2023-05-13,2023-06-10,0.000104460516848,0.0054807565
GRU,variance,28,3,2023-05-28,2023-10-19,2023-05-14,2023-06-11,0.0001047907661525,0.0057268715
GRU,variance,28,3,2023-05-28,2023-10-19,2023-05-15,2023-06-12,0.0001047417347462,0.005752582
GRU,variance,28,3,2023-05-28,2023-10-19,2023-05-16,2023-06-13,6.469446961682607e-05,0.0050484724
GRU,variance,28,3,2023-05-28,2023-10-19,2023-05-17,2023-06-14,9.423757255570466e-05,0.004558227
GRU,variance,28,3,2023-05-28,2023-10-19,2023-05-18,2023-06-15,0.0001210058067034,0.0039478564
GRU,variance,28,3,2023-05-28,2023-10-19,2023-05-19,2023-06-16,0.000142816591054,0.0035163653
GRU,variance,28,3,2023-05-28,2023-10-19,2023-05-20,2023-06-17,0.0001407498041656,0.003819758
GRU,variance,28,3,2023-05-28,2023-10-19,2023-05-21,2023-06-18,0.0001406241991228,0.0044430657
GRU,variance,28,3,2023-05-28,2023-10-19,2023-05-22,2023-06-19,0.0001386858046172,0.0046338127
GRU,variance,28,3,2023-05-28,2023-10-19,2023-05-23,2023-06-20,0.0001176046998827,0.0039177267
GRU,variance,28,3,2023-05-28,2023-10-19,2023-05-24,2023-06-21,0.000120034800592,0.0031884941
GRU,variance,28,3,2023-05-28,2023-10-19,2023-05-25,2023-06-22,0.0001238707577616,0.0030699482
GRU,variance,28,3,2023-05-28,2023-10-19,2023-05-26,2023-06-23,0.0001257714385614,0.003427631
GRU,variance,28,3,2023-05-28,2023-10-19,2023-05-27,2023-06-24,0.0001358986254905,0.0036953138
GRU,variance,28,3,2023-05-28,2023-10-19,2023-05-28,2023-06-25,0.000129602580032,0.0034530174
GRU,variance,28,3,2023-05-28,2023-10-19,2023-05-29,2023-06-26,0.0001093832999685,0.0027427778
GRU,variance,28,3,2023-05-28,2023-10-19,2023-05-30,2023-06-27,0.0001215027377828,0.002245927
GRU,variance,28,3,2023-05-28,2023-10-19,2023-05-31,2023-06-28,0.0001136530143294,0.0019866214
GRU,variance,28,3,2023-05-28,2023-10-19,2023-06-01,2023-06-29,0.0001015773621123,0.0018054834
GRU,variance,28,3,2023-05-28,2023-10-19,2023-06-02,2023-06-30,8.369138246784943e-05,0.0018574808
GRU,variance,28,3,2023-05-28,2023-10-19,2023-06-03,2023-07-01,8.281965861820725e-05,0.002365984
GRU,variance,28,3,2023-05-28,2023-10-19,2023-06-04,2023-07-02,8.309215793671043e-05,0.0026471799
GRU,variance,28,3,2023-05-28,2023-10-19,2023-06-05,2023-07-03,7.430987919036254e-05,0.0020858806
GRU,variance,28,3,2023-05-28,2023-10-19,2023-06-06,2023-07-04,9.421657124288997e-05,0.0008935306
GRU,variance,28,3,2023-05-28,2023-10-19,2023-06-07,2023-07-05,8.768492552391355e-05,0.00037315974
GRU,variance,28,3,2023-05-28,2023-10-19,2023-06-08,2023-07-06,8.072378920634389e-05,0.00023863018
GRU,variance,28,3,2023-05-28,2023-10-19,2023-06-09,2023-07-07,8.099134228211503e-05,0.0002532125
GRU,variance,28,3,2023-05-28,2023-10-19,2023-06-10,2023-07-08,7.73546532432404e-05,0.0004106967
GRU,variance,28,3,2023-05-28,2023-10-19,2023-06-11,2023-07-09,7.991587560407396e-05,0.000487323
GRU,variance,28,3,2023-05-28,2023-10-19,2023-06-12,2023-07-10,7.838855917153161e-05,0.0004320411
GRU,variance,28,3,2023-05-28,2023-10-19,2023-06-13,2023-07-11,4.110197372174843e-05,0.00034558398
GRU,variance,28,3,2023-05-28,2023-10-19,2023-06-14,2023-07-12,4.295705493103402e-05,0.00030141344
GRU,variance,28,3,2023-05-28,2023-10-19,2023-06-15,2023-07-13,4.381126794360352e-05,0.00034185845
GRU,variance,28,3,2023-05-28,2023-10-19,2023-06-16,2023-07-14,4.930382379909738e-05,0.00042311646
GRU,variance,28,3,2023-05-28,2023-10-19,2023-06-17,2023-07-15,5.165058902079529e-05,0.00048037313
GRU,variance,28,3,2023-05-28,2023-10-19,2023-06-18,2023-07-16,5.2713073233251855e-05,0.0004900548
GRU,variance,28,3,2023-05-28,2023-10-19,2023-06-19,2023-07-17,5.085755326524275e-05,0.00047753073
GRU,variance,28,3,2023-05-28,2023-10-19,2023-06-20,2023-07-18,2.2425920283682633e-05,0.00047018597
GRU,variance,28,3,2023-05-28,2023-10-19,2023-06-21,2023-07-19,2.227004909094733e-05,0.00046906617
GRU,variance,28,3,2023-05-28,2023-10-19,2023-06-22,2023-07-20,2.3170543472659755e-05,0.00047308704
GRU,variance,28,3,2023-05-28,2023-10-19,2023-06-23,2023-07-21,2.310975956974895e-05,0.00047936264
GRU,variance,28,3,2023-05-28,2023-10-19,2023-06-24,2023-07-22,2.3139638278931333e-05,0.0004864478
GRU,variance,28,3,2023-05-28,2023-10-19,2023-06-25,2023-07-23,2.478480415949975e-05,0.0004920185
GRU,variance,28,3,2023-05-28,2023-10-19,2023-06-26,2023-07-24,2.8139717463203465e-05,0.00048248874
GRU,variance,28,3,2023-05-28,2023-10-19,2023-06-27,2023-07-25,7.142798415736174e-05,0.00046310722
GRU,variance,28,3,2023-05-28,2023-10-19,2023-06-28,2023-07-26,8.235936714938586e-05,0.0004525026
GRU,variance,28,3,2023-05-28,2023-10-19,2023-06-29,2023-07-27,9.128063129160166e-05,0.00044674517
GRU,variance,28,3,2023-05-28,2023-10-19,2023-06-30,2023-07-28,9.506478387373946e-05,0.00043075354
GRU,variance,28,3,2023-05-28,2023-10-19,2023-07-01,2023-07-29,0.0001058084272263,0.00040093806
GRU,variance,28,3,2023-05-28,2023-10-19,2023-07-02,2023-07-30,0.0001193412909954,0.00037490888
GRU,variance,28,3,2023-05-28,2023-10-19,2023-07-03,2023-07-31,0.0001288343672346,0.00036196838
GRU,variance,28,3,2023-05-28,2023-10-19,2023-07-04,2023-08-01,0.0001836561318345,0.00036274616
GRU,variance,28,3,2023-05-28,2023-10-19,2023-07-05,2023-08-02,0.0001850239884705,0.00037389083
GRU,variance,28,3,2023-05-28,2023-10-19,2023-07-06,2023-08-03,0.0001848851750801,0.0003752423
GRU,variance,28,3,2023-05-28,2023-10-19,2023-07-07,2023-08-04,0.0001837508888009,0.0003625451
GRU,variance,28,3,2023-05-28,2023-10-19,2023-07-08,2023-08-05,0.00018377196645,0.00034881043
GRU,variance,28,3,2023-05-28,2023-10-19,2023-07-09,2023-08-06,0.0001838314256792,0.0003442814
GRU,variance,28,3,2023-05-28,2023-10-19,2023-07-10,2023-08-07,0.0001784317145476,0.00034840402
GRU,variance,28,3,2023-05-28,2023-10-19,2023-07-11,2023-08-08,0.0001277907380899,0.0003392837
GRU,variance,28,3,2023-05-28,2023-10-19,2023-07-12,2023-08-09,0.0001212244923043,0.00030237247
GRU,variance,28,3,2023-05-28,2023-10-19,2023-07-13,2023-08-10,0.0001139451041638,0.00026708955
GRU,variance,28,3,2023-05-28,2023-10-19,2023-07-14,2023-08-11,0.0001069823058298,0.00025811882
GRU,variance,28,3,2023-05-28,2023-10-19,2023-07-15,2023-08-12,9.323903648804924e-05,0.0002716762
GRU,variance,28,3,2023-05-28,2023-10-19,2023-07-16,2023-08-13,7.626276289023492e-05,0.0002839196
GRU,variance,28,3,2023-05-28,2023-10-19,2023-07-17,2023-08-14,8.581592535690787e-05,0.0002809943
GRU,variance,28,3,2023-05-28,2023-10-19,2023-07-18,2023-08-15,7.23481925503755e-05,0.00025931592
GRU,variance,28,3,2023-05-28,2023-10-19,2023-07-19,2023-08-16,7.23481737697382e-05,0.00022537804
GRU,variance,28,3,2023-05-28,2023-10-19,2023-07-20,2023-08-17,7.390151364585568e-05,0.00020469034
GRU,variance,28,3,2023-05-28,2023-10-19,2023-07-21,2023-08-18,7.204749658350661e-05,0.00020444133
GRU,variance,28,3,2023-05-28,2023-10-19,2023-07-22,2023-08-19,7.271064563097273e-05,0.00021064359
GRU,variance,28,3,2023-05-28,2023-10-19,2023-07-23,2023-08-20,7.824173525178751e-05,0.00021007501
GRU,variance,28,3,2023-05-28,2023-10-19,2023-07-24,2023-08-21,7.951995184335658e-05,0.00020462352
GRU,variance,28,3,2023-05-28,2023-10-19,2023-07-25,2023-08-22,0.0001516314370373,0.00021689439
GRU,variance,28,3,2023-05-28,2023-10-19,2023-07-26,2023-08-23,0.0001332279793012,0.00026459477
GRU,variance,28,3,2023-05-28,2023-10-19,2023-07-27,2023-08-24,0.0001199625802939,0.00031936806
GRU,variance,28,3,2023-05-28,2023-10-19,2023-07-28,2023-08-25,0.0001115664789739,0.00035262443
GRU,variance,28,3,2023-05-28,2023-10-19,2023-07-29,2023-08-26,0.0001089769299003,0.00036456375
GRU,variance,28,3,2023-05-28,2023-10-19,2023-07-30,2023-08-27,0.0001090122431089,0.00037975385
GRU,variance,28,3,2023-05-28,2023-10-19,2023-07-31,2023-08-28,0.0001364924890041,0.00041252837
GRU,variance,28,3,2023-05-28,2023-10-19,2023-08-01,2023-08-29,0.0001548350506503,0.00046899632
GRU,variance,28,3,2023-05-28,2023-10-19,2023-08-02,2023-08-30,0.0001543154806848,0.00054299604
GRU,variance,28,3,2023-05-28,2023-10-19,2023-08-03,2023-08-31,0.0001477900902021,0.0005967534
GRU,variance,28,3,2023-05-28,2023-10-19,2023-08-04,2023-09-01,0.000142688695758,0.0006161081
GRU,variance,28,3,2023-05-28,2023-10-19,2023-08-05,2023-09-02,0.0001469436097987,0.0006165093
GRU,variance,28,3,2023-05-28,2023-10-19,2023-08-06,2023-09-03,0.0001512908580352,0.0006198013
GRU,variance,28,3,2023-05-28,2023-10-19,2023-08-07,2023-09-04,0.0002293500945692,0.00063073105
GRU,variance,28,3,2023-05-28,2023-10-19,2023-08-08,2023-09-05,0.000276726194928,0.00062280596
GRU,variance,28,3,2023-05-28,2023-10-19,2023-08-09,2023-09-06,0.0002790904220727,0.0005733994
GRU,variance,28,3,2023-05-28,2023-10-19,2023-08-10,2023-09-07,0.0002748954967189,0.000511817
GRU,variance,28,3,2023-05-28,2023-10-19,2023-08-11,2023-09-08,0.0002833093926389,0.00047070437
GRU,variance,28,3,2023-05-28,2023-10-19,2023-08-12,2023-09-09,0.0002754632998991,0.00045261296
GRU,variance,28,3,2023-05-28,2023-10-19,2023-08-13,2023-09-10,0.000271369542194,0.0004316859
GRU,variance,28,3,2023-05-28,2023-10-19,2023-08-14,2023-09-11,0.0002178243524314,0.00039805457
GRU,variance,28,3,2023-05-28,2023-10-19,2023-08-15,2023-09-12,0.0002284212814646,0.0003673561
GRU,variance,28,3,2023-05-28,2023-10-19,2023-08-16,2023-09-13,0.0002371014703427,0.00034709842
GRU,variance,28,3,2023-05-28,2023-10-19,2023-08-17,2023-09-14,0.0002000473267573,0.0003407518
GRU,variance,28,3,2023-05-28,2023-10-19,2023-08-18,2023-09-15,0.0001753653299908,0.0003400256
GRU,variance,28,3,2023-05-28,2023-10-19,2023-08-19,2023-09-16,0.0001749067441469,0.00033567284
GRU,variance,28,3,2023-05-28,2023-10-19,2023-08-20,2023-09-17,0.0001722714436764,0.0003312217
GRU,variance,28,3,2023-05-28,2023-10-19,2023-08-21,2023-09-18,0.00014747519878,0.00033442196
GRU,variance,28,3,2023-05-28,2023-10-19,2023-08-22,2023-09-19,0.0002346230251452,0.00036616236
GRU,variance,28,3,2023-05-28,2023-10-19,2023-08-23,2023-09-20,0.0002346634265661,0.00043268056
GRU,variance,28,3,2023-05-28,2023-10-19,2023-08-24,2023-09-21,0.0002103346780739,0.00047452675
GRU,variance,28,3,2023-05-28,2023-10-19,2023-08-25,2023-09-22,0.0002123798596343,0.0004665623
GRU,variance,28,3,2023-05-28,2023-10-19,2023-08-26,2023-09-23,0.0002246940607239,0.00043447383
GRU,variance,28,3,2023-05-28,2023-10-19,2023-08-27,2023-09-24,0.0002238126591864,0.0004179383
GRU,variance,28,3,2023-05-28,2023-10-19,2023-08-28,2023-09-25,0.000214873608921,0.00043672693
GRU,variance,28,3,2023-05-28,2023-10-19,2023-08-29,2023-09-26,0.0006063491550938,0.00048498096
GRU,variance,28,3,2023-05-28,2023-10-19,2023-08-30,2023-09-27,0.0006424838052984,0.00052936695
GRU,variance,28,3,2023-05-28,2023-10-19,2023-08-31,2023-09-28,0.0006899169263853,0.00054229406
GRU,variance,28,3,2023-05-28,2023-10-19,2023-09-01,2023-09-29,0.0006526537878025,0.0005285313
GRU,variance,28,3,2023-05-28,2023-10-19,2023-09-02,2023-09-30,0.0006300505221724,0.00051562575
GRU,variance,28,3,2023-05-28,2023-10-19,2023-09-03,2023-10-01,0.0006394715613091,0.0005227519
GRU,variance,28,3,2023-05-28,2023-10-19,2023-09-04,2023-10-02,0.0006394715613091,0.0005674983
GRU,variance,28,3,2023-05-28,2023-10-19,2023-09-05,2023-10-03,0.0008929586378093,0.0006671419
GRU,variance,28,3,2023-05-28,2023-10-19,2023-09-06,2023-10-04,0.0008899873263008,0.00078040565
GRU,variance,28,3,2023-05-28,2023-10-19,2023-09-07,2023-10-05,0.0008365401705632,0.00085198454
GRU,variance,28,3,2023-05-28,2023-10-19,2023-09-08,2023-10-06,0.0008033361287065,0.00087478146
GRU,variance,28,3,2023-05-28,2023-10-19,2023-09-09,2023-10-07,0.0007754433396848,0.0008795147
GRU,variance,28,3,2023-05-28,2023-10-19,2023-09-10,2023-10-08,0.0007614866027332,0.0008894776
GRU,variance,28,3,2023-05-28,2023-10-19,2023-09-11,2023-10-09,0.0007597507857682,0.0008906781
GRU,variance,28,3,2023-05-28,2023-10-19,2023-09-12,2023-10-10,0.0005752876132009,0.000859771
GRU,variance,28,3,2023-05-28,2023-10-19,2023-09-13,2023-10-11,0.0005668255911017,0.00082261657
GRU,variance,28,3,2023-05-28,2023-10-19,2023-09-14,2023-10-12,0.0005496950161238,0.00079274335
GRU,variance,28,3,2023-05-28,2023-10-19,2023-09-15,2023-10-13,0.000586963784257,0.00075264036
GRU,variance,28,3,2023-05-28,2023-10-19,2023-09-16,2023-10-14,0.0006300811004854,0.00070006755
GRU,variance,28,3,2023-05-28,2023-10-19,2023-09-17,2023-10-15,0.0006238728756948,0.00065364473
GRU,variance,28,3,2023-05-28,2023-10-19,2023-09-18,2023-10-16,0.0005814928760014,0.00061895564
GRU,variance,28,3,2023-05-28,2023-10-19,2023-09-19,2023-10-17,0.0004814836144902,0.00061657146
GRU,variance,28,3,2023-05-28,2023-10-19,2023-09-20,2023-10-18,0.0004738329356074,0.00067256944
GRU,variance,28,3,2023-05-28,2023-10-19,2023-09-21,2023-10-19,0.0004718114614599,0.0007273204
LSTM,mean,14,3,2023-05-28,2023-10-19,2023-05-15,2023-05-29,0.042551361925533,0.08708425
LSTM,mean,14,3,2023-05-28,2023-10-19,2023-05-16,2023-05-30,0.040431354495637,0.07850393
LSTM,mean,14,3,2023-05-28,2023-10-19,2023-05-17,2023-05-31,0.0379567634633649,0.074197754
LSTM,mean,14,3,2023-05-28,2023-10-19,2023-05-18,2023-06-01,0.0373976908582477,0.06525058
LSTM,mean,14,3,2023-05-28,2023-10-19,2023-05-19,2023-06-02,0.0369090229372637,0.062977806
LSTM,mean,14,3,2023-05-28,2023-10-19,2023-05-20,2023-06-03,0.0362252077996667,0.06459418
LSTM,mean,14,3,2023-05-28,2023-10-19,2023-05-21,2023-06-04,0.0344848930736816,0.06666151
LSTM,mean,14,3,2023-05-28,2023-10-19,2023-05-22,2023-06-05,0.0322551563472298,0.06773492
LSTM,mean,14,3,2023-05-28,2023-10-19,2023-05-23,2023-06-06,0.0288474588595936,0.06276756
LSTM,mean,14,3,2023-05-28,2023-10-19,2023-05-24,2023-06-07,0.028145270889968,0.05458151
LSTM,mean,14,3,2023-05-28,2023-10-19,2023-05-25,2023-06-08,0.0278104383439316,0.046257883
LSTM,mean,14,3,2023-05-28,2023-10-19,2023-05-26,2023-06-09,0.0276164027389459,0.04012632
LSTM,mean,14,3,2023-05-28,2023-10-19,2023-05-27,2023-06-10,0.0277615732354586,0.034518283
LSTM,mean,14,3,2023-05-28,2023-10-19,2023-05-28,2023-06-11,0.0276311401220864,0.030355599
LSTM,mean,14,3,2023-05-28,2023-10-19,2023-05-29,2023-06-12,0.0276276722476061,0.026502151
LSTM,mean,14,3,2023-05-28,2023-10-19,2023-05-30,2023-06-13,0.0266440982061456,0.022739287
LSTM,mean,14,3,2023-05-28,2023-10-19,2023-05-31,2023-06-14,0.0250418969272669,0.019291755
LSTM,mean,14,3,2023-05-28,2023-10-19,2023-06-01,2023-06-15,0.0233852535045201,0.018015992
LSTM,mean,14,3,2023-05-28,2023-10-19,2023-06-02,2023-06-16,0.0214204111470713,0.01911721
LSTM,mean,14,3,2023-05-28,2023-10-19,2023-06-03,2023-06-17,0.0205126342328133,0.021544363
LSTM,mean,14,3,2023-05-28,2023-10-19,2023-06-04,2023-06-18,0.0202678701334733,0.023585614
LSTM,mean,14,3,2023-05-28,2023-10-19,2023-06-05,2023-06-19,0.0201763215777115,0.02436218
LSTM,mean,14,3,2023-05-28,2023-10-19,2023-06-06,2023-06-20,0.018046791735304,0.023473095
LSTM,mean,14,3,2023-05-28,2023-10-19,2023-06-07,2023-06-21,0.0178234692307645,0.022627
LSTM,mean,14,3,2023-05-28,2023-10-19,2023-06-08,2023-06-22,0.0174668341572308,0.022993717
LSTM,mean,14,3,2023-05-28,2023-10-19,2023-06-09,2023-06-23,0.0170895546823357,0.024387386
LSTM,mean,14,3,2023-05-28,2023-10-19,2023-06-10,2023-06-24,0.0169368286219409,0.026556347
LSTM,mean,14,3,2023-05-28,2023-10-19,2023-06-11,2023-06-25,0.0164086962274181,0.028818544
LSTM,mean,14,3,2023-05-28,2023-10-19,2023-06-12,2023-06-26,0.0157256704901652,0.030864526
LSTM,mean,14,3,2023-05-28,2023-10-19,2023-06-13,2023-06-27,0.0159513704703154,0.031891186
LSTM,mean,14,3,2023-05-28,2023-10-19,2023-06-14,2023-06-28,0.0170484312492356,0.031510215
LSTM,mean,14,3,2023-05-28,2023-10-19,2023-06-15,2023-06-29,0.0177978767586883,0.029974978
LSTM,mean,14,3,2023-05-28,2023-10-19,2023-06-16,2023-06-30,0.0187781781915967,0.027516086
LSTM,mean,14,3,2023-05-28,2023-10-19,2023-06-17,2023-07-01,0.0190289139998906,0.025324408
LSTM,mean,14,3,2023-05-28,2023-10-19,2023-06-18,2023-07-02,0.0191834843279582,0.024116423
LSTM,mean,14,3,2023-05-28,2023-10-19,2023-06-19,2023-07-03,0.0185568532095038,0.023901407
LSTM,mean,14,3,2023-05-28,2023-10-19,2023-06-20,2023-07-04,0.0208504593902441,0.022941131
LSTM,mean,14,3,2023-05-28,2023-10-19,2023-06-21,2023-07-05,0.0212864073397356,0.022446912
LSTM,mean,14,3,2023-05-28,2023-10-19,2023-06-22,2023-07-06,0.0216439281042692,0.022293042
LSTM,mean,14,3,2023-05-28,2023-10-19,2023-06-23,2023-07-07,0.0216308251833022,0.022317704
LSTM,mean,14,3,2023-05-28,2023-10-19,2023-06-24,2023-07-08,0.0212004255174105,0.022552487
LSTM,mean,14,3,2023-05-28,2023-10-19,2023-06-25,2023-07-09,0.0209218713821802,0.022611652
LSTM,mean,14,3,2023-05-28,2023-10-19,2023-06-26,2023-07-10,0.0206476491330533,0.022346664
LSTM,mean,14,3,2023-05-28,2023-10-19,2023-06-27,2023-07-11,0.0187597038326174,0.022378106
LSTM,mean,14,3,2023-05-28,2023-10-19,2023-06-28,2023-07-12,0.018255543877761,0.023292702
LSTM,mean,14,3,2023-05-28,2023-10-19,2023-06-29,2023-07-13,0.0181572866845097,0.02462558
LSTM,mean,14,3,2023-05-28,2023-10-19,2023-06-30,2023-07-14,0.0176613392558651,0.026239436
LSTM,mean,14,3,2023-05-28,2023-10-19,2023-07-01,2023-07-15,0.0171429800760933,0.02738982
LSTM,mean,14,3,2023-05-28,2023-10-19,2023-07-02,2023-07-16,0.0164514514745288,0.027923752
LSTM,mean,14,3,2023-05-28,2023-10-19,2023-07-03,2023-07-17,0.0161489354115824,0.027419474
LSTM,mean,14,3,2023-05-28,2023-10-19,2023-07-04,2023-07-18,0.0153985470987492,0.02822538
LSTM,mean,14,3,2023-05-28,2023-10-19,2023-07-05,2023-07-19,0.0153379762318061,0.029051606
LSTM,mean,14,3,2023-05-28,2023-10-19,2023-07-06,2023-07-20,0.0151222191476377,0.029672388
LSTM,mean,14,3,2023-05-28,2023-10-19,2023-07-07,2023-07-21,0.0151318451527297,0.029792305
LSTM,mean,14,3,2023-05-28,2023-10-19,2023-07-08,2023-07-22,0.0151542543078025,0.02921531
LSTM,mean,14,3,2023-05-28,2023-10-19,2023-07-09,2023-07-23,0.0155218896273116,0.028280433
LSTM,mean,14,3,2023-05-28,2023-10-19,2023-07-10,2023-07-24,0.0157348686038957,0.02727219
LSTM,mean,14,3,2023-05-28,2023-10-19,2023-07-11,2023-07-25,0.0174992346291004,0.025205847
LSTM,mean,14,3,2023-05-28,2023-10-19,2023-07-12,2023-07-26,0.0168829323172596,0.023372862
LSTM,mean,14,3,2023-05-28,2023-10-19,2023-07-13,2023-07-27,0.0163044841674518,0.022304755
LSTM,mean,14,3,2023-05-28,2023-10-19,2023-07-14,2023-07-28,0.0160946434472257,0.02167232
LSTM,mean,14,3,2023-05-28,2023-10-19,2023-07-15,2023-07-29,0.0154951061244432,0.021310296
LSTM,mean,14,3,2023-05-28,2023-10-19,2023-07-16,2023-07-30,0.0147860267749153,0.020965185
LSTM,mean,14,3,2023-05-28,2023-10-19,2023-07-17,2023-07-31,0.014613387658776,0.020818662
LSTM,mean,14,3,2023-05-28,2023-10-19,2023-07-18,2023-08-01,0.015829941411054,0.020479243
LSTM,mean,14,3,2023-05-28,2023-10-19,2023-07-19,2023-08-02,0.0161295799124942,0.020409722
LSTM,mean,14,3,2023-05-28,2023-10-19,2023-07-20,2023-08-03,0.0168391220899545,0.020455923
LSTM,mean,14,3,2023-05-28,2023-10-19,2023-07-21,2023-08-04,0.0169792643064472,0.020700444
LSTM,mean,14,3,2023-05-28,2023-10-19,2023-07-22,2023-08-05,0.0171647243732446,0.02105688
LSTM,mean,14,3,2023-05-28,2023-10-19,2023-07-23,2023-08-06,0.0166844558684477,0.021677729
LSTM,mean,14,3,2023-05-28,2023-10-19,2023-07-24,2023-08-07,0.0159992485132267,0.022291962
LSTM,mean,14,3,2023-05-28,2023-10-19,2023-07-25,2023-08-08,0.0144439163906352,0.023908112
LSTM,mean,14,3,2023-05-28,2023-10-19,2023-07-26,2023-08-09,0.0148581068067853,0.024631958
LSTM,mean,14,3,2023-05-28,2023-10-19,2023-07-27,2023-08-10,0.0153958801268894,0.02440298
LSTM,mean,14,3,2023-05-28,2023-10-19,2023-07-28,2023-08-11,0.0159711473132509,0.023723934
LSTM,mean,14,3,2023-05-28,2023-10-19,2023-07-29,2023-08-12,0.0172772052184829,0.022604477
LSTM,mean,14,3,2023-05-28,2023-10-19,2023-07-30,2023-08-13,0.0192879515890095,0.021218184
LSTM,mean,14,3,2023-05-28,2023-10-19,2023-07-31,2023-08-14,0.0203374252272425,0.02017625
LSTM,mean,14,3,2023-05-28,2023-10-19,2023-08-01,2023-08-15,0.020049524607116,0.020498399
LSTM,mean,14,3,2023-05-28,2023-10-19,2023-08-02,2023-08-16,0.0200508407398176,0.021301996
LSTM,mean,14,3,2023-05-28,2023-10-19,2023-08-03,2023-08-17,0.0196362564205287,0.022538926
LSTM,mean,14,3,2023-05-28,2023-10-19,2023-08-04,2023-08-18,0.0198398225852111,0.02354839
LSTM,mean,14,3,2023-05-28,2023-10-19,2023-08-05,2023-08-19,0.0202026604645677,0.024230454
LSTM,mean,14,3,2023-05-28,2023-10-19,2023-08-06,2023-08-20,0.021500459689544,0.024135668
LSTM,mean,14,3,2023-05-28,2023-10-19,2023-08-07,2023-08-21,0.0225101670319655,0.023301128
LSTM,mean,14,3,2023-05-28,2023-10-19,2023-08-08,2023-08-22,0.0249693885403835,0.021416012
LSTM,mean,14,3,2023-05-28,2023-10-19,2023-08-09,2023-08-23,0.0262008852008395,0.0202646
LSTM,mean,14,3,2023-05-28,2023-10-19,2023-08-10,2023-08-24,0.0268359746817431,0.020098802
LSTM,mean,14,3,2023-05-28,2023-10-19,2023-08-11,2023-08-25,0.0272033215122494,0.020751137
LSTM,mean,14,3,2023-05-28,2023-10-19,2023-08-12,2023-08-26,0.0274205638504224,0.022401404
LSTM,mean,14,3,2023-05-28,2023-10-19,2023-08-13,2023-08-27,0.0273675598480382,0.025142904
LSTM,mean,14,3,2023-05-28,2023-10-19,2023-08-14,2023-08-28,0.0253683476494158,0.02779911
LSTM,mean,14,3,2023-05-28,2023-10-19,2023-08-15,2023-08-29,0.0258505041082487,0.029106896
LSTM,mean,14,3,2023-05-28,2023-10-19,2023-08-16,2023-08-30,0.0258942578319698,0.02933168
LSTM,mean,14,3,2023-05-28,2023-10-19,2023-08-17,2023-08-31,0.0262580651687198,0.028541911
LSTM,mean,14,3,2023-05-28,2023-10-19,2023-08-18,2023-09-01,0.0265879769844756,0.027626302
LSTM,mean,14,3,2023-05-28,2023-10-19,2023-08-19,2023-09-02,0.0274355338776344,0.02703451
LSTM,mean,14,3,2023-05-28,2023-10-19,2023-08-20,2023-09-03,0.0277461345559839,0.027525414
LSTM,mean,14,3,2023-05-28,2023-10-19,2023-08-21,2023-09-04,0.0299647092466584,0.028709803
LSTM,mean,14,3,2023-05-28,2023-10-19,2023-08-22,2023-09-05,0.0307114159327928,0.03131629
LSTM,mean,14,3,2023-05-28,2023-10-19,2023-08-23,2023-09-06,0.0314652833707542,0.034017947
LSTM,mean,14,3,2023-05-28,2023-10-19,2023-08-24,2023-09-07,0.0316878057431518,0.035995632
LSTM,mean,14,3,2023-05-28,2023-10-19,2023-08-25,2023-09-08,0.0326653805222782,0.036981143
LSTM,mean,14,3,2023-05-28,2023-10-19,2023-08-26,2023-09-09,0.0335219562981791,0.03707874
LSTM,mean,14,3,2023-05-28,2023-10-19,2023-08-27,2023-09-10,0.0341728924304534,0.036441594
LSTM,mean,14,3,2023-05-28,2023-10-19,2023-08-28,2023-09-11,0.0365213324876946,0.034059938
LSTM,mean,14,3,2023-05-28,2023-10-19,2023-08-29,2023-09-12,0.0356007963210577,0.03228229
LSTM,mean,14,3,2023-05-28,2023-10-19,2023-08-30,2023-09-13,0.0388320985219748,0.03117026
LSTM,mean,14,3,2023-05-28,2023-10-19,2023-08-31,2023-09-14,0.0404257756447544,0.030932885
LSTM,mean,14,3,2023-05-28,2023-10-19,2023-09-01,2023-09-15,0.0411650247559078,0.031335194
LSTM,mean,14,3,2023-05-28,2023-10-19,2023-09-02,2023-09-16,0.0412015501803948,0.03247108
LSTM,mean,14,3,2023-05-28,2023-10-19,2023-09-03,2023-09-17,0.041760873519425,0.033672363
LSTM,mean,14,3,2023-05-28,2023-10-19,2023-09-04,2023-09-18,0.0398648546095079,0.03611644
LSTM,mean,14,3,2023-05-28,2023-10-19,2023-09-05,2023-09-19,0.0411350831474453,0.038416337
LSTM,mean,14,3,2023-05-28,2023-10-19,2023-09-06,2023-09-20,0.0418768852124849,0.040298548
LSTM,mean,14,3,2023-05-28,2023-10-19,2023-09-07,2023-09-21,0.0426606558282112,0.04131353
LSTM,mean,14,3,2023-05-28,2023-10-19,2023-09-08,2023-09-22,0.0412121880054972,0.04215326
LSTM,mean,14,3,2023-05-28,2023-10-19,2023-09-09,2023-09-23,0.0406334689418892,0.042882435
LSTM,mean,14,3,2023-05-28,2023-10-19,2023-09-10,2023-09-24,0.0407126173265185,0.043440912
LSTM,mean,14,3,2023-05-28,2023-10-19,2023-09-11,2023-09-25,0.0416876196818655,0.04511394
LSTM,mean,14,3,2023-05-28,2023-10-19,2023-09-12,2023-09-26,0.0472992948756675,0.04536054
LSTM,mean,14,3,2023-05-28,2023-10-19,2023-09-13,2023-09-27,0.0483818513768806,0.047290076
LSTM,mean,14,3,2023-05-28,2023-10-19,2023-09-14,2023-09-28,0.0492615347164035,0.04961365
LSTM,mean,14,3,2023-05-28,2023-10-19,2023-09-15,2023-09-29,0.0507921533594418,0.051354263
LSTM,mean,14,3,2023-05-28,2023-10-19,2023-09-16,2023-09-30,0.0520991734971554,0.05189345
LSTM,mean,14,3,2023-05-28,2023-10-19,2023-09-17,2023-10-01,0.0542284810915235,0.05189613
LSTM,mean,14,3,2023-05-28,2023-10-19,2023-09-18,2023-10-02,0.0542284810915235,0.049778696
LSTM,mean,14,3,2023-05-28,2023-10-19,2023-09-19,2023-10-03,0.0571606463074874,0.048522424
LSTM,mean,14,3,2023-05-28,2023-10-19,2023-09-20,2023-10-04,0.0592071345777762,0.04808138
LSTM,mean,14,3,2023-05-28,2023-10-19,2023-09-21,2023-10-05,0.0604094030882598,0.0484025
LSTM,mean,14,3,2023-05-28,2023-10-19,2023-09-22,2023-10-06,0.0609006384193607,0.047567323
LSTM,mean,14,3,2023-05-28,2023-10-19,2023-09-23,2023-10-07,0.0613193853412927,0.046314057
LSTM,mean,14,3,2023-05-28,2023-10-19,2023-09-24,2023-10-08,0.0615882249201176,0.0453538
LSTM,mean,14,3,2023-05-28,2023-10-19,2023-09-25,2023-10-09,0.0631647592892672,0.045496132
LSTM,mean,14,3,2023-05-28,2023-10-19,2023-09-26,2023-10-10,0.0610398321469273,0.050068766
LSTM,mean,14,3,2023-05-28,2023-10-19,2023-09-27,2023-10-11,0.060229509222317,0.05474579
LSTM,mean,14,3,2023-05-28,2023-10-19,2023-09-28,2023-10-12,0.0587077468091599,0.058482025
LSTM,mean,14,3,2023-05-28,2023-10-19,2023-09-29,2023-10-13,0.0576838165217004,0.061540242
LSTM,mean,14,3,2023-05-28,2023-10-19,2023-09-30,2023-10-14,0.0563148136763107,0.06380877
LSTM,mean,14,3,2023-05-28,2023-10-19,2023-10-01,2023-10-15,0.0546615465690329,0.06606828
LSTM,mean,14,3,2023-05-28,2023-10-19,2023-10-02,2023-10-16,0.0552945790390845,0.06681986
LSTM,mean,14,3,2023-05-28,2023-10-19,2023-10-03,2023-10-17,0.0543979885707605,0.0685584
LSTM,mean,14,3,2023-05-28,2023-10-19,2023-10-04,2023-10-18,0.0541390143705266,0.07072854
LSTM,mean,14,3,2023-05-28,2023-10-19,2023-10-05,2023-10-19,0.0542820211508042,0.072506085
LSTM,mean,28,3,2023-05-28,2023-10-19,2023-05-01,2023-05-29,0.042551361925533,0.058979966
LSTM,mean,28,3,2023-05-28,2023-10-19,2023-05-02,2023-05-30,0.040431354495637,0.0621858
LSTM,mean,28,3,2023-05-28,2023-10-19,2023-05-03,2023-05-31,0.0379567634633649,0.068456836
LSTM,mean,28,3,2023-05-28,2023-10-19,2023-05-04,2023-06-01,0.0373976908582477,0.08582534
LSTM,mean,28,3,2023-05-28,2023-10-19,2023-05-05,2023-06-02,0.0369090229372637,0.101213925
LSTM,mean,28,3,2023-05-28,2023-10-19,2023-05-06,2023-06-03,0.0362252077996667,0.110024445
LSTM,mean,28,3,2023-05-28,2023-10-19,2023-05-07,2023-06-04,0.0344848930736816,0.11229508
LSTM,mean,28,3,2023-05-28,2023-10-19,2023-05-08,2023-06-05,0.0322551563472298,0.109663196
LSTM,mean,28,3,2023-05-28,2023-10-19,2023-05-09,2023-06-06,0.0288474588595936,0.10701314
LSTM,mean,28,3,2023-05-28,2023-10-19,2023-05-10,2023-06-07,0.028145270889968,0.105675
LSTM,mean,28,3,2023-05-28,2023-10-19,2023-05-11,2023-06-08,0.0278104383439316,0.104944214
LSTM,mean,28,3,2023-05-28,2023-10-19,2023-05-12,2023-06-09,0.0276164027389459,0.10309614
LSTM,mean,28,3,2023-05-28,2023-10-19,2023-05-13,2023-06-10,0.0277615732354586,0.10326745
LSTM,mean,28,3,2023-05-28,2023-10-19,2023-05-14,2023-06-11,0.0276311401220864,0.100124545
LSTM,mean,28,3,2023-05-28,2023-10-19,2023-05-15,2023-06-12,0.0276276722476061,0.09342283
LSTM,mean,28,3,2023-05-28,2023-10-19,2023-05-16,2023-06-13,0.0266440982061456,0.08464209
LSTM,mean,28,3,2023-05-28,2023-10-19,2023-05-17,2023-06-14,0.0250418969272669,0.07971923
LSTM,mean,28,3,2023-05-28,2023-10-19,2023-05-18,2023-06-15,0.0233852535045201,0.07143387
LSTM,mean,28,3,2023-05-28,2023-10-19,2023-05-19,2023-06-16,0.0214204111470713,0.06906642
LSTM,mean,28,3,2023-05-28,2023-10-19,2023-05-20,2023-06-17,0.0205126342328133,0.070832945
LSTM,mean,28,3,2023-05-28,2023-10-19,2023-05-21,2023-06-18,0.0202678701334733,0.07293931
LSTM,mean,28,3,2023-05-28,2023-10-19,2023-05-22,2023-06-19,0.0201763215777115,0.07297397
LSTM,mean,28,3,2023-05-28,2023-10-19,2023-05-23,2023-06-20,0.018046791735304,0.06626511
LSTM,mean,28,3,2023-05-28,2023-10-19,2023-05-24,2023-06-21,0.0178234692307645,0.056764856
LSTM,mean,28,3,2023-05-28,2023-10-19,2023-05-25,2023-06-22,0.0174668341572308,0.047802255
LSTM,mean,28,3,2023-05-28,2023-10-19,2023-05-26,2023-06-23,0.0170895546823357,0.042620268
LSTM,mean,28,3,2023-05-28,2023-10-19,2023-05-27,2023-06-24,0.0169368286219409,0.039860997
LSTM,mean,28,3,2023-05-28,2023-10-19,2023-05-28,2023-06-25,0.0164086962274181,0.039667573
LSTM,mean,28,3,2023-05-28,2023-10-19,2023-05-29,2023-06-26,0.0157256704901652,0.04030298
LSTM,mean,28,3,2023-05-28,2023-10-19,2023-05-30,2023-06-27,0.0159513704703154,0.0408813
LSTM,mean,28,3,2023-05-28,2023-10-19,2023-05-31,2023-06-28,0.0170484312492356,0.041591145
LSTM,mean,28,3,2023-05-28,2023-10-19,2023-06-01,2023-06-29,0.0177978767586883,0.044501197
LSTM,mean,28,3,2023-05-28,2023-10-19,2023-06-02,2023-06-30,0.0187781781915967,0.048068825
LSTM,mean,28,3,2023-05-28,2023-10-19,2023-06-03,2023-07-01,0.0190289139998906,0.04952789
LSTM,mean,28,3,2023-05-28,2023-10-19,2023-06-04,2023-07-02,0.0191834843279582,0.049158897
LSTM,mean,28,3,2023-05-28,2023-10-19,2023-06-05,2023-07-03,0.0185568532095038,0.048151594
LSTM,mean,28,3,2023-05-28,2023-10-19,2023-06-06,2023-07-04,0.0208504593902441,0.045191295
LSTM,mean,28,3,2023-05-28,2023-10-19,2023-06-07,2023-07-05,0.0212864073397356,0.043451767
LSTM,mean,28,3,2023-05-28,2023-10-19,2023-06-08,2023-07-06,0.0216439281042692,0.043050304
LSTM,mean,28,3,2023-05-28,2023-10-19,2023-06-09,2023-07-07,0.0216308251833022,0.04370871
LSTM,mean,28,3,2023-05-28,2023-10-19,2023-06-10,2023-07-08,0.0212004255174105,0.045091532
LSTM,mean,28,3,2023-05-28,2023-10-19,2023-06-11,2023-07-09,0.0209218713821802,0.046396684
LSTM,mean,28,3,2023-05-28,2023-10-19,2023-06-12,2023-07-10,0.0206476491330533,0.047463715
LSTM,mean,28,3,2023-05-28,2023-10-19,2023-06-13,2023-07-11,0.0187597038326174,0.04738619
LSTM,mean,28,3,2023-05-28,2023-10-19,2023-06-14,2023-07-12,0.018255543877761,0.045833055
LSTM,mean,28,3,2023-05-28,2023-10-19,2023-06-15,2023-07-13,0.0181572866845097,0.043261237
LSTM,mean,28,3,2023-05-28,2023-10-19,2023-06-16,2023-07-14,0.0176613392558651,0.03999669
LSTM,mean,28,3,2023-05-28,2023-10-19,2023-06-17,2023-07-15,0.0171429800760933,0.037423424
LSTM,mean,28,3,2023-05-28,2023-10-19,2023-06-18,2023-07-16,0.0164514514745288,0.03622719
LSTM,mean,28,3,2023-05-28,2023-10-19,2023-06-19,2023-07-17,0.0161489354115824,0.036140207
LSTM,mean,28,3,2023-05-28,2023-10-19,2023-06-20,2023-07-18,0.0153985470987492,0.034879733
LSTM,mean,28,3,2023-05-28,2023-10-19,2023-06-21,2023-07-19,0.0153379762318061,0.033944905
LSTM,mean,28,3,2023-05-28,2023-10-19,2023-06-22,2023-07-20,0.0151222191476377,0.03335851
LSTM,mean,28,3,2023-05-28,2023-10-19,2023-06-23,2023-07-21,0.0151318451527297,0.032966364
LSTM,mean,28,3,2023-05-28,2023-10-19,2023-06-24,2023-07-22,0.0151542543078025,0.03281727
LSTM,mean,28,3,2023-05-28,2023-10-19,2023-06-25,2023-07-23,0.0155218896273116,0.03248117
LSTM,mean,28,3,2023-05-28,2023-10-19,2023-06-26,2023-07-24,0.0157348686038957,0.03179568
LSTM,mean,28,3,2023-05-28,2023-10-19,2023-06-27,2023-07-25,0.0174992346291004,0.03160432
LSTM,mean,28,3,2023-05-28,2023-10-19,2023-06-28,2023-07-26,0.0168829323172596,0.032575034
LSTM,mean,28,3,2023-05-28,2023-10-19,2023-06-29,2023-07-27,0.0163044841674518,0.03403997
LSTM,mean,28,3,2023-05-28,2023-10-19,2023-06-30,2023-07-28,0.0160946434472257,0.035777234
LSTM,mean,28,3,2023-05-28,2023-10-19,2023-07-01,2023-07-29,0.0154951061244432,0.036968525
LSTM,mean,28,3,2023-05-28,2023-10-19,2023-07-02,2023-07-30,0.0147860267749153,0.03755972
LSTM,mean,28,3,2023-05-28,2023-10-19,2023-07-03,2023-07-31,0.014613387658776,0.037142545
LSTM,mean,28,3,2023-05-28,2023-10-19,2023-07-04,2023-08-01,0.015829941411054,0.03847913
LSTM,mean,28,3,2023-05-28,2023-10-19,2023-07-05,2023-08-02,0.0161295799124942,0.039916884
LSTM,mean,28,3,2023-05-28,2023-10-19,2023-07-06,2023-08-03,0.0168391220899545,0.04101576
LSTM,mean,28,3,2023-05-28,2023-10-19,2023-07-07,2023-08-04,0.0169792643064472,0.041470733
LSTM,mean,28,3,2023-05-28,2023-10-19,2023-07-08,2023-08-05,0.0171647243732446,0.041120183
LSTM,mean,28,3,2023-05-28,2023-10-19,2023-07-09,2023-08-06,0.0166844558684477,0.040403064
LSTM,mean,28,3,2023-05-28,2023-10-19,2023-07-10,2023-08-07,0.0159992485132267,0.039608017
LSTM,mean,28,3,2023-05-28,2023-10-19,2023-07-11,2023-08-08,0.0144439163906352,0.03754713
LSTM,mean,28,3,2023-05-28,2023-10-19,2023-07-12,2023-08-09,0.0148581068067853,0.035709176
LSTM,mean,28,3,2023-05-28,2023-10-19,2023-07-13,2023-08-10,0.0153958801268894,0.034714956
LSTM,mean,28,3,2023-05-28,2023-10-19,2023-07-14,2023-08-11,0.0159711473132509,0.034074683
LSTM,mean,28,3,2023-05-28,2023-10-19,2023-07-15,2023-08-12,0.0172772052184829,0.033514712
LSTM,mean,28,3,2023-05-28,2023-10-19,2023-07-16,2023-08-13,0.0192879515890095,0.03276811
LSTM,mean,28,3,2023-05-28,2023-10-19,2023-07-17,2023-08-14,0.0203374252272425,0.03215666
LSTM,mean,28,3,2023-05-28,2023-10-19,2023-07-18,2023-08-15,0.020049524607116,0.031323023
LSTM,mean,28,3,2023-05-28,2023-10-19,2023-07-19,2023-08-16,0.0200508407398176,0.030855501
LSTM,mean,28,3,2023-05-28,2023-10-19,2023-07-20,2023-08-17,0.0196362564205287,0.030595856
LSTM,mean,28,3,2023-05-28,2023-10-19,2023-07-21,2023-08-18,0.0198398225852111,0.030595371
LSTM,mean,28,3,2023-05-28,2023-10-19,2023-07-22,2023-08-19,0.0202026604645677,0.030738624
LSTM,mean,28,3,2023-05-28,2023-10-19,2023-07-23,2023-08-20,0.021500459689544,0.031189578
LSTM,mean,28,3,2023-05-28,2023-10-19,2023-07-24,2023-08-21,0.0225101670319655,0.031700037
LSTM,mean,28,3,2023-05-28,2023-10-19,2023-07-25,2023-08-22,0.0249693885403835,0.03341991
LSTM,mean,28,3,2023-05-28,2023-10-19,2023-07-26,2023-08-23,0.0262008852008395,0.034113195
LSTM,mean,28,3,2023-05-28,2023-10-19,2023-07-27,2023-08-24,0.0268359746817431,0.033749986
LSTM,mean,28,3,2023-05-28,2023-10-19,2023-07-28,2023-08-25,0.0272033215122494,0.03306435
LSTM,mean,28,3,2023-05-28,2023-10-19,2023-07-29,2023-08-26,0.0274205638504224,0.032081164
LSTM,mean,28,3,2023-05-28,2023-10-19,2023-07-30,2023-08-27,0.0273675598480382,0.030908132
LSTM,mean,28,3,2023-05-28,2023-10-19,2023-07-31,2023-08-28,0.0253683476494158,0.030131446
LSTM,mean,28,3,2023-05-28,2023-10-19,2023-08-01,2023-08-29,0.0258505041082487,0.0308553
LSTM,mean,28,3,2023-05-28,2023-10-19,2023-08-02,2023-08-30,0.0258942578319698,0.031902067
LSTM,mean,28,3,2023-05-28,2023-10-19,2023-08-03,2023-08-31,0.0262580651687198,0.03315362
LSTM,mean,28,3,2023-05-28,2023-10-19,2023-08-04,2023-09-01,0.0265879769844756,0.033968844
LSTM,mean,28,3,2023-05-28,2023-10-19,2023-08-05,2023-09-02,0.0274355338776344,0.03440521
LSTM,mean,28,3,2023-05-28,2023-10-19,2023-08-06,2023-09-03,0.0277461345559839,0.034093563
LSTM,mean,28,3,2023-05-28,2023-10-19,2023-08-07,2023-09-04,0.0299647092466584,0.0331339
LSTM,mean,28,3,2023-05-28,2023-10-19,2023-08-08,2023-09-05,0.0307114159327928,0.031164685
LSTM,mean,28,3,2023-05-28,2023-10-19,2023-08-09,2023-09-06,0.0314652833707542,0.030217493
LSTM,mean,28,3,2023-05-28,2023-10-19,2023-08-10,2023-09-07,0.0316878057431518,0.030442776
LSTM,mean,28,3,2023-05-28,2023-10-19,2023-08-11,2023-09-08,0.0326653805222782,0.03140021
LSTM,mean,28,3,2023-05-28,2023-10-19,2023-08-12,2023-09-09,0.0335219562981791,0.033201918
LSTM,mean,28,3,2023-05-28,2023-10-19,2023-08-13,2023-09-10,0.0341728924304534,0.03599777
LSTM,mean,28,3,2023-05-28,2023-10-19,2023-08-14,2023-09-11,0.0365213324876946,0.038555257
LSTM,mean,28,3,2023-05-28,2023-10-19,2023-08-15,2023-09-12,0.0356007963210577,0.039580554
LSTM,mean,28,3,2023-05-28,2023-10-19,2023-08-16,2023-09-13,0.0388320985219748,0.039653827
LSTM,mean,28,3,2023-05-28,2023-10-19,2023-08-17,2023-09-14,0.0404257756447544,0.038967296
LSTM,mean,28,3,2023-05-28,2023-10-19,2023-08-18,2023-09-15,0.0411650247559078,0.038455296
LSTM,mean,28,3,2023-05-28,2023-10-19,2023-08-19,2023-09-16,0.0412015501803948,0.03844253
LSTM,mean,28,3,2023-05-28,2023-10-19,2023-08-20,2023-09-17,0.041760873519425,0.03960877
LSTM,mean,28,3,2023-05-28,2023-10-19,2023-08-21,2023-09-18,0.0398648546095079,0.041362908
LSTM,mean,28,3,2023-05-28,2023-10-19,2023-08-22,2023-09-19,0.0411350831474453,0.044503797
LSTM,mean,28,3,2023-05-28,2023-10-19,2023-08-23,2023-09-20,0.0418768852124849,0.047561858
LSTM,mean,28,3,2023-05-28,2023-10-19,2023-08-24,2023-09-21,0.0426606558282112,0.049737103
LSTM,mean,28,3,2023-05-28,2023-10-19,2023-08-25,2023-09-22,0.0412121880054972,0.050942004
LSTM,mean,28,3,2023-05-28,2023-10-19,2023-08-26,2023-09-23,0.0406334689418892,0.051391356
LSTM,mean,28,3,2023-05-28,2023-10-19,2023-08-27,2023-09-24,0.0407126173265185,0.051210113
LSTM,mean,28,3,2023-05-28,2023-10-19,2023-08-28,2023-09-25,0.0416876196818655,0.04904784
LSTM,mean,28,3,2023-05-28,2023-10-19,2023-08-29,2023-09-26,0.0472992948756675,0.047581196
LSTM,mean,28,3,2023-05-28,2023-10-19,2023-08-30,2023-09-27,0.0483818513768806,0.046806235
LSTM,mean,28,3,2023-05-28,2023-10-19,2023-08-31,2023-09-28,0.0492615347164035,0.046849724
LSTM,mean,28,3,2023-05-28,2023-10-19,2023-09-01,2023-09-29,0.0507921533594418,0.04739886
LSTM,mean,28,3,2023-05-28,2023-10-19,2023-09-02,2023-09-30,0.0520991734971554,0.048594944
LSTM,mean,28,3,2023-05-28,2023-10-19,2023-09-03,2023-10-01,0.0542284810915235,0.049707253
LSTM,mean,28,3,2023-05-28,2023-10-19,2023-09-04,2023-10-02,0.0542284810915235,0.052208826
LSTM,mean,28,3,2023-05-28,2023-10-19,2023-09-05,2023-10-03,0.0571606463074874,0.054574326
LSTM,mean,28,3,2023-05-28,2023-10-19,2023-09-06,2023-10-04,0.0592071345777762,0.05654336
LSTM,mean,28,3,2023-05-28,2023-10-19,2023-09-07,2023-10-05,0.0604094030882598,0.057694323
LSTM,mean,28,3,2023-05-28,2023-10-19,2023-09-08,2023-10-06,0.0609006384193607,0.058871195
LSTM,mean,28,3,2023-05-28,2023-10-19,2023-09-09,2023-10-07,0.0613193853412927,0.06012563
LSTM,mean,28,3,2023-05-28,2023-10-19,2023-09-10,2023-10-08,0.0615882249201176,0.061290544
LSTM,mean,28,3,2023-05-28,2023-10-19,2023-09-11,2023-10-09,0.0631647592892672,0.06385984
LSTM,mean,28,3,2023-05-28,2023-10-19,2023-09-12,2023-10-10,0.0610398321469273,0.06475968
LSTM,mean,28,3,2023-05-28,2023-10-19,2023-09-13,2023-10-11,0.060229509222317,0.06763394
LSTM,mean,28,3,2023-05-28,2023-10-19,2023-09-14,2023-10-12,0.0587077468091599,0.071009226
LSTM,mean,28,3,2023-05-28,2023-10-19,2023-09-15,2023-10-13,0.0576838165217004,0.073734
LSTM,mean,28,3,2023-05-28,2023-10-19,2023-09-16,2023-10-14,0.0563148136763107,0.075075105
LSTM,mean,28,3,2023-05-28,2023-10-19,2023-09-17,2023-10-15,0.0546615465690329,0.075706884
LSTM,mean,28,3,2023-05-28,2023-10-19,2023-09-18,2023-10-16,0.0552945790390845,0.07365163
LSTM,mean,28,3,2023-05-28,2023-10-19,2023-09-19,2023-10-17,0.0543979885707605,0.07227715
LSTM,mean,28,3,2023-05-28,2023-10-19,2023-09-20,2023-10-18,0.0541390143705266,0.07160415
LSTM,mean,28,3,2023-05-28,2023-10-19,2023-09-21,2023-10-19,0.0542820211508042,0.07170101
LSTM,variance,14,3,2023-05-28,2023-10-19,2023-05-15,2023-05-29,0.0005165039138387,0.0050747897
LSTM,variance,14,3,2023-05-28,2023-10-19,2023-05-16,2023-05-30,0.0003965347193283,0.0042352206
LSTM,variance,14,3,2023-05-28,2023-10-19,2023-05-17,2023-05-31,0.0003612216101206,0.0034028215
LSTM,variance,14,3,2023-05-28,2023-10-19,2023-05-18,2023-06-01,0.000367791031549,0.003072659
LSTM,variance,14,3,2023-05-28,2023-10-19,2023-05-19,2023-06-02,0.0003706641551886,0.0029134417
LSTM,variance,14,3,2023-05-28,2023-10-19,2023-05-20,2023-06-03,0.0003756752955811,0.0026111298
LSTM,variance,14,3,2023-05-28,2023-10-19,2023-05-21,2023-06-04,0.0003787901537899,0.0025696147
LSTM,variance,14,3,2023-05-28,2023-10-19,2023-05-22,2023-06-05,0.0003166861282486,0.0027653081
LSTM,variance,14,3,2023-05-28,2023-10-19,2023-05-23,2023-06-06,8.242633513760308e-05,0.002444742
LSTM,variance,14,3,2023-05-28,2023-10-19,2023-05-24,2023-06-07,9.624188303081484e-05,0.0019884862
LSTM,variance,14,3,2023-05-28,2023-10-19,2023-05-25,2023-06-08,0.0001038043510451,0.001502848
LSTM,variance,14,3,2023-05-28,2023-10-19,2023-05-26,2023-06-09,0.0001074716350663,0.0010814156
LSTM,variance,14,3,2023-05-28,2023-10-19,2023-05-27,2023-06-10,0.000104460516848,0.00089329854
LSTM,variance,14,3,2023-05-28,2023-10-19,2023-05-28,2023-06-11,0.0001047907661525,0.00083964504
LSTM,variance,14,3,2023-05-28,2023-10-19,2023-05-29,2023-06-12,0.0001047417347462,0.0008153354
LSTM,variance,14,3,2023-05-28,2023-10-19,2023-05-30,2023-06-13,6.469446961682607e-05,0.0007258004
LSTM,variance,14,3,2023-05-28,2023-10-19,2023-05-31,2023-06-14,9.423757255570466e-05,0.00060570484
LSTM,variance,14,3,2023-05-28,2023-10-19,2023-06-01,2023-06-15,0.0001210058067034,0.00048664876
LSTM,variance,14,3,2023-05-28,2023-10-19,2023-06-02,2023-06-16,0.000142816591054,0.0003924045
LSTM,variance,14,3,2023-05-28,2023-10-19,2023-06-03,2023-06-17,0.0001407498041656,0.0003613513
LSTM,variance,14,3,2023-05-28,2023-10-19,2023-06-04,2023-06-18,0.0001406241991228,0.00045427005
LSTM,variance,14,3,2023-05-28,2023-10-19,2023-06-05,2023-06-19,0.0001386858046172,0.000531996
LSTM,variance,14,3,2023-05-28,2023-10-19,2023-06-06,2023-06-20,0.0001176046998827,0.00048269227
LSTM,variance,14,3,2023-05-28,2023-10-19,2023-06-07,2023-06-21,0.000120034800592,0.00033700594
LSTM,variance,14,3,2023-05-28,2023-10-19,2023-06-08,2023-06-22,0.0001238707577616,0.00015947178
LSTM,variance,14,3,2023-05-28,2023-10-19,2023-06-09,2023-06-23,0.0001257714385614,-1.6594764e-05
LSTM,variance,14,3,2023-05-28,2023-10-19,2023-06-10,2023-06-24,0.0001358986254905,-0.00015492899
LSTM,variance,14,3,2023-05-28,2023-10-19,2023-06-11,2023-06-25,0.000129602580032,-0.00023460433
LSTM,variance,14,3,2023-05-28,2023-10-19,2023-06-12,2023-06-26,0.0001093832999685,-0.00025774096
LSTM,variance,14,3,2023-05-28,2023-10-19,2023-06-13,2023-06-27,0.0001215027377828,-0.0002852534
LSTM,variance,14,3,2023-05-28,2023-10-19,2023-06-14,2023-06-28,0.0001136530143294,-0.00029444788
LSTM,variance,14,3,2023-05-28,2023-10-19,2023-06-15,2023-06-29,0.0001015773621123,-0.0002855463
LSTM,variance,14,3,2023-05-28,2023-10-19,2023-06-16,2023-06-30,8.369138246784943e-05,-0.00026430283
LSTM,variance,14,3,2023-05-28,2023-10-19,2023-06-17,2023-07-01,8.281965861820725e-05,-0.0002461234
LSTM,variance,14,3,2023-05-28,2023-10-19,2023-06-18,2023-07-02,8.309215793671043e-05,-0.00023364018
LSTM,variance,14,3,2023-05-28,2023-10-19,2023-06-19,2023-07-03,7.430987919036254e-05,-0.00022744782
LSTM,variance,14,3,2023-05-28,2023-10-19,2023-06-20,2023-07-04,9.421657124288997e-05,-0.00023431004
LSTM,variance,14,3,2023-05-28,2023-10-19,2023-06-21,2023-07-05,8.768492552391355e-05,-0.0002418782
LSTM,variance,14,3,2023-05-28,2023-10-19,2023-06-22,2023-07-06,8.072378920634389e-05,-0.00024641422
LSTM,variance,14,3,2023-05-28,2023-10-19,2023-06-23,2023-07-07,8.099134228211503e-05,-0.00024811062
LSTM,variance,14,3,2023-05-28,2023-10-19,2023-06-24,2023-07-08,7.73546532432404e-05,-0.00024403281
LSTM,variance,14,3,2023-05-28,2023-10-19,2023-06-25,2023-07-09,7.991587560407396e-05,-0.00024223862
LSTM,variance,14,3,2023-05-28,2023-10-19,2023-06-26,2023-07-10,7.838855917153161e-05,-0.0002500154
LSTM,variance,14,3,2023-05-28,2023-10-19,2023-06-27,2023-07-11,4.110197372174843e-05,-0.00025282893
LSTM,variance,14,3,2023-05-28,2023-10-19,2023-06-28,2023-07-12,4.295705493103402e-05,-0.0002573745
LSTM,variance,14,3,2023-05-28,2023-10-19,2023-06-29,2023-07-13,4.381126794360352e-05,-0.00026602694
LSTM,variance,14,3,2023-05-28,2023-10-19,2023-06-30,2023-07-14,4.930382379909738e-05,-0.00028088945
LSTM,variance,14,3,2023-05-28,2023-10-19,2023-07-01,2023-07-15,5.165058902079529e-05,-0.00029341248
LSTM,variance,14,3,2023-05-28,2023-10-19,2023-07-02,2023-07-16,5.2713073233251855e-05,-0.00030162232
LSTM,variance,14,3,2023-05-28,2023-10-19,2023-07-03,2023-07-17,5.085755326524275e-05,-0.0003097898
LSTM,variance,14,3,2023-05-28,2023-10-19,2023-07-04,2023-07-18,2.2425920283682633e-05,-0.00030650455
LSTM,variance,14,3,2023-05-28,2023-10-19,2023-07-05,2023-07-19,2.227004909094733e-05,-0.00030385866
LSTM,variance,14,3,2023-05-28,2023-10-19,2023-07-06,2023-07-20,2.3170543472659755e-05,-0.00030456926
LSTM,variance,14,3,2023-05-28,2023-10-19,2023-07-07,2023-07-21,2.310975956974895e-05,-0.000305722
LSTM,variance,14,3,2023-05-28,2023-10-19,2023-07-08,2023-07-22,2.3139638278931333e-05,-0.00030828826
LSTM,variance,14,3,2023-05-28,2023-10-19,2023-07-09,2023-07-23,2.478480415949975e-05,-0.0003092892
LSTM,variance,14,3,2023-05-28,2023-10-19,2023-07-10,2023-07-24,2.8139717463203465e-05,-0.00031021074
LSTM,variance,14,3,2023-05-28,2023-10-19,2023-07-11,2023-07-25,7.142798415736174e-05,-0.00032673404
LSTM,variance,14,3,2023-05-28,2023-10-19,2023-07-12,2023-07-26,8.235936714938586e-05,-0.00034137326
LSTM,variance,14,3,2023-05-28,2023-10-19,2023-07-13,2023-07-27,9.128063129160166e-05,-0.0003511291
LSTM,variance,14,3,2023-05-28,2023-10-19,2023-07-14,2023-07-28,9.506478387373946e-05,-0.00035394798
LSTM,variance,14,3,2023-05-28,2023-10-19,2023-07-15,2023-07-29,0.0001058084272263,-0.00035256706
LSTM,variance,14,3,2023-05-28,2023-10-19,2023-07-16,2023-07-30,0.0001193412909954,-0.00034953002
LSTM,variance,14,3,2023-05-28,2023-10-19,2023-07-17,2023-07-31,0.0001288343672346,-0.00034743128
LSTM,variance,14,3,2023-05-28,2023-10-19,2023-07-18,2023-08-01,0.0001836561318345,-0.0003582493
LSTM,variance,14,3,2023-05-28,2023-10-19,2023-07-19,2023-08-02,0.0001850239884705,-0.00036909292
LSTM,variance,14,3,2023-05-28,2023-10-19,2023-07-20,2023-08-03,0.0001848851750801,-0.0003765046
LSTM,variance,14,3,2023-05-28,2023-10-19,2023-07-21,2023-08-04,0.0001837508888009,-0.00038049114
LSTM,variance,14,3,2023-05-28,2023-10-19,2023-07-22,2023-08-05,0.00018377196645,-0.0003818837
LSTM,variance,14,3,2023-05-28,2023-10-19,2023-07-23,2023-08-06,0.0001838314256792,-0.00038105878
LSTM,variance,14,3,2023-05-28,2023-10-19,2023-07-24,2023-08-07,0.0001784317145476,-0.0003781363
LSTM,variance,14,3,2023-05-28,2023-10-19,2023-07-25,2023-08-08,0.0001277907380899,-0.0003567997
LSTM,variance,14,3,2023-05-28,2023-10-19,2023-07-26,2023-08-09,0.0001212244923043,-0.00033250172
LSTM,variance,14,3,2023-05-28,2023-10-19,2023-07-27,2023-08-10,0.0001139451041638,-0.00031065266
LSTM,variance,14,3,2023-05-28,2023-10-19,2023-07-28,2023-08-11,0.0001069823058298,-0.0002947715
LSTM,variance,14,3,2023-05-28,2023-10-19,2023-07-29,2023-08-12,9.323903648804924e-05,-0.0002812473
LSTM,variance,14,3,2023-05-28,2023-10-19,2023-07-30,2023-08-13,7.626276289023492e-05,-0.00026732916
LSTM,variance,14,3,2023-05-28,2023-10-19,2023-07-31,2023-08-14,8.581592535690787e-05,-0.00025397795
LSTM,variance,14,3,2023-05-28,2023-10-19,2023-08-01,2023-08-15,7.23481925503755e-05,-0.00022153299
LSTM,variance,14,3,2023-05-28,2023-10-19,2023-08-02,2023-08-16,7.23481737697382e-05,-0.00019380006
LSTM,variance,14,3,2023-05-28,2023-10-19,2023-08-03,2023-08-17,7.390151364585568e-05,-0.00017521995
LSTM,variance,14,3,2023-05-28,2023-10-19,2023-08-04,2023-08-18,7.204749658350661e-05,-0.00016542686
LSTM,variance,14,3,2023-05-28,2023-10-19,2023-08-05,2023-08-19,7.271064563097273e-05,-0.00016140494
LSTM,variance,14,3,2023-05-28,2023-10-19,2023-08-06,2023-08-20,7.824173525178751e-05,-0.00016052414
LSTM,variance,14,3,2023-05-28,2023-10-19,2023-08-07,2023-08-21,7.951995184335658e-05,-0.00016328994
LSTM,variance,14,3,2023-05-28,2023-10-19,2023-08-08,2023-08-22,0.0001516314370373,-0.00018822889
LSTM,variance,14,3,2023-05-28,2023-10-19,2023-08-09,2023-08-23,0.0001332279793012,-0.00021449428
LSTM,variance,14,3,2023-05-28,2023-10-19,2023-08-10,2023-08-24,0.0001199625802939,-0.00023760366
LSTM,variance,14,3,2023-05-28,2023-10-19,2023-08-11,2023-08-25,0.0001115664789739,-0.00025621802
LSTM,variance,14,3,2023-05-28,2023-10-19,2023-08-12,2023-08-26,0.0001089769299003,-0.00027385494
LSTM,variance,14,3,2023-05-28,2023-10-19,2023-08-13,2023-08-27,0.0001090122431089,-0.000293012
LSTM,variance,14,3,2023-05-28,2023-10-19,2023-08-14,2023-08-28,0.0001364924890041,-0.000302542
LSTM,variance,14,3,2023-05-28,2023-10-19,2023-08-15,2023-08-29,0.0001548350506503,-0.00031242007
LSTM,variance,14,3,2023-05-28,2023-10-19,2023-08-16,2023-08-30,0.0001543154806848,-0.00031877193
LSTM,variance,14,3,2023-05-28,2023-10-19,2023-08-17,2023-08-31,0.0001477900902021,-0.00032134377
LSTM,variance,14,3,2023-05-28,2023-10-19,2023-08-18,2023-09-01,0.000142688695758,-0.0003225545
LSTM,variance,14,3,2023-05-28,2023-10-19,2023-08-19,2023-09-02,0.0001469436097987,-0.00032234215
LSTM,variance,14,3,2023-05-28,2023-10-19,2023-08-20,2023-09-03,0.0001512908580352,-0.00031915493
LSTM,variance,14,3,2023-05-28,2023-10-19,2023-08-21,2023-09-04,0.0002293500945692,-0.00031533837
LSTM,variance,14,3,2023-05-28,2023-10-19,2023-08-22,2023-09-05,0.000276726194928,-0.00028117606
LSTM,variance,14,3,2023-05-28,2023-10-19,2023-08-23,2023-09-06,0.0002790904220727,-0.00025744224
LSTM,variance,14,3,2023-05-28,2023-10-19,2023-08-24,2023-09-07,0.0002748954967189,-0.00024819607
LSTM,variance,14,3,2023-05-28,2023-10-19,2023-08-25,2023-09-08,0.0002833093926389,-0.00024965126
LSTM,variance,14,3,2023-05-28,2023-10-19,2023-08-26,2023-09-09,0.0002754632998991,-0.00025545666
LSTM,variance,14,3,2023-05-28,2023-10-19,2023-08-27,2023-09-10,0.000271369542194,-0.00026126602
LSTM,variance,14,3,2023-05-28,2023-10-19,2023-08-28,2023-09-11,0.0002178243524314,-0.00025370577
LSTM,variance,14,3,2023-05-28,2023-10-19,2023-08-29,2023-09-12,0.0002284212814646,-0.00023706279
LSTM,variance,14,3,2023-05-28,2023-10-19,2023-08-30,2023-09-13,0.0002371014703427,-0.00022278469
LSTM,variance,14,3,2023-05-28,2023-10-19,2023-08-31,2023-09-14,0.0002000473267573,-0.00021587125
LSTM,variance,14,3,2023-05-28,2023-10-19,2023-09-01,2023-09-15,0.0001753653299908,-0.0002153227
LSTM,variance,14,3,2023-05-28,2023-10-19,2023-09-02,2023-09-16,0.0001749067441469,-0.00021518672
LSTM,variance,14,3,2023-05-28,2023-10-19,2023-09-03,2023-09-17,0.0001722714436764,-0.00021369125
LSTM,variance,14,3,2023-05-28,2023-10-19,2023-09-04,2023-09-18,0.00014747519878,-0.000178484
LSTM,variance,14,3,2023-05-28,2023-10-19,2023-09-05,2023-09-19,0.0002346230251452,-0.00012443376
LSTM,variance,14,3,2023-05-28,2023-10-19,2023-09-06,2023-09-20,0.0002346634265661,-7.883668e-05
LSTM,variance,14,3,2023-05-28,2023-10-19,2023-09-07,2023-09-21,0.0002103346780739,-4.911585e-05
LSTM,variance,14,3,2023-05-28,2023-10-19,2023-09-08,2023-09-22,0.0002123798596343,-2.8136645e-05
LSTM,variance,14,3,2023-05-28,2023-10-19,2023-09-09,2023-09-23,0.0002246940607239,-1.9036459e-05
LSTM,variance,14,3,2023-05-28,2023-10-19,2023-09-10,2023-09-24,0.0002238126591864,-1.7080449e-05
LSTM,variance,14,3,2023-05-28,2023-10-19,2023-09-11,2023-09-25,0.000214873608921,-4.097935e-05
LSTM,variance,14,3,2023-05-28,2023-10-19,2023-09-12,2023-09-26,0.0006063491550938,-5.9713137e-05
LSTM,variance,14,3,2023-05-28,2023-10-19,2023-09-13,2023-09-27,0.0006424838052984,-6.915628e-05
LSTM,variance,14,3,2023-05-28,2023-10-19,2023-09-14,2023-09-28,0.0006899169263853,-8.938228e-05
LSTM,variance,14,3,2023-05-28,2023-10-19,2023-09-15,2023-09-29,0.0006526537878025,-0.00011663371
LSTM,variance,14,3,2023-05-28,2023-10-19,2023-09-16,2023-09-30,0.0006300505221724,-0.00013877822
LSTM,variance,14,3,2023-05-28,2023-10-19,2023-09-17,2023-10-01,0.0006394715613091,-0.00015531619
LSTM,variance,14,3,2023-05-28,2023-10-19,2023-09-18,2023-10-02,0.0006394715613091,-0.00017658364
LSTM,variance,14,3,2023-05-28,2023-10-19,2023-09-19,2023-10-03,0.0008929586378093,-0.00015471851
LSTM,variance,14,3,2023-05-28,2023-10-19,2023-09-20,2023-10-04,0.0008899873263008,-0.00012843752
LSTM,variance,14,3,2023-05-28,2023-10-19,2023-09-21,2023-10-05,0.0008365401705632,-0.00011686258
LSTM,variance,14,3,2023-05-28,2023-10-19,2023-09-22,2023-10-06,0.0008033361287065,-0.00011080992
LSTM,variance,14,3,2023-05-28,2023-10-19,2023-09-23,2023-10-07,0.0007754433396848,-0.00010334583
LSTM,variance,14,3,2023-05-28,2023-10-19,2023-09-24,2023-10-08,0.0007614866027332,-9.878491e-05
LSTM,variance,14,3,2023-05-28,2023-10-19,2023-09-25,2023-10-09,0.0007597507857682,-0.00010020169
LSTM,variance,14,3,2023-05-28,2023-10-19,2023-09-26,2023-10-10,0.0005752876132009,6.911602e-05
LSTM,variance,14,3,2023-05-28,2023-10-19,2023-09-27,2023-10-11,0.0005668255911017,0.00024855032
LSTM,variance,14,3,2023-05-28,2023-10-19,2023-09-28,2023-10-12,0.0005496950161238,0.00041376695
LSTM,variance,14,3,2023-05-28,2023-10-19,2023-09-29,2023-10-13,0.000586963784257,0.00052314403
LSTM,variance,14,3,2023-05-28,2023-10-19,2023-09-30,2023-10-14,0.0006300811004854,0.00058976037
LSTM,variance,14,3,2023-05-28,2023-10-19,2023-10-01,2023-10-15,0.0006238728756948,0.0006407006
LSTM,variance,14,3,2023-05-28,2023-10-19,2023-10-02,2023-10-16,0.0005814928760014,0.0006820285
LSTM,variance,14,3,2023-05-28,2023-10-19,2023-10-03,2023-10-17,0.0004814836144902,0.00083388935
LSTM,variance,14,3,2023-05-28,2023-10-19,2023-10-04,2023-10-18,0.0004738329356074,0.0009850232
LSTM,variance,14,3,2023-05-28,2023-10-19,2023-10-05,2023-10-19,0.0004718114614599,0.0011060592
LSTM,variance,28,3,2023-05-28,2023-10-19,2023-05-01,2023-05-29,0.0005165039138387,0.001337717
LSTM,variance,28,3,2023-05-28,2023-10-19,2023-05-02,2023-05-30,0.0003965347193283,0.0012185294
LSTM,variance,28,3,2023-05-28,2023-10-19,2023-05-03,2023-05-31,0.0003612216101206,0.0013543522
LSTM,variance,28,3,2023-05-28,2023-10-19,2023-05-04,2023-06-01,0.000367791031549,0.0018562021
LSTM,variance,28,3,2023-05-28,2023-10-19,2023-05-05,2023-06-02,0.0003706641551886,0.0020319414
LSTM,variance,28,3,2023-05-28,2023-10-19,2023-05-06,2023-06-03,0.0003756752955811,0.0024209803
LSTM,variance,28,3,2023-05-28,2023-10-19,2023-05-07,2023-06-04,0.0003787901537899,0.002612623
LSTM,variance,28,3,2023-05-28,2023-10-19,2023-05-08,2023-06-05,0.0003166861282486,0.0025815638
LSTM,variance,28,3,2023-05-28,2023-10-19,2023-05-09,2023-06-06,8.242633513760308e-05,0.0028218229
LSTM,variance,28,3,2023-05-28,2023-10-19,2023-05-10,2023-06-07,9.624188303081484e-05,0.0029574207
LSTM,variance,28,3,2023-05-28,2023-10-19,2023-05-11,2023-06-08,0.0001038043510451,0.0029521761
LSTM,variance,28,3,2023-05-28,2023-10-19,2023-05-12,2023-06-09,0.0001074716350663,0.0032272318
LSTM,variance,28,3,2023-05-28,2023-10-19,2023-05-13,2023-06-10,0.000104460516848,0.0035816382
LSTM,variance,28,3,2023-05-28,2023-10-19,2023-05-14,2023-06-11,0.0001047907661525,0.0039303866
LSTM,variance,28,3,2023-05-28,2023-10-19,2023-05-15,2023-06-12,0.0001047417347462,0.0040892838
LSTM,variance,28,3,2023-05-28,2023-10-19,2023-05-16,2023-06-13,6.469446961682607e-05,0.0036040137
LSTM,variance,28,3,2023-05-28,2023-10-19,2023-05-17,2023-06-14,9.423757255570466e-05,0.0031097252
LSTM,variance,28,3,2023-05-28,2023-10-19,2023-05-18,2023-06-15,0.0001210058067034,0.002664128
LSTM,variance,28,3,2023-05-28,2023-10-19,2023-05-19,2023-06-16,0.000142816591054,0.0028616758
LSTM,variance,28,3,2023-05-28,2023-10-19,2023-05-20,2023-06-17,0.0001407498041656,0.0036239699
LSTM,variance,28,3,2023-05-28,2023-10-19,2023-05-21,2023-06-18,0.0001406241991228,0.004425378
LSTM,variance,28,3,2023-05-28,2023-10-19,2023-05-22,2023-06-19,0.0001386858046172,0.004477189
LSTM,variance,28,3,2023-05-28,2023-10-19,2023-05-23,2023-06-20,0.0001176046998827,0.004020341
LSTM,variance,28,3,2023-05-28,2023-10-19,2023-05-24,2023-06-21,0.000120034800592,0.0041377307
LSTM,variance,28,3,2023-05-28,2023-10-19,2023-05-25,2023-06-22,0.0001238707577616,0.0044924235
LSTM,variance,28,3,2023-05-28,2023-10-19,2023-05-26,2023-06-23,0.0001257714385614,0.004645177
LSTM,variance,28,3,2023-05-28,2023-10-19,2023-05-27,2023-06-24,0.0001358986254905,0.0043452256
LSTM,variance,28,3,2023-05-28,2023-10-19,2023-05-28,2023-06-25,0.000129602580032,0.0034812028
LSTM,variance,28,3,2023-05-28,2023-10-19,2023-05-29,2023-06-26,0.0001093832999685,0.0021320637
LSTM,variance,28,3,2023-05-28,2023-10-19,2023-05-30,2023-06-27,0.0001215027377828,0.0012779656
LSTM,variance,28,3,2023-05-28,2023-10-19,2023-05-31,2023-06-28,0.0001136530143294,0.0013787769
LSTM,variance,28,3,2023-05-28,2023-10-19,2023-06-01,2023-06-29,0.0001015773621123,0.0017093503
LSTM,variance,28,3,2023-05-28,2023-10-19,2023-06-02,2023-06-30,8.369138246784943e-05,0.0019949414
LSTM,variance,28,3,2023-05-28,2023-10-19,2023-06-03,2023-07-01,8.281965861820725e-05,0.0023338485
LSTM,variance,28,3,2023-05-28,2023-10-19,2023-06-04,2023-07-02,8.309215793671043e-05,0.0025542201
LSTM,variance,28,3,2023-05-28,2023-10-19,2023-06-05,2023-07-03,7.430987919036254e-05,0.0021312067
LSTM,variance,28,3,2023-05-28,2023-10-19,2023-06-06,2023-07-04,9.421657124288997e-05,0.0008948041
LSTM,variance,28,3,2023-05-28,2023-10-19,2023-06-07,2023-07-05,8.768492552391355e-05,0.00021647227
LSTM,variance,28,3,2023-05-28,2023-10-19,2023-06-08,2023-07-06,8.072378920634389e-05,-0.00021922441
LSTM,variance,28,3,2023-05-28,2023-10-19,2023-06-09,2023-07-07,8.099134228211503e-05,0.00010326768
LSTM,variance,28,3,2023-05-28,2023-10-19,2023-06-10,2023-07-08,7.73546532432404e-05,0.00034409526
LSTM,variance,28,3,2023-05-28,2023-10-19,2023-06-11,2023-07-09,7.991587560407396e-05,0.000356507
LSTM,variance,28,3,2023-05-28,2023-10-19,2023-06-12,2023-07-10,7.838855917153161e-05,0.0003560113
LSTM,variance,28,3,2023-05-28,2023-10-19,2023-06-13,2023-07-11,4.110197372174843e-05,0.00035310534
LSTM,variance,28,3,2023-05-28,2023-10-19,2023-06-14,2023-07-12,4.295705493103402e-05,0.00035776998
LSTM,variance,28,3,2023-05-28,2023-10-19,2023-06-15,2023-07-13,4.381126794360352e-05,0.0003807137
LSTM,variance,28,3,2023-05-28,2023-10-19,2023-06-16,2023-07-14,4.930382379909738e-05,0.00042108187
LSTM,variance,28,3,2023-05-28,2023-10-19,2023-06-17,2023-07-15,5.165058902079529e-05,0.00046410292
LSTM,variance,28,3,2023-05-28,2023-10-19,2023-06-18,2023-07-16,5.2713073233251855e-05,0.00049960945
LSTM,variance,28,3,2023-05-28,2023-10-19,2023-06-19,2023-07-17,5.085755326524275e-05,0.00052408857
LSTM,variance,28,3,2023-05-28,2023-10-19,2023-06-20,2023-07-18,2.2425920283682633e-05,0.00052964414
LSTM,variance,28,3,2023-05-28,2023-10-19,2023-06-21,2023-07-19,2.227004909094733e-05,0.000523496
LSTM,variance,28,3,2023-05-28,2023-10-19,2023-06-22,2023-07-20,2.3170543472659755e-05,0.0005147361
LSTM,variance,28,3,2023-05-28,2023-10-19,2023-06-23,2023-07-21,2.310975956974895e-05,0.0005076887
LSTM,variance,28,3,2023-05-28,2023-10-19,2023-06-24,2023-07-22,2.3139638278931333e-05,0.00050660706
LSTM,variance,28,3,2023-05-28,2023-10-19,2023-06-25,2023-07-23,2.478480415949975e-05,0.00050673046
LSTM,variance,28,3,2023-05-28,2023-10-19,2023-06-26,2023-07-24,2.8139717463203465e-05,0.0004993744
LSTM,variance,28,3,2023-05-28,2023-10-19,2023-06-27,2023-07-25,7.142798415736174e-05,0.0004915088
LSTM,variance,28,3,2023-05-28,2023-10-19,2023-06-28,2023-07-26,8.235936714938586e-05,0.00048341017
LSTM,variance,28,3,2023-05-28,2023-10-19,2023-06-29,2023-07-27,9.128063129160166e-05,0.00047166212
LSTM,variance,28,3,2023-05-28,2023-10-19,2023-06-30,2023-07-28,9.506478387373946e-05,0.00045243485
LSTM,variance,28,3,2023-05-28,2023-10-19,2023-07-01,2023-07-29,0.0001058084272263,0.00043132794
LSTM,variance,28,3,2023-05-28,2023-10-19,2023-07-02,2023-07-30,0.0001193412909954,0.00041389963
LSTM,variance,28,3,2023-05-28,2023-10-19,2023-07-03,2023-07-31,0.0001288343672346,0.0003990476
LSTM,variance,28,3,2023-05-28,2023-10-19,2023-07-04,2023-08-01,0.0001836561318345,0.0003952137
LSTM,variance,28,3,2023-05-28,2023-10-19,2023-07-05,2023-08-02,0.0001850239884705,0.00039724165
LSTM,variance,28,3,2023-05-28,2023-10-19,2023-07-06,2023-08-03,0.0001848851750801,0.00039830056
LSTM,variance,28,3,2023-05-28,2023-10-19,2023-07-07,2023-08-04,0.0001837508888009,0.0003981108
LSTM,variance,28,3,2023-05-28,2023-10-19,2023-07-08,2023-08-05,0.00018377196645,0.0003962037
LSTM,variance,28,3,2023-05-28,2023-10-19,2023-07-09,2023-08-06,0.0001838314256792,0.0003947981
LSTM,variance,28,3,2023-05-28,2023-10-19,2023-07-10,2023-08-07,0.0001784317145476,0.00039401054
LSTM,variance,28,3,2023-05-28,2023-10-19,2023-07-11,2023-08-08,0.0001277907380899,0.0003791486
LSTM,variance,28,3,2023-05-28,2023-10-19,2023-07-12,2023-08-09,0.0001212244923043,0.00035719175
LSTM,variance,28,3,2023-05-28,2023-10-19,2023-07-13,2023-08-10,0.0001139451041638,0.0003372236
LSTM,variance,28,3,2023-05-28,2023-10-19,2023-07-14,2023-08-11,0.0001069823058298,0.00032516508
LSTM,variance,28,3,2023-05-28,2023-10-19,2023-07-15,2023-08-12,9.323903648804924e-05,0.0003213015
LSTM,variance,28,3,2023-05-28,2023-10-19,2023-07-16,2023-08-13,7.626276289023492e-05,0.0003229015
LSTM,variance,28,3,2023-05-28,2023-10-19,2023-07-17,2023-08-14,8.581592535690787e-05,0.00032594704
LSTM,variance,28,3,2023-05-28,2023-10-19,2023-07-18,2023-08-15,7.23481925503755e-05,0.00031790914
LSTM,variance,28,3,2023-05-28,2023-10-19,2023-07-19,2023-08-16,7.23481737697382e-05,0.00030320042
LSTM,variance,28,3,2023-05-28,2023-10-19,2023-07-20,2023-08-17,7.390151364585568e-05,0.00028928785
LSTM,variance,28,3,2023-05-28,2023-10-19,2023-07-21,2023-08-18,7.204749658350661e-05,0.0002794653
LSTM,variance,28,3,2023-05-28,2023-10-19,2023-07-22,2023-08-19,7.271064563097273e-05,0.00027409868
LSTM,variance,28,3,2023-05-28,2023-10-19,2023-07-23,2023-08-20,7.824173525178751e-05,0.00027275257
LSTM,variance,28,3,2023-05-28,2023-10-19,2023-07-24,2023-08-21,7.951995184335658e-05,0.0002748973
LSTM,variance,28,3,2023-05-28,2023-10-19,2023-07-25,2023-08-22,0.0001516314370373,0.00029526834
LSTM,variance,28,3,2023-05-28,2023-10-19,2023-07-26,2023-08-23,0.0001332279793012,0.00032901517
LSTM,variance,28,3,2023-05-28,2023-10-19,2023-07-27,2023-08-24,0.0001199625802939,0.00036643664
LSTM,variance,28,3,2023-05-28,2023-10-19,2023-07-28,2023-08-25,0.0001115664789739,0.00039985645
LSTM,variance,28,3,2023-05-28,2023-10-19,2023-07-29,2023-08-26,0.0001089769299003,0.000428749
LSTM,variance,28,3,2023-05-28,2023-10-19,2023-07-30,2023-08-27,0.0001090122431089,0.00045586666
LSTM,variance,28,3,2023-05-28,2023-10-19,2023-07-31,2023-08-28,0.0001364924890041,0.00048187093
LSTM,variance,28,3,2023-05-28,2023-10-19,2023-08-01,2023-08-29,0.0001548350506503,0.0005241
LSTM,variance,28,3,2023-05-28,2023-10-19,2023-08-02,2023-08-30,0.0001543154806848,0.000571761
LSTM,variance,28,3,2023-05-28,2023-10-19,2023-08-03,2023-08-31,0.0001477900902021,0.0006122415
LSTM,variance,28,3,2023-05-28,2023-10-19,2023-08-04,2023-09-01,0.000142688695758,0.0006400593
LSTM,variance,28,3,2023-05-28,2023-10-19,2023-08-05,2023-09-02,0.0001469436097987,0.0006555722
LSTM,variance,28,3,2023-05-28,2023-10-19,2023-08-06,2023-09-03,0.0001512908580352,0.00066164945
LSTM,variance,28,3,2023-05-28,2023-10-19,2023-08-07,2023-09-04,0.0002293500945692,0.0006595136
LSTM,variance,28,3,2023-05-28,2023-10-19,2023-08-08,2023-09-05,0.000276726194928,0.0006325107
LSTM,variance,28,3,2023-05-28,2023-10-19,2023-08-09,2023-09-06,0.0002790904220727,0.0005897283
LSTM,variance,28,3,2023-05-28,2023-10-19,2023-08-10,2023-09-07,0.0002748954967189,0.000543505
LSTM,variance,28,3,2023-05-28,2023-10-19,2023-08-11,2023-09-08,0.0002833093926389,0.0005014422
LSTM,variance,28,3,2023-05-28,2023-10-19,2023-08-12,2023-09-09,0.0002754632998991,0.0004639021
LSTM,variance,28,3,2023-05-28,2023-10-19,2023-08-13,2023-09-10,0.000271369542194,0.00042821464
LSTM,variance,28,3,2023-05-28,2023-10-19,2023-08-14,2023-09-11,0.0002178243524314,0.00040272644
LSTM,variance,28,3,2023-05-28,2023-10-19,2023-08-15,2023-09-12,0.0002284212814646,0.0003839434
LSTM,variance,28,3,2023-05-28,2023-10-19,2023-08-16,2023-09-13,0.0002371014703427,0.00037145845
LSTM,variance,28,3,2023-05-28,2023-10-19,2023-08-17,2023-09-14,0.0002000473267573,0.0003658144
LSTM,variance,28,3,2023-05-28,2023-10-19,2023-08-18,2023-09-15,0.0001753653299908,0.00036465327
LSTM,variance,28,3,2023-05-28,2023-10-19,2023-08-19,2023-09-16,0.0001749067441469,0.00036642278
LSTM,variance,28,3,2023-05-28,2023-10-19,2023-08-20,2023-09-17,0.0001722714436764,0.0003718687
LSTM,variance,28,3,2023-05-28,2023-10-19,2023-08-21,2023-09-18,0.00014747519878,0.00037908225
LSTM,variance,28,3,2023-05-28,2023-10-19,2023-08-22,2023-09-19,0.0002346230251452,0.00041406785
LSTM,variance,28,3,2023-05-28,2023-10-19,2023-08-23,2023-09-20,0.0002346634265661,0.00045604524
LSTM,variance,28,3,2023-05-28,2023-10-19,2023-08-24,2023-09-21,0.0002103346780739,0.000485601
LSTM,variance,28,3,2023-05-28,2023-10-19,2023-08-25,2023-09-22,0.0002123798596343,0.0004979461
LSTM,variance,28,3,2023-05-28,2023-10-19,2023-08-26,2023-09-23,0.0002246940607239,0.00049735414
LSTM,variance,28,3,2023-05-28,2023-10-19,2023-08-27,2023-09-24,0.0002238126591864,0.000490469
LSTM,variance,28,3,2023-05-28,2023-10-19,2023-08-28,2023-09-25,0.000214873608921,0.0004930144
LSTM,variance,28,3,2023-05-28,2023-10-19,2023-08-29,2023-09-26,0.0006063491550938,0.00050951686
LSTM,variance,28,3,2023-05-28,2023-10-19,2023-08-30,2023-09-27,0.0006424838052984,0.00053070096
LSTM,variance,28,3,2023-05-28,2023-10-19,2023-08-31,2023-09-28,0.0006899169263853,0.0005465127
LSTM,variance,28,3,2023-05-28,2023-10-19,2023-09-01,2023-09-29,0.0006526537878025,0.00055331475
LSTM,variance,28,3,2023-05-28,2023-10-19,2023-09-02,2023-09-30,0.0006300505221724,0.0005554108
LSTM,variance,28,3,2023-05-28,2023-10-19,2023-09-03,2023-10-01,0.0006394715613091,0.00055702816
LSTM,variance,28,3,2023-05-28,2023-10-19,2023-09-04,2023-10-02,0.0006394715613091,0.0005895079
LSTM,variance,28,3,2023-05-28,2023-10-19,2023-09-05,2023-10-03,0.0008929586378093,0.00065745536
LSTM,variance,28,3,2023-05-28,2023-10-19,2023-09-06,2023-10-04,0.0008899873263008,0.00073525374
LSTM,variance,28,3,2023-05-28,2023-10-19,2023-09-07,2023-10-05,0.0008365401705632,0.00080173166
LSTM,variance,28,3,2023-05-28,2023-10-19,2023-09-08,2023-10-06,0.0008033361287065,0.000853419
LSTM,variance,28,3,2023-05-28,2023-10-19,2023-09-09,2023-10-07,0.0007754433396848,0.00088640646
LSTM,variance,28,3,2023-05-28,2023-10-19,2023-09-10,2023-10-08,0.0007614866027332,0.0009018846
LSTM,variance,28,3,2023-05-28,2023-10-19,2023-09-11,2023-10-09,0.0007597507857682,0.0008827495
LSTM,variance,28,3,2023-05-28,2023-10-19,2023-09-12,2023-10-10,0.0005752876132009,0.0008474148
LSTM,variance,28,3,2023-05-28,2023-10-19,2023-09-13,2023-10-11,0.0005668255911017,0.00081326225
LSTM,variance,28,3,2023-05-28,2023-10-19,2023-09-14,2023-10-12,0.0005496950161238,0.00077082793
LSTM,variance,28,3,2023-05-28,2023-10-19,2023-09-15,2023-10-13,0.000586963784257,0.0007172641
LSTM,variance,28,3,2023-05-28,2023-10-19,2023-09-16,2023-10-14,0.0006300811004854,0.0006649489
LSTM,variance,28,3,2023-05-28,2023-10-19,2023-09-17,2023-10-15,0.0006238728756948,0.00062248047
LSTM,variance,28,3,2023-05-28,2023-10-19,2023-09-18,2023-10-16,0.0005814928760014,0.0005838201
LSTM,variance,28,3,2023-05-28,2023-10-19,2023-09-19,2023-10-17,0.0004814836144902,0.0005872992
LSTM,variance,28,3,2023-05-28,2023-10-19,2023-09-20,2023-10-18,0.0004738329356074,0.0006205409
LSTM,variance,28,3,2023-05-28,2023-10-19,2023-09-21,2023-10-19,0.0004718114614599,0.0006527211
Persistence,mean,14,1,2022-08-12,2023-01-03,2022-07-30,2022-08-13,0.2329217094041259,0.11357461169464424
Local Kalman-OU,mean,14,1,2022-08-12,2023-01-03,2022-07-30,2022-08-13,0.2329217094041259,0.09596324824686493
Persistence,mean,14,1,2022-08-12,2023-01-03,2022-07-31,2022-08-14,0.2385535797447704,0.12184573542501764
Local Kalman-OU,mean,14,1,2022-08-12,2023-01-03,2022-07-31,2022-08-14,0.2385535797447704,0.1031380788642271
Persistence,mean,14,1,2022-08-12,2023-01-03,2022-08-01,2022-08-15,0.2473722465948995,0.13090621480570538
Local Kalman-OU,mean,14,1,2022-08-12,2023-01-03,2022-08-01,2022-08-15,0.2473722465948995,0.11155555676210388
Persistence,mean,14,1,2022-08-12,2023-01-03,2022-08-02,2022-08-16,0.2611679445832513,0.14761240693625055
Local Kalman-OU,mean,14,1,2022-08-12,2023-01-03,2022-08-02,2022-08-16,0.2611679445832513,0.1257064004678642
Persistence,mean,14,1,2022-08-12,2023-01-03,2022-08-03,2022-08-17,0.2681468829599621,0.1570709462338716
Local Kalman-OU,mean,14,1,2022-08-12,2023-01-03,2022-08-03,2022-08-17,0.2681468829599621,0.13931254094411696
Persistence,mean,14,1,2022-08-12,2023-01-03,2022-08-04,2022-08-18,0.273718736198986,0.16430589230642528
Local Kalman-OU,mean,14,1,2022-08-12,2023-01-03,2022-08-04,2022-08-18,0.273718736198986,0.15153441165377712
Persistence,mean,14,1,2022-08-12,2023-01-03,2022-08-05,2022-08-19,0.2774965925697973,0.16960731373247925
Local Kalman-OU,mean,14,1,2022-08-12,2023-01-03,2022-08-05,2022-08-19,0.2774965925697973,0.16160624212990704
Persistence,mean,14,1,2022-08-12,2023-01-03,2022-08-06,2022-08-20,0.2846488995750268,0.1740957832047936
Local Kalman-OU,mean,14,1,2022-08-12,2023-01-03,2022-08-06,2022-08-20,0.2846488995750268,0.1707099577974178
Persistence,mean,14,1,2022-08-12,2023-01-03,2022-08-07,2022-08-21,0.2914799867095102,0.17892763682509163
Local Kalman-OU,mean,14,1,2022-08-12,2023-01-03,2022-08-07,2022-08-21,0.2914799867095102,0.1799063446845603
Persistence,mean,14,1,2022-08-12,2023-01-03,2022-08-08,2022-08-22,0.2927937040338635,0.18291156441016704
Local Kalman-OU,mean,14,1,2022-08-12,2023-01-03,2022-08-08,2022-08-22,0.2927937040338635,0.187803485410387
Persistence,mean,14,1,2022-08-12,2023-01-03,2022-08-09,2022-08-23,0.3050685950037263,0.20052633313970156
Local Kalman-OU,mean,14,1,2022-08-12,2023-01-03,2022-08-09,2022-08-23,0.3050685950037263,0.2070875580481467
Persistence,mean,14,1,2022-08-12,2023-01-03,2022-08-10,2022-08-24,0.3143525470582268,0.21300253723590482
Local Kalman-OU,mean,14,1,2022-08-12,2023-01-03,2022-08-10,2022-08-24,0.3143525470582268,0.22353360751497622
Persistence,mean,14,1,2022-08-12,2023-01-03,2022-08-11,2022-08-25,0.3176567890612977,0.22154159863631853
Local Kalman-OU,mean,14,1,2022-08-12,2023-01-03,2022-08-11,2022-08-25,0.3176567890612977,0.23602715140340022
Persistence,mean,14,1,2022-08-12,2023-01-03,2022-08-12,2022-08-26,0.3215352456652847,0.2268411289255822
Local Kalman-OU,mean,14,1,2022-08-12,2023-01-03,2022-08-12,2022-08-26,0.3215352456652847,0.24502723109295058
Persistence,mean,14,1,2022-08-12,2023-01-03,2022-08-13,2022-08-27,0.3255590151207944,0.23292170940412596
Local Kalman-OU,mean,14,1,2022-08-12,2023-01-03,2022-08-13,2022-08-27,0.3255590151207944,0.25467934254816454
Persistence,mean,14,1,2022-08-12,2023-01-03,2022-08-14,2022-08-28,0.3270184802090577,0.23855357974477048
Local Kalman-OU,mean,14,1,2022-08-12,2023-01-03,2022-08-14,2022-08-28,0.3270184802090577,0.26393447137959514
Persistence,mean,14,1,2022-08-12,2023-01-03,2022-08-15,2022-08-29,0.3279652444163786,0.24737224659489954
Local Kalman-OU,mean,14,1,2022-08-12,2023-01-03,2022-08-15,2022-08-29,0.3279652444163786,0.2758328791725717
Persistence,mean,14,1,2022-08-12,2023-01-03,2022-08-16,2022-08-30,0.3264417165286367,0.2611679445832513
Local Kalman-OU,mean,14,1,2022-08-12,2023-01-03,2022-08-16,2022-08-30,0.3264417165286367,0.29221321471546446
Persistence,mean,14,1,2022-08-12,2023-01-03,2022-08-17,2022-08-31,0.3234294476000823,0.26814688295996214
Local Kalman-OU,mean,14,1,2022-08-12,2023-01-03,2022-08-17,2022-08-31,0.3234294476000823,0.30286458347049583
Persistence,mean,14,1,2022-08-12,2023-01-03,2022-08-18,2022-09-01,0.3185674289762943,0.273718736198986
Local Kalman-OU,mean,14,1,2022-08-12,2023-01-03,2022-08-18,2022-09-01,0.3185674289762943,0.3120665578694095
Persistence,mean,14,1,2022-08-12,2023-01-03,2022-08-19,2022-09-02,0.3150800198621729,0.27749659256979736
Local Kalman-OU,mean,14,1,2022-08-12,2023-01-03,2022-08-19,2022-09-02,0.3150800198621729,0.3196928871989639
Persistence,mean,14,1,2022-08-12,2023-01-03,2022-08-20,2022-09-03,0.3082425964459392,0.2846488995750268
Local Kalman-OU,mean,14,1,2022-08-12,2023-01-03,2022-08-20,2022-09-03,0.3082425964459392,0.32988008313842515
Persistence,mean,14,1,2022-08-12,2023-01-03,2022-08-21,2022-09-04,0.3044548215502703,0.2914799867095102
Local Kalman-OU,mean,14,1,2022-08-12,2023-01-03,2022-08-21,2022-09-04,0.3044548215502703,0.3398812940308462
Persistence,mean,14,1,2022-08-12,2023-01-03,2022-08-22,2022-09-05,0.3030590973418014,0.29279370403386357
Local Kalman-OU,mean,14,1,2022-08-12,2023-01-03,2022-08-22,2022-09-05,0.3030590973418014,0.34630586252966133
Persistence,mean,14,1,2022-08-12,2023-01-03,2022-08-23,2022-09-06,0.294193777587136,0.30506859500372635
Local Kalman-OU,mean,14,1,2022-08-12,2023-01-03,2022-08-23,2022-09-06,0.294193777587136,0.3593103112703293
Persistence,mean,14,1,2022-08-12,2023-01-03,2022-08-24,2022-09-07,0.2818265767793665,0.3143525470582268
Local Kalman-OU,mean,14,1,2022-08-12,2023-01-03,2022-08-24,2022-09-07,0.2818265767793665,0.3707501763001966
Persistence,mean,14,1,2022-08-12,2023-01-03,2022-08-25,2022-09-08,0.2788095099635322,0.31765678906129774
Local Kalman-OU,mean,14,1,2022-08-12,2023-01-03,2022-08-25,2022-09-08,0.2788095099635322,0.37864934633513647
Persistence,mean,14,1,2022-08-12,2023-01-03,2022-08-26,2022-09-09,0.3086741352649516,0.32153524566528474
Local Kalman-OU,mean,14,1,2022-08-12,2023-01-03,2022-08-26,2022-09-09,0.3086741352649516,0.3868432981408495
Persistence,mean,14,1,2022-08-12,2023-01-03,2022-08-27,2022-09-10,0.3039698853462405,0.3255590151207944
Local Kalman-OU,mean,14,1,2022-08-12,2023-01-03,2022-08-27,2022-09-10,0.3039698853462405,0.3951735694672827
Persistence,mean,14,1,2022-08-12,2023-01-03,2022-08-28,2022-09-11,0.3021449781773179,0.3270184802090577
Local Kalman-OU,mean,14,1,2022-08-12,2023-01-03,2022-08-28,2022-09-11,0.3021449781773179,0.4023818978702554
Persistence,mean,14,1,2022-08-12,2023-01-03,2022-08-29,2022-09-12,0.2988471065684625,0.3279652444163786
Local Kalman-OU,mean,14,1,2022-08-12,2023-01-03,2022-08-29,2022-09-12,0.2988471065684625,0.4095578804491671
Persistence,mean,14,1,2022-08-12,2023-01-03,2022-08-30,2022-09-13,0.2938725866601544,0.32644171652863674
Local Kalman-OU,mean,14,1,2022-08-12,2023-01-03,2022-08-30,2022-09-13,0.2938725866601544,0.41598401374334365
Persistence,mean,14,1,2022-08-12,2023-01-03,2022-08-31,2022-09-14,0.2925133640042747,0.3234294476000823
Local Kalman-OU,mean,14,1,2022-08-12,2023-01-03,2022-08-31,2022-09-14,0.2925133640042747,0.42181832652104573
Persistence,mean,14,1,2022-08-12,2023-01-03,2022-09-01,2022-09-15,0.2943908167960701,0.31856742897629436
Local Kalman-OU,mean,14,1,2022-08-12,2023-01-03,2022-09-01,2022-09-15,0.2943908167960701,0.4263134223714378
Persistence,mean,14,1,2022-08-12,2023-01-03,2022-09-02,2022-09-16,0.295493591889633,0.3150800198621729
Local Kalman-OU,mean,14,1,2022-08-12,2023-01-03,2022-09-02,2022-09-16,0.295493591889633,0.4296703603652215
Persistence,mean,14,1,2022-08-12,2023-01-03,2022-09-03,2022-09-17,0.2985523855728701,0.3082425964459392
Local Kalman-OU,mean,14,1,2022-08-12,2023-01-03,2022-09-03,2022-09-17,0.2985523855728701,0.4291522326612507
Persistence,mean,14,1,2022-08-12,2023-01-03,2022-09-04,2022-09-18,0.3002186925949414,0.30445482155027037
Local Kalman-OU,mean,14,1,2022-08-12,2023-01-03,2022-09-04,2022-09-18,0.3002186925949414,0.42724673957970816
Persistence,mean,14,1,2022-08-12,2023-01-03,2022-09-05,2022-09-19,0.3019356548741535,0.3030590973418014
Local Kalman-OU,mean,14,1,2022-08-12,2023-01-03,2022-09-05,2022-09-19,0.3019356548741535,0.4243525360602729
Persistence,mean,14,1,2022-08-12,2023-01-03,2022-09-06,2022-09-20,0.2952899883134545,0.29419377758713605
Local Kalman-OU,mean,14,1,2022-08-12,2023-01-03,2022-09-06,2022-09-20,0.2952899883134545,0.4126027934931116
Persistence,mean,14,1,2022-08-12,2023-01-03,2022-09-07,2022-09-21,0.3027580614304811,0.28182657677936657
Local Kalman-OU,mean,14,1,2022-08-12,2023-01-03,2022-09-07,2022-09-21,0.3027580614304811,0.39318088154184067
Persistence,mean,14,1,2022-08-12,2023-01-03,2022-09-08,2022-09-22,0.3028272964038533,0.2788095099635322
Local Kalman-OU,mean,14,1,2022-08-12,2023-01-03,2022-09-08,2022-09-22,0.3028272964038533,0.38593491732601265
Persistence,mean,14,1,2022-08-12,2023-01-03,2022-09-09,2022-09-23,0.2707690744758839,0.3086741352649516
Local Kalman-OU,mean,14,1,2022-08-12,2023-01-03,2022-09-09,2022-09-23,0.2707690744758839,0.41634012123216707
Persistence,mean,14,1,2022-08-12,2023-01-03,2022-09-10,2022-09-24,0.2715132441789233,0.30396988534624053
Local Kalman-OU,mean,14,1,2022-08-12,2023-01-03,2022-09-10,2022-09-24,0.2715132441789233,0.4094693459052676
Persistence,mean,14,1,2022-08-12,2023-01-03,2022-09-11,2022-09-25,0.2730199657912049,0.3021449781773179
Local Kalman-OU,mean,14,1,2022-08-12,2023-01-03,2022-09-11,2022-09-25,0.2730199657912049,0.40421215186696596
Persistence,mean,14,1,2022-08-12,2023-01-03,2022-09-12,2022-09-26,0.2730423377610387,0.29884710656846253
Local Kalman-OU,mean,14,1,2022-08-12,2023-01-03,2022-09-12,2022-09-26,0.2730423377610387,0.3973202646080879
Persistence,mean,14,1,2022-08-12,2023-01-03,2022-09-13,2022-09-27,0.263145676334556,0.2938725866601544
Local Kalman-OU,mean,14,1,2022-08-12,2023-01-03,2022-09-13,2022-09-27,0.263145676334556,0.3882343708816508
Persistence,mean,14,1,2022-08-12,2023-01-03,2022-09-14,2022-09-28,0.2585063784037369,0.29251336400427475
Local Kalman-OU,mean,14,1,2022-08-12,2023-01-03,2022-09-14,2022-09-28,0.2585063784037369,0.38273632890698966
Persistence,mean,14,1,2022-08-12,2023-01-03,2022-09-15,2022-09-29,0.252093737116353,0.2943908167960701
Local Kalman-OU,mean,14,1,2022-08-12,2023-01-03,2022-09-15,2022-09-29,0.252093737116353,0.3805123029050858
Persistence,mean,14,1,2022-08-12,2023-01-03,2022-09-16,2022-09-30,0.2472375086184071,0.29549359188963303
Local Kalman-OU,mean,14,1,2022-08-12,2023-01-03,2022-09-16,2022-09-30,0.2472375086184071,0.3774428318515199
Persistence,mean,14,1,2022-08-12,2023-01-03,2022-09-17,2022-10-01,0.2420399396126247,0.2985523855728701
Local Kalman-OU,mean,14,1,2022-08-12,2023-01-03,2022-09-17,2022-10-01,0.2420399396126247,0.3759524762355562
Persistence,mean,14,1,2022-08-12,2023-01-03,2022-09-18,2022-10-02,0.2363769494605742,0.3002186925949414
Local Kalman-OU,mean,14,1,2022-08-12,2023-01-03,2022-09-18,2022-10-02,0.2363769494605742,0.3734821876499095
Persistence,mean,14,1,2022-08-12,2023-01-03,2022-09-19,2022-10-03,0.2301664739868834,0.3019356548741535
Local Kalman-OU,mean,14,1,2022-08-12,2023-01-03,2022-09-19,2022-10-03,0.2301664739868834,0.3713336570276883
Persistence,mean,14,1,2022-08-12,2023-01-03,2022-09-20,2022-10-04,0.2215034387954681,0.29528998831345454
Local Kalman-OU,mean,14,1,2022-08-12,2023-01-03,2022-09-20,2022-10-04,0.2215034387954681,0.3611233874720937
Persistence,mean,14,1,2022-08-12,2023-01-03,2022-09-21,2022-10-05,0.2111232084102334,0.3027580614304811
Local Kalman-OU,mean,14,1,2022-08-12,2023-01-03,2022-09-21,2022-10-05,0.2111232084102334,0.3636991954101875
Persistence,mean,14,1,2022-08-12,2023-01-03,2022-09-22,2022-10-06,0.204890235024975,0.30282729640385336
Local Kalman-OU,mean,14,1,2022-08-12,2023-01-03,2022-09-22,2022-10-06,0.204890235024975,0.3597139026044564
Persistence,mean,14,1,2022-08-12,2023-01-03,2022-09-23,2022-10-07,0.1982452230568141,0.2707690744758839
Local Kalman-OU,mean,14,1,2022-08-12,2023-01-03,2022-09-23,2022-10-07,0.1982452230568141,0.3293851691161896
Persistence,mean,14,1,2022-08-12,2023-01-03,2022-09-24,2022-10-08,0.1910186840257337,0.2715132441789233
Local Kalman-OU,mean,14,1,2022-08-12,2023-01-03,2022-09-24,2022-10-08,0.1910186840257337,0.3245544628936872
Persistence,mean,14,1,2022-08-12,2023-01-03,2022-09-25,2022-10-09,0.1816872479228083,0.2730199657912049
Local Kalman-OU,mean,14,1,2022-08-12,2023-01-03,2022-09-25,2022-10-09,0.1816872479228083,0.320672026171794
Persistence,mean,14,1,2022-08-12,2023-01-03,2022-09-26,2022-10-10,0.174196048675853,0.2730423377610387
Local Kalman-OU,mean,14,1,2022-08-12,2023-01-03,2022-09-26,2022-10-10,0.174196048675853,0.3157999916659564
Persistence,mean,14,1,2022-08-12,2023-01-03,2022-09-27,2022-10-11,0.165352497030927,0.263145676334556
Local Kalman-OU,mean,14,1,2022-08-12,2023-01-03,2022-09-27,2022-10-11,0.165352497030927,0.3034670011964136
Persistence,mean,14,1,2022-08-12,2023-01-03,2022-09-28,2022-10-12,0.1627071842105971,0.2585063784037369
Local Kalman-OU,mean,14,1,2022-08-12,2023-01-03,2022-09-28,2022-10-12,0.1627071842105971,0.29497078950022565
Persistence,mean,14,1,2022-08-12,2023-01-03,2022-09-29,2022-10-13,0.1604012842140447,0.252093737116353
Local Kalman-OU,mean,14,1,2022-08-12,2023-01-03,2022-09-29,2022-10-13,0.1604012842140447,0.2850245938654461
Persistence,mean,14,1,2022-08-12,2023-01-03,2022-09-30,2022-10-14,0.1587199015249163,0.24723750861840718
Local Kalman-OU,mean,14,1,2022-08-12,2023-01-03,2022-09-30,2022-10-14,0.1587199015249163,0.27608646111810903
Persistence,mean,14,1,2022-08-12,2023-01-03,2022-10-01,2022-10-15,0.1565018047787928,0.2420399396126247
Local Kalman-OU,mean,14,1,2022-08-12,2023-01-03,2022-10-01,2022-10-15,0.1565018047787928,0.2667307017739622
Persistence,mean,14,1,2022-08-12,2023-01-03,2022-10-02,2022-10-16,0.152661529307497,0.23637694946057428
Local Kalman-OU,mean,14,1,2022-08-12,2023-01-03,2022-10-02,2022-10-16,0.152661529307497,0.2568567143216195
Persistence,mean,14,1,2022-08-12,2023-01-03,2022-10-03,2022-10-17,0.1434772467761394,0.23016647398688345
Local Kalman-OU,mean,14,1,2022-08-12,2023-01-03,2022-10-03,2022-10-17,0.1434772467761394,0.2463626631076841
Persistence,mean,14,1,2022-08-12,2023-01-03,2022-10-04,2022-10-18,0.1382902603592003,0.22150343879546813
Local Kalman-OU,mean,14,1,2022-08-12,2023-01-03,2022-10-04,2022-10-18,0.1382902603592003,0.23422160923081745
Persistence,mean,14,1,2022-08-12,2023-01-03,2022-10-05,2022-10-19,0.1306927009705714,0.21112320841023344
Local Kalman-OU,mean,14,1,2022-08-12,2023-01-03,2022-10-05,2022-10-19,0.1306927009705714,0.22074755718863953
Persistence,mean,14,1,2022-08-12,2023-01-03,2022-10-06,2022-10-20,0.1255166790683448,0.20489023502497505
Local Kalman-OU,mean,14,1,2022-08-12,2023-01-03,2022-10-06,2022-10-20,0.1255166790683448,0.21040395836784068
Persistence,mean,14,1,2022-08-12,2023-01-03,2022-10-07,2022-10-21,0.1215789707504128,0.1982452230568141
Local Kalman-OU,mean,14,1,2022-08-12,2023-01-03,2022-10-07,2022-10-21,0.1215789707504128,0.19970891534451315
Persistence,mean,14,1,2022-08-12,2023-01-03,2022-10-08,2022-10-22,0.1177346976717436,0.19101868402573371
Local Kalman-OU,mean,14,1,2022-08-12,2023-01-03,2022-10-08,2022-10-22,0.1177346976717436,0.18852244657160833
Persistence,mean,14,1,2022-08-12,2023-01-03,2022-10-09,2022-10-23,0.1132533904448399,0.18168724792280838
Local Kalman-OU,mean,14,1,2022-08-12,2023-01-03,2022-10-09,2022-10-23,0.1132533904448399,0.17590117846402858
Persistence,mean,14,1,2022-08-12,2023-01-03,2022-10-10,2022-10-24,0.1073664165823456,0.17419604867585306
Local Kalman-OU,mean,14,1,2022-08-12,2023-01-03,2022-10-10,2022-10-24,0.1073664165823456,0.16716800427177986
Persistence,mean,14,1,2022-08-12,2023-01-03,2022-10-11,2022-10-25,0.1031259622794226,0.16535249703092708
Local Kalman-OU,mean,14,1,2022-08-12,2023-01-03,2022-10-11,2022-10-25,0.1031259622794226,0.1555561721733424
Persistence,mean,14,1,2022-08-12,2023-01-03,2022-10-12,2022-10-26,0.0963766492675656,0.16270718421059713
Local Kalman-OU,mean,14,1,2022-08-12,2023-01-03,2022-10-12,2022-10-26,0.0963766492675656,0.14983870160265
Persistence,mean,14,1,2022-08-12,2023-01-03,2022-10-13,2022-10-27,0.093113108181633,0.16040128421404473
Local Kalman-OU,mean,14,1,2022-08-12,2023-01-03,2022-10-13,2022-10-27,0.093113108181633,0.14405467818409173
Persistence,mean,14,1,2022-08-12,2023-01-03,2022-10-14,2022-10-28,0.0911559859244306,0.15871990152491636
Local Kalman-OU,mean,14,1,2022-08-12,2023-01-03,2022-10-14,2022-10-28,0.0911559859244306,0.13983955369772086
Persistence,mean,14,1,2022-08-12,2023-01-03,2022-10-15,2022-10-29,0.0880394067911088,0.15650180477879286
Local Kalman-OU,mean,14,1,2022-08-12,2023-01-03,2022-10-15,2022-10-29,0.0880394067911088,0.13500347865250367
Persistence,mean,14,1,2022-08-12,2023-01-03,2022-10-16,2022-10-30,0.0853523045876202,0.15266152930749702
Local Kalman-OU,mean,14,1,2022-08-12,2023-01-03,2022-10-16,2022-10-30,0.0853523045876202,0.12773025020354495
Persistence,mean,14,1,2022-08-12,2023-01-03,2022-10-17,2022-10-31,0.0837597105624305,0.14347724677613943
Local Kalman-OU,mean,14,1,2022-08-12,2023-01-03,2022-10-17,2022-10-31,0.0837597105624305,0.11963895616359388
Persistence,mean,14,1,2022-08-12,2023-01-03,2022-10-18,2022-11-01,0.078703308033533,0.13829026035920036
Local Kalman-OU,mean,14,1,2022-08-12,2023-01-03,2022-10-18,2022-11-01,0.078703308033533,0.11294874398253058
Persistence,mean,14,1,2022-08-12,2023-01-03,2022-10-19,2022-11-02,0.076532502597307,0.13069270097057148
Local Kalman-OU,mean,14,1,2022-08-12,2023-01-03,2022-10-19,2022-11-02,0.076532502597307,0.10420574784103134
Persistence,mean,14,1,2022-08-12,2023-01-03,2022-10-20,2022-11-03,0.0756570373661229,0.1255166790683448
Local Kalman-OU,mean,14,1,2022-08-12,2023-01-03,2022-10-20,2022-11-03,0.0756570373661229,0.09660589206582317
Persistence,mean,14,1,2022-08-12,2023-01-03,2022-10-21,2022-11-04,0.0752107235707895,0.12157897075041281
Local Kalman-OU,mean,14,1,2022-08-12,2023-01-03,2022-10-21,2022-11-04,0.0752107235707895,0.08957746321194016
Persistence,mean,14,1,2022-08-12,2023-01-03,2022-10-22,2022-11-05,0.0748845416885153,0.11773469767174369
Local Kalman-OU,mean,14,1,2022-08-12,2023-01-03,2022-10-22,2022-11-05,0.0748845416885153,0.08255670590940807
Persistence,mean,14,1,2022-08-12,2023-01-03,2022-10-23,2022-11-06,0.0765352157789679,0.11325339044483994
Local Kalman-OU,mean,14,1,2022-08-12,2023-01-03,2022-10-23,2022-11-06,0.0765352157789679,0.07545327053333377
Persistence,mean,14,1,2022-08-12,2023-01-03,2022-10-24,2022-11-07,0.0768659336615417,0.10736641658234566
Local Kalman-OU,mean,14,1,2022-08-12,2023-01-03,2022-10-24,2022-11-07,0.0768659336615417,0.06792564233216163
Persistence,mean,14,1,2022-08-12,2023-01-03,2022-10-25,2022-11-08,0.073798991205939,0.10312596227942264
Local Kalman-OU,mean,14,1,2022-08-12,2023-01-03,2022-10-25,2022-11-08,0.073798991205939,0.06085860037508453
Persistence,mean,14,1,2022-08-12,2023-01-03,2022-10-26,2022-11-09,0.0732140689040359,0.09637664926756563
Local Kalman-OU,mean,14,1,2022-08-12,2023-01-03,2022-10-26,2022-11-09,0.0732140689040359,0.05294290405913066
Persistence,mean,14,1,2022-08-12,2023-01-03,2022-10-27,2022-11-10,0.0716742922873201,0.09311310818163306
Local Kalman-OU,mean,14,1,2022-08-12,2023-01-03,2022-10-27,2022-11-10,0.0716742922873201,0.045984311338883734
Persistence,mean,14,1,2022-08-12,2023-01-03,2022-10-28,2022-11-11,0.0703433300511735,0.09115598592443062
Local Kalman-OU,mean,14,1,2022-08-12,2023-01-03,2022-10-28,2022-11-11,0.0703433300511735,0.039361780628368315
Persistence,mean,14,1,2022-08-12,2023-01-03,2022-10-29,2022-11-12,0.0694015822502547,0.08803940679110886
Local Kalman-OU,mean,14,1,2022-08-12,2023-01-03,2022-10-29,2022-11-12,0.0694015822502547,0.03252022887802276
Persistence,mean,14,1,2022-08-12,2023-01-03,2022-10-30,2022-11-13,0.0685965851917204,0.08535230458762022
Local Kalman-OU,mean,14,1,2022-08-12,2023-01-03,2022-10-30,2022-11-13,0.0685965851917204,0.025848375518798705
Persistence,mean,14,1,2022-08-12,2023-01-03,2022-10-31,2022-11-14,0.0679852810597109,0.08375971056243059
Local Kalman-OU,mean,14,1,2022-08-12,2023-01-03,2022-10-31,2022-11-14,0.0679852810597109,0.019504456715082906
Persistence,mean,14,1,2022-08-12,2023-01-03,2022-11-01,2022-11-15,0.0684164769648427,0.07870330803353301
Local Kalman-OU,mean,14,1,2022-08-12,2023-01-03,2022-11-01,2022-11-15,0.0684164769648427,0.012230992938948321
Persistence,mean,14,1,2022-08-12,2023-01-03,2022-11-02,2022-11-16,0.0688235531062736,0.07653250259730701
Local Kalman-OU,mean,14,1,2022-08-12,2023-01-03,2022-11-02,2022-11-16,0.0688235531062736,0.005003677515614156
Persistence,mean,14,1,2022-08-12,2023-01-03,2022-11-03,2022-11-17,0.0684602488529325,0.07565703736612298
Local Kalman-OU,mean,14,1,2022-08-12,2023-01-03,2022-11-03,2022-11-17,0.0684602488529325,0.0
Persistence,mean,14,1,2022-08-12,2023-01-03,2022-11-04,2022-11-18,0.0684857809184202,0.07521072357078952
Local Kalman-OU,mean,14,1,2022-08-12,2023-01-03,2022-11-04,2022-11-18,0.0684857809184202,0.0
Persistence,mean,14,1,2022-08-12,2023-01-03,2022-11-05,2022-11-19,0.0689602245159891,0.07488454168851534
Local Kalman-OU,mean,14,1,2022-08-12,2023-01-03,2022-11-05,2022-11-19,0.0689602245159891,0.0
Persistence,mean,14,1,2022-08-12,2023-01-03,2022-11-06,2022-11-20,0.0675683464572022,0.07653521577896798
Local Kalman-OU,mean,14,1,2022-08-12,2023-01-03,2022-11-06,2022-11-20,0.0675683464572022,0.0
Persistence,mean,14,1,2022-08-12,2023-01-03,2022-11-07,2022-11-21,0.0669632591164338,0.07686593366154175
Local Kalman-OU,mean,14,1,2022-08-12,2023-01-03,2022-11-07,2022-11-21,0.0669632591164338,0.0
Persistence,mean,14,1,2022-08-12,2023-01-03,2022-11-08,2022-11-22,0.0658834902023071,0.07379899120593902
Local Kalman-OU,mean,14,1,2022-08-12,2023-01-03,2022-11-08,2022-11-22,0.0658834902023071,0.0
Persistence,mean,14,1,2022-08-12,2023-01-03,2022-11-09,2022-11-23,0.0681158125800529,0.0732140689040359
Local Kalman-OU,mean,14,1,2022-08-12,2023-01-03,2022-11-09,2022-11-23,0.0681158125800529,0.0
Persistence,mean,14,1,2022-08-12,2023-01-03,2022-11-10,2022-11-24,0.0699042004403278,0.07167429228732014
Local Kalman-OU,mean,14,1,2022-08-12,2023-01-03,2022-11-10,2022-11-24,0.0699042004403278,0.0
Persistence,mean,14,1,2022-08-12,2023-01-03,2022-11-11,2022-11-25,0.0710227506085036,0.07034333005117352
Local Kalman-OU,mean,14,1,2022-08-12,2023-01-03,2022-11-11,2022-11-25,0.0710227506085036,0.0
Persistence,mean,14,1,2022-08-12,2023-01-03,2022-11-12,2022-11-26,0.0718536127797953,0.06940158225025475
Local Kalman-OU,mean,14,1,2022-08-12,2023-01-03,2022-11-12,2022-11-26,0.0718536127797953,0.0
Persistence,mean,14,1,2022-08-12,2023-01-03,2022-11-13,2022-11-27,0.0727124884012306,0.0685965851917204
Local Kalman-OU,mean,14,1,2022-08-12,2023-01-03,2022-11-13,2022-11-27,0.0727124884012306,0.0
Persistence,mean,14,1,2022-08-12,2023-01-03,2022-11-14,2022-11-28,0.0746229771927679,0.06798528105971095
Local Kalman-OU,mean,14,1,2022-08-12,2023-01-03,2022-11-14,2022-11-28,0.0746229771927679,0.0
Persistence,mean,14,1,2022-08-12,2023-01-03,2022-11-15,2022-11-29,0.0726464009747265,0.06841647696484277
Local Kalman-OU,mean,14,1,2022-08-12,2023-01-03,2022-11-15,2022-11-29,0.0726464009747265,0.0
Persistence,mean,14,1,2022-08-12,2023-01-03,2022-11-16,2022-11-30,0.0742576319791708,0.06882355310627362
Local Kalman-OU,mean,14,1,2022-08-12,2023-01-03,2022-11-16,2022-11-30,0.0742576319791708,0.0
Persistence,mean,14,1,2022-08-12,2023-01-03,2022-11-17,2022-12-01,0.0743339928725567,0.06846024885293256
Local Kalman-OU,mean,14,1,2022-08-12,2023-01-03,2022-11-17,2022-12-01,0.0743339928725567,0.0
Persistence,mean,14,1,2022-08-12,2023-01-03,2022-11-18,2022-12-02,0.0746230925185092,0.06848578091842022
Local Kalman-OU,mean,14,1,2022-08-12,2023-01-03,2022-11-18,2022-12-02,0.0746230925185092,0.0
Persistence,mean,14,1,2022-08-12,2023-01-03,2022-11-19,2022-12-03,0.0756413501838568,0.06896022451598913
Local Kalman-OU,mean,14,1,2022-08-12,2023-01-03,2022-11-19,2022-12-03,0.0756413501838568,0.0
Persistence,mean,14,1,2022-08-12,2023-01-03,2022-11-20,2022-12-04,0.0760864458428438,0.06756834645720226
Local Kalman-OU,mean,14,1,2022-08-12,2023-01-03,2022-11-20,2022-12-04,0.0760864458428438,0.0
Persistence,mean,14,1,2022-08-12,2023-01-03,2022-11-21,2022-12-05,0.0757517445650089,0.06696325911643382
Local Kalman-OU,mean,14,1,2022-08-12,2023-01-03,2022-11-21,2022-12-05,0.0757517445650089,0.0
Persistence,mean,14,1,2022-08-12,2023-01-03,2022-11-22,2022-12-06,0.0804344451324808,0.0658834902023071
Local Kalman-OU,mean,14,1,2022-08-12,2023-01-03,2022-11-22,2022-12-06,0.0804344451324808,0.0
Persistence,mean,14,1,2022-08-12,2023-01-03,2022-11-23,2022-12-07,0.0810599293313302,0.06811581258005292
Local Kalman-OU,mean,14,1,2022-08-12,2023-01-03,2022-11-23,2022-12-07,0.0810599293313302,0.0
Persistence,mean,14,1,2022-08-12,2023-01-03,2022-11-24,2022-12-08,0.0818757627340982,0.06990420044032782
Local Kalman-OU,mean,14,1,2022-08-12,2023-01-03,2022-11-24,2022-12-08,0.0818757627340982,0.0
Persistence,mean,14,1,2022-08-12,2023-01-03,2022-11-25,2022-12-09,0.0819654126827038,0.07102275060850367
Local Kalman-OU,mean,14,1,2022-08-12,2023-01-03,2022-11-25,2022-12-09,0.0819654126827038,0.00221886513080468
Persistence,mean,14,1,2022-08-12,2023-01-03,2022-11-26,2022-12-10,0.0826508603720496,0.0718536127797953
Local Kalman-OU,mean,14,1,2022-08-12,2023-01-03,2022-11-26,2022-12-10,0.0826508603720496,0.005947925694481883
Persistence,mean,14,1,2022-08-12,2023-01-03,2022-11-27,2022-12-11,0.0826461827537464,0.07271248840123068
Local Kalman-OU,mean,14,1,2022-08-12,2023-01-03,2022-11-27,2022-12-11,0.0826461827537464,0.009547406696828666
Persistence,mean,14,1,2022-08-12,2023-01-03,2022-11-28,2022-12-12,0.0806072446377201,0.0746229771927679
Local Kalman-OU,mean,14,1,2022-08-12,2023-01-03,2022-11-28,2022-12-12,0.0806072446377201,0.013159710274034467
Persistence,mean,14,1,2022-08-12,2023-01-03,2022-11-29,2022-12-13,0.0816459076967019,0.07264640097472651
Local Kalman-OU,mean,14,1,2022-08-12,2023-01-03,2022-11-29,2022-12-13,0.0816459076967019,0.014211491267674646
Persistence,mean,14,1,2022-08-12,2023-01-03,2022-11-30,2022-12-14,0.0820207081477393,0.07425763197917087
Local Kalman-OU,mean,14,1,2022-08-12,2023-01-03,2022-11-30,2022-12-14,0.0820207081477393,0.01782248389578008
Persistence,mean,14,1,2022-08-12,2023-01-03,2022-12-01,2022-12-15,0.0829410720320907,0.0743339928725567
Local Kalman-OU,mean,14,1,2022-08-12,2023-01-03,2022-12-01,2022-12-15,0.0829410720320907,0.020634140428501122
Persistence,mean,14,1,2022-08-12,2023-01-03,2022-12-02,2022-12-16,0.0831449866750306,0.07462309251850922
Local Kalman-OU,mean,14,1,2022-08-12,2023-01-03,2022-12-02,2022-12-16,0.0831449866750306,0.02338943897308107
Persistence,mean,14,1,2022-08-12,2023-01-03,2022-12-03,2022-12-17,0.0826623363808132,0.0756413501838568
Local Kalman-OU,mean,14,1,2022-08-12,2023-01-03,2022-12-03,2022-12-17,0.0826623363808132,0.0261449315547264
Persistence,mean,14,1,2022-08-12,2023-01-03,2022-12-04,2022-12-18,0.0828095749580439,0.07608644584284381
Local Kalman-OU,mean,14,1,2022-08-12,2023-01-03,2022-12-04,2022-12-18,0.0828095749580439,0.028925073099174796
Persistence,mean,14,1,2022-08-12,2023-01-03,2022-12-05,2022-12-19,0.084539604529338,0.07575174456500892
Local Kalman-OU,mean,14,1,2022-08-12,2023-01-03,2022-12-05,2022-12-19,0.084539604529338,0.03132491886963155
Persistence,mean,14,1,2022-08-12,2023-01-03,2022-12-06,2022-12-20,0.0815192867338567,0.08043444513248081
Local Kalman-OU,mean,14,1,2022-08-12,2023-01-03,2022-12-06,2022-12-20,0.0815192867338567,0.0357136452142516
Persistence,mean,14,1,2022-08-12,2023-01-03,2022-12-07,2022-12-21,0.0849364533269645,0.08105992933133029
Local Kalman-OU,mean,14,1,2022-08-12,2023-01-03,2022-12-07,2022-12-21,0.0849364533269645,0.03923225081583071
Persistence,mean,14,1,2022-08-12,2023-01-03,2022-12-08,2022-12-22,0.0863355542549545,0.08187576273409827
Local Kalman-OU,mean,14,1,2022-08-12,2023-01-03,2022-12-08,2022-12-22,0.0863355542549545,0.042898360477417664
Persistence,mean,14,1,2022-08-12,2023-01-03,2022-12-09,2022-12-23,0.0874285771799837,0.08196541268270383
Local Kalman-OU,mean,14,1,2022-08-12,2023-01-03,2022-12-09,2022-12-23,0.0874285771799837,0.046319824656084654
Persistence,mean,14,1,2022-08-12,2023-01-03,2022-12-10,2022-12-24,0.0883534797421981,0.08265086037204962
Local Kalman-OU,mean,14,1,2022-08-12,2023-01-03,2022-12-10,2022-12-24,0.0883534797421981,0.04972633586518715
Persistence,mean,14,1,2022-08-12,2023-01-03,2022-12-11,2022-12-25,0.0898307190370733,0.08264618275374647
Local Kalman-OU,mean,14,1,2022-08-12,2023-01-03,2022-12-11,2022-12-25,0.0898307190370733,0.05262159692899461
Persistence,mean,14,1,2022-08-12,2023-01-03,2022-12-12,2022-12-26,0.0919206060011261,0.08060724463772011
Local Kalman-OU,mean,14,1,2022-08-12,2023-01-03,2022-12-12,2022-12-26,0.0919206060011261,0.05540943974608699
Persistence,mean,14,1,2022-08-12,2023-01-03,2022-12-13,2022-12-27,0.0945869231328334,0.08164590769670198
Local Kalman-OU,mean,14,1,2022-08-12,2023-01-03,2022-12-13,2022-12-27,0.0945869231328334,0.05851644043258661
Persistence,mean,14,1,2022-08-12,2023-01-03,2022-12-14,2022-12-28,0.0972474509177878,0.0820207081477393
Local Kalman-OU,mean,14,1,2022-08-12,2023-01-03,2022-12-14,2022-12-28,0.0972474509177878,0.06152270763711177
Persistence,mean,14,1,2022-08-12,2023-01-03,2022-12-15,2022-12-29,0.0972470222075266,0.08294107203209078
Local Kalman-OU,mean,14,1,2022-08-12,2023-01-03,2022-12-15,2022-12-29,0.0972470222075266,0.06453154586873316
Persistence,mean,14,1,2022-08-12,2023-01-03,2022-12-16,2022-12-30,0.0980355084108653,0.08314498667503065
Local Kalman-OU,mean,14,1,2022-08-12,2023-01-03,2022-12-16,2022-12-30,0.0980355084108653,0.06747293012209508
Persistence,mean,14,1,2022-08-12,2023-01-03,2022-12-17,2022-12-31,0.0986081054382626,0.08266233638081326
Local Kalman-OU,mean,14,1,2022-08-12,2023-01-03,2022-12-17,2022-12-31,0.0986081054382626,0.07027515771319054
Persistence,mean,14,1,2022-08-12,2023-01-03,2022-12-18,2023-01-01,0.0998994191554336,0.08280957495804395
Local Kalman-OU,mean,14,1,2022-08-12,2023-01-03,2022-12-18,2023-01-01,0.0998994191554336,0.07293840600101752
Persistence,mean,14,1,2022-08-12,2023-01-03,2022-12-19,2023-01-02,0.0998859326029232,0.08453960452933806
Local Kalman-OU,mean,14,1,2022-08-12,2023-01-03,2022-12-19,2023-01-02,0.0998859326029232,0.07549390805618798
Persistence,mean,14,1,2022-08-12,2023-01-03,2022-12-20,2023-01-03,0.1276245527087355,0.0815192867338567
Local Kalman-OU,mean,14,1,2022-08-12,2023-01-03,2022-12-20,2023-01-03,0.1276245527087355,0.07755945222874193
Persistence,mean,28,1,2022-08-12,2023-01-03,2022-07-16,2022-08-13,0.2329217094041259,0.0558245315567855
Local Kalman-OU,mean,28,1,2022-08-12,2023-01-03,2022-07-16,2022-08-13,0.2329217094041259,0.04167814311461219
Persistence,mean,28,1,2022-08-12,2023-01-03,2022-07-17,2022-08-14,0.2385535797447704,0.056321678472270535
Local Kalman-OU,mean,28,1,2022-08-12,2023-01-03,2022-07-17,2022-08-14,0.2385535797447704,0.044552887874244475
Persistence,mean,28,1,2022-08-12,2023-01-03,2022-07-18,2022-08-15,0.2473722465948995,0.05832785838238615
Local Kalman-OU,mean,28,1,2022-08-12,2023-01-03,2022-07-18,2022-08-15,0.2473722465948995,0.04761839401840491
Persistence,mean,28,1,2022-08-12,2023-01-03,2022-07-19,2022-08-16,0.2611679445832513,0.06340623551475098
Local Kalman-OU,mean,28,1,2022-08-12,2023-01-03,2022-07-19,2022-08-16,0.2611679445832513,0.05130761766895169
Persistence,mean,28,1,2022-08-12,2023-01-03,2022-07-20,2022-08-17,0.2681468829599621,0.06732103307579794
Local Kalman-OU,mean,28,1,2022-08-12,2023-01-03,2022-07-20,2022-08-17,0.2681468829599621,0.05518370544428231
Persistence,mean,28,1,2022-08-12,2023-01-03,2022-07-21,2022-08-18,0.273718736198986,0.07083109597427287
Local Kalman-OU,mean,28,1,2022-08-12,2023-01-03,2022-07-21,2022-08-18,0.273718736198986,0.05917560824978345
Persistence,mean,28,1,2022-08-12,2023-01-03,2022-07-22,2022-08-19,0.2774965925697973,0.07375082736554989
Local Kalman-OU,mean,28,1,2022-08-12,2023-01-03,2022-07-22,2022-08-19,0.2774965925697973,0.06336951546954242
Persistence,mean,28,1,2022-08-12,2023-01-03,2022-07-23,2022-08-20,0.2846488995750268,0.07716701013638406
Local Kalman-OU,mean,28,1,2022-08-12,2023-01-03,2022-07-23,2022-08-20,0.2846488995750268,0.06788957159951624
Persistence,mean,28,1,2022-08-12,2023-01-03,2022-07-24,2022-08-21,0.2914799867095102,0.07928629260437123
Local Kalman-OU,mean,28,1,2022-08-12,2023-01-03,2022-07-24,2022-08-21,0.2914799867095102,0.07255610086862445
Persistence,mean,28,1,2022-08-12,2023-01-03,2022-07-25,2022-08-22,0.2927937040338635,0.08440716565685148
Local Kalman-OU,mean,28,1,2022-08-12,2023-01-03,2022-07-25,2022-08-22,0.2927937040338635,0.07763012257277549
Persistence,mean,28,1,2022-08-12,2023-01-03,2022-07-26,2022-08-23,0.3050685950037263,0.09146512641088322
Local Kalman-OU,mean,28,1,2022-08-12,2023-01-03,2022-07-26,2022-08-23,0.3050685950037263,0.08332409690057592
Persistence,mean,28,1,2022-08-12,2023-01-03,2022-07-27,2022-08-24,0.3143525470582268,0.09706566928766416
Local Kalman-OU,mean,28,1,2022-08-12,2023-01-03,2022-07-27,2022-08-24,0.3143525470582268,0.08944983927633564
Persistence,mean,28,1,2022-08-12,2023-01-03,2022-07-28,2022-08-25,0.3176567890612977,0.10242961504429592
Local Kalman-OU,mean,28,1,2022-08-12,2023-01-03,2022-07-28,2022-08-25,0.3176567890612977,0.0959826982174502
Persistence,mean,28,1,2022-08-12,2023-01-03,2022-07-29,2022-08-26,0.3215352456652847,0.10757272470882528
Local Kalman-OU,mean,28,1,2022-08-12,2023-01-03,2022-07-29,2022-08-26,0.3215352456652847,0.10288767266551173
Persistence,mean,28,1,2022-08-12,2023-01-03,2022-07-30,2022-08-27,0.3255590151207944,0.11357461169464424
Local Kalman-OU,mean,28,1,2022-08-12,2023-01-03,2022-07-30,2022-08-27,0.3255590151207944,0.11027667548886794
Persistence,mean,28,1,2022-08-12,2023-01-03,2022-07-31,2022-08-28,0.3270184802090577,0.12184573542501764
Local Kalman-OU,mean,28,1,2022-08-12,2023-01-03,2022-07-31,2022-08-28,0.3270184802090577,0.11836070827125111
Persistence,mean,28,1,2022-08-12,2023-01-03,2022-08-01,2022-08-29,0.3279652444163786,0.13090621480570538
Local Kalman-OU,mean,28,1,2022-08-12,2023-01-03,2022-08-01,2022-08-29,0.3279652444163786,0.1273190544748382
Persistence,mean,28,1,2022-08-12,2023-01-03,2022-08-02,2022-08-30,0.3264417165286367,0.14761240693625055
Local Kalman-OU,mean,28,1,2022-08-12,2023-01-03,2022-08-02,2022-08-30,0.3264417165286367,0.13907077314390778
Persistence,mean,28,1,2022-08-12,2023-01-03,2022-08-03,2022-08-31,0.3234294476000823,0.1570709462338716
Local Kalman-OU,mean,28,1,2022-08-12,2023-01-03,2022-08-03,2022-08-31,0.3234294476000823,0.15206066934011073
Persistence,mean,28,1,2022-08-12,2023-01-03,2022-08-04,2022-09-01,0.3185674289762943,0.16430589230642528
Local Kalman-OU,mean,28,1,2022-08-12,2023-01-03,2022-08-04,2022-09-01,0.3185674289762943,0.16519493201125765
Persistence,mean,28,1,2022-08-12,2023-01-03,2022-08-05,2022-09-02,0.3150800198621729,0.16960731373247925
Local Kalman-OU,mean,28,1,2022-08-12,2023-01-03,2022-08-05,2022-09-02,0.3150800198621729,0.17745309664053
Persistence,mean,28,1,2022-08-12,2023-01-03,2022-08-06,2022-09-03,0.3082425964459392,0.1740957832047936
Local Kalman-OU,mean,28,1,2022-08-12,2023-01-03,2022-08-06,2022-09-03,0.3082425964459392,0.18918209095939426
Persistence,mean,28,1,2022-08-12,2023-01-03,2022-08-07,2022-09-04,0.3044548215502703,0.17892763682509163
Local Kalman-OU,mean,28,1,2022-08-12,2023-01-03,2022-08-07,2022-09-04,0.3044548215502703,0.20097540510210324
Persistence,mean,28,1,2022-08-12,2023-01-03,2022-08-08,2022-09-05,0.3030590973418014,0.18291156441016704
Local Kalman-OU,mean,28,1,2022-08-12,2023-01-03,2022-08-08,2022-09-05,0.3030590973418014,0.21194139042042348
Persistence,mean,28,1,2022-08-12,2023-01-03,2022-08-09,2022-09-06,0.294193777587136,0.20052633313970156
Local Kalman-OU,mean,28,1,2022-08-12,2023-01-03,2022-08-09,2022-09-06,0.294193777587136,0.23053987792988634
Persistence,mean,28,1,2022-08-12,2023-01-03,2022-08-10,2022-09-07,0.2818265767793665,0.21300253723590482
Local Kalman-OU,mean,28,1,2022-08-12,2023-01-03,2022-08-10,2022-09-07,0.2818265767793665,0.24855958250989324
Persistence,mean,28,1,2022-08-12,2023-01-03,2022-08-11,2022-09-08,0.2788095099635322,0.22154159863631853
Local Kalman-OU,mean,28,1,2022-08-12,2023-01-03,2022-08-11,2022-09-08,0.2788095099635322,0.2638651518674788
Persistence,mean,28,1,2022-08-12,2023-01-03,2022-08-12,2022-09-09,0.3086741352649516,0.2268411289255822
Local Kalman-OU,mean,28,1,2022-08-12,2023-01-03,2022-08-12,2022-09-09,0.3086741352649516,0.2763466455958041
Persistence,mean,28,1,2022-08-12,2023-01-03,2022-08-13,2022-09-10,0.3039698853462405,0.23292170940412596
Local Kalman-OU,mean,28,1,2022-08-12,2023-01-03,2022-08-13,2022-09-10,0.3039698853462405,0.28926202316044247
Persistence,mean,28,1,2022-08-12,2023-01-03,2022-08-14,2022-09-11,0.3021449781773179,0.23855357974477048
Local Kalman-OU,mean,28,1,2022-08-12,2023-01-03,2022-08-14,2022-09-11,0.3021449781773179,0.3018214627546988
Persistence,mean,28,1,2022-08-12,2023-01-03,2022-08-15,2022-09-12,0.2988471065684625,0.24737224659489954
Local Kalman-OU,mean,28,1,2022-08-12,2023-01-03,2022-08-15,2022-09-12,0.2988471065684625,0.31632420941400397
Persistence,mean,28,1,2022-08-12,2023-01-03,2022-08-16,2022-09-13,0.2938725866601544,0.2611679445832513
Local Kalman-OU,mean,28,1,2022-08-12,2023-01-03,2022-08-16,2022-09-13,0.2938725866601544,0.3344684166062968
Persistence,mean,28,1,2022-08-12,2023-01-03,2022-08-17,2022-09-14,0.2925133640042747,0.26814688295996214
Local Kalman-OU,mean,28,1,2022-08-12,2023-01-03,2022-08-17,2022-09-14,0.2925133640042747,0.3483726758293464
Persistence,mean,28,1,2022-08-12,2023-01-03,2022-08-18,2022-09-15,0.2943908167960701,0.273718736198986
Local Kalman-OU,mean,28,1,2022-08-12,2023-01-03,2022-08-18,2022-09-15,0.2943908167960701,0.36106799909454773
Persistence,mean,28,1,2022-08-12,2023-01-03,2022-08-19,2022-09-16,0.295493591889633,0.27749659256979736
Local Kalman-OU,mean,28,1,2022-08-12,2023-01-03,2022-08-19,2022-09-16,0.295493591889633,0.37247835148869257
Persistence,mean,28,1,2022-08-12,2023-01-03,2022-08-20,2022-09-17,0.2985523855728701,0.2846488995750268
Local Kalman-OU,mean,28,1,2022-08-12,2023-01-03,2022-08-20,2022-09-17,0.2985523855728701,0.38561714117538626
Persistence,mean,28,1,2022-08-12,2023-01-03,2022-08-21,2022-09-18,0.3002186925949414,0.2914799867095102
Local Kalman-OU,mean,28,1,2022-08-12,2023-01-03,2022-08-21,2022-09-18,0.3002186925949414,0.3985952170805683
Persistence,mean,28,1,2022-08-12,2023-01-03,2022-08-22,2022-09-19,0.3019356548741535,0.29279370403386357
Local Kalman-OU,mean,28,1,2022-08-12,2023-01-03,2022-08-22,2022-09-19,0.3019356548741535,0.4091348935070419
Persistence,mean,28,1,2022-08-12,2023-01-03,2022-08-23,2022-09-20,0.2952899883134545,0.30506859500372635
Local Kalman-OU,mean,28,1,2022-08-12,2023-01-03,2022-08-23,2022-09-20,0.2952899883134545,0.42368801507773485
Persistence,mean,28,1,2022-08-12,2023-01-03,2022-08-24,2022-09-21,0.3027580614304811,0.3143525470582268
Local Kalman-OU,mean,28,1,2022-08-12,2023-01-03,2022-08-24,2022-09-21,0.3027580614304811,0.43746668681593076
Persistence,mean,28,1,2022-08-12,2023-01-03,2022-08-25,2022-09-22,0.3028272964038533,0.31765678906129774
Local Kalman-OU,mean,28,1,2022-08-12,2023-01-03,2022-08-25,2022-09-22,0.3028272964038533,0.44904692638796184
Persistence,mean,28,1,2022-08-12,2023-01-03,2022-08-26,2022-09-23,0.2707690744758839,0.32153524566528474
Local Kalman-OU,mean,28,1,2022-08-12,2023-01-03,2022-08-26,2022-09-23,0.2707690744758839,0.4606151015786014
Persistence,mean,28,1,2022-08-12,2023-01-03,2022-08-27,2022-09-24,0.2715132441789233,0.3255590151207944
Local Kalman-OU,mean,28,1,2022-08-12,2023-01-03,2022-08-27,2022-09-24,0.2715132441789233,0.472071573430107
Persistence,mean,28,1,2022-08-12,2023-01-03,2022-08-28,2022-09-25,0.2730199657912049,0.3270184802090577
Local Kalman-OU,mean,28,1,2022-08-12,2023-01-03,2022-08-28,2022-09-25,0.2730199657912049,0.48270259566692064
Persistence,mean,28,1,2022-08-12,2023-01-03,2022-08-29,2022-09-26,0.2730423377610387,0.3279652444163786
Local Kalman-OU,mean,28,1,2022-08-12,2023-01-03,2022-08-29,2022-09-26,0.2730423377610387,0.49287137692428185
Persistence,mean,28,1,2022-08-12,2023-01-03,2022-08-30,2022-09-27,0.263145676334556,0.32644171652863674
Local Kalman-OU,mean,28,1,2022-08-12,2023-01-03,2022-08-30,2022-09-27,0.263145676334556,0.5022160801891755
Persistence,mean,28,1,2022-08-12,2023-01-03,2022-08-31,2022-09-28,0.2585063784037369,0.3234294476000823
Local Kalman-OU,mean,28,1,2022-08-12,2023-01-03,2022-08-31,2022-09-28,0.2585063784037369,0.5104323545083802
Persistence,mean,28,1,2022-08-12,2023-01-03,2022-09-01,2022-09-29,0.252093737116353,0.31856742897629436
Local Kalman-OU,mean,28,1,2022-08-12,2023-01-03,2022-09-01,2022-09-29,0.252093737116353,0.5170357173566651
Persistence,mean,28,1,2022-08-12,2023-01-03,2022-09-02,2022-09-30,0.2472375086184071,0.3150800198621729
Local Kalman-OU,mean,28,1,2022-08-12,2023-01-03,2022-09-02,2022-09-30,0.2472375086184071,0.5221433181429052
Persistence,mean,28,1,2022-08-12,2023-01-03,2022-09-03,2022-10-01,0.2420399396126247,0.3082425964459392
Local Kalman-OU,mean,28,1,2022-08-12,2023-01-03,2022-09-03,2022-10-01,0.2420399396126247,0.5244800214387452
Persistence,mean,28,1,2022-08-12,2023-01-03,2022-09-04,2022-10-02,0.2363769494605742,0.30445482155027037
Local Kalman-OU,mean,28,1,2022-08-12,2023-01-03,2022-09-04,2022-10-02,0.2363769494605742,0.5247729407909736
Persistence,mean,28,1,2022-08-12,2023-01-03,2022-09-05,2022-10-03,0.2301664739868834,0.3030590973418014
Local Kalman-OU,mean,28,1,2022-08-12,2023-01-03,2022-09-05,2022-10-03,0.2301664739868834,0.5231906199255799
Persistence,mean,28,1,2022-08-12,2023-01-03,2022-09-06,2022-10-04,0.2215034387954681,0.29419377758713605
Local Kalman-OU,mean,28,1,2022-08-12,2023-01-03,2022-09-06,2022-10-04,0.2215034387954681,0.5138721633581531
Persistence,mean,28,1,2022-08-12,2023-01-03,2022-09-07,2022-10-05,0.2111232084102334,0.28182657677936657
Local Kalman-OU,mean,28,1,2022-08-12,2023-01-03,2022-09-07,2022-10-05,0.2111232084102334,0.4942476270368055
Persistence,mean,28,1,2022-08-12,2023-01-03,2022-09-08,2022-10-06,0.204890235024975,0.2788095099635322
Local Kalman-OU,mean,28,1,2022-08-12,2023-01-03,2022-09-08,2022-10-06,0.204890235024975,0.4846730291725784
Persistence,mean,28,1,2022-08-12,2023-01-03,2022-09-09,2022-10-07,0.1982452230568141,0.3086741352649516
Local Kalman-OU,mean,28,1,2022-08-12,2023-01-03,2022-09-09,2022-10-07,0.1982452230568141,0.5097512706564408
Persistence,mean,28,1,2022-08-12,2023-01-03,2022-09-10,2022-10-08,0.1910186840257337,0.30396988534624053
Local Kalman-OU,mean,28,1,2022-08-12,2023-01-03,2022-09-10,2022-10-08,0.1910186840257337,0.5023320948546338
Persistence,mean,28,1,2022-08-12,2023-01-03,2022-09-11,2022-10-09,0.1816872479228083,0.3021449781773179
Local Kalman-OU,mean,28,1,2022-08-12,2023-01-03,2022-09-11,2022-10-09,0.1816872479228083,0.49529794350722944
Persistence,mean,28,1,2022-08-12,2023-01-03,2022-09-12,2022-10-10,0.174196048675853,0.29884710656846253
Local Kalman-OU,mean,28,1,2022-08-12,2023-01-03,2022-09-12,2022-10-10,0.174196048675853,0.4863212827771463
Persistence,mean,28,1,2022-08-12,2023-01-03,2022-09-13,2022-10-11,0.165352497030927,0.2938725866601544
Local Kalman-OU,mean,28,1,2022-08-12,2023-01-03,2022-09-13,2022-10-11,0.165352497030927,0.4747606224521257
Persistence,mean,28,1,2022-08-12,2023-01-03,2022-09-14,2022-10-12,0.1627071842105971,0.29251336400427475
Local Kalman-OU,mean,28,1,2022-08-12,2023-01-03,2022-09-14,2022-10-12,0.1627071842105971,0.4661094544729233
Persistence,mean,28,1,2022-08-12,2023-01-03,2022-09-15,2022-10-13,0.1604012842140447,0.2943908167960701
Local Kalman-OU,mean,28,1,2022-08-12,2023-01-03,2022-09-15,2022-10-13,0.1604012842140447,0.4603485370689755
Persistence,mean,28,1,2022-08-12,2023-01-03,2022-09-16,2022-10-14,0.1587199015249163,0.29549359188963303
Local Kalman-OU,mean,28,1,2022-08-12,2023-01-03,2022-09-16,2022-10-14,0.1587199015249163,0.453672998511744
Persistence,mean,28,1,2022-08-12,2023-01-03,2022-09-17,2022-10-15,0.1565018047787928,0.2985523855728701
Local Kalman-OU,mean,28,1,2022-08-12,2023-01-03,2022-09-17,2022-10-15,0.1565018047787928,0.4482304758275414
Persistence,mean,28,1,2022-08-12,2023-01-03,2022-09-18,2022-10-16,0.152661529307497,0.3002186925949414
Local Kalman-OU,mean,28,1,2022-08-12,2023-01-03,2022-09-18,2022-10-16,0.152661529307497,0.44199785039840855
Persistence,mean,28,1,2022-08-12,2023-01-03,2022-09-19,2022-10-17,0.1434772467761394,0.3019356548741535
Local Kalman-OU,mean,28,1,2022-08-12,2023-01-03,2022-09-19,2022-10-17,0.1434772467761394,0.43618120249544334
Persistence,mean,28,1,2022-08-12,2023-01-03,2022-09-20,2022-10-18,0.1382902603592003,0.29528998831345454
Local Kalman-OU,mean,28,1,2022-08-12,2023-01-03,2022-09-20,2022-10-18,0.1382902603592003,0.42287683635244677
Persistence,mean,28,1,2022-08-12,2023-01-03,2022-09-21,2022-10-19,0.1306927009705714,0.3027580614304811
Local Kalman-OU,mean,28,1,2022-08-12,2023-01-03,2022-09-21,2022-10-19,0.1306927009705714,0.42093439970993096
Persistence,mean,28,1,2022-08-12,2023-01-03,2022-09-22,2022-10-20,0.1255166790683448,0.30282729640385336
Local Kalman-OU,mean,28,1,2022-08-12,2023-01-03,2022-09-22,2022-10-20,0.1255166790683448,0.4132031671423727
Persistence,mean,28,1,2022-08-12,2023-01-03,2022-09-23,2022-10-21,0.1215789707504128,0.2707690744758839
Local Kalman-OU,mean,28,1,2022-08-12,2023-01-03,2022-09-23,2022-10-21,0.1215789707504128,0.3832878573466814
Persistence,mean,28,1,2022-08-12,2023-01-03,2022-09-24,2022-10-22,0.1177346976717436,0.2715132441789233
Local Kalman-OU,mean,28,1,2022-08-12,2023-01-03,2022-09-24,2022-10-22,0.1177346976717436,0.37352382308556253
Persistence,mean,28,1,2022-08-12,2023-01-03,2022-09-25,2022-10-23,0.1132533904448399,0.2730199657912049
Local Kalman-OU,mean,28,1,2022-08-12,2023-01-03,2022-09-25,2022-10-23,0.1132533904448399,0.3646436573721638
Persistence,mean,28,1,2022-08-12,2023-01-03,2022-09-26,2022-10-24,0.1073664165823456,0.2730423377610387
Local Kalman-OU,mean,28,1,2022-08-12,2023-01-03,2022-09-26,2022-10-24,0.1073664165823456,0.35515376790360115
Persistence,mean,28,1,2022-08-12,2023-01-03,2022-09-27,2022-10-25,0.1031259622794226,0.263145676334556
Local Kalman-OU,mean,28,1,2022-08-12,2023-01-03,2022-09-27,2022-10-25,0.1031259622794226,0.34001099799902335
Persistence,mean,28,1,2022-08-12,2023-01-03,2022-09-28,2022-10-26,0.0963766492675656,0.2585063784037369
Local Kalman-OU,mean,28,1,2022-08-12,2023-01-03,2022-09-28,2022-10-26,0.0963766492675656,0.32775016396729045
Persistence,mean,28,1,2022-08-12,2023-01-03,2022-09-29,2022-10-27,0.093113108181633,0.252093737116353
Local Kalman-OU,mean,28,1,2022-08-12,2023-01-03,2022-09-29,2022-10-27,0.093113108181633,0.31421584187840496
Persistence,mean,28,1,2022-08-12,2023-01-03,2022-09-30,2022-10-28,0.0911559859244306,0.24723750861840718
Local Kalman-OU,mean,28,1,2022-08-12,2023-01-03,2022-09-30,2022-10-28,0.0911559859244306,0.3012832195298938
Persistence,mean,28,1,2022-08-12,2023-01-03,2022-10-01,2022-10-29,0.0880394067911088,0.2420399396126247
Local Kalman-OU,mean,28,1,2022-08-12,2023-01-03,2022-10-01,2022-10-29,0.0880394067911088,0.2878398903482265
Persistence,mean,28,1,2022-08-12,2023-01-03,2022-10-02,2022-10-30,0.0853523045876202,0.23637694946057428
Local Kalman-OU,mean,28,1,2022-08-12,2023-01-03,2022-10-02,2022-10-30,0.0853523045876202,0.2738173031974644
Persistence,mean,28,1,2022-08-12,2023-01-03,2022-10-03,2022-10-31,0.0837597105624305,0.23016647398688345
Local Kalman-OU,mean,28,1,2022-08-12,2023-01-03,2022-10-03,2022-10-31,0.0837597105624305,0.2590924120794008
Persistence,mean,28,1,2022-08-12,2023-01-03,2022-10-04,2022-11-01,0.078703308033533,0.22150343879546813
Local Kalman-OU,mean,28,1,2022-08-12,2023-01-03,2022-10-04,2022-11-01,0.078703308033533,0.2433653572025926
Persistence,mean,28,1,2022-08-12,2023-01-03,2022-10-05,2022-11-02,0.076532502597307,0.21112320841023344
Local Kalman-OU,mean,28,1,2022-08-12,2023-01-03,2022-10-05,2022-11-02,0.076532502597307,0.22661223008910547
Persistence,mean,28,1,2022-08-12,2023-01-03,2022-10-06,2022-11-03,0.0756570373661229,0.20489023502497505
Local Kalman-OU,mean,28,1,2022-08-12,2023-01-03,2022-10-06,2022-11-03,0.0756570373661229,0.21228243396090113
Persistence,mean,28,1,2022-08-12,2023-01-03,2022-10-07,2022-11-04,0.0752107235707895,0.1982452230568141
Local Kalman-OU,mean,28,1,2022-08-12,2023-01-03,2022-10-07,2022-11-04,0.0752107235707895,0.19761010421335856
Persistence,mean,28,1,2022-08-12,2023-01-03,2022-10-08,2022-11-05,0.0748845416885153,0.19101868402573371
Local Kalman-OU,mean,28,1,2022-08-12,2023-01-03,2022-10-08,2022-11-05,0.0748845416885153,0.18251354781944007
Persistence,mean,28,1,2022-08-12,2023-01-03,2022-10-09,2022-11-06,0.0765352157789679,0.18168724792280838
Local Kalman-OU,mean,28,1,2022-08-12,2023-01-03,2022-10-09,2022-11-06,0.0765352157789679,0.1663929086571567
Persistence,mean,28,1,2022-08-12,2023-01-03,2022-10-10,2022-11-07,0.0768659336615417,0.17419604867585306
Local Kalman-OU,mean,28,1,2022-08-12,2023-01-03,2022-10-10,2022-11-07,0.0768659336615417,0.15500456366212567
Persistence,mean,28,1,2022-08-12,2023-01-03,2022-10-11,2022-11-08,0.073798991205939,0.16535249703092708
Local Kalman-OU,mean,28,1,2022-08-12,2023-01-03,2022-10-11,2022-11-08,0.073798991205939,0.14021001546470066
Persistence,mean,28,1,2022-08-12,2023-01-03,2022-10-12,2022-11-09,0.0732140689040359,0.16270718421059713
Local Kalman-OU,mean,28,1,2022-08-12,2023-01-03,2022-10-12,2022-11-09,0.0732140689040359,0.13071255796453723
Persistence,mean,28,1,2022-08-12,2023-01-03,2022-10-13,2022-11-10,0.0716742922873201,0.16040128421404473
Local Kalman-OU,mean,28,1,2022-08-12,2023-01-03,2022-10-13,2022-11-10,0.0716742922873201,0.12098022952359722
Persistence,mean,28,1,2022-08-12,2023-01-03,2022-10-14,2022-11-11,0.0703433300511735,0.15871990152491636
Local Kalman-OU,mean,28,1,2022-08-12,2023-01-03,2022-10-14,2022-11-11,0.0703433300511735,0.11286491055957126
Persistence,mean,28,1,2022-08-12,2023-01-03,2022-10-15,2022-11-12,0.0694015822502547,0.15650180477879286
Local Kalman-OU,mean,28,1,2022-08-12,2023-01-03,2022-10-15,2022-11-12,0.0694015822502547,0.10413168348751119
Persistence,mean,28,1,2022-08-12,2023-01-03,2022-10-16,2022-11-13,0.0685965851917204,0.15266152930749702
Local Kalman-OU,mean,28,1,2022-08-12,2023-01-03,2022-10-16,2022-11-13,0.0685965851917204,0.09348227530761148
Persistence,mean,28,1,2022-08-12,2023-01-03,2022-10-17,2022-11-14,0.0679852810597109,0.14347724677613943
Local Kalman-OU,mean,28,1,2022-08-12,2023-01-03,2022-10-17,2022-11-14,0.0679852810597109,0.08275828045754631
Persistence,mean,28,1,2022-08-12,2023-01-03,2022-10-18,2022-11-15,0.0684164769648427,0.13829026035920036
Local Kalman-OU,mean,28,1,2022-08-12,2023-01-03,2022-10-18,2022-11-15,0.0684164769648427,0.07275416447983794
Persistence,mean,28,1,2022-08-12,2023-01-03,2022-10-19,2022-11-16,0.0688235531062736,0.13069270097057148
Local Kalman-OU,mean,28,1,2022-08-12,2023-01-03,2022-10-19,2022-11-16,0.0688235531062736,0.06191272947095456
Persistence,mean,28,1,2022-08-12,2023-01-03,2022-10-20,2022-11-17,0.0684602488529325,0.1255166790683448
Local Kalman-OU,mean,28,1,2022-08-12,2023-01-03,2022-10-20,2022-11-17,0.0684602488529325,0.05174260774475209
Persistence,mean,28,1,2022-08-12,2023-01-03,2022-10-21,2022-11-18,0.0684857809184202,0.12157897075041281
Local Kalman-OU,mean,28,1,2022-08-12,2023-01-03,2022-10-21,2022-11-18,0.0684857809184202,0.0421434085826924
Persistence,mean,28,1,2022-08-12,2023-01-03,2022-10-22,2022-11-19,0.0689602245159891,0.11773469767174369
Local Kalman-OU,mean,28,1,2022-08-12,2023-01-03,2022-10-22,2022-11-19,0.0689602245159891,0.03296667409181712
Persistence,mean,28,1,2022-08-12,2023-01-03,2022-10-23,2022-11-20,0.0675683464572022,0.11325339044483994
Local Kalman-OU,mean,28,1,2022-08-12,2023-01-03,2022-10-23,2022-11-20,0.0675683464572022,0.024042115464927155
Persistence,mean,28,1,2022-08-12,2023-01-03,2022-10-24,2022-11-21,0.0669632591164338,0.10736641658234566
Local Kalman-OU,mean,28,1,2022-08-12,2023-01-03,2022-10-24,2022-11-21,0.0669632591164338,0.015132927259816778
Persistence,mean,28,1,2022-08-12,2023-01-03,2022-10-25,2022-11-22,0.0658834902023071,0.10312596227942264
Local Kalman-OU,mean,28,1,2022-08-12,2023-01-03,2022-10-25,2022-11-22,0.0658834902023071,0.006478010369686545
Persistence,mean,28,1,2022-08-12,2023-01-03,2022-10-26,2022-11-23,0.0681158125800529,0.09637664926756563
Local Kalman-OU,mean,28,1,2022-08-12,2023-01-03,2022-10-26,2022-11-23,0.0681158125800529,0.0
Persistence,mean,28,1,2022-08-12,2023-01-03,2022-10-27,2022-11-24,0.0699042004403278,0.09311310818163306
Local Kalman-OU,mean,28,1,2022-08-12,2023-01-03,2022-10-27,2022-11-24,0.0699042004403278,0.0
Persistence,mean,28,1,2022-08-12,2023-01-03,2022-10-28,2022-11-25,0.0710227506085036,0.09115598592443062
Local Kalman-OU,mean,28,1,2022-08-12,2023-01-03,2022-10-28,2022-11-25,0.0710227506085036,0.0
Persistence,mean,28,1,2022-08-12,2023-01-03,2022-10-29,2022-11-26,0.0718536127797953,0.08803940679110886
Local Kalman-OU,mean,28,1,2022-08-12,2023-01-03,2022-10-29,2022-11-26,0.0718536127797953,0.0
Persistence,mean,28,1,2022-08-12,2023-01-03,2022-10-30,2022-11-27,0.0727124884012306,0.08535230458762022
Local Kalman-OU,mean,28,1,2022-08-12,2023-01-03,2022-10-30,2022-11-27,0.0727124884012306,0.0
Persistence,mean,28,1,2022-08-12,2023-01-03,2022-10-31,2022-11-28,0.0746229771927679,0.08375971056243059
Local Kalman-OU,mean,28,1,2022-08-12,2023-01-03,2022-10-31,2022-11-28,0.0746229771927679,0.0
Persistence,mean,28,1,2022-08-12,2023-01-03,2022-11-01,2022-11-29,0.0726464009747265,0.07870330803353301
Local Kalman-OU,mean,28,1,2022-08-12,2023-01-03,2022-11-01,2022-11-29,0.0726464009747265,0.0
Persistence,mean,28,1,2022-08-12,2023-01-03,2022-11-02,2022-11-30,0.0742576319791708,0.07653250259730701
Local Kalman-OU,mean,28,1,2022-08-12,2023-01-03,2022-11-02,2022-11-30,0.0742576319791708,0.0
Persistence,mean,28,1,2022-08-12,2023-01-03,2022-11-03,2022-12-01,0.0743339928725567,0.07565703736612298
Local Kalman-OU,mean,28,1,2022-08-12,2023-01-03,2022-11-03,2022-12-01,0.0743339928725567,0.0
Persistence,mean,28,1,2022-08-12,2023-01-03,2022-11-04,2022-12-02,0.0746230925185092,0.07521072357078952
Local Kalman-OU,mean,28,1,2022-08-12,2023-01-03,2022-11-04,2022-12-02,0.0746230925185092,0.0
Persistence,mean,28,1,2022-08-12,2023-01-03,2022-11-05,2022-12-03,0.0756413501838568,0.07488454168851534
Local Kalman-OU,mean,28,1,2022-08-12,2023-01-03,2022-11-05,2022-12-03,0.0756413501838568,0.0
Persistence,mean,28,1,2022-08-12,2023-01-03,2022-11-06,2022-12-04,0.0760864458428438,0.07653521577896798
Local Kalman-OU,mean,28,1,2022-08-12,2023-01-03,2022-11-06,2022-12-04,0.0760864458428438,0.0
Persistence,mean,28,1,2022-08-12,2023-01-03,2022-11-07,2022-12-05,0.0757517445650089,0.07686593366154175
Local Kalman-OU,mean,28,1,2022-08-12,2023-01-03,2022-11-07,2022-12-05,0.0757517445650089,0.0
Persistence,mean,28,1,2022-08-12,2023-01-03,2022-11-08,2022-12-06,0.0804344451324808,0.07379899120593902
Local Kalman-OU,mean,28,1,2022-08-12,2023-01-03,2022-11-08,2022-12-06,0.0804344451324808,0.0
Persistence,mean,28,1,2022-08-12,2023-01-03,2022-11-09,2022-12-07,0.0810599293313302,0.0732140689040359
Local Kalman-OU,mean,28,1,2022-08-12,2023-01-03,2022-11-09,2022-12-07,0.0810599293313302,0.0
Persistence,mean,28,1,2022-08-12,2023-01-03,2022-11-10,2022-12-08,0.0818757627340982,0.07167429228732014
Local Kalman-OU,mean,28,1,2022-08-12,2023-01-03,2022-11-10,2022-12-08,0.0818757627340982,0.0
Persistence,mean,28,1,2022-08-12,2023-01-03,2022-11-11,2022-12-09,0.0819654126827038,0.07034333005117352
Local Kalman-OU,mean,28,1,2022-08-12,2023-01-03,2022-11-11,2022-12-09,0.0819654126827038,0.0
Persistence,mean,28,1,2022-08-12,2023-01-03,2022-11-12,2022-12-10,0.0826508603720496,0.06940158225025475
Local Kalman-OU,mean,28,1,2022-08-12,2023-01-03,2022-11-12,2022-12-10,0.0826508603720496,0.0
Persistence,mean,28,1,2022-08-12,2023-01-03,2022-11-13,2022-12-11,0.0826461827537464,0.0685965851917204
Local Kalman-OU,mean,28,1,2022-08-12,2023-01-03,2022-11-13,2022-12-11,0.0826461827537464,0.0
Persistence,mean,28,1,2022-08-12,2023-01-03,2022-11-14,2022-12-12,0.0806072446377201,0.06798528105971095
Local Kalman-OU,mean,28,1,2022-08-12,2023-01-03,2022-11-14,2022-12-12,0.0806072446377201,0.0
Persistence,mean,28,1,2022-08-12,2023-01-03,2022-11-15,2022-12-13,0.0816459076967019,0.06841647696484277
Local Kalman-OU,mean,28,1,2022-08-12,2023-01-03,2022-11-15,2022-12-13,0.0816459076967019,0.0
Persistence,mean,28,1,2022-08-12,2023-01-03,2022-11-16,2022-12-14,0.0820207081477393,0.06882355310627362
Local Kalman-OU,mean,28,1,2022-08-12,2023-01-03,2022-11-16,2022-12-14,0.0820207081477393,0.0
Persistence,mean,28,1,2022-08-12,2023-01-03,2022-11-17,2022-12-15,0.0829410720320907,0.06846024885293256
Local Kalman-OU,mean,28,1,2022-08-12,2023-01-03,2022-11-17,2022-12-15,0.0829410720320907,0.0
Persistence,mean,28,1,2022-08-12,2023-01-03,2022-11-18,2022-12-16,0.0831449866750306,0.06848578091842022
Local Kalman-OU,mean,28,1,2022-08-12,2023-01-03,2022-11-18,2022-12-16,0.0831449866750306,0.0
Persistence,mean,28,1,2022-08-12,2023-01-03,2022-11-19,2022-12-17,0.0826623363808132,0.06896022451598913
Local Kalman-OU,mean,28,1,2022-08-12,2023-01-03,2022-11-19,2022-12-17,0.0826623363808132,0.0
Persistence,mean,28,1,2022-08-12,2023-01-03,2022-11-20,2022-12-18,0.0828095749580439,0.06756834645720226
Local Kalman-OU,mean,28,1,2022-08-12,2023-01-03,2022-11-20,2022-12-18,0.0828095749580439,0.0
Persistence,mean,28,1,2022-08-12,2023-01-03,2022-11-21,2022-12-19,0.084539604529338,0.06696325911643382
Local Kalman-OU,mean,28,1,2022-08-12,2023-01-03,2022-11-21,2022-12-19,0.084539604529338,0.0
Persistence,mean,28,1,2022-08-12,2023-01-03,2022-11-22,2022-12-20,0.0815192867338567,0.0658834902023071
Local Kalman-OU,mean,28,1,2022-08-12,2023-01-03,2022-11-22,2022-12-20,0.0815192867338567,0.0
Persistence,mean,28,1,2022-08-12,2023-01-03,2022-11-23,2022-12-21,0.0849364533269645,0.06811581258005292
Local Kalman-OU,mean,28,1,2022-08-12,2023-01-03,2022-11-23,2022-12-21,0.0849364533269645,0.0
Persistence,mean,28,1,2022-08-12,2023-01-03,2022-11-24,2022-12-22,0.0863355542549545,0.06990420044032782
Local Kalman-OU,mean,28,1,2022-08-12,2023-01-03,2022-11-24,2022-12-22,0.0863355542549545,0.0
Persistence,mean,28,1,2022-08-12,2023-01-03,2022-11-25,2022-12-23,0.0874285771799837,0.07102275060850367
Local Kalman-OU,mean,28,1,2022-08-12,2023-01-03,2022-11-25,2022-12-23,0.0874285771799837,0.0
Persistence,mean,28,1,2022-08-12,2023-01-03,2022-11-26,2022-12-24,0.0883534797421981,0.0718536127797953
Local Kalman-OU,mean,28,1,2022-08-12,2023-01-03,2022-11-26,2022-12-24,0.0883534797421981,0.0
Persistence,mean,28,1,2022-08-12,2023-01-03,2022-11-27,2022-12-25,0.0898307190370733,0.07271248840123068
Local Kalman-OU,mean,28,1,2022-08-12,2023-01-03,2022-11-27,2022-12-25,0.0898307190370733,0.0
Persistence,mean,28,1,2022-08-12,2023-01-03,2022-11-28,2022-12-26,0.0919206060011261,0.0746229771927679
Local Kalman-OU,mean,28,1,2022-08-12,2023-01-03,2022-11-28,2022-12-26,0.0919206060011261,0.0
Persistence,mean,28,1,2022-08-12,2023-01-03,2022-11-29,2022-12-27,0.0945869231328334,0.07264640097472651
Local Kalman-OU,mean,28,1,2022-08-12,2023-01-03,2022-11-29,2022-12-27,0.0945869231328334,0.0
Persistence,mean,28,1,2022-08-12,2023-01-03,2022-11-30,2022-12-28,0.0972474509177878,0.07425763197917087
Local Kalman-OU,mean,28,1,2022-08-12,2023-01-03,2022-11-30,2022-12-28,0.0972474509177878,0.0
Persistence,mean,28,1,2022-08-12,2023-01-03,2022-12-01,2022-12-29,0.0972470222075266,0.0743339928725567
Local Kalman-OU,mean,28,1,2022-08-12,2023-01-03,2022-12-01,2022-12-29,0.0972470222075266,0.0
Persistence,mean,28,1,2022-08-12,2023-01-03,2022-12-02,2022-12-30,0.0980355084108653,0.07462309251850922
Local Kalman-OU,mean,28,1,2022-08-12,2023-01-03,2022-12-02,2022-12-30,0.0980355084108653,0.0
Persistence,mean,28,1,2022-08-12,2023-01-03,2022-12-03,2022-12-31,0.0986081054382626,0.0756413501838568
Local Kalman-OU,mean,28,1,2022-08-12,2023-01-03,2022-12-03,2022-12-31,0.0986081054382626,0.0
Persistence,mean,28,1,2022-08-12,2023-01-03,2022-12-04,2023-01-01,0.0998994191554336,0.07608644584284381
Local Kalman-OU,mean,28,1,2022-08-12,2023-01-03,2022-12-04,2023-01-01,0.0998994191554336,0.0014425316083793984
Persistence,mean,28,1,2022-08-12,2023-01-03,2022-12-05,2023-01-02,0.0998859326029232,0.07575174456500892
Local Kalman-OU,mean,28,1,2022-08-12,2023-01-03,2022-12-05,2023-01-02,0.0998859326029232,0.006344903655418792
Persistence,mean,28,1,2022-08-12,2023-01-03,2022-12-06,2023-01-03,0.1276245527087355,0.08043444513248081
Local Kalman-OU,mean,28,1,2022-08-12,2023-01-03,2022-12-06,2023-01-03,0.1276245527087355,0.011852107947544035
Persistence,variance,14,1,2022-08-12,2023-01-03,2022-07-30,2022-08-13,0.0081170672059329,0.0014896423076371417
Local Kalman-OU,variance,14,1,2022-08-12,2023-01-03,2022-07-30,2022-08-13,0.0081170672059329,0.0017708131718982868
Persistence,variance,14,1,2022-08-12,2023-01-03,2022-07-31,2022-08-14,0.0077780946971695,0.0014138094303762132
Local Kalman-OU,variance,14,1,2022-08-12,2023-01-03,2022-07-31,2022-08-14,0.0077780946971695,0.0018352505819088623
Persistence,variance,14,1,2022-08-12,2023-01-03,2022-08-01,2022-08-15,0.008031014118835,0.001590988407281071
Local Kalman-OU,variance,14,1,2022-08-12,2023-01-03,2022-08-01,2022-08-15,0.008031014118835,0.0019129581553510898
Persistence,variance,14,1,2022-08-12,2023-01-03,2022-08-02,2022-08-16,0.0150967593158953,0.006800603648713681
Local Kalman-OU,variance,14,1,2022-08-12,2023-01-03,2022-08-02,2022-08-16,0.0150967593158953,0.0024822801761403192
Persistence,variance,14,1,2022-08-12,2023-01-03,2022-08-03,2022-08-17,0.0153596807159649,0.007169965697343137
Local Kalman-OU,variance,14,1,2022-08-12,2023-01-03,2022-08-03,2022-08-17,0.0153596807159649,0.003067091333936709
Persistence,variance,14,1,2022-08-12,2023-01-03,2022-08-04,2022-08-18,0.014807367790415,0.0068214134399296016
Local Kalman-OU,variance,14,1,2022-08-12,2023-01-03,2022-08-04,2022-08-18,0.014807367790415,0.003598829189690921
Persistence,variance,14,1,2022-08-12,2023-01-03,2022-08-05,2022-08-19,0.0140150262215965,0.0062526052313042
Local Kalman-OU,variance,14,1,2022-08-12,2023-01-03,2022-08-05,2022-08-19,0.0140150262215965,0.004057280592673921
Persistence,variance,14,1,2022-08-12,2023-01-03,2022-08-06,2022-08-20,0.0128224725529477,0.005811347094175316
Local Kalman-OU,variance,14,1,2022-08-12,2023-01-03,2022-08-06,2022-08-20,0.0128224725529477,0.004456237773369998
Persistence,variance,14,1,2022-08-12,2023-01-03,2022-08-07,2022-08-21,0.0117985688740739,0.0054382352381257704
Local Kalman-OU,variance,14,1,2022-08-12,2023-01-03,2022-08-07,2022-08-21,0.0117985688740739,0.00480328364937055
Persistence,variance,14,1,2022-08-12,2023-01-03,2022-08-08,2022-08-22,0.0109151485979076,0.005650701043088861
Local Kalman-OU,variance,14,1,2022-08-12,2023-01-03,2022-08-08,2022-08-22,0.0109151485979076,0.005155469671632368
Persistence,variance,14,1,2022-08-12,2023-01-03,2022-08-09,2022-08-23,0.0167645234431958,0.010537345717253482
Local Kalman-OU,variance,14,1,2022-08-12,2023-01-03,2022-08-09,2022-08-23,0.0167645234431958,0.005958871658832209
Persistence,variance,14,1,2022-08-12,2023-01-03,2022-08-10,2022-08-24,0.0176749958766853,0.01060209783692354
Local Kalman-OU,variance,14,1,2022-08-12,2023-01-03,2022-08-10,2022-08-24,0.0176749958766853,0.006738931485732402
Persistence,variance,14,1,2022-08-12,2023-01-03,2022-08-11,2022-08-25,0.0172159785672756,0.009780668959182849
Local Kalman-OU,variance,14,1,2022-08-12,2023-01-03,2022-08-11,2022-08-25,0.0172159785672756,0.007412002318232523
Persistence,variance,14,1,2022-08-12,2023-01-03,2022-08-12,2022-08-26,0.0162898613381765,0.008895888219325845
Local Kalman-OU,variance,14,1,2022-08-12,2023-01-03,2022-08-12,2022-08-26,0.0162898613381765,0.007974546460551764
Persistence,variance,14,1,2022-08-12,2023-01-03,2022-08-13,2022-08-27,0.0155524139001282,0.008117067205932955
Local Kalman-OU,variance,14,1,2022-08-12,2023-01-03,2022-08-13,2022-08-27,0.0155524139001282,0.008437642417664572
Persistence,variance,14,1,2022-08-12,2023-01-03,2022-08-14,2022-08-28,0.0153276346185832,0.007778094697169558
Local Kalman-OU,variance,14,1,2022-08-12,2023-01-03,2022-08-14,2022-08-28,0.0153276346185832,0.008845948639616196
Persistence,variance,14,1,2022-08-12,2023-01-03,2022-08-15,2022-08-29,0.0153126601956296,0.008031014118835037
Local Kalman-OU,variance,14,1,2022-08-12,2023-01-03,2022-08-15,2022-08-29,0.0153126601956296,0.009256465501970986
Persistence,variance,14,1,2022-08-12,2023-01-03,2022-08-16,2022-08-30,0.0145170404741759,0.015096759315895346
Local Kalman-OU,variance,14,1,2022-08-12,2023-01-03,2022-08-16,2022-08-30,0.0145170404741759,0.010321003422721384
Persistence,variance,14,1,2022-08-12,2023-01-03,2022-08-17,2022-08-31,0.0146378019701199,0.015359680715964913
Local Kalman-OU,variance,14,1,2022-08-12,2023-01-03,2022-08-17,2022-08-31,0.0146378019701199,0.011368494765553851
Persistence,variance,14,1,2022-08-12,2023-01-03,2022-08-18,2022-09-01,0.0156183300758502,0.014807367790415046
Local Kalman-OU,variance,14,1,2022-08-12,2023-01-03,2022-08-18,2022-09-01,0.0156183300758502,0.01231983777188947
Persistence,variance,14,1,2022-08-12,2023-01-03,2022-08-19,2022-09-02,0.0166539320751937,0.014015026221596595
Local Kalman-OU,variance,14,1,2022-08-12,2023-01-03,2022-08-19,2022-09-02,0.0166539320751937,0.01315350720803727
Persistence,variance,14,1,2022-08-12,2023-01-03,2022-08-20,2022-09-03,0.0182579121609625,0.012822472552947757
Local Kalman-OU,variance,14,1,2022-08-12,2023-01-03,2022-08-20,2022-09-03,0.0182579121609625,0.01383349634481686
Persistence,variance,14,1,2022-08-12,2023-01-03,2022-08-21,2022-09-04,0.0188255336503823,0.011798568874073934
Local Kalman-OU,variance,14,1,2022-08-12,2023-01-03,2022-08-21,2022-09-04,0.0188255336503823,0.014379375052965309
Persistence,variance,14,1,2022-08-12,2023-01-03,2022-08-22,2022-09-05,0.0188365212197674,0.01091514859790761
Local Kalman-OU,variance,14,1,2022-08-12,2023-01-03,2022-08-22,2022-09-05,0.0188365212197674,0.014808756230559534
Persistence,variance,14,1,2022-08-12,2023-01-03,2022-08-23,2022-09-06,0.0141503676232312,0.01676452344319587
Local Kalman-OU,variance,14,1,2022-08-12,2023-01-03,2022-08-23,2022-09-06,0.0141503676232312,0.015770381265606245
Persistence,variance,14,1,2022-08-12,2023-01-03,2022-08-24,2022-09-07,0.0129343886429094,0.01767499587668532
Local Kalman-OU,variance,14,1,2022-08-12,2023-01-03,2022-08-24,2022-09-07,0.0129343886429094,0.016772448592879532
Persistence,variance,14,1,2022-08-12,2023-01-03,2022-08-25,2022-09-08,0.0131085469073983,0.017215978567275685
Local Kalman-OU,variance,14,1,2022-08-12,2023-01-03,2022-08-25,2022-09-08,0.0131085469073983,0.017679386337528694
Persistence,variance,14,1,2022-08-12,2023-01-03,2022-08-26,2022-09-09,0.0228337475953599,0.01628986133817656
Local Kalman-OU,variance,14,1,2022-08-12,2023-01-03,2022-08-26,2022-09-09,0.0228337475953599,0.01844689928453677
Persistence,variance,14,1,2022-08-12,2023-01-03,2022-08-27,2022-09-10,0.0235696431897075,0.015552413900128218
Local Kalman-OU,variance,14,1,2022-08-12,2023-01-03,2022-08-27,2022-09-10,0.0235696431897075,0.019097247948120472
Persistence,variance,14,1,2022-08-12,2023-01-03,2022-08-28,2022-09-11,0.0237694484458522,0.01532763461858324
Local Kalman-OU,variance,14,1,2022-08-12,2023-01-03,2022-08-28,2022-09-11,0.0237694484458522,0.019681490337583527
Persistence,variance,14,1,2022-08-12,2023-01-03,2022-08-29,2022-09-12,0.0237467559405324,0.015312660195629631
Local Kalman-OU,variance,14,1,2022-08-12,2023-01-03,2022-08-29,2022-09-12,0.0237467559405324,0.02022118505475404
Persistence,variance,14,1,2022-08-12,2023-01-03,2022-08-30,2022-09-13,0.0213058394268398,0.01451704047417591
Local Kalman-OU,variance,14,1,2022-08-12,2023-01-03,2022-08-30,2022-09-13,0.0213058394268398,0.020658555829461828
Persistence,variance,14,1,2022-08-12,2023-01-03,2022-08-31,2022-09-14,0.0213569867437995,0.01463780197011998
Local Kalman-OU,variance,14,1,2022-08-12,2023-01-03,2022-08-31,2022-09-14,0.0213569867437995,0.021066003650141926
Persistence,variance,14,1,2022-08-12,2023-01-03,2022-09-01,2022-09-15,0.0210052676228844,0.015618330075850282
Local Kalman-OU,variance,14,1,2022-08-12,2023-01-03,2022-09-01,2022-09-15,0.0210052676228844,0.02152633678939473
Persistence,variance,14,1,2022-08-12,2023-01-03,2022-09-02,2022-09-16,0.0206901186911118,0.016653932075193795
Local Kalman-OU,variance,14,1,2022-08-12,2023-01-03,2022-09-02,2022-09-16,0.0206901186911118,0.022041339539684027
Persistence,variance,14,1,2022-08-12,2023-01-03,2022-09-03,2022-09-17,0.0198947411743888,0.01825791216096253
Local Kalman-OU,variance,14,1,2022-08-12,2023-01-03,2022-09-03,2022-09-17,0.0198947411743888,0.022661901428931548
Persistence,variance,14,1,2022-08-12,2023-01-03,2022-09-04,2022-09-18,0.0196167281878646,0.01882553365038233
Local Kalman-OU,variance,14,1,2022-08-12,2023-01-03,2022-09-04,2022-09-18,0.0196167281878646,0.023286469500850015
Persistence,variance,14,1,2022-08-12,2023-01-03,2022-09-05,2022-09-19,0.0196214375078557,0.018836521219767456
Local Kalman-OU,variance,14,1,2022-08-12,2023-01-03,2022-09-05,2022-09-19,0.0196214375078557,0.023859761154025317
Persistence,variance,14,1,2022-08-12,2023-01-03,2022-09-06,2022-09-20,0.0176625260105384,0.014150367623231297
Local Kalman-OU,variance,14,1,2022-08-12,2023-01-03,2022-09-06,2022-09-20,0.0176625260105384,0.02394725536460874
Persistence,variance,14,1,2022-08-12,2023-01-03,2022-09-07,2022-09-21,0.0176680299033733,0.01293438864290947
Local Kalman-OU,variance,14,1,2022-08-12,2023-01-03,2022-09-07,2022-09-21,0.0176680299033733,0.02387875821254195
Persistence,variance,14,1,2022-08-12,2023-01-03,2022-09-08,2022-09-22,0.0176576048122438,0.013108546907398377
Local Kalman-OU,variance,14,1,2022-08-12,2023-01-03,2022-09-08,2022-09-22,0.0176576048122438,0.023789134162037352
Persistence,variance,14,1,2022-08-12,2023-01-03,2022-09-09,2022-09-23,0.007798879121381,0.022833747595359947
Local Kalman-OU,variance,14,1,2022-08-12,2023-01-03,2022-09-09,2022-09-23,0.007798879121381,0.024594888845523858
Persistence,variance,14,1,2022-08-12,2023-01-03,2022-09-10,2022-09-24,0.0076944246614772,0.023569643189707595
Local Kalman-OU,variance,14,1,2022-08-12,2023-01-03,2022-09-10,2022-09-24,0.0076944246614772,0.025407363874491322
Persistence,variance,14,1,2022-08-12,2023-01-03,2022-09-11,2022-09-25,0.0076221525644754,0.023769448445852267
Local Kalman-OU,variance,14,1,2022-08-12,2023-01-03,2022-09-11,2022-09-25,0.0076221525644754,0.02617322612972072
Persistence,variance,14,1,2022-08-12,2023-01-03,2022-09-12,2022-09-26,0.0076225250946339,0.02374675594053248
Local Kalman-OU,variance,14,1,2022-08-12,2023-01-03,2022-09-12,2022-09-26,0.0076225250946339,0.026871278429175766
Persistence,variance,14,1,2022-08-12,2023-01-03,2022-09-13,2022-09-27,0.0043828287362282,0.021305839426839897
Local Kalman-OU,variance,14,1,2022-08-12,2023-01-03,2022-09-13,2022-09-27,0.0043828287362282,0.027320073404673635
Persistence,variance,14,1,2022-08-12,2023-01-03,2022-09-14,2022-09-28,0.0046535579208286,0.02135698674379953
Local Kalman-OU,variance,14,1,2022-08-12,2023-01-03,2022-09-14,2022-09-28,0.0046535579208286,0.027724162237191152
Persistence,variance,14,1,2022-08-12,2023-01-03,2022-09-15,2022-09-29,0.0057664175820735,0.021005267622884426
Local Kalman-OU,variance,14,1,2022-08-12,2023-01-03,2022-09-15,2022-09-29,0.0057664175820735,0.028035896423172658
Persistence,variance,14,1,2022-08-12,2023-01-03,2022-09-16,2022-09-30,0.0069554641674853,0.0206901186911118
Local Kalman-OU,variance,14,1,2022-08-12,2023-01-03,2022-09-16,2022-09-30,0.0069554641674853,0.028257230028673502
Persistence,variance,14,1,2022-08-12,2023-01-03,2022-09-17,2022-10-01,0.0078881591232316,0.019894741174388893
Local Kalman-OU,variance,14,1,2022-08-12,2023-01-03,2022-09-17,2022-10-01,0.0078881591232316,0.02834595552305724
Persistence,variance,14,1,2022-08-12,2023-01-03,2022-09-18,2022-10-02,0.0084402399278785,0.019616728187864692
Local Kalman-OU,variance,14,1,2022-08-12,2023-01-03,2022-09-18,2022-10-02,0.0084402399278785,0.0283529989588397
Persistence,variance,14,1,2022-08-12,2023-01-03,2022-09-19,2022-10-03,0.0079369616165807,0.019621437507855763
Local Kalman-OU,variance,14,1,2022-08-12,2023-01-03,2022-09-19,2022-10-03,0.0079369616165807,0.02831492069249396
Persistence,variance,14,1,2022-08-12,2023-01-03,2022-09-20,2022-10-04,0.0060249479178009,0.017662526010538464
Local Kalman-OU,variance,14,1,2022-08-12,2023-01-03,2022-09-20,2022-10-04,0.0060249479178009,0.028102234473359498
Persistence,variance,14,1,2022-08-12,2023-01-03,2022-09-21,2022-10-05,0.004623858214569,0.0176680299033733
Local Kalman-OU,variance,14,1,2022-08-12,2023-01-03,2022-09-21,2022-10-05,0.004623858214569,0.02784260318911156
Persistence,variance,14,1,2022-08-12,2023-01-03,2022-09-22,2022-10-06,0.0048691341085748,0.017657604812243884
Local Kalman-OU,variance,14,1,2022-08-12,2023-01-03,2022-09-22,2022-10-06,0.0048691341085748,0.027523905975017013
Persistence,variance,14,1,2022-08-12,2023-01-03,2022-09-23,2022-10-07,0.0054833108671769,0.0077988791213810145
Local Kalman-OU,variance,14,1,2022-08-12,2023-01-03,2022-09-23,2022-10-07,0.0054833108671769,0.0261961590928275
Persistence,variance,14,1,2022-08-12,2023-01-03,2022-09-24,2022-10-08,0.0060130804090716,0.007694424661477285
Local Kalman-OU,variance,14,1,2022-08-12,2023-01-03,2022-09-24,2022-10-08,0.0060130804090716,0.024823904720374008
Persistence,variance,14,1,2022-08-12,2023-01-03,2022-09-25,2022-10-09,0.0058347969232573,0.007622152564475419
Local Kalman-OU,variance,14,1,2022-08-12,2023-01-03,2022-09-25,2022-10-09,0.0058347969232573,0.02342234480587502
Persistence,variance,14,1,2022-08-12,2023-01-03,2022-09-26,2022-10-10,0.0050193583507501,0.0076225250946339715
Local Kalman-OU,variance,14,1,2022-08-12,2023-01-03,2022-09-26,2022-10-10,0.0050193583507501,0.022014369762237047
Persistence,variance,14,1,2022-08-12,2023-01-03,2022-09-27,2022-10-11,0.002750339300352,0.004382828736228269
Local Kalman-OU,variance,14,1,2022-08-12,2023-01-03,2022-09-27,2022-10-11,0.002750339300352,0.020606851145693137
Persistence,variance,14,1,2022-08-12,2023-01-03,2022-09-28,2022-10-12,0.0026437359927162,0.00465355792082863
Local Kalman-OU,variance,14,1,2022-08-12,2023-01-03,2022-09-28,2022-10-12,0.0026437359927162,0.019255409250562946
Persistence,variance,14,1,2022-08-12,2023-01-03,2022-09-29,2022-10-13,0.0028814194881995,0.005766417582073565
Local Kalman-OU,variance,14,1,2022-08-12,2023-01-03,2022-09-29,2022-10-13,0.0028814194881995,0.017995835133469248
Persistence,variance,14,1,2022-08-12,2023-01-03,2022-09-30,2022-10-14,0.0031325247292617,0.006955464167485369
Local Kalman-OU,variance,14,1,2022-08-12,2023-01-03,2022-09-30,2022-10-14,0.0031325247292617,0.016817413675885084
Persistence,variance,14,1,2022-08-12,2023-01-03,2022-10-01,2022-10-15,0.003362783319377,0.007888159123231668
Local Kalman-OU,variance,14,1,2022-08-12,2023-01-03,2022-10-01,2022-10-15,0.003362783319377,0.01569861742670726
Persistence,variance,14,1,2022-08-12,2023-01-03,2022-10-02,2022-10-16,0.0035874249206459,0.008440239927878557
Local Kalman-OU,variance,14,1,2022-08-12,2023-01-03,2022-10-02,2022-10-16,0.0035874249206459,0.014603353860127186
Persistence,variance,14,1,2022-08-12,2023-01-03,2022-10-03,2022-10-17,0.0032894489873533,0.007936961616580787
Local Kalman-OU,variance,14,1,2022-08-12,2023-01-03,2022-10-03,2022-10-17,0.0032894489873533,0.013464710674072233
Persistence,variance,14,1,2022-08-12,2023-01-03,2022-10-04,2022-10-18,0.0022786839891364,0.0060249479178009725
Local Kalman-OU,variance,14,1,2022-08-12,2023-01-03,2022-10-04,2022-10-18,0.0022786839891364,0.012444082791296796
Persistence,variance,14,1,2022-08-12,2023-01-03,2022-10-05,2022-10-19,0.0019735762412605,0.004623858214569084
Local Kalman-OU,variance,14,1,2022-08-12,2023-01-03,2022-10-05,2022-10-19,0.0019735762412605,0.011306018491792982
Persistence,variance,14,1,2022-08-12,2023-01-03,2022-10-06,2022-10-20,0.0021768241644822,0.004869134108574868
Local Kalman-OU,variance,14,1,2022-08-12,2023-01-03,2022-10-06,2022-10-20,0.0021768241644822,0.010156686238996251
Persistence,variance,14,1,2022-08-12,2023-01-03,2022-10-07,2022-10-21,0.0025073503762226,0.005483310867176911
Local Kalman-OU,variance,14,1,2022-08-12,2023-01-03,2022-10-07,2022-10-21,0.0025073503762226,0.009024434388057808
Persistence,variance,14,1,2022-08-12,2023-01-03,2022-10-08,2022-10-22,0.0028100399747824,0.006013080409071651
Local Kalman-OU,variance,14,1,2022-08-12,2023-01-03,2022-10-08,2022-10-22,0.0028100399747824,0.007903593346798498
Persistence,variance,14,1,2022-08-12,2023-01-03,2022-10-09,2022-10-23,0.0029737365999851,0.005834796923257389
Local Kalman-OU,variance,14,1,2022-08-12,2023-01-03,2022-10-09,2022-10-23,0.0029737365999851,0.006750278595084573
Persistence,variance,14,1,2022-08-12,2023-01-03,2022-10-10,2022-10-24,0.0026627892241231,0.005019358350750101
Local Kalman-OU,variance,14,1,2022-08-12,2023-01-03,2022-10-10,2022-10-24,0.0026627892241231,0.005540235167684295
Persistence,variance,14,1,2022-08-12,2023-01-03,2022-10-11,2022-10-25,0.0018219482985545,0.0027503393003520693
Local Kalman-OU,variance,14,1,2022-08-12,2023-01-03,2022-10-11,2022-10-25,0.0018219482985545,0.00456626615492904
Persistence,variance,14,1,2022-08-12,2023-01-03,2022-10-12,2022-10-26,0.0015715287677538,0.0026437359927162637
Local Kalman-OU,variance,14,1,2022-08-12,2023-01-03,2022-10-12,2022-10-26,0.0015715287677538,0.0036336605983141924
Persistence,variance,14,1,2022-08-12,2023-01-03,2022-10-13,2022-10-27,0.0017123479509662,0.002881419488199563
Local Kalman-OU,variance,14,1,2022-08-12,2023-01-03,2022-10-13,2022-10-27,0.0017123479509662,0.0027251224681052503
Persistence,variance,14,1,2022-08-12,2023-01-03,2022-10-14,2022-10-28,0.0018277724071144,0.003132524729261758
Local Kalman-OU,variance,14,1,2022-08-12,2023-01-03,2022-10-14,2022-10-28,0.0018277724071144,0.0018245788149554591
Persistence,variance,14,1,2022-08-12,2023-01-03,2022-10-15,2022-10-29,0.0019454223503378,0.0033627833193770615
Local Kalman-OU,variance,14,1,2022-08-12,2023-01-03,2022-10-15,2022-10-29,0.0019454223503378,0.0009018631370889832
Persistence,variance,14,1,2022-08-12,2023-01-03,2022-10-16,2022-10-30,0.0019741566037923,0.0035874249206459094
Local Kalman-OU,variance,14,1,2022-08-12,2023-01-03,2022-10-16,2022-10-30,0.0019741566037923,0.0
Persistence,variance,14,1,2022-08-12,2023-01-03,2022-10-17,2022-10-31,0.0019633906236228,0.0032894489873533596
Local Kalman-OU,variance,14,1,2022-08-12,2023-01-03,2022-10-17,2022-10-31,0.0019633906236228,0.0
Persistence,variance,14,1,2022-08-12,2023-01-03,2022-10-18,2022-11-01,0.0011093211211332,0.0022786839891364716
Local Kalman-OU,variance,14,1,2022-08-12,2023-01-03,2022-10-18,2022-11-01,0.0011093211211332,0.0
Persistence,variance,14,1,2022-08-12,2023-01-03,2022-10-19,2022-11-02,0.0010759369576522,0.0019735762412605405
Local Kalman-OU,variance,14,1,2022-08-12,2023-01-03,2022-10-19,2022-11-02,0.0010759369576522,0.0
Persistence,variance,14,1,2022-08-12,2023-01-03,2022-10-20,2022-11-03,0.0010921187477081,0.0021768241644822455
Local Kalman-OU,variance,14,1,2022-08-12,2023-01-03,2022-10-20,2022-11-03,0.0010921187477081,0.0
Persistence,variance,14,1,2022-08-12,2023-01-03,2022-10-21,2022-11-04,0.0011128304990586,0.002507350376222663
Local Kalman-OU,variance,14,1,2022-08-12,2023-01-03,2022-10-21,2022-11-04,0.0011128304990586,0.0
Persistence,variance,14,1,2022-08-12,2023-01-03,2022-10-22,2022-11-05,0.0011276828876414,0.0028100399747824426
Local Kalman-OU,variance,14,1,2022-08-12,2023-01-03,2022-10-22,2022-11-05,0.0011276828876414,0.0
Persistence,variance,14,1,2022-08-12,2023-01-03,2022-10-23,2022-11-06,0.0011383841531888,0.002973736599985194
Local Kalman-OU,variance,14,1,2022-08-12,2023-01-03,2022-10-23,2022-11-06,0.0011383841531888,0.0
Persistence,variance,14,1,2022-08-12,2023-01-03,2022-10-24,2022-11-07,0.0011520883219768,0.0026627892241231107
Local Kalman-OU,variance,14,1,2022-08-12,2023-01-03,2022-10-24,2022-11-07,0.0011520883219768,0.0
Persistence,variance,14,1,2022-08-12,2023-01-03,2022-10-25,2022-11-08,0.0006842360649737,0.0018219482985545226
Local Kalman-OU,variance,14,1,2022-08-12,2023-01-03,2022-10-25,2022-11-08,0.0006842360649737,0.0
Persistence,variance,14,1,2022-08-12,2023-01-03,2022-10-26,2022-11-09,0.00069414905117,0.0015715287677538668
Local Kalman-OU,variance,14,1,2022-08-12,2023-01-03,2022-10-26,2022-11-09,0.00069414905117,0.0
Persistence,variance,14,1,2022-08-12,2023-01-03,2022-10-27,2022-11-10,0.0007981396779984,0.0017123479509662592
Local Kalman-OU,variance,14,1,2022-08-12,2023-01-03,2022-10-27,2022-11-10,0.0007981396779984,0.0
Persistence,variance,14,1,2022-08-12,2023-01-03,2022-10-28,2022-11-11,0.0008820558251377,0.001827772407114464
Local Kalman-OU,variance,14,1,2022-08-12,2023-01-03,2022-10-28,2022-11-11,0.0008820558251377,0.0
Persistence,variance,14,1,2022-08-12,2023-01-03,2022-10-29,2022-11-12,0.0009352190474323,0.0019454223503378371
Local Kalman-OU,variance,14,1,2022-08-12,2023-01-03,2022-10-29,2022-11-12,0.0009352190474323,0.0
Persistence,variance,14,1,2022-08-12,2023-01-03,2022-10-30,2022-11-13,0.0009555270187619,0.0019741566037923893
Local Kalman-OU,variance,14,1,2022-08-12,2023-01-03,2022-10-30,2022-11-13,0.0009555270187619,0.0
Persistence,variance,14,1,2022-08-12,2023-01-03,2022-10-31,2022-11-14,0.000950291508779,0.0019633906236228857
Local Kalman-OU,variance,14,1,2022-08-12,2023-01-03,2022-10-31,2022-11-14,0.000950291508779,0.0
Persistence,variance,14,1,2022-08-12,2023-01-03,2022-11-01,2022-11-15,0.001005157141074,0.0011093211211332314
Local Kalman-OU,variance,14,1,2022-08-12,2023-01-03,2022-11-01,2022-11-15,0.001005157141074,0.0
Persistence,variance,14,1,2022-08-12,2023-01-03,2022-11-02,2022-11-16,0.0010084817968527,0.001075936957652235
Local Kalman-OU,variance,14,1,2022-08-12,2023-01-03,2022-11-02,2022-11-16,0.0010084817968527,0.0
Persistence,variance,14,1,2022-08-12,2023-01-03,2022-11-03,2022-11-17,0.0010161504759732,0.0010921187477081476
Local Kalman-OU,variance,14,1,2022-08-12,2023-01-03,2022-11-03,2022-11-17,0.0010161504759732,0.0
Persistence,variance,14,1,2022-08-12,2023-01-03,2022-11-04,2022-11-18,0.0010151864435413,0.0011128304990586468
Local Kalman-OU,variance,14,1,2022-08-12,2023-01-03,2022-11-04,2022-11-18,0.0010151864435413,0.0
Persistence,variance,14,1,2022-08-12,2023-01-03,2022-11-05,2022-11-19,0.0010011066373451,0.0011276828876414858
Local Kalman-OU,variance,14,1,2022-08-12,2023-01-03,2022-11-05,2022-11-19,0.0010011066373451,0.0
Persistence,variance,14,1,2022-08-12,2023-01-03,2022-11-06,2022-11-20,0.000964331162985,0.0011383841531888862
Local Kalman-OU,variance,14,1,2022-08-12,2023-01-03,2022-11-06,2022-11-20,0.000964331162985,0.0
Persistence,variance,14,1,2022-08-12,2023-01-03,2022-11-07,2022-11-21,0.0009294647955986,0.0011520883219768513
Local Kalman-OU,variance,14,1,2022-08-12,2023-01-03,2022-11-07,2022-11-21,0.0009294647955986,0.0
Persistence,variance,14,1,2022-08-12,2023-01-03,2022-11-08,2022-11-22,0.0008115368014172,0.0006842360649737765
Local Kalman-OU,variance,14,1,2022-08-12,2023-01-03,2022-11-08,2022-11-22,0.0008115368014172,0.0
Persistence,variance,14,1,2022-08-12,2023-01-03,2022-11-09,2022-11-23,0.0008604358528602,0.0006941490511700806
Local Kalman-OU,variance,14,1,2022-08-12,2023-01-03,2022-11-09,2022-11-23,0.0008604358528602,0.0
Persistence,variance,14,1,2022-08-12,2023-01-03,2022-11-10,2022-11-24,0.0007595865113932,0.0007981396779984403
Local Kalman-OU,variance,14,1,2022-08-12,2023-01-03,2022-11-10,2022-11-24,0.0007595865113932,0.0
Persistence,variance,14,1,2022-08-12,2023-01-03,2022-11-11,2022-11-25,0.0006867944167603,0.0008820558251377544
Local Kalman-OU,variance,14,1,2022-08-12,2023-01-03,2022-11-11,2022-11-25,0.0006867944167603,0.0
Persistence,variance,14,1,2022-08-12,2023-01-03,2022-11-12,2022-11-26,0.0006356998816762,0.0009352190474323893
Local Kalman-OU,variance,14,1,2022-08-12,2023-01-03,2022-11-12,2022-11-26,0.0006356998816762,0.0
Persistence,variance,14,1,2022-08-12,2023-01-03,2022-11-13,2022-11-27,0.0006086554152484,0.000955527018761929
Local Kalman-OU,variance,14,1,2022-08-12,2023-01-03,2022-11-13,2022-11-27,0.0006086554152484,0.0
Persistence,variance,14,1,2022-08-12,2023-01-03,2022-11-14,2022-11-28,0.0006403148909674,0.0009502915087790959
Local Kalman-OU,variance,14,1,2022-08-12,2023-01-03,2022-11-14,2022-11-28,0.0006403148909674,0.0
Persistence,variance,14,1,2022-08-12,2023-01-03,2022-11-15,2022-11-29,0.0004580005521504,0.001005157141074062
Local Kalman-OU,variance,14,1,2022-08-12,2023-01-03,2022-11-15,2022-11-29,0.0004580005521504,0.0
Persistence,variance,14,1,2022-08-12,2023-01-03,2022-11-16,2022-11-30,0.000503420563442,0.0010084817968527015
Local Kalman-OU,variance,14,1,2022-08-12,2023-01-03,2022-11-16,2022-11-30,0.000503420563442,0.0
Persistence,variance,14,1,2022-08-12,2023-01-03,2022-11-17,2022-12-01,0.000500548475679,0.001016150475973275
Local Kalman-OU,variance,14,1,2022-08-12,2023-01-03,2022-11-17,2022-12-01,0.000500548475679,0.0
Persistence,variance,14,1,2022-08-12,2023-01-03,2022-11-18,2022-12-02,0.0004872646305324,0.0010151864435413653
Local Kalman-OU,variance,14,1,2022-08-12,2023-01-03,2022-11-18,2022-12-02,0.0004872646305324,0.0
Persistence,variance,14,1,2022-08-12,2023-01-03,2022-11-19,2022-12-03,0.0004659060770007,0.0010011066373451102
Local Kalman-OU,variance,14,1,2022-08-12,2023-01-03,2022-11-19,2022-12-03,0.0004659060770007,0.0
Persistence,variance,14,1,2022-08-12,2023-01-03,2022-11-20,2022-12-04,0.0004640271125979,0.0009643311629850209
Local Kalman-OU,variance,14,1,2022-08-12,2023-01-03,2022-11-20,2022-12-04,0.0004640271125979,0.0
Persistence,variance,14,1,2022-08-12,2023-01-03,2022-11-21,2022-12-05,0.0004557214805025,0.0009294647955986827
Local Kalman-OU,variance,14,1,2022-08-12,2023-01-03,2022-11-21,2022-12-05,0.0004557214805025,0.0
Persistence,variance,14,1,2022-08-12,2023-01-03,2022-11-22,2022-12-06,0.0011038179971288,0.000811536801417238
Local Kalman-OU,variance,14,1,2022-08-12,2023-01-03,2022-11-22,2022-12-06,0.0011038179971288,0.0
Persistence,variance,14,1,2022-08-12,2023-01-03,2022-11-23,2022-12-07,0.0011259487952747,0.0008604358528602288
Local Kalman-OU,variance,14,1,2022-08-12,2023-01-03,2022-11-23,2022-12-07,0.0011259487952747,0.0
Persistence,variance,14,1,2022-08-12,2023-01-03,2022-11-24,2022-12-08,0.0010900848989699,0.0007595865113932509
Local Kalman-OU,variance,14,1,2022-08-12,2023-01-03,2022-11-24,2022-12-08,0.0010900848989699,0.0
Persistence,variance,14,1,2022-08-12,2023-01-03,2022-11-25,2022-12-09,0.0010836715119488,0.0006867944167603288
Local Kalman-OU,variance,14,1,2022-08-12,2023-01-03,2022-11-25,2022-12-09,0.0010836715119488,0.0
Persistence,variance,14,1,2022-08-12,2023-01-03,2022-11-26,2022-12-10,0.0010411417278789,0.0006356998816762191
Local Kalman-OU,variance,14,1,2022-08-12,2023-01-03,2022-11-26,2022-12-10,0.0010411417278789,0.0
Persistence,variance,14,1,2022-08-12,2023-01-03,2022-11-27,2022-12-11,0.001041333207,0.0006086554152484937
Local Kalman-OU,variance,14,1,2022-08-12,2023-01-03,2022-11-27,2022-12-11,0.001041333207,0.0
Persistence,variance,14,1,2022-08-12,2023-01-03,2022-11-28,2022-12-12,0.0010464461299021,0.0006403148909674624
Local Kalman-OU,variance,14,1,2022-08-12,2023-01-03,2022-11-28,2022-12-12,0.0010464461299021,0.0
Persistence,variance,14,1,2022-08-12,2023-01-03,2022-11-29,2022-12-13,0.0011108019294038,0.00045800055215042626
Local Kalman-OU,variance,14,1,2022-08-12,2023-01-03,2022-11-29,2022-12-13,0.0011108019294038,0.0
Persistence,variance,14,1,2022-08-12,2023-01-03,2022-11-30,2022-12-14,0.0011258242555002,0.0005034205634420919
Local Kalman-OU,variance,14,1,2022-08-12,2023-01-03,2022-11-30,2022-12-14,0.0011258242555002,0.0
Persistence,variance,14,1,2022-08-12,2023-01-03,2022-12-01,2022-12-15,0.0010888128532949,0.0005005484756790663
Local Kalman-OU,variance,14,1,2022-08-12,2023-01-03,2022-12-01,2022-12-15,0.0010888128532949,0.0
Persistence,variance,14,1,2022-08-12,2023-01-03,2022-12-02,2022-12-16,0.001077197372132,0.000487264630532469
Local Kalman-OU,variance,14,1,2022-08-12,2023-01-03,2022-12-02,2022-12-16,0.001077197372132,0.0
Persistence,variance,14,1,2022-08-12,2023-01-03,2022-12-03,2022-12-17,0.0010915025301333,0.0004659060770007615
Local Kalman-OU,variance,14,1,2022-08-12,2023-01-03,2022-12-03,2022-12-17,0.0010915025301333,0.0
Persistence,variance,14,1,2022-08-12,2023-01-03,2022-12-04,2022-12-18,0.0010900165598817,0.0004640271125979325
Local Kalman-OU,variance,14,1,2022-08-12,2023-01-03,2022-12-04,2022-12-18,0.0010900165598817,0.0
Persistence,variance,14,1,2022-08-12,2023-01-03,2022-12-05,2022-12-19,0.0011404437640199,0.00045572148050258723
Local Kalman-OU,variance,14,1,2022-08-12,2023-01-03,2022-12-05,2022-12-19,0.0011404437640199,0.0
Persistence,variance,14,1,2022-08-12,2023-01-03,2022-12-06,2022-12-20,0.0006788371953249,0.0011038179971288478
Local Kalman-OU,variance,14,1,2022-08-12,2023-01-03,2022-12-06,2022-12-20,0.0006788371953249,0.0
Persistence,variance,14,1,2022-08-12,2023-01-03,2022-12-07,2022-12-21,0.0009897637893324,0.0011259487952747884
Local Kalman-OU,variance,14,1,2022-08-12,2023-01-03,2022-12-07,2022-12-21,0.0009897637893324,0.0
Persistence,variance,14,1,2022-08-12,2023-01-03,2022-12-08,2022-12-22,0.0009624211538411,0.001090084898969921
Local Kalman-OU,variance,14,1,2022-08-12,2023-01-03,2022-12-08,2022-12-22,0.0009624211538411,0.0
Persistence,variance,14,1,2022-08-12,2023-01-03,2022-12-09,2022-12-23,0.0008920378086458,0.0010836715119488568
Local Kalman-OU,variance,14,1,2022-08-12,2023-01-03,2022-12-09,2022-12-23,0.0008920378086458,0.0
Persistence,variance,14,1,2022-08-12,2023-01-03,2022-12-10,2022-12-24,0.0008459847937679,0.0010411417278789305
Local Kalman-OU,variance,14,1,2022-08-12,2023-01-03,2022-12-10,2022-12-24,0.0008459847937679,0.0
Persistence,variance,14,1,2022-08-12,2023-01-03,2022-12-11,2022-12-25,0.0007978091388337,0.001041333207000048
Local Kalman-OU,variance,14,1,2022-08-12,2023-01-03,2022-12-11,2022-12-25,0.0007978091388337,0.0
Persistence,variance,14,1,2022-08-12,2023-01-03,2022-12-12,2022-12-26,0.0007525415580339,0.0010464461299021645
Local Kalman-OU,variance,14,1,2022-08-12,2023-01-03,2022-12-12,2022-12-26,0.0007525415580339,0.0
Persistence,variance,14,1,2022-08-12,2023-01-03,2022-12-13,2022-12-27,0.0009970423879062,0.0011108019294038094
Local Kalman-OU,variance,14,1,2022-08-12,2023-01-03,2022-12-13,2022-12-27,0.0009970423879062,3.78698878394678e-05
Persistence,variance,14,1,2022-08-12,2023-01-03,2022-12-14,2022-12-28,0.0011447276626857,0.0011258242555002094
Local Kalman-OU,variance,14,1,2022-08-12,2023-01-03,2022-12-14,2022-12-28,0.0011447276626857,8.416504169072312e-05
Persistence,variance,14,1,2022-08-12,2023-01-03,2022-12-15,2022-12-29,0.0011447525915555,0.0010888128532949523
Local Kalman-OU,variance,14,1,2022-08-12,2023-01-03,2022-12-15,2022-12-29,0.0011447525915555,0.00014211885426138808
Persistence,variance,14,1,2022-08-12,2023-01-03,2022-12-16,2022-12-30,0.0010868442169381,0.0010771973721320114
Local Kalman-OU,variance,14,1,2022-08-12,2023-01-03,2022-12-16,2022-12-30,0.0010868442169381,0.00022286430464490774
Persistence,variance,14,1,2022-08-12,2023-01-03,2022-12-17,2022-12-31,0.0010516346778362,0.0010915025301333897
Local Kalman-OU,variance,14,1,2022-08-12,2023-01-03,2022-12-17,2022-12-31,0.0010516346778362,0.00032810345283017174
Persistence,variance,14,1,2022-08-12,2023-01-03,2022-12-18,2023-01-01,0.0010206688022819,0.0010900165598817784
Local Kalman-OU,variance,14,1,2022-08-12,2023-01-03,2022-12-18,2023-01-01,0.0010206688022819,0.0004483857774200417
Persistence,variance,14,1,2022-08-12,2023-01-03,2022-12-19,2023-01-02,0.0010203977616972,0.001140443764019963
Local Kalman-OU,variance,14,1,2022-08-12,2023-01-03,2022-12-19,2023-01-02,0.0010203977616972,0.0005592600725233219
Persistence,variance,14,1,2022-08-12,2023-01-03,2022-12-20,2023-01-03,0.0137616080155403,0.0006788371953249319
Local Kalman-OU,variance,14,1,2022-08-12,2023-01-03,2022-12-20,2023-01-03,0.0137616080155403,0.0005772388933332343
Persistence,variance,28,1,2022-08-12,2023-01-03,2022-07-16,2022-08-13,0.0081170672059329,0.00047445023602852963
Local Kalman-OU,variance,28,1,2022-08-12,2023-01-03,2022-07-16,2022-08-13,0.0081170672059329,0.0004029625052336351
Persistence,variance,28,1,2022-08-12,2023-01-03,2022-07-17,2022-08-14,0.0077780946971695,0.0004704119897420294
Local Kalman-OU,variance,28,1,2022-08-12,2023-01-03,2022-07-17,2022-08-14,0.0077780946971695,0.0004480088600713923
Persistence,variance,28,1,2022-08-12,2023-01-03,2022-07-18,2022-08-15,0.008031014118835,0.00047765734911337773
Local Kalman-OU,variance,28,1,2022-08-12,2023-01-03,2022-07-18,2022-08-15,0.008031014118835,0.0004936000724912246
Persistence,variance,28,1,2022-08-12,2023-01-03,2022-07-19,2022-08-16,0.0150967593158953,0.0012833202384289345
Local Kalman-OU,variance,28,1,2022-08-12,2023-01-03,2022-07-19,2022-08-16,0.0150967593158953,0.0006382794944961288
Persistence,variance,28,1,2022-08-12,2023-01-03,2022-07-20,2022-08-17,0.0153596807159649,0.0013974271971706634
Local Kalman-OU,variance,28,1,2022-08-12,2023-01-03,2022-07-20,2022-08-17,0.0153596807159649,0.0007818099709625298
Persistence,variance,28,1,2022-08-12,2023-01-03,2022-07-21,2022-08-18,0.014807367790415,0.0013653700180570813
Local Kalman-OU,variance,28,1,2022-08-12,2023-01-03,2022-07-21,2022-08-18,0.014807367790415,0.0009110533902905743
Persistence,variance,28,1,2022-08-12,2023-01-03,2022-07-22,2022-08-19,0.0140150262215965,0.0012942811791849939
Local Kalman-OU,variance,28,1,2022-08-12,2023-01-03,2022-07-22,2022-08-19,0.0140150262215965,0.0010283424798192477
Persistence,variance,28,1,2022-08-12,2023-01-03,2022-07-23,2022-08-20,0.0128224725529477,0.0012729980085994356
Local Kalman-OU,variance,28,1,2022-08-12,2023-01-03,2022-07-23,2022-08-20,0.0128224725529477,0.0011384863841172254
Persistence,variance,28,1,2022-08-12,2023-01-03,2022-07-24,2022-08-21,0.0117985688740739,0.0012379540993686677
Local Kalman-OU,variance,28,1,2022-08-12,2023-01-03,2022-07-24,2022-08-21,0.0117985688740739,0.0012399666867346517
Persistence,variance,28,1,2022-08-12,2023-01-03,2022-07-25,2022-08-22,0.0109151485979076,0.0013421144913920767
Local Kalman-OU,variance,28,1,2022-08-12,2023-01-03,2022-07-25,2022-08-22,0.0109151485979076,0.001351203653556825
Persistence,variance,28,1,2022-08-12,2023-01-03,2022-07-26,2022-08-23,0.0167645234431958,0.002374616858046289
Local Kalman-OU,variance,28,1,2022-08-12,2023-01-03,2022-07-26,2022-08-23,0.0167645234431958,0.0015807219337797612
Persistence,variance,28,1,2022-08-12,2023-01-03,2022-07-27,2022-08-24,0.0176749958766853,0.0023094217603982373
Local Kalman-OU,variance,28,1,2022-08-12,2023-01-03,2022-07-27,2022-08-24,0.0176749958766853,0.0017939454270461538
Persistence,variance,28,1,2022-08-12,2023-01-03,2022-07-28,2022-08-25,0.0172159785672756,0.0020792197794828734
Local Kalman-OU,variance,28,1,2022-08-12,2023-01-03,2022-07-28,2022-08-25,0.0172159785672756,0.00197156908300266
Persistence,variance,28,1,2022-08-12,2023-01-03,2022-07-29,2022-08-26,0.0162898613381765,0.0017655671653380575
Local Kalman-OU,variance,28,1,2022-08-12,2023-01-03,2022-07-29,2022-08-26,0.0162898613381765,0.0021042115023086555
Persistence,variance,28,1,2022-08-12,2023-01-03,2022-07-30,2022-08-27,0.0155524139001282,0.0014896423076371417
Local Kalman-OU,variance,28,1,2022-08-12,2023-01-03,2022-07-30,2022-08-27,0.0155524139001282,0.00219704260927098
Persistence,variance,28,1,2022-08-12,2023-01-03,2022-07-31,2022-08-28,0.0153276346185832,0.0014138094303762132
Local Kalman-OU,variance,28,1,2022-08-12,2023-01-03,2022-07-31,2022-08-28,0.0153276346185832,0.0022756092187656164
Persistence,variance,28,1,2022-08-12,2023-01-03,2022-08-01,2022-08-29,0.0153126601956296,0.001590988407281071
Local Kalman-OU,variance,28,1,2022-08-12,2023-01-03,2022-08-01,2022-08-29,0.0153126601956296,0.002370842683492361
Persistence,variance,28,1,2022-08-12,2023-01-03,2022-08-02,2022-08-30,0.0145170404741759,0.006800603648713681
Local Kalman-OU,variance,28,1,2022-08-12,2023-01-03,2022-08-02,2022-08-30,0.0145170404741759,0.0030917981730498633
Persistence,variance,28,1,2022-08-12,2023-01-03,2022-08-03,2022-08-31,0.0146378019701199,0.007169965697343137
Local Kalman-OU,variance,28,1,2022-08-12,2023-01-03,2022-08-03,2022-08-31,0.0146378019701199,0.003831158498282145
Persistence,variance,28,1,2022-08-12,2023-01-03,2022-08-04,2022-09-01,0.0156183300758502,0.0068214134399296016
Local Kalman-OU,variance,28,1,2022-08-12,2023-01-03,2022-08-04,2022-09-01,0.0156183300758502,0.004501685401938358
Persistence,variance,28,1,2022-08-12,2023-01-03,2022-08-05,2022-09-02,0.0166539320751937,0.0062526052313042
Local Kalman-OU,variance,28,1,2022-08-12,2023-01-03,2022-08-05,2022-09-02,0.0166539320751937,0.005077663351203901
Persistence,variance,28,1,2022-08-12,2023-01-03,2022-08-06,2022-09-03,0.0182579121609625,0.005811347094175316
Local Kalman-OU,variance,28,1,2022-08-12,2023-01-03,2022-08-06,2022-09-03,0.0182579121609625,0.005576762799504666
Persistence,variance,28,1,2022-08-12,2023-01-03,2022-08-07,2022-09-04,0.0188255336503823,0.0054382352381257704
Local Kalman-OU,variance,28,1,2022-08-12,2023-01-03,2022-08-07,2022-09-04,0.0188255336503823,0.006008693701477058
Persistence,variance,28,1,2022-08-12,2023-01-03,2022-08-08,2022-09-05,0.0188365212197674,0.005650701043088861
Local Kalman-OU,variance,28,1,2022-08-12,2023-01-03,2022-08-08,2022-09-05,0.0188365212197674,0.006446212184083954
Persistence,variance,28,1,2022-08-12,2023-01-03,2022-08-09,2022-09-06,0.0141503676232312,0.010537345717253482
Local Kalman-OU,variance,28,1,2022-08-12,2023-01-03,2022-08-09,2022-09-06,0.0141503676232312,0.0074575852119645345
Persistence,variance,28,1,2022-08-12,2023-01-03,2022-08-10,2022-09-07,0.0129343886429094,0.01060209783692354
Local Kalman-OU,variance,28,1,2022-08-12,2023-01-03,2022-08-10,2022-09-07,0.0129343886429094,0.008437365160389313
Persistence,variance,28,1,2022-08-12,2023-01-03,2022-08-11,2022-09-08,0.0131085469073983,0.009780668959182849
Local Kalman-OU,variance,28,1,2022-08-12,2023-01-03,2022-08-11,2022-09-08,0.0131085469073983,0.009279167343991963
Persistence,variance,28,1,2022-08-12,2023-01-03,2022-08-12,2022-09-09,0.0228337475953599,0.008895888219325845
Local Kalman-OU,variance,28,1,2022-08-12,2023-01-03,2022-08-12,2022-09-09,0.0228337475953599,0.009978654906388312
Persistence,variance,28,1,2022-08-12,2023-01-03,2022-08-13,2022-09-10,0.0235696431897075,0.008117067205932955
Local Kalman-OU,variance,28,1,2022-08-12,2023-01-03,2022-08-13,2022-09-10,0.0235696431897075,0.01054984581298615
Persistence,variance,28,1,2022-08-12,2023-01-03,2022-08-14,2022-09-11,0.0237694484458522,0.007778094697169558
Local Kalman-OU,variance,28,1,2022-08-12,2023-01-03,2022-08-14,2022-09-11,0.0237694484458522,0.011049841030857235
Persistence,variance,28,1,2022-08-12,2023-01-03,2022-08-15,2022-09-12,0.0237467559405324,0.008031014118835037
Local Kalman-OU,variance,28,1,2022-08-12,2023-01-03,2022-08-15,2022-09-12,0.0237467559405324,0.011551235567801275
Persistence,variance,28,1,2022-08-12,2023-01-03,2022-08-16,2022-09-13,0.0213058394268398,0.015096759315895346
Local Kalman-OU,variance,28,1,2022-08-12,2023-01-03,2022-08-16,2022-09-13,0.0213058394268398,0.012884632478516417
Persistence,variance,28,1,2022-08-12,2023-01-03,2022-08-17,2022-09-14,0.0213569867437995,0.015359680715964913
Local Kalman-OU,variance,28,1,2022-08-12,2023-01-03,2022-08-17,2022-09-14,0.0213569867437995,0.014193672337756104
Persistence,variance,28,1,2022-08-12,2023-01-03,2022-08-18,2022-09-15,0.0210052676228844,0.014807367790415046
Local Kalman-OU,variance,28,1,2022-08-12,2023-01-03,2022-08-18,2022-09-15,0.0210052676228844,0.015377458933818755
Persistence,variance,28,1,2022-08-12,2023-01-03,2022-08-19,2022-09-16,0.0206901186911118,0.014015026221596595
Local Kalman-OU,variance,28,1,2022-08-12,2023-01-03,2022-08-19,2022-09-16,0.0206901186911118,0.016408643495855874
Persistence,variance,28,1,2022-08-12,2023-01-03,2022-08-20,2022-09-17,0.0198947411743888,0.012822472552947757
Local Kalman-OU,variance,28,1,2022-08-12,2023-01-03,2022-08-20,2022-09-17,0.0198947411743888,0.01724149426562715
Persistence,variance,28,1,2022-08-12,2023-01-03,2022-08-21,2022-09-18,0.0196167281878646,0.011798568874073934
Local Kalman-OU,variance,28,1,2022-08-12,2023-01-03,2022-08-21,2022-09-18,0.0196167281878646,0.017901168606361602
Persistence,variance,28,1,2022-08-12,2023-01-03,2022-08-22,2022-09-19,0.0196214375078557,0.01091514859790761
Local Kalman-OU,variance,28,1,2022-08-12,2023-01-03,2022-08-22,2022-09-19,0.0196214375078557,0.018410493167314437
Persistence,variance,28,1,2022-08-12,2023-01-03,2022-08-23,2022-09-20,0.0176625260105384,0.01676452344319587
Local Kalman-OU,variance,28,1,2022-08-12,2023-01-03,2022-08-23,2022-09-20,0.0176625260105384,0.019596573509069123
Persistence,variance,28,1,2022-08-12,2023-01-03,2022-08-24,2022-09-21,0.0176680299033733,0.01767499587668532
Local Kalman-OU,variance,28,1,2022-08-12,2023-01-03,2022-08-24,2022-09-21,0.0176680299033733,0.02083127597570565
Persistence,variance,28,1,2022-08-12,2023-01-03,2022-08-25,2022-09-22,0.0176576048122438,0.017215978567275685
Local Kalman-OU,variance,28,1,2022-08-12,2023-01-03,2022-08-25,2022-09-22,0.0176576048122438,0.02194137964991117
Persistence,variance,28,1,2022-08-12,2023-01-03,2022-08-26,2022-09-23,0.007798879121381,0.01628986133817656
Local Kalman-OU,variance,28,1,2022-08-12,2023-01-03,2022-08-26,2022-09-23,0.007798879121381,0.022870388303249445
Persistence,variance,28,1,2022-08-12,2023-01-03,2022-08-27,2022-09-24,0.0076944246614772,0.015552413900128218
Local Kalman-OU,variance,28,1,2022-08-12,2023-01-03,2022-08-27,2022-09-24,0.0076944246614772,0.02364709303614953
Persistence,variance,28,1,2022-08-12,2023-01-03,2022-08-28,2022-09-25,0.0076221525644754,0.01532763461858324
Local Kalman-OU,variance,28,1,2022-08-12,2023-01-03,2022-08-28,2022-09-25,0.0076221525644754,0.024336673167181844
Persistence,variance,28,1,2022-08-12,2023-01-03,2022-08-29,2022-09-26,0.0076225250946339,0.015312660195629631
Local Kalman-OU,variance,28,1,2022-08-12,2023-01-03,2022-08-29,2022-09-26,0.0076225250946339,0.024966776703354048
Persistence,variance,28,1,2022-08-12,2023-01-03,2022-08-30,2022-09-27,0.0043828287362282,0.01451704047417591
Local Kalman-OU,variance,28,1,2022-08-12,2023-01-03,2022-08-30,2022-09-27,0.0043828287362282,0.025466466425234487
Persistence,variance,28,1,2022-08-12,2023-01-03,2022-08-31,2022-09-28,0.0046535579208286,0.01463780197011998
Local Kalman-OU,variance,28,1,2022-08-12,2023-01-03,2022-08-31,2022-09-28,0.0046535579208286,0.025925280436644466
Persistence,variance,28,1,2022-08-12,2023-01-03,2022-09-01,2022-09-29,0.0057664175820735,0.015618330075850282
Local Kalman-OU,variance,28,1,2022-08-12,2023-01-03,2022-09-01,2022-09-29,0.0057664175820735,0.026448858682747073
Persistence,variance,28,1,2022-08-12,2023-01-03,2022-09-02,2022-09-30,0.0069554641674853,0.016653932075193795
Local Kalman-OU,variance,28,1,2022-08-12,2023-01-03,2022-09-02,2022-09-30,0.0069554641674853,0.02703918981587969
Persistence,variance,28,1,2022-08-12,2023-01-03,2022-09-03,2022-10-01,0.0078881591232316,0.01825791216096253
Local Kalman-OU,variance,28,1,2022-08-12,2023-01-03,2022-09-03,2022-10-01,0.0078881591232316,0.02776084925330924
Persistence,variance,28,1,2022-08-12,2023-01-03,2022-09-04,2022-10-02,0.0084402399278785,0.01882553365038233
Local Kalman-OU,variance,28,1,2022-08-12,2023-01-03,2022-09-04,2022-10-02,0.0084402399278785,0.028484500857385582
Persistence,variance,28,1,2022-08-12,2023-01-03,2022-09-05,2022-10-03,0.0079369616165807,0.018836521219767456
Local Kalman-OU,variance,28,1,2022-08-12,2023-01-03,2022-09-05,2022-10-03,0.0079369616165807,0.0291395335244034
Persistence,variance,28,1,2022-08-12,2023-01-03,2022-09-06,2022-10-04,0.0060249479178009,0.014150367623231297
Local Kalman-OU,variance,28,1,2022-08-12,2023-01-03,2022-09-06,2022-10-04,0.0060249479178009,0.029174646992809083
Persistence,variance,28,1,2022-08-12,2023-01-03,2022-09-07,2022-10-05,0.004623858214569,0.01293438864290947
Local Kalman-OU,variance,28,1,2022-08-12,2023-01-03,2022-09-07,2022-10-05,0.004623858214569,0.029008388601305318
Persistence,variance,28,1,2022-08-12,2023-01-03,2022-09-08,2022-10-06,0.0048691341085748,0.013108546907398377
Local Kalman-OU,variance,28,1,2022-08-12,2023-01-03,2022-09-08,2022-10-06,0.0048691341085748,0.02881257171410728
Persistence,variance,28,1,2022-08-12,2023-01-03,2022-09-09,2022-10-07,0.0054833108671769,0.022833747595359947
Local Kalman-OU,variance,28,1,2022-08-12,2023-01-03,2022-09-09,2022-10-07,0.0054833108671769,0.029755492835177828
Persistence,variance,28,1,2022-08-12,2023-01-03,2022-09-10,2022-10-08,0.0060130804090716,0.023569643189707595
Local Kalman-OU,variance,28,1,2022-08-12,2023-01-03,2022-09-10,2022-10-08,0.0060130804090716,0.030702928157329022
Persistence,variance,28,1,2022-08-12,2023-01-03,2022-09-11,2022-10-09,0.0058347969232573,0.023769448445852267
Local Kalman-OU,variance,28,1,2022-08-12,2023-01-03,2022-09-11,2022-10-09,0.0058347969232573,0.03158679794169539
Persistence,variance,28,1,2022-08-12,2023-01-03,2022-09-12,2022-10-10,0.0050193583507501,0.02374675594053248
Local Kalman-OU,variance,28,1,2022-08-12,2023-01-03,2022-09-12,2022-10-10,0.0050193583507501,0.032380162471138764
Persistence,variance,28,1,2022-08-12,2023-01-03,2022-09-13,2022-10-11,0.002750339300352,0.021305839426839897
Local Kalman-OU,variance,28,1,2022-08-12,2023-01-03,2022-09-13,2022-10-11,0.002750339300352,0.03285974057579007
Persistence,variance,28,1,2022-08-12,2023-01-03,2022-09-14,2022-10-12,0.0026437359927162,0.02135698674379953
Local Kalman-OU,variance,28,1,2022-08-12,2023-01-03,2022-09-14,2022-10-12,0.0026437359927162,0.0332799102220085
Persistence,variance,28,1,2022-08-12,2023-01-03,2022-09-15,2022-10-13,0.0028814194881995,0.021005267622884426
Local Kalman-OU,variance,28,1,2022-08-12,2023-01-03,2022-09-15,2022-10-13,0.0028814194881995,0.03357849511166553
Persistence,variance,28,1,2022-08-12,2023-01-03,2022-09-16,2022-10-14,0.0031325247292617,0.0206901186911118
Local Kalman-OU,variance,28,1,2022-08-12,2023-01-03,2022-09-16,2022-10-14,0.0031325247292617,0.03375765308099843
Persistence,variance,28,1,2022-08-12,2023-01-03,2022-09-17,2022-10-15,0.003362783319377,0.019894741174388893
Local Kalman-OU,variance,28,1,2022-08-12,2023-01-03,2022-09-17,2022-10-15,0.003362783319377,0.03376413089176589
Persistence,variance,28,1,2022-08-12,2023-01-03,2022-09-18,2022-10-16,0.0035874249206459,0.019616728187864692
Local Kalman-OU,variance,28,1,2022-08-12,2023-01-03,2022-09-18,2022-10-16,0.0035874249206459,0.03366283491980933
Persistence,variance,28,1,2022-08-12,2023-01-03,2022-09-19,2022-10-17,0.0032894489873533,0.019621437507855763
Local Kalman-OU,variance,28,1,2022-08-12,2023-01-03,2022-09-19,2022-10-17,0.0032894489873533,0.033501794569536926
Persistence,variance,28,1,2022-08-12,2023-01-03,2022-09-20,2022-10-18,0.0022786839891364,0.017662526010538464
Local Kalman-OU,variance,28,1,2022-08-12,2023-01-03,2022-09-20,2022-10-18,0.0022786839891364,0.03312526294423366
Persistence,variance,28,1,2022-08-12,2023-01-03,2022-09-21,2022-10-19,0.0019735762412605,0.0176680299033733
Local Kalman-OU,variance,28,1,2022-08-12,2023-01-03,2022-09-21,2022-10-19,0.0019735762412605,0.03268552346684802
Persistence,variance,28,1,2022-08-12,2023-01-03,2022-09-22,2022-10-20,0.0021768241644822,0.017657604812243884
Local Kalman-OU,variance,28,1,2022-08-12,2023-01-03,2022-09-22,2022-10-20,0.0021768241644822,0.03216546824659651
Persistence,variance,28,1,2022-08-12,2023-01-03,2022-09-23,2022-10-21,0.0025073503762226,0.0077988791213810145
Local Kalman-OU,variance,28,1,2022-08-12,2023-01-03,2022-09-23,2022-10-21,0.0025073503762226,0.030353461500800635
Persistence,variance,28,1,2022-08-12,2023-01-03,2022-09-24,2022-10-22,0.0028100399747824,0.007694424661477285
Local Kalman-OU,variance,28,1,2022-08-12,2023-01-03,2022-09-24,2022-10-22,0.0028100399747824,0.028480899735508373
Persistence,variance,28,1,2022-08-12,2023-01-03,2022-09-25,2022-10-23,0.0029737365999851,0.007622152564475419
Local Kalman-OU,variance,28,1,2022-08-12,2023-01-03,2022-09-25,2022-10-23,0.0029737365999851,0.026569124770732026
Persistence,variance,28,1,2022-08-12,2023-01-03,2022-09-26,2022-10-24,0.0026627892241231,0.0076225250946339715
Local Kalman-OU,variance,28,1,2022-08-12,2023-01-03,2022-09-26,2022-10-24,0.0026627892241231,0.024649835635943296
Persistence,variance,28,1,2022-08-12,2023-01-03,2022-09-27,2022-10-25,0.0018219482985545,0.004382828736228269
Local Kalman-OU,variance,28,1,2022-08-12,2023-01-03,2022-09-27,2022-10-25,0.0018219482985545,0.022782056371251178
Persistence,variance,28,1,2022-08-12,2023-01-03,2022-09-28,2022-10-26,0.0015715287677538,0.00465355792082863
Local Kalman-OU,variance,28,1,2022-08-12,2023-01-03,2022-09-28,2022-10-26,0.0015715287677538,0.020989865453129898
Persistence,variance,28,1,2022-08-12,2023-01-03,2022-09-29,2022-10-27,0.0017123479509662,0.005766417582073565
Local Kalman-OU,variance,28,1,2022-08-12,2023-01-03,2022-09-29,2022-10-27,0.0017123479509662,0.01931173017548416
Persistence,variance,28,1,2022-08-12,2023-01-03,2022-09-30,2022-10-28,0.0018277724071144,0.006955464167485369
Local Kalman-OU,variance,28,1,2022-08-12,2023-01-03,2022-09-30,2022-10-28,0.0018277724071144,0.017731534870637118
Persistence,variance,28,1,2022-08-12,2023-01-03,2022-10-01,2022-10-29,0.0019454223503378,0.007888159123231668
Local Kalman-OU,variance,28,1,2022-08-12,2023-01-03,2022-10-01,2022-10-29,0.0019454223503378,0.016222802463422323
Persistence,variance,28,1,2022-08-12,2023-01-03,2022-10-02,2022-10-30,0.0019741566037923,0.008440239927878557
Local Kalman-OU,variance,28,1,2022-08-12,2023-01-03,2022-10-02,2022-10-30,0.0019741566037923,0.014739968016889694
Persistence,variance,28,1,2022-08-12,2023-01-03,2022-10-03,2022-10-31,0.0019633906236228,0.007936961616580787
Local Kalman-OU,variance,28,1,2022-08-12,2023-01-03,2022-10-03,2022-10-31,0.0019633906236228,0.013203431578130666
Persistence,variance,28,1,2022-08-12,2023-01-03,2022-10-04,2022-11-01,0.0011093211211332,0.0060249479178009725
Local Kalman-OU,variance,28,1,2022-08-12,2023-01-03,2022-10-04,2022-11-01,0.0011093211211332,0.011865678621520428
Persistence,variance,28,1,2022-08-12,2023-01-03,2022-10-05,2022-11-02,0.0010759369576522,0.004623858214569084
Local Kalman-OU,variance,28,1,2022-08-12,2023-01-03,2022-10-05,2022-11-02,0.0010759369576522,0.010379702521189528
Persistence,variance,28,1,2022-08-12,2023-01-03,2022-10-06,2022-11-03,0.0010921187477081,0.004869134108574868
Local Kalman-OU,variance,28,1,2022-08-12,2023-01-03,2022-10-06,2022-11-03,0.0010921187477081,0.008872231282548276
Persistence,variance,28,1,2022-08-12,2023-01-03,2022-10-07,2022-11-04,0.0011128304990586,0.005483310867176911
Local Kalman-OU,variance,28,1,2022-08-12,2023-01-03,2022-10-07,2022-11-04,0.0011128304990586,0.007378572632644459
Persistence,variance,28,1,2022-08-12,2023-01-03,2022-10-08,2022-11-05,0.0011276828876414,0.006013080409071651
Local Kalman-OU,variance,28,1,2022-08-12,2023-01-03,2022-10-08,2022-11-05,0.0011276828876414,0.005892291149589304
Persistence,variance,28,1,2022-08-12,2023-01-03,2022-10-09,2022-11-06,0.0011383841531888,0.005834796923257389
Local Kalman-OU,variance,28,1,2022-08-12,2023-01-03,2022-10-09,2022-11-06,0.0011383841531888,0.004361612970601855
Persistence,variance,28,1,2022-08-12,2023-01-03,2022-10-10,2022-11-07,0.0011520883219768,0.005019358350750101
Local Kalman-OU,variance,28,1,2022-08-12,2023-01-03,2022-10-10,2022-11-07,0.0011520883219768,0.002761504625818416
Persistence,variance,28,1,2022-08-12,2023-01-03,2022-10-11,2022-11-08,0.0006842360649737,0.0027503393003520693
Local Kalman-OU,variance,28,1,2022-08-12,2023-01-03,2022-10-11,2022-11-08,0.0006842360649737,0.0015333437776351398
Persistence,variance,28,1,2022-08-12,2023-01-03,2022-10-12,2022-11-09,0.00069414905117,0.0026437359927162637
Local Kalman-OU,variance,28,1,2022-08-12,2023-01-03,2022-10-12,2022-11-09,0.00069414905117,0.0003627263749238843
Persistence,variance,28,1,2022-08-12,2023-01-03,2022-10-13,2022-11-10,0.0007981396779984,0.002881419488199563
Local Kalman-OU,variance,28,1,2022-08-12,2023-01-03,2022-10-13,2022-11-10,0.0007981396779984,0.0
Persistence,variance,28,1,2022-08-12,2023-01-03,2022-10-14,2022-11-11,0.0008820558251377,0.003132524729261758
Local Kalman-OU,variance,28,1,2022-08-12,2023-01-03,2022-10-14,2022-11-11,0.0008820558251377,0.0
Persistence,variance,28,1,2022-08-12,2023-01-03,2022-10-15,2022-11-12,0.0009352190474323,0.0033627833193770615
Local Kalman-OU,variance,28,1,2022-08-12,2023-01-03,2022-10-15,2022-11-12,0.0009352190474323,0.0
Persistence,variance,28,1,2022-08-12,2023-01-03,2022-10-16,2022-11-13,0.0009555270187619,0.0035874249206459094
Local Kalman-OU,variance,28,1,2022-08-12,2023-01-03,2022-10-16,2022-11-13,0.0009555270187619,0.0
Persistence,variance,28,1,2022-08-12,2023-01-03,2022-10-17,2022-11-14,0.000950291508779,0.0032894489873533596
Local Kalman-OU,variance,28,1,2022-08-12,2023-01-03,2022-10-17,2022-11-14,0.000950291508779,0.0
Persistence,variance,28,1,2022-08-12,2023-01-03,2022-10-18,2022-11-15,0.001005157141074,0.0022786839891364716
Local Kalman-OU,variance,28,1,2022-08-12,2023-01-03,2022-10-18,2022-11-15,0.001005157141074,0.0
Persistence,variance,28,1,2022-08-12,2023-01-03,2022-10-19,2022-11-16,0.0010084817968527,0.0019735762412605405
Local Kalman-OU,variance,28,1,2022-08-12,2023-01-03,2022-10-19,2022-11-16,0.0010084817968527,0.0
Persistence,variance,28,1,2022-08-12,2023-01-03,2022-10-20,2022-11-17,0.0010161504759732,0.0021768241644822455
Local Kalman-OU,variance,28,1,2022-08-12,2023-01-03,2022-10-20,2022-11-17,0.0010161504759732,0.0
Persistence,variance,28,1,2022-08-12,2023-01-03,2022-10-21,2022-11-18,0.0010151864435413,0.002507350376222663
Local Kalman-OU,variance,28,1,2022-08-12,2023-01-03,2022-10-21,2022-11-18,0.0010151864435413,0.0
Persistence,variance,28,1,2022-08-12,2023-01-03,2022-10-22,2022-11-19,0.0010011066373451,0.0028100399747824426
Local Kalman-OU,variance,28,1,2022-08-12,2023-01-03,2022-10-22,2022-11-19,0.0010011066373451,0.0
Persistence,variance,28,1,2022-08-12,2023-01-03,2022-10-23,2022-11-20,0.000964331162985,0.002973736599985194
Local Kalman-OU,variance,28,1,2022-08-12,2023-01-03,2022-10-23,2022-11-20,0.000964331162985,0.0
Persistence,variance,28,1,2022-08-12,2023-01-03,2022-10-24,2022-11-21,0.0009294647955986,0.0026627892241231107
Local Kalman-OU,variance,28,1,2022-08-12,2023-01-03,2022-10-24,2022-11-21,0.0009294647955986,0.0
Persistence,variance,28,1,2022-08-12,2023-01-03,2022-10-25,2022-11-22,0.0008115368014172,0.0018219482985545226
Local Kalman-OU,variance,28,1,2022-08-12,2023-01-03,2022-10-25,2022-11-22,0.0008115368014172,0.0
Persistence,variance,28,1,2022-08-12,2023-01-03,2022-10-26,2022-11-23,0.0008604358528602,0.0015715287677538668
Local Kalman-OU,variance,28,1,2022-08-12,2023-01-03,2022-10-26,2022-11-23,0.0008604358528602,0.0
Persistence,variance,28,1,2022-08-12,2023-01-03,2022-10-27,2022-11-24,0.0007595865113932,0.0017123479509662592
Local Kalman-OU,variance,28,1,2022-08-12,2023-01-03,2022-10-27,2022-11-24,0.0007595865113932,0.0
Persistence,variance,28,1,2022-08-12,2023-01-03,2022-10-28,2022-11-25,0.0006867944167603,0.001827772407114464
Local Kalman-OU,variance,28,1,2022-08-12,2023-01-03,2022-10-28,2022-11-25,0.0006867944167603,0.0
Persistence,variance,28,1,2022-08-12,2023-01-03,2022-10-29,2022-11-26,0.0006356998816762,0.0019454223503378371
Local Kalman-OU,variance,28,1,2022-08-12,2023-01-03,2022-10-29,2022-11-26,0.0006356998816762,0.0
Persistence,variance,28,1,2022-08-12,2023-01-03,2022-10-30,2022-11-27,0.0006086554152484,0.0019741566037923893
Local Kalman-OU,variance,28,1,2022-08-12,2023-01-03,2022-10-30,2022-11-27,0.0006086554152484,0.0
Persistence,variance,28,1,2022-08-12,2023-01-03,2022-10-31,2022-11-28,0.0006403148909674,0.0019633906236228857
Local Kalman-OU,variance,28,1,2022-08-12,2023-01-03,2022-10-31,2022-11-28,0.0006403148909674,0.0
Persistence,variance,28,1,2022-08-12,2023-01-03,2022-11-01,2022-11-29,0.0004580005521504,0.0011093211211332314
Local Kalman-OU,variance,28,1,2022-08-12,2023-01-03,2022-11-01,2022-11-29,0.0004580005521504,0.0
Persistence,variance,28,1,2022-08-12,2023-01-03,2022-11-02,2022-11-30,0.000503420563442,0.001075936957652235
Local Kalman-OU,variance,28,1,2022-08-12,2023-01-03,2022-11-02,2022-11-30,0.000503420563442,0.0
Persistence,variance,28,1,2022-08-12,2023-01-03,2022-11-03,2022-12-01,0.000500548475679,0.0010921187477081476
Local Kalman-OU,variance,28,1,2022-08-12,2023-01-03,2022-11-03,2022-12-01,0.000500548475679,0.0
Persistence,variance,28,1,2022-08-12,2023-01-03,2022-11-04,2022-12-02,0.0004872646305324,0.0011128304990586468
Local Kalman-OU,variance,28,1,2022-08-12,2023-01-03,2022-11-04,2022-12-02,0.0004872646305324,0.0
Persistence,variance,28,1,2022-08-12,2023-01-03,2022-11-05,2022-12-03,0.0004659060770007,0.0011276828876414858
Local Kalman-OU,variance,28,1,2022-08-12,2023-01-03,2022-11-05,2022-12-03,0.0004659060770007,0.0
Persistence,variance,28,1,2022-08-12,2023-01-03,2022-11-06,2022-12-04,0.0004640271125979,0.0011383841531888862
Local Kalman-OU,variance,28,1,2022-08-12,2023-01-03,2022-11-06,2022-12-04,0.0004640271125979,0.0
Persistence,variance,28,1,2022-08-12,2023-01-03,2022-11-07,2022-12-05,0.0004557214805025,0.0011520883219768513
Local Kalman-OU,variance,28,1,2022-08-12,2023-01-03,2022-11-07,2022-12-05,0.0004557214805025,0.0
Persistence,variance,28,1,2022-08-12,2023-01-03,2022-11-08,2022-12-06,0.0011038179971288,0.0006842360649737765
Local Kalman-OU,variance,28,1,2022-08-12,2023-01-03,2022-11-08,2022-12-06,0.0011038179971288,0.0
Persistence,variance,28,1,2022-08-12,2023-01-03,2022-11-09,2022-12-07,0.0011259487952747,0.0006941490511700806
Local Kalman-OU,variance,28,1,2022-08-12,2023-01-03,2022-11-09,2022-12-07,0.0011259487952747,0.0
Persistence,variance,28,1,2022-08-12,2023-01-03,2022-11-10,2022-12-08,0.0010900848989699,0.0007981396779984403
Local Kalman-OU,variance,28,1,2022-08-12,2023-01-03,2022-11-10,2022-12-08,0.0010900848989699,0.0
Persistence,variance,28,1,2022-08-12,2023-01-03,2022-11-11,2022-12-09,0.0010836715119488,0.0008820558251377544
Local Kalman-OU,variance,28,1,2022-08-12,2023-01-03,2022-11-11,2022-12-09,0.0010836715119488,0.0
Persistence,variance,28,1,2022-08-12,2023-01-03,2022-11-12,2022-12-10,0.0010411417278789,0.0009352190474323893
Local Kalman-OU,variance,28,1,2022-08-12,2023-01-03,2022-11-12,2022-12-10,0.0010411417278789,0.0
Persistence,variance,28,1,2022-08-12,2023-01-03,2022-11-13,2022-12-11,0.001041333207,0.000955527018761929
Local Kalman-OU,variance,28,1,2022-08-12,2023-01-03,2022-11-13,2022-12-11,0.001041333207,0.0
Persistence,variance,28,1,2022-08-12,2023-01-03,2022-11-14,2022-12-12,0.0010464461299021,0.0009502915087790959
Local Kalman-OU,variance,28,1,2022-08-12,2023-01-03,2022-11-14,2022-12-12,0.0010464461299021,0.0
Persistence,variance,28,1,2022-08-12,2023-01-03,2022-11-15,2022-12-13,0.0011108019294038,0.001005157141074062
Local Kalman-OU,variance,28,1,2022-08-12,2023-01-03,2022-11-15,2022-12-13,0.0011108019294038,0.0
Persistence,variance,28,1,2022-08-12,2023-01-03,2022-11-16,2022-12-14,0.0011258242555002,0.0010084817968527015
Local Kalman-OU,variance,28,1,2022-08-12,2023-01-03,2022-11-16,2022-12-14,0.0011258242555002,0.0
Persistence,variance,28,1,2022-08-12,2023-01-03,2022-11-17,2022-12-15,0.0010888128532949,0.001016150475973275
Local Kalman-OU,variance,28,1,2022-08-12,2023-01-03,2022-11-17,2022-12-15,0.0010888128532949,0.0
Persistence,variance,28,1,2022-08-12,2023-01-03,2022-11-18,2022-12-16,0.001077197372132,0.0010151864435413653
Local Kalman-OU,variance,28,1,2022-08-12,2023-01-03,2022-11-18,2022-12-16,0.001077197372132,0.0
Persistence,variance,28,1,2022-08-12,2023-01-03,2022-11-19,2022-12-17,0.0010915025301333,0.0010011066373451102
Local Kalman-OU,variance,28,1,2022-08-12,2023-01-03,2022-11-19,2022-12-17,0.0010915025301333,0.0
Persistence,variance,28,1,2022-08-12,2023-01-03,2022-11-20,2022-12-18,0.0010900165598817,0.0009643311629850209
Local Kalman-OU,variance,28,1,2022-08-12,2023-01-03,2022-11-20,2022-12-18,0.0010900165598817,0.0
Persistence,variance,28,1,2022-08-12,2023-01-03,2022-11-21,2022-12-19,0.0011404437640199,0.0009294647955986827
Local Kalman-OU,variance,28,1,2022-08-12,2023-01-03,2022-11-21,2022-12-19,0.0011404437640199,0.0
Persistence,variance,28,1,2022-08-12,2023-01-03,2022-11-22,2022-12-20,0.0006788371953249,0.000811536801417238
Local Kalman-OU,variance,28,1,2022-08-12,2023-01-03,2022-11-22,2022-12-20,0.0006788371953249,0.0
Persistence,variance,28,1,2022-08-12,2023-01-03,2022-11-23,2022-12-21,0.0009897637893324,0.0008604358528602288
Local Kalman-OU,variance,28,1,2022-08-12,2023-01-03,2022-11-23,2022-12-21,0.0009897637893324,0.0
Persistence,variance,28,1,2022-08-12,2023-01-03,2022-11-24,2022-12-22,0.0009624211538411,0.0007595865113932509
Local Kalman-OU,variance,28,1,2022-08-12,2023-01-03,2022-11-24,2022-12-22,0.0009624211538411,0.0
Persistence,variance,28,1,2022-08-12,2023-01-03,2022-11-25,2022-12-23,0.0008920378086458,0.0006867944167603288
Local Kalman-OU,variance,28,1,2022-08-12,2023-01-03,2022-11-25,2022-12-23,0.0008920378086458,0.0
Persistence,variance,28,1,2022-08-12,2023-01-03,2022-11-26,2022-12-24,0.0008459847937679,0.0006356998816762191
Local Kalman-OU,variance,28,1,2022-08-12,2023-01-03,2022-11-26,2022-12-24,0.0008459847937679,0.0
Persistence,variance,28,1,2022-08-12,2023-01-03,2022-11-27,2022-12-25,0.0007978091388337,0.0006086554152484937
Local Kalman-OU,variance,28,1,2022-08-12,2023-01-03,2022-11-27,2022-12-25,0.0007978091388337,0.0
Persistence,variance,28,1,2022-08-12,2023-01-03,2022-11-28,2022-12-26,0.0007525415580339,0.0006403148909674624
Local Kalman-OU,variance,28,1,2022-08-12,2023-01-03,2022-11-28,2022-12-26,0.0007525415580339,0.0
Persistence,variance,28,1,2022-08-12,2023-01-03,2022-11-29,2022-12-27,0.0009970423879062,0.00045800055215042626
Local Kalman-OU,variance,28,1,2022-08-12,2023-01-03,2022-11-29,2022-12-27,0.0009970423879062,0.0
Persistence,variance,28,1,2022-08-12,2023-01-03,2022-11-30,2022-12-28,0.0011447276626857,0.0005034205634420919
Local Kalman-OU,variance,28,1,2022-08-12,2023-01-03,2022-11-30,2022-12-28,0.0011447276626857,0.0
Persistence,variance,28,1,2022-08-12,2023-01-03,2022-12-01,2022-12-29,0.0011447525915555,0.0005005484756790663
Local Kalman-OU,variance,28,1,2022-08-12,2023-01-03,2022-12-01,2022-12-29,0.0011447525915555,0.0
Persistence,variance,28,1,2022-08-12,2023-01-03,2022-12-02,2022-12-30,0.0010868442169381,0.000487264630532469
Local Kalman-OU,variance,28,1,2022-08-12,2023-01-03,2022-12-02,2022-12-30,0.0010868442169381,0.0
Persistence,variance,28,1,2022-08-12,2023-01-03,2022-12-03,2022-12-31,0.0010516346778362,0.0004659060770007615
Local Kalman-OU,variance,28,1,2022-08-12,2023-01-03,2022-12-03,2022-12-31,0.0010516346778362,0.0
Persistence,variance,28,1,2022-08-12,2023-01-03,2022-12-04,2023-01-01,0.0010206688022819,0.0004640271125979325
Local Kalman-OU,variance,28,1,2022-08-12,2023-01-03,2022-12-04,2023-01-01,0.0010206688022819,0.0
Persistence,variance,28,1,2022-08-12,2023-01-03,2022-12-05,2023-01-02,0.0010203977616972,0.00045572148050258723
Local Kalman-OU,variance,28,1,2022-08-12,2023-01-03,2022-12-05,2023-01-02,0.0010203977616972,0.0
Persistence,variance,28,1,2022-08-12,2023-01-03,2022-12-06,2023-01-03,0.0137616080155403,0.0011038179971288478
Local Kalman-OU,variance,28,1,2022-08-12,2023-01-03,2022-12-06,2023-01-03,0.0137616080155403,0.0
Persistence,mean,14,2,2023-01-03,2023-05-28,2022-12-21,2023-01-04,0.1311999847568459,0.08493645332696456
Local Kalman-OU,mean,14,2,2023-01-03,2023-05-28,2022-12-21,2023-01-04,0.1311999847568459,0.07958935542914333
Persistence,mean,14,2,2023-01-03,2023-05-28,2022-12-22,2023-01-05,0.1330579187921908,0.08633555425495451
Local Kalman-OU,mean,14,2,2023-01-03,2023-05-28,2022-12-22,2023-01-05,0.1330579187921908,0.08158029338776016
Persistence,mean,14,2,2023-01-03,2023-05-28,2022-12-23,2023-01-06,0.1339535323328014,0.08742857717998373
Local Kalman-OU,mean,14,2,2023-01-03,2023-05-28,2022-12-23,2023-01-06,0.1339535323328014,0.0835719713714084
Persistence,mean,14,2,2023-01-03,2023-05-28,2022-12-24,2023-01-07,0.1379395589738307,0.0883534797421981
Local Kalman-OU,mean,14,2,2023-01-03,2023-05-28,2022-12-24,2023-01-07,0.1379395589738307,0.085466584861997
Persistence,mean,14,2,2023-01-03,2023-05-28,2022-12-25,2023-01-08,0.1375773403203754,0.08983071903707332
Local Kalman-OU,mean,14,2,2023-01-03,2023-05-28,2022-12-25,2023-01-08,0.1375773403203754,0.08733266998431184
Persistence,mean,14,2,2023-01-03,2023-05-28,2022-12-26,2023-01-09,0.137538932359555,0.09192060600112613
Local Kalman-OU,mean,14,2,2023-01-03,2023-05-28,2022-12-26,2023-01-09,0.137538932359555,0.08928608503757743
Persistence,mean,14,2,2023-01-03,2023-05-28,2022-12-27,2023-01-10,0.1349375330984866,0.09458692313283343
Local Kalman-OU,mean,14,2,2023-01-03,2023-05-28,2022-12-27,2023-01-10,0.1349375330984866,0.09115346849046037
Persistence,mean,14,2,2023-01-03,2023-05-28,2022-12-28,2023-01-11,0.1287347317879365,0.09724745091778789
Local Kalman-OU,mean,14,2,2023-01-03,2023-05-28,2022-12-28,2023-01-11,0.1287347317879365,0.09309411393803213
Persistence,mean,14,2,2023-01-03,2023-05-28,2022-12-29,2023-01-12,0.1264393592659615,0.09724702220752666
Local Kalman-OU,mean,14,2,2023-01-03,2023-05-28,2022-12-29,2023-01-12,0.1264393592659615,0.09492081455771754
Persistence,mean,14,2,2023-01-03,2023-05-28,2022-12-30,2023-01-13,0.1247556962765151,0.09803550841086539
Local Kalman-OU,mean,14,2,2023-01-03,2023-05-28,2022-12-30,2023-01-13,0.1247556962765151,0.09673374821683318
Persistence,mean,14,2,2023-01-03,2023-05-28,2022-12-31,2023-01-14,0.1233485459692372,0.0986081054382626
Local Kalman-OU,mean,14,2,2023-01-03,2023-05-28,2022-12-31,2023-01-14,0.1233485459692372,0.09851628284351857
Persistence,mean,14,2,2023-01-03,2023-05-28,2023-01-01,2023-01-15,0.1217253532195343,0.09989941915543363
Local Kalman-OU,mean,14,2,2023-01-03,2023-05-28,2023-01-01,2023-01-15,0.1217253532195343,0.10045928471333934
Persistence,mean,14,2,2023-01-03,2023-05-28,2023-01-02,2023-01-16,0.1210887825476346,0.09988593260292324
Local Kalman-OU,mean,14,2,2023-01-03,2023-05-28,2023-01-02,2023-01-16,0.1210887825476346,0.10235554886605633
Persistence,mean,14,2,2023-01-03,2023-05-28,2023-01-03,2023-01-17,0.0953320120320738,0.12762455270873554
Local Kalman-OU,mean,14,2,2023-01-03,2023-05-28,2023-01-03,2023-01-17,0.0953320120320738,0.10665248952745048
Persistence,mean,14,2,2023-01-03,2023-05-28,2023-01-04,2023-01-18,0.0908039095473847,0.13119998475684597
Local Kalman-OU,mean,14,2,2023-01-03,2023-05-28,2023-01-04,2023-01-18,0.0908039095473847,0.1111026991710349
Persistence,mean,14,2,2023-01-03,2023-05-28,2023-01-05,2023-01-19,0.0893327707888696,0.1330579187921908
Local Kalman-OU,mean,14,2,2023-01-03,2023-05-28,2023-01-05,2023-01-19,0.0893327707888696,0.11547056399617515
Persistence,mean,14,2,2023-01-03,2023-05-28,2023-01-06,2023-01-20,0.0894234947414365,0.13395353233280147
Local Kalman-OU,mean,14,2,2023-01-03,2023-05-28,2023-01-06,2023-01-20,0.0894234947414365,0.11966929368770758
Persistence,mean,14,2,2023-01-03,2023-05-28,2023-01-07,2023-01-21,0.0870960249823614,0.13793955897383076
Local Kalman-OU,mean,14,2,2023-01-03,2023-05-28,2023-01-07,2023-01-21,0.0870960249823614,0.12402032976442244
Persistence,mean,14,2,2023-01-03,2023-05-28,2023-01-08,2023-01-22,0.0895644252926462,0.13757734032037547
Local Kalman-OU,mean,14,2,2023-01-03,2023-05-28,2023-01-08,2023-01-22,0.0895644252926462,0.12808783811492153
Persistence,mean,14,2,2023-01-03,2023-05-28,2023-01-09,2023-01-23,0.0916887888459926,0.137538932359555
Local Kalman-OU,mean,14,2,2023-01-03,2023-05-28,2023-01-09,2023-01-23,0.0916887888459926,0.1319138000216309
Persistence,mean,14,2,2023-01-03,2023-05-28,2023-01-10,2023-01-24,0.097135159477308,0.1349375330984866
Local Kalman-OU,mean,14,2,2023-01-03,2023-05-28,2023-01-10,2023-01-24,0.097135159477308,0.13530512728501898
Persistence,mean,14,2,2023-01-03,2023-05-28,2023-01-11,2023-01-25,0.1036231152766641,0.12873473178793657
Local Kalman-OU,mean,14,2,2023-01-03,2023-05-28,2023-01-11,2023-01-25,0.1036231152766641,0.13792996762292403
Persistence,mean,14,2,2023-01-03,2023-05-28,2023-01-12,2023-01-26,0.1078384182666037,0.12643935926596156
Local Kalman-OU,mean,14,2,2023-01-03,2023-05-28,2023-01-12,2023-01-26,0.1078384182666037,0.14015277351187336
Persistence,mean,14,2,2023-01-03,2023-05-28,2023-01-13,2023-01-27,0.1107605949713898,0.12475569627651519
Local Kalman-OU,mean,14,2,2023-01-03,2023-05-28,2023-01-13,2023-01-27,0.1107605949713898,0.1420539873924125
Persistence,mean,14,2,2023-01-03,2023-05-28,2023-01-14,2023-01-28,0.113507044387699,0.12334854596923726
Local Kalman-OU,mean,14,2,2023-01-03,2023-05-28,2023-01-14,2023-01-28,0.113507044387699,0.14369204599273996
Persistence,mean,14,2,2023-01-03,2023-05-28,2023-01-15,2023-01-29,0.1164746434112017,0.12172535321953433
Local Kalman-OU,mean,14,2,2023-01-03,2023-05-28,2023-01-15,2023-01-29,0.1164746434112017,0.14493288384926542
Persistence,mean,14,2,2023-01-03,2023-05-28,2023-01-16,2023-01-30,0.1178060767081095,0.1210887825476346
Local Kalman-OU,mean,14,2,2023-01-03,2023-05-28,2023-01-16,2023-01-30,0.1178060767081095,0.1459217411153684
Persistence,mean,14,2,2023-01-03,2023-05-28,2023-01-17,2023-01-31,0.1233928136144765,0.09533201203207389
Local Kalman-OU,mean,14,2,2023-01-03,2023-05-28,2023-01-17,2023-01-31,0.1233928136144765,0.14409096927510004
Persistence,mean,14,2,2023-01-03,2023-05-28,2023-01-18,2023-02-01,0.1253973695828701,0.09080390954738474
Local Kalman-OU,mean,14,2,2023-01-03,2023-05-28,2023-01-18,2023-02-01,0.1253973695828701,0.1417023257407209
Persistence,mean,14,2,2023-01-03,2023-05-28,2023-01-19,2023-02-02,0.1262597534112328,0.08933277078886966
Local Kalman-OU,mean,14,2,2023-01-03,2023-05-28,2023-01-19,2023-02-02,0.1262597534112328,0.1391239414660287
Persistence,mean,14,2,2023-01-03,2023-05-28,2023-01-20,2023-02-03,0.127101571321209,0.0894234947414365
Local Kalman-OU,mean,14,2,2023-01-03,2023-05-28,2023-01-20,2023-02-03,0.127101571321209,0.13662546700493636
Persistence,mean,14,2,2023-01-03,2023-05-28,2023-01-21,2023-02-04,0.1281238419664619,0.08709602498236145
Local Kalman-OU,mean,14,2,2023-01-03,2023-05-28,2023-01-21,2023-02-04,0.1281238419664619,0.1336465402137765
Persistence,mean,14,2,2023-01-03,2023-05-28,2023-01-22,2023-02-05,0.1282657073362935,0.08956442529264622
Local Kalman-OU,mean,14,2,2023-01-03,2023-05-28,2023-01-22,2023-02-05,0.1282657073362935,0.13149374670689598
Persistence,mean,14,2,2023-01-03,2023-05-28,2023-01-23,2023-02-06,0.1299448878493307,0.09168878884599262
Local Kalman-OU,mean,14,2,2023-01-03,2023-05-28,2023-01-23,2023-02-06,0.1299448878493307,0.12968583189197877
Persistence,mean,14,2,2023-01-03,2023-05-28,2023-01-24,2023-02-07,0.137900947961438,0.09713515947730808
Local Kalman-OU,mean,14,2,2023-01-03,2023-05-28,2023-01-24,2023-02-07,0.137900947961438,0.12862630681204792
Persistence,mean,14,2,2023-01-03,2023-05-28,2023-01-25,2023-02-08,0.1404204231950712,0.10362311527666415
Local Kalman-OU,mean,14,2,2023-01-03,2023-05-28,2023-01-25,2023-02-08,0.1404204231950712,0.12825890345920501
Persistence,mean,14,2,2023-01-03,2023-05-28,2023-01-26,2023-02-09,0.1424352518482325,0.10783841826660379
Local Kalman-OU,mean,14,2,2023-01-03,2023-05-28,2023-01-26,2023-02-09,0.1424352518482325,0.12801516248601383
Persistence,mean,14,2,2023-01-03,2023-05-28,2023-01-27,2023-02-10,0.1437487005190189,0.1107605949713898
Local Kalman-OU,mean,14,2,2023-01-03,2023-05-28,2023-01-27,2023-02-10,0.1437487005190189,0.12787784411751715
Persistence,mean,14,2,2023-01-03,2023-05-28,2023-01-28,2023-02-11,0.1468850460915114,0.11350704438769905
Local Kalman-OU,mean,14,2,2023-01-03,2023-05-28,2023-01-28,2023-02-11,0.1468850460915114,0.12794147767830633
Persistence,mean,14,2,2023-01-03,2023-05-28,2023-01-29,2023-02-12,0.1498234657461798,0.11647464341120177
Local Kalman-OU,mean,14,2,2023-01-03,2023-05-28,2023-01-29,2023-02-12,0.1498234657461798,0.1282113431091354
Persistence,mean,14,2,2023-01-03,2023-05-28,2023-01-30,2023-02-13,0.1579249749947853,0.11780607670810953
Local Kalman-OU,mean,14,2,2023-01-03,2023-05-28,2023-01-30,2023-02-13,0.1579249749947853,0.12838009038903997
Persistence,mean,14,2,2023-01-03,2023-05-28,2023-01-31,2023-02-14,0.1647730810427527,0.1233928136144765
Local Kalman-OU,mean,14,2,2023-01-03,2023-05-28,2023-01-31,2023-02-14,0.1647730810427527,0.12946765160416984
Persistence,mean,14,2,2023-01-03,2023-05-28,2023-02-01,2023-02-15,0.1680203867716239,0.1253973695828701
Local Kalman-OU,mean,14,2,2023-01-03,2023-05-28,2023-02-01,2023-02-15,0.1680203867716239,0.1304637217859188
Persistence,mean,14,2,2023-01-03,2023-05-28,2023-02-02,2023-02-16,0.1709347309856881,0.12625975341123288
Local Kalman-OU,mean,14,2,2023-01-03,2023-05-28,2023-02-02,2023-02-16,0.1709347309856881,0.13140149305389556
Persistence,mean,14,2,2023-01-03,2023-05-28,2023-02-03,2023-02-17,0.173177491366099,0.12710157132120906
Local Kalman-OU,mean,14,2,2023-01-03,2023-05-28,2023-02-03,2023-02-17,0.173177491366099,0.13229864497361082
Persistence,mean,14,2,2023-01-03,2023-05-28,2023-02-04,2023-02-18,0.1772144109132241,0.1281238419664619
Local Kalman-OU,mean,14,2,2023-01-03,2023-05-28,2023-02-04,2023-02-18,0.1772144109132241,0.13321920931342862
Persistence,mean,14,2,2023-01-03,2023-05-28,2023-02-05,2023-02-19,0.1797946775138651,0.12826570733629353
Local Kalman-OU,mean,14,2,2023-01-03,2023-05-28,2023-02-05,2023-02-19,0.1797946775138651,0.13397946060994625
Persistence,mean,14,2,2023-01-03,2023-05-28,2023-02-06,2023-02-20,0.1854730201159898,0.12994488784933073
Local Kalman-OU,mean,14,2,2023-01-03,2023-05-28,2023-02-06,2023-02-20,0.1854730201159898,0.13472988339909417
Persistence,mean,14,2,2023-01-03,2023-05-28,2023-02-07,2023-02-21,0.1893787777121548,0.137900947961438
Local Kalman-OU,mean,14,2,2023-01-03,2023-05-28,2023-02-07,2023-02-21,0.1893787777121548,0.13653747940671396
Persistence,mean,14,2,2023-01-03,2023-05-28,2023-02-08,2023-02-22,0.1914460965345308,0.14042042319507123
Local Kalman-OU,mean,14,2,2023-01-03,2023-05-28,2023-02-08,2023-02-22,0.1914460965345308,0.1381285084551978
Persistence,mean,14,2,2023-01-03,2023-05-28,2023-02-09,2023-02-23,0.1942371433384163,0.14243525184823252
Local Kalman-OU,mean,14,2,2023-01-03,2023-05-28,2023-02-09,2023-02-23,0.1942371433384163,0.13977204770046217
Persistence,mean,14,2,2023-01-03,2023-05-28,2023-02-10,2023-02-24,0.1990127370265422,0.14374870051901895
Local Kalman-OU,mean,14,2,2023-01-03,2023-05-28,2023-02-10,2023-02-24,0.1990127370265422,0.14133951593667712
Persistence,mean,14,2,2023-01-03,2023-05-28,2023-02-11,2023-02-25,0.2044298371385272,0.14688504609151143
Local Kalman-OU,mean,14,2,2023-01-03,2023-05-28,2023-02-11,2023-02-25,0.2044298371385272,0.14314121304369037
Persistence,mean,14,2,2023-01-03,2023-05-28,2023-02-12,2023-02-26,0.2148272730341335,0.14982346574617986
Local Kalman-OU,mean,14,2,2023-01-03,2023-05-28,2023-02-12,2023-02-26,0.2148272730341335,0.14503716396477837
Persistence,mean,14,2,2023-01-03,2023-05-28,2023-02-13,2023-02-27,0.2168971681216316,0.15792497499478533
Local Kalman-OU,mean,14,2,2023-01-03,2023-05-28,2023-02-13,2023-02-27,0.2168971681216316,0.1482230229349732
Persistence,mean,14,2,2023-01-03,2023-05-28,2023-02-14,2023-02-28,0.2159722952677766,0.16477308104275276
Local Kalman-OU,mean,14,2,2023-01-03,2023-05-28,2023-02-14,2023-02-28,0.2159722952677766,0.15166566217856373
Persistence,mean,14,2,2023-01-03,2023-05-28,2023-02-15,2023-03-01,0.2121516685989683,0.16802038677162398
Local Kalman-OU,mean,14,2,2023-01-03,2023-05-28,2023-02-15,2023-03-01,0.2121516685989683,0.1550238912587055
Persistence,mean,14,2,2023-01-03,2023-05-28,2023-02-16,2023-03-02,0.2104997360140151,0.17093473098568812
Local Kalman-OU,mean,14,2,2023-01-03,2023-05-28,2023-02-16,2023-03-02,0.2104997360140151,0.15847231979258705
Persistence,mean,14,2,2023-01-03,2023-05-28,2023-02-17,2023-03-03,0.2082040514940439,0.17317749136609906
Local Kalman-OU,mean,14,2,2023-01-03,2023-05-28,2023-02-17,2023-03-03,0.2082040514940439,0.1618394172377155
Persistence,mean,14,2,2023-01-03,2023-05-28,2023-02-18,2023-03-04,0.2069481567898155,0.17721441091322412
Local Kalman-OU,mean,14,2,2023-01-03,2023-05-28,2023-02-18,2023-03-04,0.2069481567898155,0.16574226981658122
Persistence,mean,14,2,2023-01-03,2023-05-28,2023-02-19,2023-03-05,0.2076813650287233,0.1797946775138651
Local Kalman-OU,mean,14,2,2023-01-03,2023-05-28,2023-02-19,2023-03-05,0.2076813650287233,0.1694372420478665
Persistence,mean,14,2,2023-01-03,2023-05-28,2023-02-20,2023-03-06,0.2078623230901161,0.1854730201159898
Local Kalman-OU,mean,14,2,2023-01-03,2023-05-28,2023-02-20,2023-03-06,0.2078623230901161,0.17426520659057096
Persistence,mean,14,2,2023-01-03,2023-05-28,2023-02-21,2023-03-07,0.2077348154484783,0.18937877771215486
Local Kalman-OU,mean,14,2,2023-01-03,2023-05-28,2023-02-21,2023-03-07,0.2077348154484783,0.1789938712950548
Persistence,mean,14,2,2023-01-03,2023-05-28,2023-02-22,2023-03-08,0.2133368963791936,0.1914460965345308
Local Kalman-OU,mean,14,2,2023-01-03,2023-05-28,2023-02-22,2023-03-08,0.2133368963791936,0.18326980339992913
Persistence,mean,14,2,2023-01-03,2023-05-28,2023-02-23,2023-03-09,0.2127998980973717,0.19423714333841638
Local Kalman-OU,mean,14,2,2023-01-03,2023-05-28,2023-02-23,2023-03-09,0.2127998980973717,0.18769527267511818
Persistence,mean,14,2,2023-01-03,2023-05-28,2023-02-24,2023-03-10,0.2169883425870813,0.19901273702654224
Local Kalman-OU,mean,14,2,2023-01-03,2023-05-28,2023-02-24,2023-03-10,0.2169883425870813,0.1928893585236695
Persistence,mean,14,2,2023-01-03,2023-05-28,2023-02-25,2023-03-11,0.215215170033589,0.20442983713852722
Local Kalman-OU,mean,14,2,2023-01-03,2023-05-28,2023-02-25,2023-03-11,0.215215170033589,0.19858041358905965
Persistence,mean,14,2,2023-01-03,2023-05-28,2023-02-26,2023-03-12,0.2058382423762664,0.2148272730341335
Local Kalman-OU,mean,14,2,2023-01-03,2023-05-28,2023-02-26,2023-03-12,0.2058382423762664,0.20700602064340431
Persistence,mean,14,2,2023-01-03,2023-05-28,2023-02-27,2023-03-13,0.1993106439606515,0.2168971681216316
Local Kalman-OU,mean,14,2,2023-01-03,2023-05-28,2023-02-27,2023-03-13,0.1993106439606515,0.21402281171144835
Persistence,mean,14,2,2023-01-03,2023-05-28,2023-02-28,2023-03-14,0.1975855284583349,0.21597229526777664
Local Kalman-OU,mean,14,2,2023-01-03,2023-05-28,2023-02-28,2023-03-14,0.1975855284583349,0.21873753882824393
Persistence,mean,14,2,2023-01-03,2023-05-28,2023-03-01,2023-03-15,0.1990606570935392,0.21215166859896836
Local Kalman-OU,mean,14,2,2023-01-03,2023-05-28,2023-03-01,2023-03-15,0.1990606570935392,0.22186267204865145
Persistence,mean,14,2,2023-01-03,2023-05-28,2023-03-02,2023-03-16,0.2000091946509094,0.21049973601401512
Local Kalman-OU,mean,14,2,2023-01-03,2023-05-28,2023-03-02,2023-03-16,0.2000091946509094,0.22575713750347842
Persistence,mean,14,2,2023-01-03,2023-05-28,2023-03-03,2023-03-17,0.2025320011179665,0.2082040514940439
Local Kalman-OU,mean,14,2,2023-01-03,2023-05-28,2023-03-03,2023-03-17,0.2025320011179665,0.22951804036673137
Persistence,mean,14,2,2023-01-03,2023-05-28,2023-03-04,2023-03-18,0.2037812658531237,0.20694815678981554
Local Kalman-OU,mean,14,2,2023-01-03,2023-05-28,2023-03-04,2023-03-18,0.2037812658531237,0.2334376381512034
Persistence,mean,14,2,2023-01-03,2023-05-28,2023-03-05,2023-03-19,0.2048802431580118,0.20768136502872334
Local Kalman-OU,mean,14,2,2023-01-03,2023-05-28,2023-03-05,2023-03-19,0.2048802431580118,0.23799887136169992
Persistence,mean,14,2,2023-01-03,2023-05-28,2023-03-06,2023-03-20,0.2050100742044256,0.20786232309011618
Local Kalman-OU,mean,14,2,2023-01-03,2023-05-28,2023-03-06,2023-03-20,0.2050100742044256,0.24254598121901627
Persistence,mean,14,2,2023-01-03,2023-05-28,2023-03-07,2023-03-21,0.20515605661319,0.20773481544847833
Local Kalman-OU,mean,14,2,2023-01-03,2023-05-28,2023-03-07,2023-03-21,0.20515605661319,0.24719238783584632
Persistence,mean,14,2,2023-01-03,2023-05-28,2023-03-08,2023-03-22,0.1996393680149394,0.21333689637919365
Local Kalman-OU,mean,14,2,2023-01-03,2023-05-28,2023-03-08,2023-03-22,0.1996393680149394,0.2524694666919194
Persistence,mean,14,2,2023-01-03,2023-05-28,2023-03-09,2023-03-23,0.1996084852361575,0.21279989809737174
Local Kalman-OU,mean,14,2,2023-01-03,2023-05-28,2023-03-09,2023-03-23,0.1996084852361575,0.25683415620190553
Persistence,mean,14,2,2023-01-03,2023-05-28,2023-03-10,2023-03-24,0.1925372653331389,0.21698834258708136
Local Kalman-OU,mean,14,2,2023-01-03,2023-05-28,2023-03-10,2023-03-24,0.1925372653331389,0.2615375695854073
Persistence,mean,14,2,2023-01-03,2023-05-28,2023-03-11,2023-03-25,0.1911493154612564,0.215215170033589
Local Kalman-OU,mean,14,2,2023-01-03,2023-05-28,2023-03-11,2023-03-25,0.1911493154612564,0.2655495385163485
Persistence,mean,14,2,2023-01-03,2023-05-28,2023-03-12,2023-03-26,0.1912612418765003,0.20583824237626644
Local Kalman-OU,mean,14,2,2023-01-03,2023-05-28,2023-03-12,2023-03-26,0.1912612418765003,0.26821095903108244
Persistence,mean,14,2,2023-01-03,2023-05-28,2023-03-13,2023-03-27,0.1942429846533198,0.19931064396065154
Local Kalman-OU,mean,14,2,2023-01-03,2023-05-28,2023-03-13,2023-03-27,0.1942429846533198,0.2700511653036751
Persistence,mean,14,2,2023-01-03,2023-05-28,2023-03-14,2023-03-28,0.1980095067264458,0.1975855284583349
Local Kalman-OU,mean,14,2,2023-01-03,2023-05-28,2023-03-14,2023-03-28,0.1980095067264458,0.269617355949985
Persistence,mean,14,2,2023-01-03,2023-05-28,2023-03-15,2023-03-29,0.1993849196174201,0.1990606570935392
Local Kalman-OU,mean,14,2,2023-01-03,2023-05-28,2023-03-15,2023-03-29,0.1993849196174201,0.268690901979332
Persistence,mean,14,2,2023-01-03,2023-05-28,2023-03-16,2023-03-30,0.2006254415799821,0.20000919465090947
Local Kalman-OU,mean,14,2,2023-01-03,2023-05-28,2023-03-16,2023-03-30,0.2006254415799821,0.26739260668542886
Persistence,mean,14,2,2023-01-03,2023-05-28,2023-03-17,2023-03-31,0.2001610459489178,0.2025320011179665
Local Kalman-OU,mean,14,2,2023-01-03,2023-05-28,2023-03-17,2023-03-31,0.2001610459489178,0.2661248202252963
Persistence,mean,14,2,2023-01-03,2023-05-28,2023-03-18,2023-04-01,0.2035117491109951,0.20378126585312376
Local Kalman-OU,mean,14,2,2023-01-03,2023-05-28,2023-03-18,2023-04-01,0.2035117491109951,0.26455852797226
Persistence,mean,14,2,2023-01-03,2023-05-28,2023-03-19,2023-04-02,0.2021482604243563,0.20488024315801187
Local Kalman-OU,mean,14,2,2023-01-03,2023-05-28,2023-03-19,2023-04-02,0.2021482604243563,0.2629591894708217
Persistence,mean,14,2,2023-01-03,2023-05-28,2023-03-20,2023-04-03,0.1991425083118616,0.20501007420442569
Local Kalman-OU,mean,14,2,2023-01-03,2023-05-28,2023-03-20,2023-04-03,0.1991425083118616,0.26121317291805424
Persistence,mean,14,2,2023-01-03,2023-05-28,2023-03-21,2023-04-04,0.1965323393654796,0.20515605661319003
Local Kalman-OU,mean,14,2,2023-01-03,2023-05-28,2023-03-21,2023-04-04,0.1965323393654796,0.25952794066744556
Persistence,mean,14,2,2023-01-03,2023-05-28,2023-03-22,2023-04-05,0.1948052179287985,0.19963936801493945
Local Kalman-OU,mean,14,2,2023-01-03,2023-05-28,2023-03-22,2023-04-05,0.1948052179287985,0.2566434174374983
Persistence,mean,14,2,2023-01-03,2023-05-28,2023-03-23,2023-04-06,0.1928996256175208,0.1996084852361575
Local Kalman-OU,mean,14,2,2023-01-03,2023-05-28,2023-03-23,2023-04-06,0.1928996256175208,0.2543258269635488
Persistence,mean,14,2,2023-01-03,2023-05-28,2023-03-24,2023-04-07,0.190665503767374,0.19253726533313897
Local Kalman-OU,mean,14,2,2023-01-03,2023-05-28,2023-03-24,2023-04-07,0.190665503767374,0.24985926437442518
Persistence,mean,14,2,2023-01-03,2023-05-28,2023-03-25,2023-04-08,0.1924072097149573,0.1911493154612564
Local Kalman-OU,mean,14,2,2023-01-03,2023-05-28,2023-03-25,2023-04-08,0.1924072097149573,0.24621075438049259
Persistence,mean,14,2,2023-01-03,2023-05-28,2023-03-26,2023-04-09,0.194026729443456,0.19126124187650034
Local Kalman-OU,mean,14,2,2023-01-03,2023-05-28,2023-03-26,2023-04-09,0.194026729443456,0.24295546118794936
Persistence,mean,14,2,2023-01-03,2023-05-28,2023-03-27,2023-04-10,0.1889120092655368,0.19424298465331985
Local Kalman-OU,mean,14,2,2023-01-03,2023-05-28,2023-03-27,2023-04-10,0.1889120092655368,0.24098528296158445
Persistence,mean,14,2,2023-01-03,2023-05-28,2023-03-28,2023-04-11,0.1835469660666913,0.1980095067264458
Local Kalman-OU,mean,14,2,2023-01-03,2023-05-28,2023-03-28,2023-04-11,0.1835469660666913,0.23943214310858651
Persistence,mean,14,2,2023-01-03,2023-05-28,2023-03-29,2023-04-12,0.1783861273351232,0.19938491961742016
Local Kalman-OU,mean,14,2,2023-01-03,2023-05-28,2023-03-29,2023-04-12,0.1783861273351232,0.23742723800518956
Persistence,mean,14,2,2023-01-03,2023-05-28,2023-03-30,2023-04-13,0.1747025223307695,0.20062544157998213
Local Kalman-OU,mean,14,2,2023-01-03,2023-05-28,2023-03-30,2023-04-13,0.1747025223307695,0.23540993254450593
Persistence,mean,14,2,2023-01-03,2023-05-28,2023-03-31,2023-04-14,0.173769788189239,0.20016104594891784
Local Kalman-OU,mean,14,2,2023-01-03,2023-05-28,2023-03-31,2023-04-14,0.173769788189239,0.2329541063697822
Persistence,mean,14,2,2023-01-03,2023-05-28,2023-04-01,2023-04-15,0.1665119927747873,0.20351174911099515
Local Kalman-OU,mean,14,2,2023-01-03,2023-05-28,2023-04-01,2023-04-15,0.1665119927747873,0.23130309596596463
Persistence,mean,14,2,2023-01-03,2023-05-28,2023-04-02,2023-04-16,0.1644357413905339,0.20214826042435632
Local Kalman-OU,mean,14,2,2023-01-03,2023-05-28,2023-04-02,2023-04-16,0.1644357413905339,0.22869481976074163
Persistence,mean,14,2,2023-01-03,2023-05-28,2023-04-03,2023-04-17,0.161421260639573,0.19914250831186162
Local Kalman-OU,mean,14,2,2023-01-03,2023-05-28,2023-04-03,2023-04-17,0.161421260639573,0.22579305422283313
Persistence,mean,14,2,2023-01-03,2023-05-28,2023-04-04,2023-04-18,0.1548281777829243,0.19653233936547965
Local Kalman-OU,mean,14,2,2023-01-03,2023-05-28,2023-04-04,2023-04-18,0.1548281777829243,0.2227501798811891
Persistence,mean,14,2,2023-01-03,2023-05-28,2023-04-05,2023-04-19,0.1484755790711171,0.19480521792879854
Local Kalman-OU,mean,14,2,2023-01-03,2023-05-28,2023-04-05,2023-04-19,0.1484755790711171,0.21966733503117025
Persistence,mean,14,2,2023-01-03,2023-05-28,2023-04-06,2023-04-20,0.1446082520627431,0.1928996256175208
Local Kalman-OU,mean,14,2,2023-01-03,2023-05-28,2023-04-06,2023-04-20,0.1446082520627431,0.21637632856302752
Persistence,mean,14,2,2023-01-03,2023-05-28,2023-04-07,2023-04-21,0.1425917962976612,0.19066550376737407
Local Kalman-OU,mean,14,2,2023-01-03,2023-05-28,2023-04-07,2023-04-21,0.1425917962976612,0.21292295172847017
Persistence,mean,14,2,2023-01-03,2023-05-28,2023-04-08,2023-04-22,0.1389443786113612,0.19240720971495734
Local Kalman-OU,mean,14,2,2023-01-03,2023-05-28,2023-04-08,2023-04-22,0.1389443786113612,0.20998956738440788
Persistence,mean,14,2,2023-01-03,2023-05-28,2023-04-09,2023-04-23,0.1357809938594377,0.19402672944345603
Local Kalman-OU,mean,14,2,2023-01-03,2023-05-28,2023-04-09,2023-04-23,0.1357809938594377,0.2071553933107819
Persistence,mean,14,2,2023-01-03,2023-05-28,2023-04-10,2023-04-24,0.1338884090041588,0.18891200926553683
Local Kalman-OU,mean,14,2,2023-01-03,2023-05-28,2023-04-10,2023-04-24,0.1338884090041588,0.2038497485270161
Persistence,mean,14,2,2023-01-03,2023-05-28,2023-04-11,2023-04-25,0.1280775575684503,0.1835469660666913
Local Kalman-OU,mean,14,2,2023-01-03,2023-05-28,2023-04-11,2023-04-25,0.1280775575684503,0.20033035927250836
Persistence,mean,14,2,2023-01-03,2023-05-28,2023-04-12,2023-04-26,0.1273915227921279,0.17838612733512324
Local Kalman-OU,mean,14,2,2023-01-03,2023-05-28,2023-04-12,2023-04-26,0.1273915227921279,0.19647032595053449
Persistence,mean,14,2,2023-01-03,2023-05-28,2023-04-13,2023-04-27,0.1269871034131445,0.17470252233076958
Local Kalman-OU,mean,14,2,2023-01-03,2023-05-28,2023-04-13,2023-04-27,0.1269871034131445,0.19242428623051297
Persistence,mean,14,2,2023-01-03,2023-05-28,2023-04-14,2023-04-28,0.1256518557462385,0.17376978818923902
Local Kalman-OU,mean,14,2,2023-01-03,2023-05-28,2023-04-14,2023-04-28,0.1256518557462385,0.18844275966469148
Persistence,mean,14,2,2023-01-03,2023-05-28,2023-04-15,2023-04-29,0.1240141554865668,0.16651199277478737
Local Kalman-OU,mean,14,2,2023-01-03,2023-05-28,2023-04-15,2023-04-29,0.1240141554865668,0.18396047872768662
Persistence,mean,14,2,2023-01-03,2023-05-28,2023-04-16,2023-04-30,0.1224140220995202,0.16443574139053396
Local Kalman-OU,mean,14,2,2023-01-03,2023-05-28,2023-04-16,2023-04-30,0.1224140220995202,0.17949521379228608
Persistence,mean,14,2,2023-01-03,2023-05-28,2023-04-17,2023-05-01,0.1224802339140271,0.16142126063957302
Local Kalman-OU,mean,14,2,2023-01-03,2023-05-28,2023-04-17,2023-05-01,0.1224802339140271,0.17512431376514964
Persistence,mean,14,2,2023-01-03,2023-05-28,2023-04-18,2023-05-02,0.1196830146112876,0.15482817778292438
Local Kalman-OU,mean,14,2,2023-01-03,2023-05-28,2023-04-18,2023-05-02,0.1196830146112876,0.17042143332445447
Persistence,mean,14,2,2023-01-03,2023-05-28,2023-04-19,2023-05-03,0.1192024739139915,0.1484755790711171
Local Kalman-OU,mean,14,2,2023-01-03,2023-05-28,2023-04-19,2023-05-03,0.1192024739139915,0.1653301658647921
Persistence,mean,14,2,2023-01-03,2023-05-28,2023-04-20,2023-05-04,0.1286931481019562,0.14460825206274316
Local Kalman-OU,mean,14,2,2023-01-03,2023-05-28,2023-04-20,2023-05-04,0.1286931481019562,0.16016992063094185
Persistence,mean,14,2,2023-01-03,2023-05-28,2023-04-21,2023-05-05,0.1272786149309375,0.1425917962976612
Local Kalman-OU,mean,14,2,2023-01-03,2023-05-28,2023-04-21,2023-05-05,0.1272786149309375,0.1552621983575386
Persistence,mean,14,2,2023-01-03,2023-05-28,2023-04-22,2023-05-06,0.1241053538790521,0.13894437861136122
Local Kalman-OU,mean,14,2,2023-01-03,2023-05-28,2023-04-22,2023-05-06,0.1241053538790521,0.15049080717639196
Persistence,mean,14,2,2023-01-03,2023-05-28,2023-04-23,2023-05-07,0.1223808632405713,0.13578099385943776
Local Kalman-OU,mean,14,2,2023-01-03,2023-05-28,2023-04-23,2023-05-07,0.1223808632405713,0.14622261098222994
Persistence,mean,14,2,2023-01-03,2023-05-28,2023-04-24,2023-05-08,0.1197423437104223,0.13388840900415885
Local Kalman-OU,mean,14,2,2023-01-03,2023-05-28,2023-04-24,2023-05-08,0.1197423437104223,0.1421271178201609
Persistence,mean,14,2,2023-01-03,2023-05-28,2023-04-25,2023-05-09,0.1190908569537292,0.12807755756845032
Local Kalman-OU,mean,14,2,2023-01-03,2023-05-28,2023-04-25,2023-05-09,0.1190908569537292,0.13754469311010586
Persistence,mean,14,2,2023-01-03,2023-05-28,2023-04-26,2023-05-10,0.1185085756327873,0.12739152279212795
Local Kalman-OU,mean,14,2,2023-01-03,2023-05-28,2023-04-26,2023-05-10,0.1185085756327873,0.13303518510273618
Persistence,mean,14,2,2023-01-03,2023-05-28,2023-04-27,2023-05-11,0.1167271467110576,0.1269871034131445
Local Kalman-OU,mean,14,2,2023-01-03,2023-05-28,2023-04-27,2023-05-11,0.1167271467110576,0.1286661733462276
Persistence,mean,14,2,2023-01-03,2023-05-28,2023-04-28,2023-05-12,0.1128729479342582,0.12565185574623855
Local Kalman-OU,mean,14,2,2023-01-03,2023-05-28,2023-04-28,2023-05-12,0.1128729479342582,0.12427397687190712
Persistence,mean,14,2,2023-01-03,2023-05-28,2023-04-29,2023-05-13,0.1137022798164215,0.12401415548656683
Local Kalman-OU,mean,14,2,2023-01-03,2023-05-28,2023-04-29,2023-05-13,0.1137022798164215,0.11990211247806015
Persistence,mean,14,2,2023-01-03,2023-05-28,2023-04-30,2023-05-14,0.1076914692549379,0.12241402209952021
Local Kalman-OU,mean,14,2,2023-01-03,2023-05-28,2023-04-30,2023-05-14,0.1076914692549379,0.11565756335035833
Persistence,mean,14,2,2023-01-03,2023-05-28,2023-05-01,2023-05-15,0.1000652268848204,0.12248023391402711
Local Kalman-OU,mean,14,2,2023-01-03,2023-05-28,2023-05-01,2023-05-15,0.1000652268848204,0.11170375613739901
Persistence,mean,14,2,2023-01-03,2023-05-28,2023-05-02,2023-05-16,0.0905866672767699,0.11968301461128764
Local Kalman-OU,mean,14,2,2023-01-03,2023-05-28,2023-05-02,2023-05-16,0.0905866672767699,0.10767503021772869
Persistence,mean,14,2,2023-01-03,2023-05-28,2023-05-03,2023-05-17,0.0875531359718868,0.11920247391399154
Local Kalman-OU,mean,14,2,2023-01-03,2023-05-28,2023-05-03,2023-05-17,0.0875531359718868,0.10420426899331416
Persistence,mean,14,2,2023-01-03,2023-05-28,2023-05-04,2023-05-18,0.0736988465866372,0.12869314810195628
Local Kalman-OU,mean,14,2,2023-01-03,2023-05-28,2023-05-04,2023-05-18,0.0736988465866372,0.10197049510089101
Persistence,mean,14,2,2023-01-03,2023-05-28,2023-05-05,2023-05-19,0.0723014308343572,0.12727861493093753
Local Kalman-OU,mean,14,2,2023-01-03,2023-05-28,2023-05-05,2023-05-19,0.0723014308343572,0.0999785756130016
Persistence,mean,14,2,2023-01-03,2023-05-28,2023-05-06,2023-05-20,0.0713169482830169,0.12410535387905211
Local Kalman-OU,mean,14,2,2023-01-03,2023-05-28,2023-05-06,2023-05-20,0.0713169482830169,0.09781008669140558
Persistence,mean,14,2,2023-01-03,2023-05-28,2023-05-07,2023-05-21,0.0694855744640337,0.12238086324057137
Local Kalman-OU,mean,14,2,2023-01-03,2023-05-28,2023-05-07,2023-05-21,0.0694855744640337,0.09515941057748215
Persistence,mean,14,2,2023-01-03,2023-05-28,2023-05-08,2023-05-22,0.0675707312000674,0.11974234371042235
Local Kalman-OU,mean,14,2,2023-01-03,2023-05-28,2023-05-08,2023-05-22,0.0675707312000674,0.09207161393303341
Persistence,mean,14,2,2023-01-03,2023-05-28,2023-05-09,2023-05-23,0.0591756938671026,0.11909085695372924
Local Kalman-OU,mean,14,2,2023-01-03,2023-05-28,2023-05-09,2023-05-23,0.0591756938671026,0.0890482376681016
Persistence,mean,14,2,2023-01-03,2023-05-28,2023-05-10,2023-05-24,0.0520958984908228,0.11850857563278737
Local Kalman-OU,mean,14,2,2023-01-03,2023-05-28,2023-05-10,2023-05-24,0.0520958984908228,0.08628009528008776
Persistence,mean,14,2,2023-01-03,2023-05-28,2023-05-11,2023-05-25,0.047670919141119,0.11672714671105766
Local Kalman-OU,mean,14,2,2023-01-03,2023-05-28,2023-05-11,2023-05-25,0.047670919141119,0.08362388780604256
Persistence,mean,14,2,2023-01-03,2023-05-28,2023-05-12,2023-05-26,0.0465812555635094,0.11287294793425826
Local Kalman-OU,mean,14,2,2023-01-03,2023-05-28,2023-05-12,2023-05-26,0.0465812555635094,0.08099190154769646
Persistence,mean,14,2,2023-01-03,2023-05-28,2023-05-13,2023-05-27,0.0444713520601366,0.11370227981642156
Local Kalman-OU,mean,14,2,2023-01-03,2023-05-28,2023-05-13,2023-05-27,0.0444713520601366,0.07878157304814874
Persistence,mean,14,2,2023-01-03,2023-05-28,2023-05-14,2023-05-28,0.0440743239205037,0.10769146925493792
Local Kalman-OU,mean,14,2,2023-01-03,2023-05-28,2023-05-14,2023-05-28,0.0440743239205037,0.07631081523113185
Persistence,mean,28,2,2023-01-03,2023-05-28,2022-12-07,2023-01-04,0.1311999847568459,0.08105992933133029
Local Kalman-OU,mean,28,2,2023-01-03,2023-05-28,2022-12-07,2023-01-04,0.1311999847568459,0.0173057880924347
Persistence,mean,28,2,2023-01-03,2023-05-28,2022-12-08,2023-01-05,0.1330579187921908,0.08187576273409827
Local Kalman-OU,mean,28,2,2023-01-03,2023-05-28,2022-12-08,2023-01-05,0.1330579187921908,0.022954739389303425
Persistence,mean,28,2,2023-01-03,2023-05-28,2022-12-09,2023-01-06,0.1339535323328014,0.08196541268270383
Local Kalman-OU,mean,28,2,2023-01-03,2023-05-28,2022-12-09,2023-01-06,0.1339535323328014,0.028666288013890335
Persistence,mean,28,2,2023-01-03,2023-05-28,2022-12-10,2023-01-07,0.1379395589738307,0.08265086037204962
Local Kalman-OU,mean,28,2,2023-01-03,2023-05-28,2022-12-10,2023-01-07,0.1379395589738307,0.03450993431285101
Persistence,mean,28,2,2023-01-03,2023-05-28,2022-12-11,2023-01-08,0.1375773403203754,0.08264618275374647
Local Kalman-OU,mean,28,2,2023-01-03,2023-05-28,2022-12-11,2023-01-08,0.1375773403203754,0.04023264423124929
Persistence,mean,28,2,2023-01-03,2023-05-28,2022-12-12,2023-01-09,0.137538932359555,0.08060724463772011
Local Kalman-OU,mean,28,2,2023-01-03,2023-05-28,2022-12-12,2023-01-09,0.137538932359555,0.045289533973737514
Persistence,mean,28,2,2023-01-03,2023-05-28,2022-12-13,2023-01-10,0.1349375330984866,0.08164590769670198
Local Kalman-OU,mean,28,2,2023-01-03,2023-05-28,2022-12-13,2023-01-10,0.1349375330984866,0.05029747863445985
Persistence,mean,28,2,2023-01-03,2023-05-28,2022-12-14,2023-01-11,0.1287347317879365,0.0820207081477393
Local Kalman-OU,mean,28,2,2023-01-03,2023-05-28,2022-12-14,2023-01-11,0.1287347317879365,0.05490279533764199
Persistence,mean,28,2,2023-01-03,2023-05-28,2022-12-15,2023-01-12,0.1264393592659615,0.08294107203209078
Local Kalman-OU,mean,28,2,2023-01-03,2023-05-28,2022-12-15,2023-01-12,0.1264393592659615,0.05934496277205525
Persistence,mean,28,2,2023-01-03,2023-05-28,2022-12-16,2023-01-13,0.1247556962765151,0.08314498667503065
Local Kalman-OU,mean,28,2,2023-01-03,2023-05-28,2022-12-16,2023-01-13,0.1247556962765151,0.06362035089329374
Persistence,mean,28,2,2023-01-03,2023-05-28,2022-12-17,2023-01-14,0.1233485459692372,0.08266233638081326
Local Kalman-OU,mean,28,2,2023-01-03,2023-05-28,2022-12-17,2023-01-14,0.1233485459692372,0.06763653739282934
Persistence,mean,28,2,2023-01-03,2023-05-28,2022-12-18,2023-01-15,0.1217253532195343,0.08280957495804395
Local Kalman-OU,mean,28,2,2023-01-03,2023-05-28,2022-12-18,2023-01-15,0.1217253532195343,0.07139952608826189
Persistence,mean,28,2,2023-01-03,2023-05-28,2022-12-19,2023-01-16,0.1210887825476346,0.08453960452933806
Local Kalman-OU,mean,28,2,2023-01-03,2023-05-28,2022-12-19,2023-01-16,0.1210887825476346,0.07495805067657804
Persistence,mean,28,2,2023-01-03,2023-05-28,2022-12-20,2023-01-17,0.0953320120320738,0.0815192867338567
Local Kalman-OU,mean,28,2,2023-01-03,2023-05-28,2022-12-20,2023-01-17,0.0953320120320738,0.07785140553544367
Persistence,mean,28,2,2023-01-03,2023-05-28,2022-12-21,2023-01-18,0.0908039095473847,0.08493645332696456
Local Kalman-OU,mean,28,2,2023-01-03,2023-05-28,2022-12-21,2023-01-18,0.0908039095473847,0.0806350467031049
Persistence,mean,28,2,2023-01-03,2023-05-28,2022-12-22,2023-01-19,0.0893327707888696,0.08633555425495451
Local Kalman-OU,mean,28,2,2023-01-03,2023-05-28,2022-12-22,2023-01-19,0.0893327707888696,0.08333846352237478
Persistence,mean,28,2,2023-01-03,2023-05-28,2022-12-23,2023-01-20,0.0894234947414365,0.08742857717998373
Local Kalman-OU,mean,28,2,2023-01-03,2023-05-28,2022-12-23,2023-01-20,0.0894234947414365,0.08602448818722924
Persistence,mean,28,2,2023-01-03,2023-05-28,2022-12-24,2023-01-21,0.0870960249823614,0.0883534797421981
Local Kalman-OU,mean,28,2,2023-01-03,2023-05-28,2022-12-24,2023-01-21,0.0870960249823614,0.08855635644536639
Persistence,mean,28,2,2023-01-03,2023-05-28,2022-12-25,2023-01-22,0.0895644252926462,0.08983071903707332
Local Kalman-OU,mean,28,2,2023-01-03,2023-05-28,2022-12-25,2023-01-22,0.0895644252926462,0.09102498586078964
Persistence,mean,28,2,2023-01-03,2023-05-28,2022-12-26,2023-01-23,0.0916887888459926,0.09192060600112613
Local Kalman-OU,mean,28,2,2023-01-03,2023-05-28,2022-12-26,2023-01-23,0.0916887888459926,0.09358822228482791
Persistence,mean,28,2,2023-01-03,2023-05-28,2022-12-27,2023-01-24,0.097135159477308,0.09458692313283343
Local Kalman-OU,mean,28,2,2023-01-03,2023-05-28,2022-12-27,2023-01-24,0.097135159477308,0.09598988199230221
Persistence,mean,28,2,2023-01-03,2023-05-28,2022-12-28,2023-01-25,0.1036231152766641,0.09724745091778789
Local Kalman-OU,mean,28,2,2023-01-03,2023-05-28,2022-12-28,2023-01-25,0.1036231152766641,0.09846041416724469
Persistence,mean,28,2,2023-01-03,2023-05-28,2022-12-29,2023-01-26,0.1078384182666037,0.09724702220752666
Local Kalman-OU,mean,28,2,2023-01-03,2023-05-28,2022-12-29,2023-01-26,0.1078384182666037,0.10077329099091191
Persistence,mean,28,2,2023-01-03,2023-05-28,2022-12-30,2023-01-27,0.1107605949713898,0.09803550841086539
Local Kalman-OU,mean,28,2,2023-01-03,2023-05-28,2022-12-30,2023-01-27,0.1107605949713898,0.10306031802394564
Persistence,mean,28,2,2023-01-03,2023-05-28,2022-12-31,2023-01-28,0.113507044387699,0.0986081054382626
Local Kalman-OU,mean,28,2,2023-01-03,2023-05-28,2022-12-31,2023-01-28,0.113507044387699,0.10530127659849027
Persistence,mean,28,2,2023-01-03,2023-05-28,2023-01-01,2023-01-29,0.1164746434112017,0.09989941915543363
Local Kalman-OU,mean,28,2,2023-01-03,2023-05-28,2023-01-01,2023-01-29,0.1164746434112017,0.10775900076550078
Persistence,mean,28,2,2023-01-03,2023-05-28,2023-01-02,2023-01-30,0.1178060767081095,0.09988593260292324
Local Kalman-OU,mean,28,2,2023-01-03,2023-05-28,2023-01-02,2023-01-30,0.1178060767081095,0.11015629379539107
Persistence,mean,28,2,2023-01-03,2023-05-28,2023-01-03,2023-01-31,0.1233928136144765,0.12762455270873554
Local Kalman-OU,mean,28,2,2023-01-03,2023-05-28,2023-01-03,2023-01-31,0.1233928136144765,0.11557855442509482
Persistence,mean,28,2,2023-01-03,2023-05-28,2023-01-04,2023-02-01,0.1253973695828701,0.13119998475684597
Local Kalman-OU,mean,28,2,2023-01-03,2023-05-28,2023-01-04,2023-02-01,0.1253973695828701,0.12118067672421899
Persistence,mean,28,2,2023-01-03,2023-05-28,2023-01-05,2023-02-02,0.1262597534112328,0.1330579187921908
Local Kalman-OU,mean,28,2,2023-01-03,2023-05-28,2023-01-05,2023-02-02,0.1262597534112328,0.12665084853433736
Persistence,mean,28,2,2023-01-03,2023-05-28,2023-01-06,2023-02-03,0.127101571321209,0.13395353233280147
Local Kalman-OU,mean,28,2,2023-01-03,2023-05-28,2023-01-06,2023-02-03,0.127101571321209,0.13187745203235682
Persistence,mean,28,2,2023-01-03,2023-05-28,2023-01-07,2023-02-04,0.1281238419664619,0.13793955897383076
Local Kalman-OU,mean,28,2,2023-01-03,2023-05-28,2023-01-07,2023-02-04,0.1281238419664619,0.137264769613978
Persistence,mean,28,2,2023-01-03,2023-05-28,2023-01-08,2023-02-05,0.1282657073362935,0.13757734032037547
Local Kalman-OU,mean,28,2,2023-01-03,2023-05-28,2023-01-08,2023-02-05,0.1282657073362935,0.14227517892428282
Persistence,mean,28,2,2023-01-03,2023-05-28,2023-01-09,2023-02-06,0.1299448878493307,0.137538932359555
Local Kalman-OU,mean,28,2,2023-01-03,2023-05-28,2023-01-09,2023-02-06,0.1299448878493307,0.14696403879950562
Persistence,mean,28,2,2023-01-03,2023-05-28,2023-01-10,2023-02-07,0.137900947961438,0.1349375330984866
Local Kalman-OU,mean,28,2,2023-01-03,2023-05-28,2023-01-10,2023-02-07,0.137900947961438,0.15111008121052427
Persistence,mean,28,2,2023-01-03,2023-05-28,2023-01-11,2023-02-08,0.1404204231950712,0.12873473178793657
Local Kalman-OU,mean,28,2,2023-01-03,2023-05-28,2023-01-11,2023-02-08,0.1404204231950712,0.15428263188876454
Persistence,mean,28,2,2023-01-03,2023-05-28,2023-01-12,2023-02-09,0.1424352518482325,0.12643935926596156
Local Kalman-OU,mean,28,2,2023-01-03,2023-05-28,2023-01-12,2023-02-09,0.1424352518482325,0.15691468827432303
Persistence,mean,28,2,2023-01-03,2023-05-28,2023-01-13,2023-02-10,0.1437487005190189,0.12475569627651519
Local Kalman-OU,mean,28,2,2023-01-03,2023-05-28,2023-01-13,2023-02-10,0.1437487005190189,0.1591233958216267
Persistence,mean,28,2,2023-01-03,2023-05-28,2023-01-14,2023-02-11,0.1468850460915114,0.12334854596923726
Local Kalman-OU,mean,28,2,2023-01-03,2023-05-28,2023-01-14,2023-02-11,0.1468850460915114,0.16098953863667745
Persistence,mean,28,2,2023-01-03,2023-05-28,2023-01-15,2023-02-12,0.1498234657461798,0.12172535321953433
Local Kalman-OU,mean,28,2,2023-01-03,2023-05-28,2023-01-15,2023-02-12,0.1498234657461798,0.1623254028159846
Persistence,mean,28,2,2023-01-03,2023-05-28,2023-01-16,2023-02-13,0.1579249749947853,0.1210887825476346
Local Kalman-OU,mean,28,2,2023-01-03,2023-05-28,2023-01-16,2023-02-13,0.1579249749947853,0.16332342733344715
Persistence,mean,28,2,2023-01-03,2023-05-28,2023-01-17,2023-02-14,0.1647730810427527,0.09533201203207389
Local Kalman-OU,mean,28,2,2023-01-03,2023-05-28,2023-01-17,2023-02-14,0.1647730810427527,0.1608711145353634
Persistence,mean,28,2,2023-01-03,2023-05-28,2023-01-18,2023-02-15,0.1680203867716239,0.09080390954738474
Local Kalman-OU,mean,28,2,2023-01-03,2023-05-28,2023-01-18,2023-02-15,0.1680203867716239,0.1579508360420487
Persistence,mean,28,2,2023-01-03,2023-05-28,2023-01-19,2023-02-16,0.1709347309856881,0.08933277078886966
Local Kalman-OU,mean,28,2,2023-01-03,2023-05-28,2023-01-19,2023-02-16,0.1709347309856881,0.15491632703553154
Persistence,mean,28,2,2023-01-03,2023-05-28,2023-01-20,2023-02-17,0.173177491366099,0.0894234947414365
Local Kalman-OU,mean,28,2,2023-01-03,2023-05-28,2023-01-20,2023-02-17,0.173177491366099,0.15191300212735528
Persistence,mean,28,2,2023-01-03,2023-05-28,2023-01-21,2023-02-18,0.1772144109132241,0.08709602498236145
Local Kalman-OU,mean,28,2,2023-01-03,2023-05-28,2023-01-21,2023-02-18,0.1772144109132241,0.14860094453456707
Persistence,mean,28,2,2023-01-03,2023-05-28,2023-01-22,2023-02-19,0.1797946775138651,0.08956442529264622
Local Kalman-OU,mean,28,2,2023-01-03,2023-05-28,2023-01-22,2023-02-19,0.1797946775138651,0.14564698793608216
Persistence,mean,28,2,2023-01-03,2023-05-28,2023-01-23,2023-02-20,0.1854730201159898,0.09168878884599262
Local Kalman-OU,mean,28,2,2023-01-03,2023-05-28,2023-01-23,2023-02-20,0.1854730201159898,0.1430682401831063
Persistence,mean,28,2,2023-01-03,2023-05-28,2023-01-24,2023-02-21,0.1893787777121548,0.09713515947730808
Local Kalman-OU,mean,28,2,2023-01-03,2023-05-28,2023-01-24,2023-02-21,0.1893787777121548,0.1409497728475827
Persistence,mean,28,2,2023-01-03,2023-05-28,2023-01-25,2023-02-22,0.1914460965345308,0.10362311527666415
Local Kalman-OU,mean,28,2,2023-01-03,2023-05-28,2023-01-25,2023-02-22,0.1914460965345308,0.1396787598744054
Persistence,mean,28,2,2023-01-03,2023-05-28,2023-01-26,2023-02-23,0.1942371433384163,0.10783841826660379
Local Kalman-OU,mean,28,2,2023-01-03,2023-05-28,2023-01-26,2023-02-23,0.1942371433384163,0.1388027495353516
Persistence,mean,28,2,2023-01-03,2023-05-28,2023-01-27,2023-02-24,0.1990127370265422,0.1107605949713898
Local Kalman-OU,mean,28,2,2023-01-03,2023-05-28,2023-01-27,2023-02-24,0.1990127370265422,0.13817636310248824
Persistence,mean,28,2,2023-01-03,2023-05-28,2023-01-28,2023-02-25,0.2044298371385272,0.11350704438769905
Local Kalman-OU,mean,28,2,2023-01-03,2023-05-28,2023-01-28,2023-02-25,0.2044298371385272,0.1378387317790191
Persistence,mean,28,2,2023-01-03,2023-05-28,2023-01-29,2023-02-26,0.2148272730341335,0.11647464341120177
Local Kalman-OU,mean,28,2,2023-01-03,2023-05-28,2023-01-29,2023-02-26,0.2148272730341335,0.13776011817492617
Persistence,mean,28,2,2023-01-03,2023-05-28,2023-01-30,2023-02-27,0.2168971681216316,0.11780607670810953
Local Kalman-OU,mean,28,2,2023-01-03,2023-05-28,2023-01-30,2023-02-27,0.2168971681216316,0.13765539817170325
Persistence,mean,28,2,2023-01-03,2023-05-28,2023-01-31,2023-02-28,0.2159722952677766,0.1233928136144765
Local Kalman-OU,mean,28,2,2023-01-03,2023-05-28,2023-01-31,2023-02-28,0.2159722952677766,0.13850799248686746
Persistence,mean,28,2,2023-01-03,2023-05-28,2023-02-01,2023-03-01,0.2121516685989683,0.1253973695828701
Local Kalman-OU,mean,28,2,2023-01-03,2023-05-28,2023-02-01,2023-03-01,0.2121516685989683,0.13948768636007344
Persistence,mean,28,2,2023-01-03,2023-05-28,2023-02-02,2023-03-02,0.2104997360140151,0.12625975341123288
Local Kalman-OU,mean,28,2,2023-01-03,2023-05-28,2023-02-02,2023-03-02,0.2104997360140151,0.14047439150924668
Persistence,mean,28,2,2023-01-03,2023-05-28,2023-02-03,2023-03-03,0.2082040514940439,0.12710157132120906
Local Kalman-OU,mean,28,2,2023-01-03,2023-05-28,2023-02-03,2023-03-03,0.2082040514940439,0.14140357933339118
Persistence,mean,28,2,2023-01-03,2023-05-28,2023-02-04,2023-03-04,0.2069481567898155,0.1281238419664619
Local Kalman-OU,mean,28,2,2023-01-03,2023-05-28,2023-02-04,2023-03-04,0.2069481567898155,0.14234893791786865
Persistence,mean,28,2,2023-01-03,2023-05-28,2023-02-05,2023-03-05,0.2076813650287233,0.12826570733629353
Local Kalman-OU,mean,28,2,2023-01-03,2023-05-28,2023-02-05,2023-03-05,0.2076813650287233,0.14313619190839358
Persistence,mean,28,2,2023-01-03,2023-05-28,2023-02-06,2023-03-06,0.2078623230901161,0.12994488784933073
Local Kalman-OU,mean,28,2,2023-01-03,2023-05-28,2023-02-06,2023-03-06,0.2078623230901161,0.1437763890699917
Persistence,mean,28,2,2023-01-03,2023-05-28,2023-02-07,2023-03-07,0.2077348154484783,0.137900947961438
Local Kalman-OU,mean,28,2,2023-01-03,2023-05-28,2023-02-07,2023-03-07,0.2077348154484783,0.14531891803103233
Persistence,mean,28,2,2023-01-03,2023-05-28,2023-02-08,2023-03-08,0.2133368963791936,0.14042042319507123
Local Kalman-OU,mean,28,2,2023-01-03,2023-05-28,2023-02-08,2023-03-08,0.2133368963791936,0.14697056748346873
Persistence,mean,28,2,2023-01-03,2023-05-28,2023-02-09,2023-03-09,0.2127998980973717,0.14243525184823252
Local Kalman-OU,mean,28,2,2023-01-03,2023-05-28,2023-02-09,2023-03-09,0.2127998980973717,0.14872829388612813
Persistence,mean,28,2,2023-01-03,2023-05-28,2023-02-10,2023-03-10,0.2169883425870813,0.14374870051901895
Local Kalman-OU,mean,28,2,2023-01-03,2023-05-28,2023-02-10,2023-03-10,0.2169883425870813,0.15043621040179428
Persistence,mean,28,2,2023-01-03,2023-05-28,2023-02-11,2023-03-11,0.215215170033589,0.14688504609151143
Local Kalman-OU,mean,28,2,2023-01-03,2023-05-28,2023-02-11,2023-03-11,0.215215170033589,0.15226457929583526
Persistence,mean,28,2,2023-01-03,2023-05-28,2023-02-12,2023-03-12,0.2058382423762664,0.14982346574617986
Local Kalman-OU,mean,28,2,2023-01-03,2023-05-28,2023-02-12,2023-03-12,0.2058382423762664,0.15422114500032427
Persistence,mean,28,2,2023-01-03,2023-05-28,2023-02-13,2023-03-13,0.1993106439606515,0.15792497499478533
Local Kalman-OU,mean,28,2,2023-01-03,2023-05-28,2023-02-13,2023-03-13,0.1993106439606515,0.15713578280316876
Persistence,mean,28,2,2023-01-03,2023-05-28,2023-02-14,2023-03-14,0.1975855284583349,0.16477308104275276
Local Kalman-OU,mean,28,2,2023-01-03,2023-05-28,2023-02-14,2023-03-14,0.1975855284583349,0.16035377649460328
Persistence,mean,28,2,2023-01-03,2023-05-28,2023-02-15,2023-03-15,0.1990606570935392,0.16802038677162398
Local Kalman-OU,mean,28,2,2023-01-03,2023-05-28,2023-02-15,2023-03-15,0.1990606570935392,0.16393025267840486
Persistence,mean,28,2,2023-01-03,2023-05-28,2023-02-16,2023-03-16,0.2000091946509094,0.17093473098568812
Local Kalman-OU,mean,28,2,2023-01-03,2023-05-28,2023-02-16,2023-03-16,0.2000091946509094,0.1676759084178973
Persistence,mean,28,2,2023-01-03,2023-05-28,2023-02-17,2023-03-17,0.2025320011179665,0.17317749136609906
Local Kalman-OU,mean,28,2,2023-01-03,2023-05-28,2023-02-17,2023-03-17,0.2025320011179665,0.1714582817310103
Persistence,mean,28,2,2023-01-03,2023-05-28,2023-02-18,2023-03-18,0.2037812658531237,0.17721441091322412
Local Kalman-OU,mean,28,2,2023-01-03,2023-05-28,2023-02-18,2023-03-18,0.2037812658531237,0.17555775730168677
Persistence,mean,28,2,2023-01-03,2023-05-28,2023-02-19,2023-03-19,0.2048802431580118,0.1797946775138651
Local Kalman-OU,mean,28,2,2023-01-03,2023-05-28,2023-02-19,2023-03-19,0.2048802431580118,0.17972176152640487
Persistence,mean,28,2,2023-01-03,2023-05-28,2023-02-20,2023-03-20,0.2050100742044256,0.1854730201159898
Local Kalman-OU,mean,28,2,2023-01-03,2023-05-28,2023-02-20,2023-03-20,0.2050100742044256,0.18459141856407074
Persistence,mean,28,2,2023-01-03,2023-05-28,2023-02-21,2023-03-21,0.20515605661319,0.18937877771215486
Local Kalman-OU,mean,28,2,2023-01-03,2023-05-28,2023-02-21,2023-03-21,0.20515605661319,0.1897679743244173
Persistence,mean,28,2,2023-01-03,2023-05-28,2023-02-22,2023-03-22,0.1996393680149394,0.1914460965345308
Local Kalman-OU,mean,28,2,2023-01-03,2023-05-28,2023-02-22,2023-03-22,0.1996393680149394,0.19494890517049326
Persistence,mean,28,2,2023-01-03,2023-05-28,2023-02-23,2023-03-23,0.1996084852361575,0.19423714333841638
Local Kalman-OU,mean,28,2,2023-01-03,2023-05-28,2023-02-23,2023-03-23,0.1996084852361575,0.20015057889076904
Persistence,mean,28,2,2023-01-03,2023-05-28,2023-02-24,2023-03-24,0.1925372653331389,0.19901273702654224
Local Kalman-OU,mean,28,2,2023-01-03,2023-05-28,2023-02-24,2023-03-24,0.1925372653331389,0.2057919201192475
Persistence,mean,28,2,2023-01-03,2023-05-28,2023-02-25,2023-03-25,0.1911493154612564,0.20442983713852722
Local Kalman-OU,mean,28,2,2023-01-03,2023-05-28,2023-02-25,2023-03-25,0.1911493154612564,0.211858544585866
Persistence,mean,28,2,2023-01-03,2023-05-28,2023-02-26,2023-03-26,0.1912612418765003,0.2148272730341335
Local Kalman-OU,mean,28,2,2023-01-03,2023-05-28,2023-02-26,2023-03-26,0.1912612418765003,0.2196544242082572
Persistence,mean,28,2,2023-01-03,2023-05-28,2023-02-27,2023-03-27,0.1942429846533198,0.2168971681216316
Local Kalman-OU,mean,28,2,2023-01-03,2023-05-28,2023-02-27,2023-03-27,0.1942429846533198,0.2273511418338623
Persistence,mean,28,2,2023-01-03,2023-05-28,2023-02-28,2023-03-28,0.1980095067264458,0.21597229526777664
Local Kalman-OU,mean,28,2,2023-01-03,2023-05-28,2023-02-28,2023-03-28,0.1980095067264458,0.23513493800835403
Persistence,mean,28,2,2023-01-03,2023-05-28,2023-03-01,2023-03-29,0.1993849196174201,0.21215166859896836
Local Kalman-OU,mean,28,2,2023-01-03,2023-05-28,2023-03-01,2023-03-29,0.1993849196174201,0.2419387629498091
Persistence,mean,28,2,2023-01-03,2023-05-28,2023-03-02,2023-03-30,0.2006254415799821,0.21049973601401512
Local Kalman-OU,mean,28,2,2023-01-03,2023-05-28,2023-03-02,2023-03-30,0.2006254415799821,0.24883990145418702
Persistence,mean,28,2,2023-01-03,2023-05-28,2023-03-03,2023-03-31,0.2001610459489178,0.2082040514940439
Local Kalman-OU,mean,28,2,2023-01-03,2023-05-28,2023-03-03,2023-03-31,0.2001610459489178,0.2554308642373484
Persistence,mean,28,2,2023-01-03,2023-05-28,2023-03-04,2023-04-01,0.2035117491109951,0.20694815678981554
Local Kalman-OU,mean,28,2,2023-01-03,2023-05-28,2023-03-04,2023-04-01,0.2035117491109951,0.2619941002759407
Persistence,mean,28,2,2023-01-03,2023-05-28,2023-03-05,2023-04-02,0.2021482604243563,0.20768136502872334
Local Kalman-OU,mean,28,2,2023-01-03,2023-05-28,2023-03-05,2023-04-02,0.2021482604243563,0.268633857912888
Persistence,mean,28,2,2023-01-03,2023-05-28,2023-03-06,2023-04-03,0.1991425083118616,0.20786232309011618
Local Kalman-OU,mean,28,2,2023-01-03,2023-05-28,2023-03-06,2023-04-03,0.1991425083118616,0.27512558587601693
Persistence,mean,28,2,2023-01-03,2023-05-28,2023-03-07,2023-04-04,0.1965323393654796,0.20773481544847833
Local Kalman-OU,mean,28,2,2023-01-03,2023-05-28,2023-03-07,2023-04-04,0.1965323393654796,0.28125294009025914
Persistence,mean,28,2,2023-01-03,2023-05-28,2023-03-08,2023-04-05,0.1948052179287985,0.21333689637919365
Local Kalman-OU,mean,28,2,2023-01-03,2023-05-28,2023-03-08,2023-04-05,0.1948052179287985,0.2872911229151839
Persistence,mean,28,2,2023-01-03,2023-05-28,2023-03-09,2023-04-06,0.1928996256175208,0.21279989809737174
Local Kalman-OU,mean,28,2,2023-01-03,2023-05-28,2023-03-09,2023-04-06,0.1928996256175208,0.2926759573416379
Persistence,mean,28,2,2023-01-03,2023-05-28,2023-03-10,2023-04-07,0.190665503767374,0.21698834258708136
Local Kalman-OU,mean,28,2,2023-01-03,2023-05-28,2023-03-10,2023-04-07,0.190665503767374,0.29810037004350487
Persistence,mean,28,2,2023-01-03,2023-05-28,2023-03-11,2023-04-08,0.1924072097149573,0.215215170033589
Local Kalman-OU,mean,28,2,2023-01-03,2023-05-28,2023-03-11,2023-04-08,0.1924072097149573,0.302817257318566
Persistence,mean,28,2,2023-01-03,2023-05-28,2023-03-12,2023-04-09,0.194026729443456,0.20583824237626644
Local Kalman-OU,mean,28,2,2023-01-03,2023-05-28,2023-03-12,2023-04-09,0.194026729443456,0.30588992590952563
Persistence,mean,28,2,2023-01-03,2023-05-28,2023-03-13,2023-04-10,0.1889120092655368,0.19931064396065154
Local Kalman-OU,mean,28,2,2023-01-03,2023-05-28,2023-03-13,2023-04-10,0.1889120092655368,0.30778872637730104
Persistence,mean,28,2,2023-01-03,2023-05-28,2023-03-14,2023-04-11,0.1835469660666913,0.1975855284583349
Local Kalman-OU,mean,28,2,2023-01-03,2023-05-28,2023-03-14,2023-04-11,0.1835469660666913,0.3068523830623606
Persistence,mean,28,2,2023-01-03,2023-05-28,2023-03-15,2023-04-12,0.1783861273351232,0.1990606570935392
Local Kalman-OU,mean,28,2,2023-01-03,2023-05-28,2023-03-15,2023-04-12,0.1783861273351232,0.30529546520039197
Persistence,mean,28,2,2023-01-03,2023-05-28,2023-03-16,2023-04-13,0.1747025223307695,0.20000919465090947
Local Kalman-OU,mean,28,2,2023-01-03,2023-05-28,2023-03-16,2023-04-13,0.1747025223307695,0.3033035772271406
Persistence,mean,28,2,2023-01-03,2023-05-28,2023-03-17,2023-04-14,0.173769788189239,0.2025320011179665
Local Kalman-OU,mean,28,2,2023-01-03,2023-05-28,2023-03-17,2023-04-14,0.173769788189239,0.30120611279799286
Persistence,mean,28,2,2023-01-03,2023-05-28,2023-03-18,2023-04-15,0.1665119927747873,0.20378126585312376
Local Kalman-OU,mean,28,2,2023-01-03,2023-05-28,2023-03-18,2023-04-15,0.1665119927747873,0.298622267041833
Persistence,mean,28,2,2023-01-03,2023-05-28,2023-03-19,2023-04-16,0.1644357413905339,0.20488024315801187
Local Kalman-OU,mean,28,2,2023-01-03,2023-05-28,2023-03-19,2023-04-16,0.1644357413905339,0.2959530671089291
Persistence,mean,28,2,2023-01-03,2023-05-28,2023-03-20,2023-04-17,0.161421260639573,0.20501007420442569
Local Kalman-OU,mean,28,2,2023-01-03,2023-05-28,2023-03-20,2023-04-17,0.161421260639573,0.2930574777556721
Persistence,mean,28,2,2023-01-03,2023-05-28,2023-03-21,2023-04-18,0.1548281777829243,0.20515605661319003
Local Kalman-OU,mean,28,2,2023-01-03,2023-05-28,2023-03-21,2023-04-18,0.1548281777829243,0.29024309795530756
Persistence,mean,28,2,2023-01-03,2023-05-28,2023-03-22,2023-04-19,0.1484755790711171,0.19963936801493945
Local Kalman-OU,mean,28,2,2023-01-03,2023-05-28,2023-03-22,2023-04-19,0.1484755790711171,0.28684703886233753
Persistence,mean,28,2,2023-01-03,2023-05-28,2023-03-23,2023-04-20,0.1446082520627431,0.1996084852361575
Local Kalman-OU,mean,28,2,2023-01-03,2023-05-28,2023-03-23,2023-04-20,0.1446082520627431,0.2835078033655335
Persistence,mean,28,2,2023-01-03,2023-05-28,2023-03-24,2023-04-21,0.1425917962976612,0.19253726533313897
Local Kalman-OU,mean,28,2,2023-01-03,2023-05-28,2023-03-24,2023-04-21,0.1425917962976612,0.2789831747757343
Persistence,mean,28,2,2023-01-03,2023-05-28,2023-03-25,2023-04-22,0.1389443786113612,0.1911493154612564
Local Kalman-OU,mean,28,2,2023-01-03,2023-05-28,2023-03-25,2023-04-22,0.1389443786113612,0.2743426232346152
Persistence,mean,28,2,2023-01-03,2023-05-28,2023-03-26,2023-04-23,0.1357809938594377,0.19126124187650034
Local Kalman-OU,mean,28,2,2023-01-03,2023-05-28,2023-03-26,2023-04-23,0.1357809938594377,0.2697555055010604
Persistence,mean,28,2,2023-01-03,2023-05-28,2023-03-27,2023-04-24,0.1338884090041588,0.19424298465331985
Local Kalman-OU,mean,28,2,2023-01-03,2023-05-28,2023-03-27,2023-04-24,0.1338884090041588,0.265640052012374
Persistence,mean,28,2,2023-01-03,2023-05-28,2023-03-28,2023-04-25,0.1280775575684503,0.1980095067264458
Local Kalman-OU,mean,28,2,2023-01-03,2023-05-28,2023-03-28,2023-04-25,0.1280775575684503,0.262163774569484
Persistence,mean,28,2,2023-01-03,2023-05-28,2023-03-29,2023-04-26,0.1273915227921279,0.19938491961742016
Local Kalman-OU,mean,28,2,2023-01-03,2023-05-28,2023-03-29,2023-04-26,0.1273915227921279,0.2586599749437968
Persistence,mean,28,2,2023-01-03,2023-05-28,2023-03-30,2023-04-27,0.1269871034131445,0.20062544157998213
Local Kalman-OU,mean,28,2,2023-01-03,2023-05-28,2023-03-30,2023-04-27,0.1269871034131445,0.255114413781048
Persistence,mean,28,2,2023-01-03,2023-05-28,2023-03-31,2023-04-28,0.1256518557462385,0.20016104594891784
Local Kalman-OU,mean,28,2,2023-01-03,2023-05-28,2023-03-31,2023-04-28,0.1256518557462385,0.25127009671429723
Persistence,mean,28,2,2023-01-03,2023-05-28,2023-04-01,2023-04-29,0.1240141554865668,0.20351174911099515
Local Kalman-OU,mean,28,2,2023-01-03,2023-05-28,2023-04-01,2023-04-29,0.1240141554865668,0.2477546611142567
Persistence,mean,28,2,2023-01-03,2023-05-28,2023-04-02,2023-04-30,0.1224140220995202,0.20214826042435632
Local Kalman-OU,mean,28,2,2023-01-03,2023-05-28,2023-04-02,2023-04-30,0.1224140220995202,0.24371021656127592
Persistence,mean,28,2,2023-01-03,2023-05-28,2023-04-03,2023-05-01,0.1224802339140271,0.19914250831186162
Local Kalman-OU,mean,28,2,2023-01-03,2023-05-28,2023-04-03,2023-05-01,0.1224802339140271,0.23920946815685287
Persistence,mean,28,2,2023-01-03,2023-05-28,2023-04-04,2023-05-02,0.1196830146112876,0.19653233936547965
Local Kalman-OU,mean,28,2,2023-01-03,2023-05-28,2023-04-04,2023-05-02,0.1196830146112876,0.23479032080797133
Persistence,mean,28,2,2023-01-03,2023-05-28,2023-04-05,2023-05-03,0.1192024739139915,0.19480521792879854
Local Kalman-OU,mean,28,2,2023-01-03,2023-05-28,2023-04-05,2023-05-03,0.1192024739139915,0.23018004950458332
Persistence,mean,28,2,2023-01-03,2023-05-28,2023-04-06,2023-05-04,0.1286931481019562,0.1928996256175208
Local Kalman-OU,mean,28,2,2023-01-03,2023-05-28,2023-04-06,2023-05-04,0.1286931481019562,0.2253108378972757
Persistence,mean,28,2,2023-01-03,2023-05-28,2023-04-07,2023-05-05,0.1272786149309375,0.19066550376737407
Local Kalman-OU,mean,28,2,2023-01-03,2023-05-28,2023-04-07,2023-05-05,0.1272786149309375,0.22011099830505873
Persistence,mean,28,2,2023-01-03,2023-05-28,2023-04-08,2023-05-06,0.1241053538790521,0.19240720971495734
Local Kalman-OU,mean,28,2,2023-01-03,2023-05-28,2023-04-08,2023-05-06,0.1241053538790521,0.2152414798449525
Persistence,mean,28,2,2023-01-03,2023-05-28,2023-04-09,2023-05-07,0.1223808632405713,0.19402672944345603
Local Kalman-OU,mean,28,2,2023-01-03,2023-05-28,2023-04-09,2023-05-07,0.1223808632405713,0.21063810332792532
Persistence,mean,28,2,2023-01-03,2023-05-28,2023-04-10,2023-05-08,0.1197423437104223,0.18891200926553683
Local Kalman-OU,mean,28,2,2023-01-03,2023-05-28,2023-04-10,2023-05-08,0.1197423437104223,0.20594894713482634
Persistence,mean,28,2,2023-01-03,2023-05-28,2023-04-11,2023-05-09,0.1190908569537292,0.1835469660666913
Local Kalman-OU,mean,28,2,2023-01-03,2023-05-28,2023-04-11,2023-05-09,0.1190908569537292,0.20110216950620946
Persistence,mean,28,2,2023-01-03,2023-05-28,2023-04-12,2023-05-10,0.1185085756327873,0.17838612733512324
Local Kalman-OU,mean,28,2,2023-01-03,2023-05-28,2023-04-12,2023-05-10,0.1185085756327873,0.19584635727527527
Persistence,mean,28,2,2023-01-03,2023-05-28,2023-04-13,2023-05-11,0.1167271467110576,0.17470252233076958
Local Kalman-OU,mean,28,2,2023-01-03,2023-05-28,2023-04-13,2023-05-11,0.1167271467110576,0.1903640843942769
Persistence,mean,28,2,2023-01-03,2023-05-28,2023-04-14,2023-05-12,0.1128729479342582,0.17376978818923902
Local Kalman-OU,mean,28,2,2023-01-03,2023-05-28,2023-04-14,2023-05-12,0.1128729479342582,0.18495592971976085
Persistence,mean,28,2,2023-01-03,2023-05-28,2023-04-15,2023-05-13,0.1137022798164215,0.16651199277478737
Local Kalman-OU,mean,28,2,2023-01-03,2023-05-28,2023-04-15,2023-05-13,0.1137022798164215,0.17902269047778477
Persistence,mean,28,2,2023-01-03,2023-05-28,2023-04-16,2023-05-14,0.1076914692549379,0.16443574139053396
Local Kalman-OU,mean,28,2,2023-01-03,2023-05-28,2023-04-16,2023-05-14,0.1076914692549379,0.17310931360036338
Persistence,mean,28,2,2023-01-03,2023-05-28,2023-04-17,2023-05-15,0.1000652268848204,0.16142126063957302
Local Kalman-OU,mean,28,2,2023-01-03,2023-05-28,2023-04-17,2023-05-15,0.1000652268848204,0.1673983468986989
Persistence,mean,28,2,2023-01-03,2023-05-28,2023-04-18,2023-05-16,0.0905866672767699,0.15482817778292438
Local Kalman-OU,mean,28,2,2023-01-03,2023-05-28,2023-04-18,2023-05-16,0.0905866672767699,0.1613255852710093
Persistence,mean,28,2,2023-01-03,2023-05-28,2023-04-19,2023-05-17,0.0875531359718868,0.1484755790711171
Local Kalman-OU,mean,28,2,2023-01-03,2023-05-28,2023-04-19,2023-05-17,0.0875531359718868,0.15479430601376173
Persistence,mean,28,2,2023-01-03,2023-05-28,2023-04-20,2023-05-18,0.0736988465866372,0.14460825206274316
Local Kalman-OU,mean,28,2,2023-01-03,2023-05-28,2023-04-20,2023-05-18,0.0736988465866372,0.14820544473558112
Persistence,mean,28,2,2023-01-03,2023-05-28,2023-04-21,2023-05-19,0.0723014308343572,0.1425917962976612
Local Kalman-OU,mean,28,2,2023-01-03,2023-05-28,2023-04-21,2023-05-19,0.0723014308343572,0.14198953022013772
Persistence,mean,28,2,2023-01-03,2023-05-28,2023-04-22,2023-05-20,0.0713169482830169,0.13894437861136122
Local Kalman-OU,mean,28,2,2023-01-03,2023-05-28,2023-04-22,2023-05-20,0.0713169482830169,0.13603088086967507
Persistence,mean,28,2,2023-01-03,2023-05-28,2023-04-23,2023-05-21,0.0694855744640337,0.13578099385943776
Local Kalman-OU,mean,28,2,2023-01-03,2023-05-28,2023-04-23,2023-05-21,0.0694855744640337,0.13087229119285887
Persistence,mean,28,2,2023-01-03,2023-05-28,2023-04-24,2023-05-22,0.0675707312000674,0.13388840900415885
Local Kalman-OU,mean,28,2,2023-01-03,2023-05-28,2023-04-24,2023-05-22,0.0675707312000674,0.12596885333339367
Persistence,mean,28,2,2023-01-03,2023-05-28,2023-04-25,2023-05-23,0.0591756938671026,0.12807755756845032
Local Kalman-OU,mean,28,2,2023-01-03,2023-05-28,2023-04-25,2023-05-23,0.0591756938671026,0.12058451588564305
Persistence,mean,28,2,2023-01-03,2023-05-28,2023-04-26,2023-05-24,0.0520958984908228,0.12739152279212795
Local Kalman-OU,mean,28,2,2023-01-03,2023-05-28,2023-04-26,2023-05-24,0.0520958984908228,0.1151065502904609
Persistence,mean,28,2,2023-01-03,2023-05-28,2023-04-27,2023-05-25,0.047670919141119,0.1269871034131445
Local Kalman-OU,mean,28,2,2023-01-03,2023-05-28,2023-04-27,2023-05-25,0.047670919141119,0.10975262030403025
Persistence,mean,28,2,2023-01-03,2023-05-28,2023-04-28,2023-05-26,0.0465812555635094,0.12565185574623855
Local Kalman-OU,mean,28,2,2023-01-03,2023-05-28,2023-04-28,2023-05-26,0.0465812555635094,0.10434577762124345
Persistence,mean,28,2,2023-01-03,2023-05-28,2023-04-29,2023-05-27,0.0444713520601366,0.12401415548656683
Local Kalman-OU,mean,28,2,2023-01-03,2023-05-28,2023-04-29,2023-05-27,0.0444713520601366,0.09893953584230972
Persistence,mean,28,2,2023-01-03,2023-05-28,2023-04-30,2023-05-28,0.0440743239205037,0.12241402209952021
Local Kalman-OU,mean,28,2,2023-01-03,2023-05-28,2023-04-30,2023-05-28,0.0440743239205037,0.09371854783861108
Persistence,variance,14,2,2023-01-03,2023-05-28,2022-12-21,2023-01-04,0.0141082188873635,0.0009897637893324888
Local Kalman-OU,variance,14,2,2023-01-03,2023-05-28,2022-12-21,2023-01-04,0.0141082188873635,0.0006124939999426572
Persistence,variance,14,2,2023-01-03,2023-05-28,2022-12-22,2023-01-05,0.0139770940856343,0.0009624211538411541
Local Kalman-OU,variance,14,2,2023-01-03,2023-05-28,2022-12-22,2023-01-05,0.0139770940856343,0.0006556479498643225
Persistence,variance,14,2,2023-01-03,2023-05-28,2022-12-23,2023-01-06,0.0138563376484333,0.0008920378086458573
Local Kalman-OU,variance,14,2,2023-01-03,2023-05-28,2022-12-23,2023-01-06,0.0138563376484333,0.0007014521360665658
Persistence,variance,14,2,2023-01-03,2023-05-28,2022-12-24,2023-01-07,0.0135404259951623,0.0008459847937679105
Local Kalman-OU,variance,14,2,2023-01-03,2023-05-28,2022-12-24,2023-01-07,0.0135404259951623,0.0007529062235094424
Persistence,variance,14,2,2023-01-03,2023-05-28,2022-12-25,2023-01-08,0.0135841170632388,0.0007978091388337329
Local Kalman-OU,variance,14,2,2023-01-03,2023-05-28,2022-12-25,2023-01-08,0.0135841170632388,0.0008046705581916114
Persistence,variance,14,2,2023-01-03,2023-05-28,2022-12-26,2023-01-09,0.013587622833462,0.0007525415580339578
Local Kalman-OU,variance,14,2,2023-01-03,2023-05-28,2022-12-26,2023-01-09,0.013587622833462,0.0008547540854231922
Persistence,variance,14,2,2023-01-03,2023-05-28,2022-12-27,2023-01-10,0.0135873713792715,0.0009970423879062918
Local Kalman-OU,variance,14,2,2023-01-03,2023-05-28,2022-12-27,2023-01-10,0.0135873713792715,0.0008779160544574843
Persistence,variance,14,2,2023-01-03,2023-05-28,2022-12-28,2023-01-11,0.0140541985596579,0.0011447276626857814
Local Kalman-OU,variance,14,2,2023-01-03,2023-05-28,2022-12-28,2023-01-11,0.0140541985596579,0.0009134515476653525
Persistence,variance,14,2,2023-01-03,2023-05-28,2022-12-29,2023-01-12,0.0144171185903646,0.001144752591555574
Local Kalman-OU,variance,14,2,2023-01-03,2023-05-28,2022-12-29,2023-01-12,0.0144171185903646,0.0009498135390288946
Persistence,variance,14,2,2023-01-03,2023-05-28,2022-12-30,2023-01-13,0.0146648737583865,0.0010868442169381632
Local Kalman-OU,variance,14,2,2023-01-03,2023-05-28,2022-12-30,2023-01-13,0.0146648737583865,0.0009817794318927038
Persistence,variance,14,2,2023-01-03,2023-05-28,2022-12-31,2023-01-14,0.0148470892972137,0.001051634677836248
Local Kalman-OU,variance,14,2,2023-01-03,2023-05-28,2022-12-31,2023-01-14,0.0148470892972137,0.0010113791954466465
Persistence,variance,14,2,2023-01-03,2023-05-28,2023-01-01,2023-01-15,0.0149755361944887,0.0010206688022819867
Local Kalman-OU,variance,14,2,2023-01-03,2023-05-28,2023-01-01,2023-01-15,0.0149755361944887,0.0010389001877390712
Persistence,variance,14,2,2023-01-03,2023-05-28,2023-01-02,2023-01-16,0.0149984797636208,0.0010203977616972076
Local Kalman-OU,variance,14,2,2023-01-03,2023-05-28,2023-01-02,2023-01-16,0.0149984797636208,0.0010675922972003668
Persistence,variance,14,2,2023-01-03,2023-05-28,2023-01-03,2023-01-17,0.0020903708086573,0.01376160801554033
Local Kalman-OU,variance,14,2,2023-01-03,2023-05-28,2023-01-03,2023-01-17,0.0020903708086573,0.0022886211588447297
Persistence,variance,14,2,2023-01-03,2023-05-28,2023-01-04,2023-01-18,0.001361984394026,0.01410821888736354
Local Kalman-OU,variance,14,2,2023-01-03,2023-05-28,2023-01-04,2023-01-18,0.001361984394026,0.003506406386077843
Persistence,variance,14,2,2023-01-03,2023-05-28,2023-01-05,2023-01-19,0.0013239581445218,0.013977094085634316
Local Kalman-OU,variance,14,2,2023-01-03,2023-05-28,2023-01-05,2023-01-19,0.0013239581445218,0.004680120590070701
Persistence,variance,14,2,2023-01-03,2023-05-28,2023-01-06,2023-01-20,0.0013216976680049,0.013856337648433355
Local Kalman-OU,variance,14,2,2023-01-03,2023-05-28,2023-01-06,2023-01-20,0.0013216976680049,0.0058101602362028385
Persistence,variance,14,2,2023-01-03,2023-05-28,2023-01-07,2023-01-21,0.0012089057894027,0.013540425995162305
Local Kalman-OU,variance,14,2,2023-01-03,2023-05-28,2023-01-07,2023-01-21,0.0012089057894027,0.0068764603826743514
Persistence,variance,14,2,2023-01-03,2023-05-28,2023-01-08,2023-01-22,0.0012523368697202,0.01358411706323885
Local Kalman-OU,variance,14,2,2023-01-03,2023-05-28,2023-01-08,2023-01-22,0.0012523368697202,0.007912471700043115
Persistence,variance,14,2,2023-01-03,2023-05-28,2023-01-09,2023-01-23,0.0013399794196054,0.013587622833462059
Local Kalman-OU,variance,14,2,2023-01-03,2023-05-28,2023-01-09,2023-01-23,0.0013399794196054,0.008912666601379278
Persistence,variance,14,2,2023-01-03,2023-05-28,2023-01-10,2023-01-24,0.0020647682723503,0.013587371379271542
Local Kalman-OU,variance,14,2,2023-01-03,2023-05-28,2023-01-10,2023-01-24,0.0020647682723503,0.009880445697225576
Persistence,variance,14,2,2023-01-03,2023-05-28,2023-01-11,2023-01-25,0.0020439554176754,0.014054198559657952
Local Kalman-OU,variance,14,2,2023-01-03,2023-05-28,2023-01-11,2023-01-25,0.0020439554176754,0.010857495257863862
Persistence,variance,14,2,2023-01-03,2023-05-28,2023-01-12,2023-01-26,0.0016979308079574,0.01441711859036465
Local Kalman-OU,variance,14,2,2023-01-03,2023-05-28,2023-01-12,2023-01-26,0.0016979308079574,0.011832813088168536
Persistence,variance,14,2,2023-01-03,2023-05-28,2023-01-13,2023-01-27,0.0014250694486787,0.014664873758386522
Local Kalman-OU,variance,14,2,2023-01-03,2023-05-28,2023-01-13,2023-01-27,0.0014250694486787,0.01279380747968425
Persistence,variance,14,2,2023-01-03,2023-05-28,2023-01-14,2023-01-28,0.0011953841768856,0.014847089297213723
Local Kalman-OU,variance,14,2,2023-01-03,2023-05-28,2023-01-14,2023-01-28,0.0011953841768856,0.013732663848522533
Persistence,variance,14,2,2023-01-03,2023-05-28,2023-01-15,2023-01-29,0.0010689359961598,0.01497553619448874
Local Kalman-OU,variance,14,2,2023-01-03,2023-05-28,2023-01-15,2023-01-29,0.0010689359961598,0.01464224133106012
Persistence,variance,14,2,2023-01-03,2023-05-28,2023-01-16,2023-01-30,0.0010471321364303,0.014998479763620811
Local Kalman-OU,variance,14,2,2023-01-03,2023-05-28,2023-01-16,2023-01-30,0.0010471321364303,0.01551207745948655
Persistence,variance,14,2,2023-01-03,2023-05-28,2023-01-17,2023-01-31,0.0019989325845159,0.00209037080865733
Local Kalman-OU,variance,14,2,2023-01-03,2023-05-28,2023-01-17,2023-01-31,0.0019989325845159,0.015097145469174275
Persistence,variance,14,2,2023-01-03,2023-05-28,2023-01-18,2023-02-01,0.0021098605951646,0.001361984394026094
Local Kalman-OU,variance,14,2,2023-01-03,2023-05-28,2023-01-18,2023-02-01,0.0021098605951646,0.01461183937893608
Persistence,variance,14,2,2023-01-03,2023-05-28,2023-01-19,2023-02-02,0.002057814012241,0.0013239581445218182
Local Kalman-OU,variance,14,2,2023-01-03,2023-05-28,2023-01-19,2023-02-02,0.002057814012241,0.014115113005201635
Persistence,variance,14,2,2023-01-03,2023-05-28,2023-01-20,2023-02-03,0.0019810401922403,0.0013216976680049258
Local Kalman-OU,variance,14,2,2023-01-03,2023-05-28,2023-01-20,2023-02-03,0.0019810401922403,0.013611984057557432
Persistence,variance,14,2,2023-01-03,2023-05-28,2023-01-21,2023-02-04,0.0019238161167338,0.0012089057894027844
Local Kalman-OU,variance,14,2,2023-01-03,2023-05-28,2023-01-21,2023-02-04,0.0019238161167338,0.013093023072400909
Persistence,variance,14,2,2023-01-03,2023-05-28,2023-01-22,2023-02-05,0.0019197144337747,0.0012523368697202693
Local Kalman-OU,variance,14,2,2023-01-03,2023-05-28,2023-01-22,2023-02-05,0.0019197144337747,0.012574896165770231
Persistence,variance,14,2,2023-01-03,2023-05-28,2023-01-23,2023-02-06,0.0019461186589367,0.0013399794196054101
Local Kalman-OU,variance,14,2,2023-01-03,2023-05-28,2023-01-23,2023-02-06,0.0019461186589367,0.012065339327600743
Persistence,variance,14,2,2023-01-03,2023-05-28,2023-01-24,2023-02-07,0.00393548633873,0.00206476827235035
Local Kalman-OU,variance,14,2,2023-01-03,2023-05-28,2023-01-24,2023-02-07,0.00393548633873,0.011611795997519901
Persistence,variance,14,2,2023-01-03,2023-05-28,2023-01-25,2023-02-08,0.0040591092652399,0.0020439554176754234
Local Kalman-OU,variance,14,2,2023-01-03,2023-05-28,2023-01-25,2023-02-08,0.0040591092652399,0.011154560503921003
Persistence,variance,14,2,2023-01-03,2023-05-28,2023-01-26,2023-02-09,0.0039280597674067,0.001697930807957437
Local Kalman-OU,variance,14,2,2023-01-03,2023-05-28,2023-01-26,2023-02-09,0.0039280597674067,0.010659602635156442
Persistence,variance,14,2,2023-01-03,2023-05-28,2023-01-27,2023-02-10,0.0037936944323951,0.0014250694486787657
Local Kalman-OU,variance,14,2,2023-01-03,2023-05-28,2023-01-27,2023-02-10,0.0037936944323951,0.010134253754747028
Persistence,variance,14,2,2023-01-03,2023-05-28,2023-01-28,2023-02-11,0.0035854202665136,0.0011953841768856182
Local Kalman-OU,variance,14,2,2023-01-03,2023-05-28,2023-01-28,2023-02-11,0.0035854202665136,0.009582880648637116
Persistence,variance,14,2,2023-01-03,2023-05-28,2023-01-29,2023-02-12,0.0035107119506071,0.0010689359961598146
Local Kalman-OU,variance,14,2,2023-01-03,2023-05-28,2023-01-29,2023-02-12,0.0035107119506071,0.009017198013841097
Persistence,variance,14,2,2023-01-03,2023-05-28,2023-01-30,2023-02-13,0.003889250385014,0.0010471321364303725
Local Kalman-OU,variance,14,2,2023-01-03,2023-05-28,2023-01-30,2023-02-13,0.003889250385014,0.00844718610421921
Persistence,variance,14,2,2023-01-03,2023-05-28,2023-01-31,2023-02-14,0.0057387779981808,0.0019989325845159835
Local Kalman-OU,variance,14,2,2023-01-03,2023-05-28,2023-01-31,2023-02-14,0.0057387779981808,0.008007562274034532
Persistence,variance,14,2,2023-01-03,2023-05-28,2023-02-01,2023-02-15,0.005881837355311,0.0021098605951646
Local Kalman-OU,variance,14,2,2023-01-03,2023-05-28,2023-02-01,2023-02-15,0.005881837355311,0.007577427355875903
Persistence,variance,14,2,2023-01-03,2023-05-28,2023-02-02,2023-02-16,0.0055979109253871,0.0020578140122410105
Local Kalman-OU,variance,14,2,2023-01-03,2023-05-28,2023-02-02,2023-02-16,0.0055979109253871,0.007137253049045918
Persistence,variance,14,2,2023-01-03,2023-05-28,2023-02-03,2023-02-17,0.0052784839438533,0.0019810401922403216
Local Kalman-OU,variance,14,2,2023-01-03,2023-05-28,2023-02-03,2023-02-17,0.0052784839438533,0.006686569790126184
Persistence,variance,14,2,2023-01-03,2023-05-28,2023-02-04,2023-02-18,0.0049467000667631,0.0019238161167338748
Local Kalman-OU,variance,14,2,2023-01-03,2023-05-28,2023-02-04,2023-02-18,0.0049467000667631,0.006225176432506911
Persistence,variance,14,2,2023-01-03,2023-05-28,2023-02-05,2023-02-19,0.0046983993796417,0.0019197144337747363
Local Kalman-OU,variance,14,2,2023-01-03,2023-05-28,2023-02-05,2023-02-19,0.0046983993796417,0.0057608981041006
Persistence,variance,14,2,2023-01-03,2023-05-28,2023-02-06,2023-02-20,0.0047629111253543,0.001946118658936765
Local Kalman-OU,variance,14,2,2023-01-03,2023-05-28,2023-02-06,2023-02-20,0.0047629111253543,0.005296981408549545
Persistence,variance,14,2,2023-01-03,2023-05-28,2023-02-07,2023-02-21,0.005987939685225,0.003935486338730065
Local Kalman-OU,variance,14,2,2023-01-03,2023-05-28,2023-02-07,2023-02-21,0.005987939685225,0.005025276325710156
Persistence,variance,14,2,2023-01-03,2023-05-28,2023-02-08,2023-02-22,0.0060041335885492,0.0040591092652399385
Local Kalman-OU,variance,14,2,2023-01-03,2023-05-28,2023-02-08,2023-02-22,0.0060041335885492,0.004758355902815909
Persistence,variance,14,2,2023-01-03,2023-05-28,2023-02-09,2023-02-23,0.0057157568679018,0.00392805976740679
Local Kalman-OU,variance,14,2,2023-01-03,2023-05-28,2023-02-09,2023-02-23,0.0057157568679018,0.004468220559451652
Persistence,variance,14,2,2023-01-03,2023-05-28,2023-02-10,2023-02-24,0.005114999636304,0.003793694432395122
Local Kalman-OU,variance,14,2,2023-01-03,2023-05-28,2023-02-10,2023-02-24,0.005114999636304,0.004156418791252459
Persistence,variance,14,2,2023-01-03,2023-05-28,2023-02-11,2023-02-25,0.0047957513714922,0.0035854202665136824
Local Kalman-OU,variance,14,2,2023-01-03,2023-05-28,2023-02-11,2023-02-25,0.0047957513714922,0.0038178462132222356
Persistence,variance,14,2,2023-01-03,2023-05-28,2023-02-12,2023-02-26,0.0052497408152186,0.0035107119506071023
Local Kalman-OU,variance,14,2,2023-01-03,2023-05-28,2023-02-12,2023-02-26,0.0052497408152186,0.003464943811987008
Persistence,variance,14,2,2023-01-03,2023-05-28,2023-02-13,2023-02-27,0.0053875240005245,0.0038892503850140475
Local Kalman-OU,variance,14,2,2023-01-03,2023-05-28,2023-02-13,2023-02-27,0.0053875240005245,0.0031446394953147973
Persistence,variance,14,2,2023-01-03,2023-05-28,2023-02-14,2023-02-28,0.0051648731569177,0.005738777998180827
Local Kalman-OU,variance,14,2,2023-01-03,2023-05-28,2023-02-14,2023-02-28,0.0051648731569177,0.0029647669336525665
Persistence,variance,14,2,2023-01-03,2023-05-28,2023-02-15,2023-03-01,0.0054218207742886,0.005881837355311041
Local Kalman-OU,variance,14,2,2023-01-03,2023-05-28,2023-02-15,2023-03-01,0.0054218207742886,0.002803839826246609
Persistence,variance,14,2,2023-01-03,2023-05-28,2023-02-16,2023-03-02,0.0057002126468768,0.005597910925387146
Local Kalman-OU,variance,14,2,2023-01-03,2023-05-28,2023-02-16,2023-03-02,0.0057002126468768,0.002600094939187431
Persistence,variance,14,2,2023-01-03,2023-05-28,2023-02-17,2023-03-03,0.0062134201043794,0.005278483943853338
Local Kalman-OU,variance,14,2,2023-01-03,2023-05-28,2023-02-17,2023-03-03,0.0062134201043794,0.0023481458542534144
Persistence,variance,14,2,2023-01-03,2023-05-28,2023-02-18,2023-03-04,0.0063515684707936,0.004946700066763167
Local Kalman-OU,variance,14,2,2023-01-03,2023-05-28,2023-02-18,2023-03-04,0.0063515684707936,0.0020490469230619434
Persistence,variance,14,2,2023-01-03,2023-05-28,2023-02-19,2023-03-05,0.0062721426605788,0.004698399379641799
Local Kalman-OU,variance,14,2,2023-01-03,2023-05-28,2023-02-19,2023-03-05,0.0062721426605788,0.0017114780493075522
Persistence,variance,14,2,2023-01-03,2023-05-28,2023-02-20,2023-03-06,0.0062803867240203,0.004762911125354364
Local Kalman-OU,variance,14,2,2023-01-03,2023-05-28,2023-02-20,2023-03-06,0.0062803867240203,0.0013661777439206682
Persistence,variance,14,2,2023-01-03,2023-05-28,2023-02-21,2023-03-07,0.0062387259438642,0.005987939685225045
Local Kalman-OU,variance,14,2,2023-01-03,2023-05-28,2023-02-21,2023-03-07,0.0062387259438642,0.001142338801115303
Persistence,variance,14,2,2023-01-03,2023-05-28,2023-02-22,2023-03-08,0.0066875730138241,0.006004133588549204
Local Kalman-OU,variance,14,2,2023-01-03,2023-05-28,2023-02-22,2023-03-08,0.0066875730138241,0.000915197171495716
Persistence,variance,14,2,2023-01-03,2023-05-28,2023-02-23,2023-03-09,0.0067482019004228,0.0057157568679018535
Local Kalman-OU,variance,14,2,2023-01-03,2023-05-28,2023-02-23,2023-03-09,0.0067482019004228,0.0006466276044727327
Persistence,variance,14,2,2023-01-03,2023-05-28,2023-02-24,2023-03-10,0.0066225641407358,0.005114999636304052
Local Kalman-OU,variance,14,2,2023-01-03,2023-05-28,2023-02-24,2023-03-10,0.0066225641407358,0.0003038528931101577
Persistence,variance,14,2,2023-01-03,2023-05-28,2023-02-25,2023-03-11,0.0066845676019027,0.004795751371492218
Local Kalman-OU,variance,14,2,2023-01-03,2023-05-28,2023-02-25,2023-03-11,0.0066845676019027,0.0
Persistence,variance,14,2,2023-01-03,2023-05-28,2023-02-26,2023-03-12,0.0061490021170651,0.005249740815218631
Local Kalman-OU,variance,14,2,2023-01-03,2023-05-28,2023-02-26,2023-03-12,0.0061490021170651,0.0
Persistence,variance,14,2,2023-01-03,2023-05-28,2023-02-27,2023-03-13,0.0059663816043169,0.005387524000524584
Local Kalman-OU,variance,14,2,2023-01-03,2023-05-28,2023-02-27,2023-03-13,0.0059663816043169,0.0
Persistence,variance,14,2,2023-01-03,2023-05-28,2023-02-28,2023-03-14,0.0055531758981194,0.0051648731569177075
Local Kalman-OU,variance,14,2,2023-01-03,2023-05-28,2023-02-28,2023-03-14,0.0055531758981194,0.0
Persistence,variance,14,2,2023-01-03,2023-05-28,2023-03-01,2023-03-15,0.0054518102375447,0.005421820774288643
Local Kalman-OU,variance,14,2,2023-01-03,2023-05-28,2023-03-01,2023-03-15,0.0054518102375447,0.00010456931447506394
Persistence,variance,14,2,2023-01-03,2023-05-28,2023-03-02,2023-03-16,0.0053059873149789,0.005700212646876858
Local Kalman-OU,variance,14,2,2023-01-03,2023-05-28,2023-03-02,2023-03-16,0.0053059873149789,0.000632408752100836
Persistence,variance,14,2,2023-01-03,2023-05-28,2023-03-03,2023-03-17,0.004794556518478,0.006213420104379433
Local Kalman-OU,variance,14,2,2023-01-03,2023-05-28,2023-03-03,2023-03-17,0.004794556518478,0.0012253190702443885
Persistence,variance,14,2,2023-01-03,2023-05-28,2023-03-04,2023-03-18,0.0046689041484329,0.006351568470793623
Local Kalman-OU,variance,14,2,2023-01-03,2023-05-28,2023-03-04,2023-03-18,0.0046689041484329,0.0018332547864388525
Persistence,variance,14,2,2023-01-03,2023-05-28,2023-03-05,2023-03-19,0.0045872769601949,0.006272142660578841
Local Kalman-OU,variance,14,2,2023-01-03,2023-05-28,2023-03-05,2023-03-19,0.0045872769601949,0.0024567205236632386
Persistence,variance,14,2,2023-01-03,2023-05-28,2023-03-06,2023-03-20,0.0045945905840992,0.006280386724020392
Local Kalman-OU,variance,14,2,2023-01-03,2023-05-28,2023-03-06,2023-03-20,0.0045945905840992,0.003101938810713172
Persistence,variance,14,2,2023-01-03,2023-05-28,2023-03-07,2023-03-21,0.0046431821360749,0.006238725943864246
Local Kalman-OU,variance,14,2,2023-01-03,2023-05-28,2023-03-07,2023-03-21,0.0046431821360749,0.0037638754394812377
Persistence,variance,14,2,2023-01-03,2023-05-28,2023-03-08,2023-03-22,0.00409737612224,0.006687573013824126
Local Kalman-OU,variance,14,2,2023-01-03,2023-05-28,2023-03-08,2023-03-22,0.00409737612224,0.004519090130307693
Persistence,variance,14,2,2023-01-03,2023-05-28,2023-03-09,2023-03-23,0.0041002330230521,0.006748201900422893
Local Kalman-OU,variance,14,2,2023-01-03,2023-05-28,2023-03-09,2023-03-23,0.0041002330230521,0.005323872680457664
Persistence,variance,14,2,2023-01-03,2023-05-28,2023-03-10,2023-03-24,0.0043330288842706,0.006622564140735866
Local Kalman-OU,variance,14,2,2023-01-03,2023-05-28,2023-03-10,2023-03-24,0.0043330288842706,0.0061539703004643495
Persistence,variance,14,2,2023-01-03,2023-05-28,2023-03-11,2023-03-25,0.0043751927531558,0.0066845676019027436
Local Kalman-OU,variance,14,2,2023-01-03,2023-05-28,2023-03-11,2023-03-25,0.0043751927531558,0.007024302187213915
Persistence,variance,14,2,2023-01-03,2023-05-28,2023-03-12,2023-03-26,0.0043706085731785,0.006149002117065159
Local Kalman-OU,variance,14,2,2023-01-03,2023-05-28,2023-03-12,2023-03-26,0.0043706085731785,0.007874536867791885
Persistence,variance,14,2,2023-01-03,2023-05-28,2023-03-13,2023-03-27,0.0043577032082431,0.005966381604316955
Local Kalman-OU,variance,14,2,2023-01-03,2023-05-28,2023-03-13,2023-03-27,0.0043577032082431,0.00873374751515311
Persistence,variance,14,2,2023-01-03,2023-05-28,2023-03-14,2023-03-28,0.0053946362226639,0.005553175898119443
Local Kalman-OU,variance,14,2,2023-01-03,2023-05-28,2023-03-14,2023-03-28,0.0053946362226639,0.008765923895164382
Persistence,variance,14,2,2023-01-03,2023-05-28,2023-03-15,2023-03-29,0.0053581260368185,0.005451810237544732
Local Kalman-OU,variance,14,2,2023-01-03,2023-05-28,2023-03-15,2023-03-29,0.0053581260368185,0.008732681284659496
Persistence,variance,14,2,2023-01-03,2023-05-28,2023-03-16,2023-03-30,0.0052071011114128,0.00530598731497899
Local Kalman-OU,variance,14,2,2023-01-03,2023-05-28,2023-03-16,2023-03-30,0.0052071011114128,0.008671462897645883
Persistence,variance,14,2,2023-01-03,2023-05-28,2023-03-17,2023-03-31,0.0052859549198273,0.00479455651847808
Local Kalman-OU,variance,14,2,2023-01-03,2023-05-28,2023-03-17,2023-03-31,0.0052859549198273,0.008549778418234677
Persistence,variance,14,2,2023-01-03,2023-05-28,2023-03-18,2023-04-01,0.0051908481868965,0.0046689041484329254
Local Kalman-OU,variance,14,2,2023-01-03,2023-05-28,2023-03-18,2023-04-01,0.0051908481868965,0.008399092653285886
Persistence,variance,14,2,2023-01-03,2023-05-28,2023-03-19,2023-04-02,0.0052931524122088,0.004587276960194912
Local Kalman-OU,variance,14,2,2023-01-03,2023-05-28,2023-03-19,2023-04-02,0.0052931524122088,0.008233502560046528
Persistence,variance,14,2,2023-01-03,2023-05-28,2023-03-20,2023-04-03,0.0052263259210556,0.004594590584099251
Local Kalman-OU,variance,14,2,2023-01-03,2023-05-28,2023-03-20,2023-04-03,0.0052263259210556,0.008064673912705343
Persistence,variance,14,2,2023-01-03,2023-05-28,2023-03-21,2023-04-04,0.0044137474373515,0.0046431821360749465
Local Kalman-OU,variance,14,2,2023-01-03,2023-05-28,2023-03-21,2023-04-04,0.0044137474373515,0.007936923612330933
Persistence,variance,14,2,2023-01-03,2023-05-28,2023-03-22,2023-04-05,0.0044064659384464,0.004097376122240011
Local Kalman-OU,variance,14,2,2023-01-03,2023-05-28,2023-03-22,2023-04-05,0.0044064659384464,0.007748224839274978
Persistence,variance,14,2,2023-01-03,2023-05-28,2023-03-23,2023-04-06,0.0046146958147279,0.004100233023052159
Local Kalman-OU,variance,14,2,2023-01-03,2023-05-28,2023-03-23,2023-04-06,0.0046146958147279,0.007532180076218644
Persistence,variance,14,2,2023-01-03,2023-05-28,2023-03-24,2023-04-07,0.0049810400808238,0.0043330288842706385
Local Kalman-OU,variance,14,2,2023-01-03,2023-05-28,2023-03-24,2023-04-07,0.0049810400808238,0.007314451028190142
Persistence,variance,14,2,2023-01-03,2023-05-28,2023-03-25,2023-04-08,0.0053501180701735,0.004375192753155864
Local Kalman-OU,variance,14,2,2023-01-03,2023-05-28,2023-03-25,2023-04-08,0.0053501180701735,0.007078047990522345
Persistence,variance,14,2,2023-01-03,2023-05-28,2023-03-26,2023-04-09,0.0057992957413206,0.004370608573178553
Local Kalman-OU,variance,14,2,2023-01-03,2023-05-28,2023-03-26,2023-04-09,0.0057992957413206,0.006824220935980162
Persistence,variance,14,2,2023-01-03,2023-05-28,2023-03-27,2023-04-10,0.0059169476870371,0.004357703208243143
Local Kalman-OU,variance,14,2,2023-01-03,2023-05-28,2023-03-27,2023-04-10,0.0059169476870371,0.006558417706249407
Persistence,variance,14,2,2023-01-03,2023-05-28,2023-03-28,2023-04-11,0.0043730890436018,0.005394636222663901
Local Kalman-OU,variance,14,2,2023-01-03,2023-05-28,2023-03-28,2023-04-11,0.0043730890436018,0.006442579887739138
Persistence,variance,14,2,2023-01-03,2023-05-28,2023-03-29,2023-04-12,0.0045524710476137,0.005358126036818591
Local Kalman-OU,variance,14,2,2023-01-03,2023-05-28,2023-03-29,2023-04-12,0.0045524710476137,0.006320596677922072
Persistence,variance,14,2,2023-01-03,2023-05-28,2023-03-30,2023-04-13,0.0049260342348142,0.005207101111412857
Local Kalman-OU,variance,14,2,2023-01-03,2023-05-28,2023-03-30,2023-04-13,0.0049260342348142,0.006171643105844287
Persistence,variance,14,2,2023-01-03,2023-05-28,2023-03-31,2023-04-14,0.0050512415431764,0.005285954919827376
Local Kalman-OU,variance,14,2,2023-01-03,2023-05-28,2023-03-31,2023-04-14,0.0050512415431764,0.006016479689375192
Persistence,variance,14,2,2023-01-03,2023-05-28,2023-04-01,2023-04-15,0.0050761769143109,0.005190848186896512
Local Kalman-OU,variance,14,2,2023-01-03,2023-05-28,2023-04-01,2023-04-15,0.0050761769143109,0.005839219680991566
Persistence,variance,14,2,2023-01-03,2023-05-28,2023-04-02,2023-04-16,0.0051644291508809,0.0052931524122088475
Local Kalman-OU,variance,14,2,2023-01-03,2023-05-28,2023-04-02,2023-04-16,0.0051644291508809,0.005662241295590984
Persistence,variance,14,2,2023-01-03,2023-05-28,2023-04-03,2023-04-17,0.0051058135883208,0.005226325921055689
Local Kalman-OU,variance,14,2,2023-01-03,2023-05-28,2023-04-03,2023-04-17,0.0051058135883208,0.00547095051535373
Persistence,variance,14,2,2023-01-03,2023-05-28,2023-04-04,2023-04-18,0.0032872588661538,0.004413747437351598
Local Kalman-OU,variance,14,2,2023-01-03,2023-05-28,2023-04-04,2023-04-18,0.0032872588661538,0.005317761744149738
Persistence,variance,14,2,2023-01-03,2023-05-28,2023-04-05,2023-04-19,0.0033459031789576,0.004406465938446449
Local Kalman-OU,variance,14,2,2023-01-03,2023-05-28,2023-04-05,2023-04-19,0.0033459031789576,0.00517030492024387
Persistence,variance,14,2,2023-01-03,2023-05-28,2023-04-06,2023-04-20,0.0036831328247815,0.004614695814727953
Local Kalman-OU,variance,14,2,2023-01-03,2023-05-28,2023-04-06,2023-04-20,0.0036831328247815,0.005033570241744262
Persistence,variance,14,2,2023-01-03,2023-05-28,2023-04-07,2023-04-21,0.0039281306889822,0.004981040080823889
Local Kalman-OU,variance,14,2,2023-01-03,2023-05-28,2023-04-07,2023-04-21,0.0039281306889822,0.004921544024011731
Persistence,variance,14,2,2023-01-03,2023-05-28,2023-04-08,2023-04-22,0.0037737339900187,0.005350118070173534
Local Kalman-OU,variance,14,2,2023-01-03,2023-05-28,2023-04-08,2023-04-22,0.0037737339900187,0.004828412706606843
Persistence,variance,14,2,2023-01-03,2023-05-28,2023-04-09,2023-04-23,0.0036235448032591,0.005799295741320632
Local Kalman-OU,variance,14,2,2023-01-03,2023-05-28,2023-04-09,2023-04-23,0.0036235448032591,0.00476863019383791
Persistence,variance,14,2,2023-01-03,2023-05-28,2023-04-10,2023-04-24,0.0036147587200516,0.005916947687037184
Local Kalman-OU,variance,14,2,2023-01-03,2023-05-28,2023-04-10,2023-04-24,0.0036147587200516,0.004737477468755841
Persistence,variance,14,2,2023-01-03,2023-05-28,2023-04-11,2023-04-25,0.0021845736275248,0.004373089043601865
Local Kalman-OU,variance,14,2,2023-01-03,2023-05-28,2023-04-11,2023-04-25,0.0021845736275248,0.004669067635682056
Persistence,variance,14,2,2023-01-03,2023-05-28,2023-04-12,2023-04-26,0.0021823072033532,0.004552471047613717
Local Kalman-OU,variance,14,2,2023-01-03,2023-05-28,2023-04-12,2023-04-26,0.0021823072033532,0.00463073904319864
Persistence,variance,14,2,2023-01-03,2023-05-28,2023-04-13,2023-04-27,0.0022015211840759,0.004926034234814292
Local Kalman-OU,variance,14,2,2023-01-03,2023-05-28,2023-04-13,2023-04-27,0.0022015211840759,0.004614109211251347
Persistence,variance,14,2,2023-01-03,2023-05-28,2023-04-14,2023-04-28,0.0022836335141886,0.005051241543176424
Local Kalman-OU,variance,14,2,2023-01-03,2023-05-28,2023-04-14,2023-04-28,0.0022836335141886,0.0045912684544341395
Persistence,variance,14,2,2023-01-03,2023-05-28,2023-04-15,2023-04-29,0.0023234131488484,0.005076176914310933
Local Kalman-OU,variance,14,2,2023-01-03,2023-05-28,2023-04-15,2023-04-29,0.0023234131488484,0.0045505646473712556
Persistence,variance,14,2,2023-01-03,2023-05-28,2023-04-16,2023-04-30,0.002326447328988,0.005164429150880912
Local Kalman-OU,variance,14,2,2023-01-03,2023-05-28,2023-04-16,2023-04-30,0.002326447328988,0.004502314113680468
Persistence,variance,14,2,2023-01-03,2023-05-28,2023-04-17,2023-05-01,0.0023309780661241,0.005105813588320843
Local Kalman-OU,variance,14,2,2023-01-03,2023-05-28,2023-04-17,2023-05-01,0.0023309780661241,0.0044511858637680205
Persistence,variance,14,2,2023-01-03,2023-05-28,2023-04-18,2023-05-02,0.0017024424015982,0.0032872588661538847
Local Kalman-OU,variance,14,2,2023-01-03,2023-05-28,2023-04-18,2023-05-02,0.0017024424015982,0.004301910680695541
Persistence,variance,14,2,2023-01-03,2023-05-28,2023-04-19,2023-05-03,0.0017164164630458,0.0033459031789576724
Local Kalman-OU,variance,14,2,2023-01-03,2023-05-28,2023-04-19,2023-05-03,0.0017164164630458,0.00416693827169086
Persistence,variance,14,2,2023-01-03,2023-05-28,2023-04-20,2023-05-04,0.0022449985957085,0.00368313282478152
Local Kalman-OU,variance,14,2,2023-01-03,2023-05-28,2023-04-20,2023-05-04,0.0022449985957085,0.0040536707151940035
Persistence,variance,14,2,2023-01-03,2023-05-28,2023-04-21,2023-05-05,0.0024341170516002,0.003928130688982293
Local Kalman-OU,variance,14,2,2023-01-03,2023-05-28,2023-04-21,2023-05-05,0.0024341170516002,0.003931815709169714
Persistence,variance,14,2,2023-01-03,2023-05-28,2023-04-22,2023-05-06,0.0027945078415877,0.0037737339900187753
Local Kalman-OU,variance,14,2,2023-01-03,2023-05-28,2023-04-22,2023-05-06,0.0027945078415877,0.0037784177376630917
Persistence,variance,14,2,2023-01-03,2023-05-28,2023-04-23,2023-05-07,0.0029455216760229,0.0036235448032591574
Local Kalman-OU,variance,14,2,2023-01-03,2023-05-28,2023-04-23,2023-05-07,0.0029455216760229,0.003642116461938745
Persistence,variance,14,2,2023-01-03,2023-05-28,2023-04-24,2023-05-08,0.003035251408816,0.00361475872005167
Local Kalman-OU,variance,14,2,2023-01-03,2023-05-28,2023-04-24,2023-05-08,0.003035251408816,0.0035182643904561753
Persistence,variance,14,2,2023-01-03,2023-05-28,2023-04-25,2023-05-09,0.0029221512300719,0.002184573627524891
Local Kalman-OU,variance,14,2,2023-01-03,2023-05-28,2023-04-25,2023-05-09,0.0029221512300719,0.0032483126890684175
Persistence,variance,14,2,2023-01-03,2023-05-28,2023-04-26,2023-05-10,0.0029201565731909,0.00218230720335326
Local Kalman-OU,variance,14,2,2023-01-03,2023-05-28,2023-04-26,2023-05-10,0.0029201565731909,0.0030027821086633273
Persistence,variance,14,2,2023-01-03,2023-05-28,2023-04-27,2023-05-11,0.0030267759339044,0.002201521184075938
Local Kalman-OU,variance,14,2,2023-01-03,2023-05-28,2023-04-27,2023-05-11,0.0030267759339044,0.0027858178667235414
Persistence,variance,14,2,2023-01-03,2023-05-28,2023-04-28,2023-05-12,0.0034697226372409,0.002283633514188615
Local Kalman-OU,variance,14,2,2023-01-03,2023-05-28,2023-04-28,2023-05-12,0.0034697226372409,0.0026189752181383615
Persistence,variance,14,2,2023-01-03,2023-05-28,2023-04-29,2023-05-13,0.0037484346878876,0.0023234131488484846
Local Kalman-OU,variance,14,2,2023-01-03,2023-05-28,2023-04-29,2023-05-13,0.0037484346878876,0.0024757949619492203
Persistence,variance,14,2,2023-01-03,2023-05-28,2023-04-30,2023-05-14,0.004251586410145,0.0023264473289880726
Local Kalman-OU,variance,14,2,2023-01-03,2023-05-28,2023-04-30,2023-05-14,0.004251586410145,0.0023393291964910155
Persistence,variance,14,2,2023-01-03,2023-05-28,2023-05-01,2023-05-15,0.004231232803245,0.0023309780661241375
Local Kalman-OU,variance,14,2,2023-01-03,2023-05-28,2023-05-01,2023-05-15,0.004231232803245,0.0022150095431008763
Persistence,variance,14,2,2023-01-03,2023-05-28,2023-05-02,2023-05-16,0.0032271932945841,0.0017024424015982926
Local Kalman-OU,variance,14,2,2023-01-03,2023-05-28,2023-05-02,2023-05-16,0.0032271932945841,0.002039014481706035
Persistence,variance,14,2,2023-01-03,2023-05-28,2023-05-03,2023-05-17,0.003268011195866,0.0017164164630458381
Local Kalman-OU,variance,14,2,2023-01-03,2023-05-28,2023-05-03,2023-05-17,0.003268011195866,0.0019054983651609738
Persistence,variance,14,2,2023-01-03,2023-05-28,2023-05-04,2023-05-18,0.0019003479654947,0.0022449985957085482
Local Kalman-OU,variance,14,2,2023-01-03,2023-05-28,2023-05-04,2023-05-18,0.0019003479654947,0.001840574795226816
Persistence,variance,14,2,2023-01-03,2023-05-28,2023-05-05,2023-05-19,0.0019792890855835,0.002434117051600291
Local Kalman-OU,variance,14,2,2023-01-03,2023-05-28,2023-05-05,2023-05-19,0.0019792890855835,0.0017986414082032656
Persistence,variance,14,2,2023-01-03,2023-05-28,2023-05-06,2023-05-20,0.0020378595604303,0.0027945078415877525
Local Kalman-OU,variance,14,2,2023-01-03,2023-05-28,2023-05-06,2023-05-20,0.0020378595604303,0.001807043279322019
Persistence,variance,14,2,2023-01-03,2023-05-28,2023-05-07,2023-05-21,0.0020846462426385,0.002945521676022941
Local Kalman-OU,variance,14,2,2023-01-03,2023-05-28,2023-05-07,2023-05-21,0.0020846462426385,0.001807223058066916
Persistence,variance,14,2,2023-01-03,2023-05-28,2023-05-08,2023-05-22,0.0020604665173468,0.0030352514088160085
Local Kalman-OU,variance,14,2,2023-01-03,2023-05-28,2023-05-08,2023-05-22,0.0020604665173468,0.0018135891379771015
Persistence,variance,14,2,2023-01-03,2023-05-28,2023-05-09,2023-05-23,0.0006504957334531,0.0029221512300719506
Local Kalman-OU,variance,14,2,2023-01-03,2023-05-28,2023-05-09,2023-05-23,0.0006504957334531,0.001791400866839007
Persistence,variance,14,2,2023-01-03,2023-05-28,2023-05-10,2023-05-24,0.0004256219244893,0.0029201565731909887
Local Kalman-OU,variance,14,2,2023-01-03,2023-05-28,2023-05-10,2023-05-24,0.0004256219244893,0.0017700999204602321
Persistence,variance,14,2,2023-01-03,2023-05-28,2023-05-11,2023-05-25,0.0004379478899304,0.0030267759339044136
Local Kalman-OU,variance,14,2,2023-01-03,2023-05-28,2023-05-11,2023-05-25,0.0004379478899304,0.0017570164352794684
Persistence,variance,14,2,2023-01-03,2023-05-28,2023-05-12,2023-05-26,0.0004845684561698,0.003469722637240997
Local Kalman-OU,variance,14,2,2023-01-03,2023-05-28,2023-05-12,2023-05-26,0.0004845684561698,0.0017606476831655941
Persistence,variance,14,2,2023-01-03,2023-05-28,2023-05-13,2023-05-27,0.000509617658651,0.003748434687887697
Local Kalman-OU,variance,14,2,2023-01-03,2023-05-28,2023-05-13,2023-05-27,0.000509617658651,0.001786841172890867
Persistence,variance,14,2,2023-01-03,2023-05-28,2023-05-14,2023-05-28,0.0005216407194755,0.004251586410145018
Local Kalman-OU,variance,14,2,2023-01-03,2023-05-28,2023-05-14,2023-05-28,0.0005216407194755,0.001858738717237959
Persistence,variance,28,2,2023-01-03,2023-05-28,2022-12-07,2023-01-04,0.0141082188873635,0.0011259487952747884
Local Kalman-OU,variance,28,2,2023-01-03,2023-05-28,2022-12-07,2023-01-04,0.0141082188873635,0.0
Persistence,variance,28,2,2023-01-03,2023-05-28,2022-12-08,2023-01-05,0.0139770940856343,0.001090084898969921
Local Kalman-OU,variance,28,2,2023-01-03,2023-05-28,2022-12-08,2023-01-05,0.0139770940856343,0.0
Persistence,variance,28,2,2023-01-03,2023-05-28,2022-12-09,2023-01-06,0.0138563376484333,0.0010836715119488568
Local Kalman-OU,variance,28,2,2023-01-03,2023-05-28,2022-12-09,2023-01-06,0.0138563376484333,0.0
Persistence,variance,28,2,2023-01-03,2023-05-28,2022-12-10,2023-01-07,0.0135404259951623,0.0010411417278789305
Local Kalman-OU,variance,28,2,2023-01-03,2023-05-28,2022-12-10,2023-01-07,0.0135404259951623,0.0
Persistence,variance,28,2,2023-01-03,2023-05-28,2022-12-11,2023-01-08,0.0135841170632388,0.001041333207000048
Local Kalman-OU,variance,28,2,2023-01-03,2023-05-28,2022-12-11,2023-01-08,0.0135841170632388,0.0
Persistence,variance,28,2,2023-01-03,2023-05-28,2022-12-12,2023-01-09,0.013587622833462,0.0010464461299021645
Local Kalman-OU,variance,28,2,2023-01-03,2023-05-28,2022-12-12,2023-01-09,0.013587622833462,0.0
Persistence,variance,28,2,2023-01-03,2023-05-28,2022-12-13,2023-01-10,0.0135873713792715,0.0011108019294038094
Local Kalman-OU,variance,28,2,2023-01-03,2023-05-28,2022-12-13,2023-01-10,0.0135873713792715,0.0
Persistence,variance,28,2,2023-01-03,2023-05-28,2022-12-14,2023-01-11,0.0140541985596579,0.0011258242555002094
Local Kalman-OU,variance,28,2,2023-01-03,2023-05-28,2022-12-14,2023-01-11,0.0140541985596579,0.0
Persistence,variance,28,2,2023-01-03,2023-05-28,2022-12-15,2023-01-12,0.0144171185903646,0.0010888128532949523
Local Kalman-OU,variance,28,2,2023-01-03,2023-05-28,2022-12-15,2023-01-12,0.0144171185903646,0.0
Persistence,variance,28,2,2023-01-03,2023-05-28,2022-12-16,2023-01-13,0.0146648737583865,0.0010771973721320114
Local Kalman-OU,variance,28,2,2023-01-03,2023-05-28,2022-12-16,2023-01-13,0.0146648737583865,0.0
Persistence,variance,28,2,2023-01-03,2023-05-28,2022-12-17,2023-01-14,0.0148470892972137,0.0010915025301333897
Local Kalman-OU,variance,28,2,2023-01-03,2023-05-28,2022-12-17,2023-01-14,0.0148470892972137,7.453926804378268e-05
Persistence,variance,28,2,2023-01-03,2023-05-28,2022-12-18,2023-01-15,0.0149755361944887,0.0010900165598817784
Local Kalman-OU,variance,28,2,2023-01-03,2023-05-28,2022-12-18,2023-01-15,0.0149755361944887,0.00024674647345977415
Persistence,variance,28,2,2023-01-03,2023-05-28,2022-12-19,2023-01-16,0.0149984797636208,0.001140443764019963
Local Kalman-OU,variance,28,2,2023-01-03,2023-05-28,2022-12-19,2023-01-16,0.0149984797636208,0.00040419490100815554
Persistence,variance,28,2,2023-01-03,2023-05-28,2022-12-20,2023-01-17,0.0020903708086573,0.0006788371953249319
Local Kalman-OU,variance,28,2,2023-01-03,2023-05-28,2022-12-20,2023-01-17,0.0020903708086573,0.00043512507765291564
Persistence,variance,28,2,2023-01-03,2023-05-28,2022-12-21,2023-01-18,0.001361984394026,0.0009897637893324888
Local Kalman-OU,variance,28,2,2023-01-03,2023-05-28,2022-12-21,2023-01-18,0.001361984394026,0.0004857780815427546
Persistence,variance,28,2,2023-01-03,2023-05-28,2022-12-22,2023-01-19,0.0013239581445218,0.0009624211538411541
Local Kalman-OU,variance,28,2,2023-01-03,2023-05-28,2022-12-22,2023-01-19,0.0013239581445218,0.0005480076217821209
Persistence,variance,28,2,2023-01-03,2023-05-28,2022-12-23,2023-01-20,0.0013216976680049,0.0008920378086458573
Local Kalman-OU,variance,28,2,2023-01-03,2023-05-28,2022-12-23,2023-01-20,0.0013216976680049,0.0006149007780192692
Persistence,variance,28,2,2023-01-03,2023-05-28,2022-12-24,2023-01-21,0.0012089057894027,0.0008459847937679105
Local Kalman-OU,variance,28,2,2023-01-03,2023-05-28,2022-12-24,2023-01-21,0.0012089057894027,0.0006903359886752242
Persistence,variance,28,2,2023-01-03,2023-05-28,2022-12-25,2023-01-22,0.0012523368697202,0.0007978091388337329
Local Kalman-OU,variance,28,2,2023-01-03,2023-05-28,2022-12-25,2023-01-22,0.0012523368697202,0.0007666494209908879
Persistence,variance,28,2,2023-01-03,2023-05-28,2022-12-26,2023-01-23,0.0013399794196054,0.0007525415580339578
Local Kalman-OU,variance,28,2,2023-01-03,2023-05-28,2022-12-26,2023-01-23,0.0013399794196054,0.0008409228674426942
Persistence,variance,28,2,2023-01-03,2023-05-28,2022-12-27,2023-01-24,0.0020647682723503,0.0009970423879062918
Local Kalman-OU,variance,28,2,2023-01-03,2023-05-28,2022-12-27,2023-01-24,0.0020647682723503,0.0008725748906887169
Persistence,variance,28,2,2023-01-03,2023-05-28,2022-12-28,2023-01-25,0.0020439554176754,0.0011447276626857814
Local Kalman-OU,variance,28,2,2023-01-03,2023-05-28,2022-12-28,2023-01-25,0.0020439554176754,0.0009196838592857845
Persistence,variance,28,2,2023-01-03,2023-05-28,2022-12-29,2023-01-26,0.0016979308079574,0.001144752591555574
Local Kalman-OU,variance,28,2,2023-01-03,2023-05-28,2022-12-29,2023-01-26,0.0016979308079574,0.000967995475182525
Persistence,variance,28,2,2023-01-03,2023-05-28,2022-12-30,2023-01-27,0.0014250694486787,0.0010868442169381632
Local Kalman-OU,variance,28,2,2023-01-03,2023-05-28,2022-12-30,2023-01-27,0.0014250694486787,0.001010901586615574
Persistence,variance,28,2,2023-01-03,2023-05-28,2022-12-31,2023-01-28,0.0011953841768856,0.001051634677836248
Local Kalman-OU,variance,28,2,2023-01-03,2023-05-28,2022-12-31,2023-01-28,0.0011953841768856,0.001050944934319071
Persistence,variance,28,2,2023-01-03,2023-05-28,2023-01-01,2023-01-29,0.0010689359961598,0.0010206688022819867
Local Kalman-OU,variance,28,2,2023-01-03,2023-05-28,2023-01-01,2023-01-29,0.0010689359961598,0.001088459245402355
Persistence,variance,28,2,2023-01-03,2023-05-28,2023-01-02,2023-01-30,0.0010471321364303,0.0010203977616972076
Local Kalman-OU,variance,28,2,2023-01-03,2023-05-28,2023-01-02,2023-01-30,0.0010471321364303,0.0011276239373342063
Persistence,variance,28,2,2023-01-03,2023-05-28,2023-01-03,2023-01-31,0.0019989325845159,0.01376160801554033
Local Kalman-OU,variance,28,2,2023-01-03,2023-05-28,2023-01-03,2023-01-31,0.0019989325845159,0.002681786800794941
Persistence,variance,28,2,2023-01-03,2023-05-28,2023-01-04,2023-02-01,0.0021098605951646,0.01410821888736354
Local Kalman-OU,variance,28,2,2023-01-03,2023-05-28,2023-01-04,2023-02-01,0.0021098605951646,0.004229583491213963
Persistence,variance,28,2,2023-01-03,2023-05-28,2023-01-05,2023-02-02,0.002057814012241,0.013977094085634316
Local Kalman-OU,variance,28,2,2023-01-03,2023-05-28,2023-01-05,2023-02-02,0.002057814012241,0.005719858183254798
Persistence,variance,28,2,2023-01-03,2023-05-28,2023-01-06,2023-02-03,0.0019810401922403,0.013856337648433355
Local Kalman-OU,variance,28,2,2023-01-03,2023-05-28,2023-01-06,2023-02-03,0.0019810401922403,0.007152957699026118
Persistence,variance,28,2,2023-01-03,2023-05-28,2023-01-07,2023-02-04,0.0019238161167338,0.013540425995162305
Local Kalman-OU,variance,28,2,2023-01-03,2023-05-28,2023-01-07,2023-02-04,0.0019238161167338,0.008503038575947478
Persistence,variance,28,2,2023-01-03,2023-05-28,2023-01-08,2023-02-05,0.0019197144337747,0.01358411706323885
Local Kalman-OU,variance,28,2,2023-01-03,2023-05-28,2023-01-08,2023-02-05,0.0019197144337747,0.009812471843485965
Persistence,variance,28,2,2023-01-03,2023-05-28,2023-01-09,2023-02-06,0.0019461186589367,0.013587622833462059
Local Kalman-OU,variance,28,2,2023-01-03,2023-05-28,2023-01-09,2023-02-06,0.0019461186589367,0.011073953390304911
Persistence,variance,28,2,2023-01-03,2023-05-28,2023-01-10,2023-02-07,0.00393548633873,0.013587371379271542
Local Kalman-OU,variance,28,2,2023-01-03,2023-05-28,2023-01-10,2023-02-07,0.00393548633873,0.012292415709821059
Persistence,variance,28,2,2023-01-03,2023-05-28,2023-01-11,2023-02-08,0.0040591092652399,0.014054198559657952
Local Kalman-OU,variance,28,2,2023-01-03,2023-05-28,2023-01-11,2023-02-08,0.0040591092652399,0.013520483695958978
Persistence,variance,28,2,2023-01-03,2023-05-28,2023-01-12,2023-02-09,0.0039280597674067,0.01441711859036465
Local Kalman-OU,variance,28,2,2023-01-03,2023-05-28,2023-01-12,2023-02-09,0.0039280597674067,0.0147440956851954
Persistence,variance,28,2,2023-01-03,2023-05-28,2023-01-13,2023-02-10,0.0037936944323951,0.014664873758386522
Local Kalman-OU,variance,28,2,2023-01-03,2023-05-28,2023-01-13,2023-02-10,0.0037936944323951,0.015947053923759516
Persistence,variance,28,2,2023-01-03,2023-05-28,2023-01-14,2023-02-11,0.0035854202665136,0.014847089297213723
Local Kalman-OU,variance,28,2,2023-01-03,2023-05-28,2023-01-14,2023-02-11,0.0035854202665136,0.017119223388953674
Persistence,variance,28,2,2023-01-03,2023-05-28,2023-01-15,2023-02-12,0.0035107119506071,0.01497553619448874
Local Kalman-OU,variance,28,2,2023-01-03,2023-05-28,2023-01-15,2023-02-12,0.0035107119506071,0.018251241437699704
Persistence,variance,28,2,2023-01-03,2023-05-28,2023-01-16,2023-02-13,0.003889250385014,0.014998479763620811
Local Kalman-OU,variance,28,2,2023-01-03,2023-05-28,2023-01-16,2023-02-13,0.003889250385014,0.019329763157836122
Persistence,variance,28,2,2023-01-03,2023-05-28,2023-01-17,2023-02-14,0.0057387779981808,0.00209037080865733
Local Kalman-OU,variance,28,2,2023-01-03,2023-05-28,2023-01-17,2023-02-14,0.0057387779981808,0.018767150291230304
Persistence,variance,28,2,2023-01-03,2023-05-28,2023-01-18,2023-02-15,0.005881837355311,0.001361984394026094
Local Kalman-OU,variance,28,2,2023-01-03,2023-05-28,2023-01-18,2023-02-15,0.005881837355311,0.018115105107049313
Persistence,variance,28,2,2023-01-03,2023-05-28,2023-01-19,2023-02-16,0.0055979109253871,0.0013239581445218182
Local Kalman-OU,variance,28,2,2023-01-03,2023-05-28,2023-01-19,2023-02-16,0.0055979109253871,0.0174474085612531
Persistence,variance,28,2,2023-01-03,2023-05-28,2023-01-20,2023-02-17,0.0052784839438533,0.0013216976680049258
Local Kalman-OU,variance,28,2,2023-01-03,2023-05-28,2023-01-20,2023-02-17,0.0052784839438533,0.016770724647830408
Persistence,variance,28,2,2023-01-03,2023-05-28,2023-01-21,2023-02-18,0.0049467000667631,0.0012089057894027844
Local Kalman-OU,variance,28,2,2023-01-03,2023-05-28,2023-01-21,2023-02-18,0.0049467000667631,0.016073239439327473
Persistence,variance,28,2,2023-01-03,2023-05-28,2023-01-22,2023-02-19,0.0046983993796417,0.0012523368697202693
Local Kalman-OU,variance,28,2,2023-01-03,2023-05-28,2023-01-22,2023-02-19,0.0046983993796417,0.015376445133782224
Persistence,variance,28,2,2023-01-03,2023-05-28,2023-01-23,2023-02-20,0.0047629111253543,0.0013399794196054101
Local Kalman-OU,variance,28,2,2023-01-03,2023-05-28,2023-01-23,2023-02-20,0.0047629111253543,0.014690774756800426
Persistence,variance,28,2,2023-01-03,2023-05-28,2023-01-24,2023-02-21,0.005987939685225,0.00206476827235035
Local Kalman-OU,variance,28,2,2023-01-03,2023-05-28,2023-01-24,2023-02-21,0.005987939685225,0.014074549534195548
Persistence,variance,28,2,2023-01-03,2023-05-28,2023-01-25,2023-02-22,0.0060041335885492,0.0020439554176754234
Local Kalman-OU,variance,28,2,2023-01-03,2023-05-28,2023-01-25,2023-02-22,0.0060041335885492,0.01345378559243196
Persistence,variance,28,2,2023-01-03,2023-05-28,2023-01-26,2023-02-23,0.0057157568679018,0.001697930807957437
Local Kalman-OU,variance,28,2,2023-01-03,2023-05-28,2023-01-26,2023-02-23,0.0057157568679018,0.012784640839583488
Persistence,variance,28,2,2023-01-03,2023-05-28,2023-01-27,2023-02-24,0.005114999636304,0.0014250694486787657
Local Kalman-OU,variance,28,2,2023-01-03,2023-05-28,2023-01-27,2023-02-24,0.005114999636304,0.012076416406853386
Persistence,variance,28,2,2023-01-03,2023-05-28,2023-01-28,2023-02-25,0.0047957513714922,0.0011953841768856182
Local Kalman-OU,variance,28,2,2023-01-03,2023-05-28,2023-01-28,2023-02-25,0.0047957513714922,0.011334643473735322
Persistence,variance,28,2,2023-01-03,2023-05-28,2023-01-29,2023-02-26,0.0052497408152186,0.0010689359961598146
Local Kalman-OU,variance,28,2,2023-01-03,2023-05-28,2023-01-29,2023-02-26,0.0052497408152186,0.010574484120242337
Persistence,variance,28,2,2023-01-03,2023-05-28,2023-01-30,2023-02-27,0.0053875240005245,0.0010471321364303725
Local Kalman-OU,variance,28,2,2023-01-03,2023-05-28,2023-01-30,2023-02-27,0.0053875240005245,0.009808616330010749
Persistence,variance,28,2,2023-01-03,2023-05-28,2023-01-31,2023-02-28,0.0051648731569177,0.0019989325845159835
Local Kalman-OU,variance,28,2,2023-01-03,2023-05-28,2023-01-31,2023-02-28,0.0051648731569177,0.009215293410575738
Persistence,variance,28,2,2023-01-03,2023-05-28,2023-02-01,2023-03-01,0.0054218207742886,0.0021098605951646
Local Kalman-OU,variance,28,2,2023-01-03,2023-05-28,2023-02-01,2023-03-01,0.0054218207742886,0.0086341255614337
Persistence,variance,28,2,2023-01-03,2023-05-28,2023-02-02,2023-03-02,0.0057002126468768,0.0020578140122410105
Local Kalman-OU,variance,28,2,2023-01-03,2023-05-28,2023-02-02,2023-03-02,0.0057002126468768,0.008039629028290257
Persistence,variance,28,2,2023-01-03,2023-05-28,2023-02-03,2023-03-03,0.0062134201043794,0.0019810401922403216
Local Kalman-OU,variance,28,2,2023-01-03,2023-05-28,2023-02-03,2023-03-03,0.0062134201043794,0.007431502211715583
Persistence,variance,28,2,2023-01-03,2023-05-28,2023-02-04,2023-03-04,0.0063515684707936,0.0019238161167338748
Local Kalman-OU,variance,28,2,2023-01-03,2023-05-28,2023-02-04,2023-03-04,0.0063515684707936,0.006809140769263372
Persistence,variance,28,2,2023-01-03,2023-05-28,2023-02-05,2023-03-05,0.0062721426605788,0.0019197144337747363
Local Kalman-OU,variance,28,2,2023-01-03,2023-05-28,2023-02-05,2023-03-05,0.0062721426605788,0.006182946972833619
Persistence,variance,28,2,2023-01-03,2023-05-28,2023-02-06,2023-03-06,0.0062803867240203,0.001946118658936765
Local Kalman-OU,variance,28,2,2023-01-03,2023-05-28,2023-02-06,2023-03-06,0.0062803867240203,0.005557108542711682
Persistence,variance,28,2,2023-01-03,2023-05-28,2023-02-07,2023-03-07,0.0062387259438642,0.003935486338730065
Local Kalman-OU,variance,28,2,2023-01-03,2023-05-28,2023-02-07,2023-03-07,0.0062387259438642,0.005176727715837255
Persistence,variance,28,2,2023-01-03,2023-05-28,2023-02-08,2023-03-08,0.0066875730138241,0.0040591092652399385
Local Kalman-OU,variance,28,2,2023-01-03,2023-05-28,2023-02-08,2023-03-08,0.0066875730138241,0.004802091453421406
Persistence,variance,28,2,2023-01-03,2023-05-28,2023-02-09,2023-03-09,0.0067482019004228,0.00392805976740679
Local Kalman-OU,variance,28,2,2023-01-03,2023-05-28,2023-02-09,2023-03-09,0.0067482019004228,0.004396975228460834
Persistence,variance,28,2,2023-01-03,2023-05-28,2023-02-10,2023-03-10,0.0066225641407358,0.003793694432395122
Local Kalman-OU,variance,28,2,2023-01-03,2023-05-28,2023-02-10,2023-03-10,0.0066225641407358,0.003963622880264295
Persistence,variance,28,2,2023-01-03,2023-05-28,2023-02-11,2023-03-11,0.0066845676019027,0.0035854202665136824
Local Kalman-OU,variance,28,2,2023-01-03,2023-05-28,2023-02-11,2023-03-11,0.0066845676019027,0.0034958094454500613
Persistence,variance,28,2,2023-01-03,2023-05-28,2023-02-12,2023-03-12,0.0061490021170651,0.0035107119506071023
Local Kalman-OU,variance,28,2,2023-01-03,2023-05-28,2023-02-12,2023-03-12,0.0061490021170651,0.0030092731280131776
Persistence,variance,28,2,2023-01-03,2023-05-28,2023-02-13,2023-03-13,0.0059663816043169,0.0038892503850140475
Local Kalman-OU,variance,28,2,2023-01-03,2023-05-28,2023-02-13,2023-03-13,0.0059663816043169,0.0025643552644643007
Persistence,variance,28,2,2023-01-03,2023-05-28,2023-02-14,2023-03-14,0.0055531758981194,0.005738777998180827
Local Kalman-OU,variance,28,2,2023-01-03,2023-05-28,2023-02-14,2023-03-14,0.0055531758981194,0.0022933212264184145
Persistence,variance,28,2,2023-01-03,2023-05-28,2023-02-15,2023-03-15,0.0054518102375447,0.005881837355311041
Local Kalman-OU,variance,28,2,2023-01-03,2023-05-28,2023-02-15,2023-03-15,0.0054518102375447,0.0020486351346267126
Persistence,variance,28,2,2023-01-03,2023-05-28,2023-02-16,2023-03-16,0.0053059873149789,0.005597910925387146
Local Kalman-OU,variance,28,2,2023-01-03,2023-05-28,2023-02-16,2023-03-16,0.0053059873149789,0.0017482323971366454
Persistence,variance,28,2,2023-01-03,2023-05-28,2023-02-17,2023-03-17,0.004794556518478,0.005278483943853338
Local Kalman-OU,variance,28,2,2023-01-03,2023-05-28,2023-02-17,2023-03-17,0.004794556518478,0.0013848640670872563
Persistence,variance,28,2,2023-01-03,2023-05-28,2023-02-18,2023-03-18,0.0046689041484329,0.004946700066763167
Local Kalman-OU,variance,28,2,2023-01-03,2023-05-28,2023-02-18,2023-03-18,0.0046689041484329,0.0009601611883742339
Persistence,variance,28,2,2023-01-03,2023-05-28,2023-02-19,2023-03-19,0.0045872769601949,0.004698399379641799
Local Kalman-OU,variance,28,2,2023-01-03,2023-05-28,2023-02-19,2023-03-19,0.0045872769601949,0.00048521612728107816
Persistence,variance,28,2,2023-01-03,2023-05-28,2023-02-20,2023-03-20,0.0045945905840992,0.004762911125354364
Local Kalman-OU,variance,28,2,2023-01-03,2023-05-28,2023-02-20,2023-03-20,0.0045945905840992,0.0
Persistence,variance,28,2,2023-01-03,2023-05-28,2023-02-21,2023-03-21,0.0046431821360749,0.005987939685225045
Local Kalman-OU,variance,28,2,2023-01-03,2023-05-28,2023-02-21,2023-03-21,0.0046431821360749,0.0
Persistence,variance,28,2,2023-01-03,2023-05-28,2023-02-22,2023-03-22,0.00409737612224,0.006004133588549204
Local Kalman-OU,variance,28,2,2023-01-03,2023-05-28,2023-02-22,2023-03-22,0.00409737612224,0.0
Persistence,variance,28,2,2023-01-03,2023-05-28,2023-02-23,2023-03-23,0.0041002330230521,0.0057157568679018535
Local Kalman-OU,variance,28,2,2023-01-03,2023-05-28,2023-02-23,2023-03-23,0.0041002330230521,0.0
Persistence,variance,28,2,2023-01-03,2023-05-28,2023-02-24,2023-03-24,0.0043330288842706,0.005114999636304052
Local Kalman-OU,variance,28,2,2023-01-03,2023-05-28,2023-02-24,2023-03-24,0.0043330288842706,0.0
Persistence,variance,28,2,2023-01-03,2023-05-28,2023-02-25,2023-03-25,0.0043751927531558,0.004795751371492218
Local Kalman-OU,variance,28,2,2023-01-03,2023-05-28,2023-02-25,2023-03-25,0.0043751927531558,0.0
Persistence,variance,28,2,2023-01-03,2023-05-28,2023-02-26,2023-03-26,0.0043706085731785,0.005249740815218631
Local Kalman-OU,variance,28,2,2023-01-03,2023-05-28,2023-02-26,2023-03-26,0.0043706085731785,0.0
Persistence,variance,28,2,2023-01-03,2023-05-28,2023-02-27,2023-03-27,0.0043577032082431,0.005387524000524584
Local Kalman-OU,variance,28,2,2023-01-03,2023-05-28,2023-02-27,2023-03-27,0.0043577032082431,0.0
Persistence,variance,28,2,2023-01-03,2023-05-28,2023-02-28,2023-03-28,0.0053946362226639,0.0051648731569177075
Local Kalman-OU,variance,28,2,2023-01-03,2023-05-28,2023-02-28,2023-03-28,0.0053946362226639,0.0
Persistence,variance,28,2,2023-01-03,2023-05-28,2023-03-01,2023-03-29,0.0053581260368185,0.005421820774288643
Local Kalman-OU,variance,28,2,2023-01-03,2023-05-28,2023-03-01,2023-03-29,0.0053581260368185,0.0
Persistence,variance,28,2,2023-01-03,2023-05-28,2023-03-02,2023-03-30,0.0052071011114128,0.005700212646876858
Local Kalman-OU,variance,28,2,2023-01-03,2023-05-28,2023-03-02,2023-03-30,0.0052071011114128,0.0
Persistence,variance,28,2,2023-01-03,2023-05-28,2023-03-03,2023-03-31,0.0052859549198273,0.006213420104379433
Local Kalman-OU,variance,28,2,2023-01-03,2023-05-28,2023-03-03,2023-03-31,0.0052859549198273,0.0
Persistence,variance,28,2,2023-01-03,2023-05-28,2023-03-04,2023-04-01,0.0051908481868965,0.006351568470793623
Local Kalman-OU,variance,28,2,2023-01-03,2023-05-28,2023-03-04,2023-04-01,0.0051908481868965,0.0006817587643805209
Persistence,variance,28,2,2023-01-03,2023-05-28,2023-03-05,2023-04-02,0.0052931524122088,0.006272142660578841
Local Kalman-OU,variance,28,2,2023-01-03,2023-05-28,2023-03-05,2023-04-02,0.0052931524122088,0.0015595983310460245
Persistence,variance,28,2,2023-01-03,2023-05-28,2023-03-06,2023-04-03,0.0052263259210556,0.006280386724020392
Local Kalman-OU,variance,28,2,2023-01-03,2023-05-28,2023-03-06,2023-04-03,0.0052263259210556,0.0024665001131817296
Persistence,variance,28,2,2023-01-03,2023-05-28,2023-03-07,2023-04-04,0.0044137474373515,0.006238725943864246
Local Kalman-OU,variance,28,2,2023-01-03,2023-05-28,2023-03-07,2023-04-04,0.0044137474373515,0.003396009613313765
Persistence,variance,28,2,2023-01-03,2023-05-28,2023-03-08,2023-04-05,0.0044064659384464,0.006687573013824126
Local Kalman-OU,variance,28,2,2023-01-03,2023-05-28,2023-03-08,2023-04-05,0.0044064659384464,0.004450372787466216
Persistence,variance,28,2,2023-01-03,2023-05-28,2023-03-09,2023-04-06,0.0046146958147279,0.006748201900422893
Local Kalman-OU,variance,28,2,2023-01-03,2023-05-28,2023-03-09,2023-04-06,0.0046146958147279,0.005572846539413416
Persistence,variance,28,2,2023-01-03,2023-05-28,2023-03-10,2023-04-07,0.0049810400808238,0.006622564140735866
Local Kalman-OU,variance,28,2,2023-01-03,2023-05-28,2023-03-10,2023-04-07,0.0049810400808238,0.0067314247397696515
Persistence,variance,28,2,2023-01-03,2023-05-28,2023-03-11,2023-04-08,0.0053501180701735,0.0066845676019027436
Local Kalman-OU,variance,28,2,2023-01-03,2023-05-28,2023-03-11,2023-04-08,0.0053501180701735,0.007944534381659497
Persistence,variance,28,2,2023-01-03,2023-05-28,2023-03-12,2023-04-09,0.0057992957413206,0.006149002117065159
Local Kalman-OU,variance,28,2,2023-01-03,2023-05-28,2023-03-12,2023-04-09,0.0057992957413206,0.009134767111573551
Persistence,variance,28,2,2023-01-03,2023-05-28,2023-03-13,2023-04-10,0.0059169476870371,0.005966381604316955
Local Kalman-OU,variance,28,2,2023-01-03,2023-05-28,2023-03-13,2023-04-10,0.0059169476870371,0.010338242183100633
Persistence,variance,28,2,2023-01-03,2023-05-28,2023-03-14,2023-04-11,0.0043730890436018,0.005553175898119443
Local Kalman-OU,variance,28,2,2023-01-03,2023-05-28,2023-03-14,2023-04-11,0.0043730890436018,0.010360412973902082
Persistence,variance,28,2,2023-01-03,2023-05-28,2023-03-15,2023-04-12,0.0045524710476137,0.005451810237544732
Local Kalman-OU,variance,28,2,2023-01-03,2023-05-28,2023-03-15,2023-04-12,0.0045524710476137,0.010291318483687603
Persistence,variance,28,2,2023-01-03,2023-05-28,2023-03-16,2023-04-13,0.0049260342348142,0.00530598731497899
Local Kalman-OU,variance,28,2,2023-01-03,2023-05-28,2023-03-16,2023-04-13,0.0049260342348142,0.01018545998316062
Persistence,variance,28,2,2023-01-03,2023-05-28,2023-03-17,2023-04-14,0.0050512415431764,0.00479455651847808
Local Kalman-OU,variance,28,2,2023-01-03,2023-05-28,2023-03-17,2023-04-14,0.0050512415431764,0.010001804481475314
Persistence,variance,28,2,2023-01-03,2023-05-28,2023-03-18,2023-04-15,0.0050761769143109,0.0046689041484329254
Local Kalman-OU,variance,28,2,2023-01-03,2023-05-28,2023-03-18,2023-04-15,0.0050761769143109,0.00977944160088699
Persistence,variance,28,2,2023-01-03,2023-05-28,2023-03-19,2023-04-16,0.0051644291508809,0.004587276960194912
Local Kalman-OU,variance,28,2,2023-01-03,2023-05-28,2023-03-19,2023-04-16,0.0051644291508809,0.009537899788901376
Persistence,variance,28,2,2023-01-03,2023-05-28,2023-03-20,2023-04-17,0.0051058135883208,0.004594590584099251
Local Kalman-OU,variance,28,2,2023-01-03,2023-05-28,2023-03-20,2023-04-17,0.0051058135883208,0.009292510807731273
Persistence,variance,28,2,2023-01-03,2023-05-28,2023-03-21,2023-04-18,0.0032872588661538,0.0046431821360749465
Local Kalman-OU,variance,28,2,2023-01-03,2023-05-28,2023-03-21,2023-04-18,0.0032872588661538,0.009106131406846673
Persistence,variance,28,2,2023-01-03,2023-05-28,2023-03-22,2023-04-19,0.0033459031789576,0.004097376122240011
Local Kalman-OU,variance,28,2,2023-01-03,2023-05-28,2023-03-22,2023-04-19,0.0033459031789576,0.008841405212129887
Persistence,variance,28,2,2023-01-03,2023-05-28,2023-03-23,2023-04-20,0.0036831328247815,0.004100233023052159
Local Kalman-OU,variance,28,2,2023-01-03,2023-05-28,2023-03-23,2023-04-20,0.0036831328247815,0.008538006178313013
Persistence,variance,28,2,2023-01-03,2023-05-28,2023-03-24,2023-04-21,0.0039281306889822,0.0043330288842706385
Local Kalman-OU,variance,28,2,2023-01-03,2023-05-28,2023-03-24,2023-04-21,0.0039281306889822,0.00822930853916892
Persistence,variance,28,2,2023-01-03,2023-05-28,2023-03-25,2023-04-22,0.0037737339900187,0.004375192753155864
Local Kalman-OU,variance,28,2,2023-01-03,2023-05-28,2023-03-25,2023-04-22,0.0037737339900187,0.007893999605804336
Persistence,variance,28,2,2023-01-03,2023-05-28,2023-03-26,2023-04-23,0.0036235448032591,0.004370608573178553
Local Kalman-OU,variance,28,2,2023-01-03,2023-05-28,2023-03-26,2023-04-23,0.0036235448032591,0.007534654553482748
Persistence,variance,28,2,2023-01-03,2023-05-28,2023-03-27,2023-04-24,0.0036147587200516,0.004357703208243143
Local Kalman-OU,variance,28,2,2023-01-03,2023-05-28,2023-03-27,2023-04-24,0.0036147587200516,0.007159239565096962
Persistence,variance,28,2,2023-01-03,2023-05-28,2023-03-28,2023-04-25,0.0021845736275248,0.005394636222663901
Local Kalman-OU,variance,28,2,2023-01-03,2023-05-28,2023-03-28,2023-04-25,0.0021845736275248,0.006983867882281133
Persistence,variance,28,2,2023-01-03,2023-05-28,2023-03-29,2023-04-26,0.0021823072033532,0.005358126036818591
Local Kalman-OU,variance,28,2,2023-01-03,2023-05-28,2023-03-29,2023-04-26,0.0021823072033532,0.006801165846009793
Persistence,variance,28,2,2023-01-03,2023-05-28,2023-03-30,2023-04-27,0.0022015211840759,0.005207101111412857
Local Kalman-OU,variance,28,2,2023-01-03,2023-05-28,2023-03-30,2023-04-27,0.0022015211840759,0.00658299126709148
Persistence,variance,28,2,2023-01-03,2023-05-28,2023-03-31,2023-04-28,0.0022836335141886,0.005285954919827376
Local Kalman-OU,variance,28,2,2023-01-03,2023-05-28,2023-03-31,2023-04-28,0.0022836335141886,0.006355574440683491
Persistence,variance,28,2,2023-01-03,2023-05-28,2023-04-01,2023-04-29,0.0023234131488484,0.005190848186896512
Local Kalman-OU,variance,28,2,2023-01-03,2023-05-28,2023-04-01,2023-04-29,0.0023234131488484,0.006098834959169469
Persistence,variance,28,2,2023-01-03,2023-05-28,2023-04-02,2023-04-30,0.002326447328988,0.0052931524122088475
Local Kalman-OU,variance,28,2,2023-01-03,2023-05-28,2023-04-02,2023-04-30,0.002326447328988,0.00584183110653475
Persistence,variance,28,2,2023-01-03,2023-05-28,2023-04-03,2023-05-01,0.0023309780661241,0.005226325921055689
Local Kalman-OU,variance,28,2,2023-01-03,2023-05-28,2023-04-03,2023-05-01,0.0023309780661241,0.0055662482121083086
Persistence,variance,28,2,2023-01-03,2023-05-28,2023-04-04,2023-05-02,0.0017024424015982,0.004413747437351598
Local Kalman-OU,variance,28,2,2023-01-03,2023-05-28,2023-04-04,2023-05-02,0.0017024424015982,0.005358500210265491
Persistence,variance,28,2,2023-01-03,2023-05-28,2023-04-05,2023-05-03,0.0017164164630458,0.004406465938446449
Local Kalman-OU,variance,28,2,2023-01-03,2023-05-28,2023-04-05,2023-05-03,0.0017164164630458,0.005159206405564833
Persistence,variance,28,2,2023-01-03,2023-05-28,2023-04-06,2023-05-04,0.0022449985957085,0.004614695814727953
Local Kalman-OU,variance,28,2,2023-01-03,2023-05-28,2023-04-06,2023-05-04,0.0022449985957085,0.004972208003912819
Persistence,variance,28,2,2023-01-03,2023-05-28,2023-04-07,2023-05-05,0.0024341170516002,0.004981040080823889
Local Kalman-OU,variance,28,2,2023-01-03,2023-05-28,2023-04-07,2023-05-05,0.0024341170516002,0.0048152371244848035
Persistence,variance,28,2,2023-01-03,2023-05-28,2023-04-08,2023-05-06,0.0027945078415877,0.005350118070173534
Local Kalman-OU,variance,28,2,2023-01-03,2023-05-28,2023-04-08,2023-05-06,0.0027945078415877,0.00468005730359598
Persistence,variance,28,2,2023-01-03,2023-05-28,2023-04-09,2023-05-07,0.0029455216760229,0.005799295741320632
Local Kalman-OU,variance,28,2,2023-01-03,2023-05-28,2023-04-09,2023-05-07,0.0029455216760229,0.00458632054681636
Persistence,variance,28,2,2023-01-03,2023-05-28,2023-04-10,2023-05-08,0.003035251408816,0.005916947687037184
Local Kalman-OU,variance,28,2,2023-01-03,2023-05-28,2023-04-10,2023-05-08,0.003035251408816,0.004532443424706466
Persistence,variance,28,2,2023-01-03,2023-05-28,2023-04-11,2023-05-09,0.0029221512300719,0.004373089043601865
Local Kalman-OU,variance,28,2,2023-01-03,2023-05-28,2023-04-11,2023-05-09,0.0029221512300719,0.004449182617551036
Persistence,variance,28,2,2023-01-03,2023-05-28,2023-04-12,2023-05-10,0.0029201565731909,0.004552471047613717
Local Kalman-OU,variance,28,2,2023-01-03,2023-05-28,2023-04-12,2023-05-10,0.0029201565731909,0.004405932128252115
Persistence,variance,28,2,2023-01-03,2023-05-28,2023-04-13,2023-05-11,0.0030267759339044,0.004926034234814292
Local Kalman-OU,variance,28,2,2023-01-03,2023-05-28,2023-04-13,2023-05-11,0.0030267759339044,0.0043877396824585834
Persistence,variance,28,2,2023-01-03,2023-05-28,2023-04-14,2023-05-12,0.0034697226372409,0.005051241543176424
Local Kalman-OU,variance,28,2,2023-01-03,2023-05-28,2023-04-14,2023-05-12,0.0034697226372409,0.004358562540213142
Persistence,variance,28,2,2023-01-03,2023-05-28,2023-04-15,2023-05-13,0.0037484346878876,0.005076176914310933
Local Kalman-OU,variance,28,2,2023-01-03,2023-05-28,2023-04-15,2023-05-13,0.0037484346878876,0.004303347347348637
Persistence,variance,28,2,2023-01-03,2023-05-28,2023-04-16,2023-05-14,0.004251586410145,0.005164429150880912
Local Kalman-OU,variance,28,2,2023-01-03,2023-05-28,2023-04-16,2023-05-14,0.004251586410145,0.004236012116923371
Persistence,variance,28,2,2023-01-03,2023-05-28,2023-04-17,2023-05-15,0.004231232803245,0.005105813588320843
Local Kalman-OU,variance,28,2,2023-01-03,2023-05-28,2023-04-17,2023-05-15,0.004231232803245,0.004165570105215361
Persistence,variance,28,2,2023-01-03,2023-05-28,2023-04-18,2023-05-16,0.0032271932945841,0.0032872588661538847
Local Kalman-OU,variance,28,2,2023-01-03,2023-05-28,2023-04-18,2023-05-16,0.0032271932945841,0.003982206190618859
Persistence,variance,28,2,2023-01-03,2023-05-28,2023-04-19,2023-05-17,0.003268011195866,0.0033459031789576724
Local Kalman-OU,variance,28,2,2023-01-03,2023-05-28,2023-04-19,2023-05-17,0.003268011195866,0.0038177143569474875
Persistence,variance,28,2,2023-01-03,2023-05-28,2023-04-20,2023-05-18,0.0019003479654947,0.00368313282478152
Local Kalman-OU,variance,28,2,2023-01-03,2023-05-28,2023-04-20,2023-05-18,0.0019003479654947,0.0036784807816512112
Persistence,variance,28,2,2023-01-03,2023-05-28,2023-04-21,2023-05-19,0.0019792890855835,0.003928130688982293
Local Kalman-OU,variance,28,2,2023-01-03,2023-05-28,2023-04-21,2023-05-19,0.0019792890855835,0.0035226678756869315
Persistence,variance,28,2,2023-01-03,2023-05-28,2023-04-22,2023-05-20,0.0020378595604303,0.0037737339900187753
Local Kalman-OU,variance,28,2,2023-01-03,2023-05-28,2023-04-22,2023-05-20,0.0020378595604303,0.0033236779221146617
Persistence,variance,28,2,2023-01-03,2023-05-28,2023-04-23,2023-05-21,0.0020846462426385,0.0036235448032591574
Local Kalman-OU,variance,28,2,2023-01-03,2023-05-28,2023-04-23,2023-05-21,0.0020846462426385,0.0031511918546517376
Persistence,variance,28,2,2023-01-03,2023-05-28,2023-04-24,2023-05-22,0.0020604665173468,0.00361475872005167
Local Kalman-OU,variance,28,2,2023-01-03,2023-05-28,2023-04-24,2023-05-22,0.0020604665173468,0.0029962376703827165
Persistence,variance,28,2,2023-01-03,2023-05-28,2023-04-25,2023-05-23,0.0006504957334531,0.002184573627524891
Local Kalman-OU,variance,28,2,2023-01-03,2023-05-28,2023-04-25,2023-05-23,0.0006504957334531,0.0026531715367761536
Persistence,variance,28,2,2023-01-03,2023-05-28,2023-04-26,2023-05-24,0.0004256219244893,0.00218230720335326
Local Kalman-OU,variance,28,2,2023-01-03,2023-05-28,2023-04-26,2023-05-24,0.0004256219244893,0.0023443265049749805
Persistence,variance,28,2,2023-01-03,2023-05-28,2023-04-27,2023-05-25,0.0004379478899304,0.002201521184075938
Local Kalman-OU,variance,28,2,2023-01-03,2023-05-28,2023-04-27,2023-05-25,0.0004379478899304,0.0020752459613133456
Persistence,variance,28,2,2023-01-03,2023-05-28,2023-04-28,2023-05-26,0.0004845684561698,0.002283633514188615
Local Kalman-OU,variance,28,2,2023-01-03,2023-05-28,2023-04-28,2023-05-26,0.0004845684561698,0.0018757924589294954
Persistence,variance,28,2,2023-01-03,2023-05-28,2023-04-29,2023-05-27,0.000509617658651,0.0023234131488484846
Local Kalman-OU,variance,28,2,2023-01-03,2023-05-28,2023-04-29,2023-05-27,0.000509617658651,0.001708576425483446
Persistence,variance,28,2,2023-01-03,2023-05-28,2023-04-30,2023-05-28,0.0005216407194755,0.0023264473289880726
Local Kalman-OU,variance,28,2,2023-01-03,2023-05-28,2023-04-30,2023-05-28,0.0005216407194755,0.0015498432652416945
Persistence,mean,14,3,2023-05-28,2023-10-19,2023-05-15,2023-05-29,0.042551361925533,0.10006522688482046
Local Kalman-OU,mean,14,3,2023-05-28,2023-10-19,2023-05-15,2023-05-29,0.042551361925533,0.07339346283770258
Persistence,mean,14,3,2023-05-28,2023-10-19,2023-05-16,2023-05-30,0.040431354495637,0.09058666727676999
Local Kalman-OU,mean,14,3,2023-05-28,2023-10-19,2023-05-16,2023-05-30,0.040431354495637,0.06987278924040552
Persistence,mean,14,3,2023-05-28,2023-10-19,2023-05-17,2023-05-31,0.0379567634633649,0.08755313597188687
Local Kalman-OU,mean,14,3,2023-05-28,2023-10-19,2023-05-17,2023-05-31,0.0379567634633649,0.06604744996817814
Persistence,mean,14,3,2023-05-28,2023-10-19,2023-05-18,2023-06-01,0.0373976908582477,0.07369884658663722
Local Kalman-OU,mean,14,3,2023-05-28,2023-10-19,2023-05-18,2023-06-01,0.0373976908582477,0.06118849288524041
Persistence,mean,14,3,2023-05-28,2023-10-19,2023-05-19,2023-06-02,0.0369090229372637,0.07230143083435724
Local Kalman-OU,mean,14,3,2023-05-28,2023-10-19,2023-05-19,2023-06-02,0.0369090229372637,0.05613564052106557
Persistence,mean,14,3,2023-05-28,2023-10-19,2023-05-20,2023-06-03,0.0362252077996667,0.07131694828301699
Local Kalman-OU,mean,14,3,2023-05-28,2023-10-19,2023-05-20,2023-06-03,0.0362252077996667,0.05124304693770636
Persistence,mean,14,3,2023-05-28,2023-10-19,2023-05-21,2023-06-04,0.0344848930736816,0.06948557446403375
Local Kalman-OU,mean,14,3,2023-05-28,2023-10-19,2023-05-21,2023-06-04,0.0344848930736816,0.04651783938885417
Persistence,mean,14,3,2023-05-28,2023-10-19,2023-05-22,2023-06-05,0.0322551563472298,0.06757073120006743
Local Kalman-OU,mean,14,3,2023-05-28,2023-10-19,2023-05-22,2023-06-05,0.0322551563472298,0.04213917771212972
Persistence,mean,14,3,2023-05-28,2023-10-19,2023-05-23,2023-06-06,0.0288474588595936,0.05917569386710269
Local Kalman-OU,mean,14,3,2023-05-28,2023-10-19,2023-05-23,2023-06-06,0.0288474588595936,0.03754864181296231
Persistence,mean,14,3,2023-05-28,2023-10-19,2023-05-24,2023-06-07,0.028145270889968,0.05209589849082283
Local Kalman-OU,mean,14,3,2023-05-28,2023-10-19,2023-05-24,2023-06-07,0.028145270889968,0.03275854823301826
Persistence,mean,14,3,2023-05-28,2023-10-19,2023-05-25,2023-06-08,0.0278104383439316,0.047670919141119025
Local Kalman-OU,mean,14,3,2023-05-28,2023-10-19,2023-05-25,2023-06-08,0.0278104383439316,0.028039776769094627
Persistence,mean,14,3,2023-05-28,2023-10-19,2023-05-26,2023-06-09,0.0276164027389459,0.04658125556350944
Local Kalman-OU,mean,14,3,2023-05-28,2023-10-19,2023-05-26,2023-06-09,0.0276164027389459,0.023624590270103097
Persistence,mean,14,3,2023-05-28,2023-10-19,2023-05-27,2023-06-10,0.0277615732354586,0.04447135206013668
Local Kalman-OU,mean,14,3,2023-05-28,2023-10-19,2023-05-27,2023-06-10,0.0277615732354586,0.019652891556808365
Persistence,mean,14,3,2023-05-28,2023-10-19,2023-05-28,2023-06-11,0.0276311401220864,0.04407432392050379
Local Kalman-OU,mean,14,3,2023-05-28,2023-10-19,2023-05-28,2023-06-11,0.0276311401220864,0.016010989947737104
Persistence,mean,14,3,2023-05-28,2023-10-19,2023-05-29,2023-06-12,0.0276276722476061,0.042551361925533084
Local Kalman-OU,mean,14,3,2023-05-28,2023-10-19,2023-05-29,2023-06-12,0.0276276722476061,0.012481520454429407
Persistence,mean,14,3,2023-05-28,2023-10-19,2023-05-30,2023-06-13,0.0266440982061456,0.04043135449563707
Local Kalman-OU,mean,14,3,2023-05-28,2023-10-19,2023-05-30,2023-06-13,0.0266440982061456,0.009028197362837007
Persistence,mean,14,3,2023-05-28,2023-10-19,2023-05-31,2023-06-14,0.0250418969272669,0.03795676346336498
Local Kalman-OU,mean,14,3,2023-05-28,2023-10-19,2023-05-31,2023-06-14,0.0250418969272669,0.005671339192868521
Persistence,mean,14,3,2023-05-28,2023-10-19,2023-06-01,2023-06-15,0.0233852535045201,0.0373976908582477
Local Kalman-OU,mean,14,3,2023-05-28,2023-10-19,2023-06-01,2023-06-15,0.0233852535045201,0.002587782837336958
Persistence,mean,14,3,2023-05-28,2023-10-19,2023-06-02,2023-06-16,0.0214204111470713,0.03690902293726377
Local Kalman-OU,mean,14,3,2023-05-28,2023-10-19,2023-06-02,2023-06-16,0.0214204111470713,0.0
Persistence,mean,14,3,2023-05-28,2023-10-19,2023-06-03,2023-06-17,0.0205126342328133,0.03622520779966677
Local Kalman-OU,mean,14,3,2023-05-28,2023-10-19,2023-06-03,2023-06-17,0.0205126342328133,0.0
Persistence,mean,14,3,2023-05-28,2023-10-19,2023-06-04,2023-06-18,0.0202678701334733,0.03448489307368162
Local Kalman-OU,mean,14,3,2023-05-28,2023-10-19,2023-06-04,2023-06-18,0.0202678701334733,0.0
Persistence,mean,14,3,2023-05-28,2023-10-19,2023-06-05,2023-06-19,0.0201763215777115,0.03225515634722982
Local Kalman-OU,mean,14,3,2023-05-28,2023-10-19,2023-06-05,2023-06-19,0.0201763215777115,0.0
Persistence,mean,14,3,2023-05-28,2023-10-19,2023-06-06,2023-06-20,0.018046791735304,0.028847458859593642
Local Kalman-OU,mean,14,3,2023-05-28,2023-10-19,2023-06-06,2023-06-20,0.018046791735304,0.0
Persistence,mean,14,3,2023-05-28,2023-10-19,2023-06-07,2023-06-21,0.0178234692307645,0.028145270889968054
Local Kalman-OU,mean,14,3,2023-05-28,2023-10-19,2023-06-07,2023-06-21,0.0178234692307645,0.0
Persistence,mean,14,3,2023-05-28,2023-10-19,2023-06-08,2023-06-22,0.0174668341572308,0.027810438343931678
Local Kalman-OU,mean,14,3,2023-05-28,2023-10-19,2023-06-08,2023-06-22,0.0174668341572308,0.0
Persistence,mean,14,3,2023-05-28,2023-10-19,2023-06-09,2023-06-23,0.0170895546823357,0.02761640273894596
Local Kalman-OU,mean,14,3,2023-05-28,2023-10-19,2023-06-09,2023-06-23,0.0170895546823357,0.0
Persistence,mean,14,3,2023-05-28,2023-10-19,2023-06-10,2023-06-24,0.0169368286219409,0.027761573235458626
Local Kalman-OU,mean,14,3,2023-05-28,2023-10-19,2023-06-10,2023-06-24,0.0169368286219409,0.0
Persistence,mean,14,3,2023-05-28,2023-10-19,2023-06-11,2023-06-25,0.0164086962274181,0.027631140122086423
Local Kalman-OU,mean,14,3,2023-05-28,2023-10-19,2023-06-11,2023-06-25,0.0164086962274181,0.0
Persistence,mean,14,3,2023-05-28,2023-10-19,2023-06-12,2023-06-26,0.0157256704901652,0.02762767224760617
Local Kalman-OU,mean,14,3,2023-05-28,2023-10-19,2023-06-12,2023-06-26,0.0157256704901652,0.0
Persistence,mean,14,3,2023-05-28,2023-10-19,2023-06-13,2023-06-27,0.0159513704703154,0.026644098206145692
Local Kalman-OU,mean,14,3,2023-05-28,2023-10-19,2023-06-13,2023-06-27,0.0159513704703154,0.0
Persistence,mean,14,3,2023-05-28,2023-10-19,2023-06-14,2023-06-28,0.0170484312492356,0.02504189692726691
Local Kalman-OU,mean,14,3,2023-05-28,2023-10-19,2023-06-14,2023-06-28,0.0170484312492356,0.0
Persistence,mean,14,3,2023-05-28,2023-10-19,2023-06-15,2023-06-29,0.0177978767586883,0.023385253504520125
Local Kalman-OU,mean,14,3,2023-05-28,2023-10-19,2023-06-15,2023-06-29,0.0177978767586883,0.0
Persistence,mean,14,3,2023-05-28,2023-10-19,2023-06-16,2023-06-30,0.0187781781915967,0.02142041114707139
Local Kalman-OU,mean,14,3,2023-05-28,2023-10-19,2023-06-16,2023-06-30,0.0187781781915967,0.0
Persistence,mean,14,3,2023-05-28,2023-10-19,2023-06-17,2023-07-01,0.0190289139998906,0.020512634232813375
Local Kalman-OU,mean,14,3,2023-05-28,2023-10-19,2023-06-17,2023-07-01,0.0190289139998906,0.0
Persistence,mean,14,3,2023-05-28,2023-10-19,2023-06-18,2023-07-02,0.0191834843279582,0.02026787013347333
Local Kalman-OU,mean,14,3,2023-05-28,2023-10-19,2023-06-18,2023-07-02,0.0191834843279582,0.0
Persistence,mean,14,3,2023-05-28,2023-10-19,2023-06-19,2023-07-03,0.0185568532095038,0.020176321577711504
Local Kalman-OU,mean,14,3,2023-05-28,2023-10-19,2023-06-19,2023-07-03,0.0185568532095038,0.0
Persistence,mean,14,3,2023-05-28,2023-10-19,2023-06-20,2023-07-04,0.0208504593902441,0.018046791735304078
Local Kalman-OU,mean,14,3,2023-05-28,2023-10-19,2023-06-20,2023-07-04,0.0208504593902441,0.0
Persistence,mean,14,3,2023-05-28,2023-10-19,2023-06-21,2023-07-05,0.0212864073397356,0.01782346923076451
Local Kalman-OU,mean,14,3,2023-05-28,2023-10-19,2023-06-21,2023-07-05,0.0212864073397356,0.0
Persistence,mean,14,3,2023-05-28,2023-10-19,2023-06-22,2023-07-06,0.0216439281042692,0.017466834157230875
Local Kalman-OU,mean,14,3,2023-05-28,2023-10-19,2023-06-22,2023-07-06,0.0216439281042692,0.0
Persistence,mean,14,3,2023-05-28,2023-10-19,2023-06-23,2023-07-07,0.0216308251833022,0.017089554682335775
Local Kalman-OU,mean,14,3,2023-05-28,2023-10-19,2023-06-23,2023-07-07,0.0216308251833022,0.0
Persistence,mean,14,3,2023-05-28,2023-10-19,2023-06-24,2023-07-08,0.0212004255174105,0.01693682862194099
Local Kalman-OU,mean,14,3,2023-05-28,2023-10-19,2023-06-24,2023-07-08,0.0212004255174105,0.0
Persistence,mean,14,3,2023-05-28,2023-10-19,2023-06-25,2023-07-09,0.0209218713821802,0.01640869622741816
Local Kalman-OU,mean,14,3,2023-05-28,2023-10-19,2023-06-25,2023-07-09,0.0209218713821802,0.0
Persistence,mean,14,3,2023-05-28,2023-10-19,2023-06-26,2023-07-10,0.0206476491330533,0.015725670490165287
Local Kalman-OU,mean,14,3,2023-05-28,2023-10-19,2023-06-26,2023-07-10,0.0206476491330533,0.0
Persistence,mean,14,3,2023-05-28,2023-10-19,2023-06-27,2023-07-11,0.0187597038326174,0.015951370470315467
Local Kalman-OU,mean,14,3,2023-05-28,2023-10-19,2023-06-27,2023-07-11,0.0187597038326174,0.0
Persistence,mean,14,3,2023-05-28,2023-10-19,2023-06-28,2023-07-12,0.018255543877761,0.01704843124923566
Local Kalman-OU,mean,14,3,2023-05-28,2023-10-19,2023-06-28,2023-07-12,0.018255543877761,0.0
Persistence,mean,14,3,2023-05-28,2023-10-19,2023-06-29,2023-07-13,0.0181572866845097,0.017797876758688304
Local Kalman-OU,mean,14,3,2023-05-28,2023-10-19,2023-06-29,2023-07-13,0.0181572866845097,0.0
Persistence,mean,14,3,2023-05-28,2023-10-19,2023-06-30,2023-07-14,0.0176613392558651,0.01877817819159672
Local Kalman-OU,mean,14,3,2023-05-28,2023-10-19,2023-06-30,2023-07-14,0.0176613392558651,0.0
Persistence,mean,14,3,2023-05-28,2023-10-19,2023-07-01,2023-07-15,0.0171429800760933,0.019028913999890686
Local Kalman-OU,mean,14,3,2023-05-28,2023-10-19,2023-07-01,2023-07-15,0.0171429800760933,0.0
Persistence,mean,14,3,2023-05-28,2023-10-19,2023-07-02,2023-07-16,0.0164514514745288,0.019183484327958265
Local Kalman-OU,mean,14,3,2023-05-28,2023-10-19,2023-07-02,2023-07-16,0.0164514514745288,0.0
Persistence,mean,14,3,2023-05-28,2023-10-19,2023-07-03,2023-07-17,0.0161489354115824,0.018556853209503864
Local Kalman-OU,mean,14,3,2023-05-28,2023-10-19,2023-07-03,2023-07-17,0.0161489354115824,0.0
Persistence,mean,14,3,2023-05-28,2023-10-19,2023-07-04,2023-07-18,0.0153985470987492,0.020850459390244182
Local Kalman-OU,mean,14,3,2023-05-28,2023-10-19,2023-07-04,2023-07-18,0.0153985470987492,0.0
Persistence,mean,14,3,2023-05-28,2023-10-19,2023-07-05,2023-07-19,0.0153379762318061,0.021286407339735632
Local Kalman-OU,mean,14,3,2023-05-28,2023-10-19,2023-07-05,2023-07-19,0.0153379762318061,0.0
Persistence,mean,14,3,2023-05-28,2023-10-19,2023-07-06,2023-07-20,0.0151222191476377,0.02164392810426926
Local Kalman-OU,mean,14,3,2023-05-28,2023-10-19,2023-07-06,2023-07-20,0.0151222191476377,0.0
Persistence,mean,14,3,2023-05-28,2023-10-19,2023-07-07,2023-07-21,0.0151318451527297,0.02163082518330223
Local Kalman-OU,mean,14,3,2023-05-28,2023-10-19,2023-07-07,2023-07-21,0.0151318451527297,0.0
Persistence,mean,14,3,2023-05-28,2023-10-19,2023-07-08,2023-07-22,0.0151542543078025,0.02120042551741052
Local Kalman-OU,mean,14,3,2023-05-28,2023-10-19,2023-07-08,2023-07-22,0.0151542543078025,0.0
Persistence,mean,14,3,2023-05-28,2023-10-19,2023-07-09,2023-07-23,0.0155218896273116,0.020921871382180292
Local Kalman-OU,mean,14,3,2023-05-28,2023-10-19,2023-07-09,2023-07-23,0.0155218896273116,0.0
Persistence,mean,14,3,2023-05-28,2023-10-19,2023-07-10,2023-07-24,0.0157348686038957,0.02064764913305339
Local Kalman-OU,mean,14,3,2023-05-28,2023-10-19,2023-07-10,2023-07-24,0.0157348686038957,0.0
Persistence,mean,14,3,2023-05-28,2023-10-19,2023-07-11,2023-07-25,0.0174992346291004,0.018759703832617464
Local Kalman-OU,mean,14,3,2023-05-28,2023-10-19,2023-07-11,2023-07-25,0.0174992346291004,0.0
Persistence,mean,14,3,2023-05-28,2023-10-19,2023-07-12,2023-07-26,0.0168829323172596,0.01825554387776106
Local Kalman-OU,mean,14,3,2023-05-28,2023-10-19,2023-07-12,2023-07-26,0.0168829323172596,0.0
Persistence,mean,14,3,2023-05-28,2023-10-19,2023-07-13,2023-07-27,0.0163044841674518,0.01815728668450978
Local Kalman-OU,mean,14,3,2023-05-28,2023-10-19,2023-07-13,2023-07-27,0.0163044841674518,0.0
Persistence,mean,14,3,2023-05-28,2023-10-19,2023-07-14,2023-07-28,0.0160946434472257,0.01766133925586516
Local Kalman-OU,mean,14,3,2023-05-28,2023-10-19,2023-07-14,2023-07-28,0.0160946434472257,0.0
Persistence,mean,14,3,2023-05-28,2023-10-19,2023-07-15,2023-07-29,0.0154951061244432,0.017142980076093314
Local Kalman-OU,mean,14,3,2023-05-28,2023-10-19,2023-07-15,2023-07-29,0.0154951061244432,1.0488611625706313e-05
Persistence,mean,14,3,2023-05-28,2023-10-19,2023-07-16,2023-07-30,0.0147860267749153,0.016451451474528863
Local Kalman-OU,mean,14,3,2023-05-28,2023-10-19,2023-07-16,2023-07-30,0.0147860267749153,0.0015213735535731365
Persistence,mean,14,3,2023-05-28,2023-10-19,2023-07-17,2023-07-31,0.014613387658776,0.01614893541158249
Local Kalman-OU,mean,14,3,2023-05-28,2023-10-19,2023-07-17,2023-07-31,0.014613387658776,0.003033177650557303
Persistence,mean,14,3,2023-05-28,2023-10-19,2023-07-18,2023-08-01,0.015829941411054,0.015398547098749276
Local Kalman-OU,mean,14,3,2023-05-28,2023-10-19,2023-07-18,2023-08-01,0.015829941411054,0.004090140230817205
Persistence,mean,14,3,2023-05-28,2023-10-19,2023-07-19,2023-08-02,0.0161295799124942,0.015337976231806149
Local Kalman-OU,mean,14,3,2023-05-28,2023-10-19,2023-07-19,2023-08-02,0.0161295799124942,0.0048195409970381575
Persistence,mean,14,3,2023-05-28,2023-10-19,2023-07-20,2023-08-03,0.0168391220899545,0.0151222191476377
Local Kalman-OU,mean,14,3,2023-05-28,2023-10-19,2023-07-20,2023-08-03,0.0168391220899545,0.005353810936726764
Persistence,mean,14,3,2023-05-28,2023-10-19,2023-07-21,2023-08-04,0.0169792643064472,0.0151318451527297
Local Kalman-OU,mean,14,3,2023-05-28,2023-10-19,2023-07-21,2023-08-04,0.0169792643064472,0.005912697864513591
Persistence,mean,14,3,2023-05-28,2023-10-19,2023-07-22,2023-08-05,0.0171647243732446,0.015154254307802536
Local Kalman-OU,mean,14,3,2023-05-28,2023-10-19,2023-07-22,2023-08-05,0.0171647243732446,0.006430047081689986
Persistence,mean,14,3,2023-05-28,2023-10-19,2023-07-23,2023-08-06,0.0166844558684477,0.015521889627311635
Local Kalman-OU,mean,14,3,2023-05-28,2023-10-19,2023-07-23,2023-08-06,0.0166844558684477,0.0070407938833959155
Persistence,mean,14,3,2023-05-28,2023-10-19,2023-07-24,2023-08-07,0.0159992485132267,0.015734868603895745
Local Kalman-OU,mean,14,3,2023-05-28,2023-10-19,2023-07-24,2023-08-07,0.0159992485132267,0.007657023908578368
Persistence,mean,14,3,2023-05-28,2023-10-19,2023-07-25,2023-08-08,0.0144439163906352,0.017499234629100403
Local Kalman-OU,mean,14,3,2023-05-28,2023-10-19,2023-07-25,2023-08-08,0.0144439163906352,0.0083849300087128
Persistence,mean,14,3,2023-05-28,2023-10-19,2023-07-26,2023-08-09,0.0148581068067853,0.016882932317259604
Local Kalman-OU,mean,14,3,2023-05-28,2023-10-19,2023-07-26,2023-08-09,0.0148581068067853,0.008962937499542169
Persistence,mean,14,3,2023-05-28,2023-10-19,2023-07-27,2023-08-10,0.0153958801268894,0.016304484167451897
Local Kalman-OU,mean,14,3,2023-05-28,2023-10-19,2023-07-27,2023-08-10,0.0153958801268894,0.009510056750921224
Persistence,mean,14,3,2023-05-28,2023-10-19,2023-07-28,2023-08-11,0.0159711473132509,0.016094643447225748
Local Kalman-OU,mean,14,3,2023-05-28,2023-10-19,2023-07-28,2023-08-11,0.0159711473132509,0.010066113731511787
Persistence,mean,14,3,2023-05-28,2023-10-19,2023-07-29,2023-08-12,0.0172772052184829,0.015495106124443202
Local Kalman-OU,mean,14,3,2023-05-28,2023-10-19,2023-07-29,2023-08-12,0.0172772052184829,0.010580667636527381
Persistence,mean,14,3,2023-05-28,2023-10-19,2023-07-30,2023-08-13,0.0192879515890095,0.014786026774915318
Local Kalman-OU,mean,14,3,2023-05-28,2023-10-19,2023-07-30,2023-08-13,0.0192879515890095,0.010976432437770866
Persistence,mean,14,3,2023-05-28,2023-10-19,2023-07-31,2023-08-14,0.0203374252272425,0.014613387658776041
Local Kalman-OU,mean,14,3,2023-05-28,2023-10-19,2023-07-31,2023-08-14,0.0203374252272425,0.011271081326340925
Persistence,mean,14,3,2023-05-28,2023-10-19,2023-08-01,2023-08-15,0.020049524607116,0.015829941411054087
Local Kalman-OU,mean,14,3,2023-05-28,2023-10-19,2023-08-01,2023-08-15,0.020049524607116,0.011517757337486797
Persistence,mean,14,3,2023-05-28,2023-10-19,2023-08-02,2023-08-16,0.0200508407398176,0.016129579912494238
Local Kalman-OU,mean,14,3,2023-05-28,2023-10-19,2023-08-02,2023-08-16,0.0200508407398176,0.011785855341686283
Persistence,mean,14,3,2023-05-28,2023-10-19,2023-08-03,2023-08-17,0.0196362564205287,0.01683912208995456
Local Kalman-OU,mean,14,3,2023-05-28,2023-10-19,2023-08-03,2023-08-17,0.0196362564205287,0.01213496741890563
Persistence,mean,14,3,2023-05-28,2023-10-19,2023-08-04,2023-08-18,0.0198398225852111,0.016979264306447285
Local Kalman-OU,mean,14,3,2023-05-28,2023-10-19,2023-08-04,2023-08-18,0.0198398225852111,0.012516414101263503
Persistence,mean,14,3,2023-05-28,2023-10-19,2023-08-05,2023-08-19,0.0202026604645677,0.01716472437324465
Local Kalman-OU,mean,14,3,2023-05-28,2023-10-19,2023-08-05,2023-08-19,0.0202026604645677,0.012954957407077874
Persistence,mean,14,3,2023-05-28,2023-10-19,2023-08-06,2023-08-20,0.021500459689544,0.01668445586844775
Local Kalman-OU,mean,14,3,2023-05-28,2023-10-19,2023-08-06,2023-08-20,0.021500459689544,0.013369303757036592
Persistence,mean,14,3,2023-05-28,2023-10-19,2023-08-07,2023-08-21,0.0225101670319655,0.015999248513226764
Local Kalman-OU,mean,14,3,2023-05-28,2023-10-19,2023-08-07,2023-08-21,0.0225101670319655,0.013748796274766665
Persistence,mean,14,3,2023-05-28,2023-10-19,2023-08-08,2023-08-22,0.0249693885403835,0.014443916390635279
Local Kalman-OU,mean,14,3,2023-05-28,2023-10-19,2023-08-08,2023-08-22,0.0249693885403835,0.013950220631446589
Persistence,mean,14,3,2023-05-28,2023-10-19,2023-08-09,2023-08-23,0.0262008852008395,0.014858106806785343
Local Kalman-OU,mean,14,3,2023-05-28,2023-10-19,2023-08-09,2023-08-23,0.0262008852008395,0.014125040827190589
Persistence,mean,14,3,2023-05-28,2023-10-19,2023-08-10,2023-08-24,0.0268359746817431,0.015395880126889437
Local Kalman-OU,mean,14,3,2023-05-28,2023-10-19,2023-08-10,2023-08-24,0.0268359746817431,0.01427595517586589
Persistence,mean,14,3,2023-05-28,2023-10-19,2023-08-11,2023-08-25,0.0272033215122494,0.01597114731325099
Local Kalman-OU,mean,14,3,2023-05-28,2023-10-19,2023-08-11,2023-08-25,0.0272033215122494,0.014380920720143
Persistence,mean,14,3,2023-05-28,2023-10-19,2023-08-12,2023-08-26,0.0274205638504224,0.01727720521848292
Local Kalman-OU,mean,14,3,2023-05-28,2023-10-19,2023-08-12,2023-08-26,0.0274205638504224,0.014569370490988998
Persistence,mean,14,3,2023-05-28,2023-10-19,2023-08-13,2023-08-27,0.0273675598480382,0.019287951589009554
Local Kalman-OU,mean,14,3,2023-05-28,2023-10-19,2023-08-13,2023-08-27,0.0273675598480382,0.01494434056061943
Persistence,mean,14,3,2023-05-28,2023-10-19,2023-08-14,2023-08-28,0.0253683476494158,0.020337425227242575
Local Kalman-OU,mean,14,3,2023-05-28,2023-10-19,2023-08-14,2023-08-28,0.0253683476494158,0.015416931368669722
Persistence,mean,14,3,2023-05-28,2023-10-19,2023-08-15,2023-08-29,0.0258505041082487,0.02004952460711604
Local Kalman-OU,mean,14,3,2023-05-28,2023-10-19,2023-08-15,2023-08-29,0.0258505041082487,0.015727332964760938
Persistence,mean,14,3,2023-05-28,2023-10-19,2023-08-16,2023-08-30,0.0258942578319698,0.020050840739817603
Local Kalman-OU,mean,14,3,2023-05-28,2023-10-19,2023-08-16,2023-08-30,0.0258942578319698,0.01601811328771479
Persistence,mean,14,3,2023-05-28,2023-10-19,2023-08-17,2023-08-31,0.0262580651687198,0.019636256420528776
Local Kalman-OU,mean,14,3,2023-05-28,2023-10-19,2023-08-17,2023-08-31,0.0262580651687198,0.016240368002624246
Persistence,mean,14,3,2023-05-28,2023-10-19,2023-08-18,2023-09-01,0.0265879769844756,0.019839822585211185
Local Kalman-OU,mean,14,3,2023-05-28,2023-10-19,2023-08-18,2023-09-01,0.0265879769844756,0.01645221994828726
Persistence,mean,14,3,2023-05-28,2023-10-19,2023-08-19,2023-09-02,0.0274355338776344,0.020202660464567774
Local Kalman-OU,mean,14,3,2023-05-28,2023-10-19,2023-08-19,2023-09-02,0.0274355338776344,0.016681433954317624
Persistence,mean,14,3,2023-05-28,2023-10-19,2023-08-20,2023-09-03,0.0277461345559839,0.021500459689544008
Local Kalman-OU,mean,14,3,2023-05-28,2023-10-19,2023-08-20,2023-09-03,0.0277461345559839,0.01699253158235806
Persistence,mean,14,3,2023-05-28,2023-10-19,2023-08-21,2023-09-04,0.0299647092466584,0.02251016703196554
Local Kalman-OU,mean,14,3,2023-05-28,2023-10-19,2023-08-21,2023-09-04,0.0299647092466584,0.017342959227294563
Persistence,mean,14,3,2023-05-28,2023-10-19,2023-08-22,2023-09-05,0.0307114159327928,0.024969388540383552
Local Kalman-OU,mean,14,3,2023-05-28,2023-10-19,2023-08-22,2023-09-05,0.0307114159327928,0.017924110323412217
Persistence,mean,14,3,2023-05-28,2023-10-19,2023-08-23,2023-09-06,0.0314652833707542,0.026200885200839522
Local Kalman-OU,mean,14,3,2023-05-28,2023-10-19,2023-08-23,2023-09-06,0.0314652833707542,0.018666838167592507
Persistence,mean,14,3,2023-05-28,2023-10-19,2023-08-24,2023-09-07,0.0316878057431518,0.026835974681743178
Local Kalman-OU,mean,14,3,2023-05-28,2023-10-19,2023-08-24,2023-09-07,0.0316878057431518,0.0194916917940651
Persistence,mean,14,3,2023-05-28,2023-10-19,2023-08-25,2023-09-08,0.0326653805222782,0.027203321512249412
Local Kalman-OU,mean,14,3,2023-05-28,2023-10-19,2023-08-25,2023-09-08,0.0326653805222782,0.02038786945583526
Persistence,mean,14,3,2023-05-28,2023-10-19,2023-08-26,2023-09-09,0.0335219562981791,0.02742056385042249
Local Kalman-OU,mean,14,3,2023-05-28,2023-10-19,2023-08-26,2023-09-09,0.0335219562981791,0.021296767006793622
Persistence,mean,14,3,2023-05-28,2023-10-19,2023-08-27,2023-09-10,0.0341728924304534,0.027367559848038212
Local Kalman-OU,mean,14,3,2023-05-28,2023-10-19,2023-08-27,2023-09-10,0.0341728924304534,0.022186515205405682
Persistence,mean,14,3,2023-05-28,2023-10-19,2023-08-28,2023-09-11,0.0365213324876946,0.025368347649415868
Local Kalman-OU,mean,14,3,2023-05-28,2023-10-19,2023-08-28,2023-09-11,0.0365213324876946,0.022821924728808767
Persistence,mean,14,3,2023-05-28,2023-10-19,2023-08-29,2023-09-12,0.0356007963210577,0.025850504108248712
Local Kalman-OU,mean,14,3,2023-05-28,2023-10-19,2023-08-29,2023-09-12,0.0356007963210577,0.02362870168282081
Persistence,mean,14,3,2023-05-28,2023-10-19,2023-08-30,2023-09-13,0.0388320985219748,0.02589425783196988
Local Kalman-OU,mean,14,3,2023-05-28,2023-10-19,2023-08-30,2023-09-13,0.0388320985219748,0.024452948819825217
Persistence,mean,14,3,2023-05-28,2023-10-19,2023-08-31,2023-09-14,0.0404257756447544,0.026258065168719865
Local Kalman-OU,mean,14,3,2023-05-28,2023-10-19,2023-08-31,2023-09-14,0.0404257756447544,0.02532152058969918
Persistence,mean,14,3,2023-05-28,2023-10-19,2023-09-01,2023-09-15,0.0411650247559078,0.02658797698447568
Local Kalman-OU,mean,14,3,2023-05-28,2023-10-19,2023-09-01,2023-09-15,0.0411650247559078,0.026207805298175464
Persistence,mean,14,3,2023-05-28,2023-10-19,2023-09-02,2023-09-16,0.0412015501803948,0.027435533877634415
Local Kalman-OU,mean,14,3,2023-05-28,2023-10-19,2023-09-02,2023-09-16,0.0412015501803948,0.027134169531654297
Persistence,mean,14,3,2023-05-28,2023-10-19,2023-09-03,2023-09-17,0.041760873519425,0.0277461345559839
Local Kalman-OU,mean,14,3,2023-05-28,2023-10-19,2023-09-03,2023-09-17,0.041760873519425,0.028055077361771603
Persistence,mean,14,3,2023-05-28,2023-10-19,2023-09-04,2023-09-18,0.0398648546095079,0.02996470924665842
Local Kalman-OU,mean,14,3,2023-05-28,2023-10-19,2023-09-04,2023-09-18,0.0398648546095079,0.02915203770585939
Persistence,mean,14,3,2023-05-28,2023-10-19,2023-09-05,2023-09-19,0.0411350831474453,0.030711415932792845
Local Kalman-OU,mean,14,3,2023-05-28,2023-10-19,2023-09-05,2023-09-19,0.0411350831474453,0.030175235680722088
Persistence,mean,14,3,2023-05-28,2023-10-19,2023-09-06,2023-09-20,0.0418768852124849,0.03146528337075428
Local Kalman-OU,mean,14,3,2023-05-28,2023-10-19,2023-09-06,2023-09-20,0.0418768852124849,0.031205044703512562
Persistence,mean,14,3,2023-05-28,2023-10-19,2023-09-07,2023-09-21,0.0426606558282112,0.03168780574315189
Local Kalman-OU,mean,14,3,2023-05-28,2023-10-19,2023-09-07,2023-09-21,0.0426606558282112,0.03221252559470683
Persistence,mean,14,3,2023-05-28,2023-10-19,2023-09-08,2023-09-22,0.0412121880054972,0.03266538052227829
Local Kalman-OU,mean,14,3,2023-05-28,2023-10-19,2023-09-08,2023-09-22,0.0412121880054972,0.03324410194258567
Persistence,mean,14,3,2023-05-28,2023-10-19,2023-09-09,2023-09-23,0.0406334689418892,0.033521956298179126
Local Kalman-OU,mean,14,3,2023-05-28,2023-10-19,2023-09-09,2023-09-23,0.0406334689418892,0.03428258272170064
Persistence,mean,14,3,2023-05-28,2023-10-19,2023-09-10,2023-09-24,0.0407126173265185,0.0341728924304534
Local Kalman-OU,mean,14,3,2023-05-28,2023-10-19,2023-09-10,2023-09-24,0.0407126173265185,0.035293446741140766
Persistence,mean,14,3,2023-05-28,2023-10-19,2023-09-11,2023-09-25,0.0416876196818655,0.036521332487694604
Local Kalman-OU,mean,14,3,2023-05-28,2023-10-19,2023-09-11,2023-09-25,0.0416876196818655,0.036460119292953036
Persistence,mean,14,3,2023-05-28,2023-10-19,2023-09-12,2023-09-26,0.0472992948756675,0.035600796321057775
Local Kalman-OU,mean,14,3,2023-05-28,2023-10-19,2023-09-12,2023-09-26,0.0472992948756675,0.03743349114191891
Persistence,mean,14,3,2023-05-28,2023-10-19,2023-09-13,2023-09-27,0.0483818513768806,0.03883209852197485
Local Kalman-OU,mean,14,3,2023-05-28,2023-10-19,2023-09-13,2023-09-27,0.0483818513768806,0.03865550905651517
Persistence,mean,14,3,2023-05-28,2023-10-19,2023-09-14,2023-09-28,0.0492615347164035,0.04042577564475446
Local Kalman-OU,mean,14,3,2023-05-28,2023-10-19,2023-09-14,2023-09-28,0.0492615347164035,0.039950070097331196
Persistence,mean,14,3,2023-05-28,2023-10-19,2023-09-15,2023-09-29,0.0507921533594418,0.04116502475590788
Local Kalman-OU,mean,14,3,2023-05-28,2023-10-19,2023-09-15,2023-09-29,0.0507921533594418,0.0412443283115891
Persistence,mean,14,3,2023-05-28,2023-10-19,2023-09-16,2023-09-30,0.0520991734971554,0.04120155018039486
Local Kalman-OU,mean,14,3,2023-05-28,2023-10-19,2023-09-16,2023-09-30,0.0520991734971554,0.042469652827330985
Persistence,mean,14,3,2023-05-28,2023-10-19,2023-09-17,2023-10-01,0.0542284810915235,0.041760873519425014
Local Kalman-OU,mean,14,3,2023-05-28,2023-10-19,2023-09-17,2023-10-01,0.0542284810915235,0.04369786621191805
Persistence,mean,14,3,2023-05-28,2023-10-19,2023-09-18,2023-10-02,0.0542284810915235,0.039864854609507935
Local Kalman-OU,mean,14,3,2023-05-28,2023-10-19,2023-09-18,2023-10-02,0.0542284810915235,0.04468330282099183
Persistence,mean,14,3,2023-05-28,2023-10-19,2023-09-19,2023-10-03,0.0571606463074874,0.041135083147445385
Local Kalman-OU,mean,14,3,2023-05-28,2023-10-19,2023-09-19,2023-10-03,0.0571606463074874,0.04583319359257077
Persistence,mean,14,3,2023-05-28,2023-10-19,2023-09-20,2023-10-04,0.0592071345777762,0.041876885212484914
Local Kalman-OU,mean,14,3,2023-05-28,2023-10-19,2023-09-20,2023-10-04,0.0592071345777762,0.04694833160286094
Persistence,mean,14,3,2023-05-28,2023-10-19,2023-09-21,2023-10-05,0.0604094030882598,0.04266065582821124
Local Kalman-OU,mean,14,3,2023-05-28,2023-10-19,2023-09-21,2023-10-05,0.0604094030882598,0.04803127202418028
Persistence,mean,14,3,2023-05-28,2023-10-19,2023-09-22,2023-10-06,0.0609006384193607,0.041212188005497245
Local Kalman-OU,mean,14,3,2023-05-28,2023-10-19,2023-09-22,2023-10-06,0.0609006384193607,0.04888737543463383
Persistence,mean,14,3,2023-05-28,2023-10-19,2023-09-23,2023-10-07,0.0613193853412927,0.040633468941889246
Local Kalman-OU,mean,14,3,2023-05-28,2023-10-19,2023-09-23,2023-10-07,0.0613193853412927,0.049578987715297736
Persistence,mean,14,3,2023-05-28,2023-10-19,2023-09-24,2023-10-08,0.0615882249201176,0.04071261732651853
Local Kalman-OU,mean,14,3,2023-05-28,2023-10-19,2023-09-24,2023-10-08,0.0615882249201176,0.050162216327604044
Persistence,mean,14,3,2023-05-28,2023-10-19,2023-09-25,2023-10-09,0.0631647592892672,0.0416876196818655
Local Kalman-OU,mean,14,3,2023-05-28,2023-10-19,2023-09-25,2023-10-09,0.0631647592892672,0.05075449486130204
Persistence,mean,14,3,2023-05-28,2023-10-19,2023-09-26,2023-10-10,0.0610398321469273,0.047299294875667516
Local Kalman-OU,mean,14,3,2023-05-28,2023-10-19,2023-09-26,2023-10-10,0.0610398321469273,0.05188456205618072
Persistence,mean,14,3,2023-05-28,2023-10-19,2023-09-27,2023-10-11,0.060229509222317,0.04838185137688062
Local Kalman-OU,mean,14,3,2023-05-28,2023-10-19,2023-09-27,2023-10-11,0.060229509222317,0.05304801436406331
Persistence,mean,14,3,2023-05-28,2023-10-19,2023-09-28,2023-10-12,0.0587077468091599,0.04926153471640357
Local Kalman-OU,mean,14,3,2023-05-28,2023-10-19,2023-09-28,2023-10-12,0.0587077468091599,0.05424900117190751
Persistence,mean,14,3,2023-05-28,2023-10-19,2023-09-29,2023-10-13,0.0576838165217004,0.05079215335944181
Local Kalman-OU,mean,14,3,2023-05-28,2023-10-19,2023-09-29,2023-10-13,0.0576838165217004,0.055513576740883724
Persistence,mean,14,3,2023-05-28,2023-10-19,2023-09-30,2023-10-14,0.0563148136763107,0.052099173497155475
Local Kalman-OU,mean,14,3,2023-05-28,2023-10-19,2023-09-30,2023-10-14,0.0563148136763107,0.05681921603501361
Persistence,mean,14,3,2023-05-28,2023-10-19,2023-10-01,2023-10-15,0.0546615465690329,0.054228481091523596
Local Kalman-OU,mean,14,3,2023-05-28,2023-10-19,2023-10-01,2023-10-15,0.0546615465690329,0.05819963365007916
Persistence,mean,14,3,2023-05-28,2023-10-19,2023-10-02,2023-10-16,0.0552945790390845,0.054228481091523596
Local Kalman-OU,mean,14,3,2023-05-28,2023-10-19,2023-10-02,2023-10-16,0.0552945790390845,0.059430393327715186
Persistence,mean,14,3,2023-05-28,2023-10-19,2023-10-03,2023-10-17,0.0543979885707605,0.057160646307487406
Local Kalman-OU,mean,14,3,2023-05-28,2023-10-19,2023-10-03,2023-10-17,0.0543979885707605,0.060735835849672584
Persistence,mean,14,3,2023-05-28,2023-10-19,2023-10-04,2023-10-18,0.0541390143705266,0.059207134577776245
Local Kalman-OU,mean,14,3,2023-05-28,2023-10-19,2023-10-04,2023-10-18,0.0541390143705266,0.06214238103574572
Persistence,mean,14,3,2023-05-28,2023-10-19,2023-10-05,2023-10-19,0.0542820211508042,0.06040940308825981
Local Kalman-OU,mean,14,3,2023-05-28,2023-10-19,2023-10-05,2023-10-19,0.0542820211508042,0.06357225192571038
Persistence,mean,28,3,2023-05-28,2023-10-19,2023-05-01,2023-05-29,0.042551361925533,0.12248023391402711
Local Kalman-OU,mean,28,3,2023-05-28,2023-10-19,2023-05-01,2023-05-29,0.042551361925533,0.08884602245096361
Persistence,mean,28,3,2023-05-28,2023-10-19,2023-05-02,2023-05-30,0.040431354495637,0.11968301461128764
Local Kalman-OU,mean,28,3,2023-05-28,2023-10-19,2023-05-02,2023-05-30,0.040431354495637,0.08394340665700216
Persistence,mean,28,3,2023-05-28,2023-10-19,2023-05-03,2023-05-31,0.0379567634633649,0.11920247391399154
Local Kalman-OU,mean,28,3,2023-05-28,2023-10-19,2023-05-03,2023-05-31,0.0379567634633649,0.0798214206962189
Persistence,mean,28,3,2023-05-28,2023-10-19,2023-05-04,2023-06-01,0.0373976908582477,0.12869314810195628
Local Kalman-OU,mean,28,3,2023-05-28,2023-10-19,2023-05-04,2023-06-01,0.0373976908582477,0.07716860900478958
Persistence,mean,28,3,2023-05-28,2023-10-19,2023-05-05,2023-06-02,0.0369090229372637,0.12727861493093753
Local Kalman-OU,mean,28,3,2023-05-28,2023-10-19,2023-05-05,2023-06-02,0.0369090229372637,0.07503864393005498
Persistence,mean,28,3,2023-05-28,2023-10-19,2023-05-06,2023-06-03,0.0362252077996667,0.12410535387905211
Local Kalman-OU,mean,28,3,2023-05-28,2023-10-19,2023-05-06,2023-06-03,0.0362252077996667,0.07270111115246666
Persistence,mean,28,3,2023-05-28,2023-10-19,2023-05-07,2023-06-04,0.0344848930736816,0.12238086324057137
Local Kalman-OU,mean,28,3,2023-05-28,2023-10-19,2023-05-07,2023-06-04,0.0344848930736816,0.0696522894372883
Persistence,mean,28,3,2023-05-28,2023-10-19,2023-05-08,2023-06-05,0.0322551563472298,0.11974234371042235
Local Kalman-OU,mean,28,3,2023-05-28,2023-10-19,2023-05-08,2023-06-05,0.0322551563472298,0.0660083901097676
Persistence,mean,28,3,2023-05-28,2023-10-19,2023-05-09,2023-06-06,0.0288474588595936,0.11909085695372924
Local Kalman-OU,mean,28,3,2023-05-28,2023-10-19,2023-05-09,2023-06-06,0.0288474588595936,0.06243110072419784
Persistence,mean,28,3,2023-05-28,2023-10-19,2023-05-10,2023-06-07,0.028145270889968,0.11850857563278737
Local Kalman-OU,mean,28,3,2023-05-28,2023-10-19,2023-05-10,2023-06-07,0.028145270889968,0.059213567871957064
Persistence,mean,28,3,2023-05-28,2023-10-19,2023-05-11,2023-06-08,0.0278104383439316,0.11672714671105766
Local Kalman-OU,mean,28,3,2023-05-28,2023-10-19,2023-05-11,2023-06-08,0.0278104383439316,0.05616956769324556
Persistence,mean,28,3,2023-05-28,2023-10-19,2023-05-12,2023-06-09,0.0276164027389459,0.11287294793425826
Local Kalman-OU,mean,28,3,2023-05-28,2023-10-19,2023-05-12,2023-06-09,0.0276164027389459,0.053198318057599385
Persistence,mean,28,3,2023-05-28,2023-10-19,2023-05-13,2023-06-10,0.0277615732354586,0.11370227981642156
Local Kalman-OU,mean,28,3,2023-05-28,2023-10-19,2023-05-13,2023-06-10,0.0277615732354586,0.050781304977980335
Persistence,mean,28,3,2023-05-28,2023-10-19,2023-05-14,2023-06-11,0.0276311401220864,0.10769146925493792
Local Kalman-OU,mean,28,3,2023-05-28,2023-10-19,2023-05-14,2023-06-11,0.0276311401220864,0.04807079142790564
Persistence,mean,28,3,2023-05-28,2023-10-19,2023-05-15,2023-06-12,0.0276276722476061,0.10006522688482046
Local Kalman-OU,mean,28,3,2023-05-28,2023-10-19,2023-05-15,2023-06-12,0.0276276722476061,0.044808915265503006
Persistence,mean,28,3,2023-05-28,2023-10-19,2023-05-16,2023-06-13,0.0266440982061456,0.09058666727676999
Local Kalman-OU,mean,28,3,2023-05-28,2023-10-19,2023-05-16,2023-06-13,0.0266440982061456,0.040800235206566865
Persistence,mean,28,3,2023-05-28,2023-10-19,2023-05-17,2023-06-14,0.0250418969272669,0.08755313597188687
Local Kalman-OU,mean,28,3,2023-05-28,2023-10-19,2023-05-17,2023-06-14,0.0250418969272669,0.036357620404317656
Persistence,mean,28,3,2023-05-28,2023-10-19,2023-05-18,2023-06-15,0.0233852535045201,0.07369884658663722
Local Kalman-OU,mean,28,3,2023-05-28,2023-10-19,2023-05-18,2023-06-15,0.0233852535045201,0.030644664144758155
Persistence,mean,28,3,2023-05-28,2023-10-19,2023-05-19,2023-06-16,0.0214204111470713,0.07230143083435724
Local Kalman-OU,mean,28,3,2023-05-28,2023-10-19,2023-05-19,2023-06-16,0.0214204111470713,0.024600425707706302
Persistence,mean,28,3,2023-05-28,2023-10-19,2023-05-20,2023-06-17,0.0205126342328133,0.07131694828301699
Local Kalman-OU,mean,28,3,2023-05-28,2023-10-19,2023-05-20,2023-06-17,0.0205126342328133,0.018766748178762924
Persistence,mean,28,3,2023-05-28,2023-10-19,2023-05-21,2023-06-18,0.0202678701334733,0.06948557446403375
Local Kalman-OU,mean,28,3,2023-05-28,2023-10-19,2023-05-21,2023-06-18,0.0202678701334733,0.013173997799291756
Persistence,mean,28,3,2023-05-28,2023-10-19,2023-05-22,2023-06-19,0.0201763215777115,0.06757073120006743
Local Kalman-OU,mean,28,3,2023-05-28,2023-10-19,2023-05-22,2023-06-19,0.0201763215777115,0.008078382967370738
Persistence,mean,28,3,2023-05-28,2023-10-19,2023-05-23,2023-06-20,0.018046791735304,0.05917569386710269
Local Kalman-OU,mean,28,3,2023-05-28,2023-10-19,2023-05-23,2023-06-20,0.018046791735304,0.0027775628596421634
Persistence,mean,28,3,2023-05-28,2023-10-19,2023-05-24,2023-06-21,0.0178234692307645,0.05209589849082283
Local Kalman-OU,mean,28,3,2023-05-28,2023-10-19,2023-05-24,2023-06-21,0.0178234692307645,0.0
Persistence,mean,28,3,2023-05-28,2023-10-19,2023-05-25,2023-06-22,0.0174668341572308,0.047670919141119025
Local Kalman-OU,mean,28,3,2023-05-28,2023-10-19,2023-05-25,2023-06-22,0.0174668341572308,0.0
Persistence,mean,28,3,2023-05-28,2023-10-19,2023-05-26,2023-06-23,0.0170895546823357,0.04658125556350944
Local Kalman-OU,mean,28,3,2023-05-28,2023-10-19,2023-05-26,2023-06-23,0.0170895546823357,0.0
Persistence,mean,28,3,2023-05-28,2023-10-19,2023-05-27,2023-06-24,0.0169368286219409,0.04447135206013668
Local Kalman-OU,mean,28,3,2023-05-28,2023-10-19,2023-05-27,2023-06-24,0.0169368286219409,0.0
Persistence,mean,28,3,2023-05-28,2023-10-19,2023-05-28,2023-06-25,0.0164086962274181,0.04407432392050379
Local Kalman-OU,mean,28,3,2023-05-28,2023-10-19,2023-05-28,2023-06-25,0.0164086962274181,0.0
Persistence,mean,28,3,2023-05-28,2023-10-19,2023-05-29,2023-06-26,0.0157256704901652,0.042551361925533084
Local Kalman-OU,mean,28,3,2023-05-28,2023-10-19,2023-05-29,2023-06-26,0.0157256704901652,0.0
Persistence,mean,28,3,2023-05-28,2023-10-19,2023-05-30,2023-06-27,0.0159513704703154,0.04043135449563707
Local Kalman-OU,mean,28,3,2023-05-28,2023-10-19,2023-05-30,2023-06-27,0.0159513704703154,0.0
Persistence,mean,28,3,2023-05-28,2023-10-19,2023-05-31,2023-06-28,0.0170484312492356,0.03795676346336498
Local Kalman-OU,mean,28,3,2023-05-28,2023-10-19,2023-05-31,2023-06-28,0.0170484312492356,0.0
Persistence,mean,28,3,2023-05-28,2023-10-19,2023-06-01,2023-06-29,0.0177978767586883,0.0373976908582477
Local Kalman-OU,mean,28,3,2023-05-28,2023-10-19,2023-06-01,2023-06-29,0.0177978767586883,0.0
Persistence,mean,28,3,2023-05-28,2023-10-19,2023-06-02,2023-06-30,0.0187781781915967,0.03690902293726377
Local Kalman-OU,mean,28,3,2023-05-28,2023-10-19,2023-06-02,2023-06-30,0.0187781781915967,0.0
Persistence,mean,28,3,2023-05-28,2023-10-19,2023-06-03,2023-07-01,0.0190289139998906,0.03622520779966677
Local Kalman-OU,mean,28,3,2023-05-28,2023-10-19,2023-06-03,2023-07-01,0.0190289139998906,0.0
Persistence,mean,28,3,2023-05-28,2023-10-19,2023-06-04,2023-07-02,0.0191834843279582,0.03448489307368162
Local Kalman-OU,mean,28,3,2023-05-28,2023-10-19,2023-06-04,2023-07-02,0.0191834843279582,0.0
Persistence,mean,28,3,2023-05-28,2023-10-19,2023-06-05,2023-07-03,0.0185568532095038,0.03225515634722982
Local Kalman-OU,mean,28,3,2023-05-28,2023-10-19,2023-06-05,2023-07-03,0.0185568532095038,0.0
Persistence,mean,28,3,2023-05-28,2023-10-19,2023-06-06,2023-07-04,0.0208504593902441,0.028847458859593642
Local Kalman-OU,mean,28,3,2023-05-28,2023-10-19,2023-06-06,2023-07-04,0.0208504593902441,0.0
Persistence,mean,28,3,2023-05-28,2023-10-19,2023-06-07,2023-07-05,0.0212864073397356,0.028145270889968054
Local Kalman-OU,mean,28,3,2023-05-28,2023-10-19,2023-06-07,2023-07-05,0.0212864073397356,0.0
Persistence,mean,28,3,2023-05-28,2023-10-19,2023-06-08,2023-07-06,0.0216439281042692,0.027810438343931678
Local Kalman-OU,mean,28,3,2023-05-28,2023-10-19,2023-06-08,2023-07-06,0.0216439281042692,0.0
Persistence,mean,28,3,2023-05-28,2023-10-19,2023-06-09,2023-07-07,0.0216308251833022,0.02761640273894596
Local Kalman-OU,mean,28,3,2023-05-28,2023-10-19,2023-06-09,2023-07-07,0.0216308251833022,0.0
Persistence,mean,28,3,2023-05-28,2023-10-19,2023-06-10,2023-07-08,0.0212004255174105,0.027761573235458626
Local Kalman-OU,mean,28,3,2023-05-28,2023-10-19,2023-06-10,2023-07-08,0.0212004255174105,0.0
Persistence,mean,28,3,2023-05-28,2023-10-19,2023-06-11,2023-07-09,0.0209218713821802,0.027631140122086423
Local Kalman-OU,mean,28,3,2023-05-28,2023-10-19,2023-06-11,2023-07-09,0.0209218713821802,0.0
Persistence,mean,28,3,2023-05-28,2023-10-19,2023-06-12,2023-07-10,0.0206476491330533,0.02762767224760617
Local Kalman-OU,mean,28,3,2023-05-28,2023-10-19,2023-06-12,2023-07-10,0.0206476491330533,0.0
Persistence,mean,28,3,2023-05-28,2023-10-19,2023-06-13,2023-07-11,0.0187597038326174,0.026644098206145692
Local Kalman-OU,mean,28,3,2023-05-28,2023-10-19,2023-06-13,2023-07-11,0.0187597038326174,0.0
Persistence,mean,28,3,2023-05-28,2023-10-19,2023-06-14,2023-07-12,0.018255543877761,0.02504189692726691
Local Kalman-OU,mean,28,3,2023-05-28,2023-10-19,2023-06-14,2023-07-12,0.018255543877761,0.0
Persistence,mean,28,3,2023-05-28,2023-10-19,2023-06-15,2023-07-13,0.0181572866845097,0.023385253504520125
Local Kalman-OU,mean,28,3,2023-05-28,2023-10-19,2023-06-15,2023-07-13,0.0181572866845097,0.0
Persistence,mean,28,3,2023-05-28,2023-10-19,2023-06-16,2023-07-14,0.0176613392558651,0.02142041114707139
Local Kalman-OU,mean,28,3,2023-05-28,2023-10-19,2023-06-16,2023-07-14,0.0176613392558651,0.0
Persistence,mean,28,3,2023-05-28,2023-10-19,2023-06-17,2023-07-15,0.0171429800760933,0.020512634232813375
Local Kalman-OU,mean,28,3,2023-05-28,2023-10-19,2023-06-17,2023-07-15,0.0171429800760933,0.0
Persistence,mean,28,3,2023-05-28,2023-10-19,2023-06-18,2023-07-16,0.0164514514745288,0.02026787013347333
Local Kalman-OU,mean,28,3,2023-05-28,2023-10-19,2023-06-18,2023-07-16,0.0164514514745288,0.0
Persistence,mean,28,3,2023-05-28,2023-10-19,2023-06-19,2023-07-17,0.0161489354115824,0.020176321577711504
Local Kalman-OU,mean,28,3,2023-05-28,2023-10-19,2023-06-19,2023-07-17,0.0161489354115824,0.0
Persistence,mean,28,3,2023-05-28,2023-10-19,2023-06-20,2023-07-18,0.0153985470987492,0.018046791735304078
Local Kalman-OU,mean,28,3,2023-05-28,2023-10-19,2023-06-20,2023-07-18,0.0153985470987492,0.0
Persistence,mean,28,3,2023-05-28,2023-10-19,2023-06-21,2023-07-19,0.0153379762318061,0.01782346923076451
Local Kalman-OU,mean,28,3,2023-05-28,2023-10-19,2023-06-21,2023-07-19,0.0153379762318061,0.0
Persistence,mean,28,3,2023-05-28,2023-10-19,2023-06-22,2023-07-20,0.0151222191476377,0.017466834157230875
Local Kalman-OU,mean,28,3,2023-05-28,2023-10-19,2023-06-22,2023-07-20,0.0151222191476377,0.0
Persistence,mean,28,3,2023-05-28,2023-10-19,2023-06-23,2023-07-21,0.0151318451527297,0.017089554682335775
Local Kalman-OU,mean,28,3,2023-05-28,2023-10-19,2023-06-23,2023-07-21,0.0151318451527297,0.0
Persistence,mean,28,3,2023-05-28,2023-10-19,2023-06-24,2023-07-22,0.0151542543078025,0.01693682862194099
Local Kalman-OU,mean,28,3,2023-05-28,2023-10-19,2023-06-24,2023-07-22,0.0151542543078025,0.0
Persistence,mean,28,3,2023-05-28,2023-10-19,2023-06-25,2023-07-23,0.0155218896273116,0.01640869622741816
Local Kalman-OU,mean,28,3,2023-05-28,2023-10-19,2023-06-25,2023-07-23,0.0155218896273116,0.0
Persistence,mean,28,3,2023-05-28,2023-10-19,2023-06-26,2023-07-24,0.0157348686038957,0.015725670490165287
Local Kalman-OU,mean,28,3,2023-05-28,2023-10-19,2023-06-26,2023-07-24,0.0157348686038957,0.0
Persistence,mean,28,3,2023-05-28,2023-10-19,2023-06-27,2023-07-25,0.0174992346291004,0.015951370470315467
Local Kalman-OU,mean,28,3,2023-05-28,2023-10-19,2023-06-27,2023-07-25,0.0174992346291004,0.0
Persistence,mean,28,3,2023-05-28,2023-10-19,2023-06-28,2023-07-26,0.0168829323172596,0.01704843124923566
Local Kalman-OU,mean,28,3,2023-05-28,2023-10-19,2023-06-28,2023-07-26,0.0168829323172596,0.0
Persistence,mean,28,3,2023-05-28,2023-10-19,2023-06-29,2023-07-27,0.0163044841674518,0.017797876758688304
Local Kalman-OU,mean,28,3,2023-05-28,2023-10-19,2023-06-29,2023-07-27,0.0163044841674518,0.0
Persistence,mean,28,3,2023-05-28,2023-10-19,2023-06-30,2023-07-28,0.0160946434472257,0.01877817819159672
Local Kalman-OU,mean,28,3,2023-05-28,2023-10-19,2023-06-30,2023-07-28,0.0160946434472257,0.0
Persistence,mean,28,3,2023-05-28,2023-10-19,2023-07-01,2023-07-29,0.0154951061244432,0.019028913999890686
Local Kalman-OU,mean,28,3,2023-05-28,2023-10-19,2023-07-01,2023-07-29,0.0154951061244432,0.0
Persistence,mean,28,3,2023-05-28,2023-10-19,2023-07-02,2023-07-30,0.0147860267749153,0.019183484327958265
Local Kalman-OU,mean,28,3,2023-05-28,2023-10-19,2023-07-02,2023-07-30,0.0147860267749153,0.0
Persistence,mean,28,3,2023-05-28,2023-10-19,2023-07-03,2023-07-31,0.014613387658776,0.018556853209503864
Local Kalman-OU,mean,28,3,2023-05-28,2023-10-19,2023-07-03,2023-07-31,0.014613387658776,0.0
Persistence,mean,28,3,2023-05-28,2023-10-19,2023-07-04,2023-08-01,0.015829941411054,0.020850459390244182
Local Kalman-OU,mean,28,3,2023-05-28,2023-10-19,2023-07-04,2023-08-01,0.015829941411054,0.0
Persistence,mean,28,3,2023-05-28,2023-10-19,2023-07-05,2023-08-02,0.0161295799124942,0.021286407339735632
Local Kalman-OU,mean,28,3,2023-05-28,2023-10-19,2023-07-05,2023-08-02,0.0161295799124942,0.0
Persistence,mean,28,3,2023-05-28,2023-10-19,2023-07-06,2023-08-03,0.0168391220899545,0.02164392810426926
Local Kalman-OU,mean,28,3,2023-05-28,2023-10-19,2023-07-06,2023-08-03,0.0168391220899545,0.0
Persistence,mean,28,3,2023-05-28,2023-10-19,2023-07-07,2023-08-04,0.0169792643064472,0.02163082518330223
Local Kalman-OU,mean,28,3,2023-05-28,2023-10-19,2023-07-07,2023-08-04,0.0169792643064472,0.0
Persistence,mean,28,3,2023-05-28,2023-10-19,2023-07-08,2023-08-05,0.0171647243732446,0.02120042551741052
Local Kalman-OU,mean,28,3,2023-05-28,2023-10-19,2023-07-08,2023-08-05,0.0171647243732446,0.0
Persistence,mean,28,3,2023-05-28,2023-10-19,2023-07-09,2023-08-06,0.0166844558684477,0.020921871382180292
Local Kalman-OU,mean,28,3,2023-05-28,2023-10-19,2023-07-09,2023-08-06,0.0166844558684477,0.0
Persistence,mean,28,3,2023-05-28,2023-10-19,2023-07-10,2023-08-07,0.0159992485132267,0.02064764913305339
Local Kalman-OU,mean,28,3,2023-05-28,2023-10-19,2023-07-10,2023-08-07,0.0159992485132267,0.0
Persistence,mean,28,3,2023-05-28,2023-10-19,2023-07-11,2023-08-08,0.0144439163906352,0.018759703832617464
Local Kalman-OU,mean,28,3,2023-05-28,2023-10-19,2023-07-11,2023-08-08,0.0144439163906352,0.0
Persistence,mean,28,3,2023-05-28,2023-10-19,2023-07-12,2023-08-09,0.0148581068067853,0.01825554387776106
Local Kalman-OU,mean,28,3,2023-05-28,2023-10-19,2023-07-12,2023-08-09,0.0148581068067853,0.0
Persistence,mean,28,3,2023-05-28,2023-10-19,2023-07-13,2023-08-10,0.0153958801268894,0.01815728668450978
Local Kalman-OU,mean,28,3,2023-05-28,2023-10-19,2023-07-13,2023-08-10,0.0153958801268894,0.0
Persistence,mean,28,3,2023-05-28,2023-10-19,2023-07-14,2023-08-11,0.0159711473132509,0.01766133925586516
Local Kalman-OU,mean,28,3,2023-05-28,2023-10-19,2023-07-14,2023-08-11,0.0159711473132509,0.0
Persistence,mean,28,3,2023-05-28,2023-10-19,2023-07-15,2023-08-12,0.0172772052184829,0.017142980076093314
Local Kalman-OU,mean,28,3,2023-05-28,2023-10-19,2023-07-15,2023-08-12,0.0172772052184829,0.0
Persistence,mean,28,3,2023-05-28,2023-10-19,2023-07-16,2023-08-13,0.0192879515890095,0.016451451474528863
Local Kalman-OU,mean,28,3,2023-05-28,2023-10-19,2023-07-16,2023-08-13,0.0192879515890095,0.0
Persistence,mean,28,3,2023-05-28,2023-10-19,2023-07-17,2023-08-14,0.0203374252272425,0.01614893541158249
Local Kalman-OU,mean,28,3,2023-05-28,2023-10-19,2023-07-17,2023-08-14,0.0203374252272425,0.0
Persistence,mean,28,3,2023-05-28,2023-10-19,2023-07-18,2023-08-15,0.020049524607116,0.015398547098749276
Local Kalman-OU,mean,28,3,2023-05-28,2023-10-19,2023-07-18,2023-08-15,0.020049524607116,0.0
Persistence,mean,28,3,2023-05-28,2023-10-19,2023-07-19,2023-08-16,0.0200508407398176,0.015337976231806149
Local Kalman-OU,mean,28,3,2023-05-28,2023-10-19,2023-07-19,2023-08-16,0.0200508407398176,0.0
Persistence,mean,28,3,2023-05-28,2023-10-19,2023-07-20,2023-08-17,0.0196362564205287,0.0151222191476377
Local Kalman-OU,mean,28,3,2023-05-28,2023-10-19,2023-07-20,2023-08-17,0.0196362564205287,0.0
Persistence,mean,28,3,2023-05-28,2023-10-19,2023-07-21,2023-08-18,0.0198398225852111,0.0151318451527297
Local Kalman-OU,mean,28,3,2023-05-28,2023-10-19,2023-07-21,2023-08-18,0.0198398225852111,0.0
Persistence,mean,28,3,2023-05-28,2023-10-19,2023-07-22,2023-08-19,0.0202026604645677,0.015154254307802536
Local Kalman-OU,mean,28,3,2023-05-28,2023-10-19,2023-07-22,2023-08-19,0.0202026604645677,0.0008406604409230342
Persistence,mean,28,3,2023-05-28,2023-10-19,2023-07-23,2023-08-20,0.021500459689544,0.015521889627311635
Local Kalman-OU,mean,28,3,2023-05-28,2023-10-19,2023-07-23,2023-08-20,0.021500459689544,0.0018294449244887732
Persistence,mean,28,3,2023-05-28,2023-10-19,2023-07-24,2023-08-21,0.0225101670319655,0.015734868603895745
Local Kalman-OU,mean,28,3,2023-05-28,2023-10-19,2023-07-24,2023-08-21,0.0225101670319655,0.0028151049179354105
Persistence,mean,28,3,2023-05-28,2023-10-19,2023-07-25,2023-08-22,0.0249693885403835,0.017499234629100403
Local Kalman-OU,mean,28,3,2023-05-28,2023-10-19,2023-07-25,2023-08-22,0.0249693885403835,0.003926715002853368
Persistence,mean,28,3,2023-05-28,2023-10-19,2023-07-26,2023-08-23,0.0262008852008395,0.016882932317259604
Local Kalman-OU,mean,28,3,2023-05-28,2023-10-19,2023-07-26,2023-08-23,0.0262008852008395,0.004826663762553515
Persistence,mean,28,3,2023-05-28,2023-10-19,2023-07-27,2023-08-24,0.0268359746817431,0.016304484167451897
Local Kalman-OU,mean,28,3,2023-05-28,2023-10-19,2023-07-27,2023-08-24,0.0268359746817431,0.005685420873980905
Persistence,mean,28,3,2023-05-28,2023-10-19,2023-07-28,2023-08-25,0.0272033215122494,0.016094643447225748
Local Kalman-OU,mean,28,3,2023-05-28,2023-10-19,2023-07-28,2023-08-25,0.0272033215122494,0.006554451170252849
Persistence,mean,28,3,2023-05-28,2023-10-19,2023-07-29,2023-08-26,0.0274205638504224,0.015495106124443202
Local Kalman-OU,mean,28,3,2023-05-28,2023-10-19,2023-07-29,2023-08-26,0.0274205638504224,0.007367469655726863
Persistence,mean,28,3,2023-05-28,2023-10-19,2023-07-30,2023-08-27,0.0273675598480382,0.014786026774915318
Local Kalman-OU,mean,28,3,2023-05-28,2023-10-19,2023-07-30,2023-08-27,0.0273675598480382,0.008015413343526977
Persistence,mean,28,3,2023-05-28,2023-10-19,2023-07-31,2023-08-28,0.0253683476494158,0.014613387658776041
Local Kalman-OU,mean,28,3,2023-05-28,2023-10-19,2023-07-31,2023-08-28,0.0253683476494158,0.008515737572147502
Persistence,mean,28,3,2023-05-28,2023-10-19,2023-08-01,2023-08-29,0.0258505041082487,0.015829941411054087
Local Kalman-OU,mean,28,3,2023-05-28,2023-10-19,2023-08-01,2023-08-29,0.0258505041082487,0.008924048366863908
Persistence,mean,28,3,2023-05-28,2023-10-19,2023-08-02,2023-08-30,0.0258942578319698,0.016129579912494238
Local Kalman-OU,mean,28,3,2023-05-28,2023-10-19,2023-08-02,2023-08-30,0.0258942578319698,0.009354972751862459
Persistence,mean,28,3,2023-05-28,2023-10-19,2023-08-03,2023-08-31,0.0262580651687198,0.01683912208995456
Local Kalman-OU,mean,28,3,2023-05-28,2023-10-19,2023-08-03,2023-08-31,0.0262580651687198,0.009887949844613497
Persistence,mean,28,3,2023-05-28,2023-10-19,2023-08-04,2023-09-01,0.0265879769844756,0.016979264306447285
Local Kalman-OU,mean,28,3,2023-05-28,2023-10-19,2023-08-04,2023-09-01,0.0265879769844756,0.010462156482661364
Persistence,mean,28,3,2023-05-28,2023-10-19,2023-08-05,2023-09-02,0.0274355338776344,0.01716472437324465
Local Kalman-OU,mean,28,3,2023-05-28,2023-10-19,2023-08-05,2023-09-02,0.0274355338776344,0.011112478547438501
Persistence,mean,28,3,2023-05-28,2023-10-19,2023-08-06,2023-09-03,0.0277461345559839,0.01668445586844775
Local Kalman-OU,mean,28,3,2023-05-28,2023-10-19,2023-08-06,2023-09-03,0.0277461345559839,0.011732548269995577
Persistence,mean,28,3,2023-05-28,2023-10-19,2023-08-07,2023-09-04,0.0299647092466584,0.015999248513226764
Local Kalman-OU,mean,28,3,2023-05-28,2023-10-19,2023-08-07,2023-09-04,0.0299647092466584,0.012310113105359767
Persistence,mean,28,3,2023-05-28,2023-10-19,2023-08-08,2023-09-05,0.0307114159327928,0.014443916390635279
Local Kalman-OU,mean,28,3,2023-05-28,2023-10-19,2023-08-08,2023-09-05,0.0307114159327928,0.012652982918603459
Persistence,mean,28,3,2023-05-28,2023-10-19,2023-08-09,2023-09-06,0.0314652833707542,0.014858106806785343
Local Kalman-OU,mean,28,3,2023-05-28,2023-10-19,2023-08-09,2023-09-06,0.0314652833707542,0.012948126735324243
Persistence,mean,28,3,2023-05-28,2023-10-19,2023-08-10,2023-09-07,0.0316878057431518,0.015395880126889437
Local Kalman-OU,mean,28,3,2023-05-28,2023-10-19,2023-08-10,2023-09-07,0.0316878057431518,0.013198080703899828
Persistence,mean,28,3,2023-05-28,2023-10-19,2023-08-11,2023-09-08,0.0326653805222782,0.01597114731325099
Local Kalman-OU,mean,28,3,2023-05-28,2023-10-19,2023-08-11,2023-09-08,0.0326653805222782,0.01337128320187175
Persistence,mean,28,3,2023-05-28,2023-10-19,2023-08-12,2023-09-09,0.0335219562981791,0.01727720521848292
Local Kalman-OU,mean,28,3,2023-05-28,2023-10-19,2023-08-12,2023-09-09,0.0335219562981791,0.013642796925619594
Persistence,mean,28,3,2023-05-28,2023-10-19,2023-08-13,2023-09-10,0.0341728924304534,0.019287951589009554
Local Kalman-OU,mean,28,3,2023-05-28,2023-10-19,2023-08-13,2023-09-10,0.0341728924304534,0.014150166046116096
Persistence,mean,28,3,2023-05-28,2023-10-19,2023-08-14,2023-09-11,0.0365213324876946,0.020337425227242575
Local Kalman-OU,mean,28,3,2023-05-28,2023-10-19,2023-08-14,2023-09-11,0.0365213324876946,0.01478121457465606
Persistence,mean,28,3,2023-05-28,2023-10-19,2023-08-15,2023-09-12,0.0356007963210577,0.02004952460711604
Local Kalman-OU,mean,28,3,2023-05-28,2023-10-19,2023-08-15,2023-09-12,0.0356007963210577,0.015184265306345443
Persistence,mean,28,3,2023-05-28,2023-10-19,2023-08-16,2023-09-13,0.0388320985219748,0.020050840739817603
Local Kalman-OU,mean,28,3,2023-05-28,2023-10-19,2023-08-16,2023-09-13,0.0388320985219748,0.015559722295421961
Persistence,mean,28,3,2023-05-28,2023-10-19,2023-08-17,2023-09-14,0.0404257756447544,0.019636256420528776
Local Kalman-OU,mean,28,3,2023-05-28,2023-10-19,2023-08-17,2023-09-14,0.0404257756447544,0.015843885695702695
Persistence,mean,28,3,2023-05-28,2023-10-19,2023-08-18,2023-09-15,0.0411650247559078,0.019839822585211185
Local Kalman-OU,mean,28,3,2023-05-28,2023-10-19,2023-08-18,2023-09-15,0.0411650247559078,0.016110637888680484
Persistence,mean,28,3,2023-05-28,2023-10-19,2023-08-19,2023-09-16,0.0412015501803948,0.020202660464567774
Local Kalman-OU,mean,28,3,2023-05-28,2023-10-19,2023-08-19,2023-09-16,0.0412015501803948,0.01639750341576551
Persistence,mean,28,3,2023-05-28,2023-10-19,2023-08-20,2023-09-17,0.041760873519425,0.021500459689544008
Local Kalman-OU,mean,28,3,2023-05-28,2023-10-19,2023-08-20,2023-09-17,0.041760873519425,0.01678287636734895
Persistence,mean,28,3,2023-05-28,2023-10-19,2023-08-21,2023-09-18,0.0398648546095079,0.02251016703196554
Local Kalman-OU,mean,28,3,2023-05-28,2023-10-19,2023-08-21,2023-09-18,0.0398648546095079,0.017210650106108612
Persistence,mean,28,3,2023-05-28,2023-10-19,2023-08-22,2023-09-19,0.0411350831474453,0.024969388540383552
Local Kalman-OU,mean,28,3,2023-05-28,2023-10-19,2023-08-22,2023-09-19,0.0411350831474453,0.01793352676434988
Persistence,mean,28,3,2023-05-28,2023-10-19,2023-08-23,2023-09-20,0.0418768852124849,0.026200885200839522
Local Kalman-OU,mean,28,3,2023-05-28,2023-10-19,2023-08-23,2023-09-20,0.0418768852124849,0.018871678134569282
Persistence,mean,28,3,2023-05-28,2023-10-19,2023-08-24,2023-09-21,0.0426606558282112,0.026835974681743178
Local Kalman-OU,mean,28,3,2023-05-28,2023-10-19,2023-08-24,2023-09-21,0.0426606558282112,0.01992034926200218
Persistence,mean,28,3,2023-05-28,2023-10-19,2023-08-25,2023-09-22,0.0412121880054972,0.027203321512249412
Local Kalman-OU,mean,28,3,2023-05-28,2023-10-19,2023-08-25,2023-09-22,0.0412121880054972,0.021068098042678823
Persistence,mean,28,3,2023-05-28,2023-10-19,2023-08-26,2023-09-23,0.0406334689418892,0.02742056385042249
Local Kalman-OU,mean,28,3,2023-05-28,2023-10-19,2023-08-26,2023-09-23,0.0406334689418892,0.02223305952739102
Persistence,mean,28,3,2023-05-28,2023-10-19,2023-08-27,2023-09-24,0.0407126173265185,0.027367559848038212
Local Kalman-OU,mean,28,3,2023-05-28,2023-10-19,2023-08-27,2023-09-24,0.0407126173265185,0.023373662085052448
Persistence,mean,28,3,2023-05-28,2023-10-19,2023-08-28,2023-09-25,0.0416876196818655,0.025368347649415868
Local Kalman-OU,mean,28,3,2023-05-28,2023-10-19,2023-08-28,2023-09-25,0.0416876196818655,0.02418239352936313
Persistence,mean,28,3,2023-05-28,2023-10-19,2023-08-29,2023-09-26,0.0472992948756675,0.025850504108248712
Local Kalman-OU,mean,28,3,2023-05-28,2023-10-19,2023-08-29,2023-09-26,0.0472992948756675,0.02523121545148764
Persistence,mean,28,3,2023-05-28,2023-10-19,2023-08-30,2023-09-27,0.0483818513768806,0.02589425783196988
Local Kalman-OU,mean,28,3,2023-05-28,2023-10-19,2023-08-30,2023-09-27,0.0483818513768806,0.026305763728130673
Persistence,mean,28,3,2023-05-28,2023-10-19,2023-08-31,2023-09-28,0.0492615347164035,0.026258065168719865
Local Kalman-OU,mean,28,3,2023-05-28,2023-10-19,2023-08-31,2023-09-28,0.0492615347164035,0.02743955165492326
Persistence,mean,28,3,2023-05-28,2023-10-19,2023-09-01,2023-09-29,0.0507921533594418,0.02658797698447568
Local Kalman-OU,mean,28,3,2023-05-28,2023-10-19,2023-09-01,2023-09-29,0.0507921533594418,0.02859496161564954
Persistence,mean,28,3,2023-05-28,2023-10-19,2023-09-02,2023-09-30,0.0520991734971554,0.027435533877634415
Local Kalman-OU,mean,28,3,2023-05-28,2023-10-19,2023-09-02,2023-09-30,0.0520991734971554,0.02979627337150542
Persistence,mean,28,3,2023-05-28,2023-10-19,2023-09-03,2023-10-01,0.0542284810915235,0.0277461345559839
Local Kalman-OU,mean,28,3,2023-05-28,2023-10-19,2023-09-03,2023-10-01,0.0542284810915235,0.030986738884229748
Persistence,mean,28,3,2023-05-28,2023-10-19,2023-09-04,2023-10-02,0.0542284810915235,0.02996470924665842
Local Kalman-OU,mean,28,3,2023-05-28,2023-10-19,2023-09-04,2023-10-02,0.0542284810915235,0.03239763127142181
Persistence,mean,28,3,2023-05-28,2023-10-19,2023-09-05,2023-10-03,0.0571606463074874,0.030711415932792845
Local Kalman-OU,mean,28,3,2023-05-28,2023-10-19,2023-09-05,2023-10-03,0.0571606463074874,0.03369400620105642
Persistence,mean,28,3,2023-05-28,2023-10-19,2023-09-06,2023-10-04,0.0592071345777762,0.03146528337075428
Local Kalman-OU,mean,28,3,2023-05-28,2023-10-19,2023-09-06,2023-10-04,0.0592071345777762,0.03499164393338469
Persistence,mean,28,3,2023-05-28,2023-10-19,2023-09-07,2023-10-05,0.0604094030882598,0.03168780574315189
Local Kalman-OU,mean,28,3,2023-05-28,2023-10-19,2023-09-07,2023-10-05,0.0604094030882598,0.036257488745351465
Persistence,mean,28,3,2023-05-28,2023-10-19,2023-09-08,2023-10-06,0.0609006384193607,0.03266538052227829
Local Kalman-OU,mean,28,3,2023-05-28,2023-10-19,2023-09-08,2023-10-06,0.0609006384193607,0.037546680961994164
Persistence,mean,28,3,2023-05-28,2023-10-19,2023-09-09,2023-10-07,0.0613193853412927,0.033521956298179126
Local Kalman-OU,mean,28,3,2023-05-28,2023-10-19,2023-09-09,2023-10-07,0.0613193853412927,0.0388368240748944
Persistence,mean,28,3,2023-05-28,2023-10-19,2023-09-10,2023-10-08,0.0615882249201176,0.0341728924304534
Local Kalman-OU,mean,28,3,2023-05-28,2023-10-19,2023-09-10,2023-10-08,0.0615882249201176,0.040081946793929235
Persistence,mean,28,3,2023-05-28,2023-10-19,2023-09-11,2023-10-09,0.0631647592892672,0.036521332487694604
Local Kalman-OU,mean,28,3,2023-05-28,2023-10-19,2023-09-11,2023-10-09,0.0631647592892672,0.041519470344689544
Persistence,mean,28,3,2023-05-28,2023-10-19,2023-09-12,2023-10-10,0.0610398321469273,0.035600796321057775
Local Kalman-OU,mean,28,3,2023-05-28,2023-10-19,2023-09-12,2023-10-10,0.0610398321469273,0.04269950830401555
Persistence,mean,28,3,2023-05-28,2023-10-19,2023-09-13,2023-10-11,0.060229509222317,0.03883209852197485
Local Kalman-OU,mean,28,3,2023-05-28,2023-10-19,2023-09-13,2023-10-11,0.060229509222317,0.04419224236877581
Persistence,mean,28,3,2023-05-28,2023-10-19,2023-09-14,2023-10-12,0.0587077468091599,0.04042577564475446
Local Kalman-OU,mean,28,3,2023-05-28,2023-10-19,2023-09-14,2023-10-12,0.0587077468091599,0.045771091733619415
Persistence,mean,28,3,2023-05-28,2023-10-19,2023-09-15,2023-10-13,0.0576838165217004,0.04116502475590788
Local Kalman-OU,mean,28,3,2023-05-28,2023-10-19,2023-09-15,2023-10-13,0.0576838165217004,0.047345140793631925
Persistence,mean,28,3,2023-05-28,2023-10-19,2023-09-16,2023-10-14,0.0563148136763107,0.04120155018039486
Local Kalman-OU,mean,28,3,2023-05-28,2023-10-19,2023-09-16,2023-10-14,0.0563148136763107,0.04882691637569281
Persistence,mean,28,3,2023-05-28,2023-10-19,2023-09-17,2023-10-15,0.0546615465690329,0.041760873519425014
Local Kalman-OU,mean,28,3,2023-05-28,2023-10-19,2023-09-17,2023-10-15,0.0546615465690329,0.050311400637657946
Persistence,mean,28,3,2023-05-28,2023-10-19,2023-09-18,2023-10-16,0.0552945790390845,0.039864854609507935
Local Kalman-OU,mean,28,3,2023-05-28,2023-10-19,2023-09-18,2023-10-16,0.0552945790390845,0.05148391233168667
Persistence,mean,28,3,2023-05-28,2023-10-19,2023-09-19,2023-10-17,0.0543979885707605,0.041135083147445385
Local Kalman-OU,mean,28,3,2023-05-28,2023-10-19,2023-09-19,2023-10-17,0.0543979885707605,0.05287933343272389
Persistence,mean,28,3,2023-05-28,2023-10-19,2023-09-20,2023-10-18,0.0541390143705266,0.041876885212484914
Local Kalman-OU,mean,28,3,2023-05-28,2023-10-19,2023-09-20,2023-10-18,0.0541390143705266,0.05422009659771903
Persistence,mean,28,3,2023-05-28,2023-10-19,2023-09-21,2023-10-19,0.0542820211508042,0.04266065582821124
Local Kalman-OU,mean,28,3,2023-05-28,2023-10-19,2023-09-21,2023-10-19,0.0542820211508042,0.05550959419935839
Persistence,variance,14,3,2023-05-28,2023-10-19,2023-05-15,2023-05-29,0.0005165039138387,0.004231232803245079
Local Kalman-OU,variance,14,3,2023-05-28,2023-10-19,2023-05-15,2023-05-29,0.0005165039138387,0.0019300979655206413
Persistence,variance,14,3,2023-05-28,2023-10-19,2023-05-16,2023-05-30,0.0003965347193283,0.0032271932945841454
Local Kalman-OU,variance,14,3,2023-05-28,2023-10-19,2023-05-16,2023-05-30,0.0003965347193283,0.00190929665687606
Persistence,variance,14,3,2023-05-28,2023-10-19,2023-05-17,2023-05-31,0.0003612216101206,0.003268011195866026
Local Kalman-OU,variance,14,3,2023-05-28,2023-10-19,2023-05-17,2023-05-31,0.0003612216101206,0.0018620462984516306
Persistence,variance,14,3,2023-05-28,2023-10-19,2023-05-18,2023-06-01,0.000367791031549,0.0019003479654947225
Local Kalman-OU,variance,14,3,2023-05-28,2023-10-19,2023-05-18,2023-06-01,0.000367791031549,0.0016862179221151805
Persistence,variance,14,3,2023-05-28,2023-10-19,2023-05-19,2023-06-02,0.0003706641551886,0.0019792890855835406
Local Kalman-OU,variance,14,3,2023-05-28,2023-10-19,2023-05-19,2023-06-02,0.0003706641551886,0.0015388606009343027
Persistence,variance,14,3,2023-05-28,2023-10-19,2023-05-20,2023-06-03,0.0003756752955811,0.002037859560430341
Local Kalman-OU,variance,14,3,2023-05-28,2023-10-19,2023-05-20,2023-06-03,0.0003756752955811,0.0014064506001769351
Persistence,variance,14,3,2023-05-28,2023-10-19,2023-05-21,2023-06-04,0.0003787901537899,0.0020846462426385016
Local Kalman-OU,variance,14,3,2023-05-28,2023-10-19,2023-05-21,2023-06-04,0.0003787901537899,0.0012848672110016522
Persistence,variance,14,3,2023-05-28,2023-10-19,2023-05-22,2023-06-05,0.0003166861282486,0.002060466517346898
Local Kalman-OU,variance,14,3,2023-05-28,2023-10-19,2023-05-22,2023-06-05,0.0003166861282486,0.0011666374156888452
Persistence,variance,14,3,2023-05-28,2023-10-19,2023-05-23,2023-06-06,8.242633513760308e-05,0.0006504957334531436
Local Kalman-OU,variance,14,3,2023-05-28,2023-10-19,2023-05-23,2023-06-06,8.242633513760308e-05,0.0009850709881853246
Persistence,variance,14,3,2023-05-28,2023-10-19,2023-05-24,2023-06-07,9.624188303081484e-05,0.00042562192448935453
Local Kalman-OU,variance,14,3,2023-05-28,2023-10-19,2023-05-24,2023-06-07,9.624188303081484e-05,0.0007931048461892638
Persistence,variance,14,3,2023-05-28,2023-10-19,2023-05-25,2023-06-08,0.0001038043510451,0.0004379478899304734
Local Kalman-OU,variance,14,3,2023-05-28,2023-10-19,2023-05-25,2023-06-08,0.0001038043510451,0.0006067994436622006
Persistence,variance,14,3,2023-05-28,2023-10-19,2023-05-26,2023-06-09,0.0001074716350663,0.00048456845616984284
Local Kalman-OU,variance,14,3,2023-05-28,2023-10-19,2023-05-26,2023-06-09,0.0001074716350663,0.00044345842851012916
Persistence,variance,14,3,2023-05-28,2023-10-19,2023-05-27,2023-06-10,0.000104460516848,0.0005096176586510186
Local Kalman-OU,variance,14,3,2023-05-28,2023-10-19,2023-05-27,2023-06-10,0.000104460516848,0.0002901480483769184
Persistence,variance,14,3,2023-05-28,2023-10-19,2023-05-28,2023-06-11,0.0001047907661525,0.0005216407194755927
Local Kalman-OU,variance,14,3,2023-05-28,2023-10-19,2023-05-28,2023-06-11,0.0001047907661525,0.00015771304441281313
Persistence,variance,14,3,2023-05-28,2023-10-19,2023-05-29,2023-06-12,0.0001047417347462,0.0005165039138387742
Local Kalman-OU,variance,14,3,2023-05-28,2023-10-19,2023-05-29,2023-06-12,0.0001047417347462,3.411144808678195e-05
Persistence,variance,14,3,2023-05-28,2023-10-19,2023-05-30,2023-06-13,6.469446961682607e-05,0.000396534719328378
Local Kalman-OU,variance,14,3,2023-05-28,2023-10-19,2023-05-30,2023-06-13,6.469446961682607e-05,0.0
Persistence,variance,14,3,2023-05-28,2023-10-19,2023-05-31,2023-06-14,9.423757255570466e-05,0.0003612216101206669
Local Kalman-OU,variance,14,3,2023-05-28,2023-10-19,2023-05-31,2023-06-14,9.423757255570466e-05,0.0
Persistence,variance,14,3,2023-05-28,2023-10-19,2023-06-01,2023-06-15,0.0001210058067034,0.00036779103154906064
Local Kalman-OU,variance,14,3,2023-05-28,2023-10-19,2023-06-01,2023-06-15,0.0001210058067034,0.0
Persistence,variance,14,3,2023-05-28,2023-10-19,2023-06-02,2023-06-16,0.000142816591054,0.0003706641551886727
Local Kalman-OU,variance,14,3,2023-05-28,2023-10-19,2023-06-02,2023-06-16,0.000142816591054,0.0
Persistence,variance,14,3,2023-05-28,2023-10-19,2023-06-03,2023-06-17,0.0001407498041656,0.00037567529558119126
Local Kalman-OU,variance,14,3,2023-05-28,2023-10-19,2023-06-03,2023-06-17,0.0001407498041656,0.0
Persistence,variance,14,3,2023-05-28,2023-10-19,2023-06-04,2023-06-18,0.0001406241991228,0.00037879015378993196
Local Kalman-OU,variance,14,3,2023-05-28,2023-10-19,2023-06-04,2023-06-18,0.0001406241991228,0.0
Persistence,variance,14,3,2023-05-28,2023-10-19,2023-06-05,2023-06-19,0.0001386858046172,0.00031668612824860325
Local Kalman-OU,variance,14,3,2023-05-28,2023-10-19,2023-06-05,2023-06-19,0.0001386858046172,0.0
Persistence,variance,14,3,2023-05-28,2023-10-19,2023-06-06,2023-06-20,0.0001176046998827,8.242633513760308e-05
Local Kalman-OU,variance,14,3,2023-05-28,2023-10-19,2023-06-06,2023-06-20,0.0001176046998827,0.0
Persistence,variance,14,3,2023-05-28,2023-10-19,2023-06-07,2023-06-21,0.000120034800592,9.624188303081485e-05
Local Kalman-OU,variance,14,3,2023-05-28,2023-10-19,2023-06-07,2023-06-21,0.000120034800592,0.0
Persistence,variance,14,3,2023-05-28,2023-10-19,2023-06-08,2023-06-22,0.0001238707577616,0.00010380435104511207
Local Kalman-OU,variance,14,3,2023-05-28,2023-10-19,2023-06-08,2023-06-22,0.0001238707577616,0.0
Persistence,variance,14,3,2023-05-28,2023-10-19,2023-06-09,2023-06-23,0.0001257714385614,0.00010747163506636533
Local Kalman-OU,variance,14,3,2023-05-28,2023-10-19,2023-06-09,2023-06-23,0.0001257714385614,0.0
Persistence,variance,14,3,2023-05-28,2023-10-19,2023-06-10,2023-06-24,0.0001358986254905,0.00010446051684804562
Local Kalman-OU,variance,14,3,2023-05-28,2023-10-19,2023-06-10,2023-06-24,0.0001358986254905,0.0
Persistence,variance,14,3,2023-05-28,2023-10-19,2023-06-11,2023-06-25,0.000129602580032,0.00010479076615257291
Local Kalman-OU,variance,14,3,2023-05-28,2023-10-19,2023-06-11,2023-06-25,0.000129602580032,0.0
Persistence,variance,14,3,2023-05-28,2023-10-19,2023-06-12,2023-06-26,0.0001093832999685,0.00010474173474624883
Local Kalman-OU,variance,14,3,2023-05-28,2023-10-19,2023-06-12,2023-06-26,0.0001093832999685,0.0
Persistence,variance,14,3,2023-05-28,2023-10-19,2023-06-13,2023-06-27,0.0001215027377828,6.469446961682607e-05
Local Kalman-OU,variance,14,3,2023-05-28,2023-10-19,2023-06-13,2023-06-27,0.0001215027377828,0.0
Persistence,variance,14,3,2023-05-28,2023-10-19,2023-06-14,2023-06-28,0.0001136530143294,9.423757255570466e-05
Local Kalman-OU,variance,14,3,2023-05-28,2023-10-19,2023-06-14,2023-06-28,0.0001136530143294,0.0
Persistence,variance,14,3,2023-05-28,2023-10-19,2023-06-15,2023-06-29,0.0001015773621123,0.00012100580670343002
Local Kalman-OU,variance,14,3,2023-05-28,2023-10-19,2023-06-15,2023-06-29,0.0001015773621123,0.0
Persistence,variance,14,3,2023-05-28,2023-10-19,2023-06-16,2023-06-30,8.369138246784943e-05,0.00014281659105401434
Local Kalman-OU,variance,14,3,2023-05-28,2023-10-19,2023-06-16,2023-06-30,8.369138246784943e-05,0.0
Persistence,variance,14,3,2023-05-28,2023-10-19,2023-06-17,2023-07-01,8.281965861820725e-05,0.00014074980416563975
Local Kalman-OU,variance,14,3,2023-05-28,2023-10-19,2023-06-17,2023-07-01,8.281965861820725e-05,0.0
Persistence,variance,14,3,2023-05-28,2023-10-19,2023-06-18,2023-07-02,8.309215793671043e-05,0.0001406241991228432
Local Kalman-OU,variance,14,3,2023-05-28,2023-10-19,2023-06-18,2023-07-02,8.309215793671043e-05,0.0
Persistence,variance,14,3,2023-05-28,2023-10-19,2023-06-19,2023-07-03,7.430987919036254e-05,0.0001386858046172259
Local Kalman-OU,variance,14,3,2023-05-28,2023-10-19,2023-06-19,2023-07-03,7.430987919036254e-05,0.0
Persistence,variance,14,3,2023-05-28,2023-10-19,2023-06-20,2023-07-04,9.421657124288997e-05,0.00011760469988271101
Local Kalman-OU,variance,14,3,2023-05-28,2023-10-19,2023-06-20,2023-07-04,9.421657124288997e-05,0.0
Persistence,variance,14,3,2023-05-28,2023-10-19,2023-06-21,2023-07-05,8.768492552391355e-05,0.000120034800592035
Local Kalman-OU,variance,14,3,2023-05-28,2023-10-19,2023-06-21,2023-07-05,8.768492552391355e-05,0.0
Persistence,variance,14,3,2023-05-28,2023-10-19,2023-06-22,2023-07-06,8.072378920634389e-05,0.00012387075776166634
Local Kalman-OU,variance,14,3,2023-05-28,2023-10-19,2023-06-22,2023-07-06,8.072378920634389e-05,0.0
Persistence,variance,14,3,2023-05-28,2023-10-19,2023-06-23,2023-07-07,8.099134228211503e-05,0.0001257714385614887
Local Kalman-OU,variance,14,3,2023-05-28,2023-10-19,2023-06-23,2023-07-07,8.099134228211503e-05,0.0
Persistence,variance,14,3,2023-05-28,2023-10-19,2023-06-24,2023-07-08,7.73546532432404e-05,0.0001358986254905031
Local Kalman-OU,variance,14,3,2023-05-28,2023-10-19,2023-06-24,2023-07-08,7.73546532432404e-05,0.0
Persistence,variance,14,3,2023-05-28,2023-10-19,2023-06-25,2023-07-09,7.991587560407396e-05,0.0001296025800320577
Local Kalman-OU,variance,14,3,2023-05-28,2023-10-19,2023-06-25,2023-07-09,7.991587560407396e-05,0.0
Persistence,variance,14,3,2023-05-28,2023-10-19,2023-06-26,2023-07-10,7.838855917153161e-05,0.00010938329996854319
Local Kalman-OU,variance,14,3,2023-05-28,2023-10-19,2023-06-26,2023-07-10,7.838855917153161e-05,0.0
Persistence,variance,14,3,2023-05-28,2023-10-19,2023-06-27,2023-07-11,4.110197372174843e-05,0.00012150273778285357
Local Kalman-OU,variance,14,3,2023-05-28,2023-10-19,2023-06-27,2023-07-11,4.110197372174843e-05,0.0
Persistence,variance,14,3,2023-05-28,2023-10-19,2023-06-28,2023-07-12,4.295705493103402e-05,0.00011365301432943044
Local Kalman-OU,variance,14,3,2023-05-28,2023-10-19,2023-06-28,2023-07-12,4.295705493103402e-05,0.0
Persistence,variance,14,3,2023-05-28,2023-10-19,2023-06-29,2023-07-13,4.381126794360352e-05,0.00010157736211233028
Local Kalman-OU,variance,14,3,2023-05-28,2023-10-19,2023-06-29,2023-07-13,4.381126794360352e-05,0.0
Persistence,variance,14,3,2023-05-28,2023-10-19,2023-06-30,2023-07-14,4.930382379909738e-05,8.369138246784943e-05
Local Kalman-OU,variance,14,3,2023-05-28,2023-10-19,2023-06-30,2023-07-14,4.930382379909738e-05,0.0
Persistence,variance,14,3,2023-05-28,2023-10-19,2023-07-01,2023-07-15,5.165058902079529e-05,8.281965861820725e-05
Local Kalman-OU,variance,14,3,2023-05-28,2023-10-19,2023-07-01,2023-07-15,5.165058902079529e-05,0.0
Persistence,variance,14,3,2023-05-28,2023-10-19,2023-07-02,2023-07-16,5.2713073233251855e-05,8.309215793671043e-05
Local Kalman-OU,variance,14,3,2023-05-28,2023-10-19,2023-07-02,2023-07-16,5.2713073233251855e-05,0.0
Persistence,variance,14,3,2023-05-28,2023-10-19,2023-07-03,2023-07-17,5.085755326524275e-05,7.430987919036254e-05
Local Kalman-OU,variance,14,3,2023-05-28,2023-10-19,2023-07-03,2023-07-17,5.085755326524275e-05,0.0
Persistence,variance,14,3,2023-05-28,2023-10-19,2023-07-04,2023-07-18,2.2425920283682633e-05,9.421657124288995e-05
Local Kalman-OU,variance,14,3,2023-05-28,2023-10-19,2023-07-04,2023-07-18,2.2425920283682633e-05,0.0
Persistence,variance,14,3,2023-05-28,2023-10-19,2023-07-05,2023-07-19,2.227004909094733e-05,8.768492552391355e-05
Local Kalman-OU,variance,14,3,2023-05-28,2023-10-19,2023-07-05,2023-07-19,2.227004909094733e-05,0.0
Persistence,variance,14,3,2023-05-28,2023-10-19,2023-07-06,2023-07-20,2.3170543472659755e-05,8.072378920634389e-05
Local Kalman-OU,variance,14,3,2023-05-28,2023-10-19,2023-07-06,2023-07-20,2.3170543472659755e-05,0.0
Persistence,variance,14,3,2023-05-28,2023-10-19,2023-07-07,2023-07-21,2.310975956974895e-05,8.099134228211503e-05
Local Kalman-OU,variance,14,3,2023-05-28,2023-10-19,2023-07-07,2023-07-21,2.310975956974895e-05,0.0
Persistence,variance,14,3,2023-05-28,2023-10-19,2023-07-08,2023-07-22,2.3139638278931333e-05,7.73546532432404e-05
Local Kalman-OU,variance,14,3,2023-05-28,2023-10-19,2023-07-08,2023-07-22,2.3139638278931333e-05,0.0
Persistence,variance,14,3,2023-05-28,2023-10-19,2023-07-09,2023-07-23,2.478480415949975e-05,7.991587560407396e-05
Local Kalman-OU,variance,14,3,2023-05-28,2023-10-19,2023-07-09,2023-07-23,2.478480415949975e-05,0.0
Persistence,variance,14,3,2023-05-28,2023-10-19,2023-07-10,2023-07-24,2.8139717463203465e-05,7.838855917153161e-05
Local Kalman-OU,variance,14,3,2023-05-28,2023-10-19,2023-07-10,2023-07-24,2.8139717463203465e-05,0.0
Persistence,variance,14,3,2023-05-28,2023-10-19,2023-07-11,2023-07-25,7.142798415736174e-05,4.110197372174843e-05
Local Kalman-OU,variance,14,3,2023-05-28,2023-10-19,2023-07-11,2023-07-25,7.142798415736174e-05,0.0
Persistence,variance,14,3,2023-05-28,2023-10-19,2023-07-12,2023-07-26,8.235936714938586e-05,4.295705493103402e-05
Local Kalman-OU,variance,14,3,2023-05-28,2023-10-19,2023-07-12,2023-07-26,8.235936714938586e-05,0.0
Persistence,variance,14,3,2023-05-28,2023-10-19,2023-07-13,2023-07-27,9.128063129160166e-05,4.381126794360352e-05
Local Kalman-OU,variance,14,3,2023-05-28,2023-10-19,2023-07-13,2023-07-27,9.128063129160166e-05,0.0
Persistence,variance,14,3,2023-05-28,2023-10-19,2023-07-14,2023-07-28,9.506478387373946e-05,4.930382379909738e-05
Local Kalman-OU,variance,14,3,2023-05-28,2023-10-19,2023-07-14,2023-07-28,9.506478387373946e-05,0.0
Persistence,variance,14,3,2023-05-28,2023-10-19,2023-07-15,2023-07-29,0.0001058084272263,5.165058902079529e-05
Local Kalman-OU,variance,14,3,2023-05-28,2023-10-19,2023-07-15,2023-07-29,0.0001058084272263,0.0
Persistence,variance,14,3,2023-05-28,2023-10-19,2023-07-16,2023-07-30,0.0001193412909954,5.2713073233251855e-05
Local Kalman-OU,variance,14,3,2023-05-28,2023-10-19,2023-07-16,2023-07-30,0.0001193412909954,0.0
Persistence,variance,14,3,2023-05-28,2023-10-19,2023-07-17,2023-07-31,0.0001288343672346,5.085755326524275e-05
Local Kalman-OU,variance,14,3,2023-05-28,2023-10-19,2023-07-17,2023-07-31,0.0001288343672346,0.0
Persistence,variance,14,3,2023-05-28,2023-10-19,2023-07-18,2023-08-01,0.0001836561318345,2.2425920283682633e-05
Local Kalman-OU,variance,14,3,2023-05-28,2023-10-19,2023-07-18,2023-08-01,0.0001836561318345,0.0
Persistence,variance,14,3,2023-05-28,2023-10-19,2023-07-19,2023-08-02,0.0001850239884705,2.2270049090947326e-05
Local Kalman-OU,variance,14,3,2023-05-28,2023-10-19,2023-07-19,2023-08-02,0.0001850239884705,0.0
Persistence,variance,14,3,2023-05-28,2023-10-19,2023-07-20,2023-08-03,0.0001848851750801,2.3170543472659755e-05
Local Kalman-OU,variance,14,3,2023-05-28,2023-10-19,2023-07-20,2023-08-03,0.0001848851750801,0.0
Persistence,variance,14,3,2023-05-28,2023-10-19,2023-07-21,2023-08-04,0.0001837508888009,2.310975956974895e-05
Local Kalman-OU,variance,14,3,2023-05-28,2023-10-19,2023-07-21,2023-08-04,0.0001837508888009,0.0
Persistence,variance,14,3,2023-05-28,2023-10-19,2023-07-22,2023-08-05,0.00018377196645,2.3139638278931333e-05
Local Kalman-OU,variance,14,3,2023-05-28,2023-10-19,2023-07-22,2023-08-05,0.00018377196645,0.0
Persistence,variance,14,3,2023-05-28,2023-10-19,2023-07-23,2023-08-06,0.0001838314256792,2.478480415949975e-05
Local Kalman-OU,variance,14,3,2023-05-28,2023-10-19,2023-07-23,2023-08-06,0.0001838314256792,0.0
Persistence,variance,14,3,2023-05-28,2023-10-19,2023-07-24,2023-08-07,0.0001784317145476,2.8139717463203465e-05
Local Kalman-OU,variance,14,3,2023-05-28,2023-10-19,2023-07-24,2023-08-07,0.0001784317145476,0.0
Persistence,variance,14,3,2023-05-28,2023-10-19,2023-07-25,2023-08-08,0.0001277907380899,7.142798415736174e-05
Local Kalman-OU,variance,14,3,2023-05-28,2023-10-19,2023-07-25,2023-08-08,0.0001277907380899,0.0
Persistence,variance,14,3,2023-05-28,2023-10-19,2023-07-26,2023-08-09,0.0001212244923043,8.235936714938586e-05
Local Kalman-OU,variance,14,3,2023-05-28,2023-10-19,2023-07-26,2023-08-09,0.0001212244923043,0.0
Persistence,variance,14,3,2023-05-28,2023-10-19,2023-07-27,2023-08-10,0.0001139451041638,9.128063129160166e-05
Local Kalman-OU,variance,14,3,2023-05-28,2023-10-19,2023-07-27,2023-08-10,0.0001139451041638,0.0
Persistence,variance,14,3,2023-05-28,2023-10-19,2023-07-28,2023-08-11,0.0001069823058298,9.506478387373946e-05
Local Kalman-OU,variance,14,3,2023-05-28,2023-10-19,2023-07-28,2023-08-11,0.0001069823058298,0.0
Persistence,variance,14,3,2023-05-28,2023-10-19,2023-07-29,2023-08-12,9.323903648804924e-05,0.00010580842722636319
Local Kalman-OU,variance,14,3,2023-05-28,2023-10-19,2023-07-29,2023-08-12,9.323903648804924e-05,0.0
Persistence,variance,14,3,2023-05-28,2023-10-19,2023-07-30,2023-08-13,7.626276289023492e-05,0.00011934129099542907
Local Kalman-OU,variance,14,3,2023-05-28,2023-10-19,2023-07-30,2023-08-13,7.626276289023492e-05,1.8980839573604715e-05
Persistence,variance,14,3,2023-05-28,2023-10-19,2023-07-31,2023-08-14,8.581592535690787e-05,0.00012883436723465765
Local Kalman-OU,variance,14,3,2023-05-28,2023-10-19,2023-07-31,2023-08-14,8.581592535690787e-05,3.70096394917912e-05
Persistence,variance,14,3,2023-05-28,2023-10-19,2023-08-01,2023-08-15,7.23481925503755e-05,0.00018365613183454166
Local Kalman-OU,variance,14,3,2023-05-28,2023-10-19,2023-08-01,2023-08-15,7.23481925503755e-05,4.607145195827762e-05
Persistence,variance,14,3,2023-05-28,2023-10-19,2023-08-02,2023-08-16,7.23481737697382e-05,0.000185023988470554
Local Kalman-OU,variance,14,3,2023-05-28,2023-10-19,2023-08-02,2023-08-16,7.23481737697382e-05,5.58474414413518e-05
Persistence,variance,14,3,2023-05-28,2023-10-19,2023-08-03,2023-08-17,7.390151364585568e-05,0.00018488517508017052
Local Kalman-OU,variance,14,3,2023-05-28,2023-10-19,2023-08-03,2023-08-17,7.390151364585568e-05,6.583461828733867e-05
Persistence,variance,14,3,2023-05-28,2023-10-19,2023-08-04,2023-08-18,7.204749658350661e-05,0.00018375088880091134
Local Kalman-OU,variance,14,3,2023-05-28,2023-10-19,2023-08-04,2023-08-18,7.204749658350661e-05,7.571405155994685e-05
Persistence,variance,14,3,2023-05-28,2023-10-19,2023-08-05,2023-08-19,7.271064563097273e-05,0.00018377196645002374
Local Kalman-OU,variance,14,3,2023-05-28,2023-10-19,2023-08-05,2023-08-19,7.271064563097273e-05,8.51894675348595e-05
Persistence,variance,14,3,2023-05-28,2023-10-19,2023-08-06,2023-08-20,7.824173525178751e-05,0.00018383142567923402
Local Kalman-OU,variance,14,3,2023-05-28,2023-10-19,2023-08-06,2023-08-20,7.824173525178751e-05,9.446640716969064e-05
Persistence,variance,14,3,2023-05-28,2023-10-19,2023-08-07,2023-08-21,7.951995184335658e-05,0.0001784317145476015
Local Kalman-OU,variance,14,3,2023-05-28,2023-10-19,2023-08-07,2023-08-21,7.951995184335658e-05,0.00010299840731898525
Persistence,variance,14,3,2023-05-28,2023-10-19,2023-08-08,2023-08-22,0.0001516314370373,0.00012779073808994002
Local Kalman-OU,variance,14,3,2023-05-28,2023-10-19,2023-08-08,2023-08-22,0.0001516314370373,0.00010394423805882066
Persistence,variance,14,3,2023-05-28,2023-10-19,2023-08-09,2023-08-23,0.0001332279793012,0.00012122449230434965
Local Kalman-OU,variance,14,3,2023-05-28,2023-10-19,2023-08-09,2023-08-23,0.0001332279793012,0.00010594244846388172
Persistence,variance,14,3,2023-05-28,2023-10-19,2023-08-10,2023-08-24,0.0001199625802939,0.00011394510416389328
Local Kalman-OU,variance,14,3,2023-05-28,2023-10-19,2023-08-10,2023-08-24,0.0001199625802939,0.00010885232180336313
Persistence,variance,14,3,2023-05-28,2023-10-19,2023-08-11,2023-08-25,0.0001115664789739,0.00010698230582982533
Local Kalman-OU,variance,14,3,2023-05-28,2023-10-19,2023-08-11,2023-08-25,0.0001115664789739,0.00011248853364393295
Persistence,variance,14,3,2023-05-28,2023-10-19,2023-08-12,2023-08-26,0.0001089769299003,9.323903648804923e-05
Local Kalman-OU,variance,14,3,2023-05-28,2023-10-19,2023-08-12,2023-08-26,0.0001089769299003,0.0001147787197474779
Persistence,variance,14,3,2023-05-28,2023-10-19,2023-08-13,2023-08-27,0.0001090122431089,7.626276289023492e-05
Local Kalman-OU,variance,14,3,2023-05-28,2023-10-19,2023-08-13,2023-08-27,0.0001090122431089,0.00011556834044369198
Persistence,variance,14,3,2023-05-28,2023-10-19,2023-08-14,2023-08-28,0.0001364924890041,8.581592535690787e-05
Local Kalman-OU,variance,14,3,2023-05-28,2023-10-19,2023-08-14,2023-08-28,0.0001364924890041,0.00011733424818202744
Persistence,variance,14,3,2023-05-28,2023-10-19,2023-08-15,2023-08-29,0.0001548350506503,7.23481925503755e-05
Local Kalman-OU,variance,14,3,2023-05-28,2023-10-19,2023-08-15,2023-08-29,0.0001548350506503,0.00011663121311211169
Persistence,variance,14,3,2023-05-28,2023-10-19,2023-08-16,2023-08-30,0.0001543154806848,7.23481737697382e-05
Local Kalman-OU,variance,14,3,2023-05-28,2023-10-19,2023-08-16,2023-08-30,0.0001543154806848,0.00011620961731205854
Persistence,variance,14,3,2023-05-28,2023-10-19,2023-08-17,2023-08-31,0.0001477900902021,7.390151364585568e-05
Local Kalman-OU,variance,14,3,2023-05-28,2023-10-19,2023-08-17,2023-08-31,0.0001477900902021,0.00011631381705002299
Persistence,variance,14,3,2023-05-28,2023-10-19,2023-08-18,2023-09-01,0.000142688695758,7.204749658350661e-05
Local Kalman-OU,variance,14,3,2023-05-28,2023-10-19,2023-08-18,2023-09-01,0.000142688695758,0.00011650174488490444
Persistence,variance,14,3,2023-05-28,2023-10-19,2023-08-19,2023-09-02,0.0001469436097987,7.271064563097273e-05
Local Kalman-OU,variance,14,3,2023-05-28,2023-10-19,2023-08-19,2023-09-02,0.0001469436097987,0.00011754352185760162
Persistence,variance,14,3,2023-05-28,2023-10-19,2023-08-20,2023-09-03,0.0001512908580352,7.824173525178751e-05
Local Kalman-OU,variance,14,3,2023-05-28,2023-10-19,2023-08-20,2023-09-03,0.0001512908580352,0.00011889820713292405
Persistence,variance,14,3,2023-05-28,2023-10-19,2023-08-21,2023-09-04,0.0002293500945692,7.951995184335658e-05
Local Kalman-OU,variance,14,3,2023-05-28,2023-10-19,2023-08-21,2023-09-04,0.0002293500945692,0.00011924756822844661
Persistence,variance,14,3,2023-05-28,2023-10-19,2023-08-22,2023-09-05,0.000276726194928,0.00015163143703733931
Local Kalman-OU,variance,14,3,2023-05-28,2023-10-19,2023-08-22,2023-09-05,0.000276726194928,0.00012735795112011694
Persistence,variance,14,3,2023-05-28,2023-10-19,2023-08-23,2023-09-06,0.0002790904220727,0.00013322797930124714
Local Kalman-OU,variance,14,3,2023-05-28,2023-10-19,2023-08-23,2023-09-06,0.0002790904220727,0.00013312419794505735
Persistence,variance,14,3,2023-05-28,2023-10-19,2023-08-24,2023-09-07,0.0002748954967189,0.00011996258029397116
Local Kalman-OU,variance,14,3,2023-05-28,2023-10-19,2023-08-24,2023-09-07,0.0002748954967189,0.0001368026254485971
Persistence,variance,14,3,2023-05-28,2023-10-19,2023-08-25,2023-09-08,0.0002833093926389,0.00011156647897391821
Local Kalman-OU,variance,14,3,2023-05-28,2023-10-19,2023-08-25,2023-09-08,0.0002833093926389,0.00013849742691670938
Persistence,variance,14,3,2023-05-28,2023-10-19,2023-08-26,2023-09-09,0.0002754632998991,0.00010897692990039453
Local Kalman-OU,variance,14,3,2023-05-28,2023-10-19,2023-08-26,2023-09-09,0.0002754632998991,0.00013981000332617072
Persistence,variance,14,3,2023-05-28,2023-10-19,2023-08-27,2023-09-10,0.000271369542194,0.00010901224310894494
Local Kalman-OU,variance,14,3,2023-05-28,2023-10-19,2023-08-27,2023-09-10,0.000271369542194,0.00014106893025776345
Persistence,variance,14,3,2023-05-28,2023-10-19,2023-08-28,2023-09-11,0.0002178243524314,0.00013649248900412337
Local Kalman-OU,variance,14,3,2023-05-28,2023-10-19,2023-08-28,2023-09-11,0.0002178243524314,0.0001443355462849529
Persistence,variance,14,3,2023-05-28,2023-10-19,2023-08-29,2023-09-12,0.0002284212814646,0.00015483505065035216
Local Kalman-OU,variance,14,3,2023-05-28,2023-10-19,2023-08-29,2023-09-12,0.0002284212814646,0.00015043803935438222
Persistence,variance,14,3,2023-05-28,2023-10-19,2023-08-30,2023-09-13,0.0002371014703427,0.0001543154806848623
Local Kalman-OU,variance,14,3,2023-05-28,2023-10-19,2023-08-30,2023-09-13,0.0002371014703427,0.00015590736254670655
Persistence,variance,14,3,2023-05-28,2023-10-19,2023-08-31,2023-09-14,0.0002000473267573,0.00014779009020219906
Local Kalman-OU,variance,14,3,2023-05-28,2023-10-19,2023-08-31,2023-09-14,0.0002000473267573,0.0001601236635033675
Persistence,variance,14,3,2023-05-28,2023-10-19,2023-09-01,2023-09-15,0.0001753653299908,0.0001426886957580896
Local Kalman-OU,variance,14,3,2023-05-28,2023-10-19,2023-09-01,2023-09-15,0.0001753653299908,0.00016367753062271687
Persistence,variance,14,3,2023-05-28,2023-10-19,2023-09-02,2023-09-16,0.0001749067441469,0.00014694360979875044
Local Kalman-OU,variance,14,3,2023-05-28,2023-10-19,2023-09-02,2023-09-16,0.0001749067441469,0.00016723521645863843
Persistence,variance,14,3,2023-05-28,2023-10-19,2023-09-03,2023-09-17,0.0001722714436764,0.00015129085803526501
Local Kalman-OU,variance,14,3,2023-05-28,2023-10-19,2023-09-03,2023-09-17,0.0001722714436764,0.00017117357490974562
Persistence,variance,14,3,2023-05-28,2023-10-19,2023-09-04,2023-09-18,0.00014747519878,0.00022935009456921467
Local Kalman-OU,variance,14,3,2023-05-28,2023-10-19,2023-09-04,2023-09-18,0.00014747519878,0.0001822963896407833
Persistence,variance,14,3,2023-05-28,2023-10-19,2023-09-05,2023-09-19,0.0002346230251452,0.000276726194928063
Local Kalman-OU,variance,14,3,2023-05-28,2023-10-19,2023-09-05,2023-09-19,0.0002346230251452,0.00019518410447724168
Persistence,variance,14,3,2023-05-28,2023-10-19,2023-09-06,2023-09-20,0.0002346634265661,0.0002790904220727402
Local Kalman-OU,variance,14,3,2023-05-28,2023-10-19,2023-09-06,2023-09-20,0.0002346634265661,0.00020774693077813642
Persistence,variance,14,3,2023-05-28,2023-10-19,2023-09-07,2023-09-21,0.0002103346780739,0.00027489549671895345
Local Kalman-OU,variance,14,3,2023-05-28,2023-10-19,2023-09-07,2023-09-21,0.0002103346780739,0.00021929159164813696
Persistence,variance,14,3,2023-05-28,2023-10-19,2023-09-08,2023-09-22,0.0002123798596343,0.00028330939263897513
Local Kalman-OU,variance,14,3,2023-05-28,2023-10-19,2023-09-08,2023-09-22,0.0002123798596343,0.0002313333054063459
Persistence,variance,14,3,2023-05-28,2023-10-19,2023-09-09,2023-09-23,0.0002246940607239,0.0002754632998991001
Local Kalman-OU,variance,14,3,2023-05-28,2023-10-19,2023-09-09,2023-09-23,0.0002246940607239,0.00024210688300442263
Persistence,variance,14,3,2023-05-28,2023-10-19,2023-09-10,2023-09-24,0.0002238126591864,0.0002713695421940814
Local Kalman-OU,variance,14,3,2023-05-28,2023-10-19,2023-09-10,2023-09-24,0.0002238126591864,0.0002519200611847988
Persistence,variance,14,3,2023-05-28,2023-10-19,2023-09-11,2023-09-25,0.000214873608921,0.00021782435243145393
Local Kalman-OU,variance,14,3,2023-05-28,2023-10-19,2023-09-11,2023-09-25,0.000214873608921,0.0002558630251645954
Persistence,variance,14,3,2023-05-28,2023-10-19,2023-09-12,2023-09-26,0.0006063491550938,0.00022842128146465836
Local Kalman-OU,variance,14,3,2023-05-28,2023-10-19,2023-09-12,2023-09-26,0.0006063491550938,0.00025855741231672023
Persistence,variance,14,3,2023-05-28,2023-10-19,2023-09-13,2023-09-27,0.0006424838052984,0.00023710147034273002
Local Kalman-OU,variance,14,3,2023-05-28,2023-10-19,2023-09-13,2023-09-27,0.0006424838052984,0.0002614897709048246
Persistence,variance,14,3,2023-05-28,2023-10-19,2023-09-14,2023-09-28,0.0006899169263853,0.00020004732675732388
Local Kalman-OU,variance,14,3,2023-05-28,2023-10-19,2023-09-14,2023-09-28,0.0006899169263853,0.00026031726723812825
Persistence,variance,14,3,2023-05-28,2023-10-19,2023-09-15,2023-09-29,0.0006526537878025,0.0001753653299908146
Local Kalman-OU,variance,14,3,2023-05-28,2023-10-19,2023-09-15,2023-09-29,0.0006526537878025,0.00025627306846973173
Persistence,variance,14,3,2023-05-28,2023-10-19,2023-09-16,2023-09-30,0.0006300505221724,0.00017490674414699905
Local Kalman-OU,variance,14,3,2023-05-28,2023-10-19,2023-09-16,2023-09-30,0.0006300505221724,0.00025175489570352825
Persistence,variance,14,3,2023-05-28,2023-10-19,2023-09-17,2023-10-01,0.0006394715613091,0.00017227144367642561
Local Kalman-OU,variance,14,3,2023-05-28,2023-10-19,2023-09-17,2023-10-01,0.0006394715613091,0.00024665720663899547
Persistence,variance,14,3,2023-05-28,2023-10-19,2023-09-18,2023-10-02,0.0006394715613091,0.00014747519878003396
Local Kalman-OU,variance,14,3,2023-05-28,2023-10-19,2023-09-18,2023-10-02,0.0006394715613091,0.00023897538384939226
Persistence,variance,14,3,2023-05-28,2023-10-19,2023-09-19,2023-10-03,0.0008929586378093,0.000234623025145279
Local Kalman-OU,variance,14,3,2023-05-28,2023-10-19,2023-09-19,2023-10-03,0.0008929586378093,0.00024203604511729241
Persistence,variance,14,3,2023-05-28,2023-10-19,2023-09-20,2023-10-04,0.0008899873263008,0.00023466342656615943
Local Kalman-OU,variance,14,3,2023-05-28,2023-10-19,2023-09-20,2023-10-04,0.0008899873263008,0.00024532618951704054
Persistence,variance,14,3,2023-05-28,2023-10-19,2023-09-21,2023-10-05,0.0008365401705632,0.000210334678073935
Local Kalman-OU,variance,14,3,2023-05-28,2023-10-19,2023-09-21,2023-10-05,0.0008365401705632,0.0002464139591171245
Persistence,variance,14,3,2023-05-28,2023-10-19,2023-09-22,2023-10-06,0.0008033361287065,0.0002123798596343575
Local Kalman-OU,variance,14,3,2023-05-28,2023-10-19,2023-09-22,2023-10-06,0.0008033361287065,0.00024759842870363804
Persistence,variance,14,3,2023-05-28,2023-10-19,2023-09-23,2023-10-07,0.0007754433396848,0.0002246940607239335
Local Kalman-OU,variance,14,3,2023-05-28,2023-10-19,2023-09-23,2023-10-07,0.0007754433396848,0.000250307324724431
Persistence,variance,14,3,2023-05-28,2023-10-19,2023-09-24,2023-10-08,0.0007614866027332,0.0002238126591864298
Local Kalman-OU,variance,14,3,2023-05-28,2023-10-19,2023-09-24,2023-10-08,0.0007614866027332,0.0002534468847586686
Persistence,variance,14,3,2023-05-28,2023-10-19,2023-09-25,2023-10-09,0.0007597507857682,0.00021487360892103117
Local Kalman-OU,variance,14,3,2023-05-28,2023-10-19,2023-09-25,2023-10-09,0.0007597507857682,0.000256031098926693
Persistence,variance,14,3,2023-05-28,2023-10-19,2023-09-26,2023-10-10,0.0005752876132009,0.000606349155093807
Local Kalman-OU,variance,14,3,2023-05-28,2023-10-19,2023-09-26,2023-10-10,0.0005752876132009,0.0002993529809727849
Persistence,variance,14,3,2023-05-28,2023-10-19,2023-09-27,2023-10-11,0.0005668255911017,0.000642483805298411
Local Kalman-OU,variance,14,3,2023-05-28,2023-10-19,2023-09-27,2023-10-11,0.0005668255911017,0.0003450260295490738
Persistence,variance,14,3,2023-05-28,2023-10-19,2023-09-28,2023-10-12,0.0005496950161238,0.0006899169263853446
Local Kalman-OU,variance,14,3,2023-05-28,2023-10-19,2023-09-28,2023-10-12,0.0005496950161238,0.0003939398473247359
Persistence,variance,14,3,2023-05-28,2023-10-19,2023-09-29,2023-10-13,0.000586963784257,0.0006526537878025389
Local Kalman-OU,variance,14,3,2023-05-28,2023-10-19,2023-09-29,2023-10-13,0.000586963784257,0.00043777740984763763
Persistence,variance,14,3,2023-05-28,2023-10-19,2023-09-30,2023-10-14,0.0006300811004854,0.0006300505221724912
Local Kalman-OU,variance,14,3,2023-05-28,2023-10-19,2023-09-30,2023-10-14,0.0006300811004854,0.0004781193382419642
Persistence,variance,14,3,2023-05-28,2023-10-19,2023-10-01,2023-10-15,0.0006238728756948,0.0006394715613091471
Local Kalman-OU,variance,14,3,2023-05-28,2023-10-19,2023-10-01,2023-10-15,0.0006238728756948,0.0005181022262402823
Persistence,variance,14,3,2023-05-28,2023-10-19,2023-10-02,2023-10-16,0.0005814928760014,0.0006394715613091471
Local Kalman-OU,variance,14,3,2023-05-28,2023-10-19,2023-10-02,2023-10-16,0.0005814928760014,0.0005564525168745237
Persistence,variance,14,3,2023-05-28,2023-10-19,2023-10-03,2023-10-17,0.0004814836144902,0.0008929586378093965
Local Kalman-OU,variance,14,3,2023-05-28,2023-10-19,2023-10-03,2023-10-17,0.0004814836144902,0.0006146057337798014
Persistence,variance,14,3,2023-05-28,2023-10-19,2023-10-04,2023-10-18,0.0004738329356074,0.0008899873263008679
Local Kalman-OU,variance,14,3,2023-05-28,2023-10-19,2023-10-04,2023-10-18,0.0004738329356074,0.0006698900150924274
Persistence,variance,14,3,2023-05-28,2023-10-19,2023-10-05,2023-10-19,0.0004718114614599,0.0008365401705632375
Local Kalman-OU,variance,14,3,2023-05-28,2023-10-19,2023-10-05,2023-10-19,0.0004718114614599,0.0007174113948531527
Persistence,variance,28,3,2023-05-28,2023-10-19,2023-05-01,2023-05-29,0.0005165039138387,0.0023309780661241375
Local Kalman-OU,variance,28,3,2023-05-28,2023-10-19,2023-05-01,2023-05-29,0.0005165039138387,0.0014073760700928101
Persistence,variance,28,3,2023-05-28,2023-10-19,2023-05-02,2023-05-30,0.0003965347193283,0.0017024424015982926
Local Kalman-OU,variance,28,3,2023-05-28,2023-10-19,2023-05-02,2023-05-30,0.0003965347193283,0.0011993361900482996
Persistence,variance,28,3,2023-05-28,2023-10-19,2023-05-03,2023-05-31,0.0003612216101206,0.0017164164630458381
Local Kalman-OU,variance,28,3,2023-05-28,2023-10-19,2023-05-03,2023-05-31,0.0003612216101206,0.0010507252182276657
Persistence,variance,28,3,2023-05-28,2023-10-19,2023-05-04,2023-06-01,0.000367791031549,0.0022449985957085482
Local Kalman-OU,variance,28,3,2023-05-28,2023-10-19,2023-05-04,2023-06-01,0.000367791031549,0.000991027451838094
Persistence,variance,28,3,2023-05-28,2023-10-19,2023-05-05,2023-06-02,0.0003706641551886,0.002434117051600291
Local Kalman-OU,variance,28,3,2023-05-28,2023-10-19,2023-05-05,2023-06-02,0.0003706641551886,0.0009601794709339232
Persistence,variance,28,3,2023-05-28,2023-10-19,2023-05-06,2023-06-03,0.0003756752955811,0.0027945078415877525
Local Kalman-OU,variance,28,3,2023-05-28,2023-10-19,2023-05-06,2023-06-03,0.0003756752955811,0.0009948498031548758
Persistence,variance,28,3,2023-05-28,2023-10-19,2023-05-07,2023-06-04,0.0003787901537899,0.002945521676022941
Local Kalman-OU,variance,28,3,2023-05-28,2023-10-19,2023-05-07,2023-06-04,0.0003787901537899,0.001014388305097101
Persistence,variance,28,3,2023-05-28,2023-10-19,2023-05-08,2023-06-05,0.0003166861282486,0.0030352514088160085
Local Kalman-OU,variance,28,3,2023-05-28,2023-10-19,2023-05-08,2023-06-05,0.0003166861282486,0.0010405593890462708
Persistence,variance,28,3,2023-05-28,2023-10-19,2023-05-09,2023-06-06,8.242633513760308e-05,0.0029221512300719506
Local Kalman-OU,variance,28,3,2023-05-28,2023-10-19,2023-05-09,2023-06-06,8.242633513760308e-05,0.001026735464199225
Persistence,variance,28,3,2023-05-28,2023-10-19,2023-05-10,2023-06-07,9.624188303081484e-05,0.0029201565731909887
Local Kalman-OU,variance,28,3,2023-05-28,2023-10-19,2023-05-10,2023-06-07,9.624188303081484e-05,0.0010134995820803442
Persistence,variance,28,3,2023-05-28,2023-10-19,2023-05-11,2023-06-08,0.0001038043510451,0.0030267759339044136
Local Kalman-OU,variance,28,3,2023-05-28,2023-10-19,2023-05-11,2023-06-08,0.0001038043510451,0.0010097325800980852
Persistence,variance,28,3,2023-05-28,2023-10-19,2023-05-12,2023-06-09,0.0001074716350663,0.003469722637240997
Local Kalman-OU,variance,28,3,2023-05-28,2023-10-19,2023-05-12,2023-06-09,0.0001074716350663,0.001022569754266501
Persistence,variance,28,3,2023-05-28,2023-10-19,2023-05-13,2023-06-10,0.000104460516848,0.003748434687887697
Local Kalman-OU,variance,28,3,2023-05-28,2023-10-19,2023-05-13,2023-06-10,0.000104460516848,0.0010631445987216558
Persistence,variance,28,3,2023-05-28,2023-10-19,2023-05-14,2023-06-11,0.0001047907661525,0.004251586410145018
Local Kalman-OU,variance,28,3,2023-05-28,2023-10-19,2023-05-14,2023-06-11,0.0001047907661525,0.0011613189685716827
Persistence,variance,28,3,2023-05-28,2023-10-19,2023-05-15,2023-06-12,0.0001047417347462,0.004231232803245079
Local Kalman-OU,variance,28,3,2023-05-28,2023-10-19,2023-05-15,2023-06-12,0.0001047417347462,0.0012589401185693315
Persistence,variance,28,3,2023-05-28,2023-10-19,2023-05-16,2023-06-13,6.469446961682607e-05,0.0032271932945841454
Local Kalman-OU,variance,28,3,2023-05-28,2023-10-19,2023-05-16,2023-06-13,6.469446961682607e-05,0.0012396515542464018
Persistence,variance,28,3,2023-05-28,2023-10-19,2023-05-17,2023-06-14,9.423757255570466e-05,0.003268011195866026
Local Kalman-OU,variance,28,3,2023-05-28,2023-10-19,2023-05-17,2023-06-14,9.423757255570466e-05,0.0011814574901268275
Persistence,variance,28,3,2023-05-28,2023-10-19,2023-05-18,2023-06-15,0.0001210058067034,0.0019003479654947225
Local Kalman-OU,variance,28,3,2023-05-28,2023-10-19,2023-05-18,2023-06-15,0.0001210058067034,0.0009595658365778243
Persistence,variance,28,3,2023-05-28,2023-10-19,2023-05-19,2023-06-16,0.000142816591054,0.0019792890855835406
Local Kalman-OU,variance,28,3,2023-05-28,2023-10-19,2023-05-19,2023-06-16,0.000142816591054,0.0007766767672798252
Persistence,variance,28,3,2023-05-28,2023-10-19,2023-05-20,2023-06-17,0.0001407498041656,0.002037859560430341
Local Kalman-OU,variance,28,3,2023-05-28,2023-10-19,2023-05-20,2023-06-17,0.0001407498041656,0.0006136786529701262
Persistence,variance,28,3,2023-05-28,2023-10-19,2023-05-21,2023-06-18,0.0001406241991228,0.0020846462426385016
Local Kalman-OU,variance,28,3,2023-05-28,2023-10-19,2023-05-21,2023-06-18,0.0001406241991228,0.00046485003811245953
Persistence,variance,28,3,2023-05-28,2023-10-19,2023-05-22,2023-06-19,0.0001386858046172,0.002060466517346898
Local Kalman-OU,variance,28,3,2023-05-28,2023-10-19,2023-05-22,2023-06-19,0.0001386858046172,0.00032057426782000804
Persistence,variance,28,3,2023-05-28,2023-10-19,2023-05-23,2023-06-20,0.0001176046998827,0.0006504957334531436
Local Kalman-OU,variance,28,3,2023-05-28,2023-10-19,2023-05-23,2023-06-20,0.0001176046998827,0.00010633567494910002
Persistence,variance,28,3,2023-05-28,2023-10-19,2023-05-24,2023-06-21,0.000120034800592,0.00042562192448935453
Local Kalman-OU,variance,28,3,2023-05-28,2023-10-19,2023-05-24,2023-06-21,0.000120034800592,0.0
Persistence,variance,28,3,2023-05-28,2023-10-19,2023-05-25,2023-06-22,0.0001238707577616,0.0004379478899304734
Local Kalman-OU,variance,28,3,2023-05-28,2023-10-19,2023-05-25,2023-06-22,0.0001238707577616,0.0
Persistence,variance,28,3,2023-05-28,2023-10-19,2023-05-26,2023-06-23,0.0001257714385614,0.00048456845616984284
Local Kalman-OU,variance,28,3,2023-05-28,2023-10-19,2023-05-26,2023-06-23,0.0001257714385614,0.0
Persistence,variance,28,3,2023-05-28,2023-10-19,2023-05-27,2023-06-24,0.0001358986254905,0.0005096176586510186
Local Kalman-OU,variance,28,3,2023-05-28,2023-10-19,2023-05-27,2023-06-24,0.0001358986254905,0.0
Persistence,variance,28,3,2023-05-28,2023-10-19,2023-05-28,2023-06-25,0.000129602580032,0.0005216407194755927
Local Kalman-OU,variance,28,3,2023-05-28,2023-10-19,2023-05-28,2023-06-25,0.000129602580032,0.0
Persistence,variance,28,3,2023-05-28,2023-10-19,2023-05-29,2023-06-26,0.0001093832999685,0.0005165039138387742
Local Kalman-OU,variance,28,3,2023-05-28,2023-10-19,2023-05-29,2023-06-26,0.0001093832999685,0.0
Persistence,variance,28,3,2023-05-28,2023-10-19,2023-05-30,2023-06-27,0.0001215027377828,0.000396534719328378
Local Kalman-OU,variance,28,3,2023-05-28,2023-10-19,2023-05-30,2023-06-27,0.0001215027377828,0.0
Persistence,variance,28,3,2023-05-28,2023-10-19,2023-05-31,2023-06-28,0.0001136530143294,0.0003612216101206669
Local Kalman-OU,variance,28,3,2023-05-28,2023-10-19,2023-05-31,2023-06-28,0.0001136530143294,0.0
Persistence,variance,28,3,2023-05-28,2023-10-19,2023-06-01,2023-06-29,0.0001015773621123,0.00036779103154906064
Local Kalman-OU,variance,28,3,2023-05-28,2023-10-19,2023-06-01,2023-06-29,0.0001015773621123,0.0
Persistence,variance,28,3,2023-05-28,2023-10-19,2023-06-02,2023-06-30,8.369138246784943e-05,0.0003706641551886727
Local Kalman-OU,variance,28,3,2023-05-28,2023-10-19,2023-06-02,2023-06-30,8.369138246784943e-05,0.0
Persistence,variance,28,3,2023-05-28,2023-10-19,2023-06-03,2023-07-01,8.281965861820725e-05,0.00037567529558119126
Local Kalman-OU,variance,28,3,2023-05-28,2023-10-19,2023-06-03,2023-07-01,8.281965861820725e-05,0.0
Persistence,variance,28,3,2023-05-28,2023-10-19,2023-06-04,2023-07-02,8.309215793671043e-05,0.00037879015378993196
Local Kalman-OU,variance,28,3,2023-05-28,2023-10-19,2023-06-04,2023-07-02,8.309215793671043e-05,0.0
Persistence,variance,28,3,2023-05-28,2023-10-19,2023-06-05,2023-07-03,7.430987919036254e-05,0.00031668612824860325
Local Kalman-OU,variance,28,3,2023-05-28,2023-10-19,2023-06-05,2023-07-03,7.430987919036254e-05,0.0
Persistence,variance,28,3,2023-05-28,2023-10-19,2023-06-06,2023-07-04,9.421657124288997e-05,8.242633513760308e-05
Local Kalman-OU,variance,28,3,2023-05-28,2023-10-19,2023-06-06,2023-07-04,9.421657124288997e-05,0.0
Persistence,variance,28,3,2023-05-28,2023-10-19,2023-06-07,2023-07-05,8.768492552391355e-05,9.624188303081485e-05
Local Kalman-OU,variance,28,3,2023-05-28,2023-10-19,2023-06-07,2023-07-05,8.768492552391355e-05,0.0
Persistence,variance,28,3,2023-05-28,2023-10-19,2023-06-08,2023-07-06,8.072378920634389e-05,0.00010380435104511207
Local Kalman-OU,variance,28,3,2023-05-28,2023-10-19,2023-06-08,2023-07-06,8.072378920634389e-05,0.0
Persistence,variance,28,3,2023-05-28,2023-10-19,2023-06-09,2023-07-07,8.099134228211503e-05,0.00010747163506636533
Local Kalman-OU,variance,28,3,2023-05-28,2023-10-19,2023-06-09,2023-07-07,8.099134228211503e-05,0.0
Persistence,variance,28,3,2023-05-28,2023-10-19,2023-06-10,2023-07-08,7.73546532432404e-05,0.00010446051684804562
Local Kalman-OU,variance,28,3,2023-05-28,2023-10-19,2023-06-10,2023-07-08,7.73546532432404e-05,0.0
Persistence,variance,28,3,2023-05-28,2023-10-19,2023-06-11,2023-07-09,7.991587560407396e-05,0.00010479076615257291
Local Kalman-OU,variance,28,3,2023-05-28,2023-10-19,2023-06-11,2023-07-09,7.991587560407396e-05,0.0
Persistence,variance,28,3,2023-05-28,2023-10-19,2023-06-12,2023-07-10,7.838855917153161e-05,0.00010474173474624883
Local Kalman-OU,variance,28,3,2023-05-28,2023-10-19,2023-06-12,2023-07-10,7.838855917153161e-05,0.0
Persistence,variance,28,3,2023-05-28,2023-10-19,2023-06-13,2023-07-11,4.110197372174843e-05,6.469446961682607e-05
Local Kalman-OU,variance,28,3,2023-05-28,2023-10-19,2023-06-13,2023-07-11,4.110197372174843e-05,0.0
Persistence,variance,28,3,2023-05-28,2023-10-19,2023-06-14,2023-07-12,4.295705493103402e-05,9.423757255570466e-05
Local Kalman-OU,variance,28,3,2023-05-28,2023-10-19,2023-06-14,2023-07-12,4.295705493103402e-05,0.0
Persistence,variance,28,3,2023-05-28,2023-10-19,2023-06-15,2023-07-13,4.381126794360352e-05,0.00012100580670343002
Local Kalman-OU,variance,28,3,2023-05-28,2023-10-19,2023-06-15,2023-07-13,4.381126794360352e-05,0.0
Persistence,variance,28,3,2023-05-28,2023-10-19,2023-06-16,2023-07-14,4.930382379909738e-05,0.00014281659105401434
Local Kalman-OU,variance,28,3,2023-05-28,2023-10-19,2023-06-16,2023-07-14,4.930382379909738e-05,0.0
Persistence,variance,28,3,2023-05-28,2023-10-19,2023-06-17,2023-07-15,5.165058902079529e-05,0.00014074980416563975
Local Kalman-OU,variance,28,3,2023-05-28,2023-10-19,2023-06-17,2023-07-15,5.165058902079529e-05,0.0
Persistence,variance,28,3,2023-05-28,2023-10-19,2023-06-18,2023-07-16,5.2713073233251855e-05,0.0001406241991228432
Local Kalman-OU,variance,28,3,2023-05-28,2023-10-19,2023-06-18,2023-07-16,5.2713073233251855e-05,0.0
Persistence,variance,28,3,2023-05-28,2023-10-19,2023-06-19,2023-07-17,5.085755326524275e-05,0.0001386858046172259
Local Kalman-OU,variance,28,3,2023-05-28,2023-10-19,2023-06-19,2023-07-17,5.085755326524275e-05,0.0
Persistence,variance,28,3,2023-05-28,2023-10-19,2023-06-20,2023-07-18,2.2425920283682633e-05,0.00011760469988271101
Local Kalman-OU,variance,28,3,2023-05-28,2023-10-19,2023-06-20,2023-07-18,2.2425920283682633e-05,0.0
Persistence,variance,28,3,2023-05-28,2023-10-19,2023-06-21,2023-07-19,2.227004909094733e-05,0.000120034800592035
Local Kalman-OU,variance,28,3,2023-05-28,2023-10-19,2023-06-21,2023-07-19,2.227004909094733e-05,0.0
Persistence,variance,28,3,2023-05-28,2023-10-19,2023-06-22,2023-07-20,2.3170543472659755e-05,0.00012387075776166634
Local Kalman-OU,variance,28,3,2023-05-28,2023-10-19,2023-06-22,2023-07-20,2.3170543472659755e-05,0.0
Persistence,variance,28,3,2023-05-28,2023-10-19,2023-06-23,2023-07-21,2.310975956974895e-05,0.0001257714385614887
Local Kalman-OU,variance,28,3,2023-05-28,2023-10-19,2023-06-23,2023-07-21,2.310975956974895e-05,0.0
Persistence,variance,28,3,2023-05-28,2023-10-19,2023-06-24,2023-07-22,2.3139638278931333e-05,0.0001358986254905031
Local Kalman-OU,variance,28,3,2023-05-28,2023-10-19,2023-06-24,2023-07-22,2.3139638278931333e-05,0.0
Persistence,variance,28,3,2023-05-28,2023-10-19,2023-06-25,2023-07-23,2.478480415949975e-05,0.0001296025800320577
Local Kalman-OU,variance,28,3,2023-05-28,2023-10-19,2023-06-25,2023-07-23,2.478480415949975e-05,0.0
Persistence,variance,28,3,2023-05-28,2023-10-19,2023-06-26,2023-07-24,2.8139717463203465e-05,0.00010938329996854319
Local Kalman-OU,variance,28,3,2023-05-28,2023-10-19,2023-06-26,2023-07-24,2.8139717463203465e-05,0.0
Persistence,variance,28,3,2023-05-28,2023-10-19,2023-06-27,2023-07-25,7.142798415736174e-05,0.00012150273778285357
Local Kalman-OU,variance,28,3,2023-05-28,2023-10-19,2023-06-27,2023-07-25,7.142798415736174e-05,0.0
Persistence,variance,28,3,2023-05-28,2023-10-19,2023-06-28,2023-07-26,8.235936714938586e-05,0.00011365301432943044
Local Kalman-OU,variance,28,3,2023-05-28,2023-10-19,2023-06-28,2023-07-26,8.235936714938586e-05,0.0
Persistence,variance,28,3,2023-05-28,2023-10-19,2023-06-29,2023-07-27,9.128063129160166e-05,0.00010157736211233028
Local Kalman-OU,variance,28,3,2023-05-28,2023-10-19,2023-06-29,2023-07-27,9.128063129160166e-05,0.0
Persistence,variance,28,3,2023-05-28,2023-10-19,2023-06-30,2023-07-28,9.506478387373946e-05,8.369138246784943e-05
Local Kalman-OU,variance,28,3,2023-05-28,2023-10-19,2023-06-30,2023-07-28,9.506478387373946e-05,0.0
Persistence,variance,28,3,2023-05-28,2023-10-19,2023-07-01,2023-07-29,0.0001058084272263,8.281965861820725e-05
Local Kalman-OU,variance,28,3,2023-05-28,2023-10-19,2023-07-01,2023-07-29,0.0001058084272263,0.0
Persistence,variance,28,3,2023-05-28,2023-10-19,2023-07-02,2023-07-30,0.0001193412909954,8.309215793671043e-05
Local Kalman-OU,variance,28,3,2023-05-28,2023-10-19,2023-07-02,2023-07-30,0.0001193412909954,0.0
Persistence,variance,28,3,2023-05-28,2023-10-19,2023-07-03,2023-07-31,0.0001288343672346,7.430987919036254e-05
Local Kalman-OU,variance,28,3,2023-05-28,2023-10-19,2023-07-03,2023-07-31,0.0001288343672346,0.0
Persistence,variance,28,3,2023-05-28,2023-10-19,2023-07-04,2023-08-01,0.0001836561318345,9.421657124288995e-05
Local Kalman-OU,variance,28,3,2023-05-28,2023-10-19,2023-07-04,2023-08-01,0.0001836561318345,0.0
Persistence,variance,28,3,2023-05-28,2023-10-19,2023-07-05,2023-08-02,0.0001850239884705,8.768492552391355e-05
Local Kalman-OU,variance,28,3,2023-05-28,2023-10-19,2023-07-05,2023-08-02,0.0001850239884705,0.0
Persistence,variance,28,3,2023-05-28,2023-10-19,2023-07-06,2023-08-03,0.0001848851750801,8.072378920634389e-05
Local Kalman-OU,variance,28,3,2023-05-28,2023-10-19,2023-07-06,2023-08-03,0.0001848851750801,0.0
Persistence,variance,28,3,2023-05-28,2023-10-19,2023-07-07,2023-08-04,0.0001837508888009,8.099134228211503e-05
Local Kalman-OU,variance,28,3,2023-05-28,2023-10-19,2023-07-07,2023-08-04,0.0001837508888009,0.0
Persistence,variance,28,3,2023-05-28,2023-10-19,2023-07-08,2023-08-05,0.00018377196645,7.73546532432404e-05
Local Kalman-OU,variance,28,3,2023-05-28,2023-10-19,2023-07-08,2023-08-05,0.00018377196645,0.0
Persistence,variance,28,3,2023-05-28,2023-10-19,2023-07-09,2023-08-06,0.0001838314256792,7.991587560407396e-05
Local Kalman-OU,variance,28,3,2023-05-28,2023-10-19,2023-07-09,2023-08-06,0.0001838314256792,0.0
Persistence,variance,28,3,2023-05-28,2023-10-19,2023-07-10,2023-08-07,0.0001784317145476,7.838855917153161e-05
Local Kalman-OU,variance,28,3,2023-05-28,2023-10-19,2023-07-10,2023-08-07,0.0001784317145476,0.0
Persistence,variance,28,3,2023-05-28,2023-10-19,2023-07-11,2023-08-08,0.0001277907380899,4.110197372174843e-05
Local Kalman-OU,variance,28,3,2023-05-28,2023-10-19,2023-07-11,2023-08-08,0.0001277907380899,0.0
Persistence,variance,28,3,2023-05-28,2023-10-19,2023-07-12,2023-08-09,0.0001212244923043,4.295705493103402e-05
Local Kalman-OU,variance,28,3,2023-05-28,2023-10-19,2023-07-12,2023-08-09,0.0001212244923043,0.0
Persistence,variance,28,3,2023-05-28,2023-10-19,2023-07-13,2023-08-10,0.0001139451041638,4.381126794360352e-05
Local Kalman-OU,variance,28,3,2023-05-28,2023-10-19,2023-07-13,2023-08-10,0.0001139451041638,0.0
Persistence,variance,28,3,2023-05-28,2023-10-19,2023-07-14,2023-08-11,0.0001069823058298,4.930382379909738e-05
Local Kalman-OU,variance,28,3,2023-05-28,2023-10-19,2023-07-14,2023-08-11,0.0001069823058298,0.0
Persistence,variance,28,3,2023-05-28,2023-10-19,2023-07-15,2023-08-12,9.323903648804924e-05,5.165058902079529e-05
Local Kalman-OU,variance,28,3,2023-05-28,2023-10-19,2023-07-15,2023-08-12,9.323903648804924e-05,0.0
Persistence,variance,28,3,2023-05-28,2023-10-19,2023-07-16,2023-08-13,7.626276289023492e-05,5.2713073233251855e-05
Local Kalman-OU,variance,28,3,2023-05-28,2023-10-19,2023-07-16,2023-08-13,7.626276289023492e-05,0.0
Persistence,variance,28,3,2023-05-28,2023-10-19,2023-07-17,2023-08-14,8.581592535690787e-05,5.085755326524275e-05
Local Kalman-OU,variance,28,3,2023-05-28,2023-10-19,2023-07-17,2023-08-14,8.581592535690787e-05,0.0
Persistence,variance,28,3,2023-05-28,2023-10-19,2023-07-18,2023-08-15,7.23481925503755e-05,2.2425920283682633e-05
Local Kalman-OU,variance,28,3,2023-05-28,2023-10-19,2023-07-18,2023-08-15,7.23481925503755e-05,0.0
Persistence,variance,28,3,2023-05-28,2023-10-19,2023-07-19,2023-08-16,7.23481737697382e-05,2.2270049090947326e-05
Local Kalman-OU,variance,28,3,2023-05-28,2023-10-19,2023-07-19,2023-08-16,7.23481737697382e-05,0.0
Persistence,variance,28,3,2023-05-28,2023-10-19,2023-07-20,2023-08-17,7.390151364585568e-05,2.3170543472659755e-05
Local Kalman-OU,variance,28,3,2023-05-28,2023-10-19,2023-07-20,2023-08-17,7.390151364585568e-05,0.0
Persistence,variance,28,3,2023-05-28,2023-10-19,2023-07-21,2023-08-18,7.204749658350661e-05,2.310975956974895e-05
Local Kalman-OU,variance,28,3,2023-05-28,2023-10-19,2023-07-21,2023-08-18,7.204749658350661e-05,0.0
Persistence,variance,28,3,2023-05-28,2023-10-19,2023-07-22,2023-08-19,7.271064563097273e-05,2.3139638278931333e-05
Local Kalman-OU,variance,28,3,2023-05-28,2023-10-19,2023-07-22,2023-08-19,7.271064563097273e-05,0.0
Persistence,variance,28,3,2023-05-28,2023-10-19,2023-07-23,2023-08-20,7.824173525178751e-05,2.478480415949975e-05
Local Kalman-OU,variance,28,3,2023-05-28,2023-10-19,2023-07-23,2023-08-20,7.824173525178751e-05,0.0
Persistence,variance,28,3,2023-05-28,2023-10-19,2023-07-24,2023-08-21,7.951995184335658e-05,2.8139717463203465e-05
Local Kalman-OU,variance,28,3,2023-05-28,2023-10-19,2023-07-24,2023-08-21,7.951995184335658e-05,0.0
Persistence,variance,28,3,2023-05-28,2023-10-19,2023-07-25,2023-08-22,0.0001516314370373,7.142798415736174e-05
Local Kalman-OU,variance,28,3,2023-05-28,2023-10-19,2023-07-25,2023-08-22,0.0001516314370373,0.0
Persistence,variance,28,3,2023-05-28,2023-10-19,2023-07-26,2023-08-23,0.0001332279793012,8.235936714938586e-05
Local Kalman-OU,variance,28,3,2023-05-28,2023-10-19,2023-07-26,2023-08-23,0.0001332279793012,0.0
Persistence,variance,28,3,2023-05-28,2023-10-19,2023-07-27,2023-08-24,0.0001199625802939,9.128063129160166e-05
Local Kalman-OU,variance,28,3,2023-05-28,2023-10-19,2023-07-27,2023-08-24,0.0001199625802939,0.0
Persistence,variance,28,3,2023-05-28,2023-10-19,2023-07-28,2023-08-25,0.0001115664789739,9.506478387373946e-05
Local Kalman-OU,variance,28,3,2023-05-28,2023-10-19,2023-07-28,2023-08-25,0.0001115664789739,0.0
Persistence,variance,28,3,2023-05-28,2023-10-19,2023-07-29,2023-08-26,0.0001089769299003,0.00010580842722636319
Local Kalman-OU,variance,28,3,2023-05-28,2023-10-19,2023-07-29,2023-08-26,0.0001089769299003,0.0
Persistence,variance,28,3,2023-05-28,2023-10-19,2023-07-30,2023-08-27,0.0001090122431089,0.00011934129099542907
Local Kalman-OU,variance,28,3,2023-05-28,2023-10-19,2023-07-30,2023-08-27,0.0001090122431089,0.0
Persistence,variance,28,3,2023-05-28,2023-10-19,2023-07-31,2023-08-28,0.0001364924890041,0.00012883436723465765
Local Kalman-OU,variance,28,3,2023-05-28,2023-10-19,2023-07-31,2023-08-28,0.0001364924890041,2.0323781723809384e-05
Persistence,variance,28,3,2023-05-28,2023-10-19,2023-08-01,2023-08-29,0.0001548350506503,0.00018365613183454166
Local Kalman-OU,variance,28,3,2023-05-28,2023-10-19,2023-08-01,2023-08-29,0.0001548350506503,3.183277311455064e-05
Persistence,variance,28,3,2023-05-28,2023-10-19,2023-08-02,2023-08-30,0.0001543154806848,0.000185023988470554
Local Kalman-OU,variance,28,3,2023-05-28,2023-10-19,2023-08-02,2023-08-30,0.0001543154806848,4.4371854800109235e-05
Persistence,variance,28,3,2023-05-28,2023-10-19,2023-08-03,2023-08-31,0.0001477900902021,0.00018488517508017052
Local Kalman-OU,variance,28,3,2023-05-28,2023-10-19,2023-08-03,2023-08-31,0.0001477900902021,5.723976103971181e-05
Persistence,variance,28,3,2023-05-28,2023-10-19,2023-08-04,2023-09-01,0.000142688695758,0.00018375088880091134
Local Kalman-OU,variance,28,3,2023-05-28,2023-10-19,2023-08-04,2023-09-01,0.000142688695758,6.999250159865441e-05
Persistence,variance,28,3,2023-05-28,2023-10-19,2023-08-05,2023-09-02,0.0001469436097987,0.00018377196645002374
Local Kalman-OU,variance,28,3,2023-05-28,2023-10-19,2023-08-05,2023-09-02,0.0001469436097987,8.218666362774254e-05
Persistence,variance,28,3,2023-05-28,2023-10-19,2023-08-06,2023-09-03,0.0001512908580352,0.00018383142567923402
Local Kalman-OU,variance,28,3,2023-05-28,2023-10-19,2023-08-06,2023-09-03,0.0001512908580352,9.411702470850066e-05
Persistence,variance,28,3,2023-05-28,2023-10-19,2023-08-07,2023-09-04,0.0002293500945692,0.0001784317145476015
Local Kalman-OU,variance,28,3,2023-05-28,2023-10-19,2023-08-07,2023-09-04,0.0002293500945692,0.0001050833744274287
Persistence,variance,28,3,2023-05-28,2023-10-19,2023-08-08,2023-09-05,0.000276726194928,0.00012779073808994002
Local Kalman-OU,variance,28,3,2023-05-28,2023-10-19,2023-08-08,2023-09-05,0.000276726194928,0.00010596818259471993
Persistence,variance,28,3,2023-05-28,2023-10-19,2023-08-09,2023-09-06,0.0002790904220727,0.00012122449230434965
Local Kalman-OU,variance,28,3,2023-05-28,2023-10-19,2023-08-09,2023-09-06,0.0002790904220727,0.0001084779162704724
Persistence,variance,28,3,2023-05-28,2023-10-19,2023-08-10,2023-09-07,0.0002748954967189,0.00011394510416389328
Local Kalman-OU,variance,28,3,2023-05-28,2023-10-19,2023-08-10,2023-09-07,0.0002748954967189,0.00011241196798073993
Persistence,variance,28,3,2023-05-28,2023-10-19,2023-08-11,2023-09-08,0.0002833093926389,0.00010698230582982533
Local Kalman-OU,variance,28,3,2023-05-28,2023-10-19,2023-08-11,2023-09-08,0.0002833093926389,0.00011749072288333447
Persistence,variance,28,3,2023-05-28,2023-10-19,2023-08-12,2023-09-09,0.0002754632998991,9.323903648804923e-05
Local Kalman-OU,variance,28,3,2023-05-28,2023-10-19,2023-08-12,2023-09-09,0.0002754632998991,0.00012083971133312103
Persistence,variance,28,3,2023-05-28,2023-10-19,2023-08-13,2023-09-10,0.000271369542194,7.626276289023492e-05
Local Kalman-OU,variance,28,3,2023-05-28,2023-10-19,2023-08-13,2023-09-10,0.000271369542194,0.00012228342959090494
Persistence,variance,28,3,2023-05-28,2023-10-19,2023-08-14,2023-09-11,0.0002178243524314,8.581592535690787e-05
Local Kalman-OU,variance,28,3,2023-05-28,2023-10-19,2023-08-14,2023-09-11,0.0002178243524314,0.00012496355848952417
Persistence,variance,28,3,2023-05-28,2023-10-19,2023-08-15,2023-09-12,0.0002284212814646,7.23481925503755e-05
Local Kalman-OU,variance,28,3,2023-05-28,2023-10-19,2023-08-15,2023-09-12,0.0002284212814646,0.00012429598452453044
Persistence,variance,28,3,2023-05-28,2023-10-19,2023-08-16,2023-09-13,0.0002371014703427,7.23481737697382e-05
Local Kalman-OU,variance,28,3,2023-05-28,2023-10-19,2023-08-16,2023-09-13,0.0002371014703427,0.0001240194324715816
Persistence,variance,28,3,2023-05-28,2023-10-19,2023-08-17,2023-09-14,0.0002000473267573,7.390151364585568e-05
Local Kalman-OU,variance,28,3,2023-05-28,2023-10-19,2023-08-17,2023-09-14,0.0002000473267573,0.00012445980347124377
Persistence,variance,28,3,2023-05-28,2023-10-19,2023-08-18,2023-09-15,0.0001753653299908,7.204749658350661e-05
Local Kalman-OU,variance,28,3,2023-05-28,2023-10-19,2023-08-18,2023-09-15,0.0001753653299908,0.00012503476685269958
Persistence,variance,28,3,2023-05-28,2023-10-19,2023-08-19,2023-09-16,0.0001749067441469,7.271064563097273e-05
Local Kalman-OU,variance,28,3,2023-05-28,2023-10-19,2023-08-19,2023-09-16,0.0001749067441469,0.00012680863714064117
Persistence,variance,28,3,2023-05-28,2023-10-19,2023-08-20,2023-09-17,0.0001722714436764,7.824173525178751e-05
Local Kalman-OU,variance,28,3,2023-05-28,2023-10-19,2023-08-20,2023-09-17,0.0001722714436764,0.00012892972735691738
Persistence,variance,28,3,2023-05-28,2023-10-19,2023-08-21,2023-09-18,0.00014747519878,7.951995184335658e-05
Local Kalman-OU,variance,28,3,2023-05-28,2023-10-19,2023-08-21,2023-09-18,0.00014747519878,0.0001295768448950571
Persistence,variance,28,3,2023-05-28,2023-10-19,2023-08-22,2023-09-19,0.0002346230251452,0.00015163143703733931
Local Kalman-OU,variance,28,3,2023-05-28,2023-10-19,2023-08-22,2023-09-19,0.0002346230251452,0.00014024176238117958
Persistence,variance,28,3,2023-05-28,2023-10-19,2023-08-23,2023-09-20,0.0002346634265661,0.00013322797930124714
Local Kalman-OU,variance,28,3,2023-05-28,2023-10-19,2023-08-23,2023-09-20,0.0002346634265661,0.0001478353276231371
Persistence,variance,28,3,2023-05-28,2023-10-19,2023-08-24,2023-09-21,0.0002103346780739,0.00011996258029397116
Local Kalman-OU,variance,28,3,2023-05-28,2023-10-19,2023-08-24,2023-09-21,0.0002103346780739,0.0001526439161026804
Persistence,variance,28,3,2023-05-28,2023-10-19,2023-08-25,2023-09-22,0.0002123798596343,0.00011156647897391821
Local Kalman-OU,variance,28,3,2023-05-28,2023-10-19,2023-08-25,2023-09-22,0.0002123798596343,0.00015474253555698676
Persistence,variance,28,3,2023-05-28,2023-10-19,2023-08-26,2023-09-23,0.0002246940607239,0.00010897692990039453
Local Kalman-OU,variance,28,3,2023-05-28,2023-10-19,2023-08-26,2023-09-23,0.0002246940607239,0.00015634033490408454
Persistence,variance,28,3,2023-05-28,2023-10-19,2023-08-27,2023-09-24,0.0002238126591864,0.00010901224310894494
Local Kalman-OU,variance,28,3,2023-05-28,2023-10-19,2023-08-27,2023-09-24,0.0002238126591864,0.00015786781498626135
Persistence,variance,28,3,2023-05-28,2023-10-19,2023-08-28,2023-09-25,0.000214873608921,0.00013649248900412337
Local Kalman-OU,variance,28,3,2023-05-28,2023-10-19,2023-08-28,2023-09-25,0.000214873608921,0.00016186182792735952
Persistence,variance,28,3,2023-05-28,2023-10-19,2023-08-29,2023-09-26,0.0006063491550938,0.00015483505065035216
Local Kalman-OU,variance,28,3,2023-05-28,2023-10-19,2023-08-29,2023-09-26,0.0006063491550938,0.0001696578217948646
Persistence,variance,28,3,2023-05-28,2023-10-19,2023-08-30,2023-09-27,0.0006424838052984,0.0001543154806848623
Local Kalman-OU,variance,28,3,2023-05-28,2023-10-19,2023-08-30,2023-09-27,0.0006424838052984,0.00017657082898483482
Persistence,variance,28,3,2023-05-28,2023-10-19,2023-08-31,2023-09-28,0.0006899169263853,0.00014779009020219906
Local Kalman-OU,variance,28,3,2023-05-28,2023-10-19,2023-08-31,2023-09-28,0.0006899169263853,0.00018180548266786423
Persistence,variance,28,3,2023-05-28,2023-10-19,2023-09-01,2023-09-29,0.0006526537878025,0.0001426886957580896
Local Kalman-OU,variance,28,3,2023-05-28,2023-10-19,2023-09-01,2023-09-29,0.0006526537878025,0.00018618657391497015
Persistence,variance,28,3,2023-05-28,2023-10-19,2023-09-02,2023-09-30,0.0006300505221724,0.00014694360979875044
Local Kalman-OU,variance,28,3,2023-05-28,2023-10-19,2023-09-02,2023-09-30,0.0006300505221724,0.0001905252323427959
Persistence,variance,28,3,2023-05-28,2023-10-19,2023-09-03,2023-10-01,0.0006394715613091,0.00015129085803526501
Local Kalman-OU,variance,28,3,2023-05-28,2023-10-19,2023-09-03,2023-10-01,0.0006394715613091,0.00019536222387119714
Persistence,variance,28,3,2023-05-28,2023-10-19,2023-09-04,2023-10-02,0.0006394715613091,0.00022935009456921467
Local Kalman-OU,variance,28,3,2023-05-28,2023-10-19,2023-09-04,2023-10-02,0.0006394715613091,0.00020932790661151447
Persistence,variance,28,3,2023-05-28,2023-10-19,2023-09-05,2023-10-03,0.0008929586378093,0.000276726194928063
Local Kalman-OU,variance,28,3,2023-05-28,2023-10-19,2023-09-05,2023-10-03,0.0008929586378093,0.00022514386126505333
Persistence,variance,28,3,2023-05-28,2023-10-19,2023-09-06,2023-10-04,0.0008899873263008,0.0002790904220727402
Local Kalman-OU,variance,28,3,2023-05-28,2023-10-19,2023-09-06,2023-10-04,0.0008899873263008,0.00024052225928708303
Persistence,variance,28,3,2023-05-28,2023-10-19,2023-09-07,2023-10-05,0.0008365401705632,0.00027489549671895345
Local Kalman-OU,variance,28,3,2023-05-28,2023-10-19,2023-09-07,2023-10-05,0.0008365401705632,0.0002545694308796418
Persistence,variance,28,3,2023-05-28,2023-10-19,2023-09-08,2023-10-06,0.0008033361287065,0.00028330939263897513
Local Kalman-OU,variance,28,3,2023-05-28,2023-10-19,2023-09-08,2023-10-06,0.0008033361287065,0.00026926373741869306
Persistence,variance,28,3,2023-05-28,2023-10-19,2023-09-09,2023-10-07,0.0007754433396848,0.0002754632998991001
Local Kalman-OU,variance,28,3,2023-05-28,2023-10-19,2023-09-09,2023-10-07,0.0007754433396848,0.0002823235055867337
Persistence,variance,28,3,2023-05-28,2023-10-19,2023-09-10,2023-10-08,0.0007614866027332,0.0002713695421940814
Local Kalman-OU,variance,28,3,2023-05-28,2023-10-19,2023-09-10,2023-10-08,0.0007614866027332,0.00029412994587036425
Persistence,variance,28,3,2023-05-28,2023-10-19,2023-09-11,2023-10-09,0.0007597507857682,0.00021782435243145393
Local Kalman-OU,variance,28,3,2023-05-28,2023-10-19,2023-09-11,2023-10-09,0.0007597507857682,0.00029839724228210296
Persistence,variance,28,3,2023-05-28,2023-10-19,2023-09-12,2023-10-10,0.0005752876132009,0.00022842128146465836
Local Kalman-OU,variance,28,3,2023-05-28,2023-10-19,2023-09-12,2023-10-10,0.0005752876132009,0.0003007596434061435
Persistence,variance,28,3,2023-05-28,2023-10-19,2023-09-13,2023-10-11,0.0005668255911017,0.00023710147034273002
Local Kalman-OU,variance,28,3,2023-05-28,2023-10-19,2023-09-13,2023-10-11,0.0005668255911017,0.0003033870662092002
Persistence,variance,28,3,2023-05-28,2023-10-19,2023-09-14,2023-10-12,0.0005496950161238,0.00020004732675732388
Local Kalman-OU,variance,28,3,2023-05-28,2023-10-19,2023-09-14,2023-10-12,0.0005496950161238,0.0003007534963459998
Persistence,variance,28,3,2023-05-28,2023-10-19,2023-09-15,2023-10-13,0.000586963784257,0.0001753653299908146
Local Kalman-OU,variance,28,3,2023-05-28,2023-10-19,2023-09-15,2023-10-13,0.000586963784257,0.00029442778732789677
Persistence,variance,28,3,2023-05-28,2023-10-19,2023-09-16,2023-10-14,0.0006300811004854,0.00017490674414699905
Local Kalman-OU,variance,28,3,2023-05-28,2023-10-19,2023-09-16,2023-10-14,0.0006300811004854,0.00028747115202690146
Persistence,variance,28,3,2023-05-28,2023-10-19,2023-09-17,2023-10-15,0.0006238728756948,0.00017227144367642561
Local Kalman-OU,variance,28,3,2023-05-28,2023-10-19,2023-09-17,2023-10-15,0.0006238728756948,0.0002797652868953158
Persistence,variance,28,3,2023-05-28,2023-10-19,2023-09-18,2023-10-16,0.0005814928760014,0.00014747519878003396
Local Kalman-OU,variance,28,3,2023-05-28,2023-10-19,2023-09-18,2023-10-16,0.0005814928760014,0.0002687731173735764
Persistence,variance,28,3,2023-05-28,2023-10-19,2023-09-19,2023-10-17,0.0004814836144902,0.000234623025145279
Local Kalman-OU,variance,28,3,2023-05-28,2023-10-19,2023-09-19,2023-10-17,0.0004814836144902,0.0002718831882198772
Persistence,variance,28,3,2023-05-28,2023-10-19,2023-09-20,2023-10-18,0.0004738329356074,0.00023466342656615943
Local Kalman-OU,variance,28,3,2023-05-28,2023-10-19,2023-09-20,2023-10-18,0.0004738329356074,0.00027536576651702966
Persistence,variance,28,3,2023-05-28,2023-10-19,2023-09-21,2023-10-19,0.0004718114614599,0.000210334678073935
Local Kalman-OU,variance,28,3,2023-05-28,2023-10-19,2023-09-21,2023-10-19,0.0004718114614599,0.0002761033014835134
