architecture,strategy,target,horizon,origin_date,target_date,y_true,prediction
GRU,multi_output,mean,14,2023-05-15,2023-05-29,0.042551361925533084,0.0882188007235527
GRU,multi_output,mean,14,2023-05-16,2023-05-30,0.04043135449563707,0.0735173150897026
GRU,multi_output,mean,14,2023-05-17,2023-05-31,0.03795676346336498,0.06137171760201454
GRU,multi_output,mean,14,2023-05-18,2023-06-01,0.0373976908582477,0.04621526226401329
GRU,multi_output,mean,14,2023-05-19,2023-06-02,0.03690902293726377,0.03701263666152954
GRU,multi_output,mean,14,2023-05-20,2023-06-03,0.03622520779966677,0.03429274260997772
GRU,multi_output,mean,14,2023-05-21,2023-06-04,0.03448489307368162,0.035761721432209015
GRU,multi_output,mean,14,2023-05-22,2023-06-05,0.03225515634722982,0.038488131016492844
GRU,multi_output,mean,14,2023-05-23,2023-06-06,0.028847458859593642,0.036305394023656845
GRU,multi_output,mean,14,2023-05-24,2023-06-07,0.028145270889968054,0.02975226379930973
GRU,multi_output,mean,14,2023-05-25,2023-06-08,0.027810438343931678,0.021984955295920372
GRU,multi_output,mean,14,2023-05-26,2023-06-09,0.02761640273894596,0.017326517030596733
GRU,multi_output,mean,14,2023-05-27,2023-06-10,0.027761573235458626,0.015644250437617302
GRU,multi_output,mean,14,2023-05-28,2023-06-11,0.027631140122086423,0.017322270199656487
GRU,multi_output,mean,14,2023-05-29,2023-06-12,0.02762767224760617,0.020601799711585045
GRU,multi_output,mean,14,2023-05-30,2023-06-13,0.026644098206145692,0.023719025775790215
GRU,multi_output,mean,14,2023-05-31,2023-06-14,0.02504189692726691,0.02526874653995037
GRU,multi_output,mean,14,2023-06-01,2023-06-15,0.023385253504520125,0.026115013286471367
GRU,multi_output,mean,14,2023-06-02,2023-06-16,0.02142041114707139,0.02663535811007023
GRU,multi_output,mean,14,2023-06-03,2023-06-17,0.020512634232813375,0.027109162881970406
GRU,multi_output,mean,14,2023-06-04,2023-06-18,0.02026787013347333,0.026815349236130714
GRU,multi_output,mean,14,2023-06-05,2023-06-19,0.020176321577711504,0.025235047563910484
GRU,multi_output,mean,14,2023-06-06,2023-06-20,0.018046791735304078,0.021549804136157036
GRU,multi_output,mean,14,2023-06-07,2023-06-21,0.01782346923076451,0.018449967727065086
GRU,multi_output,mean,14,2023-06-08,2023-06-22,0.017466834157230875,0.016743971034884453
GRU,multi_output,mean,14,2023-06-09,2023-06-23,0.017089554682335775,0.01648704521358013
GRU,multi_output,mean,14,2023-06-10,2023-06-24,0.01693682862194099,0.017532413825392723
GRU,multi_output,mean,14,2023-06-11,2023-06-25,0.01640869622741816,0.019171422347426414
GRU,multi_output,mean,14,2023-06-12,2023-06-26,0.015725670490165287,0.021092912182211876
GRU,multi_output,mean,14,2023-06-13,2023-06-27,0.015951370470315467,0.022240636870265007
GRU,multi_output,mean,14,2023-06-14,2023-06-28,0.01704843124923566,0.02194124273955822
GRU,multi_output,mean,14,2023-06-15,2023-06-29,0.017797876758688304,0.02028738521039486
GRU,multi_output,mean,14,2023-06-16,2023-06-30,0.01877817819159672,0.017503103241324425
GRU,multi_output,mean,14,2023-06-17,2023-07-01,0.019028913999890686,0.014825081452727318
GRU,multi_output,mean,14,2023-06-18,2023-07-02,0.019183484327958265,0.013114085420966148
GRU,multi_output,mean,14,2023-06-19,2023-07-03,0.018556853209503864,0.012508770450949669
GRU,multi_output,mean,14,2023-06-20,2023-07-04,0.020850459390244182,0.011290235444903374
GRU,multi_output,mean,14,2023-06-21,2023-07-05,0.021286407339735632,0.010511381551623344
GRU,multi_output,mean,14,2023-06-22,2023-07-06,0.02164392810426926,0.010179935023188591
GRU,multi_output,mean,14,2023-06-23,2023-07-07,0.02163082518330223,0.010157225653529167
GRU,multi_output,mean,14,2023-06-24,2023-07-08,0.02120042551741052,0.01044425182044506
GRU,multi_output,mean,14,2023-06-25,2023-07-09,0.020921871382180292,0.010630084201693535
GRU,multi_output,mean,14,2023-06-26,2023-07-10,0.02064764913305339,0.010483620688319206
GRU,multi_output,mean,14,2023-06-27,2023-07-11,0.018759703832617464,0.010679220780730247
GRU,multi_output,mean,14,2023-06-28,2023-07-12,0.01825554387776106,0.01194520853459835
GRU,multi_output,mean,14,2023-06-29,2023-07-13,0.01815728668450978,0.01395934633910656
GRU,multi_output,mean,14,2023-06-30,2023-07-14,0.01766133925586516,0.016583023592829704
GRU,multi_output,mean,14,2023-07-01,2023-07-15,0.017142980076093314,0.018979473039507866
GRU,multi_output,mean,14,2023-07-02,2023-07-16,0.016451451474528863,0.020786156877875328
GRU,multi_output,mean,14,2023-07-03,2023-07-17,0.01614893541158249,0.021357281133532524
GRU,multi_output,mean,14,2023-07-04,2023-07-18,0.015398547098749276,0.023068485781550407
GRU,multi_output,mean,14,2023-07-05,2023-07-19,0.015337976231806149,0.02489699237048626
GRU,multi_output,mean,14,2023-07-06,2023-07-20,0.0151222191476377,0.026455136016011238
GRU,multi_output,mean,14,2023-07-07,2023-07-21,0.0151318451527297,0.02733607403934002
GRU,multi_output,mean,14,2023-07-08,2023-07-22,0.015154254307802536,0.027234358713030815
GRU,multi_output,mean,14,2023-07-09,2023-07-23,0.015521889627311635,0.02644338272511959
GRU,multi_output,mean,14,2023-07-10,2023-07-24,0.015734868603895745,0.025285592302680016
GRU,multi_output,mean,14,2023-07-11,2023-07-25,0.017499234629100403,0.02278582565486431
GRU,multi_output,mean,14,2023-07-12,2023-07-26,0.016882932317259604,0.020152507349848747
GRU,multi_output,mean,14,2023-07-13,2023-07-27,0.016304484167451897,0.018131015822291374
GRU,multi_output,mean,14,2023-07-14,2023-07-28,0.016094643447225748,0.016545956954360008
GRU,multi_output,mean,14,2023-07-15,2023-07-29,0.015495106124443202,0.015253661200404167
GRU,multi_output,mean,14,2023-07-16,2023-07-30,0.014786026774915318,0.014020530506968498
GRU,multi_output,mean,14,2023-07-17,2023-07-31,0.014613387658776041,0.013070954009890556
GRU,multi_output,mean,14,2023-07-18,2023-08-01,0.015829941411054087,0.012063836678862572
GRU,multi_output,mean,14,2023-07-19,2023-08-02,0.016129579912494238,0.011432616040110588
GRU,multi_output,mean,14,2023-07-20,2023-08-03,0.01683912208995456,0.011075755581259727
GRU,multi_output,mean,14,2023-07-21,2023-08-04,0.016979264306447285,0.011058477684855461
GRU,multi_output,mean,14,2023-07-22,2023-08-05,0.01716472437324465,0.011305263265967369
GRU,multi_output,mean,14,2023-07-23,2023-08-06,0.01668445586844775,0.011979227885603905
GRU,multi_output,mean,14,2023-07-24,2023-08-07,0.015999248513226764,0.01289425604045391
GRU,multi_output,mean,14,2023-07-25,2023-08-08,0.014443916390635279,0.015052853152155876
GRU,multi_output,mean,14,2023-07-26,2023-08-09,0.014858106806785343,0.01659831963479519
GRU,multi_output,mean,14,2023-07-27,2023-08-10,0.015395880126889437,0.017122803255915642
GRU,multi_output,mean,14,2023-07-28,2023-08-11,0.01597114731325099,0.016983574256300926
GRU,multi_output,mean,14,2023-07-29,2023-08-12,0.01727720521848292,0.016183270141482353
GRU,multi_output,mean,14,2023-07-30,2023-08-13,0.019287951589009554,0.014859413728117943
GRU,multi_output,mean,14,2023-07-31,2023-08-14,0.020337425227242575,0.013630075380206108
GRU,multi_output,mean,14,2023-08-01,2023-08-15,0.02004952460711604,0.013726597651839256
GRU,multi_output,mean,14,2023-08-02,2023-08-16,0.020050840739817603,0.014481766149401665
GRU,multi_output,mean,14,2023-08-03,2023-08-17,0.019636256420528776,0.015841005370020866
GRU,multi_output,mean,14,2023-08-04,2023-08-18,0.019839822585211185,0.017142778262495995
GRU,multi_output,mean,14,2023-08-05,2023-08-19,0.020202660464567774,0.018192222341895103
GRU,multi_output,mean,14,2023-08-06,2023-08-20,0.021500459689544008,0.018441563472151756
GRU,multi_output,mean,14,2023-08-07,2023-08-21,0.02251016703196554,0.017770415171980858
GRU,multi_output,mean,14,2023-08-08,2023-08-22,0.024969388540383552,0.015756001695990562
GRU,multi_output,mean,14,2023-08-09,2023-08-23,0.026200885200839522,0.014188980683684349
GRU,multi_output,mean,14,2023-08-10,2023-08-24,0.026835974681743178,0.013594558462500572
GRU,multi_output,mean,14,2023-08-11,2023-08-25,0.027203321512249412,0.013956813141703606
GRU,multi_output,mean,14,2023-08-12,2023-08-26,0.02742056385042249,0.015575787052512169
GRU,multi_output,mean,14,2023-08-13,2023-08-27,0.027367559848038212,0.01872832141816616
GRU,multi_output,mean,14,2023-08-14,2023-08-28,0.025368347649415868,0.02233659289777279
GRU,multi_output,mean,14,2023-08-15,2023-08-29,0.025850504108248712,0.0247883852571249
GRU,multi_output,mean,14,2023-08-16,2023-08-30,0.02589425783196988,0.025983242318034172
GRU,multi_output,mean,14,2023-08-17,2023-08-31,0.026258065168719865,0.02584766037762165
GRU,multi_output,mean,14,2023-08-18,2023-09-01,0.02658797698447568,0.025249851867556572
GRU,multi_output,mean,14,2023-08-19,2023-09-02,0.027435533877634415,0.024767836555838585
GRU,multi_output,mean,14,2023-08-20,2023-09-03,0.0277461345559839,0.02533878944814205
GRU,multi_output,mean,14,2023-08-21,2023-09-04,0.02996470924665842,0.026774538680911064
GRU,multi_output,mean,14,2023-08-22,2023-09-05,0.030711415932792845,0.02992287464439869
GRU,multi_output,mean,14,2023-08-23,2023-09-06,0.03146528337075428,0.033605754375457764
GRU,multi_output,mean,14,2023-08-24,2023-09-07,0.03168780574315189,0.036734748631715775
GRU,multi_output,mean,14,2023-08-25,2023-09-08,0.03266538052227829,0.038731060922145844
GRU,multi_output,mean,14,2023-08-26,2023-09-09,0.033521956298179126,0.039504844695329666
GRU,multi_output,mean,14,2023-08-27,2023-09-10,0.0341728924304534,0.03914652392268181
GRU,multi_output,mean,14,2023-08-28,2023-09-11,0.036521332487694604,0.036483827978372574
GRU,multi_output,mean,14,2023-08-29,2023-09-12,0.035600796321057775,0.033917296677827835
GRU,multi_output,mean,14,2023-08-30,2023-09-13,0.03883209852197485,0.03191712498664856
GRU,multi_output,mean,14,2023-08-31,2023-09-14,0.04042577564475446,0.030849607661366463
GRU,multi_output,mean,14,2023-09-01,2023-09-15,0.04116502475590788,0.030598187819123268
GRU,multi_output,mean,14,2023-09-02,2023-09-16,0.04120155018039486,0.0313166119158268
GRU,multi_output,mean,14,2023-09-03,2023-09-17,0.041760873519425014,0.03233997896313667
GRU,multi_output,mean,14,2023-09-04,2023-09-18,0.039864854609507935,0.034858718514442444
GRU,multi_output,mean,14,2023-09-05,2023-09-19,0.041135083147445385,0.0376451350748539
GRU,multi_output,mean,14,2023-09-06,2023-09-20,0.041876885212484914,0.0401674248278141
GRU,multi_output,mean,14,2023-09-07,2023-09-21,0.04266065582821124,0.04177125543355942
GRU,multi_output,mean,14,2023-09-08,2023-09-22,0.041212188005497245,0.04305959865450859
GRU,multi_output,mean,14,2023-09-09,2023-09-23,0.040633468941889246,0.044229790568351746
GRU,multi_output,mean,14,2023-09-10,2023-09-24,0.04071261732651853,0.04524469003081322
GRU,multi_output,mean,14,2023-09-11,2023-09-25,0.0416876196818655,0.04753779619932175
GRU,multi_output,mean,14,2023-09-12,2023-09-26,0.047299294875667516,0.04851468279957771
GRU,multi_output,mean,14,2023-09-13,2023-09-27,0.04838185137688062,0.05105682462453842
GRU,multi_output,mean,14,2023-09-14,2023-09-28,0.04926153471640357,0.054337501525878906
GRU,multi_output,mean,14,2023-09-15,2023-09-29,0.05079215335944181,0.05712782219052315
GRU,multi_output,mean,14,2023-09-16,2023-09-30,0.052099173497155475,0.05837232619524002
GRU,multi_output,mean,14,2023-09-17,2023-10-01,0.054228481091523596,0.0585128478705883
GRU,multi_output,mean,14,2023-09-18,2023-10-02,0.054228481091523596,0.05597750470042229
GRU,multi_output,mean,14,2023-09-19,2023-10-03,0.057160646307487406,0.05376428738236427
GRU,multi_output,mean,14,2023-09-20,2023-10-04,0.059207134577776245,0.05249197036027908
GRU,multi_output,mean,14,2023-09-21,2023-10-05,0.06040940308825981,0.05227012187242508
GRU,multi_output,mean,14,2023-09-22,2023-10-06,0.06090063841936074,0.051029086112976074
GRU,multi_output,mean,14,2023-09-23,2023-10-07,0.06131938534129275,0.04906415194272995
GRU,multi_output,mean,14,2023-09-24,2023-10-08,0.06158822492011762,0.04724965617060661
GRU,multi_output,mean,14,2023-09-25,2023-10-09,0.06316475928926725,0.04667242616415024
GRU,multi_output,mean,14,2023-09-26,2023-10-10,0.06103983214692733,0.051221515983343124
GRU,multi_output,mean,14,2023-09-27,2023-10-11,0.06022950922231705,0.05729035288095474
GRU,multi_output,mean,14,2023-09-28,2023-10-12,0.05870774680915994,0.06284558773040771
GRU,multi_output,mean,14,2023-09-29,2023-10-13,0.05768381652170041,0.06740725040435791
GRU,multi_output,mean,14,2023-09-30,2023-10-14,0.05631481367631079,0.07068176567554474
GRU,multi_output,mean,14,2023-10-01,2023-10-15,0.05466154656903291,0.07358671724796295
GRU,multi_output,mean,14,2023-10-02,2023-10-16,0.05529457903908453,0.07473767548799515
GRU,multi_output,mean,14,2023-10-03,2023-10-17,0.05439798857076055,0.07667912542819977
GRU,multi_output,mean,14,2023-10-04,2023-10-18,0.05413901437052666,0.07938193529844284
GRU,multi_output,mean,14,2023-10-05,2023-10-19,0.05428202115080427,0.0818563923239708
GRU,multi_output,mean,14,2023-10-06,2023-10-20,0.054258245126709834,0.0830361545085907
GRU,multi_output,mean,14,2023-10-07,2023-10-21,0.05554923980738474,0.08273317664861679
GRU,multi_output,mean,14,2023-10-08,2023-10-22,0.05676709753669388,0.08125101774930954
GRU,multi_output,mean,14,2023-10-09,2023-10-23,0.05769901239923082,0.08032585680484772
GRU,multi_output,mean,14,2023-10-10,2023-10-24,0.06708737515764628,0.07734394073486328
GRU,multi_output,mean,14,2023-10-11,2023-10-25,0.0693610017248623,0.07314804941415787
GRU,multi_output,mean,14,2023-10-12,2023-10-26,0.07014536401973497,0.06797477602958679
GRU,multi_output,mean,14,2023-10-13,2023-10-27,0.07286875594659449,0.06288385391235352
GRU,multi_output,mean,14,2023-10-14,2023-10-28,0.07490462786741633,0.05819282680749893
GRU,multi_output,mean,14,2023-10-15,2023-10-29,0.0765826909905696,0.053891245275735855
GRU,multi_output,mean,14,2023-10-16,2023-10-30,0.08171143569789005,0.05181773006916046
GRU,multi_output,mean,14,2023-10-17,2023-10-31,0.08961593263464504,0.050879575312137604
GRU,multi_output,mean,14,2023-10-18,2023-11-01,0.09364398757052059,0.05095350742340088
GRU,multi_output,mean,14,2023-10-19,2023-11-02,0.09606731527867739,0.05197486653923988
GRU,multi_output,mean,14,2023-10-20,2023-11-03,0.09884619144991041,0.053460460156202316
GRU,multi_output,mean,14,2023-10-21,2023-11-04,0.1010212576889182,0.056099869310855865
GRU,multi_output,mean,14,2023-10-22,2023-11-05,0.10555499872329109,0.059696733951568604
GRU,multi_output,mean,14,2023-10-23,2023-11-06,0.11097745226778419,0.06352917850017548
GRU,multi_output,mean,14,2023-10-24,2023-11-07,0.11626975528826576,0.07444369047880173
GRU,multi_output,mean,14,2023-10-25,2023-11-08,0.13180608141533884,0.08713937550783157
GRU,multi_output,mean,14,2023-10-26,2023-11-09,0.13729154207096592,0.09701302647590637
GRU,multi_output,mean,14,2023-10-27,2023-11-10,0.13729154207096592,0.10379002243280411
GRU,multi_output,mean,14,2023-10-28,2023-11-11,0.13873362739757616,0.10739050805568695
GRU,multi_output,mean,14,2023-10-29,2023-11-12,0.1415087387818689,0.10847379267215729
GRU,multi_output,mean,14,2023-10-30,2023-11-13,0.14088430417845246,0.11145968735218048
GRU,multi_output,mean,14,2023-10-31,2023-11-14,0.14460672052530318,0.12032268941402435
GRU,multi_output,mean,14,2023-11-01,2023-11-15,0.15004875283649335,0.1316654086112976
GRU,multi_output,mean,14,2023-11-02,2023-11-16,0.1543787251966863,0.1412445306777954
GRU,multi_output,mean,14,2023-11-03,2023-11-17,0.1577614552918338,0.14708827435970306
GRU,multi_output,mean,14,2023-11-04,2023-11-18,0.16239700182164243,0.14853063225746155
GRU,multi_output,mean,14,2023-11-05,2023-11-19,0.16621294655598837,0.14911706745624542
GRU,multi_output,mean,14,2023-11-06,2023-11-20,0.1726684403556859,0.1518394947052002
GRU,multi_output,mean,14,2023-11-07,2023-11-21,0.1780018064157898,0.15746095776557922
GRU,multi_output,mean,14,2023-11-08,2023-11-22,0.1762285956341221,0.1755261868238449
GRU,multi_output,mean,14,2023-11-09,2023-11-23,0.18298875568361378,0.19750258326530457
GRU,multi_output,mean,14,2023-11-10,2023-11-24,0.17970974463867573,0.21062177419662476
GRU,multi_output,mean,14,2023-11-11,2023-11-25,0.18515124840245936,0.21204181015491486
GRU,multi_output,mean,14,2023-11-12,2023-11-26,0.19303482727357177,0.20781119167804718
GRU,multi_output,mean,14,2023-11-13,2023-11-27,0.19877262707533147,0.1995571106672287
GRU,multi_output,mean,14,2023-11-14,2023-11-28,0.20919234209026485,0.19388842582702637
GRU,multi_output,mean,14,2023-11-15,2023-11-29,0.2157007730162676,0.19405408203601837
GRU,multi_output,mean,14,2023-11-16,2023-11-30,0.21867657579282268,0.19812357425689697
GRU,multi_output,mean,14,2023-11-17,2023-12-01,0.21976181386743115,0.2031109482049942
GRU,multi_output,mean,14,2023-11-18,2023-12-02,0.2206127125794615,0.2087269127368927
GRU,multi_output,mean,14,2023-11-19,2023-12-03,0.2233059873389914,0.21881558001041412
GRU,multi_output,mean,14,2023-11-20,2023-12-04,0.22240869573228733,0.23789247870445251
GRU,multi_output,mean,14,2023-11-21,2023-12-05,0.23721964732182707,0.25527065992355347
GRU,multi_output,mean,14,2023-11-22,2023-12-06,0.2429123744927313,0.2564923167228699
GRU,multi_output,mean,14,2023-11-23,2023-12-07,0.24525588198929985,0.2520587146282196
GRU,multi_output,mean,14,2023-11-24,2023-12-08,0.24459369154973282,0.24085266888141632
GRU,multi_output,mean,14,2023-11-25,2023-12-09,0.24567036035122167,0.23622961342334747
GRU,multi_output,mean,14,2023-11-26,2023-12-10,0.24404549662128625,0.24157655239105225
GRU,multi_output,mean,14,2023-11-27,2023-12-11,0.24751412013981824,0.2506506145000458
GRU,multi_output,mean,14,2023-11-28,2023-12-12,0.24847486183782236,0.27045708894729614
GRU,multi_output,mean,14,2023-11-29,2023-12-13,0.2460190134508397,0.287302702665329
GRU,multi_output,mean,14,2023-11-30,2023-12-14,0.2436470164596183,0.29297778010368347
GRU,multi_output,mean,14,2023-12-01,2023-12-15,0.24263457990844456,0.2923254072666168
GRU,multi_output,mean,14,2023-12-02,2023-12-16,0.25021935142805124,0.29142773151397705
GRU,multi_output,mean,14,2023-12-03,2023-12-17,0.2450239486987933,0.29210376739501953
GRU,multi_output,mean,14,2023-12-04,2023-12-18,0.24673257139171853,0.29215776920318604
GRU,multi_output,mean,14,2023-12-05,2023-12-19,0.21332805091602164,0.3055814802646637
GRU,multi_output,mean,14,2023-12-06,2023-12-20,0.19490525605838763,0.3171607255935669
GRU,multi_output,mean,14,2023-12-07,2023-12-21,0.1823091162078165,0.3193087875843048
GRU,multi_output,mean,14,2023-12-08,2023-12-22,0.1773088507628169,0.31402909755706787
GRU,multi_output,mean,14,2023-12-09,2023-12-23,0.1708532695446551,0.3088780343532562
GRU,multi_output,mean,14,2023-12-10,2023-12-24,0.16447040689913564,0.303570419549942
GRU,multi_output,mean,14,2023-12-11,2023-12-25,0.15578129224466283,0.3017543852329254
GRU,multi_output,mean,14,2023-12-12,2023-12-26,0.1392454062413967,0.2998374402523041
GRU,multi_output,mean,14,2023-12-13,2023-12-27,0.14026828693248514,0.2924838662147522
GRU,multi_output,mean,14,2023-12-14,2023-12-28,0.13963205596970305,0.2830222249031067
GRU,multi_output,mean,14,2023-12-15,2023-12-29,0.13554709831464054,0.2740095853805542
GRU,multi_output,mean,14,2023-12-16,2023-12-30,0.13247481659948357,0.27127331495285034
GRU,multi_output,mean,14,2023-12-17,2023-12-31,0.13176984323036373,0.26519104838371277
GRU,multi_output,mean,14,2023-12-18,2024-01-01,0.13176984323036373,0.26375535130500793
GRU,multi_output,mean,14,2023-12-19,2024-01-02,0.125085363035447,0.23513367772102356
GRU,multi_output,mean,14,2023-12-20,2024-01-03,0.1460763632288744,0.19875015318393707
GRU,multi_output,mean,14,2023-12-21,2024-01-04,0.15065459183855895,0.16249261796474457
GRU,multi_output,mean,14,2023-12-22,2024-01-05,0.16038528894268547,0.1351739466190338
GRU,multi_output,mean,14,2023-12-23,2024-01-06,0.16467434101211137,0.11606258898973465
GRU,multi_output,mean,14,2023-12-24,2024-01-07,0.1590846896417734,0.10814816504716873
GRU,multi_output,mean,14,2023-12-25,2024-01-08,0.1473343966942288,0.10520869493484497
GRU,multi_output,mean,14,2023-12-26,2024-01-09,0.13347727924190736,0.09838715940713882
GRU,multi_output,mean,14,2023-12-27,2024-01-10,0.12553669967451733,0.09710592031478882
GRU,multi_output,mean,14,2023-12-28,2024-01-11,0.11578902262890232,0.09916625171899796
GRU,multi_output,mean,14,2023-12-29,2024-01-12,0.12157671613866941,0.09939146041870117
GRU,multi_output,mean,14,2023-12-30,2024-01-13,0.1131200330449865,0.09814674407243729
GRU,multi_output,mean,14,2023-12-31,2024-01-14,0.1131200330449865,0.09755206108093262
GRU,multi_output,mean,14,2024-01-01,2024-01-15,0.10861545893922078,0.09747571498155594
GRU,multi_output,mean,14,2024-01-02,2024-01-16,0.11489677018815585,0.09306353330612183
GRU,multi_output,mean,14,2024-01-03,2024-01-17,0.09441690652857937,0.10150735080242157
GRU,multi_output,mean,14,2024-01-04,2024-01-18,0.09355917255892066,0.11403574049472809
GRU,multi_output,mean,14,2024-01-05,2024-01-19,0.09220682919412322,0.12866336107254028
GRU,multi_output,mean,14,2024-01-06,2024-01-20,0.08871766930252432,0.1489315629005432
GRU,multi_output,mean,14,2024-01-07,2024-01-21,0.08977748841267115,0.16634735465049744
GRU,multi_output,mean,14,2024-01-08,2024-01-22,0.09335548436576135,0.16870571672916412
GRU,multi_output,mean,14,2024-01-09,2024-01-23,0.09457352777748064,0.15250416100025177
GRU,multi_output,mean,14,2024-01-10,2024-01-24,0.09519824765401066,0.13125091791152954
GRU,multi_output,mean,14,2024-01-11,2024-01-25,0.10093731179301353,0.10665212571620941
GRU,multi_output,mean,14,2024-01-12,2024-01-26,0.10093731179301353,0.08894690126180649
GRU,multi_output,mean,14,2024-01-13,2024-01-27,0.10497482358531632,0.07738051563501358
GRU,multi_output,mean,14,2024-01-14,2024-01-28,0.10497482358531632,0.08395154029130936
GRU,multi_output,mean,14,2024-01-15,2024-01-29,0.10857437441778534,0.09202012419700623
GRU,multi_output,mean,14,2024-01-16,2024-01-30,0.09982472109988688,0.10494823753833771
GRU,multi_output,mean,14,2024-01-17,2024-01-31,0.09768920904645417,0.0997137799859047
GRU,multi_output,mean,14,2024-01-18,2024-02-01,0.09927763106946927,0.09003318101167679
GRU,multi_output,mean,28,2023-05-01,2023-05-29,0.042551361925533084,0.0784268006682396
GRU,multi_output,mean,28,2023-05-02,2023-05-30,0.04043135449563707,0.07890497148036957
GRU,multi_output,mean,28,2023-05-03,2023-05-31,0.03795676346336498,0.08055534213781357
GRU,multi_output,mean,28,2023-05-04,2023-06-01,0.0373976908582477,0.09406598657369614
GRU,multi_output,mean,28,2023-05-05,2023-06-02,0.03690902293726377,0.10244393348693848
GRU,multi_output,mean,28,2023-05-06,2023-06-03,0.03622520779966677,0.10193130373954773
GRU,multi_output,mean,28,2023-05-07,2023-06-04,0.03448489307368162,0.0974871963262558
GRU,multi_output,mean,28,2023-05-08,2023-06-05,0.03225515634722982,0.09109479188919067
GRU,multi_output,mean,28,2023-05-09,2023-06-06,0.028847458859593642,0.08653721213340759
GRU,multi_output,mean,28,2023-05-10,2023-06-07,0.028145270889968054,0.08371015638113022
GRU,multi_output,mean,28,2023-05-11,2023-06-08,0.027810438343931678,0.08062606304883957
GRU,multi_output,mean,28,2023-05-12,2023-06-09,0.02761640273894596,0.07522500306367874
GRU,multi_output,mean,28,2023-05-13,2023-06-10,0.027761573235458626,0.07442833483219147
GRU,multi_output,mean,28,2023-05-14,2023-06-11,0.027631140122086423,0.07038699835538864
GRU,multi_output,mean,28,2023-05-15,2023-06-12,0.02762767224760617,0.061369530856609344
GRU,multi_output,mean,28,2023-05-16,2023-06-13,0.026644098206145692,0.04890994355082512
GRU,multi_output,mean,28,2023-05-17,2023-06-14,0.02504189692726691,0.04354676604270935
GRU,multi_output,mean,28,2023-05-18,2023-06-15,0.023385253504520125,0.032906848937273026
GRU,multi_output,mean,28,2023-05-19,2023-06-16,0.02142041114707139,0.0316404327750206
GRU,multi_output,mean,28,2023-05-20,2023-06-17,0.020512634232813375,0.036689650267362595
GRU,multi_output,mean,28,2023-05-21,2023-06-18,0.02026787013347333,0.041989006102085114
GRU,multi_output,mean,28,2023-05-22,2023-06-19,0.020176321577711504,0.0451461486518383
GRU,multi_output,mean,28,2023-05-23,2023-06-20,0.018046791735304078,0.03974230960011482
GRU,multi_output,mean,28,2023-05-24,2023-06-21,0.01782346923076451,0.030587805435061455
GRU,multi_output,mean,28,2023-05-25,2023-06-22,0.017466834157230875,0.023496562615036964
GRU,multi_output,mean,28,2023-05-26,2023-06-23,0.017089554682335775,0.021864915266633034
GRU,multi_output,mean,28,2023-05-27,2023-06-24,0.01693682862194099,0.02228650636970997
GRU,multi_output,mean,28,2023-05-28,2023-06-25,0.01640869622741816,0.02481224574148655
GRU,multi_output,mean,28,2023-05-29,2023-06-26,0.015725670490165287,0.02710079215466976
GRU,multi_output,mean,28,2023-05-30,2023-06-27,0.015951370470315467,0.02839326299726963
GRU,multi_output,mean,28,2023-05-31,2023-06-28,0.01704843124923566,0.029149631038308144
GRU,multi_output,mean,28,2023-06-01,2023-06-29,0.017797876758688304,0.03201368823647499
GRU,multi_output,mean,28,2023-06-02,2023-06-30,0.01877817819159672,0.03641695901751518
GRU,multi_output,mean,28,2023-06-03,2023-07-01,0.019028913999890686,0.03955418989062309
GRU,multi_output,mean,28,2023-06-04,2023-07-02,0.019183484327958265,0.0402836836874485
GRU,multi_output,mean,28,2023-06-05,2023-07-03,0.018556853209503864,0.03892108425498009
GRU,multi_output,mean,28,2023-06-06,2023-07-04,0.020850459390244182,0.035151466727256775
GRU,multi_output,mean,28,2023-06-07,2023-07-05,0.021286407339735632,0.03232623264193535
GRU,multi_output,mean,28,2023-06-08,2023-07-06,0.02164392810426926,0.031206900253891945
GRU,multi_output,mean,28,2023-06-09,2023-07-07,0.02163082518330223,0.031460072845220566
GRU,multi_output,mean,28,2023-06-10,2023-07-08,0.02120042551741052,0.03278927505016327
GRU,multi_output,mean,28,2023-06-11,2023-07-09,0.020921871382180292,0.0343792662024498
GRU,multi_output,mean,28,2023-06-12,2023-07-10,0.02064764913305339,0.03596639260649681
GRU,multi_output,mean,28,2023-06-13,2023-07-11,0.018759703832617464,0.03643279895186424
GRU,multi_output,mean,28,2023-06-14,2023-07-12,0.01825554387776106,0.03527098521590233
GRU,multi_output,mean,28,2023-06-15,2023-07-13,0.01815728668450978,0.03288518264889717
GRU,multi_output,mean,28,2023-06-16,2023-07-14,0.01766133925586516,0.029537836089730263
GRU,multi_output,mean,28,2023-06-17,2023-07-15,0.017142980076093314,0.026746341958642006
GRU,multi_output,mean,28,2023-06-18,2023-07-16,0.016451451474528863,0.025284508243203163
GRU,multi_output,mean,28,2023-06-19,2023-07-17,0.01614893541158249,0.024991730228066444
GRU,multi_output,mean,28,2023-06-20,2023-07-18,0.015398547098749276,0.0234545785933733
GRU,multi_output,mean,28,2023-06-21,2023-07-19,0.015337976231806149,0.02247045375406742
GRU,multi_output,mean,28,2023-06-22,2023-07-20,0.0151222191476377,0.021978022530674934
GRU,multi_output,mean,28,2023-06-23,2023-07-21,0.0151318451527297,0.021785276010632515
GRU,multi_output,mean,28,2023-06-24,2023-07-22,0.015154254307802536,0.021928543224930763
GRU,multi_output,mean,28,2023-06-25,2023-07-23,0.015521889627311635,0.021890217438340187
GRU,multi_output,mean,28,2023-06-26,2023-07-24,0.015734868603895745,0.02144082821905613
GRU,multi_output,mean,28,2023-06-27,2023-07-25,0.017499234629100403,0.021529296413064003
GRU,multi_output,mean,28,2023-06-28,2023-07-26,0.016882932317259604,0.022930899634957314
GRU,multi_output,mean,28,2023-06-29,2023-07-27,0.016304484167451897,0.024963216856122017
GRU,multi_output,mean,28,2023-06-30,2023-07-28,0.016094643447225748,0.02745366282761097
GRU,multi_output,mean,28,2023-07-01,2023-07-29,0.015495106124443202,0.02941734530031681
GRU,multi_output,mean,28,2023-07-02,2023-07-30,0.014786026774915318,0.030689919367432594
GRU,multi_output,mean,28,2023-07-03,2023-07-31,0.014613387658776041,0.030657881870865822
GRU,multi_output,mean,28,2023-07-04,2023-08-01,0.015829941411054087,0.03246910870075226
GRU,multi_output,mean,28,2023-07-05,2023-08-02,0.016129579912494238,0.03429929167032242
GRU,multi_output,mean,28,2023-07-06,2023-08-03,0.01683912208995456,0.03571305423974991
GRU,multi_output,mean,28,2023-07-07,2023-08-04,0.016979264306447285,0.03633088991045952
GRU,multi_output,mean,28,2023-07-08,2023-08-05,0.01716472437324465,0.03592335432767868
GRU,multi_output,mean,28,2023-07-09,2023-08-06,0.01668445586844775,0.0349714420735836
GRU,multi_output,mean,28,2023-07-10,2023-08-07,0.015999248513226764,0.03379395604133606
GRU,multi_output,mean,28,2023-07-11,2023-08-08,0.014443916390635279,0.031073199585080147
GRU,multi_output,mean,28,2023-07-12,2023-08-09,0.014858106806785343,0.028516417369246483
GRU,multi_output,mean,28,2023-07-13,2023-08-10,0.015395880126889437,0.026858510449528694
GRU,multi_output,mean,28,2023-07-14,2023-08-11,0.01597114731325099,0.025637777522206306
GRU,multi_output,mean,28,2023-07-15,2023-08-12,0.01727720521848292,0.024626510217785835
GRU,multi_output,mean,28,2023-07-16,2023-08-13,0.019287951589009554,0.02353539504110813
GRU,multi_output,mean,28,2023-07-17,2023-08-14,0.020337425227242575,0.02271309681236744
GRU,multi_output,mean,28,2023-07-18,2023-08-15,0.02004952460711604,0.021709317341446877
GRU,multi_output,mean,28,2023-07-19,2023-08-16,0.020050840739817603,0.02117176540195942
GRU,multi_output,mean,28,2023-07-20,2023-08-17,0.019636256420528776,0.020899930968880653
GRU,multi_output,mean,28,2023-07-21,2023-08-18,0.019839822585211185,0.02097264863550663
GRU,multi_output,mean,28,2023-07-22,2023-08-19,0.020202660464567774,0.021266931667923927
GRU,multi_output,mean,28,2023-07-23,2023-08-20,0.021500459689544008,0.021965259686112404
GRU,multi_output,mean,28,2023-07-24,2023-08-21,0.02251016703196554,0.022807428613305092
GRU,multi_output,mean,28,2023-07-25,2023-08-22,0.024969388540383552,0.025129446759819984
GRU,multi_output,mean,28,2023-07-26,2023-08-23,0.026200885200839522,0.026331571862101555
GRU,multi_output,mean,28,2023-07-27,2023-08-24,0.026835974681743178,0.026321398094296455
GRU,multi_output,mean,28,2023-07-28,2023-08-25,0.027203321512249412,0.025797000154852867
GRU,multi_output,mean,28,2023-07-29,2023-08-26,0.02742056385042249,0.02472732402384281
GRU,multi_output,mean,28,2023-07-30,2023-08-27,0.027367559848038212,0.02325722761452198
GRU,multi_output,mean,28,2023-07-31,2023-08-28,0.025368347649415868,0.02208985574543476
GRU,multi_output,mean,28,2023-08-01,2023-08-29,0.025850504108248712,0.022612357512116432
GRU,multi_output,mean,28,2023-08-02,2023-08-30,0.02589425783196988,0.02362326718866825
GRU,multi_output,mean,28,2023-08-03,2023-08-31,0.026258065168719865,0.025109702721238136
GRU,multi_output,mean,28,2023-08-04,2023-09-01,0.02658797698447568,0.026290452107787132
GRU,multi_output,mean,28,2023-08-05,2023-09-02,0.027435533877634415,0.027125367894768715
GRU,multi_output,mean,28,2023-08-06,2023-09-03,0.0277461345559839,0.02705756016075611
GRU,multi_output,mean,28,2023-08-07,2023-09-04,0.02996470924665842,0.026096409186720848
GRU,multi_output,mean,28,2023-08-08,2023-09-05,0.030711415932792845,0.023762794211506844
GRU,multi_output,mean,28,2023-08-09,2023-09-06,0.03146528337075428,0.02240188606083393
GRU,multi_output,mean,28,2023-08-10,2023-09-07,0.03168780574315189,0.02226448245346546
GRU,multi_output,mean,28,2023-08-11,2023-09-08,0.03266538052227829,0.02304951287806034
GRU,multi_output,mean,28,2023-08-12,2023-09-09,0.033521956298179126,0.025052199140191078
GRU,multi_output,mean,28,2023-08-13,2023-09-10,0.0341728924304534,0.02851891703903675
GRU,multi_output,mean,28,2023-08-14,2023-09-11,0.036521332487694604,0.03203778341412544
GRU,multi_output,mean,28,2023-08-15,2023-09-12,0.035600796321057775,0.033911269158124924
GRU,multi_output,mean,28,2023-08-16,2023-09-13,0.03883209852197485,0.03454723581671715
GRU,multi_output,mean,28,2023-08-17,2023-09-14,0.04042577564475446,0.03401708975434303
GRU,multi_output,mean,28,2023-08-18,2023-09-15,0.04116502475590788,0.03338535130023956
GRU,multi_output,mean,28,2023-08-19,2023-09-16,0.04120155018039486,0.0331103540956974
GRU,multi_output,mean,28,2023-08-20,2023-09-17,0.041760873519425014,0.03412092849612236
GRU,multi_output,mean,28,2023-08-21,2023-09-18,0.039864854609507935,0.03591056913137436
GRU,multi_output,mean,28,2023-08-22,2023-09-19,0.041135083147445385,0.0394996739923954
GRU,multi_output,mean,28,2023-08-23,2023-09-20,0.041876885212484914,0.04324467480182648
GRU,multi_output,mean,28,2023-08-24,2023-09-21,0.04266065582821124,0.04608410224318504
GRU,multi_output,mean,28,2023-08-25,2023-09-22,0.041212188005497245,0.0477047897875309
GRU,multi_output,mean,28,2023-08-26,2023-09-23,0.040633468941889246,0.04822678491473198
GRU,multi_output,mean,28,2023-08-27,2023-09-24,0.04071261732651853,0.04778548330068588
GRU,multi_output,mean,28,2023-08-28,2023-09-25,0.0416876196818655,0.04487020522356033
GRU,multi_output,mean,28,2023-08-29,2023-09-26,0.047299294875667516,0.042559634894132614
GRU,multi_output,mean,28,2023-08-30,2023-09-27,0.04838185137688062,0.04101797938346863
GRU,multi_output,mean,28,2023-08-31,2023-09-28,0.04926153471640357,0.04048391804099083
GRU,multi_output,mean,28,2023-09-01,2023-09-29,0.05079215335944181,0.040672846138477325
GRU,multi_output,mean,28,2023-09-02,2023-09-30,0.052099173497155475,0.04178471490740776
GRU,multi_output,mean,28,2023-09-03,2023-10-01,0.054228481091523596,0.04298834502696991
GRU,multi_output,mean,28,2023-09-04,2023-10-02,0.054228481091523596,0.045903753489255905
GRU,multi_output,mean,28,2023-09-05,2023-10-03,0.057160646307487406,0.04880793020129204
GRU,multi_output,mean,28,2023-09-06,2023-10-04,0.059207134577776245,0.05127638578414917
GRU,multi_output,mean,28,2023-09-07,2023-10-05,0.06040940308825981,0.05271190032362938
GRU,multi_output,mean,28,2023-09-08,2023-10-06,0.06090063841936074,0.05400226265192032
GRU,multi_output,mean,28,2023-09-09,2023-10-07,0.06131938534129275,0.055266622453927994
GRU,multi_output,mean,28,2023-09-10,2023-10-08,0.06158822492011762,0.056351374834775925
GRU,multi_output,mean,28,2023-09-11,2023-10-09,0.06316475928926725,0.058978598564863205
GRU,multi_output,mean,28,2023-09-12,2023-10-10,0.06103983214692733,0.059785883873701096
GRU,multi_output,mean,28,2023-09-13,2023-10-11,0.06022950922231705,0.06265939027070999
GRU,multi_output,mean,28,2023-09-14,2023-10-12,0.05870774680915994,0.06620609015226364
GRU,multi_output,mean,28,2023-09-15,2023-10-13,0.05768381652170041,0.06903170049190521
GRU,multi_output,mean,28,2023-09-16,2023-10-14,0.05631481367631079,0.07015687972307205
GRU,multi_output,mean,28,2023-09-17,2023-10-15,0.05466154656903291,0.07027389109134674
GRU,multi_output,mean,28,2023-09-18,2023-10-16,0.05529457903908453,0.06743581593036652
GRU,multi_output,mean,28,2023-09-19,2023-10-17,0.05439798857076055,0.06536995619535446
GRU,multi_output,mean,28,2023-09-20,2023-10-18,0.05413901437052666,0.06444772332906723
GRU,multi_output,mean,28,2023-09-21,2023-10-19,0.05428202115080427,0.06466703861951828
GRU,multi_output,mean,28,2023-09-22,2023-10-20,0.054258245126709834,0.06349679827690125
GRU,multi_output,mean,28,2023-09-23,2023-10-21,0.05554923980738474,0.06161918863654137
GRU,multi_output,mean,28,2023-09-24,2023-10-22,0.05676709753669388,0.060093384236097336
GRU,multi_output,mean,28,2023-09-25,2023-10-23,0.05769901239923082,0.06005609780550003
GRU,multi_output,mean,28,2023-09-26,2023-10-24,0.06708737515764628,0.06597946584224701
GRU,multi_output,mean,28,2023-09-27,2023-10-25,0.0693610017248623,0.07261111587285995
GRU,multi_output,mean,28,2023-09-28,2023-10-26,0.07014536401973497,0.07810506969690323
GRU,multi_output,mean,28,2023-09-29,2023-10-27,0.07286875594659449,0.08259116113185883
GRU,multi_output,mean,28,2023-09-30,2023-10-28,0.07490462786741633,0.08593842387199402
GRU,multi_output,mean,28,2023-10-01,2023-10-29,0.0765826909905696,0.08915863186120987
GRU,multi_output,mean,28,2023-10-02,2023-10-30,0.08171143569789005,0.09036277234554291
GRU,multi_output,mean,28,2023-10-03,2023-10-31,0.08961593263464504,0.0925317257642746
GRU,multi_output,mean,28,2023-10-04,2023-11-01,0.09364398757052059,0.09543202072381973
GRU,multi_output,mean,28,2023-10-05,2023-11-02,0.09606731527867739,0.0980219915509224
GRU,multi_output,mean,28,2023-10-06,2023-11-03,0.09884619144991041,0.09928610920906067
GRU,multi_output,mean,28,2023-10-07,2023-11-04,0.1010212576889182,0.09909237176179886
GRU,multi_output,mean,28,2023-10-08,2023-11-05,0.10555499872329109,0.09764161705970764
GRU,multi_output,mean,28,2023-10-09,2023-11-06,0.11097745226778419,0.0967542976140976
GRU,multi_output,mean,28,2023-10-10,2023-11-07,0.11626975528826576,0.09326867014169693
GRU,multi_output,mean,28,2023-10-11,2023-11-08,0.13180608141533884,0.08855658024549484
GRU,multi_output,mean,28,2023-10-12,2023-11-09,0.13729154207096592,0.08299481123685837
GRU,multi_output,mean,28,2023-10-13,2023-11-10,0.13729154207096592,0.0778774842619896
GRU,multi_output,mean,28,2023-10-14,2023-11-11,0.13873362739757616,0.07344027608633041
GRU,multi_output,mean,28,2023-10-15,2023-11-12,0.1415087387818689,0.06951659917831421
GRU,multi_output,mean,28,2023-10-16,2023-11-13,0.14088430417845246,0.06828726828098297
GRU,multi_output,mean,28,2023-10-17,2023-11-14,0.14460672052530318,0.06792771816253662
GRU,multi_output,mean,28,2023-10-18,2023-11-15,0.15004875283649335,0.06832186877727509
GRU,multi_output,mean,28,2023-10-19,2023-11-16,0.1543787251966863,0.06946881860494614
GRU,multi_output,mean,28,2023-10-20,2023-11-17,0.1577614552918338,0.0708533525466919
GRU,multi_output,mean,28,2023-10-21,2023-11-18,0.16239700182164243,0.07349500805139542
GRU,multi_output,mean,28,2023-10-22,2023-11-19,0.16621294655598837,0.07707299292087555
GRU,multi_output,mean,28,2023-10-23,2023-11-20,0.1726684403556859,0.08080124109983444
GRU,multi_output,mean,28,2023-10-24,2023-11-21,0.1780018064157898,0.0929797887802124
GRU,multi_output,mean,28,2023-10-25,2023-11-22,0.1762285956341221,0.10633470863103867
GRU,multi_output,mean,28,2023-10-26,2023-11-23,0.18298875568361378,0.11688097566366196
GRU,multi_output,mean,28,2023-10-27,2023-11-24,0.17970974463867573,0.1255883127450943
GRU,multi_output,mean,28,2023-10-28,2023-11-25,0.18515124840245936,0.1321428418159485
GRU,multi_output,mean,28,2023-10-29,2023-11-26,0.19303482727357177,0.13618764281272888
GRU,multi_output,mean,28,2023-10-30,2023-11-27,0.19877262707533147,0.14135760068893433
GRU,multi_output,mean,28,2023-10-31,2023-11-28,0.20919234209026485,0.1517593264579773
GRU,multi_output,mean,28,2023-11-01,2023-11-29,0.2157007730162676,0.16441096365451813
GRU,multi_output,mean,28,2023-11-02,2023-11-30,0.21867657579282268,0.1763840615749359
GRU,multi_output,mean,28,2023-11-03,2023-12-01,0.21976181386743115,0.18678011000156403
GRU,multi_output,mean,28,2023-11-04,2023-12-02,0.2206127125794615,0.19392192363739014
GRU,multi_output,mean,28,2023-11-05,2023-12-03,0.2233059873389914,0.198552668094635
GRU,multi_output,mean,28,2023-11-06,2023-12-04,0.22240869573228733,0.20098009705543518
GRU,multi_output,mean,28,2023-11-07,2023-12-05,0.23721964732182707,0.20023959875106812
GRU,multi_output,mean,28,2023-11-08,2023-12-06,0.2429123744927313,0.20817603170871735
GRU,multi_output,mean,28,2023-11-09,2023-12-07,0.24525588198929985,0.21988341212272644
GRU,multi_output,mean,28,2023-11-10,2023-12-08,0.24459369154973282,0.23129142820835114
GRU,multi_output,mean,28,2023-11-11,2023-12-09,0.24567036035122167,0.24421904981136322
GRU,multi_output,mean,28,2023-11-12,2023-12-10,0.24404549662128625,0.2575730085372925
GRU,multi_output,mean,28,2023-11-13,2023-12-11,0.24751412013981824,0.26055628061294556
GRU,multi_output,mean,28,2023-11-14,2023-12-12,0.24847486183782236,0.25406357645988464
GRU,multi_output,mean,28,2023-11-15,2023-12-13,0.2460190134508397,0.2401738464832306
GRU,multi_output,mean,28,2023-11-16,2023-12-14,0.2436470164596183,0.216575488448143
GRU,multi_output,mean,28,2023-11-17,2023-12-15,0.24263457990844456,0.2002270221710205
GRU,multi_output,mean,28,2023-11-18,2023-12-16,0.25021935142805124,0.20195144414901733
GRU,multi_output,mean,28,2023-11-19,2023-12-17,0.2450239486987933,0.2116290032863617
GRU,multi_output,mean,28,2023-11-20,2023-12-18,0.24673257139171853,0.2206740826368332
GRU,multi_output,mean,28,2023-11-21,2023-12-19,0.21332805091602164,0.19378234446048737
GRU,multi_output,mean,28,2023-11-22,2023-12-20,0.19490525605838763,0.11904022097587585
GRU,multi_output,mean,28,2023-11-23,2023-12-21,0.1823091162078165,0.07023714482784271
GRU,multi_output,mean,28,2023-11-24,2023-12-22,0.1773088507628169,0.06728678941726685
GRU,multi_output,mean,28,2023-11-25,2023-12-23,0.1708532695446551,0.08595609664916992
GRU,multi_output,mean,28,2023-11-26,2023-12-24,0.16447040689913564,0.10521943122148514
GRU,multi_output,mean,28,2023-11-27,2023-12-25,0.15578129224466283,0.11841298639774323
GRU,multi_output,mean,28,2023-11-28,2023-12-26,0.1392454062413967,0.13248513638973236
GRU,multi_output,mean,28,2023-11-29,2023-12-27,0.14026828693248514,0.14469794929027557
GRU,multi_output,mean,28,2023-11-30,2023-12-28,0.13963205596970305,0.15408697724342346
GRU,multi_output,mean,28,2023-12-01,2023-12-29,0.13554709831464054,0.16211535036563873
GRU,multi_output,mean,28,2023-12-02,2023-12-30,0.13247481659948357,0.16446033120155334
GRU,multi_output,mean,28,2023-12-03,2023-12-31,0.13176984323036373,0.16555510461330414
GRU,multi_output,mean,28,2023-12-04,2024-01-01,0.13176984323036373,0.16341908276081085
GRU,multi_output,mean,28,2023-12-05,2024-01-02,0.125085363035447,0.17898452281951904
GRU,multi_output,mean,28,2023-12-06,2024-01-03,0.1460763632288744,0.19774146378040314
GRU,multi_output,mean,28,2023-12-07,2024-01-04,0.15065459183855895,0.2121247500181198
GRU,multi_output,mean,28,2023-12-08,2024-01-05,0.16038528894268547,0.21448396146297455
GRU,multi_output,mean,28,2023-12-09,2024-01-06,0.16467434101211137,0.20773199200630188
GRU,multi_output,mean,28,2023-12-10,2024-01-07,0.1590846896417734,0.2012319713830948
GRU,multi_output,mean,28,2023-12-11,2024-01-08,0.1473343966942288,0.20175307989120483
GRU,multi_output,mean,28,2023-12-12,2024-01-09,0.13347727924190736,0.1998772919178009
GRU,multi_output,mean,28,2023-12-13,2024-01-10,0.12553669967451733,0.1868760734796524
GRU,multi_output,mean,28,2023-12-14,2024-01-11,0.11578902262890232,0.17252527177333832
GRU,multi_output,mean,28,2023-12-15,2024-01-12,0.12157671613866941,0.15975403785705566
GRU,multi_output,mean,28,2023-12-16,2024-01-13,0.1131200330449865,0.15826180577278137
GRU,multi_output,mean,28,2023-12-17,2024-01-14,0.1131200330449865,0.1507439762353897
GRU,multi_output,mean,28,2023-12-18,2024-01-15,0.10861545893922078,0.1472856104373932
GRU,multi_output,mean,28,2023-12-19,2024-01-16,0.11489677018815585,0.10917948186397552
GRU,multi_output,mean,28,2023-12-20,2024-01-17,0.09441690652857937,0.07617606222629547
GRU,multi_output,mean,28,2023-12-21,2024-01-18,0.09355917255892066,0.06656212359666824
GRU,multi_output,mean,28,2023-12-22,2024-01-19,0.09220682919412322,0.07150105386972427
GRU,multi_output,mean,28,2023-12-23,2024-01-20,0.08871766930252432,0.07282144576311111
GRU,multi_output,mean,28,2023-12-24,2024-01-21,0.08977748841267115,0.06939171999692917
GRU,multi_output,mean,28,2023-12-25,2024-01-22,0.09335548436576135,0.06351936608552933
GRU,multi_output,mean,28,2023-12-26,2024-01-23,0.09457352777748064,0.049720268696546555
GRU,multi_output,mean,28,2023-12-27,2024-01-24,0.09519824765401066,0.054344501346349716
GRU,multi_output,mean,28,2023-12-28,2024-01-25,0.10093731179301353,0.06146707013249397
GRU,multi_output,mean,28,2023-12-29,2024-01-26,0.10093731179301353,0.06024547293782234
GRU,multi_output,mean,28,2023-12-30,2024-01-27,0.10497482358531632,0.057546716183423996
GRU,multi_output,mean,28,2023-12-31,2024-01-28,0.10497482358531632,0.05902339890599251
GRU,multi_output,mean,28,2024-01-01,2024-01-29,0.10857437441778534,0.061983197927474976
GRU,multi_output,mean,28,2024-01-02,2024-01-30,0.09982472109988688,0.05630651116371155
GRU,multi_output,mean,28,2024-01-03,2024-01-31,0.09768920904645417,0.07828012108802795
GRU,multi_output,mean,28,2024-01-04,2024-02-01,0.09927763106946927,0.0904695987701416
GRU,multi_output,variance,14,2023-05-15,2023-05-29,0.0005165039138387742,0.004938431084156036
GRU,multi_output,variance,14,2023-05-16,2023-05-30,0.000396534719328378,0.004653828218579292
GRU,multi_output,variance,14,2023-05-17,2023-05-31,0.0003612216101206669,0.004083739127963781
GRU,multi_output,variance,14,2023-05-18,2023-06-01,0.00036779103154906064,0.0033413951750844717
GRU,multi_output,variance,14,2023-05-19,2023-06-02,0.0003706641551886727,0.00275630597025156
GRU,multi_output,variance,14,2023-05-20,2023-06-03,0.00037567529558119126,0.0025941524654626846
GRU,multi_output,variance,14,2023-05-21,2023-06-04,0.00037879015378993196,0.00266275554895401
GRU,multi_output,variance,14,2023-05-22,2023-06-05,0.00031668612824860325,0.002622594591230154
GRU,multi_output,variance,14,2023-05-23,2023-06-06,8.242633513760308e-05,0.002171407686546445
GRU,multi_output,variance,14,2023-05-24,2023-06-07,9.624188303081485e-05,0.0015872082440182567
GRU,multi_output,variance,14,2023-05-25,2023-06-08,0.00010380435104511207,0.0012639707420021296
GRU,multi_output,variance,14,2023-05-26,2023-06-09,0.00010747163506636533,0.0012389393523335457
GRU,multi_output,variance,14,2023-05-27,2023-06-10,0.00010446051684804562,0.0013720561983063817
GRU,multi_output,variance,14,2023-05-28,2023-06-11,0.00010479076615257291,0.0014308210229501128
GRU,multi_output,variance,14,2023-05-29,2023-06-12,0.00010474173474624883,0.0013438706519082189
GRU,multi_output,variance,14,2023-05-30,2023-06-13,6.469446961682607e-05,0.0011774650774896145
GRU,multi_output,variance,14,2023-05-31,2023-06-14,9.423757255570466e-05,0.0010407769586890936
GRU,multi_output,variance,14,2023-06-01,2023-06-15,0.00012100580670343002,0.0010524224489927292
GRU,multi_output,variance,14,2023-06-02,2023-06-16,0.00014281659105401434,0.0012022365117445588
GRU,multi_output,variance,14,2023-06-03,2023-06-17,0.00014074980416563975,0.0013443343341350555
GRU,multi_output,variance,14,2023-06-04,2023-06-18,0.0001406241991228432,0.00132530287373811
GRU,multi_output,variance,14,2023-06-05,2023-06-19,0.0001386858046172259,0.0012167879613116384
GRU,multi_output,variance,14,2023-06-06,2023-06-20,0.00011760469988271101,0.0010383148910477757
GRU,multi_output,variance,14,2023-06-07,2023-06-21,0.000120034800592035,0.0008475241484120488
GRU,multi_output,variance,14,2023-06-08,2023-06-22,0.00012387075776166634,0.0007461757631972432
GRU,multi_output,variance,14,2023-06-09,2023-06-23,0.0001257714385614887,0.0007248573238030076
GRU,multi_output,variance,14,2023-06-10,2023-06-24,0.0001358986254905031,0.0007083517266437411
GRU,multi_output,variance,14,2023-06-11,2023-06-25,0.0001296025800320577,0.0006497600115835667
GRU,multi_output,variance,14,2023-06-12,2023-06-26,0.00010938329996854319,0.0005921961273998022
GRU,multi_output,variance,14,2023-06-13,2023-06-27,0.00012150273778285357,0.000518449698574841
GRU,multi_output,variance,14,2023-06-14,2023-06-28,0.00011365301432943044,0.0004660255217459053
GRU,multi_output,variance,14,2023-06-15,2023-06-29,0.00010157736211233028,0.00045611310633830726
GRU,multi_output,variance,14,2023-06-16,2023-06-30,8.369138246784943e-05,0.0004752882232423872
GRU,multi_output,variance,14,2023-06-17,2023-07-01,8.281965861820725e-05,0.0004887710092589259
GRU,multi_output,variance,14,2023-06-18,2023-07-02,8.309215793671043e-05,0.0004781426105182618
GRU,multi_output,variance,14,2023-06-19,2023-07-03,7.430987919036254e-05,0.0004524019022937864
GRU,multi_output,variance,14,2023-06-20,2023-07-04,9.421657124288995e-05,0.00042199433664791286
GRU,multi_output,variance,14,2023-06-21,2023-07-05,8.768492552391355e-05,0.00040446335333399475
GRU,multi_output,variance,14,2023-06-22,2023-07-06,8.072378920634389e-05,0.0004064457898493856
GRU,multi_output,variance,14,2023-06-23,2023-07-07,8.099134228211503e-05,0.0004168576269876212
GRU,multi_output,variance,14,2023-06-24,2023-07-08,7.73546532432404e-05,0.000424068741267547
GRU,multi_output,variance,14,2023-06-25,2023-07-09,7.991587560407396e-05,0.00042088443296961486
GRU,multi_output,variance,14,2023-06-26,2023-07-10,7.838855917153161e-05,0.00041075455374084413
GRU,multi_output,variance,14,2023-06-27,2023-07-11,4.110197372174843e-05,0.000402378587750718
GRU,multi_output,variance,14,2023-06-28,2023-07-12,4.295705493103402e-05,0.00040020394953899086
GRU,multi_output,variance,14,2023-06-29,2023-07-13,4.381126794360352e-05,0.000400077406084165
GRU,multi_output,variance,14,2023-06-30,2023-07-14,4.930382379909738e-05,0.00039417549851350486
GRU,multi_output,variance,14,2023-07-01,2023-07-15,5.165058902079529e-05,0.00038358193705789745
GRU,multi_output,variance,14,2023-07-02,2023-07-16,5.2713073233251855e-05,0.0003727613657247275
GRU,multi_output,variance,14,2023-07-03,2023-07-17,5.085755326524275e-05,0.00036339517100714147
GRU,multi_output,variance,14,2023-07-04,2023-07-18,2.2425920283682633e-05,0.00036104265018366277
GRU,multi_output,variance,14,2023-07-05,2023-07-19,2.2270049090947326e-05,0.00036033589276485145
GRU,multi_output,variance,14,2023-07-06,2023-07-20,2.3170543472659755e-05,0.0003552805574145168
GRU,multi_output,variance,14,2023-07-07,2023-07-21,2.310975956974895e-05,0.00034760471316985786
GRU,multi_output,variance,14,2023-07-08,2023-07-22,2.3139638278931333e-05,0.00033985378104262054
GRU,multi_output,variance,14,2023-07-09,2023-07-23,2.478480415949975e-05,0.0003355387307237834
GRU,multi_output,variance,14,2023-07-10,2023-07-24,2.8139717463203465e-05,0.0003343117132317275
GRU,multi_output,variance,14,2023-07-11,2023-07-25,7.142798415736174e-05,0.00032219532295130193
GRU,multi_output,variance,14,2023-07-12,2023-07-26,8.235936714938586e-05,0.0003047558420803398
GRU,multi_output,variance,14,2023-07-13,2023-07-27,9.128063129160166e-05,0.00029063140391372144
GRU,multi_output,variance,14,2023-07-14,2023-07-28,9.506478387373946e-05,0.0002843364782165736
GRU,multi_output,variance,14,2023-07-15,2023-07-29,0.00010580842722636319,0.00028375323745422065
GRU,multi_output,variance,14,2023-07-16,2023-07-30,0.00011934129099542907,0.00028383449534885585
GRU,multi_output,variance,14,2023-07-17,2023-07-31,0.00012883436723465765,0.000279690109891817
GRU,multi_output,variance,14,2023-07-18,2023-08-01,0.00018365613183454166,0.00026464342954568565
GRU,multi_output,variance,14,2023-07-19,2023-08-02,0.000185023988470554,0.0002476209483575076
GRU,multi_output,variance,14,2023-07-20,2023-08-03,0.00018488517508017052,0.00023771006090100855
GRU,multi_output,variance,14,2023-07-21,2023-08-04,0.00018375088880091134,0.00023514764325227588
GRU,multi_output,variance,14,2023-07-22,2023-08-05,0.00018377196645002374,0.00023475544003304094
GRU,multi_output,variance,14,2023-07-23,2023-08-06,0.00018383142567923402,0.00023234727268572897
GRU,multi_output,variance,14,2023-07-24,2023-08-07,0.0001784317145476015,0.00022682953567709774
GRU,multi_output,variance,14,2023-07-25,2023-08-08,0.00012779073808994002,0.0002332520525669679
GRU,multi_output,variance,14,2023-07-26,2023-08-09,0.00012122449230434965,0.0002498279500287026
GRU,multi_output,variance,14,2023-07-27,2023-08-10,0.00011394510416389328,0.0002685507934074849
GRU,multi_output,variance,14,2023-07-28,2023-08-11,0.00010698230582982533,0.0002826547424774617
GRU,multi_output,variance,14,2023-07-29,2023-08-12,9.323903648804923e-05,0.00029330208781175315
GRU,multi_output,variance,14,2023-07-30,2023-08-13,7.626276289023492e-05,0.00030625841463916004
GRU,multi_output,variance,14,2023-07-31,2023-08-14,8.581592535690787e-05,0.0003247457498218864
GRU,multi_output,variance,14,2023-08-01,2023-08-15,7.23481925503755e-05,0.00035930165904574096
GRU,multi_output,variance,14,2023-08-02,2023-08-16,7.23481737697382e-05,0.00039607283542864025
GRU,multi_output,variance,14,2023-08-03,2023-08-17,7.390151364585568e-05,0.00042114368989132345
GRU,multi_output,variance,14,2023-08-04,2023-08-18,7.204749658350661e-05,0.00043312108027748764
GRU,multi_output,variance,14,2023-08-05,2023-08-19,7.271064563097273e-05,0.00044070903095416725
GRU,multi_output,variance,14,2023-08-06,2023-08-20,7.824173525178751e-05,0.0004526923585217446
GRU,multi_output,variance,14,2023-08-07,2023-08-21,7.951995184335658e-05,0.0004695702518802136
GRU,multi_output,variance,14,2023-08-08,2023-08-22,0.00015163143703733931,0.0004710853972937912
GRU,multi_output,variance,14,2023-08-09,2023-08-23,0.00013322797930124714,0.0004595268692355603
GRU,multi_output,variance,14,2023-08-10,2023-08-24,0.00011996258029397116,0.0004451203567441553
GRU,multi_output,variance,14,2023-08-11,2023-08-25,0.00011156647897391821,0.0004349124792497605
GRU,multi_output,variance,14,2023-08-12,2023-08-26,0.00010897692990039453,0.00042693663272075355
GRU,multi_output,variance,14,2023-08-13,2023-08-27,0.00010901224310894494,0.0004150799650233239
GRU,multi_output,variance,14,2023-08-14,2023-08-28,0.00013649248900412337,0.0004029427364002913
GRU,multi_output,variance,14,2023-08-15,2023-08-29,0.00015483505065035216,0.0003896646376233548
GRU,multi_output,variance,14,2023-08-16,2023-08-30,0.0001543154806848623,0.0003775276418309659
GRU,multi_output,variance,14,2023-08-17,2023-08-31,0.00014779009020219906,0.000368452601833269
GRU,multi_output,variance,14,2023-08-18,2023-09-01,0.0001426886957580896,0.00036078199627809227
GRU,multi_output,variance,14,2023-08-19,2023-09-02,0.00014694360979875044,0.000353257026290521
GRU,multi_output,variance,14,2023-08-20,2023-09-03,0.00015129085803526501,0.00034733276697807014
GRU,multi_output,variance,14,2023-08-21,2023-09-04,0.00022935009456921467,0.00034136881004087627
GRU,multi_output,variance,14,2023-08-22,2023-09-05,0.000276726194928063,0.0003571761480998248
GRU,multi_output,variance,14,2023-08-23,2023-09-06,0.0002790904220727402,0.0003765137807931751
GRU,multi_output,variance,14,2023-08-24,2023-09-07,0.00027489549671895345,0.0003824977611657232
GRU,multi_output,variance,14,2023-08-25,2023-09-08,0.00028330939263897513,0.00037462564068846405
GRU,multi_output,variance,14,2023-08-26,2023-09-09,0.0002754632998991001,0.0003641697985585779
GRU,multi_output,variance,14,2023-08-27,2023-09-10,0.0002713695421940814,0.00036169341183267534
GRU,multi_output,variance,14,2023-08-28,2023-09-11,0.00021782435243145393,0.0003773690841626376
GRU,multi_output,variance,14,2023-08-29,2023-09-12,0.00022842128146465836,0.00040347021422348917
GRU,multi_output,variance,14,2023-08-30,2023-09-13,0.00023710147034273002,0.00042285394738428295
GRU,multi_output,variance,14,2023-08-31,2023-09-14,0.00020004732675732388,0.00042640927131287754
GRU,multi_output,variance,14,2023-09-01,2023-09-15,0.0001753653299908146,0.00042004682472907007
GRU,multi_output,variance,14,2023-09-02,2023-09-16,0.00017490674414699905,0.0004185174766462296
GRU,multi_output,variance,14,2023-09-03,2023-09-17,0.00017227144367642561,0.0004282282607164234
GRU,multi_output,variance,14,2023-09-04,2023-09-18,0.00014747519878003396,0.00046773519716225564
GRU,multi_output,variance,14,2023-09-05,2023-09-19,0.000234623025145279,0.0005280812038108706
GRU,multi_output,variance,14,2023-09-06,2023-09-20,0.00023466342656615943,0.0005775656318292022
GRU,multi_output,variance,14,2023-09-07,2023-09-21,0.000210334678073935,0.0005985063035041094
GRU,multi_output,variance,14,2023-09-08,2023-09-22,0.0002123798596343575,0.0006034969119355083
GRU,multi_output,variance,14,2023-09-09,2023-09-23,0.0002246940607239335,0.0006109733367338777
GRU,multi_output,variance,14,2023-09-10,2023-09-24,0.0002238126591864298,0.0006311326287686825
GRU,multi_output,variance,14,2023-09-11,2023-09-25,0.00021487360892103117,0.0006410314235836267
GRU,multi_output,variance,14,2023-09-12,2023-09-26,0.000606349155093807,0.0006437108386307955
GRU,multi_output,variance,14,2023-09-13,2023-09-27,0.000642483805298411,0.0006460308795794845
GRU,multi_output,variance,14,2023-09-14,2023-09-28,0.0006899169263853446,0.0006382223218679428
GRU,multi_output,variance,14,2023-09-15,2023-09-29,0.0006526537878025389,0.0006183042423799634
GRU,multi_output,variance,14,2023-09-16,2023-09-30,0.0006300505221724912,0.0005987674230709672
GRU,multi_output,variance,14,2023-09-17,2023-10-01,0.0006394715613091471,0.0005874028429389
GRU,multi_output,variance,14,2023-09-18,2023-10-02,0.0006394715613091471,0.0005772197619080544
GRU,multi_output,variance,14,2023-09-19,2023-10-03,0.0008929586378093965,0.0005933037027716637
GRU,multi_output,variance,14,2023-09-20,2023-10-04,0.0008899873263008679,0.0006199745694175363
GRU,multi_output,variance,14,2023-09-21,2023-10-05,0.0008365401705632375,0.000628469861112535
GRU,multi_output,variance,14,2023-09-22,2023-10-06,0.0008033361287065262,0.0006174629088491201
GRU,multi_output,variance,14,2023-09-23,2023-10-07,0.0007754433396848715,0.0006062043830752373
GRU,multi_output,variance,14,2023-09-24,2023-10-08,0.000761486602733201,0.0006046976195648313
GRU,multi_output,variance,14,2023-09-25,2023-10-09,0.0007597507857682369,0.0006096303695812821
GRU,multi_output,variance,14,2023-09-26,2023-10-10,0.0005752876132009871,0.0007339806761592627
GRU,multi_output,variance,14,2023-09-27,2023-10-11,0.000566825591101747,0.0009182685753330588
GRU,multi_output,variance,14,2023-09-28,2023-10-12,0.0005496950161238724,0.0010684806620702147
GRU,multi_output,variance,14,2023-09-29,2023-10-13,0.0005869637842570704,0.0011196074774488807
GRU,multi_output,variance,14,2023-09-30,2023-10-14,0.0006300811004854004,0.0010954634053632617
GRU,multi_output,variance,14,2023-10-01,2023-10-15,0.0006238728756948235,0.0010970142902806401
GRU,multi_output,variance,14,2023-10-02,2023-10-16,0.0005814928760014849,0.001172599964775145
GRU,multi_output,variance,14,2023-10-03,2023-10-17,0.00048148361449023826,0.001360161229968071
GRU,multi_output,variance,14,2023-10-04,2023-10-18,0.0004738329356074368,0.0015568459639325738
GRU,multi_output,variance,14,2023-10-05,2023-10-19,0.00047181146145995736,0.0016396070132032037
GRU,multi_output,variance,14,2023-10-06,2023-10-20,0.0004729285660339617,0.001593015855178237
GRU,multi_output,variance,14,2023-10-07,2023-10-21,0.0004374093218738855,0.001513279159553349
GRU,multi_output,variance,14,2023-10-08,2023-10-22,0.0004154788721162042,0.001509596942923963
GRU,multi_output,variance,14,2023-10-09,2023-10-23,0.0004568701860475763,0.0015842817956581712
GRU,multi_output,variance,14,2023-10-10,2023-10-24,0.002326625658999363,0.0016129069263115525
GRU,multi_output,variance,14,2023-10-11,2023-10-25,0.002367027251880728,0.0015634577721357346
GRU,multi_output,variance,14,2023-10-12,2023-10-26,0.002326792520895336,0.0014810154680162668
GRU,multi_output,variance,14,2023-10-13,2023-10-27,0.0024082027998961475,0.0014389881398528814
GRU,multi_output,variance,14,2023-10-14,2023-10-28,0.0022887113804897536,0.0014638728462159634
GRU,multi_output,variance,14,2023-10-15,2023-10-29,0.0022219537735702942,0.0015144412172958255
GRU,multi_output,variance,14,2023-10-16,2023-10-30,0.0024187942425720776,0.0015209447592496872
GRU,multi_output,variance,14,2023-10-17,2023-10-31,0.0035504041255830826,0.0014574697706848383
GRU,multi_output,variance,14,2023-10-18,2023-11-01,0.003556723854263085,0.0013699849369004369
GRU,multi_output,variance,14,2023-10-19,2023-11-02,0.0033968165992652147,0.001318937400355935
GRU,multi_output,variance,14,2023-10-20,2023-11-03,0.003113204657069469,0.0013140167575329542
GRU,multi_output,variance,14,2023-10-21,2023-11-04,0.002950010428996133,0.0013119452632963657
GRU,multi_output,variance,14,2023-10-22,2023-11-05,0.002778143245212416,0.0012818792602047324
GRU,multi_output,variance,14,2023-10-23,2023-11-06,0.0029115795715604896,0.0012370727490633726
GRU,multi_output,variance,14,2023-10-24,2023-11-07,0.004532434083815537,0.001795315183699131
GRU,multi_output,variance,14,2023-10-25,2023-11-08,0.006866491923495651,0.002712374785915017
GRU,multi_output,variance,14,2023-10-26,2023-11-09,0.006302354882784801,0.0033560546580702066
GRU,multi_output,variance,14,2023-10-27,2023-11-10,0.006302354882784801,0.003382122842594981
GRU,multi_output,variance,14,2023-10-28,2023-11-11,0.006087987171795348,0.002786129480227828
GRU,multi_output,variance,14,2023-10-29,2023-11-12,0.005764543417066962,0.0024254098534584045
GRU,multi_output,variance,14,2023-10-30,2023-11-13,0.005784915557782489,0.002694877563044429
GRU,multi_output,variance,14,2023-10-31,2023-11-14,0.006466968942572113,0.003387550124898553
GRU,multi_output,variance,14,2023-11-01,2023-11-15,0.006544576718325881,0.003893605899065733
GRU,multi_output,variance,14,2023-11-02,2023-11-16,0.0061325646012167995,0.0038373153656721115
GRU,multi_output,variance,14,2023-11-03,2023-11-17,0.005651271282794902,0.003362935269251466
GRU,multi_output,variance,14,2023-11-04,2023-11-18,0.005144009578300682,0.0030834341887384653
GRU,multi_output,variance,14,2023-11-05,2023-11-19,0.0049435952911992724,0.003236226737499237
GRU,multi_output,variance,14,2023-11-06,2023-11-20,0.005326693471476779,0.003511489136144519
GRU,multi_output,variance,14,2023-11-07,2023-11-21,0.007045119651666161,0.004002843983471394
GRU,multi_output,variance,14,2023-11-08,2023-11-22,0.006638944352843266,0.005398667883127928
GRU,multi_output,variance,14,2023-11-09,2023-11-23,0.006449573455375175,0.007089016493409872
GRU,multi_output,variance,14,2023-11-10,2023-11-24,0.006103979208405871,0.008184507489204407
GRU,multi_output,variance,14,2023-11-11,2023-11-25,0.005335581060778976,0.008849618025124073
GRU,multi_output,variance,14,2023-11-12,2023-11-26,0.004833963564434694,0.009284473955631256
GRU,multi_output,variance,14,2023-11-13,2023-11-27,0.0044179930773674166,0.009186533279716969
GRU,multi_output,variance,14,2023-11-14,2023-11-28,0.007121497827241561,0.009075513109564781
GRU,multi_output,variance,14,2023-11-15,2023-11-29,0.00743543893761968,0.008968738839030266
GRU,multi_output,variance,14,2023-11-16,2023-11-30,0.007051408807597839,0.008335876278579235
GRU,multi_output,variance,14,2023-11-17,2023-12-01,0.006819459958299832,0.006915765814483166
GRU,multi_output,variance,14,2023-11-18,2023-12-02,0.006682875365397521,0.005258249118924141
GRU,multi_output,variance,14,2023-11-19,2023-12-03,0.006461061053259893,0.003855595365166664
GRU,multi_output,variance,14,2023-11-20,2023-12-04,0.0064424057833106195,0.003081803908571601
GRU,multi_output,variance,14,2023-11-21,2023-12-05,0.01386162050984279,0.003381570568308234
GRU,multi_output,variance,14,2023-11-22,2023-12-06,0.014733314538373307,0.003821961348876357
GRU,multi_output,variance,14,2023-11-23,2023-12-07,0.01464720912899006,0.003966516349464655
GRU,multi_output,variance,14,2023-11-24,2023-12-08,0.014807630902304534,0.0037658640649169683
GRU,multi_output,variance,14,2023-11-25,2023-12-09,0.014615998835686242,0.0034342368599027395
GRU,multi_output,variance,14,2023-11-26,2023-12-10,0.014761220987831213,0.0032764056231826544
GRU,multi_output,variance,14,2023-11-27,2023-12-11,0.01461860026247642,0.0029786641243845224
GRU,multi_output,variance,14,2023-11-28,2023-12-12,0.014941647455265002,0.003354466985911131
GRU,multi_output,variance,14,2023-11-29,2023-12-13,0.016095311675156095,0.004590632393956184
GRU,multi_output,variance,14,2023-11-30,2023-12-14,0.016517498158083437,0.006014382001012564
GRU,multi_output,variance,14,2023-12-01,2023-12-15,0.01678542149933898,0.006808625068515539
GRU,multi_output,variance,14,2023-12-02,2023-12-16,0.017495506507940402,0.006701513659209013
GRU,multi_output,variance,14,2023-12-03,2023-12-17,0.018359489248674435,0.005928462836891413
GRU,multi_output,variance,14,2023-12-04,2023-12-18,0.020156902205652395,0.005076770205050707
GRU,multi_output,variance,14,2023-12-05,2023-12-19,0.008963707714350658,0.007076094392687082
GRU,multi_output,variance,14,2023-12-06,2023-12-20,0.00711689341658573,0.01143610943108797
GRU,multi_output,variance,14,2023-12-07,2023-12-21,0.007517494053368169,0.012805899605154991
GRU,multi_output,variance,14,2023-12-08,2023-12-22,0.008392024072682604,0.012448086403310299
GRU,multi_output,variance,14,2023-12-09,2023-12-23,0.008953787347405474,0.012394346296787262
GRU,multi_output,variance,14,2023-12-10,2023-12-24,0.009105152415718302,0.012861787341535091
GRU,multi_output,variance,14,2023-12-11,2023-12-25,0.008282130307594261,0.013964812271296978
GRU,multi_output,variance,14,2023-12-12,2023-12-26,0.0020113465048703532,0.015044787898659706
GRU,multi_output,variance,14,2023-12-13,2023-12-27,0.0018410522415078312,0.0158131904900074
GRU,multi_output,variance,14,2023-12-14,2023-12-28,0.002019814239796979,0.016275471076369286
GRU,multi_output,variance,14,2023-12-15,2023-12-29,0.0024299302550433214,0.016689099371433258
GRU,multi_output,variance,14,2023-12-16,2023-12-30,0.0023222944838322923,0.016833040863275528
GRU,multi_output,variance,14,2023-12-17,2023-12-31,0.0025479636978601007,0.016841458156704903
GRU,multi_output,variance,14,2023-12-18,2024-01-01,0.0025479636978601007,0.01699814572930336
GRU,multi_output,variance,14,2023-12-19,2024-01-02,0.0022849540751350315,0.015046031214296818
GRU,multi_output,variance,14,2023-12-20,2024-01-03,0.007776752602378338,0.013913675211369991
GRU,multi_output,variance,14,2023-12-21,2024-01-04,0.008513044684147125,0.01281936839222908
GRU,multi_output,variance,14,2023-12-22,2024-01-05,0.00875527598737923,0.011740703135728836
GRU,multi_output,variance,14,2023-12-23,2024-01-06,0.008300855185933704,0.009688659571111202
GRU,multi_output,variance,14,2023-12-24,2024-01-07,0.009098881736502673,0.0076421708799898624
GRU,multi_output,variance,14,2023-12-25,2024-01-08,0.010302676209616257,0.006846728269010782
GRU,multi_output,variance,14,2023-12-26,2024-01-09,0.009254107790123032,0.0034646238200366497
GRU,multi_output,variance,14,2023-12-27,2024-01-10,0.00943105717515276,-0.00019770396465901285
GRU,multi_output,variance,14,2023-12-28,2024-01-11,0.009107329898329148,-0.00046561009366996586
GRU,multi_output,variance,14,2023-12-29,2024-01-12,0.01006383238041389,0.0010329593205824494
GRU,multi_output,variance,14,2023-12-30,2024-01-13,0.011078545227567719,0.002389055211097002
GRU,multi_output,variance,14,2023-12-31,2024-01-14,0.011078545227567719,0.0025115760508924723
GRU,multi_output,variance,14,2024-01-01,2024-01-15,0.009876347764990764,0.0016240855911746621
GRU,multi_output,variance,14,2024-01-02,2024-01-16,0.009173524501162886,0.0009805154986679554
GRU,multi_output,variance,14,2024-01-03,2024-01-17,0.002291764212101642,0.0027759470976889133
GRU,multi_output,variance,14,2024-01-04,2024-01-18,0.002070680574081249,0.006651935633271933
GRU,multi_output,variance,14,2024-01-05,2024-01-19,0.001904382876444147,0.008735612966120243
GRU,multi_output,variance,14,2024-01-06,2024-01-20,0.0017373894656719459,0.009611476212739944
GRU,multi_output,variance,14,2024-01-07,2024-01-21,0.001896301953828873,0.010986222885549068
GRU,multi_output,variance,14,2024-01-08,2024-01-22,0.001813649031606752,0.012272189371287823
GRU,multi_output,variance,14,2024-01-09,2024-01-23,0.0018962311819938303,0.012916111387312412
GRU,multi_output,variance,14,2024-01-10,2024-01-24,0.0018914832491605984,0.013441091403365135
GRU,multi_output,variance,14,2024-01-11,2024-01-25,0.001699086466725697,0.013756322674453259
GRU,multi_output,variance,14,2024-01-12,2024-01-26,0.001699086466725697,0.014258387498557568
GRU,multi_output,variance,14,2024-01-13,2024-01-27,0.0012348420939963895,0.01503628958016634
GRU,multi_output,variance,14,2024-01-14,2024-01-28,0.0012348420939963895,0.015501552261412144
GRU,multi_output,variance,14,2024-01-15,2024-01-29,0.0012434337360462456,0.015376858413219452
GRU,multi_output,variance,14,2024-01-16,2024-01-30,0.0006950486595035895,0.01507861539721489
GRU,multi_output,variance,14,2024-01-17,2024-01-31,0.0004783364715494947,0.012530142441391945
GRU,multi_output,variance,14,2024-01-18,2024-02-01,0.0005207185266750876,0.008309181779623032
GRU,multi_output,variance,28,2023-05-01,2023-05-29,0.0005165039138387742,0.00013702220167033374
GRU,multi_output,variance,28,2023-05-02,2023-05-30,0.000396534719328378,0.00011292959243291989
GRU,multi_output,variance,28,2023-05-03,2023-05-31,0.0003612216101206669,1.6338399291271344e-05
GRU,multi_output,variance,28,2023-05-04,2023-06-01,0.00036779103154906064,0.0013993140310049057
GRU,multi_output,variance,28,2023-05-05,2023-06-02,0.0003706641551886727,0.005882847588509321
GRU,multi_output,variance,28,2023-05-06,2023-06-03,0.00037567529558119126,0.005666006822139025
GRU,multi_output,variance,28,2023-05-07,2023-06-04,0.00037879015378993196,0.007011086214333773
GRU,multi_output,variance,28,2023-05-08,2023-06-05,0.00031668612824860325,0.007484652567654848
GRU,multi_output,variance,28,2023-05-09,2023-06-06,8.242633513760308e-05,0.007868193089962006
GRU,multi_output,variance,28,2023-05-10,2023-06-07,9.624188303081485e-05,0.008156857453286648
GRU,multi_output,variance,28,2023-05-11,2023-06-08,0.00010380435104511207,0.008389032445847988
GRU,multi_output,variance,28,2023-05-12,2023-06-09,0.00010747163506636533,0.008758380077779293
GRU,multi_output,variance,28,2023-05-13,2023-06-10,0.00010446051684804562,0.009487967938184738
GRU,multi_output,variance,28,2023-05-14,2023-06-11,0.00010479076615257291,0.010817592963576317
GRU,multi_output,variance,28,2023-05-15,2023-06-12,0.00010474173474624883,0.012060955166816711
GRU,multi_output,variance,28,2023-05-16,2023-06-13,6.469446961682607e-05,0.012521465308964252
GRU,multi_output,variance,28,2023-05-17,2023-06-14,9.423757255570466e-05,0.012430815026164055
GRU,multi_output,variance,28,2023-05-18,2023-06-15,0.00012100580670343002,0.011450708843767643
GRU,multi_output,variance,28,2023-05-19,2023-06-16,0.00014281659105401434,0.010160302743315697
GRU,multi_output,variance,28,2023-05-20,2023-06-17,0.00014074980416563975,0.009006544947624207
GRU,multi_output,variance,28,2023-05-21,2023-06-18,0.0001406241991228432,0.008213723078370094
GRU,multi_output,variance,28,2023-05-22,2023-06-19,0.0001386858046172259,0.007566096726804972
GRU,multi_output,variance,28,2023-05-23,2023-06-20,0.00011760469988271101,0.006415577605366707
GRU,multi_output,variance,28,2023-05-24,2023-06-21,0.000120034800592035,0.004762999713420868
GRU,multi_output,variance,28,2023-05-25,2023-06-22,0.00012387075776166634,0.003063529497012496
GRU,multi_output,variance,28,2023-05-26,2023-06-23,0.0001257714385614887,0.001776728080585599
GRU,multi_output,variance,28,2023-05-27,2023-06-24,0.0001358986254905031,0.0009836493991315365
GRU,multi_output,variance,28,2023-05-28,2023-06-25,0.0001296025800320577,0.0006013272795826197
GRU,multi_output,variance,28,2023-05-29,2023-06-26,0.00010938329996854319,0.000528596923686564
GRU,multi_output,variance,28,2023-05-30,2023-06-27,0.00012150273778285357,0.0007366030476987362
GRU,multi_output,variance,28,2023-05-31,2023-06-28,0.00011365301432943044,0.001132216420955956
GRU,multi_output,variance,28,2023-06-01,2023-06-29,0.00010157736211233028,0.0012317677028477192
GRU,multi_output,variance,28,2023-06-02,2023-06-30,8.369138246784943e-05,0.0012239748612046242
GRU,multi_output,variance,28,2023-06-03,2023-07-01,8.281965861820725e-05,0.0012205670354887843
GRU,multi_output,variance,28,2023-06-04,2023-07-02,8.309215793671043e-05,0.00118060945533216
GRU,multi_output,variance,28,2023-06-05,2023-07-03,7.430987919036254e-05,0.0011306942906230688
GRU,multi_output,variance,28,2023-06-06,2023-07-04,9.421657124288995e-05,0.0009859420824795961
GRU,multi_output,variance,28,2023-06-07,2023-07-05,8.768492552391355e-05,0.0009339065290987492
GRU,multi_output,variance,28,2023-06-08,2023-07-06,8.072378920634389e-05,0.0008713830029591918
GRU,multi_output,variance,28,2023-06-09,2023-07-07,8.099134228211503e-05,0.0008060646359808743
GRU,multi_output,variance,28,2023-06-10,2023-07-08,7.73546532432404e-05,0.0007426276570186019
GRU,multi_output,variance,28,2023-06-11,2023-07-09,7.991587560407396e-05,0.0006848308257758617
GRU,multi_output,variance,28,2023-06-12,2023-07-10,7.838855917153161e-05,0.0006491291569545865
GRU,multi_output,variance,28,2023-06-13,2023-07-11,4.110197372174843e-05,0.0006159264594316483
GRU,multi_output,variance,28,2023-06-14,2023-07-12,4.295705493103402e-05,0.0006060932064428926
GRU,multi_output,variance,28,2023-06-15,2023-07-13,4.381126794360352e-05,0.0006132693961262703
GRU,multi_output,variance,28,2023-06-16,2023-07-14,4.930382379909738e-05,0.0006321166874840856
GRU,multi_output,variance,28,2023-06-17,2023-07-15,5.165058902079529e-05,0.0006518985610455275
GRU,multi_output,variance,28,2023-06-18,2023-07-16,5.2713073233251855e-05,0.000672047259286046
GRU,multi_output,variance,28,2023-06-19,2023-07-17,5.085755326524275e-05,0.0006898391293361783
GRU,multi_output,variance,28,2023-06-20,2023-07-18,2.2425920283682633e-05,0.0006979408208280802
GRU,multi_output,variance,28,2023-06-21,2023-07-19,2.2270049090947326e-05,0.0007047507679089904
GRU,multi_output,variance,28,2023-06-22,2023-07-20,2.3170543472659755e-05,0.0007098607020452619
GRU,multi_output,variance,28,2023-06-23,2023-07-21,2.310975956974895e-05,0.0007128240540623665
GRU,multi_output,variance,28,2023-06-24,2023-07-22,2.3139638278931333e-05,0.0007175244390964508
GRU,multi_output,variance,28,2023-06-25,2023-07-23,2.478480415949975e-05,0.0007186681032180786
GRU,multi_output,variance,28,2023-06-26,2023-07-24,2.8139717463203465e-05,0.0007111360318958759
GRU,multi_output,variance,28,2023-06-27,2023-07-25,7.142798415736174e-05,0.0007087388075888157
GRU,multi_output,variance,28,2023-06-28,2023-07-26,8.235936714938586e-05,0.0007036854512989521
GRU,multi_output,variance,28,2023-06-29,2023-07-27,9.128063129160166e-05,0.0006950512761250138
GRU,multi_output,variance,28,2023-06-30,2023-07-28,9.506478387373946e-05,0.0006812290521338582
GRU,multi_output,variance,28,2023-07-01,2023-07-29,0.00010580842722636319,0.0006685409462079406
GRU,multi_output,variance,28,2023-07-02,2023-07-30,0.00011934129099542907,0.0006571166450157762
GRU,multi_output,variance,28,2023-07-03,2023-07-31,0.00012883436723465765,0.0006436837138608098
GRU,multi_output,variance,28,2023-07-04,2023-08-01,0.00018365613183454166,0.0006390676135197282
GRU,multi_output,variance,28,2023-07-05,2023-08-02,0.000185023988470554,0.0006335916696116328
GRU,multi_output,variance,28,2023-07-06,2023-08-03,0.00018488517508017052,0.0006278766086325049
GRU,multi_output,variance,28,2023-07-07,2023-08-04,0.00018375088880091134,0.0006242661038413644
GRU,multi_output,variance,28,2023-07-08,2023-08-05,0.00018377196645002374,0.0006208621198311448
GRU,multi_output,variance,28,2023-07-09,2023-08-06,0.00018383142567923402,0.000619454076513648
GRU,multi_output,variance,28,2023-07-10,2023-08-07,0.0001784317145476015,0.0006179360207170248
GRU,multi_output,variance,28,2023-07-11,2023-08-08,0.00012779073808994002,0.00060417375061661
GRU,multi_output,variance,28,2023-07-12,2023-08-09,0.00012122449230434965,0.0005927871679887176
GRU,multi_output,variance,28,2023-07-13,2023-08-10,0.00011394510416389328,0.000582345062866807
GRU,multi_output,variance,28,2023-07-14,2023-08-11,0.00010698230582982533,0.0005745029775425792
GRU,multi_output,variance,28,2023-07-15,2023-08-12,9.323903648804923e-05,0.0005683194613084197
GRU,multi_output,variance,28,2023-07-16,2023-08-13,7.626276289023492e-05,0.000563686597160995
GRU,multi_output,variance,28,2023-07-17,2023-08-14,8.581592535690787e-05,0.0005601601442322135
GRU,multi_output,variance,28,2023-07-18,2023-08-15,7.23481925503755e-05,0.0005486661102622747
GRU,multi_output,variance,28,2023-07-19,2023-08-16,7.23481737697382e-05,0.0005394923500716686
GRU,multi_output,variance,28,2023-07-20,2023-08-17,7.390151364585568e-05,0.0005317750619724393
GRU,multi_output,variance,28,2023-07-21,2023-08-18,7.204749658350661e-05,0.0005248673260211945
GRU,multi_output,variance,28,2023-07-22,2023-08-19,7.271064563097273e-05,0.0005188523791730404
GRU,multi_output,variance,28,2023-07-23,2023-08-20,7.824173525178751e-05,0.0005143095040693879
GRU,multi_output,variance,28,2023-07-24,2023-08-21,7.951995184335658e-05,0.0005121657159179449
GRU,multi_output,variance,28,2023-07-25,2023-08-22,0.00015163143703733931,0.0005255660507827997
GRU,multi_output,variance,28,2023-07-26,2023-08-23,0.00013322797930124714,0.0005419353256002069
GRU,multi_output,variance,28,2023-07-27,2023-08-24,0.00011996258029397116,0.0005610636435449123
GRU,multi_output,variance,28,2023-07-28,2023-08-25,0.00011156647897391821,0.0005807626293972135
GRU,multi_output,variance,28,2023-07-29,2023-08-26,0.00010897692990039453,0.0006028214702382684
GRU,multi_output,variance,28,2023-07-30,2023-08-27,0.00010901224310894494,0.0006271018646657467
GRU,multi_output,variance,28,2023-07-31,2023-08-28,0.00013649248900412337,0.0006508681690320373
GRU,multi_output,variance,28,2023-08-01,2023-08-29,0.00015483505065035216,0.0006896585691720247
GRU,multi_output,variance,28,2023-08-02,2023-08-30,0.0001543154806848623,0.0007231419440358877
GRU,multi_output,variance,28,2023-08-03,2023-08-31,0.00014779009020219906,0.000752229243516922
GRU,multi_output,variance,28,2023-08-04,2023-09-01,0.0001426886957580896,0.0007768122013658285
GRU,multi_output,variance,28,2023-08-05,2023-09-02,0.00014694360979875044,0.0007971156155690551
GRU,multi_output,variance,28,2023-08-06,2023-09-03,0.00015129085803526501,0.0008129382040351629
GRU,multi_output,variance,28,2023-08-07,2023-09-04,0.00022935009456921467,0.0008221387397497892
GRU,multi_output,variance,28,2023-08-08,2023-09-05,0.000276726194928063,0.0008098111720755696
GRU,multi_output,variance,28,2023-08-09,2023-09-06,0.0002790904220727402,0.0007938217022456229
GRU,multi_output,variance,28,2023-08-10,2023-09-07,0.00027489549671895345,0.0007737224223092198
GRU,multi_output,variance,28,2023-08-11,2023-09-08,0.00028330939263897513,0.0007506894180551171
GRU,multi_output,variance,28,2023-08-12,2023-09-09,0.0002754632998991001,0.0007239759434014559
GRU,multi_output,variance,28,2023-08-13,2023-09-10,0.0002713695421940814,0.0006942448671907187
GRU,multi_output,variance,28,2023-08-14,2023-09-11,0.00021782435243145393,0.0006721544777974486
GRU,multi_output,variance,28,2023-08-15,2023-09-12,0.00022842128146465836,0.0006495757261291146
GRU,multi_output,variance,28,2023-08-16,2023-09-13,0.00023710147034273002,0.0006319108651950955
GRU,multi_output,variance,28,2023-08-17,2023-09-14,0.00020004732675732388,0.0006191885331645608
GRU,multi_output,variance,28,2023-08-18,2023-09-15,0.0001753653299908146,0.0006096665747463703
GRU,multi_output,variance,28,2023-08-19,2023-09-16,0.00017490674414699905,0.0006036541890352964
GRU,multi_output,variance,28,2023-08-20,2023-09-17,0.00017227144367642561,0.0006019700085744262
GRU,multi_output,variance,28,2023-08-21,2023-09-18,0.00014747519878003396,0.0006026437040418386
GRU,multi_output,variance,28,2023-08-22,2023-09-19,0.000234623025145279,0.0006289859302341938
GRU,multi_output,variance,28,2023-08-23,2023-09-20,0.00023466342656615943,0.0006470937514677644
GRU,multi_output,variance,28,2023-08-24,2023-09-21,0.000210334678073935,0.0006604916416108608
GRU,multi_output,variance,28,2023-08-25,2023-09-22,0.0002123798596343575,0.0006705410778522491
GRU,multi_output,variance,28,2023-08-26,2023-09-23,0.0002246940607239335,0.0006783230928704143
GRU,multi_output,variance,28,2023-08-27,2023-09-24,0.0002238126591864298,0.000683927908539772
GRU,multi_output,variance,28,2023-08-28,2023-09-25,0.00021487360892103117,0.0006960268365219235
GRU,multi_output,variance,28,2023-08-29,2023-09-26,0.000606349155093807,0.0007111491868272424
GRU,multi_output,variance,28,2023-08-30,2023-09-27,0.000642483805298411,0.0007235163357108831
GRU,multi_output,variance,28,2023-08-31,2023-09-28,0.0006899169263853446,0.0007322656456381083
GRU,multi_output,variance,28,2023-09-01,2023-09-29,0.0006526537878025389,0.0007383291376754642
GRU,multi_output,variance,28,2023-09-02,2023-09-30,0.0006300505221724912,0.0007447145180776715
GRU,multi_output,variance,28,2023-09-03,2023-10-01,0.0006394715613091471,0.0007511118892580271
GRU,multi_output,variance,28,2023-09-04,2023-10-02,0.0006394715613091471,0.0007827481022104621
GRU,multi_output,variance,28,2023-09-05,2023-10-03,0.0008929586378093965,0.000826922943815589
GRU,multi_output,variance,28,2023-09-06,2023-10-04,0.0008899873263008679,0.0008684218628332019
GRU,multi_output,variance,28,2023-09-07,2023-10-05,0.0008365401705632375,0.0009057639981620014
GRU,multi_output,variance,28,2023-09-08,2023-10-06,0.0008033361287065262,0.0009427228360436857
GRU,multi_output,variance,28,2023-09-09,2023-10-07,0.0007754433396848715,0.0009717381908558309
GRU,multi_output,variance,28,2023-09-10,2023-10-08,0.000761486602733201,0.000993314664810896
GRU,multi_output,variance,28,2023-09-11,2023-10-09,0.0007597507857682369,0.0009900577133521438
GRU,multi_output,variance,28,2023-09-12,2023-10-10,0.0005752876132009871,0.00098612520378083
GRU,multi_output,variance,28,2023-09-13,2023-10-11,0.000566825591101747,0.0009800577536225319
GRU,multi_output,variance,28,2023-09-14,2023-10-12,0.0005496950161238724,0.0009572332492098212
GRU,multi_output,variance,28,2023-09-15,2023-10-13,0.0005869637842570704,0.00092563487123698
GRU,multi_output,variance,28,2023-09-16,2023-10-14,0.0006300811004854004,0.0008956888341344893
GRU,multi_output,variance,28,2023-09-17,2023-10-15,0.0006238728756948235,0.0008676646975800395
GRU,multi_output,variance,28,2023-09-18,2023-10-16,0.0005814928760014849,0.0008350631687790155
GRU,multi_output,variance,28,2023-09-19,2023-10-17,0.00048148361449023826,0.0008382596424780786
GRU,multi_output,variance,28,2023-09-20,2023-10-18,0.0004738329356074368,0.0008445123676210642
GRU,multi_output,variance,28,2023-09-21,2023-10-19,0.00047181146145995736,0.0008464931161142886
GRU,multi_output,variance,28,2023-09-22,2023-10-20,0.0004729285660339617,0.0008531897910870612
GRU,multi_output,variance,28,2023-09-23,2023-10-21,0.0004374093218738855,0.0008658244623802602
GRU,multi_output,variance,28,2023-09-24,2023-10-22,0.0004154788721162042,0.0008778103510849178
GRU,multi_output,variance,28,2023-09-25,2023-10-23,0.0004568701860475763,0.0008852816536091268
GRU,multi_output,variance,28,2023-09-26,2023-10-24,0.002326625658999363,0.0010298143606632948
GRU,multi_output,variance,28,2023-09-27,2023-10-25,0.002367027251880728,0.0011778271291404963
GRU,multi_output,variance,28,2023-09-28,2023-10-26,0.002326792520895336,0.0013374676927924156
GRU,multi_output,variance,28,2023-09-29,2023-10-27,0.0024082027998961475,0.0014714546268805861
GRU,multi_output,variance,28,2023-09-30,2023-10-28,0.0022887113804897536,0.001582692377269268
GRU,multi_output,variance,28,2023-10-01,2023-10-29,0.0022219537735702942,0.00168125843629241
GRU,multi_output,variance,28,2023-10-02,2023-10-30,0.0024187942425720776,0.001761383144184947
GRU,multi_output,variance,28,2023-10-03,2023-10-31,0.0035504041255830826,0.001918559311889112
GRU,multi_output,variance,28,2023-10-04,2023-11-01,0.003556723854263085,0.0020515169017016888
GRU,multi_output,variance,28,2023-10-05,2023-11-02,0.0033968165992652147,0.00214850134216249
GRU,multi_output,variance,28,2023-10-06,2023-11-03,0.003113204657069469,0.0022197668440639973
GRU,multi_output,variance,28,2023-10-07,2023-11-04,0.002950010428996133,0.0022651557810604572
GRU,multi_output,variance,28,2023-10-08,2023-11-05,0.002778143245212416,0.0022863862104713917
GRU,multi_output,variance,28,2023-10-09,2023-11-06,0.0029115795715604896,0.0022862639743834734
GRU,multi_output,variance,28,2023-10-10,2023-11-07,0.004532434083815537,0.002193889580667019
GRU,multi_output,variance,28,2023-10-11,2023-11-08,0.006866491923495651,0.0020760903134942055
GRU,multi_output,variance,28,2023-10-12,2023-11-09,0.006302354882784801,0.0019385907799005508
GRU,multi_output,variance,28,2023-10-13,2023-11-10,0.006302354882784801,0.0018167189555242658
GRU,multi_output,variance,28,2023-10-14,2023-11-11,0.006087987171795348,0.0017311597475782037
GRU,multi_output,variance,28,2023-10-15,2023-11-12,0.005764543417066962,0.0016799200093373656
GRU,multi_output,variance,28,2023-10-16,2023-11-13,0.005784915557782489,0.0016361901070922613
GRU,multi_output,variance,28,2023-10-17,2023-11-14,0.006466968942572113,0.001578318071551621
GRU,multi_output,variance,28,2023-10-18,2023-11-15,0.006544576718325881,0.001530525740236044
GRU,multi_output,variance,28,2023-10-19,2023-11-16,0.0061325646012167995,0.001493270741775632
GRU,multi_output,variance,28,2023-10-20,2023-11-17,0.005651271282794902,0.0014650413068011403
GRU,multi_output,variance,28,2023-10-21,2023-11-18,0.005144009578300682,0.0014301654882729053
GRU,multi_output,variance,28,2023-10-22,2023-11-19,0.0049435952911992724,0.001394153106957674
GRU,multi_output,variance,28,2023-10-23,2023-11-20,0.005326693471476779,0.0013729581842198968
GRU,multi_output,variance,28,2023-10-24,2023-11-21,0.007045119651666161,0.0020773413125425577
GRU,multi_output,variance,28,2023-10-25,2023-11-22,0.006638944352843266,0.0029399171471595764
GRU,multi_output,variance,28,2023-10-26,2023-11-23,0.006449573455375175,0.0037506839726120234
GRU,multi_output,variance,28,2023-10-27,2023-11-24,0.006103979208405871,0.004358361940830946
GRU,multi_output,variance,28,2023-10-28,2023-11-25,0.005335581060778976,0.00470274593681097
GRU,multi_output,variance,28,2023-10-29,2023-11-26,0.004833963564434694,0.0050952197052538395
GRU,multi_output,variance,28,2023-10-30,2023-11-27,0.0044179930773674166,0.005652396008372307
GRU,multi_output,variance,28,2023-10-31,2023-11-28,0.007121497827241561,0.006589036900550127
GRU,multi_output,variance,28,2023-11-01,2023-11-29,0.00743543893761968,0.007557510398328304
GRU,multi_output,variance,28,2023-11-02,2023-11-30,0.007051408807597839,0.00844871997833252
GRU,multi_output,variance,28,2023-11-03,2023-12-01,0.006819459958299832,0.00905001349747181
GRU,multi_output,variance,28,2023-11-04,2023-12-02,0.006682875365397521,0.009310401976108551
GRU,multi_output,variance,28,2023-11-05,2023-12-03,0.006461061053259893,0.009321660734713078
GRU,multi_output,variance,28,2023-11-06,2023-12-04,0.0064424057833106195,0.00936208851635456
GRU,multi_output,variance,28,2023-11-07,2023-12-05,0.01386162050984279,0.010385127738118172
GRU,multi_output,variance,28,2023-11-08,2023-12-06,0.014733314538373307,0.013272952288389206
GRU,multi_output,variance,28,2023-11-09,2023-12-07,0.01464720912899006,0.015792254358530045
GRU,multi_output,variance,28,2023-11-10,2023-12-08,0.014807630902304534,0.016954874619841576
GRU,multi_output,variance,28,2023-11-11,2023-12-09,0.014615998835686242,0.0174881462007761
GRU,multi_output,variance,28,2023-11-12,2023-12-10,0.014761220987831213,0.01768340915441513
GRU,multi_output,variance,28,2023-11-13,2023-12-11,0.01461860026247642,0.01776953972876072
GRU,multi_output,variance,28,2023-11-14,2023-12-12,0.014941647455265002,0.01803441531956196
GRU,multi_output,variance,28,2023-11-15,2023-12-13,0.016095311675156095,0.018191123381257057
GRU,multi_output,variance,28,2023-11-16,2023-12-14,0.016517498158083437,0.01800547167658806
GRU,multi_output,variance,28,2023-11-17,2023-12-15,0.01678542149933898,0.01745474338531494
GRU,multi_output,variance,28,2023-11-18,2023-12-16,0.017495506507940402,0.01642572693526745
GRU,multi_output,variance,28,2023-11-19,2023-12-17,0.018359489248674435,0.014858948066830635
GRU,multi_output,variance,28,2023-11-20,2023-12-18,0.020156902205652395,0.013659283518791199
GRU,multi_output,variance,28,2023-11-21,2023-12-19,0.008963707714350658,0.012241524644196033
GRU,multi_output,variance,28,2023-11-22,2023-12-20,0.00711689341658573,0.008437953889369965
GRU,multi_output,variance,28,2023-11-23,2023-12-21,0.007517494053368169,0.003864911152049899
GRU,multi_output,variance,28,2023-11-24,2023-12-22,0.008392024072682604,0.001986665418371558
GRU,multi_output,variance,28,2023-11-25,2023-12-23,0.008953787347405474,0.0011872105533257127
GRU,multi_output,variance,28,2023-11-26,2023-12-24,0.009105152415718302,0.0008006030693650246
GRU,multi_output,variance,28,2023-11-27,2023-12-25,0.008282130307594261,0.000651472364552319
GRU,multi_output,variance,28,2023-11-28,2023-12-26,0.0020113465048703532,0.0008959270780906081
GRU,multi_output,variance,28,2023-11-29,2023-12-27,0.0018410522415078312,0.001266392064280808
GRU,multi_output,variance,28,2023-11-30,2023-12-28,0.002019814239796979,0.001425754395313561
GRU,multi_output,variance,28,2023-12-01,2023-12-29,0.0024299302550433214,0.0013767457567155361
GRU,multi_output,variance,28,2023-12-02,2023-12-30,0.0023222944838322923,0.0012581823393702507
GRU,multi_output,variance,28,2023-12-03,2023-12-31,0.0025479636978601007,0.0011285876389592886
GRU,multi_output,variance,28,2023-12-04,2024-01-01,0.0025479636978601007,0.0010392203694209456
GRU,multi_output,variance,28,2023-12-05,2024-01-02,0.0022849540751350315,0.002332279458642006
GRU,multi_output,variance,28,2023-12-06,2024-01-03,0.007776752602378338,0.005890189670026302
GRU,multi_output,variance,28,2023-12-07,2024-01-04,0.008513044684147125,0.011119464412331581
GRU,multi_output,variance,28,2023-12-08,2024-01-05,0.00875527598737923,0.014560186304152012
GRU,multi_output,variance,28,2023-12-09,2024-01-06,0.008300855185933704,0.01587488129734993
GRU,multi_output,variance,28,2023-12-10,2024-01-07,0.009098881736502673,0.016191769391298294
GRU,multi_output,variance,28,2023-12-11,2024-01-08,0.010302676209616257,0.016478050500154495
GRU,multi_output,variance,28,2023-12-12,2024-01-09,0.009254107790123032,0.01688930206000805
GRU,multi_output,variance,28,2023-12-13,2024-01-10,0.00943105717515276,0.017684709280729294
GRU,multi_output,variance,28,2023-12-14,2024-01-11,0.009107329898329148,0.017459258437156677
GRU,multi_output,variance,28,2023-12-15,2024-01-12,0.01006383238041389,0.016758915036916733
GRU,multi_output,variance,28,2023-12-16,2024-01-13,0.011078545227567719,0.016008131206035614
GRU,multi_output,variance,28,2023-12-17,2024-01-14,0.011078545227567719,0.015504729002714157
GRU,multi_output,variance,28,2023-12-18,2024-01-15,0.009876347764990764,0.015396397560834885
GRU,multi_output,variance,28,2023-12-19,2024-01-16,0.009173524501162886,0.013161699287593365
GRU,multi_output,variance,28,2023-12-20,2024-01-17,0.002291764212101642,0.011144968681037426
GRU,multi_output,variance,28,2023-12-21,2024-01-18,0.002070680574081249,0.007815014570951462
GRU,multi_output,variance,28,2023-12-22,2024-01-19,0.001904382876444147,0.004090496338903904
GRU,multi_output,variance,28,2023-12-23,2024-01-20,0.0017373894656719459,0.002532538492232561
GRU,multi_output,variance,28,2023-12-24,2024-01-21,0.001896301953828873,0.00205206754617393
GRU,multi_output,variance,28,2023-12-25,2024-01-22,0.001813649031606752,0.0015942627796903253
GRU,multi_output,variance,28,2023-12-26,2024-01-23,0.0018962311819938303,0.00044088889262638986
GRU,multi_output,variance,28,2023-12-27,2024-01-24,0.0018914832491605984,0.00035101952380500734
GRU,multi_output,variance,28,2023-12-28,2024-01-25,0.001699086466725697,0.0003217898483853787
GRU,multi_output,variance,28,2023-12-29,2024-01-26,0.001699086466725697,0.000312014453811571
GRU,multi_output,variance,28,2023-12-30,2024-01-27,0.0012348420939963895,0.00027224348741583526
GRU,multi_output,variance,28,2023-12-31,2024-01-28,0.0012348420939963895,0.00025803278549574316
GRU,multi_output,variance,28,2024-01-01,2024-01-29,0.0012434337360462456,0.0002364872198086232
GRU,multi_output,variance,28,2024-01-02,2024-01-30,0.0006950486595035895,0.00020631690858863294
GRU,multi_output,variance,28,2024-01-03,2024-01-31,0.0004783364715494947,0.0005777013720944524
GRU,multi_output,variance,28,2024-01-04,2024-02-01,0.0005207185266750876,0.0008011710597202182
LSTM,multi_output,mean,14,2023-05-15,2023-05-29,0.042551361925533084,0.07711762189865112
LSTM,multi_output,mean,14,2023-05-16,2023-05-30,0.04043135449563707,0.06841934472322464
LSTM,multi_output,mean,14,2023-05-17,2023-05-31,0.03795676346336498,0.06136436387896538
LSTM,multi_output,mean,14,2023-05-18,2023-06-01,0.0373976908582477,0.052747540175914764
LSTM,multi_output,mean,14,2023-05-19,2023-06-02,0.03690902293726377,0.048313237726688385
LSTM,multi_output,mean,14,2023-05-20,2023-06-03,0.03622520779966677,0.04946589097380638
LSTM,multi_output,mean,14,2023-05-21,2023-06-04,0.03448489307368162,0.053857482969760895
LSTM,multi_output,mean,14,2023-05-22,2023-06-05,0.03225515634722982,0.05880493298172951
LSTM,multi_output,mean,14,2023-05-23,2023-06-06,0.028847458859593642,0.05857144296169281
LSTM,multi_output,mean,14,2023-05-24,2023-06-07,0.028145270889968054,0.05256690829992294
LSTM,multi_output,mean,14,2023-05-25,2023-06-08,0.027810438343931678,0.043802037835121155
LSTM,multi_output,mean,14,2023-05-26,2023-06-09,0.02761640273894596,0.03645089641213417
LSTM,multi_output,mean,14,2023-05-27,2023-06-10,0.027761573235458626,0.031748708337545395
LSTM,multi_output,mean,14,2023-05-28,2023-06-11,0.027631140122086423,0.030724717304110527
LSTM,multi_output,mean,14,2023-05-29,2023-06-12,0.02762767224760617,0.03195880353450775
LSTM,multi_output,mean,14,2023-05-30,2023-06-13,0.026644098206145692,0.03375401347875595
LSTM,multi_output,mean,14,2023-05-31,2023-06-14,0.02504189692726691,0.03492199257016182
LSTM,multi_output,mean,14,2023-06-01,2023-06-15,0.023385253504520125,0.03607066720724106
LSTM,multi_output,mean,14,2023-06-02,2023-06-16,0.02142041114707139,0.03719296678900719
LSTM,multi_output,mean,14,2023-06-03,2023-06-17,0.020512634232813375,0.03797914832830429
LSTM,multi_output,mean,14,2023-06-04,2023-06-18,0.02026787013347333,0.03786730766296387
LSTM,multi_output,mean,14,2023-06-05,2023-06-19,0.020176321577711504,0.036627206951379776
LSTM,multi_output,mean,14,2023-06-06,2023-06-20,0.018046791735304078,0.03380316495895386
LSTM,multi_output,mean,14,2023-06-07,2023-06-21,0.01782346923076451,0.0313548743724823
LSTM,multi_output,mean,14,2023-06-08,2023-06-22,0.017466834157230875,0.030244974419474602
LSTM,multi_output,mean,14,2023-06-09,2023-06-23,0.017089554682335775,0.03063117526471615
LSTM,multi_output,mean,14,2023-06-10,2023-06-24,0.01693682862194099,0.032269127666950226
LSTM,multi_output,mean,14,2023-06-11,2023-06-25,0.01640869622741816,0.03437897562980652
LSTM,multi_output,mean,14,2023-06-12,2023-06-26,0.015725670490165287,0.036412905901670456
LSTM,multi_output,mean,14,2023-06-13,2023-06-27,0.015951370470315467,0.03742940351366997
LSTM,multi_output,mean,14,2023-06-14,2023-06-28,0.01704843124923566,0.036853641271591187
LSTM,multi_output,mean,14,2023-06-15,2023-06-29,0.017797876758688304,0.0348360650241375
LSTM,multi_output,mean,14,2023-06-16,2023-06-30,0.01877817819159672,0.03179730102419853
LSTM,multi_output,mean,14,2023-06-17,2023-07-01,0.019028913999890686,0.02903342805802822
LSTM,multi_output,mean,14,2023-06-18,2023-07-02,0.019183484327958265,0.02754843793809414
LSTM,multi_output,mean,14,2023-06-19,2023-07-03,0.018556853209503864,0.027554282918572426
LSTM,multi_output,mean,14,2023-06-20,2023-07-04,0.020850459390244182,0.027501164004206657
LSTM,multi_output,mean,14,2023-06-21,2023-07-05,0.021286407339735632,0.027732348069548607
LSTM,multi_output,mean,14,2023-06-22,2023-07-06,0.02164392810426926,0.02808060310781002
LSTM,multi_output,mean,14,2023-06-23,2023-07-07,0.02163082518330223,0.028421735391020775
LSTM,multi_output,mean,14,2023-06-24,2023-07-08,0.02120042551741052,0.0287871602922678
LSTM,multi_output,mean,14,2023-06-25,2023-07-09,0.020921871382180292,0.02893354557454586
LSTM,multi_output,mean,14,2023-06-26,2023-07-10,0.02064764913305339,0.028722519055008888
LSTM,multi_output,mean,14,2023-06-27,2023-07-11,0.018759703832617464,0.028700964525341988
LSTM,multi_output,mean,14,2023-06-28,2023-07-12,0.01825554387776106,0.02951626293361187
LSTM,multi_output,mean,14,2023-06-29,2023-07-13,0.01815728668450978,0.030981360003352165
LSTM,multi_output,mean,14,2023-06-30,2023-07-14,0.01766133925586516,0.03290441632270813
LSTM,multi_output,mean,14,2023-07-01,2023-07-15,0.017142980076093314,0.034537479281425476
LSTM,multi_output,mean,14,2023-07-02,2023-07-16,0.016451451474528863,0.03550397977232933
LSTM,multi_output,mean,14,2023-07-03,2023-07-17,0.01614893541158249,0.03531564772129059
LSTM,multi_output,mean,14,2023-07-04,2023-07-18,0.015398547098749276,0.03581017628312111
LSTM,multi_output,mean,14,2023-07-05,2023-07-19,0.015337976231806149,0.036518439650535583
LSTM,multi_output,mean,14,2023-07-06,2023-07-20,0.0151222191476377,0.03722894564270973
LSTM,multi_output,mean,14,2023-07-07,2023-07-21,0.0151318451527297,0.0375606007874012
LSTM,multi_output,mean,14,2023-07-08,2023-07-22,0.015154254307802536,0.037191834300756454
LSTM,multi_output,mean,14,2023-07-09,2023-07-23,0.015521889627311635,0.03628714382648468
LSTM,multi_output,mean,14,2023-07-10,2023-07-24,0.015734868603895745,0.03513228893280029
LSTM,multi_output,mean,14,2023-07-11,2023-07-25,0.017499234629100403,0.0330912321805954
LSTM,multi_output,mean,14,2023-07-12,2023-07-26,0.016882932317259604,0.031071284785866737
LSTM,multi_output,mean,14,2023-07-13,2023-07-27,0.016304484167451897,0.029756175354123116
LSTM,multi_output,mean,14,2023-07-14,2023-07-28,0.016094643447225748,0.029109081253409386
LSTM,multi_output,mean,14,2023-07-15,2023-07-29,0.015495106124443202,0.028918640688061714
LSTM,multi_output,mean,14,2023-07-16,2023-07-30,0.014786026774915318,0.028808055445551872
LSTM,multi_output,mean,14,2023-07-17,2023-07-31,0.014613387658776041,0.02876915968954563
LSTM,multi_output,mean,14,2023-07-18,2023-08-01,0.015829941411054087,0.028488704934716225
LSTM,multi_output,mean,14,2023-07-19,2023-08-02,0.016129579912494238,0.028300577774643898
LSTM,multi_output,mean,14,2023-07-20,2023-08-03,0.01683912208995456,0.028215697035193443
LSTM,multi_output,mean,14,2023-07-21,2023-08-04,0.016979264306447285,0.028347080573439598
LSTM,multi_output,mean,14,2023-07-22,2023-08-05,0.01716472437324465,0.028663115575909615
LSTM,multi_output,mean,14,2023-07-23,2023-08-06,0.01668445586844775,0.029268184676766396
LSTM,multi_output,mean,14,2023-07-24,2023-08-07,0.015999248513226764,0.02999032475054264
LSTM,multi_output,mean,14,2023-07-25,2023-08-08,0.014443916390635279,0.031562596559524536
LSTM,multi_output,mean,14,2023-07-26,2023-08-09,0.014858106806785343,0.03261665254831314
LSTM,multi_output,mean,14,2023-07-27,2023-08-10,0.015395880126889437,0.0327303484082222
LSTM,multi_output,mean,14,2023-07-28,2023-08-11,0.01597114731325099,0.03213021159172058
LSTM,multi_output,mean,14,2023-07-29,2023-08-12,0.01727720521848292,0.030949419364333153
LSTM,multi_output,mean,14,2023-07-30,2023-08-13,0.019287951589009554,0.02946080081164837
LSTM,multi_output,mean,14,2023-07-31,2023-08-14,0.020337425227242575,0.028267672285437584
LSTM,multi_output,mean,14,2023-08-01,2023-08-15,0.02004952460711604,0.02838711626827717
LSTM,multi_output,mean,14,2023-08-02,2023-08-16,0.020050840739817603,0.029344754293560982
LSTM,multi_output,mean,14,2023-08-03,2023-08-17,0.019636256420528776,0.030895622447133064
LSTM,multi_output,mean,14,2023-08-04,2023-08-18,0.019839822585211185,0.03230267018079758
LSTM,multi_output,mean,14,2023-08-05,2023-08-19,0.020202660464567774,0.033233948051929474
LSTM,multi_output,mean,14,2023-08-06,2023-08-20,0.021500459689544008,0.03323613852262497
LSTM,multi_output,mean,14,2023-08-07,2023-08-21,0.02251016703196554,0.03228679299354553
LSTM,multi_output,mean,14,2023-08-08,2023-08-22,0.024969388540383552,0.030226314440369606
LSTM,multi_output,mean,14,2023-08-09,2023-08-23,0.026200885200839522,0.02857283689081669
LSTM,multi_output,mean,14,2023-08-10,2023-08-24,0.026835974681743178,0.02800651453435421
LSTM,multi_output,mean,14,2023-08-11,2023-08-25,0.027203321512249412,0.02860516868531704
LSTM,multi_output,mean,14,2023-08-12,2023-08-26,0.02742056385042249,0.030421076342463493
LSTM,multi_output,mean,14,2023-08-13,2023-08-27,0.027367559848038212,0.033403169363737106
LSTM,multi_output,mean,14,2023-08-14,2023-08-28,0.025368347649415868,0.03650757670402527
LSTM,multi_output,mean,14,2023-08-15,2023-08-29,0.025850504108248712,0.03833514824509621
LSTM,multi_output,mean,14,2023-08-16,2023-08-30,0.02589425783196988,0.03868764266371727
LSTM,multi_output,mean,14,2023-08-17,2023-08-31,0.026258065168719865,0.03762512281537056
LSTM,multi_output,mean,14,2023-08-18,2023-09-01,0.02658797698447568,0.0360734649002552
LSTM,multi_output,mean,14,2023-08-19,2023-09-02,0.027435533877634415,0.034827712923288345
LSTM,multi_output,mean,14,2023-08-20,2023-09-03,0.0277461345559839,0.034831322729587555
LSTM,multi_output,mean,14,2023-08-21,2023-09-04,0.02996470924665842,0.035991422832012177
LSTM,multi_output,mean,14,2023-08-22,2023-09-05,0.030711415932792845,0.03873760625720024
LSTM,multi_output,mean,14,2023-08-23,2023-09-06,0.03146528337075428,0.04194386303424835
LSTM,multi_output,mean,14,2023-08-24,2023-09-07,0.03168780574315189,0.044508885592222214
LSTM,multi_output,mean,14,2023-08-25,2023-09-08,0.03266538052227829,0.04579019173979759
LSTM,multi_output,mean,14,2023-08-26,2023-09-09,0.033521956298179126,0.0457003116607666
LSTM,multi_output,mean,14,2023-08-27,2023-09-10,0.0341728924304534,0.04448266327381134
LSTM,multi_output,mean,14,2023-08-28,2023-09-11,0.036521332487694604,0.04156222194433212
LSTM,multi_output,mean,14,2023-08-29,2023-09-12,0.035600796321057775,0.03887426108121872
LSTM,multi_output,mean,14,2023-08-30,2023-09-13,0.03883209852197485,0.03710015490651131
LSTM,multi_output,mean,14,2023-08-31,2023-09-14,0.04042577564475446,0.03665800392627716
LSTM,multi_output,mean,14,2023-09-01,2023-09-15,0.04116502475590788,0.03731361776590347
LSTM,multi_output,mean,14,2023-09-02,2023-09-16,0.04120155018039486,0.03887134790420532
LSTM,multi_output,mean,14,2023-09-03,2023-09-17,0.041760873519425014,0.04054794833064079
LSTM,multi_output,mean,14,2023-09-04,2023-09-18,0.039864854609507935,0.04299633949995041
LSTM,multi_output,mean,14,2023-09-05,2023-09-19,0.041135083147445385,0.045300714671611786
LSTM,multi_output,mean,14,2023-09-06,2023-09-20,0.041876885212484914,0.04705962538719177
LSTM,multi_output,mean,14,2023-09-07,2023-09-21,0.04266065582821124,0.0478149838745594
LSTM,multi_output,mean,14,2023-09-08,2023-09-22,0.041212188005497245,0.04808025807142258
LSTM,multi_output,mean,14,2023-09-09,2023-09-23,0.040633468941889246,0.048178352415561676
LSTM,multi_output,mean,14,2023-09-10,2023-09-24,0.04071261732651853,0.04825856536626816
LSTM,multi_output,mean,14,2023-09-11,2023-09-25,0.0416876196818655,0.04946248605847359
LSTM,multi_output,mean,14,2023-09-12,2023-09-26,0.047299294875667516,0.049995627254247665
LSTM,multi_output,mean,14,2023-09-13,2023-09-27,0.04838185137688062,0.051780592650175095
LSTM,multi_output,mean,14,2023-09-14,2023-09-28,0.04926153471640357,0.054220229387283325
LSTM,multi_output,mean,14,2023-09-15,2023-09-29,0.05079215335944181,0.0563814714550972
LSTM,multi_output,mean,14,2023-09-16,2023-09-30,0.052099173497155475,0.05732402950525284
LSTM,multi_output,mean,14,2023-09-17,2023-10-01,0.054228481091523596,0.05719047039747238
LSTM,multi_output,mean,14,2023-09-18,2023-10-02,0.054228481091523596,0.05486339330673218
LSTM,multi_output,mean,14,2023-09-19,2023-10-03,0.057160646307487406,0.05258157104253769
LSTM,multi_output,mean,14,2023-09-20,2023-10-04,0.059207134577776245,0.05120930075645447
LSTM,multi_output,mean,14,2023-09-21,2023-10-05,0.06040940308825981,0.05117097124457359
LSTM,multi_output,mean,14,2023-09-22,2023-10-06,0.06090063841936074,0.05093330889940262
LSTM,multi_output,mean,14,2023-09-23,2023-10-07,0.06131938534129275,0.05033355578780174
LSTM,multi_output,mean,14,2023-09-24,2023-10-08,0.06158822492011762,0.049714792519807816
LSTM,multi_output,mean,14,2023-09-25,2023-10-09,0.06316475928926725,0.0498211570084095
LSTM,multi_output,mean,14,2023-09-26,2023-10-10,0.06103983214692733,0.0536610372364521
LSTM,multi_output,mean,14,2023-09-27,2023-10-11,0.06022950922231705,0.05878109857439995
LSTM,multi_output,mean,14,2023-09-28,2023-10-12,0.05870774680915994,0.06349989771842957
LSTM,multi_output,mean,14,2023-09-29,2023-10-13,0.05768381652170041,0.06715182960033417
LSTM,multi_output,mean,14,2023-09-30,2023-10-14,0.05631481367631079,0.06936294585466385
LSTM,multi_output,mean,14,2023-10-01,2023-10-15,0.05466154656903291,0.07081316411495209
LSTM,multi_output,mean,14,2023-10-02,2023-10-16,0.05529457903908453,0.07068055123090744
LSTM,multi_output,mean,14,2023-10-03,2023-10-17,0.05439798857076055,0.07102702558040619
LSTM,multi_output,mean,14,2023-10-04,2023-10-18,0.05413901437052666,0.07223593443632126
LSTM,multi_output,mean,14,2023-10-05,2023-10-19,0.05428202115080427,0.07393727451562881
LSTM,multi_output,mean,14,2023-10-06,2023-10-20,0.054258245126709834,0.07533983141183853
LSTM,multi_output,mean,14,2023-10-07,2023-10-21,0.05554923980738474,0.07599114626646042
LSTM,multi_output,mean,14,2023-10-08,2023-10-22,0.05676709753669388,0.0757128894329071
LSTM,multi_output,mean,14,2023-10-09,2023-10-23,0.05769901239923082,0.07559249550104141
LSTM,multi_output,mean,14,2023-10-10,2023-10-24,0.06708737515764628,0.07380544394254684
LSTM,multi_output,mean,14,2023-10-11,2023-10-25,0.0693610017248623,0.07095824927091599
LSTM,multi_output,mean,14,2023-10-12,2023-10-26,0.07014536401973497,0.06726069003343582
LSTM,multi_output,mean,14,2023-10-13,2023-10-27,0.07286875594659449,0.06368008255958557
LSTM,multi_output,mean,14,2023-10-14,2023-10-28,0.07490462786741633,0.060628458857536316
LSTM,multi_output,mean,14,2023-10-15,2023-10-29,0.0765826909905696,0.058123767375946045
LSTM,multi_output,mean,14,2023-10-16,2023-10-30,0.08171143569789005,0.057453859597444534
LSTM,multi_output,mean,14,2023-10-17,2023-10-31,0.08961593263464504,0.05765548348426819
LSTM,multi_output,mean,14,2023-10-18,2023-11-01,0.09364398757052059,0.05844208970665932
LSTM,multi_output,mean,14,2023-10-19,2023-11-02,0.09606731527867739,0.05960317328572273
LSTM,multi_output,mean,14,2023-10-20,2023-11-03,0.09884619144991041,0.06072094663977623
LSTM,multi_output,mean,14,2023-10-21,2023-11-04,0.1010212576889182,0.062348298728466034
LSTM,multi_output,mean,14,2023-10-22,2023-11-05,0.10555499872329109,0.06448335945606232
LSTM,multi_output,mean,14,2023-10-23,2023-11-06,0.11097745226778419,0.06679442524909973
LSTM,multi_output,mean,14,2023-10-24,2023-11-07,0.11626975528826576,0.07440724968910217
LSTM,multi_output,mean,14,2023-10-25,2023-11-08,0.13180608141533884,0.08379816263914108
LSTM,multi_output,mean,14,2023-10-26,2023-11-09,0.13729154207096592,0.09184005856513977
LSTM,multi_output,mean,14,2023-10-27,2023-11-10,0.13729154207096592,0.09806330502033234
LSTM,multi_output,mean,14,2023-10-28,2023-11-11,0.13873362739757616,0.10189885646104813
LSTM,multi_output,mean,14,2023-10-29,2023-11-12,0.1415087387818689,0.10336066037416458
LSTM,multi_output,mean,14,2023-10-30,2023-11-13,0.14088430417845246,0.10551577061414719
LSTM,multi_output,mean,14,2023-10-31,2023-11-14,0.14460672052530318,0.11213252693414688
LSTM,multi_output,mean,14,2023-11-01,2023-11-15,0.15004875283649335,0.12189660966396332
LSTM,multi_output,mean,14,2023-11-02,2023-11-16,0.1543787251966863,0.13236182928085327
LSTM,multi_output,mean,14,2023-11-03,2023-11-17,0.1577614552918338,0.1418665051460266
LSTM,multi_output,mean,14,2023-11-04,2023-11-18,0.16239700182164243,0.14873772859573364
LSTM,multi_output,mean,14,2023-11-05,2023-11-19,0.16621294655598837,0.1539764702320099
LSTM,multi_output,mean,14,2023-11-06,2023-11-20,0.1726684403556859,0.15861988067626953
LSTM,multi_output,mean,14,2023-11-07,2023-11-21,0.1780018064157898,0.16309158504009247
LSTM,multi_output,mean,14,2023-11-08,2023-11-22,0.1762285956341221,0.1757926642894745
LSTM,multi_output,mean,14,2023-11-09,2023-11-23,0.18298875568361378,0.19170206785202026
LSTM,multi_output,mean,14,2023-11-10,2023-11-24,0.17970974463867573,0.20186765491962433
LSTM,multi_output,mean,14,2023-11-11,2023-11-25,0.18515124840245936,0.20216940343379974
LSTM,multi_output,mean,14,2023-11-12,2023-11-26,0.19303482727357177,0.19383475184440613
LSTM,multi_output,mean,14,2023-11-13,2023-11-27,0.19877262707533147,0.17758186161518097
LSTM,multi_output,mean,14,2023-11-14,2023-11-28,0.20919234209026485,0.15957266092300415
LSTM,multi_output,mean,14,2023-11-15,2023-11-29,0.2157007730162676,0.14668673276901245
LSTM,multi_output,mean,14,2023-11-16,2023-11-30,0.21867657579282268,0.1397886872291565
LSTM,multi_output,mean,14,2023-11-17,2023-12-01,0.21976181386743115,0.13562463223934174
LSTM,multi_output,mean,14,2023-11-18,2023-12-02,0.2206127125794615,0.1331508904695511
LSTM,multi_output,mean,14,2023-11-19,2023-12-03,0.2233059873389914,0.13418318331241608
LSTM,multi_output,mean,14,2023-11-20,2023-12-04,0.22240869573228733,0.1374829113483429
LSTM,multi_output,mean,14,2023-11-21,2023-12-05,0.23721964732182707,0.14098377525806427
LSTM,multi_output,mean,14,2023-11-22,2023-12-06,0.2429123744927313,0.14110025763511658
LSTM,multi_output,mean,14,2023-11-23,2023-12-07,0.24525588198929985,0.14325760304927826
LSTM,multi_output,mean,14,2023-11-24,2023-12-08,0.24459369154973282,0.14316174387931824
LSTM,multi_output,mean,14,2023-11-25,2023-12-09,0.24567036035122167,0.1453179121017456
LSTM,multi_output,mean,14,2023-11-26,2023-12-10,0.24404549662128625,0.15312141180038452
LSTM,multi_output,mean,14,2023-11-27,2023-12-11,0.24751412013981824,0.16532696783542633
LSTM,multi_output,mean,14,2023-11-28,2023-12-12,0.24847486183782236,0.18428903818130493
LSTM,multi_output,mean,14,2023-11-29,2023-12-13,0.2460190134508397,0.2081768959760666
LSTM,multi_output,mean,14,2023-11-30,2023-12-14,0.2436470164596183,0.23340633511543274
LSTM,multi_output,mean,14,2023-12-01,2023-12-15,0.24263457990844456,0.2564796209335327
LSTM,multi_output,mean,14,2023-12-02,2023-12-16,0.25021935142805124,0.27488595247268677
LSTM,multi_output,mean,14,2023-12-03,2023-12-17,0.2450239486987933,0.28900158405303955
LSTM,multi_output,mean,14,2023-12-04,2023-12-18,0.24673257139171853,0.29779982566833496
LSTM,multi_output,mean,14,2023-12-05,2023-12-19,0.21332805091602164,0.3133329451084137
LSTM,multi_output,mean,14,2023-12-06,2023-12-20,0.19490525605838763,0.32916128635406494
LSTM,multi_output,mean,14,2023-12-07,2023-12-21,0.1823091162078165,0.3392787575721741
LSTM,multi_output,mean,14,2023-12-08,2023-12-22,0.1773088507628169,0.3413093686103821
LSTM,multi_output,mean,14,2023-12-09,2023-12-23,0.1708532695446551,0.33858561515808105
LSTM,multi_output,mean,14,2023-12-10,2023-12-24,0.16447040689913564,0.3323538899421692
LSTM,multi_output,mean,14,2023-12-11,2023-12-25,0.15578129224466283,0.3275717794895172
LSTM,multi_output,mean,14,2023-12-12,2023-12-26,0.1392454062413967,0.32396939396858215
LSTM,multi_output,mean,14,2023-12-13,2023-12-27,0.14026828693248514,0.32089218497276306
LSTM,multi_output,mean,14,2023-12-14,2023-12-28,0.13963205596970305,0.3187503516674042
LSTM,multi_output,mean,14,2023-12-15,2023-12-29,0.13554709831464054,0.318485826253891
LSTM,multi_output,mean,14,2023-12-16,2023-12-30,0.13247481659948357,0.32422077655792236
LSTM,multi_output,mean,14,2023-12-17,2023-12-31,0.13176984323036373,0.32535848021507263
LSTM,multi_output,mean,14,2023-12-18,2024-01-01,0.13176984323036373,0.3237294554710388
LSTM,multi_output,mean,14,2023-12-19,2024-01-02,0.125085363035447,0.2958080768585205
LSTM,multi_output,mean,14,2023-12-20,2024-01-03,0.1460763632288744,0.24873793125152588
LSTM,multi_output,mean,14,2023-12-21,2024-01-04,0.15065459183855895,0.17980149388313293
LSTM,multi_output,mean,14,2023-12-22,2024-01-05,0.16038528894268547,0.11538740247488022
LSTM,multi_output,mean,14,2023-12-23,2024-01-06,0.16467434101211137,0.09722031652927399
LSTM,multi_output,mean,14,2023-12-24,2024-01-07,0.1590846896417734,0.09879588335752487
LSTM,multi_output,mean,14,2023-12-25,2024-01-08,0.1473343966942288,0.09871850162744522
LSTM,multi_output,mean,14,2023-12-26,2024-01-09,0.13347727924190736,0.08913306891918182
LSTM,multi_output,mean,14,2023-12-27,2024-01-10,0.12553669967451733,0.08196456730365753
LSTM,multi_output,mean,14,2023-12-28,2024-01-11,0.11578902262890232,0.08038799464702606
LSTM,multi_output,mean,14,2023-12-29,2024-01-12,0.12157671613866941,0.08062582463026047
LSTM,multi_output,mean,14,2023-12-30,2024-01-13,0.1131200330449865,0.08074295520782471
LSTM,multi_output,mean,14,2023-12-31,2024-01-14,0.1131200330449865,0.08137207478284836
LSTM,multi_output,mean,14,2024-01-01,2024-01-15,0.10861545893922078,0.08295392990112305
LSTM,multi_output,mean,14,2024-01-02,2024-01-16,0.11489677018815585,0.08200030773878098
LSTM,multi_output,mean,14,2024-01-03,2024-01-17,0.09441690652857937,0.09183016419410706
LSTM,multi_output,mean,14,2024-01-04,2024-01-18,0.09355917255892066,0.10553343594074249
LSTM,multi_output,mean,14,2024-01-05,2024-01-19,0.09220682919412322,0.11978157609701157
LSTM,multi_output,mean,14,2024-01-06,2024-01-20,0.08871766930252432,0.1294291913509369
LSTM,multi_output,mean,14,2024-01-07,2024-01-21,0.08977748841267115,0.12767772376537323
LSTM,multi_output,mean,14,2024-01-08,2024-01-22,0.09335548436576135,0.11321279406547546
LSTM,multi_output,mean,14,2024-01-09,2024-01-23,0.09457352777748064,0.09154188632965088
LSTM,multi_output,mean,14,2024-01-10,2024-01-24,0.09519824765401066,0.07402854412794113
LSTM,multi_output,mean,14,2024-01-11,2024-01-25,0.10093731179301353,0.06401561945676804
LSTM,multi_output,mean,14,2024-01-12,2024-01-26,0.10093731179301353,0.06706973165273666
LSTM,multi_output,mean,14,2024-01-13,2024-01-27,0.10497482358531632,0.07309404015541077
LSTM,multi_output,mean,14,2024-01-14,2024-01-28,0.10497482358531632,0.07959116250276566
LSTM,multi_output,mean,14,2024-01-15,2024-01-29,0.10857437441778534,0.08275418728590012
LSTM,multi_output,mean,14,2024-01-16,2024-01-30,0.09982472109988688,0.08670835196971893
LSTM,multi_output,mean,14,2024-01-17,2024-01-31,0.09768920904645417,0.07895822823047638
LSTM,multi_output,mean,14,2024-01-18,2024-02-01,0.09927763106946927,0.06841598451137543
LSTM,multi_output,mean,28,2023-05-01,2023-05-29,0.042551361925533084,0.07932617515325546
LSTM,multi_output,mean,28,2023-05-02,2023-05-30,0.04043135449563707,0.08057218044996262
LSTM,multi_output,mean,28,2023-05-03,2023-05-31,0.03795676346336498,0.08188262581825256
LSTM,multi_output,mean,28,2023-05-04,2023-06-01,0.0373976908582477,0.08979171514511108
LSTM,multi_output,mean,28,2023-05-05,2023-06-02,0.03690902293726377,0.09604907780885696
LSTM,multi_output,mean,28,2023-05-06,2023-06-03,0.03622520779966677,0.09769222140312195
LSTM,multi_output,mean,28,2023-05-07,2023-06-04,0.03448489307368162,0.09631671756505966
LSTM,multi_output,mean,28,2023-05-08,2023-06-05,0.03225515634722982,0.09269750118255615
LSTM,multi_output,mean,28,2023-05-09,2023-06-06,0.028847458859593642,0.08954233676195145
LSTM,multi_output,mean,28,2023-05-10,2023-06-07,0.028145270889968054,0.0878094807267189
LSTM,multi_output,mean,28,2023-05-11,2023-06-08,0.027810438343931678,0.08656526356935501
LSTM,multi_output,mean,28,2023-05-12,2023-06-09,0.02761640273894596,0.08373143523931503
LSTM,multi_output,mean,28,2023-05-13,2023-06-10,0.027761573235458626,0.08307616412639618
LSTM,multi_output,mean,28,2023-05-14,2023-06-11,0.027631140122086423,0.11248967051506042
LSTM,multi_output,mean,28,2023-05-15,2023-06-12,0.02762767224760617,0.08722110092639923
LSTM,multi_output,mean,28,2023-05-16,2023-06-13,0.026644098206145692,0.05470114201307297
LSTM,multi_output,mean,28,2023-05-17,2023-06-14,0.02504189692726691,0.034798651933670044
LSTM,multi_output,mean,28,2023-05-18,2023-06-15,0.023385253504520125,0.020240360870957375
LSTM,multi_output,mean,28,2023-05-19,2023-06-16,0.02142041114707139,0.017665820196270943
LSTM,multi_output,mean,28,2023-05-20,2023-06-17,0.020512634232813375,0.027475329115986824
LSTM,multi_output,mean,28,2023-05-21,2023-06-18,0.02026787013347333,0.04439225792884827
LSTM,multi_output,mean,28,2023-05-22,2023-06-19,0.020176321577711504,0.05880371481180191
LSTM,multi_output,mean,28,2023-05-23,2023-06-20,0.018046791735304078,0.059725239872932434
LSTM,multi_output,mean,28,2023-05-24,2023-06-21,0.01782346923076451,0.04831548407673836
LSTM,multi_output,mean,28,2023-05-25,2023-06-22,0.017466834157230875,0.037143636494874954
LSTM,multi_output,mean,28,2023-05-26,2023-06-23,0.017089554682335775,0.028725797310471535
LSTM,multi_output,mean,28,2023-05-27,2023-06-24,0.01693682862194099,0.023086296394467354
LSTM,multi_output,mean,28,2023-05-28,2023-06-25,0.01640869622741816,0.021059179678559303
LSTM,multi_output,mean,28,2023-05-29,2023-06-26,0.015725670490165287,0.021263713017106056
LSTM,multi_output,mean,28,2023-05-30,2023-06-27,0.015951370470315467,0.022297928109765053
LSTM,multi_output,mean,28,2023-05-31,2023-06-28,0.01704843124923566,0.02317003346979618
LSTM,multi_output,mean,28,2023-06-01,2023-06-29,0.017797876758688304,0.024825530126690865
LSTM,multi_output,mean,28,2023-06-02,2023-06-30,0.01877817819159672,0.027623457834124565
LSTM,multi_output,mean,28,2023-06-03,2023-07-01,0.019028913999890686,0.03103911317884922
LSTM,multi_output,mean,28,2023-06-04,2023-07-02,0.019183484327958265,0.034115955233573914
LSTM,multi_output,mean,28,2023-06-05,2023-07-03,0.018556853209503864,0.03617112338542938
LSTM,multi_output,mean,28,2023-06-06,2023-07-04,0.020850459390244182,0.036374837160110474
LSTM,multi_output,mean,28,2023-06-07,2023-07-05,0.021286407339735632,0.03652847558259964
LSTM,multi_output,mean,28,2023-06-08,2023-07-06,0.02164392810426926,0.0375036783516407
LSTM,multi_output,mean,28,2023-06-09,2023-07-07,0.02163082518330223,0.039431218057870865
LSTM,multi_output,mean,28,2023-06-10,2023-07-08,0.02120042551741052,0.042251959443092346
LSTM,multi_output,mean,28,2023-06-11,2023-07-09,0.020921871382180292,0.04539916291832924
LSTM,multi_output,mean,28,2023-06-12,2023-07-10,0.02064764913305339,0.04846300929784775
LSTM,multi_output,mean,28,2023-06-13,2023-07-11,0.018759703832617464,0.05046051740646362
LSTM,multi_output,mean,28,2023-06-14,2023-07-12,0.01825554387776106,0.05067162960767746
LSTM,multi_output,mean,28,2023-06-15,2023-07-13,0.01815728668450978,0.04907521978020668
LSTM,multi_output,mean,28,2023-06-16,2023-07-14,0.01766133925586516,0.045878514647483826
LSTM,multi_output,mean,28,2023-06-17,2023-07-15,0.017142980076093314,0.04245833307504654
LSTM,multi_output,mean,28,2023-06-18,2023-07-16,0.016451451474528863,0.039985496550798416
LSTM,multi_output,mean,28,2023-06-19,2023-07-17,0.01614893541158249,0.038887448608875275
LSTM,multi_output,mean,28,2023-06-20,2023-07-18,0.015398547098749276,0.03764902800321579
LSTM,multi_output,mean,28,2023-06-21,2023-07-19,0.015337976231806149,0.03704800084233284
LSTM,multi_output,mean,28,2023-06-22,2023-07-20,0.0151222191476377,0.0369110070168972
LSTM,multi_output,mean,28,2023-06-23,2023-07-21,0.0151318451527297,0.037030648440122604
LSTM,multi_output,mean,28,2023-06-24,2023-07-22,0.015154254307802536,0.0373656302690506
LSTM,multi_output,mean,28,2023-06-25,2023-07-23,0.015521889627311635,0.03753974288702011
LSTM,multi_output,mean,28,2023-06-26,2023-07-24,0.015734868603895745,0.03733225539326668
LSTM,multi_output,mean,28,2023-06-27,2023-07-25,0.017499234629100403,0.03732513636350632
LSTM,multi_output,mean,28,2023-06-28,2023-07-26,0.016882932317259604,0.038193006068468094
LSTM,multi_output,mean,28,2023-06-29,2023-07-27,0.016304484167451897,0.03971284627914429
LSTM,multi_output,mean,28,2023-06-30,2023-07-28,0.016094643447225748,0.041801463812589645
LSTM,multi_output,mean,28,2023-07-01,2023-07-29,0.015495106124443202,0.04372315853834152
LSTM,multi_output,mean,28,2023-07-02,2023-07-30,0.014786026774915318,0.045123808085918427
LSTM,multi_output,mean,28,2023-07-03,2023-07-31,0.014613387658776041,0.04537787288427353
LSTM,multi_output,mean,28,2023-07-04,2023-08-01,0.015829941411054087,0.046479929238557816
LSTM,multi_output,mean,28,2023-07-05,2023-08-02,0.016129579912494238,0.04762152209877968
LSTM,multi_output,mean,28,2023-07-06,2023-08-03,0.01683912208995456,0.04861481487751007
LSTM,multi_output,mean,28,2023-07-07,2023-08-04,0.016979264306447285,0.049120426177978516
LSTM,multi_output,mean,28,2023-07-08,2023-08-05,0.01716472437324465,0.048822253942489624
LSTM,multi_output,mean,28,2023-07-09,2023-08-06,0.01668445586844775,0.04790721833705902
LSTM,multi_output,mean,28,2023-07-10,2023-08-07,0.015999248513226764,0.046634234488010406
LSTM,multi_output,mean,28,2023-07-11,2023-08-08,0.014443916390635279,0.044186510145664215
LSTM,multi_output,mean,28,2023-07-12,2023-08-09,0.014858106806785343,0.04166014865040779
LSTM,multi_output,mean,28,2023-07-13,2023-08-10,0.015395880126889437,0.03977768495678902
LSTM,multi_output,mean,28,2023-07-14,2023-08-11,0.01597114731325099,0.038489893078804016
LSTM,multi_output,mean,28,2023-07-15,2023-08-12,0.01727720521848292,0.03768693655729294
LSTM,multi_output,mean,28,2023-07-16,2023-08-13,0.019287951589009554,0.03707309439778328
LSTM,multi_output,mean,28,2023-07-17,2023-08-14,0.020337425227242575,0.03672071173787117
LSTM,multi_output,mean,28,2023-07-18,2023-08-15,0.02004952460711604,0.036243271082639694
LSTM,multi_output,mean,28,2023-07-19,2023-08-16,0.020050840739817603,0.03598754480481148
LSTM,multi_output,mean,28,2023-07-20,2023-08-17,0.019636256420528776,0.03586924448609352
LSTM,multi_output,mean,28,2023-07-21,2023-08-18,0.019839822585211185,0.03598148748278618
LSTM,multi_output,mean,28,2023-07-22,2023-08-19,0.020202660464567774,0.03628086298704147
LSTM,multi_output,mean,28,2023-07-23,2023-08-20,0.021500459689544008,0.03690940514206886
LSTM,multi_output,mean,28,2023-07-24,2023-08-21,0.02251016703196554,0.0376913882791996
LSTM,multi_output,mean,28,2023-07-25,2023-08-22,0.024969388540383552,0.03952018544077873
LSTM,multi_output,mean,28,2023-07-26,2023-08-23,0.026200885200839522,0.040797993540763855
LSTM,multi_output,mean,28,2023-07-27,2023-08-24,0.026835974681743178,0.04117562994360924
LSTM,multi_output,mean,28,2023-07-28,2023-08-25,0.027203321512249412,0.040871694684028625
LSTM,multi_output,mean,28,2023-07-29,2023-08-26,0.02742056385042249,0.03985517844557762
LSTM,multi_output,mean,28,2023-07-30,2023-08-27,0.027367559848038212,0.03830358013510704
LSTM,multi_output,mean,28,2023-07-31,2023-08-28,0.025368347649415868,0.03684838116168976
LSTM,multi_output,mean,28,2023-08-01,2023-08-29,0.025850504108248712,0.036653634160757065
LSTM,multi_output,mean,28,2023-08-02,2023-08-30,0.02589425783196988,0.037225935608148575
LSTM,multi_output,mean,28,2023-08-03,2023-08-31,0.026258065168719865,0.038532521575689316
LSTM,multi_output,mean,28,2023-08-04,2023-09-01,0.02658797698447568,0.039912961423397064
LSTM,multi_output,mean,28,2023-08-05,2023-09-02,0.027435533877634415,0.04108773544430733
LSTM,multi_output,mean,28,2023-08-06,2023-09-03,0.0277461345559839,0.0414770245552063
LSTM,multi_output,mean,28,2023-08-07,2023-09-04,0.02996470924665842,0.04091254994273186
LSTM,multi_output,mean,28,2023-08-08,2023-09-05,0.030711415932792845,0.03900134935975075
LSTM,multi_output,mean,28,2023-08-09,2023-09-06,0.03146528337075428,0.037339288741350174
LSTM,multi_output,mean,28,2023-08-10,2023-09-07,0.03168780574315189,0.03652917221188545
LSTM,multi_output,mean,28,2023-08-11,2023-09-08,0.03266538052227829,0.03672211989760399
LSTM,multi_output,mean,28,2023-08-12,2023-09-09,0.033521956298179126,0.03822384774684906
LSTM,multi_output,mean,28,2023-08-13,2023-09-10,0.0341728924304534,0.04121638461947441
LSTM,multi_output,mean,28,2023-08-14,2023-09-11,0.036521332487694604,0.04468837007880211
LSTM,multi_output,mean,28,2023-08-15,2023-09-12,0.035600796321057775,0.04720095172524452
LSTM,multi_output,mean,28,2023-08-16,2023-09-13,0.03883209852197485,0.048506900668144226
LSTM,multi_output,mean,28,2023-08-17,2023-09-14,0.04042577564475446,0.04836646467447281
LSTM,multi_output,mean,28,2023-08-18,2023-09-15,0.04116502475590788,0.047490015625953674
LSTM,multi_output,mean,28,2023-08-19,2023-09-16,0.04120155018039486,0.046512652188539505
LSTM,multi_output,mean,28,2023-08-20,2023-09-17,0.041760873519425014,0.04647962376475334
LSTM,multi_output,mean,28,2023-08-21,2023-09-18,0.039864854609507935,0.047425221651792526
LSTM,multi_output,mean,28,2023-08-22,2023-09-19,0.041135083147445385,0.05017025023698807
LSTM,multi_output,mean,28,2023-08-23,2023-09-20,0.041876885212484914,0.05365705117583275
LSTM,multi_output,mean,28,2023-08-24,2023-09-21,0.04266065582821124,0.05686454102396965
LSTM,multi_output,mean,28,2023-08-25,2023-09-22,0.041212188005497245,0.05908721312880516
LSTM,multi_output,mean,28,2023-08-26,2023-09-23,0.040633468941889246,0.060004446655511856
LSTM,multi_output,mean,28,2023-08-27,2023-09-24,0.04071261732651853,0.059549566358327866
LSTM,multi_output,mean,28,2023-08-28,2023-09-25,0.0416876196818655,0.05672326683998108
LSTM,multi_output,mean,28,2023-08-29,2023-09-26,0.047299294875667516,0.05371255427598953
LSTM,multi_output,mean,28,2023-08-30,2023-09-27,0.04838185137688062,0.051242645829916
LSTM,multi_output,mean,28,2023-08-31,2023-09-28,0.04926153471640357,0.04999285936355591
LSTM,multi_output,mean,28,2023-09-01,2023-09-29,0.05079215335944181,0.04998628795146942
LSTM,multi_output,mean,28,2023-09-02,2023-09-30,0.052099173497155475,0.05128122493624687
LSTM,multi_output,mean,28,2023-09-03,2023-10-01,0.054228481091523596,0.05310634523630142
LSTM,multi_output,mean,28,2023-09-04,2023-10-02,0.054228481091523596,0.05628494173288345
LSTM,multi_output,mean,28,2023-09-05,2023-10-03,0.057160646307487406,0.059597451239824295
LSTM,multi_output,mean,28,2023-09-06,2023-10-04,0.059207134577776245,0.0625128373503685
LSTM,multi_output,mean,28,2023-09-07,2023-10-05,0.06040940308825981,0.06434798240661621
LSTM,multi_output,mean,28,2023-09-08,2023-10-06,0.06090063841936074,0.06552101671695709
LSTM,multi_output,mean,28,2023-09-09,2023-10-07,0.06131938534129275,0.06620930135250092
LSTM,multi_output,mean,28,2023-09-10,2023-10-08,0.06158822492011762,0.0665164515376091
LSTM,multi_output,mean,28,2023-09-11,2023-10-09,0.06316475928926725,0.06789755821228027
LSTM,multi_output,mean,28,2023-09-12,2023-10-10,0.06103983214692733,0.06828871369361877
LSTM,multi_output,mean,28,2023-09-13,2023-10-11,0.06022950922231705,0.0702800378203392
LSTM,multi_output,mean,28,2023-09-14,2023-10-12,0.05870774680915994,0.07312681525945663
LSTM,multi_output,mean,28,2023-09-15,2023-10-13,0.05768381652170041,0.07580025494098663
LSTM,multi_output,mean,28,2023-09-16,2023-10-14,0.05631481367631079,0.07719942182302475
LSTM,multi_output,mean,28,2023-09-17,2023-10-15,0.05466154656903291,0.07733737677335739
LSTM,multi_output,mean,28,2023-09-18,2023-10-16,0.05529457903908453,0.07458244264125824
LSTM,multi_output,mean,28,2023-09-19,2023-10-17,0.05439798857076055,0.07157623767852783
LSTM,multi_output,mean,28,2023-09-20,2023-10-18,0.05413901437052666,0.06929057836532593
LSTM,multi_output,mean,28,2023-09-21,2023-10-19,0.05428202115080427,0.06843852251768112
LSTM,multi_output,mean,28,2023-09-22,2023-10-20,0.054258245126709834,0.0674288347363472
LSTM,multi_output,mean,28,2023-09-23,2023-10-21,0.05554923980738474,0.06632344424724579
LSTM,multi_output,mean,28,2023-09-24,2023-10-22,0.05676709753669388,0.06554339081048965
LSTM,multi_output,mean,28,2023-09-25,2023-10-23,0.05769901239923082,0.06580286473035812
LSTM,multi_output,mean,28,2023-09-26,2023-10-24,0.06708737515764628,0.07073229551315308
LSTM,multi_output,mean,28,2023-09-27,2023-10-25,0.0693610017248623,0.07725533843040466
LSTM,multi_output,mean,28,2023-09-28,2023-10-26,0.07014536401973497,0.08373794704675674
LSTM,multi_output,mean,28,2023-09-29,2023-10-27,0.07286875594659449,0.08940988034009933
LSTM,multi_output,mean,28,2023-09-30,2023-10-28,0.07490462786741633,0.09336675703525543
LSTM,multi_output,mean,28,2023-10-01,2023-10-29,0.0765826909905696,0.09591975063085556
LSTM,multi_output,mean,28,2023-10-02,2023-10-30,0.08171143569789005,0.09546013921499252
LSTM,multi_output,mean,28,2023-10-03,2023-10-31,0.08961593263464504,0.09461580961942673
LSTM,multi_output,mean,28,2023-10-04,2023-11-01,0.09364398757052059,0.0940246656537056
LSTM,multi_output,mean,28,2023-10-05,2023-11-02,0.09606731527867739,0.09363788366317749
LSTM,multi_output,mean,28,2023-10-06,2023-11-03,0.09884619144991041,0.09290655702352524
LSTM,multi_output,mean,28,2023-10-07,2023-11-04,0.1010212576889182,0.09157951176166534
LSTM,multi_output,mean,28,2023-10-08,2023-11-05,0.10555499872329109,0.08940359205007553
LSTM,multi_output,mean,28,2023-10-09,2023-11-06,0.11097745226778419,0.0878310576081276
LSTM,multi_output,mean,28,2023-10-10,2023-11-07,0.11626975528826576,0.08426272124052048
LSTM,multi_output,mean,28,2023-10-11,2023-11-08,0.13180608141533884,0.07956182211637497
LSTM,multi_output,mean,28,2023-10-12,2023-11-09,0.13729154207096592,0.07375196367502213
LSTM,multi_output,mean,28,2023-10-13,2023-11-10,0.13729154207096592,0.068024642765522
LSTM,multi_output,mean,28,2023-10-14,2023-11-11,0.13873362739757616,0.0627891942858696
LSTM,multi_output,mean,28,2023-10-15,2023-11-12,0.1415087387818689,0.058084432035684586
LSTM,multi_output,mean,28,2023-10-16,2023-11-13,0.14088430417845246,0.05589136481285095
LSTM,multi_output,mean,28,2023-10-17,2023-11-14,0.14460672052530318,0.054769307374954224
LSTM,multi_output,mean,28,2023-10-18,2023-11-15,0.15004875283649335,0.05464480444788933
LSTM,multi_output,mean,28,2023-10-19,2023-11-16,0.1543787251966863,0.05551140382885933
LSTM,multi_output,mean,28,2023-10-20,2023-11-17,0.1577614552918338,0.056915704160928726
LSTM,multi_output,mean,28,2023-10-21,2023-11-18,0.16239700182164243,0.05957864224910736
LSTM,multi_output,mean,28,2023-10-22,2023-11-19,0.16621294655598837,0.0632324293255806
LSTM,multi_output,mean,28,2023-10-23,2023-11-20,0.1726684403556859,0.06739770621061325
LSTM,multi_output,mean,28,2023-10-24,2023-11-21,0.1780018064157898,0.07850324362516403
LSTM,multi_output,mean,28,2023-10-25,2023-11-22,0.1762285956341221,0.09160364419221878
LSTM,multi_output,mean,28,2023-10-26,2023-11-23,0.18298875568361378,0.10310323536396027
LSTM,multi_output,mean,28,2023-10-27,2023-11-24,0.17970974463867573,0.11252496391534805
LSTM,multi_output,mean,28,2023-10-28,2023-11-25,0.18515124840245936,0.11858251690864563
LSTM,multi_output,mean,28,2023-10-29,2023-11-26,0.19303482727357177,0.12078883498907089
LSTM,multi_output,mean,28,2023-10-30,2023-11-27,0.19877262707533147,0.12288306653499603
LSTM,multi_output,mean,28,2023-10-31,2023-11-28,0.20919234209026485,0.12974420189857483
LSTM,multi_output,mean,28,2023-11-01,2023-11-29,0.2157007730162676,0.13972561061382294
LSTM,multi_output,mean,28,2023-11-02,2023-11-30,0.21867657579282268,0.1505291759967804
LSTM,multi_output,mean,28,2023-11-03,2023-12-01,0.21976181386743115,0.16093434393405914
LSTM,multi_output,mean,28,2023-11-04,2023-12-02,0.2206127125794615,0.16906733810901642
LSTM,multi_output,mean,28,2023-11-05,2023-12-03,0.2233059873389914,0.1762017458677292
LSTM,multi_output,mean,28,2023-11-06,2023-12-04,0.22240869573228733,0.18306386470794678
LSTM,multi_output,mean,28,2023-11-07,2023-12-05,0.23721964732182707,0.18987421691417694
LSTM,multi_output,mean,28,2023-11-08,2023-12-06,0.2429123744927313,0.20737183094024658
LSTM,multi_output,mean,28,2023-11-09,2023-12-07,0.24525588198929985,0.229016974568367
LSTM,multi_output,mean,28,2023-11-10,2023-12-08,0.24459369154973282,0.24616611003875732
LSTM,multi_output,mean,28,2023-11-11,2023-12-09,0.24567036035122167,0.2548297941684723
LSTM,multi_output,mean,28,2023-11-12,2023-12-10,0.24404549662128625,0.25449714064598083
LSTM,multi_output,mean,28,2023-11-13,2023-12-11,0.24751412013981824,0.2462720423936844
LSTM,multi_output,mean,28,2023-11-14,2023-12-12,0.24847486183782236,0.23170241713523865
LSTM,multi_output,mean,28,2023-11-15,2023-12-13,0.2460190134508397,0.2148466557264328
LSTM,multi_output,mean,28,2023-11-16,2023-12-14,0.2436470164596183,0.19859769940376282
LSTM,multi_output,mean,28,2023-11-17,2023-12-15,0.24263457990844456,0.1876709759235382
LSTM,multi_output,mean,28,2023-11-18,2023-12-16,0.25021935142805124,0.1895636022090912
LSTM,multi_output,mean,28,2023-11-19,2023-12-17,0.2450239486987933,0.2076772153377533
LSTM,multi_output,mean,28,2023-11-20,2023-12-18,0.24673257139171853,0.24750231206417084
LSTM,multi_output,mean,28,2023-11-21,2023-12-19,0.21332805091602164,0.2954123020172119
LSTM,multi_output,mean,28,2023-11-22,2023-12-20,0.19490525605838763,0.2975386679172516
LSTM,multi_output,mean,28,2023-11-23,2023-12-21,0.1823091162078165,0.2493797093629837
LSTM,multi_output,mean,28,2023-11-24,2023-12-22,0.1773088507628169,0.2077580839395523
LSTM,multi_output,mean,28,2023-11-25,2023-12-23,0.1708532695446551,0.2114422470331192
LSTM,multi_output,mean,28,2023-11-26,2023-12-24,0.16447040689913564,0.17793552577495575
LSTM,multi_output,mean,28,2023-11-27,2023-12-25,0.15578129224466283,0.18949800729751587
LSTM,multi_output,mean,28,2023-11-28,2023-12-26,0.1392454062413967,0.21467547118663788
LSTM,multi_output,mean,28,2023-11-29,2023-12-27,0.14026828693248514,0.24533244967460632
LSTM,multi_output,mean,28,2023-11-30,2023-12-28,0.13963205596970305,0.2709193825721741
LSTM,multi_output,mean,28,2023-12-01,2023-12-29,0.13554709831464054,0.2827780842781067
LSTM,multi_output,mean,28,2023-12-02,2023-12-30,0.13247481659948357,0.2811412513256073
LSTM,multi_output,mean,28,2023-12-03,2023-12-31,0.13176984323036373,0.27277612686157227
LSTM,multi_output,mean,28,2023-12-04,2024-01-01,0.13176984323036373,0.2608395218849182
LSTM,multi_output,mean,28,2023-12-05,2024-01-02,0.125085363035447,0.25946640968322754
LSTM,multi_output,mean,28,2023-12-06,2024-01-03,0.1460763632288744,0.2605227530002594
LSTM,multi_output,mean,28,2023-12-07,2024-01-04,0.15065459183855895,0.25849032402038574
LSTM,multi_output,mean,28,2023-12-08,2024-01-05,0.16038528894268547,0.2518957853317261
LSTM,multi_output,mean,28,2023-12-09,2024-01-06,0.16467434101211137,0.24358102679252625
LSTM,multi_output,mean,28,2023-12-10,2024-01-07,0.1590846896417734,0.2344249039888382
LSTM,multi_output,mean,28,2023-12-11,2024-01-08,0.1473343966942288,0.22962108254432678
LSTM,multi_output,mean,28,2023-12-12,2024-01-09,0.13347727924190736,0.22740396857261658
LSTM,multi_output,mean,28,2023-12-13,2024-01-10,0.12553669967451733,0.22585509717464447
LSTM,multi_output,mean,28,2023-12-14,2024-01-11,0.11578902262890232,0.2231099158525467
LSTM,multi_output,mean,28,2023-12-15,2024-01-12,0.12157671613866941,0.22060036659240723
LSTM,multi_output,mean,28,2023-12-16,2024-01-13,0.1131200330449865,0.2240934818983078
LSTM,multi_output,mean,28,2023-12-17,2024-01-14,0.1131200330449865,0.22341661155223846
LSTM,multi_output,mean,28,2023-12-18,2024-01-15,0.10861545893922078,0.22361211478710175
LSTM,multi_output,mean,28,2023-12-19,2024-01-16,0.11489677018815585,0.1989404857158661
LSTM,multi_output,mean,28,2023-12-20,2024-01-17,0.09441690652857937,0.15881001949310303
LSTM,multi_output,mean,28,2023-12-21,2024-01-18,0.09355917255892066,0.10688126087188721
LSTM,multi_output,mean,28,2023-12-22,2024-01-19,0.09220682919412322,0.07840543240308762
LSTM,multi_output,mean,28,2023-12-23,2024-01-20,0.08871766930252432,0.07378136366605759
LSTM,multi_output,mean,28,2023-12-24,2024-01-21,0.08977748841267115,0.07397109270095825
LSTM,multi_output,mean,28,2023-12-25,2024-01-22,0.09335548436576135,0.07107242196798325
LSTM,multi_output,mean,28,2023-12-26,2024-01-23,0.09457352777748064,0.06162470206618309
LSTM,multi_output,mean,28,2023-12-27,2024-01-24,0.09519824765401066,0.059325169771909714
LSTM,multi_output,mean,28,2023-12-28,2024-01-25,0.10093731179301353,0.06094073876738548
LSTM,multi_output,mean,28,2023-12-29,2024-01-26,0.10093731179301353,0.06086386740207672
LSTM,multi_output,mean,28,2023-12-30,2024-01-27,0.10497482358531632,0.059669867157936096
LSTM,multi_output,mean,28,2023-12-31,2024-01-28,0.10497482358531632,0.059536173939704895
LSTM,multi_output,mean,28,2024-01-01,2024-01-29,0.10857437441778534,0.060673169791698456
LSTM,multi_output,mean,28,2024-01-02,2024-01-30,0.09982472109988688,0.05895020440220833
LSTM,multi_output,mean,28,2024-01-03,2024-01-31,0.09768920904645417,0.07097828388214111
LSTM,multi_output,mean,28,2024-01-04,2024-02-01,0.09927763106946927,0.08497658371925354
LSTM,multi_output,variance,14,2023-05-15,2023-05-29,0.0005165039138387742,0.007500377018004656
LSTM,multi_output,variance,14,2023-05-16,2023-05-30,0.000396534719328378,0.007263258099555969
LSTM,multi_output,variance,14,2023-05-17,2023-05-31,0.0003612216101206669,0.0070837936364114285
LSTM,multi_output,variance,14,2023-05-18,2023-06-01,0.00036779103154906064,0.006258326582610607
LSTM,multi_output,variance,14,2023-05-19,2023-06-02,0.0003706641551886727,0.005612998269498348
LSTM,multi_output,variance,14,2023-05-20,2023-06-03,0.00037567529558119126,0.005127239041030407
LSTM,multi_output,variance,14,2023-05-21,2023-06-04,0.00037879015378993196,0.004799911752343178
LSTM,multi_output,variance,14,2023-05-22,2023-06-05,0.00031668612824860325,0.004605442751199007
LSTM,multi_output,variance,14,2023-05-23,2023-06-06,8.242633513760308e-05,0.00387360667809844
LSTM,multi_output,variance,14,2023-05-24,2023-06-07,9.624188303081485e-05,0.0031991919968277216
LSTM,multi_output,variance,14,2023-05-25,2023-06-08,0.00010380435104511207,0.0027211569249629974
LSTM,multi_output,variance,14,2023-05-26,2023-06-09,0.00010747163506636533,0.0024498512502759695
LSTM,multi_output,variance,14,2023-05-27,2023-06-10,0.00010446051684804562,0.0023385072126984596
LSTM,multi_output,variance,14,2023-05-28,2023-06-11,0.00010479076615257291,0.002322612563148141
LSTM,multi_output,variance,14,2023-05-29,2023-06-12,0.00010474173474624883,0.0023346268571913242
LSTM,multi_output,variance,14,2023-05-30,2023-06-13,6.469446961682607e-05,0.0023444006219506264
LSTM,multi_output,variance,14,2023-05-31,2023-06-14,9.423757255570466e-05,0.0023425063118338585
LSTM,multi_output,variance,14,2023-06-01,2023-06-15,0.00012100580670343002,0.0023248102515935898
LSTM,multi_output,variance,14,2023-06-02,2023-06-16,0.00014281659105401434,0.002163622761145234
LSTM,multi_output,variance,14,2023-06-03,2023-06-17,0.00014074980416563975,0.0018395892111584544
LSTM,multi_output,variance,14,2023-06-04,2023-06-18,0.0001406241991228432,0.0013282940490171313
LSTM,multi_output,variance,14,2023-06-05,2023-06-19,0.0001386858046172259,0.0007348631042987108
LSTM,multi_output,variance,14,2023-06-06,2023-06-20,0.00011760469988271101,0.00033898555557243526
LSTM,multi_output,variance,14,2023-06-07,2023-06-21,0.000120034800592035,0.00022840556630399078
LSTM,multi_output,variance,14,2023-06-08,2023-06-22,0.00012387075776166634,0.000262541783740744
LSTM,multi_output,variance,14,2023-06-09,2023-06-23,0.0001257714385614887,0.00033200657344423234
LSTM,multi_output,variance,14,2023-06-10,2023-06-24,0.0001358986254905031,0.00038237820263020694
LSTM,multi_output,variance,14,2023-06-11,2023-06-25,0.0001296025800320577,0.0004009100084658712
LSTM,multi_output,variance,14,2023-06-12,2023-06-26,0.00010938329996854319,0.0003993129066657275
LSTM,multi_output,variance,14,2023-06-13,2023-06-27,0.00012150273778285357,0.0003664942632894963
LSTM,multi_output,variance,14,2023-06-14,2023-06-28,0.00011365301432943044,0.0003423054877202958
LSTM,multi_output,variance,14,2023-06-15,2023-06-29,0.00010157736211233028,0.0003435231919866055
LSTM,multi_output,variance,14,2023-06-16,2023-06-30,8.369138246784943e-05,0.00037041280302219093
LSTM,multi_output,variance,14,2023-06-17,2023-07-01,8.281965861820725e-05,0.0004030946583952755
LSTM,multi_output,variance,14,2023-06-18,2023-07-02,8.309215793671043e-05,0.0004302743764128536
LSTM,multi_output,variance,14,2023-06-19,2023-07-03,7.430987919036254e-05,0.0004467209510039538
LSTM,multi_output,variance,14,2023-06-20,2023-07-04,9.421657124288995e-05,0.00044517076457850635
LSTM,multi_output,variance,14,2023-06-21,2023-07-05,8.768492552391355e-05,0.00044078947394154966
LSTM,multi_output,variance,14,2023-06-22,2023-07-06,8.072378920634389e-05,0.00044167760643176734
LSTM,multi_output,variance,14,2023-06-23,2023-07-07,8.099134228211503e-05,0.00044792049448005855
LSTM,multi_output,variance,14,2023-06-24,2023-07-08,7.73546532432404e-05,0.00045958624104969203
LSTM,multi_output,variance,14,2023-06-25,2023-07-09,7.991587560407396e-05,0.00046551620471291244
LSTM,multi_output,variance,14,2023-06-26,2023-07-10,7.838855917153161e-05,0.0004565566487144679
LSTM,multi_output,variance,14,2023-06-27,2023-07-11,4.110197372174843e-05,0.00044865263043902814
LSTM,multi_output,variance,14,2023-06-28,2023-07-12,4.295705493103402e-05,0.00043946559890173376
LSTM,multi_output,variance,14,2023-06-29,2023-07-13,4.381126794360352e-05,0.00042793943430297077
LSTM,multi_output,variance,14,2023-06-30,2023-07-14,4.930382379909738e-05,0.00041167819290421903
LSTM,multi_output,variance,14,2023-07-01,2023-07-15,5.165058902079529e-05,0.0003988569078501314
LSTM,multi_output,variance,14,2023-07-02,2023-07-16,5.2713073233251855e-05,0.0003916779241990298
LSTM,multi_output,variance,14,2023-07-03,2023-07-17,5.085755326524275e-05,0.00038490802398882806
LSTM,multi_output,variance,14,2023-07-04,2023-07-18,2.2425920283682633e-05,0.00038871969445608556
LSTM,multi_output,variance,14,2023-07-05,2023-07-19,2.2270049090947326e-05,0.00039085742901079357
LSTM,multi_output,variance,14,2023-07-06,2023-07-20,2.3170543472659755e-05,0.0003873320238199085
LSTM,multi_output,variance,14,2023-07-07,2023-07-21,2.310975956974895e-05,0.0003819350095000118
LSTM,multi_output,variance,14,2023-07-08,2023-07-22,2.3139638278931333e-05,0.00037573333247564733
LSTM,multi_output,variance,14,2023-07-09,2023-07-23,2.478480415949975e-05,0.00037306288140825927
LSTM,multi_output,variance,14,2023-07-10,2023-07-24,2.8139717463203465e-05,0.00037280304240994155
LSTM,multi_output,variance,14,2023-07-11,2023-07-25,7.142798415736174e-05,0.00035730269155465066
LSTM,multi_output,variance,14,2023-07-12,2023-07-26,8.235936714938586e-05,0.0003425531031098217
LSTM,multi_output,variance,14,2023-07-13,2023-07-27,9.128063129160166e-05,0.00033347305725328624
LSTM,multi_output,variance,14,2023-07-14,2023-07-28,9.506478387373946e-05,0.00033241845085285604
LSTM,multi_output,variance,14,2023-07-15,2023-07-29,0.00010580842722636319,0.00033547202474437654
LSTM,multi_output,variance,14,2023-07-16,2023-07-30,0.00011934129099542907,0.00033842804259620607
LSTM,multi_output,variance,14,2023-07-17,2023-07-31,0.00012883436723465765,0.00033790720044635236
LSTM,multi_output,variance,14,2023-07-18,2023-08-01,0.00018365613183454166,0.00032220871071331203
LSTM,multi_output,variance,14,2023-07-19,2023-08-02,0.000185023988470554,0.0003057244175579399
LSTM,multi_output,variance,14,2023-07-20,2023-08-03,0.00018488517508017052,0.00029537486261688173
LSTM,multi_output,variance,14,2023-07-21,2023-08-04,0.00018375088880091134,0.000292022101348266
LSTM,multi_output,variance,14,2023-07-22,2023-08-05,0.00018377196645002374,0.0002932124480139464
LSTM,multi_output,variance,14,2023-07-23,2023-08-06,0.00018383142567923402,0.00029629303026013076
LSTM,multi_output,variance,14,2023-07-24,2023-08-07,0.0001784317145476015,0.0002995597606059164
LSTM,multi_output,variance,14,2023-07-25,2023-08-08,0.00012779073808994002,0.0003203890228178352
LSTM,multi_output,variance,14,2023-07-26,2023-08-09,0.00012122449230434965,0.0003449356590863317
LSTM,multi_output,variance,14,2023-07-27,2023-08-10,0.00011394510416389328,0.000366324296919629
LSTM,multi_output,variance,14,2023-07-28,2023-08-11,0.00010698230582982533,0.00038058668724261224
LSTM,multi_output,variance,14,2023-07-29,2023-08-12,9.323903648804923e-05,0.00039272892172448337
LSTM,multi_output,variance,14,2023-07-30,2023-08-13,7.626276289023492e-05,0.00040782717405818403
LSTM,multi_output,variance,14,2023-07-31,2023-08-14,8.581592535690787e-05,0.00042578039574436843
LSTM,multi_output,variance,14,2023-08-01,2023-08-15,7.23481925503755e-05,0.00046593634760938585
LSTM,multi_output,variance,14,2023-08-02,2023-08-16,7.23481737697382e-05,0.0005029464373365045
LSTM,multi_output,variance,14,2023-08-03,2023-08-17,7.390151364585568e-05,0.000527098192833364
LSTM,multi_output,variance,14,2023-08-04,2023-08-18,7.204749658350661e-05,0.0005375955952331424
LSTM,multi_output,variance,14,2023-08-05,2023-08-19,7.271064563097273e-05,0.0005401504458859563
LSTM,multi_output,variance,14,2023-08-06,2023-08-20,7.824173525178751e-05,0.0005408761790022254
LSTM,multi_output,variance,14,2023-08-07,2023-08-21,7.951995184335658e-05,0.0005407180869951844
LSTM,multi_output,variance,14,2023-08-08,2023-08-22,0.00015163143703733931,0.0005190463270992041
LSTM,multi_output,variance,14,2023-08-09,2023-08-23,0.00013322797930124714,0.0004944788524881005
LSTM,multi_output,variance,14,2023-08-10,2023-08-24,0.00011996258029397116,0.0004734605026897043
LSTM,multi_output,variance,14,2023-08-11,2023-08-25,0.00011156647897391821,0.0004571904137264937
LSTM,multi_output,variance,14,2023-08-12,2023-08-26,0.00010897692990039453,0.0004401420883368701
LSTM,multi_output,variance,14,2023-08-13,2023-08-27,0.00010901224310894494,0.00041783644701354206
LSTM,multi_output,variance,14,2023-08-14,2023-08-28,0.00013649248900412337,0.00040208976133726537
LSTM,multi_output,variance,14,2023-08-15,2023-08-29,0.00015483505065035216,0.000385300227208063
LSTM,multi_output,variance,14,2023-08-16,2023-08-30,0.0001543154806848623,0.00037209069705568254
LSTM,multi_output,variance,14,2023-08-17,2023-08-31,0.00014779009020219906,0.00036399715463630855
LSTM,multi_output,variance,14,2023-08-18,2023-09-01,0.0001426886957580896,0.00035911481245420873
LSTM,multi_output,variance,14,2023-08-19,2023-09-02,0.00014694360979875044,0.0003574022266548127
LSTM,multi_output,variance,14,2023-08-20,2023-09-03,0.00015129085803526501,0.0003603053919505328
LSTM,multi_output,variance,14,2023-08-21,2023-09-04,0.00022935009456921467,0.0003647861012723297
LSTM,multi_output,variance,14,2023-08-22,2023-09-05,0.000276726194928063,0.0004015695012640208
LSTM,multi_output,variance,14,2023-08-23,2023-09-06,0.0002790904220727402,0.00042984317406080663
LSTM,multi_output,variance,14,2023-08-24,2023-09-07,0.00027489549671895345,0.00043967165402136743
LSTM,multi_output,variance,14,2023-08-25,2023-09-08,0.00028330939263897513,0.00043489757808856666
LSTM,multi_output,variance,14,2023-08-26,2023-09-09,0.0002754632998991001,0.0004262850561644882
LSTM,multi_output,variance,14,2023-08-27,2023-09-10,0.0002713695421940814,0.00042203612974844873
LSTM,multi_output,variance,14,2023-08-28,2023-09-11,0.00021782435243145393,0.0004364869964774698
LSTM,multi_output,variance,14,2023-08-29,2023-09-12,0.00022842128146465836,0.0004631422634702176
LSTM,multi_output,variance,14,2023-08-30,2023-09-13,0.00023710147034273002,0.000485122058307752
LSTM,multi_output,variance,14,2023-08-31,2023-09-14,0.00020004732675732388,0.0004932074807584286
LSTM,multi_output,variance,14,2023-09-01,2023-09-15,0.0001753653299908146,0.0004890409763902426
LSTM,multi_output,variance,14,2023-09-02,2023-09-16,0.00017490674414699905,0.0004830283287446946
LSTM,multi_output,variance,14,2023-09-03,2023-09-17,0.00017227144367642561,0.00048133856034837663
LSTM,multi_output,variance,14,2023-09-04,2023-09-18,0.00014747519878003396,0.0005194571567699313
LSTM,multi_output,variance,14,2023-09-05,2023-09-19,0.000234623025145279,0.0005826911656185985
LSTM,multi_output,variance,14,2023-09-06,2023-09-20,0.00023466342656615943,0.0006349817849695683
LSTM,multi_output,variance,14,2023-09-07,2023-09-21,0.000210334678073935,0.0006610741838812828
LSTM,multi_output,variance,14,2023-09-08,2023-09-22,0.0002123798596343575,0.0006705150008201599
LSTM,multi_output,variance,14,2023-09-09,2023-09-23,0.0002246940607239335,0.0006687913555651903
LSTM,multi_output,variance,14,2023-09-10,2023-09-24,0.0002238126591864298,0.000666862353682518
LSTM,multi_output,variance,14,2023-09-11,2023-09-25,0.00021487360892103117,0.0006469154031947255
LSTM,multi_output,variance,14,2023-09-12,2023-09-26,0.000606349155093807,0.0006363901775330305
LSTM,multi_output,variance,14,2023-09-13,2023-09-27,0.000642483805298411,0.0006390913622453809
LSTM,multi_output,variance,14,2023-09-14,2023-09-28,0.0006899169263853446,0.0006289355223998427
LSTM,multi_output,variance,14,2023-09-15,2023-09-29,0.0006526537878025389,0.0006031151860952377
LSTM,multi_output,variance,14,2023-09-16,2023-09-30,0.0006300505221724912,0.0005751129938289523
LSTM,multi_output,variance,14,2023-09-17,2023-10-01,0.0006394715613091471,0.0005506131565198302
LSTM,multi_output,variance,14,2023-09-18,2023-10-02,0.0006394715613091471,0.0005216471618041396
LSTM,multi_output,variance,14,2023-09-19,2023-10-03,0.0008929586378093965,0.0005389534635469317
LSTM,multi_output,variance,14,2023-09-20,2023-10-04,0.0008899873263008679,0.0005656569264829159
LSTM,multi_output,variance,14,2023-09-21,2023-10-05,0.0008365401705632375,0.0005736796883866191
LSTM,multi_output,variance,14,2023-09-22,2023-10-06,0.0008033361287065262,0.0005698153981938958
LSTM,multi_output,variance,14,2023-09-23,2023-10-07,0.0007754433396848715,0.0005676617147400975
LSTM,multi_output,variance,14,2023-09-24,2023-10-08,0.000761486602733201,0.0005691281985491514
LSTM,multi_output,variance,14,2023-09-25,2023-10-09,0.0007597507857682369,0.0005713008577004075
LSTM,multi_output,variance,14,2023-09-26,2023-10-10,0.0005752876132009871,0.000757256057113409
LSTM,multi_output,variance,14,2023-09-27,2023-10-11,0.000566825591101747,0.0009673253516666591
LSTM,multi_output,variance,14,2023-09-28,2023-10-12,0.0005496950161238724,0.0011333938455209136
LSTM,multi_output,variance,14,2023-09-29,2023-10-13,0.0005869637842570704,0.0011947540333494544
LSTM,multi_output,variance,14,2023-09-30,2023-10-14,0.0006300811004854004,0.001181292929686606
LSTM,multi_output,variance,14,2023-10-01,2023-10-15,0.0006238728756948235,0.0011628455249592662
LSTM,multi_output,variance,14,2023-10-02,2023-10-16,0.0005814928760014849,0.0011774777667596936
LSTM,multi_output,variance,14,2023-10-03,2023-10-17,0.00048148361449023826,0.0013469780096784234
LSTM,multi_output,variance,14,2023-10-04,2023-10-18,0.0004738329356074368,0.0015336308861151338
LSTM,multi_output,variance,14,2023-10-05,2023-10-19,0.00047181146145995736,0.001646478776820004
LSTM,multi_output,variance,14,2023-10-06,2023-10-20,0.0004729285660339617,0.0016742033185437322
LSTM,multi_output,variance,14,2023-10-07,2023-10-21,0.0004374093218738855,0.0016443947097286582
LSTM,multi_output,variance,14,2023-10-08,2023-10-22,0.0004154788721162042,0.0016013106796890497
LSTM,multi_output,variance,14,2023-10-09,2023-10-23,0.0004568701860475763,0.0015809412579983473
LSTM,multi_output,variance,14,2023-10-10,2023-10-24,0.002326625658999363,0.0014955345541238785
LSTM,multi_output,variance,14,2023-10-11,2023-10-25,0.002367027251880728,0.001412477227859199
LSTM,multi_output,variance,14,2023-10-12,2023-10-26,0.002326792520895336,0.0013435648288577795
LSTM,multi_output,variance,14,2023-10-13,2023-10-27,0.0024082027998961475,0.0013121109222993255
LSTM,multi_output,variance,14,2023-10-14,2023-10-28,0.0022887113804897536,0.001310253981500864
LSTM,multi_output,variance,14,2023-10-15,2023-10-29,0.0022219537735702942,0.0012935441918671131
LSTM,multi_output,variance,14,2023-10-16,2023-10-30,0.0024187942425720776,0.0012405687011778355
LSTM,multi_output,variance,14,2023-10-17,2023-10-31,0.0035504041255830826,0.001113110571168363
LSTM,multi_output,variance,14,2023-10-18,2023-11-01,0.003556723854263085,0.0009816307574510574
LSTM,multi_output,variance,14,2023-10-19,2023-11-02,0.0033968165992652147,0.0008880956447683275
LSTM,multi_output,variance,14,2023-10-20,2023-11-03,0.003113204657069469,0.0008503778954036534
LSTM,multi_output,variance,14,2023-10-21,2023-11-04,0.002950010428996133,0.0008418153156526387
LSTM,multi_output,variance,14,2023-10-22,2023-11-05,0.002778143245212416,0.0008427977445535362
LSTM,multi_output,variance,14,2023-10-23,2023-11-06,0.0029115795715604896,0.0008709127432666719
LSTM,multi_output,variance,14,2023-10-24,2023-11-07,0.004532434083815537,0.0017961146077141166
LSTM,multi_output,variance,14,2023-10-25,2023-11-08,0.006866491923495651,0.002729094820097089
LSTM,multi_output,variance,14,2023-10-26,2023-11-09,0.006302354882784801,0.003154508303850889
LSTM,multi_output,variance,14,2023-10-27,2023-11-10,0.006302354882784801,0.003069329308345914
LSTM,multi_output,variance,14,2023-10-28,2023-11-11,0.006087987171795348,0.0026928132865577936
LSTM,multi_output,variance,14,2023-10-29,2023-11-12,0.005764543417066962,0.0023822018411010504
LSTM,multi_output,variance,14,2023-10-30,2023-11-13,0.005784915557782489,0.002359561389312148
LSTM,multi_output,variance,14,2023-10-31,2023-11-14,0.006466968942572113,0.002916585886850953
LSTM,multi_output,variance,14,2023-11-01,2023-11-15,0.006544576718325881,0.003324249992147088
LSTM,multi_output,variance,14,2023-11-02,2023-11-16,0.0061325646012167995,0.0034010845702141523
LSTM,multi_output,variance,14,2023-11-03,2023-11-17,0.005651271282794902,0.0031986820977181196
LSTM,multi_output,variance,14,2023-11-04,2023-11-18,0.005144009578300682,0.002874308731406927
LSTM,multi_output,variance,14,2023-11-05,2023-11-19,0.0049435952911992724,0.0025388712529093027
LSTM,multi_output,variance,14,2023-11-06,2023-11-20,0.005326693471476779,0.0024023347068578005
LSTM,multi_output,variance,14,2023-11-07,2023-11-21,0.007045119651666161,0.0031683631241321564
LSTM,multi_output,variance,14,2023-11-08,2023-11-22,0.006638944352843266,0.006659872829914093
LSTM,multi_output,variance,14,2023-11-09,2023-11-23,0.006449573455375175,0.008741061203181744
LSTM,multi_output,variance,14,2023-11-10,2023-11-24,0.006103979208405871,0.009805186651647091
LSTM,multi_output,variance,14,2023-11-11,2023-11-25,0.005335581060778976,0.01040791068226099
LSTM,multi_output,variance,14,2023-11-12,2023-11-26,0.004833963564434694,0.010690887458622456
LSTM,multi_output,variance,14,2023-11-13,2023-11-27,0.0044179930773674166,0.010868477635085583
LSTM,multi_output,variance,14,2023-11-14,2023-11-28,0.007121497827241561,0.011208457872271538
LSTM,multi_output,variance,14,2023-11-15,2023-11-29,0.00743543893761968,0.011379227042198181
LSTM,multi_output,variance,14,2023-11-16,2023-11-30,0.007051408807597839,0.011268498376011848
LSTM,multi_output,variance,14,2023-11-17,2023-12-01,0.006819459958299832,0.010877327993512154
LSTM,multi_output,variance,14,2023-11-18,2023-12-02,0.006682875365397521,0.01010152604430914
LSTM,multi_output,variance,14,2023-11-19,2023-12-03,0.006461061053259893,0.008966254070401192
LSTM,multi_output,variance,14,2023-11-20,2023-12-04,0.0064424057833106195,0.008430839516222477
LSTM,multi_output,variance,14,2023-11-21,2023-12-05,0.01386162050984279,0.008420399390161037
LSTM,multi_output,variance,14,2023-11-22,2023-12-06,0.014733314538373307,0.007754722610116005
LSTM,multi_output,variance,14,2023-11-23,2023-12-07,0.01464720912899006,0.006817230023443699
LSTM,multi_output,variance,14,2023-11-24,2023-12-08,0.014807630902304534,0.005741993896663189
LSTM,multi_output,variance,14,2023-11-25,2023-12-09,0.014615998835686242,0.00472494401037693
LSTM,multi_output,variance,14,2023-11-26,2023-12-10,0.014761220987831213,0.003978738561272621
LSTM,multi_output,variance,14,2023-11-27,2023-12-11,0.01461860026247642,0.0034825820475816727
LSTM,multi_output,variance,14,2023-11-28,2023-12-12,0.014941647455265002,0.004186782520264387
LSTM,multi_output,variance,14,2023-11-29,2023-12-13,0.016095311675156095,0.004721473902463913
LSTM,multi_output,variance,14,2023-11-30,2023-12-14,0.016517498158083437,0.005020685028284788
LSTM,multi_output,variance,14,2023-12-01,2023-12-15,0.01678542149933898,0.005191261414438486
LSTM,multi_output,variance,14,2023-12-02,2023-12-16,0.017495506507940402,0.0052878037095069885
LSTM,multi_output,variance,14,2023-12-03,2023-12-17,0.018359489248674435,0.005361918359994888
LSTM,multi_output,variance,14,2023-12-04,2023-12-18,0.020156902205652395,0.005574572365731001
LSTM,multi_output,variance,14,2023-12-05,2023-12-19,0.008963707714350658,0.008372859098017216
LSTM,multi_output,variance,14,2023-12-06,2023-12-20,0.00711689341658573,0.010652408935129642
LSTM,multi_output,variance,14,2023-12-07,2023-12-21,0.007517494053368169,0.012415003962814808
LSTM,multi_output,variance,14,2023-12-08,2023-12-22,0.008392024072682604,0.013463886454701424
LSTM,multi_output,variance,14,2023-12-09,2023-12-23,0.008953787347405474,0.01389671303331852
LSTM,multi_output,variance,14,2023-12-10,2023-12-24,0.009105152415718302,0.013955379836261272
LSTM,multi_output,variance,14,2023-12-11,2023-12-25,0.008282130307594261,0.013601538725197315
LSTM,multi_output,variance,14,2023-12-12,2023-12-26,0.0020113465048703532,0.013137578032910824
LSTM,multi_output,variance,14,2023-12-13,2023-12-27,0.0018410522415078312,0.012863347306847572
LSTM,multi_output,variance,14,2023-12-14,2023-12-28,0.002019814239796979,0.012690937146544456
LSTM,multi_output,variance,14,2023-12-15,2023-12-29,0.0024299302550433214,0.012704551219940186
LSTM,multi_output,variance,14,2023-12-16,2023-12-30,0.0023222944838322923,0.012855073437094688
LSTM,multi_output,variance,14,2023-12-17,2023-12-31,0.0025479636978601007,0.013016991317272186
LSTM,multi_output,variance,14,2023-12-18,2024-01-01,0.0025479636978601007,0.013429095968604088
LSTM,multi_output,variance,14,2023-12-19,2024-01-02,0.0022849540751350315,0.011463172733783722
LSTM,multi_output,variance,14,2023-12-20,2024-01-03,0.007776752602378338,0.010830432176589966
LSTM,multi_output,variance,14,2023-12-21,2024-01-04,0.008513044684147125,0.010219377465546131
LSTM,multi_output,variance,14,2023-12-22,2024-01-05,0.00875527598737923,0.009825012646615505
LSTM,multi_output,variance,14,2023-12-23,2024-01-06,0.008300855185933704,0.009622955694794655
LSTM,multi_output,variance,14,2023-12-24,2024-01-07,0.009098881736502673,0.009282140992581844
LSTM,multi_output,variance,14,2023-12-25,2024-01-08,0.010302676209616257,0.008205385878682137
LSTM,multi_output,variance,14,2023-12-26,2024-01-09,0.009254107790123032,0.004501148592680693
LSTM,multi_output,variance,14,2023-12-27,2024-01-10,0.00943105717515276,0.0019387948559597135
LSTM,multi_output,variance,14,2023-12-28,2024-01-11,0.009107329898329148,0.0008845462580211461
LSTM,multi_output,variance,14,2023-12-29,2024-01-12,0.01006383238041389,0.0006184974918141961
LSTM,multi_output,variance,14,2023-12-30,2024-01-13,0.011078545227567719,0.0004731310473289341
LSTM,multi_output,variance,14,2023-12-31,2024-01-14,0.011078545227567719,0.00041073685861192644
LSTM,multi_output,variance,14,2024-01-01,2024-01-15,0.009876347764990764,0.00038869419950060546
LSTM,multi_output,variance,14,2024-01-02,2024-01-16,0.009173524501162886,0.0003899801231455058
LSTM,multi_output,variance,14,2024-01-03,2024-01-17,0.002291764212101642,0.0019955120515078306
LSTM,multi_output,variance,14,2024-01-04,2024-01-18,0.002070680574081249,0.003235144540667534
LSTM,multi_output,variance,14,2024-01-05,2024-01-19,0.001904382876444147,0.0041533708572387695
LSTM,multi_output,variance,14,2024-01-06,2024-01-20,0.0017373894656719459,0.004980319645255804
LSTM,multi_output,variance,14,2024-01-07,2024-01-21,0.001896301953828873,0.006234669592231512
LSTM,multi_output,variance,14,2024-01-08,2024-01-22,0.001813649031606752,0.007603654637932777
LSTM,multi_output,variance,14,2024-01-09,2024-01-23,0.0018962311819938303,0.008603074587881565
LSTM,multi_output,variance,14,2024-01-10,2024-01-24,0.0018914832491605984,0.009913039393723011
LSTM,multi_output,variance,14,2024-01-11,2024-01-25,0.001699086466725697,0.011143820360302925
LSTM,multi_output,variance,14,2024-01-12,2024-01-26,0.001699086466725697,0.012569050304591656
LSTM,multi_output,variance,14,2024-01-13,2024-01-27,0.0012348420939963895,0.014069324359297752
LSTM,multi_output,variance,14,2024-01-14,2024-01-28,0.0012348420939963895,0.01426717359572649
LSTM,multi_output,variance,14,2024-01-15,2024-01-29,0.0012434337360462456,0.013960462063550949
LSTM,multi_output,variance,14,2024-01-16,2024-01-30,0.0006950486595035895,0.01365251187235117
LSTM,multi_output,variance,14,2024-01-17,2024-01-31,0.0004783364715494947,0.01082255132496357
LSTM,multi_output,variance,14,2024-01-18,2024-02-01,0.0005207185266750876,0.007742059882730246
LSTM,multi_output,variance,28,2023-05-01,2023-05-29,0.0005165039138387742,0.006647929083555937
LSTM,multi_output,variance,28,2023-05-02,2023-05-30,0.000396534719328378,0.006331741344183683
LSTM,multi_output,variance,28,2023-05-03,2023-05-31,0.0003612216101206669,0.00626731151714921
LSTM,multi_output,variance,28,2023-05-04,2023-06-01,0.00036779103154906064,0.006614535581320524
LSTM,multi_output,variance,28,2023-05-05,2023-06-02,0.0003706641551886727,0.007073508575558662
LSTM,multi_output,variance,28,2023-05-06,2023-06-03,0.00037567529558119126,0.007551012560725212
LSTM,multi_output,variance,28,2023-05-07,2023-06-04,0.00037879015378993196,0.007899715565145016
LSTM,multi_output,variance,28,2023-05-08,2023-06-05,0.00031668612824860325,0.008119739592075348
LSTM,multi_output,variance,28,2023-05-09,2023-06-06,8.242633513760308e-05,0.008229526691138744
LSTM,multi_output,variance,28,2023-05-10,2023-06-07,9.624188303081485e-05,0.008308359421789646
LSTM,multi_output,variance,28,2023-05-11,2023-06-08,0.00010380435104511207,0.008415758609771729
LSTM,multi_output,variance,28,2023-05-12,2023-06-09,0.00010747163506636533,0.00867330189794302
LSTM,multi_output,variance,28,2023-05-13,2023-06-10,0.00010446051684804562,0.008997330442070961
LSTM,multi_output,variance,28,2023-05-14,2023-06-11,0.00010479076615257291,0.009447469376027584
LSTM,multi_output,variance,28,2023-05-15,2023-06-12,0.00010474173474624883,0.009805993176996708
LSTM,multi_output,variance,28,2023-05-16,2023-06-13,6.469446961682607e-05,0.009665945544838905
LSTM,multi_output,variance,28,2023-05-17,2023-06-14,9.423757255570466e-05,0.00949488952755928
LSTM,multi_output,variance,28,2023-05-18,2023-06-15,0.00012100580670343002,0.008790376596152782
LSTM,multi_output,variance,28,2023-05-19,2023-06-16,0.00014281659105401434,0.008205450139939785
LSTM,multi_output,variance,28,2023-05-20,2023-06-17,0.00014074980416563975,0.007801756262779236
LSTM,multi_output,variance,28,2023-05-21,2023-06-18,0.0001406241991228432,0.007538084872066975
LSTM,multi_output,variance,28,2023-05-22,2023-06-19,0.0001386858046172259,0.007392442785203457
LSTM,multi_output,variance,28,2023-05-23,2023-06-20,0.00011760469988271101,0.00681952852755785
LSTM,multi_output,variance,28,2023-05-24,2023-06-21,0.000120034800592035,0.006306810770183802
LSTM,multi_output,variance,28,2023-05-25,2023-06-22,0.00012387075776166634,0.0059790341183543205
LSTM,multi_output,variance,28,2023-05-26,2023-06-23,0.0001257714385614887,0.005772094242274761
LSTM,multi_output,variance,28,2023-05-27,2023-06-24,0.0001358986254905031,0.0056182341650128365
LSTM,multi_output,variance,28,2023-05-28,2023-06-25,0.0001296025800320577,0.005451719742268324
LSTM,multi_output,variance,28,2023-05-29,2023-06-26,0.00010938329996854319,0.005096285603940487
LSTM,multi_output,variance,28,2023-05-30,2023-06-27,0.00012150273778285357,0.004117954988032579
LSTM,multi_output,variance,28,2023-05-31,2023-06-28,0.00011365301432943044,0.002785540884360671
LSTM,multi_output,variance,28,2023-06-01,2023-06-29,0.00010157736211233028,0.0018361360998824239
LSTM,multi_output,variance,28,2023-06-02,2023-06-30,8.369138246784943e-05,0.0013435051077976823
LSTM,multi_output,variance,28,2023-06-03,2023-07-01,8.281965861820725e-05,0.0011182952439412475
LSTM,multi_output,variance,28,2023-06-04,2023-07-02,8.309215793671043e-05,0.0008471184992231429
LSTM,multi_output,variance,28,2023-06-05,2023-07-03,7.430987919036254e-05,0.0005350187420845032
LSTM,multi_output,variance,28,2023-06-06,2023-07-04,9.421657124288995e-05,0.0003540940524544567
LSTM,multi_output,variance,28,2023-06-07,2023-07-05,8.768492552391355e-05,0.00038873296580277383
LSTM,multi_output,variance,28,2023-06-08,2023-07-06,8.072378920634389e-05,0.0005084157455712557
LSTM,multi_output,variance,28,2023-06-09,2023-07-07,8.099134228211503e-05,0.0005670583341270685
LSTM,multi_output,variance,28,2023-06-10,2023-07-08,7.73546532432404e-05,0.0005341590149328113
LSTM,multi_output,variance,28,2023-06-11,2023-07-09,7.991587560407396e-05,0.000513580278493464
LSTM,multi_output,variance,28,2023-06-12,2023-07-10,7.838855917153161e-05,0.000512892147526145
LSTM,multi_output,variance,28,2023-06-13,2023-07-11,4.110197372174843e-05,0.0004878634063061327
LSTM,multi_output,variance,28,2023-06-14,2023-07-12,4.295705493103402e-05,0.0004755797272082418
LSTM,multi_output,variance,28,2023-06-15,2023-07-13,4.381126794360352e-05,0.00047992830513976514
LSTM,multi_output,variance,28,2023-06-16,2023-07-14,4.930382379909738e-05,0.0004983582766726613
LSTM,multi_output,variance,28,2023-06-17,2023-07-15,5.165058902079529e-05,0.0005159683059900999
LSTM,multi_output,variance,28,2023-06-18,2023-07-16,5.2713073233251855e-05,0.0005290027474984527
LSTM,multi_output,variance,28,2023-06-19,2023-07-17,5.085755326524275e-05,0.0005342239746823907
LSTM,multi_output,variance,28,2023-06-20,2023-07-18,2.2425920283682633e-05,0.0005251785041764379
LSTM,multi_output,variance,28,2023-06-21,2023-07-19,2.2270049090947326e-05,0.0005173052195459604
LSTM,multi_output,variance,28,2023-06-22,2023-07-20,2.3170543472659755e-05,0.0005146657349541783
LSTM,multi_output,variance,28,2023-06-23,2023-07-21,2.310975956974895e-05,0.000516585074365139
LSTM,multi_output,variance,28,2023-06-24,2023-07-22,2.3139638278931333e-05,0.0005242220358923078
LSTM,multi_output,variance,28,2023-06-25,2023-07-23,2.478480415949975e-05,0.0005274534923955798
LSTM,multi_output,variance,28,2023-06-26,2023-07-24,2.8139717463203465e-05,0.0005188792711123824
LSTM,multi_output,variance,28,2023-06-27,2023-07-25,7.142798415736174e-05,0.0005146461771801114
LSTM,multi_output,variance,28,2023-06-28,2023-07-26,8.235936714938586e-05,0.0005083938594907522
LSTM,multi_output,variance,28,2023-06-29,2023-07-27,9.128063129160166e-05,0.0005003273254260421
LSTM,multi_output,variance,28,2023-06-30,2023-07-28,9.506478387373946e-05,0.0004890755517408252
LSTM,multi_output,variance,28,2023-07-01,2023-07-29,0.00010580842722636319,0.00048239060561172664
LSTM,multi_output,variance,28,2023-07-02,2023-07-30,0.00011934129099542907,0.00047984832781367004
LSTM,multi_output,variance,28,2023-07-03,2023-07-31,0.00012883436723465765,0.0004759664589073509
LSTM,multi_output,variance,28,2023-07-04,2023-08-01,0.00018365613183454166,0.0004814590502064675
LSTM,multi_output,variance,28,2023-07-05,2023-08-02,0.000185023988470554,0.00048291482380591333
LSTM,multi_output,variance,28,2023-07-06,2023-08-03,0.00018488517508017052,0.00047997405636124313
LSTM,multi_output,variance,28,2023-07-07,2023-08-04,0.00018375088880091134,0.00047668031766079366
LSTM,multi_output,variance,28,2023-07-08,2023-08-05,0.00018377196645002374,0.0004726915794890374
LSTM,multi_output,variance,28,2023-07-09,2023-08-06,0.00018383142567923402,0.0004716224211733788
LSTM,multi_output,variance,28,2023-07-10,2023-08-07,0.0001784317145476015,0.00047155815991573036
LSTM,multi_output,variance,28,2023-07-11,2023-08-08,0.00012779073808994002,0.0004575820348691195
LSTM,multi_output,variance,28,2023-07-12,2023-08-09,0.00012122449230434965,0.0004483139782678336
LSTM,multi_output,variance,28,2023-07-13,2023-08-10,0.00011394510416389328,0.00044363303459249437
LSTM,multi_output,variance,28,2023-07-14,2023-08-11,0.00010698230582982533,0.00044464165694080293
LSTM,multi_output,variance,28,2023-07-15,2023-08-12,9.323903648804923e-05,0.00044772165711037815
LSTM,multi_output,variance,28,2023-07-16,2023-08-13,7.626276289023492e-05,0.0004501336661633104
LSTM,multi_output,variance,28,2023-07-17,2023-08-14,8.581592535690787e-05,0.00044980327947996557
LSTM,multi_output,variance,28,2023-07-18,2023-08-15,7.23481925503755e-05,0.00043675172491930425
LSTM,multi_output,variance,28,2023-07-19,2023-08-16,7.23481737697382e-05,0.00042643476626835763
LSTM,multi_output,variance,28,2023-07-20,2023-08-17,7.390151364585568e-05,0.00042107058106921613
LSTM,multi_output,variance,28,2023-07-21,2023-08-18,7.204749658350661e-05,0.0004201732517685741
LSTM,multi_output,variance,28,2023-07-22,2023-08-19,7.271064563097273e-05,0.00042196662980131805
LSTM,multi_output,variance,28,2023-07-23,2023-08-20,7.824173525178751e-05,0.00042471461347304285
LSTM,multi_output,variance,28,2023-07-24,2023-08-21,7.951995184335658e-05,0.00042739170021377504
LSTM,multi_output,variance,28,2023-07-25,2023-08-22,0.00015163143703733931,0.0004452137218322605
LSTM,multi_output,variance,28,2023-07-26,2023-08-23,0.00013322797930124714,0.0004614453937392682
LSTM,multi_output,variance,28,2023-07-27,2023-08-24,0.00011996258029397116,0.0004740681906696409
LSTM,multi_output,variance,28,2023-07-28,2023-08-25,0.00011156647897391821,0.0004812922270502895
LSTM,multi_output,variance,28,2023-07-29,2023-08-26,0.00010897692990039453,0.00048806608538143337
LSTM,multi_output,variance,28,2023-07-30,2023-08-27,0.00010901224310894494,0.0004973339382559061
LSTM,multi_output,variance,28,2023-07-31,2023-08-28,0.00013649248900412337,0.0005078419344499707
LSTM,multi_output,variance,28,2023-08-01,2023-08-29,0.00015483505065035216,0.0005375304026529193
LSTM,multi_output,variance,28,2023-08-02,2023-08-30,0.0001543154806848623,0.0005595032125711441
LSTM,multi_output,variance,28,2023-08-03,2023-08-31,0.00014779009020219906,0.0005717318272218108
LSTM,multi_output,variance,28,2023-08-04,2023-09-01,0.0001426886957580896,0.0005752211436629295
LSTM,multi_output,variance,28,2023-08-05,2023-09-02,0.00014694360979875044,0.0005742271896451712
LSTM,multi_output,variance,28,2023-08-06,2023-09-03,0.00015129085803526501,0.000572647899389267
LSTM,multi_output,variance,28,2023-08-07,2023-09-04,0.00022935009456921467,0.0005705183139070868
LSTM,multi_output,variance,28,2023-08-08,2023-09-05,0.000276726194928063,0.0005502651911228895
LSTM,multi_output,variance,28,2023-08-09,2023-09-06,0.0002790904220727402,0.0005336294416338205
LSTM,multi_output,variance,28,2023-08-10,2023-09-07,0.00027489549671895345,0.0005211444804444909
LSTM,multi_output,variance,28,2023-08-11,2023-09-08,0.00028330939263897513,0.0005123203154653311
LSTM,multi_output,variance,28,2023-08-12,2023-09-09,0.0002754632998991001,0.0005024714628234506
LSTM,multi_output,variance,28,2023-08-13,2023-09-10,0.0002713695421940814,0.0004890126874670386
LSTM,multi_output,variance,28,2023-08-14,2023-09-11,0.00021782435243145393,0.00048311028513126075
LSTM,multi_output,variance,28,2023-08-15,2023-09-12,0.00022842128146465836,0.0004744147590827197
LSTM,multi_output,variance,28,2023-08-16,2023-09-13,0.00023710147034273002,0.00046885557821951807
LSTM,multi_output,variance,28,2023-08-17,2023-09-14,0.00020004732675732388,0.00046649700379930437
LSTM,multi_output,variance,28,2023-08-18,2023-09-15,0.0001753653299908146,0.00046516311704181135
LSTM,multi_output,variance,28,2023-08-19,2023-09-16,0.00017490674414699905,0.0004652959469240159
LSTM,multi_output,variance,28,2023-08-20,2023-09-17,0.00017227144367642561,0.0004681326390709728
LSTM,multi_output,variance,28,2023-08-21,2023-09-18,0.00014747519878003396,0.00047100099618546665
LSTM,multi_output,variance,28,2023-08-22,2023-09-19,0.000234623025145279,0.0005017555085942149
LSTM,multi_output,variance,28,2023-08-23,2023-09-20,0.00023466342656615943,0.0005168173229321837
LSTM,multi_output,variance,28,2023-08-24,2023-09-21,0.000210334678073935,0.00051827949937433
LSTM,multi_output,variance,28,2023-08-25,2023-09-22,0.0002123798596343575,0.0005113735096529126
LSTM,multi_output,variance,28,2023-08-26,2023-09-23,0.0002246940607239335,0.0005035456269979477
LSTM,multi_output,variance,28,2023-08-27,2023-09-24,0.0002238126591864298,0.0004995701601728797
LSTM,multi_output,variance,28,2023-08-28,2023-09-25,0.00021487360892103117,0.0005111002828925848
LSTM,multi_output,variance,28,2023-08-29,2023-09-26,0.000606349155093807,0.000529963755980134
LSTM,multi_output,variance,28,2023-08-30,2023-09-27,0.000642483805298411,0.0005431269528344274
LSTM,multi_output,variance,28,2023-08-31,2023-09-28,0.0006899169263853446,0.0005460329120978713
LSTM,multi_output,variance,28,2023-09-01,2023-09-29,0.0006526537878025389,0.0005412698956206441
LSTM,multi_output,variance,28,2023-09-02,2023-09-30,0.0006300505221724912,0.0005368158454075456
LSTM,multi_output,variance,28,2023-09-03,2023-10-01,0.0006394715613091471,0.0005358584458008409
LSTM,multi_output,variance,28,2023-09-04,2023-10-02,0.0006394715613091471,0.0005691183032467961
LSTM,multi_output,variance,28,2023-09-05,2023-10-03,0.0008929586378093965,0.0006159537006169558
LSTM,multi_output,variance,28,2023-09-06,2023-10-04,0.0008899873263008679,0.000649142311885953
LSTM,multi_output,variance,28,2023-09-07,2023-10-05,0.0008365401705632375,0.0006634106393903494
LSTM,multi_output,variance,28,2023-09-08,2023-10-06,0.0008033361287065262,0.0006684784311801195
LSTM,multi_output,variance,28,2023-09-09,2023-10-07,0.0007754433396848715,0.000664676888845861
LSTM,multi_output,variance,28,2023-09-10,2023-10-08,0.000761486602733201,0.00066044379491359
LSTM,multi_output,variance,28,2023-09-11,2023-10-09,0.0007597507857682369,0.0006390874041244388
LSTM,multi_output,variance,28,2023-09-12,2023-10-10,0.0005752876132009871,0.0006311372853815556
LSTM,multi_output,variance,28,2023-09-13,2023-10-11,0.000566825591101747,0.0006337525555863976
LSTM,multi_output,variance,28,2023-09-14,2023-10-12,0.0005496950161238724,0.000623376457951963
LSTM,multi_output,variance,28,2023-09-15,2023-10-13,0.0005869637842570704,0.0006038331193849444
LSTM,multi_output,variance,28,2023-09-16,2023-10-14,0.0006300811004854004,0.0005866650026291609
LSTM,multi_output,variance,28,2023-09-17,2023-10-15,0.0006238728756948235,0.0005729467375203967
LSTM,multi_output,variance,28,2023-09-18,2023-10-16,0.0005814928760014849,0.0005548669723793864
LSTM,multi_output,variance,28,2023-09-19,2023-10-17,0.00048148361449023826,0.0005792948650196195
LSTM,multi_output,variance,28,2023-09-20,2023-10-18,0.0004738329356074368,0.0006012151716277003
LSTM,multi_output,variance,28,2023-09-21,2023-10-19,0.00047181146145995736,0.0006055549019947648
LSTM,multi_output,variance,28,2023-09-22,2023-10-20,0.0004729285660339617,0.0006041483720764518
LSTM,multi_output,variance,28,2023-09-23,2023-10-21,0.0004374093218738855,0.000604847096838057
LSTM,multi_output,variance,28,2023-09-24,2023-10-22,0.0004154788721162042,0.0006054210243746638
LSTM,multi_output,variance,28,2023-09-25,2023-10-23,0.0004568701860475763,0.0006044685142114758
LSTM,multi_output,variance,28,2023-09-26,2023-10-24,0.002326625658999363,0.0007672623032703996
LSTM,multi_output,variance,28,2023-09-27,2023-10-25,0.002367027251880728,0.0009145978838205338
LSTM,multi_output,variance,28,2023-09-28,2023-10-26,0.002326792520895336,0.0010322900488972664
LSTM,multi_output,variance,28,2023-09-29,2023-10-27,0.0024082027998961475,0.0010819528251886368
LSTM,multi_output,variance,28,2023-09-30,2023-10-28,0.0022887113804897536,0.001091247540898621
LSTM,multi_output,variance,28,2023-10-01,2023-10-29,0.0022219537735702942,0.001097442931495607
LSTM,multi_output,variance,28,2023-10-02,2023-10-30,0.0024187942425720776,0.0011078669922426343
LSTM,multi_output,variance,28,2023-10-03,2023-10-31,0.0035504041255830826,0.00123719428665936
LSTM,multi_output,variance,28,2023-10-04,2023-11-01,0.003556723854263085,0.001364535535685718
LSTM,multi_output,variance,28,2023-10-05,2023-11-02,0.0033968165992652147,0.0014439898077398539
LSTM,multi_output,variance,28,2023-10-06,2023-11-03,0.003113204657069469,0.0014694170095026493
LSTM,multi_output,variance,28,2023-10-07,2023-11-04,0.002950010428996133,0.0014516091905534267
LSTM,multi_output,variance,28,2023-10-08,2023-11-05,0.002778143245212416,0.0014172076480463147
LSTM,multi_output,variance,28,2023-10-09,2023-11-06,0.0029115795715604896,0.001387814641930163
LSTM,multi_output,variance,28,2023-10-10,2023-11-07,0.004532434083815537,0.0012885092291980982
LSTM,multi_output,variance,28,2023-10-11,2023-11-08,0.006866491923495651,0.0012035587569698691
LSTM,multi_output,variance,28,2023-10-12,2023-11-09,0.006302354882784801,0.001137048820964992
LSTM,multi_output,variance,28,2023-10-13,2023-11-10,0.006302354882784801,0.0011117359390482306
LSTM,multi_output,variance,28,2023-10-14,2023-11-11,0.006087987171795348,0.001115448772907257
LSTM,multi_output,variance,28,2023-10-15,2023-11-12,0.005764543417066962,0.001110309618525207
LSTM,multi_output,variance,28,2023-10-16,2023-11-13,0.005784915557782489,0.001073468360118568
LSTM,multi_output,variance,28,2023-10-17,2023-11-14,0.006466968942572113,0.000997875235043466
LSTM,multi_output,variance,28,2023-10-18,2023-11-15,0.006544576718325881,0.0009387252503074706
LSTM,multi_output,variance,28,2023-10-19,2023-11-16,0.0061325646012167995,0.0009072472457773983
LSTM,multi_output,variance,28,2023-10-20,2023-11-17,0.005651271282794902,0.0009032503003254533
LSTM,multi_output,variance,28,2023-10-21,2023-11-18,0.005144009578300682,0.0009014491806738079
LSTM,multi_output,variance,28,2023-10-22,2023-11-19,0.0049435952911992724,0.0008959220722317696
LSTM,multi_output,variance,28,2023-10-23,2023-11-20,0.005326693471476779,0.0009002012084238231
LSTM,multi_output,variance,28,2023-10-24,2023-11-21,0.007045119651666161,0.001712137134745717
LSTM,multi_output,variance,28,2023-10-25,2023-11-22,0.006638944352843266,0.0024562228936702013
LSTM,multi_output,variance,28,2023-10-26,2023-11-23,0.006449573455375175,0.002861104905605316
LSTM,multi_output,variance,28,2023-10-27,2023-11-24,0.006103979208405871,0.0029604576993733644
LSTM,multi_output,variance,28,2023-10-28,2023-11-25,0.005335581060778976,0.003029958112165332
LSTM,multi_output,variance,28,2023-10-29,2023-11-26,0.004833963564434694,0.0033371218014508486
LSTM,multi_output,variance,28,2023-10-30,2023-11-27,0.0044179930773674166,0.0039125471375882626
LSTM,multi_output,variance,28,2023-10-31,2023-11-28,0.007121497827241561,0.0049844831228256226
LSTM,multi_output,variance,28,2023-11-01,2023-11-29,0.00743543893761968,0.0060021826066076756
LSTM,multi_output,variance,28,2023-11-02,2023-11-30,0.007051408807597839,0.006726620718836784
LSTM,multi_output,variance,28,2023-11-03,2023-12-01,0.006819459958299832,0.007084527984261513
LSTM,multi_output,variance,28,2023-11-04,2023-12-02,0.006682875365397521,0.007215188816189766
LSTM,multi_output,variance,28,2023-11-05,2023-12-03,0.006461061053259893,0.0072252871468663216
LSTM,multi_output,variance,28,2023-11-06,2023-12-04,0.0064424057833106195,0.007308612577617168
LSTM,multi_output,variance,28,2023-11-07,2023-12-05,0.01386162050984279,0.008097362704575062
LSTM,multi_output,variance,28,2023-11-08,2023-12-06,0.014733314538373307,0.009838403202593327
LSTM,multi_output,variance,28,2023-11-09,2023-12-07,0.01464720912899006,0.011272035539150238
LSTM,multi_output,variance,28,2023-11-10,2023-12-08,0.014807630902304534,0.012518972158432007
LSTM,multi_output,variance,28,2023-11-11,2023-12-09,0.014615998835686242,0.013461168855428696
LSTM,multi_output,variance,28,2023-11-12,2023-12-10,0.014761220987831213,0.014066494069993496
LSTM,multi_output,variance,28,2023-11-13,2023-12-11,0.01461860026247642,0.014477984048426151
LSTM,multi_output,variance,28,2023-11-14,2023-12-12,0.014941647455265002,0.015038364566862583
LSTM,multi_output,variance,28,2023-11-15,2023-12-13,0.016095311675156095,0.015505527146160603
LSTM,multi_output,variance,28,2023-11-16,2023-12-14,0.016517498158083437,0.01567145250737667
LSTM,multi_output,variance,28,2023-11-17,2023-12-15,0.01678542149933898,0.015501538291573524
LSTM,multi_output,variance,28,2023-11-18,2023-12-16,0.017495506507940402,0.015015196055173874
LSTM,multi_output,variance,28,2023-11-19,2023-12-17,0.018359489248674435,0.014427831396460533
LSTM,multi_output,variance,28,2023-11-20,2023-12-18,0.020156902205652395,0.014160429127514362
LSTM,multi_output,variance,28,2023-11-21,2023-12-19,0.008963707714350658,0.014556790702044964
LSTM,multi_output,variance,28,2023-11-22,2023-12-20,0.00711689341658573,0.014629303477704525
LSTM,multi_output,variance,28,2023-11-23,2023-12-21,0.007517494053368169,0.014046805910766125
LSTM,multi_output,variance,28,2023-11-24,2023-12-22,0.008392024072682604,0.010723822750151157
LSTM,multi_output,variance,28,2023-11-25,2023-12-23,0.008953787347405474,0.006585057359188795
LSTM,multi_output,variance,28,2023-11-26,2023-12-24,0.009105152415718302,0.004092738963663578
LSTM,multi_output,variance,28,2023-11-27,2023-12-25,0.008282130307594261,0.0034103342331945896
LSTM,multi_output,variance,28,2023-11-28,2023-12-26,0.0020113465048703532,0.004335673525929451
LSTM,multi_output,variance,28,2023-11-29,2023-12-27,0.0018410522415078312,0.005047142971307039
LSTM,multi_output,variance,28,2023-11-30,2023-12-28,0.002019814239796979,0.0053375838324427605
LSTM,multi_output,variance,28,2023-12-01,2023-12-29,0.0024299302550433214,0.005097335670143366
LSTM,multi_output,variance,28,2023-12-02,2023-12-30,0.0023222944838322923,0.004765334073454142
LSTM,multi_output,variance,28,2023-12-03,2023-12-31,0.0025479636978601007,0.004782787058502436
LSTM,multi_output,variance,28,2023-12-04,2024-01-01,0.0025479636978601007,0.005681884940713644
LSTM,multi_output,variance,28,2023-12-05,2024-01-02,0.0022849540751350315,0.009866311214864254
LSTM,multi_output,variance,28,2023-12-06,2024-01-03,0.007776752602378338,0.01384805142879486
LSTM,multi_output,variance,28,2023-12-07,2024-01-04,0.008513044684147125,0.015599957667291164
LSTM,multi_output,variance,28,2023-12-08,2024-01-05,0.00875527598737923,0.01624683476984501
LSTM,multi_output,variance,28,2023-12-09,2024-01-06,0.008300855185933704,0.01750786043703556
LSTM,multi_output,variance,28,2023-12-10,2024-01-07,0.009098881736502673,0.01863882876932621
LSTM,multi_output,variance,28,2023-12-11,2024-01-08,0.010302676209616257,0.01842905580997467
LSTM,multi_output,variance,28,2023-12-12,2024-01-09,0.009254107790123032,0.017359307035803795
LSTM,multi_output,variance,28,2023-12-13,2024-01-10,0.00943105717515276,0.01650180108845234
LSTM,multi_output,variance,28,2023-12-14,2024-01-11,0.009107329898329148,0.015851471573114395
LSTM,multi_output,variance,28,2023-12-15,2024-01-12,0.01006383238041389,0.015375027433037758
LSTM,multi_output,variance,28,2023-12-16,2024-01-13,0.011078545227567719,0.01512516476213932
LSTM,multi_output,variance,28,2023-12-17,2024-01-14,0.011078545227567719,0.014982814900577068
LSTM,multi_output,variance,28,2023-12-18,2024-01-15,0.009876347764990764,0.014862529933452606
LSTM,multi_output,variance,28,2023-12-19,2024-01-16,0.009173524501162886,0.01275633554905653
LSTM,multi_output,variance,28,2023-12-20,2024-01-17,0.002291764212101642,0.011023808270692825
LSTM,multi_output,variance,28,2023-12-21,2024-01-18,0.002070680574081249,0.009184407070279121
LSTM,multi_output,variance,28,2023-12-22,2024-01-19,0.001904382876444147,0.005791608709841967
LSTM,multi_output,variance,28,2023-12-23,2024-01-20,0.0017373894656719459,0.002879947191104293
LSTM,multi_output,variance,28,2023-12-24,2024-01-21,0.001896301953828873,0.002365662483498454
LSTM,multi_output,variance,28,2023-12-25,2024-01-22,0.001813649031606752,0.002229179721325636
LSTM,multi_output,variance,28,2023-12-26,2024-01-23,0.0018962311819938303,0.0011670757085084915
LSTM,multi_output,variance,28,2023-12-27,2024-01-24,0.0018914832491605984,0.0006872741505503654
LSTM,multi_output,variance,28,2023-12-28,2024-01-25,0.001699086466725697,0.00038868721458129585
LSTM,multi_output,variance,28,2023-12-29,2024-01-26,0.001699086466725697,0.00022066847304813564
LSTM,multi_output,variance,28,2023-12-30,2024-01-27,0.0012348420939963895,8.987772889668122e-05
LSTM,multi_output,variance,28,2023-12-31,2024-01-28,0.0012348420939963895,1.2828245417040307e-05
LSTM,multi_output,variance,28,2024-01-01,2024-01-29,0.0012434337360462456,-7.275086682057008e-05
LSTM,multi_output,variance,28,2024-01-02,2024-01-30,0.0006950486595035895,-0.00018297394854016602
LSTM,multi_output,variance,28,2024-01-03,2024-01-31,0.0004783364715494947,0.0005978031549602747
LSTM,multi_output,variance,28,2024-01-04,2024-02-01,0.0005207185266750876,0.0011842185631394386
GRU,recursive,mean,14,2023-05-15,2023-05-29,0.042551361925533084,0.12041557740131986
GRU,recursive,mean,14,2023-05-16,2023-05-30,0.04043135449563707,0.089898211756348
GRU,recursive,mean,14,2023-05-17,2023-05-31,0.03795676346336498,0.07955155369963231
GRU,recursive,mean,14,2023-05-18,2023-06-01,0.0373976908582477,0.05096326466491648
GRU,recursive,mean,14,2023-05-19,2023-06-02,0.03690902293726377,0.04565905444861872
GRU,recursive,mean,14,2023-05-20,2023-06-03,0.03622520779966677,0.053245883606535004
GRU,recursive,mean,14,2023-05-21,2023-06-04,0.03448489307368162,0.06275534421439227
GRU,recursive,mean,14,2023-05-22,2023-06-05,0.03225515634722982,0.07008654500711424
GRU,recursive,mean,14,2023-05-23,2023-06-06,0.028847458859593642,0.05763782147950586
GRU,recursive,mean,14,2023-05-24,2023-06-07,0.028145270889968054,0.039812362316232267
GRU,recursive,mean,14,2023-05-25,2023-06-08,0.027810438343931678,0.02835900645349338
GRU,recursive,mean,14,2023-05-26,2023-06-09,0.02761640273894596,0.0279152083405714
GRU,recursive,mean,14,2023-05-27,2023-06-10,0.027761573235458626,0.03034580820894907
GRU,recursive,mean,14,2023-05-28,2023-06-11,0.027631140122086423,0.03644059337435784
GRU,recursive,mean,14,2023-05-29,2023-06-12,0.02762767224760617,0.040863786285022755
GRU,recursive,mean,14,2023-05-30,2023-06-13,0.026644098206145692,0.04167333102815263
GRU,recursive,mean,14,2023-05-31,2023-06-14,0.02504189692726691,0.039142327422493704
GRU,recursive,mean,14,2023-06-01,2023-06-15,0.023385253504520125,0.03912606956731231
GRU,recursive,mean,14,2023-06-02,2023-06-16,0.02142041114707139,0.040785087243670096
GRU,recursive,mean,14,2023-06-03,2023-06-17,0.020512634232813375,0.04247040223041452
GRU,recursive,mean,14,2023-06-04,2023-06-18,0.02026787013347333,0.041210363342482875
GRU,recursive,mean,14,2023-06-05,2023-06-19,0.020176321577711504,0.0369637426798855
GRU,recursive,mean,14,2023-06-06,2023-06-20,0.018046791735304078,0.02891577369685376
GRU,recursive,mean,14,2023-06-07,2023-06-21,0.01782346923076451,0.025113235889274763
GRU,recursive,mean,14,2023-06-08,2023-06-22,0.017466834157230875,0.02491763643950763
GRU,recursive,mean,14,2023-06-09,2023-06-23,0.017089554682335775,0.02677409520403022
GRU,recursive,mean,14,2023-06-10,2023-06-24,0.01693682862194099,0.029953052413113544
GRU,recursive,mean,14,2023-06-11,2023-06-25,0.01640869622741816,0.032743483624277175
GRU,recursive,mean,14,2023-06-12,2023-06-26,0.015725670490165287,0.03504556376966157
GRU,recursive,mean,14,2023-06-13,2023-06-27,0.015951370470315467,0.03462644177422254
GRU,recursive,mean,14,2023-06-14,2023-06-28,0.01704843124923566,0.03120017686918923
GRU,recursive,mean,14,2023-06-15,2023-06-29,0.017797876758688304,0.026309749734023058
GRU,recursive,mean,14,2023-06-16,2023-06-30,0.01877817819159672,0.02055287536259212
GRU,recursive,mean,14,2023-06-17,2023-07-01,0.019028913999890686,0.01688591612642837
GRU,recursive,mean,14,2023-06-18,2023-07-02,0.019183484327958265,0.015974709269655732
GRU,recursive,mean,14,2023-06-19,2023-07-03,0.018556853209503864,0.01686030770821044
GRU,recursive,mean,14,2023-06-20,2023-07-04,0.020850459390244182,0.014490752871208795
GRU,recursive,mean,14,2023-06-21,2023-07-05,0.021286407339735632,0.013563774976387319
GRU,recursive,mean,14,2023-06-22,2023-07-06,0.02164392810426926,0.013422327043694726
GRU,recursive,mean,14,2023-06-23,2023-07-07,0.02163082518330223,0.013592262963870422
GRU,recursive,mean,14,2023-06-24,2023-07-08,0.02120042551741052,0.014200968084136567
GRU,recursive,mean,14,2023-06-25,2023-07-09,0.020921871382180292,0.014193325973678422
GRU,recursive,mean,14,2023-06-26,2023-07-10,0.02064764913305339,0.013364754028848971
GRU,recursive,mean,14,2023-06-27,2023-07-11,0.018759703832617464,0.013763305704130507
GRU,recursive,mean,14,2023-06-28,2023-07-12,0.01825554387776106,0.016632899810707064
GRU,recursive,mean,14,2023-06-29,2023-07-13,0.01815728668450978,0.020182834637865965
GRU,recursive,mean,14,2023-06-30,2023-07-14,0.01766133925586516,0.024193202027513808
GRU,recursive,mean,14,2023-07-01,2023-07-15,0.017142980076093314,0.02662582723886746
GRU,recursive,mean,14,2023-07-02,2023-07-16,0.016451451474528863,0.02759958550455835
GRU,recursive,mean,14,2023-07-03,2023-07-17,0.01614893541158249,0.026097047388014258
GRU,recursive,mean,14,2023-07-04,2023-07-18,0.015398547098749276,0.029392202335499974
GRU,recursive,mean,14,2023-07-05,2023-07-19,0.015337976231806149,0.031979226652317845
GRU,recursive,mean,14,2023-07-06,2023-07-20,0.0151222191476377,0.03348335840607887
GRU,recursive,mean,14,2023-07-07,2023-07-21,0.0151318451527297,0.03340459966073826
GRU,recursive,mean,14,2023-07-08,2023-07-22,0.015154254307802536,0.03159472837727784
GRU,recursive,mean,14,2023-07-09,2023-07-23,0.015521889627311635,0.029394732866066343
GRU,recursive,mean,14,2023-07-10,2023-07-24,0.015734868603895745,0.027360714441367742
GRU,recursive,mean,14,2023-07-11,2023-07-25,0.017499234629100403,0.022397673479005786
GRU,recursive,mean,14,2023-07-12,2023-07-26,0.016882932317259604,0.018834810442147548
GRU,recursive,mean,14,2023-07-13,2023-07-27,0.016304484167451897,0.01735107448919461
GRU,recursive,mean,14,2023-07-14,2023-07-28,0.016094643447225748,0.016394221637323694
GRU,recursive,mean,14,2023-07-15,2023-07-29,0.015495106124443202,0.015558352028120434
GRU,recursive,mean,14,2023-07-16,2023-07-30,0.014786026774915318,0.014367018652480787
GRU,recursive,mean,14,2023-07-17,2023-07-31,0.014613387658776041,0.013677253887030574
GRU,recursive,mean,14,2023-07-18,2023-08-01,0.015829941411054087,0.012453942136919721
GRU,recursive,mean,14,2023-07-19,2023-08-02,0.016129579912494238,0.012182215509896427
GRU,recursive,mean,14,2023-07-20,2023-08-03,0.01683912208995456,0.012210294754692777
GRU,recursive,mean,14,2023-07-21,2023-08-04,0.016979264306447285,0.012734794288871101
GRU,recursive,mean,14,2023-07-22,2023-08-05,0.01716472437324465,0.013477002118817458
GRU,recursive,mean,14,2023-07-23,2023-08-06,0.01668445586844775,0.0148836097045624
GRU,recursive,mean,14,2023-07-24,2023-08-07,0.015999248513226764,0.01627699056066824
GRU,recursive,mean,14,2023-07-25,2023-08-08,0.014443916390635279,0.020563860896375713
GRU,recursive,mean,14,2023-07-26,2023-08-09,0.014858106806785343,0.02172801977226725
GRU,recursive,mean,14,2023-07-27,2023-08-10,0.015395880126889437,0.02061138067817285
GRU,recursive,mean,14,2023-07-28,2023-08-11,0.01597114731325099,0.01906248930390396
GRU,recursive,mean,14,2023-07-29,2023-08-12,0.01727720521848292,0.016841799471944613
GRU,recursive,mean,14,2023-07-30,2023-08-13,0.019287951589009554,0.014258251764271465
GRU,recursive,mean,14,2023-07-31,2023-08-14,0.020337425227242575,0.012715202195593175
GRU,recursive,mean,14,2023-08-01,2023-08-15,0.02004952460711604,0.014601228211996498
GRU,recursive,mean,14,2023-08-02,2023-08-16,0.020050840739817603,0.01676574577651979
GRU,recursive,mean,14,2023-08-03,2023-08-17,0.019636256420528776,0.01948210730170445
GRU,recursive,mean,14,2023-08-04,2023-08-18,0.019839822585211185,0.021144505142303344
GRU,recursive,mean,14,2023-08-05,2023-08-19,0.020202660464567774,0.02203590405291854
GRU,recursive,mean,14,2023-08-06,2023-08-20,0.021500459689544008,0.021120788881242122
GRU,recursive,mean,14,2023-08-07,2023-08-21,0.02251016703196554,0.01883312495264146
GRU,recursive,mean,14,2023-08-08,2023-08-22,0.024969388540383552,0.014355665709540555
GRU,recursive,mean,14,2023-08-09,2023-08-23,0.026200885200839522,0.012759984779173339
GRU,recursive,mean,14,2023-08-10,2023-08-24,0.026835974681743178,0.013483440964287607
GRU,recursive,mean,14,2023-08-11,2023-08-25,0.027203321512249412,0.015556230240240831
GRU,recursive,mean,14,2023-08-12,2023-08-26,0.02742056385042249,0.01958511505138341
GRU,recursive,mean,14,2023-08-13,2023-08-27,0.027367559848038212,0.025976794371045428
GRU,recursive,mean,14,2023-08-14,2023-08-28,0.025368347649415868,0.03142161896051165
GRU,recursive,mean,14,2023-08-15,2023-08-29,0.025850504108248712,0.03276132133883213
GRU,recursive,mean,14,2023-08-16,2023-08-30,0.02589425783196988,0.0320352244004045
GRU,recursive,mean,14,2023-08-17,2023-08-31,0.026258065168719865,0.02962547959428071
GRU,recursive,mean,14,2023-08-18,2023-09-01,0.02658797698447568,0.028001048897406282
GRU,recursive,mean,14,2023-08-19,2023-09-02,0.027435533877634415,0.027576007021930866
GRU,recursive,mean,14,2023-08-20,2023-09-03,0.0277461345559839,0.029928932001980012
GRU,recursive,mean,14,2023-08-21,2023-09-04,0.02996470924665842,0.033263950842961354
GRU,recursive,mean,14,2023-08-22,2023-09-05,0.030711415932792845,0.03999300821332408
GRU,recursive,mean,14,2023-08-23,2023-09-06,0.03146528337075428,0.045718758436573
GRU,recursive,mean,14,2023-08-24,2023-09-07,0.03168780574315189,0.04872793128175773
GRU,recursive,mean,14,2023-08-25,2023-09-08,0.03266538052227829,0.04924283225171879
GRU,recursive,mean,14,2023-08-26,2023-09-09,0.033521956298179126,0.04819225332398858
GRU,recursive,mean,14,2023-08-27,2023-09-10,0.0341728924304534,0.046070699667720094
GRU,recursive,mean,14,2023-08-28,2023-09-11,0.036521332487694604,0.0394520487489282
GRU,recursive,mean,14,2023-08-29,2023-09-12,0.035600796321057775,0.036424762632321035
GRU,recursive,mean,14,2023-08-30,2023-09-13,0.03883209852197485,0.035238954171874386
GRU,recursive,mean,14,2023-08-31,2023-09-14,0.04042577564475446,0.03580209137148805
GRU,recursive,mean,14,2023-09-01,2023-09-15,0.04116502475590788,0.03714463198554359
GRU,recursive,mean,14,2023-09-02,2023-09-16,0.04120155018039486,0.039827540907016026
GRU,recursive,mean,14,2023-09-03,2023-09-17,0.041760873519425014,0.041871079821486114
GRU,recursive,mean,14,2023-09-04,2023-09-18,0.039864854609507935,0.0475698989535532
GRU,recursive,mean,14,2023-09-05,2023-09-19,0.041135083147445385,0.051880026288876085
GRU,recursive,mean,14,2023-09-06,2023-09-20,0.041876885212484914,0.05471855135864412
GRU,recursive,mean,14,2023-09-07,2023-09-21,0.04266065582821124,0.05524779276725035
GRU,recursive,mean,14,2023-09-08,2023-09-22,0.041212188005497245,0.0563495632720369
GRU,recursive,mean,14,2023-09-09,2023-09-23,0.040633468941889246,0.0577668693531618
GRU,recursive,mean,14,2023-09-10,2023-09-24,0.04071261732651853,0.05888689550041898
GRU,recursive,mean,14,2023-09-11,2023-09-25,0.0416876196818655,0.06395321976932737
GRU,recursive,mean,14,2023-09-12,2023-09-26,0.047299294875667516,0.06311616296928671
GRU,recursive,mean,14,2023-09-13,2023-09-27,0.04838185137688062,0.06882276773101376
GRU,recursive,mean,14,2023-09-14,2023-09-28,0.04926153471640357,0.07456621100146221
GRU,recursive,mean,14,2023-09-15,2023-09-29,0.05079215335944181,0.07729111134507796
GRU,recursive,mean,14,2023-09-16,2023-09-30,0.052099173497155475,0.07613366342706321
GRU,recursive,mean,14,2023-09-17,2023-10-01,0.054228481091523596,0.07457183350971244
GRU,recursive,mean,14,2023-09-18,2023-10-02,0.054228481091523596,0.06727620596042869
GRU,recursive,mean,14,2023-09-19,2023-10-03,0.057160646307487406,0.06562220801167352
GRU,recursive,mean,14,2023-09-20,2023-10-04,0.059207134577776245,0.06666342719113828
GRU,recursive,mean,14,2023-09-21,2023-10-05,0.06040940308825981,0.06905027322157438
GRU,recursive,mean,14,2023-09-22,2023-10-06,0.06090063841936074,0.0661500601544062
GRU,recursive,mean,14,2023-09-23,2023-10-07,0.06131938534129275,0.06250283308626134
GRU,recursive,mean,14,2023-09-24,2023-10-08,0.06158822492011762,0.060833344248939256
GRU,recursive,mean,14,2023-09-25,2023-10-09,0.06316475928926725,0.06284322848466097
GRU,recursive,mean,14,2023-09-26,2023-10-10,0.06103983214692733,0.07858863515221597
GRU,recursive,mean,14,2023-09-27,2023-10-11,0.06022950922231705,0.08965773241698188
GRU,recursive,mean,14,2023-09-28,2023-10-12,0.05870774680915994,0.09468862610053866
GRU,recursive,mean,14,2023-09-29,2023-10-13,0.05768381652170041,0.0975803589051101
GRU,recursive,mean,14,2023-09-30,2023-10-14,0.05631481367631079,0.09909223610315457
GRU,recursive,mean,14,2023-10-01,2023-10-15,0.05466154656903291,0.10249946347310578
GRU,recursive,mean,14,2023-10-02,2023-10-16,0.05529457903908453,0.10104915830894637
GRU,recursive,mean,14,2023-10-03,2023-10-17,0.05439798857076055,0.10536418366758875
GRU,recursive,mean,14,2023-10-04,2023-10-18,0.05413901437052666,0.11070477198300849
GRU,recursive,mean,14,2023-10-05,2023-10-19,0.05428202115080427,0.11342784331791632
GRU,recursive,mean,14,2023-10-06,2023-10-20,0.054258245126709834,0.11236609055920974
GRU,recursive,mean,14,2023-10-07,2023-10-21,0.05554923980738474,0.10961657724655985
GRU,recursive,mean,14,2023-10-08,2023-10-22,0.05676709753669388,0.10650167093501532
GRU,recursive,mean,14,2023-10-09,2023-10-23,0.05769901239923082,0.10776697525542309
GRU,recursive,mean,14,2023-10-10,2023-10-24,0.06708737515764628,0.10098487318807021
GRU,recursive,mean,14,2023-10-11,2023-10-25,0.0693610017248623,0.09420216604376251
GRU,recursive,mean,14,2023-10-12,2023-10-26,0.07014536401973497,0.08702712411719779
GRU,recursive,mean,14,2023-10-13,2023-10-27,0.07286875594659449,0.08197591335311515
GRU,recursive,mean,14,2023-10-14,2023-10-28,0.07490462786741633,0.07772661404813513
GRU,recursive,mean,14,2023-10-15,2023-10-29,0.0765826909905696,0.07337926012816913
GRU,recursive,mean,14,2023-10-16,2023-10-30,0.08171143569789005,0.07514864521887486
GRU,recursive,mean,14,2023-10-17,2023-10-31,0.08961593263464504,0.07606714629556045
GRU,recursive,mean,14,2023-10-18,2023-11-01,0.09364398757052059,0.07740170379753433
GRU,recursive,mean,14,2023-10-19,2023-11-02,0.09606731527867739,0.07974246753449865
GRU,recursive,mean,14,2023-10-20,2023-11-03,0.09884619144991041,0.08183215189088931
GRU,recursive,mean,14,2023-10-21,2023-11-04,0.1010212576889182,0.08691661138965802
GRU,recursive,mean,14,2023-10-22,2023-11-05,0.10555499872329109,0.09299713060288736
GRU,recursive,mean,14,2023-10-23,2023-11-06,0.11097745226778419,0.09792884074941668
GRU,recursive,mean,14,2023-10-24,2023-11-07,0.11626975528826576,0.1261394285784904
GRU,recursive,mean,14,2023-10-25,2023-11-08,0.13180608141533884,0.14452382958807025
GRU,recursive,mean,14,2023-10-26,2023-11-09,0.13729154207096592,0.14767110235000766
GRU,recursive,mean,14,2023-10-27,2023-11-10,0.13729154207096592,0.14869623819364045
GRU,recursive,mean,14,2023-10-28,2023-11-11,0.13873362739757616,0.14825964130018865
GRU,recursive,mean,14,2023-10-29,2023-11-12,0.1415087387818689,0.1468459886438651
GRU,recursive,mean,14,2023-10-30,2023-11-13,0.14088430417845246,0.15652981015592837
GRU,recursive,mean,14,2023-10-31,2023-11-14,0.14460672052530318,0.1803821457909272
GRU,recursive,mean,14,2023-11-01,2023-11-15,0.15004875283649335,0.19553634060668668
GRU,recursive,mean,14,2023-11-02,2023-11-16,0.1543787251966863,0.19763816898385794
GRU,recursive,mean,14,2023-11-03,2023-11-17,0.1577614552918338,0.19521863272370965
GRU,recursive,mean,14,2023-11-04,2023-11-18,0.16239700182164243,0.1910366255539222
GRU,recursive,mean,14,2023-11-05,2023-11-19,0.16621294655598837,0.19534864963901624
GRU,recursive,mean,14,2023-11-06,2023-11-20,0.1726684403556859,0.20685766798898636
GRU,recursive,mean,14,2023-11-07,2023-11-21,0.1780018064157898,0.21943121762941015
GRU,recursive,mean,14,2023-11-08,2023-11-22,0.1762285956341221,0.260637954851645
GRU,recursive,mean,14,2023-11-09,2023-11-23,0.18298875568361378,0.2774513143074249
GRU,recursive,mean,14,2023-11-10,2023-11-24,0.17970974463867573,0.26319464494996764
GRU,recursive,mean,14,2023-11-11,2023-11-25,0.18515124840245936,0.2442059661004592
GRU,recursive,mean,14,2023-11-12,2023-11-26,0.19303482727357177,0.23426561951522867
GRU,recursive,mean,14,2023-11-13,2023-11-27,0.19877262707533147,0.22112849178420324
GRU,recursive,mean,14,2023-11-14,2023-11-28,0.20919234209026485,0.22181236881791827
GRU,recursive,mean,14,2023-11-15,2023-11-29,0.2157007730162676,0.2349565967308958
GRU,recursive,mean,14,2023-11-16,2023-11-30,0.21867657579282268,0.24721491850014993
GRU,recursive,mean,14,2023-11-17,2023-12-01,0.21976181386743115,0.253764464349192
GRU,recursive,mean,14,2023-11-18,2023-12-02,0.2206127125794615,0.26088917086249874
GRU,recursive,mean,14,2023-11-19,2023-12-03,0.2233059873389914,0.26550763255468984
GRU,recursive,mean,14,2023-11-20,2023-12-04,0.22240869573228733,0.27505806617243433
GRU,recursive,mean,14,2023-11-21,2023-12-05,0.23721964732182707,0.28207468091185717
GRU,recursive,mean,14,2023-11-22,2023-12-06,0.2429123744927313,0.26898335991743605
GRU,recursive,mean,14,2023-11-23,2023-12-07,0.24525588198929985,0.2722189486554012
GRU,recursive,mean,14,2023-11-24,2023-12-08,0.24459369154973282,0.2586550292627919
GRU,recursive,mean,14,2023-11-25,2023-12-09,0.24567036035122167,0.26120407725065636
GRU,recursive,mean,14,2023-11-26,2023-12-10,0.24404549662128625,0.27757311044285166
GRU,recursive,mean,14,2023-11-27,2023-12-11,0.24751412013981824,0.28882310533738936
GRU,recursive,mean,14,2023-11-28,2023-12-12,0.24847486183782236,0.3048732824929931
GRU,recursive,mean,14,2023-11-29,2023-12-13,0.2460190134508397,0.31156516264931816
GRU,recursive,mean,14,2023-11-30,2023-12-14,0.2436470164596183,0.3062518751305441
GRU,recursive,mean,14,2023-12-01,2023-12-15,0.24263457990844456,0.294804122257444
GRU,recursive,mean,14,2023-12-02,2023-12-16,0.25021935142805124,0.2835608142095572
GRU,recursive,mean,14,2023-12-03,2023-12-17,0.2450239486987933,0.2784199150670794
GRU,recursive,mean,14,2023-12-04,2023-12-18,0.24673257139171853,0.2691272924545504
GRU,recursive,mean,14,2023-12-05,2023-12-19,0.21332805091602164,0.29056905202020855
GRU,recursive,mean,14,2023-12-06,2023-12-20,0.19490525605838763,0.3004715738327628
GRU,recursive,mean,14,2023-12-07,2023-12-21,0.1823091162078165,0.2964744193949107
GRU,recursive,mean,14,2023-12-08,2023-12-22,0.1773088507628169,0.28514355774499617
GRU,recursive,mean,14,2023-12-09,2023-12-23,0.1708532695446551,0.2770805800979156
GRU,recursive,mean,14,2023-12-10,2023-12-24,0.16447040689913564,0.26660230976644594
GRU,recursive,mean,14,2023-12-11,2023-12-25,0.15578129224466283,0.26572326498872284
GRU,recursive,mean,14,2023-12-12,2023-12-26,0.1392454062413967,0.26392927955867274
GRU,recursive,mean,14,2023-12-13,2023-12-27,0.14026828693248514,0.2549798354689049
GRU,recursive,mean,14,2023-12-14,2023-12-28,0.13963205596970305,0.24570314004331628
GRU,recursive,mean,14,2023-12-15,2023-12-29,0.13554709831464054,0.24109787752507755
GRU,recursive,mean,14,2023-12-16,2023-12-30,0.13247481659948357,0.2548765383845151
GRU,recursive,mean,14,2023-12-17,2023-12-31,0.13176984323036373,0.2477331674860509
GRU,recursive,mean,14,2023-12-18,2024-01-01,0.13176984323036373,0.24650916225115688
GRU,recursive,mean,14,2023-12-19,2024-01-02,0.125085363035447,0.17655759098963644
GRU,recursive,mean,14,2023-12-20,2024-01-03,0.1460763632288744,0.11828682252558119
GRU,recursive,mean,14,2023-12-21,2024-01-04,0.15065459183855895,0.09364930941161313
GRU,recursive,mean,14,2023-12-22,2024-01-05,0.16038528894268547,0.09617886519556416
GRU,recursive,mean,14,2023-12-23,2024-01-06,0.16467434101211137,0.10130776613277033
GRU,recursive,mean,14,2023-12-24,2024-01-07,0.1590846896417734,0.10436410857289978
GRU,recursive,mean,14,2023-12-25,2024-01-08,0.1473343966942288,0.09962890376933943
GRU,recursive,mean,14,2023-12-26,2024-01-09,0.13347727924190736,0.07127588633623272
GRU,recursive,mean,14,2023-12-27,2024-01-10,0.12553669967451733,0.0821463131273511
GRU,recursive,mean,14,2023-12-28,2024-01-11,0.11578902262890232,0.10656394678706609
GRU,recursive,mean,14,2023-12-29,2024-01-12,0.12157671613866941,0.12010118308967432
GRU,recursive,mean,14,2023-12-30,2024-01-13,0.1131200330449865,0.12847536088504485
GRU,recursive,mean,14,2023-12-31,2024-01-14,0.1131200330449865,0.1422555051589523
GRU,recursive,mean,14,2024-01-01,2024-01-15,0.10861545893922078,0.15945505297189277
GRU,recursive,mean,14,2024-01-02,2024-01-16,0.11489677018815585,0.15379787507511655
GRU,recursive,mean,14,2024-01-03,2024-01-17,0.09441690652857937,0.22504623073284724
GRU,recursive,mean,14,2024-01-04,2024-01-18,0.09355917255892066,0.2680240913503602
GRU,recursive,mean,14,2024-01-05,2024-01-19,0.09220682919412322,0.29588810786274183
GRU,recursive,mean,14,2024-01-06,2024-01-20,0.08871766930252432,0.30011423168701307
GRU,recursive,mean,14,2024-01-07,2024-01-21,0.08977748841267115,0.26954683697051957
GRU,recursive,mean,14,2024-01-08,2024-01-22,0.09335548436576135,0.21122982776779375
GRU,recursive,mean,14,2024-01-09,2024-01-23,0.09457352777748064,0.1462981953691557
GRU,recursive,mean,14,2024-01-10,2024-01-24,0.09519824765401066,0.11051882850513935
GRU,recursive,mean,14,2024-01-11,2024-01-25,0.10093731179301353,0.08636947650928692
GRU,recursive,mean,14,2024-01-12,2024-01-26,0.10093731179301353,0.11030713194169685
GRU,recursive,mean,14,2024-01-13,2024-01-27,0.10497482358531632,0.11191501544867903
GRU,recursive,mean,14,2024-01-14,2024-01-28,0.10497482358531632,0.12235995028810512
GRU,recursive,mean,14,2024-01-15,2024-01-29,0.10857437441778534,0.12394918778038773
GRU,recursive,mean,14,2024-01-16,2024-01-30,0.09982472109988688,0.1535527167227329
GRU,recursive,mean,14,2024-01-17,2024-01-31,0.09768920904645417,0.10855582567780511
GRU,recursive,mean,14,2024-01-18,2024-02-01,0.09927763106946927,0.09280058966715633
GRU,recursive,mean,14,2024-02-01,2024-02-15,0.14403843038550887,0.13795135740765374
GRU,recursive,mean,28,2023-05-01,2023-05-29,0.042551361925533084,0.11090858991634824
GRU,recursive,mean,28,2023-05-02,2023-05-30,0.04043135449563707,0.10480510519100236
GRU,recursive,mean,28,2023-05-03,2023-05-31,0.03795676346336498,0.10461982764222963
GRU,recursive,mean,28,2023-05-04,2023-06-01,0.0373976908582477,0.16448703826249852
GRU,recursive,mean,28,2023-05-05,2023-06-02,0.03690902293726377,0.18086550927740502
GRU,recursive,mean,28,2023-05-06,2023-06-03,0.03622520779966677,0.15187743200596482
GRU,recursive,mean,28,2023-05-07,2023-06-04,0.03448489307368162,0.12647746796567305
GRU,recursive,mean,28,2023-05-08,2023-06-05,0.03225515634722982,0.10729554108499997
GRU,recursive,mean,28,2023-05-09,2023-06-06,0.028847458859593642,0.10267922184745357
GRU,recursive,mean,28,2023-05-10,2023-06-07,0.028145270889968054,0.10386857925072265
GRU,recursive,mean,28,2023-05-11,2023-06-08,0.027810438343931678,0.10076525666099487
GRU,recursive,mean,28,2023-05-12,2023-06-09,0.02761640273894596,0.0880910951804472
GRU,recursive,mean,28,2023-05-13,2023-06-10,0.027761573235458626,0.09170726325812767
GRU,recursive,mean,28,2023-05-14,2023-06-11,0.027631140122086423,0.07811269447885592
GRU,recursive,mean,28,2023-05-15,2023-06-12,0.02762767224760617,0.05860357711450364
GRU,recursive,mean,28,2023-05-16,2023-06-13,0.026644098206145692,0.04096155845421957
GRU,recursive,mean,28,2023-05-17,2023-06-14,0.02504189692726691,0.03844581151379019
GRU,recursive,mean,28,2023-05-18,2023-06-15,0.023385253504520125,0.02458134683843348
GRU,recursive,mean,28,2023-05-19,2023-06-16,0.02142041114707139,0.02622388162150143
GRU,recursive,mean,28,2023-05-20,2023-06-17,0.020512634232813375,0.035665157978807684
GRU,recursive,mean,28,2023-05-21,2023-06-18,0.02026787013347333,0.044949523070541175
GRU,recursive,mean,28,2023-05-22,2023-06-19,0.020176321577711504,0.051808762690330974
GRU,recursive,mean,28,2023-05-23,2023-06-20,0.018046791735304078,0.0462095757363162
GRU,recursive,mean,28,2023-05-24,2023-06-21,0.01782346923076451,0.037818134303197956
GRU,recursive,mean,28,2023-05-25,2023-06-22,0.017466834157230875,0.033863296214962056
GRU,recursive,mean,28,2023-05-26,2023-06-23,0.017089554682335775,0.03777762285106375
GRU,recursive,mean,28,2023-05-27,2023-06-24,0.01693682862194099,0.04312433541786326
GRU,recursive,mean,28,2023-05-28,2023-06-25,0.01640869622741816,0.05020107207315603
GRU,recursive,mean,28,2023-05-29,2023-06-26,0.015725670490165287,0.05522464828668915
GRU,recursive,mean,28,2023-05-30,2023-06-27,0.015951370470315467,0.05739371483583311
GRU,recursive,mean,28,2023-05-31,2023-06-28,0.01704843124923566,0.0572997269809497
GRU,recursive,mean,28,2023-06-01,2023-06-29,0.017797876758688304,0.0589171103109383
GRU,recursive,mean,28,2023-06-02,2023-06-30,0.01877817819159672,0.06146378391712799
GRU,recursive,mean,28,2023-06-03,2023-07-01,0.019028913999890686,0.06375339970687331
GRU,recursive,mean,28,2023-06-04,2023-07-02,0.019183484327958265,0.06396064602690599
GRU,recursive,mean,28,2023-06-05,2023-07-03,0.018556853209503864,0.06226606084787805
GRU,recursive,mean,28,2023-06-06,2023-07-04,0.020850459390244182,0.058148233168834204
GRU,recursive,mean,28,2023-06-07,2023-07-05,0.021286407339735632,0.05713827591598519
GRU,recursive,mean,28,2023-06-08,2023-07-06,0.02164392810426926,0.05861376582967876
GRU,recursive,mean,28,2023-06-09,2023-07-07,0.02163082518330223,0.061238934105877725
GRU,recursive,mean,28,2023-06-10,2023-07-08,0.02120042551741052,0.06437860379457991
GRU,recursive,mean,28,2023-06-11,2023-07-09,0.020921871382180292,0.06684768747580856
GRU,recursive,mean,28,2023-06-12,2023-07-10,0.02064764913305339,0.0687172581546088
GRU,recursive,mean,28,2023-06-13,2023-07-11,0.018759703832617464,0.06864559959122028
GRU,recursive,mean,28,2023-06-14,2023-07-12,0.01825554387776106,0.06665425803637284
GRU,recursive,mean,28,2023-06-15,2023-07-13,0.01815728668450978,0.06386016651148617
GRU,recursive,mean,28,2023-06-16,2023-07-14,0.01766133925586516,0.06059383021972453
GRU,recursive,mean,28,2023-06-17,2023-07-15,0.017142980076093314,0.05896864403777176
GRU,recursive,mean,28,2023-06-18,2023-07-16,0.016451451474528863,0.059414809643446836
GRU,recursive,mean,28,2023-06-19,2023-07-17,0.01614893541158249,0.061049745945894
GRU,recursive,mean,28,2023-06-20,2023-07-18,0.015398547098749276,0.059960099943276626
GRU,recursive,mean,28,2023-06-21,2023-07-19,0.015337976231806149,0.06001660747156812
GRU,recursive,mean,28,2023-06-22,2023-07-20,0.0151222191476377,0.06062699578503313
GRU,recursive,mean,28,2023-06-23,2023-07-21,0.0151318451527297,0.06137631298216052
GRU,recursive,mean,28,2023-06-24,2023-07-22,0.015154254307802536,0.06236171352550249
GRU,recursive,mean,28,2023-06-25,2023-07-23,0.015521889627311635,0.06275979216149485
GRU,recursive,mean,28,2023-06-26,2023-07-24,0.015734868603895745,0.06248240513715206
GRU,recursive,mean,28,2023-06-27,2023-07-25,0.017499234629100403,0.06318131839060266
GRU,recursive,mean,28,2023-06-28,2023-07-26,0.016882932317259604,0.0656807248087904
GRU,recursive,mean,28,2023-06-29,2023-07-27,0.016304484167451897,0.06837125517395592
GRU,recursive,mean,28,2023-06-30,2023-07-28,0.016094643447225748,0.07106686726701925
GRU,recursive,mean,28,2023-07-01,2023-07-29,0.015495106124443202,0.072372871336754
GRU,recursive,mean,28,2023-07-02,2023-07-30,0.014786026774915318,0.07259524458065778
GRU,recursive,mean,28,2023-07-03,2023-07-31,0.014613387658776041,0.07116307335468589
GRU,recursive,mean,28,2023-07-04,2023-08-01,0.015829941411054087,0.07322970163834366
GRU,recursive,mean,28,2023-07-05,2023-08-02,0.016129579912494238,0.07457916906315552
GRU,recursive,mean,28,2023-07-06,2023-08-03,0.01683912208995456,0.07507171318593493
GRU,recursive,mean,28,2023-07-07,2023-08-04,0.016979264306447285,0.07450410737245362
GRU,recursive,mean,28,2023-07-08,2023-08-05,0.01716472437324465,0.07289235343963694
GRU,recursive,mean,28,2023-07-09,2023-08-06,0.01668445586844775,0.07120326791642248
GRU,recursive,mean,28,2023-07-10,2023-08-07,0.015999248513226764,0.06978073544004436
GRU,recursive,mean,28,2023-07-11,2023-08-08,0.014443916390635279,0.06639596480663927
GRU,recursive,mean,28,2023-07-12,2023-08-09,0.014858106806785343,0.06420675505048243
GRU,recursive,mean,28,2023-07-13,2023-08-10,0.015395880126889437,0.06364017798263971
GRU,recursive,mean,28,2023-07-14,2023-08-11,0.01597114731325099,0.06341828811140765
GRU,recursive,mean,28,2023-07-15,2023-08-12,0.01727720521848292,0.06322593793636958
GRU,recursive,mean,28,2023-07-16,2023-08-13,0.019287951589009554,0.06271887885559557
GRU,recursive,mean,28,2023-07-17,2023-08-14,0.020337425227242575,0.06260003347495813
GRU,recursive,mean,28,2023-07-18,2023-08-15,0.02004952460711604,0.06203874480266383
GRU,recursive,mean,28,2023-07-19,2023-08-16,0.020050840739817603,0.06224186465860597
GRU,recursive,mean,28,2023-07-20,2023-08-17,0.019636256420528776,0.0626320715534173
GRU,recursive,mean,28,2023-07-21,2023-08-18,0.019839822585211185,0.06335030593589279
GRU,recursive,mean,28,2023-07-22,2023-08-19,0.020202660464567774,0.06415317990652239
GRU,recursive,mean,28,2023-07-23,2023-08-20,0.021500459689544008,0.06538235872160336
GRU,recursive,mean,28,2023-07-24,2023-08-21,0.02251016703196554,0.06647868927456438
GRU,recursive,mean,28,2023-07-25,2023-08-22,0.024969388540383552,0.06959986680115134
GRU,recursive,mean,28,2023-07-26,2023-08-23,0.026200885200839522,0.07011728222752817
GRU,recursive,mean,28,2023-07-27,2023-08-24,0.026835974681743178,0.06899754541498183
GRU,recursive,mean,28,2023-07-28,2023-08-25,0.027203321512249412,0.06772441298323037
GRU,recursive,mean,28,2023-07-29,2023-08-26,0.02742056385042249,0.06608600696056018
GRU,recursive,mean,28,2023-07-30,2023-08-27,0.027367559848038212,0.06428774810275686
GRU,recursive,mean,28,2023-07-31,2023-08-28,0.025368347649415868,0.06339331806659938
GRU,recursive,mean,28,2023-08-01,2023-08-29,0.025850504108248712,0.06517901382755278
GRU,recursive,mean,28,2023-08-02,2023-08-30,0.02589425783196988,0.06692071923092001
GRU,recursive,mean,28,2023-08-03,2023-08-31,0.026258065168719865,0.06884671017833704
GRU,recursive,mean,28,2023-08-04,2023-09-01,0.02658797698447568,0.069797266555786
GRU,recursive,mean,28,2023-08-05,2023-09-02,0.027435533877634415,0.0701316042957155
GRU,recursive,mean,28,2023-08-06,2023-09-03,0.0277461345559839,0.06918646031440531
GRU,recursive,mean,28,2023-08-07,2023-09-04,0.02996470924665842,0.06737181271190855
GRU,recursive,mean,28,2023-08-08,2023-09-05,0.030711415932792845,0.06406128858013907
GRU,recursive,mean,28,2023-08-09,2023-09-06,0.03146528337075428,0.06318464344347027
GRU,recursive,mean,28,2023-08-10,2023-09-07,0.03168780574315189,0.06412412243484648
GRU,recursive,mean,28,2023-08-11,2023-09-08,0.03266538052227829,0.06593131392777064
GRU,recursive,mean,28,2023-08-12,2023-09-09,0.033521956298179126,0.06893836039246132
GRU,recursive,mean,28,2023-08-13,2023-09-10,0.0341728924304534,0.07321101199380675
GRU,recursive,mean,28,2023-08-14,2023-09-11,0.036521332487694604,0.07626677806082172
GRU,recursive,mean,28,2023-08-15,2023-09-12,0.035600796321057775,0.07627337420333706
GRU,recursive,mean,28,2023-08-16,2023-09-13,0.03883209852197485,0.07502538518758964
GRU,recursive,mean,28,2023-08-17,2023-09-14,0.04042577564475446,0.07287753192462729
GRU,recursive,mean,28,2023-08-18,2023-09-15,0.04116502475590788,0.0715219517299718
GRU,recursive,mean,28,2023-08-19,2023-09-16,0.04120155018039486,0.07112070189369618
GRU,recursive,mean,28,2023-08-20,2023-09-17,0.041760873519425014,0.07262551335439699
GRU,recursive,mean,28,2023-08-21,2023-09-18,0.039864854609507935,0.07457413440955592
GRU,recursive,mean,28,2023-08-22,2023-09-19,0.041135083147445385,0.07846974614174117
GRU,recursive,mean,28,2023-08-23,2023-09-20,0.041876885212484914,0.08122705541743355
GRU,recursive,mean,28,2023-08-24,2023-09-21,0.04266065582821124,0.0819985159051703
GRU,recursive,mean,28,2023-08-25,2023-09-22,0.041212188005497245,0.08122777760605708
GRU,recursive,mean,28,2023-08-26,2023-09-23,0.040633468941889246,0.07967760374420078
GRU,recursive,mean,28,2023-08-27,2023-09-24,0.04071261732651853,0.07770527676136316
GRU,recursive,mean,28,2023-08-28,2023-09-25,0.0416876196818655,0.07313765990383685
GRU,recursive,mean,28,2023-08-29,2023-09-26,0.047299294875667516,0.07128806135716093
GRU,recursive,mean,28,2023-08-30,2023-09-27,0.04838185137688062,0.07073689939974656
GRU,recursive,mean,28,2023-08-31,2023-09-28,0.04926153471640357,0.07129159078137193
GRU,recursive,mean,28,2023-09-01,2023-09-29,0.05079215335944181,0.07222006586850671
GRU,recursive,mean,28,2023-09-02,2023-09-30,0.052099173497155475,0.07386431599307475
GRU,recursive,mean,28,2023-09-03,2023-10-01,0.054228481091523596,0.07490022381391881
GRU,recursive,mean,28,2023-09-04,2023-10-02,0.054228481091523596,0.07812091066612131
GRU,recursive,mean,28,2023-09-05,2023-10-03,0.057160646307487406,0.08011205818300791
GRU,recursive,mean,28,2023-09-06,2023-10-04,0.059207134577776245,0.0810247335282535
GRU,recursive,mean,28,2023-09-07,2023-10-05,0.06040940308825981,0.08050560735299106
GRU,recursive,mean,28,2023-09-08,2023-10-06,0.06090063841936074,0.08048205527789672
GRU,recursive,mean,28,2023-09-09,2023-10-07,0.06131938534129275,0.08070386477837577
GRU,recursive,mean,28,2023-09-10,2023-10-08,0.06158822492011762,0.08074651638884742
GRU,recursive,mean,28,2023-09-11,2023-10-09,0.06316475928926725,0.08320051476677348
GRU,recursive,mean,28,2023-09-12,2023-10-10,0.06103983214692733,0.08178795601380616
GRU,recursive,mean,28,2023-09-13,2023-10-11,0.06022950922231705,0.08456295230889159
GRU,recursive,mean,28,2023-09-14,2023-10-12,0.05870774680915994,0.08707727123326293
GRU,recursive,mean,28,2023-09-15,2023-10-13,0.05768381652170041,0.08748784551208037
GRU,recursive,mean,28,2023-09-16,2023-10-14,0.05631481367631079,0.08553208007105519
GRU,recursive,mean,28,2023-09-17,2023-10-15,0.05466154656903291,0.08365309338446239
GRU,recursive,mean,28,2023-09-18,2023-10-16,0.05529457903908453,0.07858977526875517
GRU,recursive,mean,28,2023-09-19,2023-10-17,0.05439798857076055,0.07752092921701818
GRU,recursive,mean,28,2023-09-20,2023-10-18,0.05413901437052666,0.07810267798672298
GRU,recursive,mean,28,2023-09-21,2023-10-19,0.05428202115080427,0.07933853101876506
GRU,recursive,mean,28,2023-09-22,2023-10-20,0.054258245126709834,0.0772041961164599
GRU,recursive,mean,28,2023-09-23,2023-10-21,0.05554923980738474,0.07488764119845744
GRU,recursive,mean,28,2023-09-24,2023-10-22,0.05676709753669388,0.07401096161718021
GRU,recursive,mean,28,2023-09-25,2023-10-23,0.05769901239923082,0.07539084363124031
GRU,recursive,mean,28,2023-09-26,2023-10-24,0.06708737515764628,0.0849246545679924
GRU,recursive,mean,28,2023-09-27,2023-10-25,0.0693610017248623,0.09073693768470575
GRU,recursive,mean,28,2023-09-28,2023-10-26,0.07014536401973497,0.09222938238282472
GRU,recursive,mean,28,2023-09-29,2023-10-27,0.07286875594659449,0.09241069277382093
GRU,recursive,mean,28,2023-09-30,2023-10-28,0.07490462786741633,0.09188792178490923
GRU,recursive,mean,28,2023-10-01,2023-10-29,0.0765826909905696,0.09288129625510395
GRU,recursive,mean,28,2023-10-02,2023-10-30,0.08171143569789005,0.09056015417637313
GRU,recursive,mean,28,2023-10-03,2023-10-31,0.08961593263464504,0.09250418979303413
GRU,recursive,mean,28,2023-10-04,2023-11-01,0.09364398757052059,0.09503973549439204
GRU,recursive,mean,28,2023-10-05,2023-11-02,0.09606731527867739,0.09549624883451785
GRU,recursive,mean,28,2023-10-06,2023-11-03,0.09884619144991041,0.09321517875212529
GRU,recursive,mean,28,2023-10-07,2023-11-04,0.1010212576889182,0.09007679384731775
GRU,recursive,mean,28,2023-10-08,2023-11-05,0.10555499872329109,0.08710114278210052
GRU,recursive,mean,28,2023-10-09,2023-11-06,0.11097745226778419,0.08745621158369352
GRU,recursive,mean,28,2023-10-10,2023-11-07,0.11626975528826576,0.08223060597311363
GRU,recursive,mean,28,2023-10-11,2023-11-08,0.13180608141533884,0.0777470339601691
GRU,recursive,mean,28,2023-10-12,2023-11-09,0.13729154207096592,0.07356781221105042
GRU,recursive,mean,28,2023-10-13,2023-11-10,0.13729154207096592,0.07111543646122005
GRU,recursive,mean,28,2023-10-14,2023-11-11,0.13873362739757616,0.06931676656442276
GRU,recursive,mean,28,2023-10-15,2023-11-12,0.1415087387818689,0.06756801379416968
GRU,recursive,mean,28,2023-10-16,2023-11-13,0.14088430417845246,0.06956422581664985
GRU,recursive,mean,28,2023-10-17,2023-11-14,0.14460672052530318,0.07074813523101811
GRU,recursive,mean,28,2023-10-18,2023-11-15,0.15004875283649335,0.07203685269993287
GRU,recursive,mean,28,2023-10-19,2023-11-16,0.1543787251966863,0.07381410034659074
GRU,recursive,mean,28,2023-10-20,2023-11-17,0.1577614552918338,0.07529037904181747
GRU,recursive,mean,28,2023-10-21,2023-11-18,0.16239700182164243,0.0785156814715503
GRU,recursive,mean,28,2023-10-22,2023-11-19,0.16621294655598837,0.0821359751522061
GRU,recursive,mean,28,2023-10-23,2023-11-20,0.1726684403556859,0.08479375931517072
GRU,recursive,mean,28,2023-10-24,2023-11-21,0.1780018064157898,0.10472191916532422
GRU,recursive,mean,28,2023-10-25,2023-11-22,0.1762285956341221,0.11817174308879932
GRU,recursive,mean,28,2023-10-26,2023-11-23,0.18298875568361378,0.11732645402734267
GRU,recursive,mean,28,2023-10-27,2023-11-24,0.17970974463867573,0.11540608214371502
GRU,recursive,mean,28,2023-10-28,2023-11-25,0.18515124840245936,0.11284831048468752
GRU,recursive,mean,28,2023-10-29,2023-11-26,0.19303482727357177,0.10988967706530609
GRU,recursive,mean,28,2023-10-30,2023-11-27,0.19877262707533147,0.11872794773688859
GRU,recursive,mean,28,2023-10-31,2023-11-28,0.20919234209026485,0.14673416307442674
GRU,recursive,mean,28,2023-11-01,2023-11-29,0.2157007730162676,0.1658336341551205
GRU,recursive,mean,28,2023-11-02,2023-11-30,0.21867657579282268,0.16511951934781385
GRU,recursive,mean,28,2023-11-03,2023-12-01,0.21976181386743115,0.1583670626067875
GRU,recursive,mean,28,2023-11-04,2023-12-02,0.2206127125794615,0.15007304889678175
GRU,recursive,mean,28,2023-11-05,2023-12-03,0.2233059873389914,0.15692353499341455
GRU,recursive,mean,28,2023-11-06,2023-12-04,0.22240869573228733,0.1772823055511122
GRU,recursive,mean,28,2023-11-07,2023-12-05,0.23721964732182707,0.2005866090954498
GRU,recursive,mean,28,2023-11-08,2023-12-06,0.2429123744927313,0.2704067764720973
GRU,recursive,mean,28,2023-11-09,2023-12-07,0.24525588198929985,0.28716263639486284
GRU,recursive,mean,28,2023-11-10,2023-12-08,0.24459369154973282,0.27393197547778536
GRU,recursive,mean,28,2023-11-11,2023-12-09,0.24567036035122167,0.24909792716885432
GRU,recursive,mean,28,2023-11-12,2023-12-10,0.24404549662128625,0.23531584021903112
GRU,recursive,mean,28,2023-11-13,2023-12-11,0.24751412013981824,0.2115799227679287
GRU,recursive,mean,28,2023-11-14,2023-12-12,0.24847486183782236,0.21621024259065036
GRU,recursive,mean,28,2023-11-15,2023-12-13,0.2460190134508397,0.2443541422133328
GRU,recursive,mean,28,2023-11-16,2023-12-14,0.2436470164596183,0.2648675506924465
GRU,recursive,mean,28,2023-11-17,2023-12-15,0.24263457990844456,0.27377397116997154
GRU,recursive,mean,28,2023-11-18,2023-12-16,0.25021935142805124,0.2824420533275832
GRU,recursive,mean,28,2023-11-19,2023-12-17,0.2450239486987933,0.28762974202615926
GRU,recursive,mean,28,2023-11-20,2023-12-18,0.24673257139171853,0.2952562927065229
GRU,recursive,mean,28,2023-11-21,2023-12-19,0.21332805091602164,0.2989879940287014
GRU,recursive,mean,28,2023-11-22,2023-12-20,0.19490525605838763,0.2938766529528755
GRU,recursive,mean,28,2023-11-23,2023-12-21,0.1823091162078165,0.29679893353251446
GRU,recursive,mean,28,2023-11-24,2023-12-22,0.1773088507628169,0.28957383246715535
GRU,recursive,mean,28,2023-11-25,2023-12-23,0.1708532695446551,0.29284641930719435
GRU,recursive,mean,28,2023-11-26,2023-12-24,0.16447040689913564,0.300226273109331
GRU,recursive,mean,28,2023-11-27,2023-12-25,0.15578129224466283,0.30145837971612893
GRU,recursive,mean,28,2023-11-28,2023-12-26,0.1392454062413967,0.29941565828703237
GRU,recursive,mean,28,2023-11-29,2023-12-27,0.14026828693248514,0.29681533835135854
GRU,recursive,mean,28,2023-11-30,2023-12-28,0.13963205596970305,0.2967935877292853
GRU,recursive,mean,28,2023-12-01,2023-12-29,0.13554709831464054,0.29802095475796264
GRU,recursive,mean,28,2023-12-02,2023-12-30,0.13247481659948357,0.2987819509736568
GRU,recursive,mean,28,2023-12-03,2023-12-31,0.13176984323036373,0.29872858479365455
GRU,recursive,mean,28,2023-12-04,2024-01-01,0.13176984323036373,0.298805005898236
GRU,recursive,mean,28,2023-12-05,2024-01-02,0.125085363035447,0.2953283416421404
GRU,recursive,mean,28,2023-12-06,2024-01-03,0.1460763632288744,0.29105875331463843
GRU,recursive,mean,28,2023-12-07,2024-01-04,0.15065459183855895,0.2905782923604981
GRU,recursive,mean,28,2023-12-08,2024-01-05,0.16038528894268547,0.2924117007930559
GRU,recursive,mean,28,2023-12-09,2024-01-06,0.16467434101211137,0.29319103072566643
GRU,recursive,mean,28,2023-12-10,2024-01-07,0.1590846896417734,0.29432428589886994
GRU,recursive,mean,28,2023-12-11,2024-01-08,0.1473343966942288,0.29377831589210035
GRU,recursive,mean,28,2023-12-12,2024-01-09,0.13347727924190736,0.2934219841215314
GRU,recursive,mean,28,2023-12-13,2024-01-10,0.12553669967451733,0.2941973092943346
GRU,recursive,mean,28,2023-12-14,2024-01-11,0.11578902262890232,0.29462952942620785
GRU,recursive,mean,28,2023-12-15,2024-01-12,0.12157671613866941,0.294739678691369
GRU,recursive,mean,28,2023-12-16,2024-01-13,0.1131200330449865,0.2938831193540324
GRU,recursive,mean,28,2023-12-17,2024-01-14,0.1131200330449865,0.294494506561142
GRU,recursive,mean,28,2023-12-18,2024-01-15,0.10861545893922078,0.2944796081198402
GRU,recursive,mean,28,2023-12-19,2024-01-16,0.11489677018815585,0.22989394655355383
GRU,recursive,mean,28,2023-12-20,2024-01-17,0.09441690652857937,0.05739192141988725
GRU,recursive,mean,28,2023-12-21,2024-01-18,0.09355917255892066,0.019132113339087556
GRU,recursive,mean,28,2023-12-22,2024-01-19,0.09220682919412322,0.02269745638775314
GRU,recursive,mean,28,2023-12-23,2024-01-20,0.08871766930252432,0.028754563744148295
GRU,recursive,mean,28,2023-12-24,2024-01-21,0.08977748841267115,0.03205818747269461
GRU,recursive,mean,28,2023-12-25,2024-01-22,0.09335548436576135,0.027170607758492407
GRU,recursive,mean,28,2023-12-26,2024-01-23,0.09457352777748064,0.004819905494989438
GRU,recursive,mean,28,2023-12-27,2024-01-24,0.09519824765401066,0.016872831767837465
GRU,recursive,mean,28,2023-12-28,2024-01-25,0.10093731179301353,0.03970844522889062
GRU,recursive,mean,28,2023-12-29,2024-01-26,0.10093731179301353,0.053281632517476245
GRU,recursive,mean,28,2023-12-30,2024-01-27,0.10497482358531632,0.06154363800101684
GRU,recursive,mean,28,2023-12-31,2024-01-28,0.10497482358531632,0.07578949749219355
GRU,recursive,mean,28,2024-01-01,2024-01-29,0.10857437441778534,0.09582720411389901
GRU,recursive,mean,28,2024-01-02,2024-01-30,0.09982472109988688,0.08432721513099178
GRU,recursive,mean,28,2024-01-03,2024-01-31,0.09768920904645417,0.2195811021948621
GRU,recursive,mean,28,2024-01-04,2024-02-01,0.09927763106946927,0.28357574939177466
GRU,recursive,mean,28,2024-01-18,2024-02-15,0.14403843038550887,0.04166738818504395
GRU,recursive,mean,28,2024-01-19,2024-02-16,0.13728887406474222,0.047234188021900755
GRU,recursive,mean,28,2024-01-20,2024-02-17,0.13326310034400296,0.05162426358970888
GRU,recursive,mean,28,2024-01-21,2024-02-18,0.13661715842798744,0.06211437597755852
GRU,recursive,mean,28,2024-01-22,2024-02-19,0.13661715842798744,0.08114983175347554
GRU,recursive,mean,28,2024-01-23,2024-02-20,0.13650128703419917,0.09740506110755465
GRU,recursive,mean,28,2024-01-24,2024-02-21,0.13644209917397826,0.10583337664215635
GRU,recursive,mean,28,2024-01-25,2024-02-22,0.13585783766387388,0.1300765942862918
GRU,recursive,mean,28,2024-01-26,2024-02-23,0.13823200479050599,0.13494750740262587
GRU,recursive,mean,28,2024-01-27,2024-02-24,0.13823200479050599,0.14707057667609125
GRU,recursive,mean,28,2024-01-28,2024-02-25,0.14987569165075187,0.1416701856315064
GRU,recursive,mean,28,2024-01-29,2024-02-26,0.1501238127213669,0.14805972938544543
GRU,recursive,mean,28,2024-01-30,2024-02-27,0.1406031126327308,0.10148295026311793
GRU,recursive,mean,28,2024-01-31,2024-02-28,0.1374787993837205,0.07959919633386621
GRU,recursive,mean,28,2024-02-01,2024-02-29,0.13371096809312163,0.08114511973104162
GRU,recursive,variance,14,2023-05-15,2023-05-29,0.0005165039138387742,0.006708999783735053
GRU,recursive,variance,14,2023-05-16,2023-05-30,0.000396534719328378,0.0051961044707075545
GRU,recursive,variance,14,2023-05-17,2023-05-31,0.0003612216101206669,0.0055536207044076195
GRU,recursive,variance,14,2023-05-18,2023-06-01,0.00036779103154906064,0.003232057407124799
GRU,recursive,variance,14,2023-05-19,2023-06-02,0.0003706641551886727,0.0035752536285544355
GRU,recursive,variance,14,2023-05-20,2023-06-03,0.00037567529558119126,0.003481611988419957
GRU,recursive,variance,14,2023-05-21,2023-06-04,0.00037879015378993196,0.003448658057955987
GRU,recursive,variance,14,2023-05-22,2023-06-05,0.00031668612824860325,0.0034432185819677687
GRU,recursive,variance,14,2023-05-23,2023-06-06,8.242633513760308e-05,0.0015975608788326148
GRU,recursive,variance,14,2023-05-24,2023-06-07,9.624188303081485e-05,0.0015218530573211386
GRU,recursive,variance,14,2023-05-25,2023-06-08,0.00010380435104511207,0.00144480767503237
GRU,recursive,variance,14,2023-05-26,2023-06-09,0.00010747163506636533,0.0014089139303501371
GRU,recursive,variance,14,2023-05-27,2023-06-10,0.00010446051684804562,0.0014159513874003695
GRU,recursive,variance,14,2023-05-28,2023-06-11,0.00010479076615257291,0.0014390500946852476
GRU,recursive,variance,14,2023-05-29,2023-06-12,0.00010474173474624883,0.0014504075809378795
GRU,recursive,variance,14,2023-05-30,2023-06-13,6.469446961682607e-05,0.0013255047073987636
GRU,recursive,variance,14,2023-05-31,2023-06-14,9.423757255570466e-05,0.0012968455893597702
GRU,recursive,variance,14,2023-06-01,2023-06-15,0.00012100580670343002,0.0013008626275698668
GRU,recursive,variance,14,2023-06-02,2023-06-16,0.00014281659105401434,0.0012967218712851068
GRU,recursive,variance,14,2023-06-03,2023-06-17,0.00014074980416563975,0.0013002865939875867
GRU,recursive,variance,14,2023-06-04,2023-06-18,0.0001406241991228432,0.0013042232224074238
GRU,recursive,variance,14,2023-06-05,2023-06-19,0.0001386858046172259,0.0012327647479722262
GRU,recursive,variance,14,2023-06-06,2023-06-20,0.00011760469988271101,0.0009647420223536491
GRU,recursive,variance,14,2023-06-07,2023-06-21,0.000120034800592035,0.0009739066787947262
GRU,recursive,variance,14,2023-06-08,2023-06-22,0.00012387075776166634,0.000960976428257503
GRU,recursive,variance,14,2023-06-09,2023-06-23,0.0001257714385614887,0.0009502197192020838
GRU,recursive,variance,14,2023-06-10,2023-06-24,0.0001358986254905031,0.0009438819024764443
GRU,recursive,variance,14,2023-06-11,2023-06-25,0.0001296025800320577,0.0009450871865046167
GRU,recursive,variance,14,2023-06-12,2023-06-26,0.00010938329996854319,0.0009465788173386694
GRU,recursive,variance,14,2023-06-13,2023-06-27,0.00012150273778285357,0.0009031429460606927
GRU,recursive,variance,14,2023-06-14,2023-06-28,0.00011365301432943044,0.0009366285998313827
GRU,recursive,variance,14,2023-06-15,2023-06-29,0.00010157736211233028,0.0009653812927111002
GRU,recursive,variance,14,2023-06-16,2023-06-30,8.369138246784943e-05,0.0009909005601307945
GRU,recursive,variance,14,2023-06-17,2023-07-01,8.281965861820725e-05,0.0009925503942351255
GRU,recursive,variance,14,2023-06-18,2023-07-02,8.309215793671043e-05,0.0009964047202147422
GRU,recursive,variance,14,2023-06-19,2023-07-03,7.430987919036254e-05,0.0009961606797021102
GRU,recursive,variance,14,2023-06-20,2023-07-04,9.421657124288995e-05,0.0009726270247563174
GRU,recursive,variance,14,2023-06-21,2023-07-05,8.768492552391355e-05,0.000974613193891972
GRU,recursive,variance,14,2023-06-22,2023-07-06,8.072378920634389e-05,0.0009768902744598836
GRU,recursive,variance,14,2023-06-23,2023-07-07,8.099134228211503e-05,0.0009775844316662068
GRU,recursive,variance,14,2023-06-24,2023-07-08,7.73546532432404e-05,0.0009888924585220611
GRU,recursive,variance,14,2023-06-25,2023-07-09,7.991587560407396e-05,0.0009822569390907747
GRU,recursive,variance,14,2023-06-26,2023-07-10,7.838855917153161e-05,0.0009602959649303101
GRU,recursive,variance,14,2023-06-27,2023-07-11,4.110197372174843e-05,0.0009738132709525281
GRU,recursive,variance,14,2023-06-28,2023-07-12,4.295705493103402e-05,0.0009635099072289691
GRU,recursive,variance,14,2023-06-29,2023-07-13,4.381126794360352e-05,0.0009492966626828174
GRU,recursive,variance,14,2023-06-30,2023-07-14,4.930382379909738e-05,0.0009286323764104117
GRU,recursive,variance,14,2023-07-01,2023-07-15,5.165058902079529e-05,0.0009259187616955886
GRU,recursive,variance,14,2023-07-02,2023-07-16,5.2713073233251855e-05,0.0009239640996151689
GRU,recursive,variance,14,2023-07-03,2023-07-17,5.085755326524275e-05,0.0009126997150407707
GRU,recursive,variance,14,2023-07-04,2023-07-18,2.2425920283682633e-05,0.0009344824461078393
GRU,recursive,variance,14,2023-07-05,2023-07-19,2.2270049090947326e-05,0.0009270625902662005
GRU,recursive,variance,14,2023-07-06,2023-07-20,2.3170543472659755e-05,0.0009202539490296482
GRU,recursive,variance,14,2023-07-07,2023-07-21,2.310975956974895e-05,0.0009211876934545773
GRU,recursive,variance,14,2023-07-08,2023-07-22,2.3139638278931333e-05,0.0009166719419797293
GRU,recursive,variance,14,2023-07-09,2023-07-23,2.478480415949975e-05,0.000919076498089139
GRU,recursive,variance,14,2023-07-10,2023-07-24,2.8139717463203465e-05,0.0009170452393514698
GRU,recursive,variance,14,2023-07-11,2023-07-25,7.142798415736174e-05,0.0008751454205154564
GRU,recursive,variance,14,2023-07-12,2023-07-26,8.235936714938586e-05,0.0008761858213323113
GRU,recursive,variance,14,2023-07-13,2023-07-27,9.128063129160166e-05,0.0008742831514596467
GRU,recursive,variance,14,2023-07-14,2023-07-28,9.506478387373946e-05,0.000878184793688291
GRU,recursive,variance,14,2023-07-15,2023-07-29,0.00010580842722636319,0.0008804394964537215
GRU,recursive,variance,14,2023-07-16,2023-07-30,0.00011934129099542907,0.0008821455533951323
GRU,recursive,variance,14,2023-07-17,2023-07-31,0.00012883436723465765,0.000880816913122436
GRU,recursive,variance,14,2023-07-18,2023-08-01,0.00018365613183454166,0.0008495690395998771
GRU,recursive,variance,14,2023-07-19,2023-08-02,0.000185023988470554,0.000848735160293484
GRU,recursive,variance,14,2023-07-20,2023-08-03,0.00018488517508017052,0.0008475680632615856
GRU,recursive,variance,14,2023-07-21,2023-08-04,0.00018375088880091134,0.0008456820932415189
GRU,recursive,variance,14,2023-07-22,2023-08-05,0.00018377196645002374,0.000845181431660631
GRU,recursive,variance,14,2023-07-23,2023-08-06,0.00018383142567923402,0.0008469721011885385
GRU,recursive,variance,14,2023-07-24,2023-08-07,0.0001784317145476015,0.000850867286140845
GRU,recursive,variance,14,2023-07-25,2023-08-08,0.00012779073808994002,0.0008995931140601127
GRU,recursive,variance,14,2023-07-26,2023-08-09,0.00012122449230434965,0.0009136954715850137
GRU,recursive,variance,14,2023-07-27,2023-08-10,0.00011394510416389328,0.0009277403816169776
GRU,recursive,variance,14,2023-07-28,2023-08-11,0.00010698230582982533,0.0009360382043758684
GRU,recursive,variance,14,2023-07-29,2023-08-12,9.323903648804923e-05,0.0009505249925075752
GRU,recursive,variance,14,2023-07-30,2023-08-13,7.626276289023492e-05,0.0009672240657791134
GRU,recursive,variance,14,2023-07-31,2023-08-14,8.581592535690787e-05,0.0009793589580032696
GRU,recursive,variance,14,2023-08-01,2023-08-15,7.23481925503755e-05,0.001043245580105099
GRU,recursive,variance,14,2023-08-02,2023-08-16,7.23481737697382e-05,0.0010474764320946251
GRU,recursive,variance,14,2023-08-03,2023-08-17,7.390151364585568e-05,0.0010523490037533168
GRU,recursive,variance,14,2023-08-04,2023-08-18,7.204749658350661e-05,0.001054671507920295
GRU,recursive,variance,14,2023-08-05,2023-08-19,7.271064563097273e-05,0.0010554687588833233
GRU,recursive,variance,14,2023-08-06,2023-08-20,7.824173525178751e-05,0.001055248209496679
GRU,recursive,variance,14,2023-08-07,2023-08-21,7.951995184335658e-05,0.0010485513459401827
GRU,recursive,variance,14,2023-08-08,2023-08-22,0.00015163143703733931,0.0009903991192234522
GRU,recursive,variance,14,2023-08-09,2023-08-23,0.00013322797930124714,0.0009812244428708161
GRU,recursive,variance,14,2023-08-10,2023-08-24,0.00011996258029397116,0.000968245651428708
GRU,recursive,variance,14,2023-08-11,2023-08-25,0.00011156647897391821,0.0009561878011912039
GRU,recursive,variance,14,2023-08-12,2023-08-26,0.00010897692990039453,0.0009385442955890738
GRU,recursive,variance,14,2023-08-13,2023-08-27,0.00010901224310894494,0.0009179258782451373
GRU,recursive,variance,14,2023-08-14,2023-08-28,0.00013649248900412337,0.0009268134284654384
GRU,recursive,variance,14,2023-08-15,2023-08-29,0.00015483505065035216,0.0009099807563731162
GRU,recursive,variance,14,2023-08-16,2023-08-30,0.0001543154806848623,0.0009093786710207832
GRU,recursive,variance,14,2023-08-17,2023-08-31,0.00014779009020219906,0.0009106709056148159
GRU,recursive,variance,14,2023-08-18,2023-09-01,0.0001426886957580896,0.0009082053393772482
GRU,recursive,variance,14,2023-08-19,2023-09-02,0.00014694360979875044,0.0009090721730594348
GRU,recursive,variance,14,2023-08-20,2023-09-03,0.00015129085803526501,0.0009154379342050882
GRU,recursive,variance,14,2023-08-21,2023-09-04,0.00022935009456921467,0.0009171522297404475
GRU,recursive,variance,14,2023-08-22,2023-09-05,0.000276726194928063,0.0009989798374853529
GRU,recursive,variance,14,2023-08-23,2023-09-06,0.0002790904220727402,0.0009805388582554931
GRU,recursive,variance,14,2023-08-24,2023-09-07,0.00027489549671895345,0.0009711441891779663
GRU,recursive,variance,14,2023-08-25,2023-09-08,0.00028330939263897513,0.0009646403759175026
GRU,recursive,variance,14,2023-08-26,2023-09-09,0.0002754632998991001,0.0009605847610479047
GRU,recursive,variance,14,2023-08-27,2023-09-10,0.0002713695421940814,0.000958759801155996
GRU,recursive,variance,14,2023-08-28,2023-09-11,0.00021782435243145393,0.0009883971408940046
GRU,recursive,variance,14,2023-08-29,2023-09-12,0.00022842128146465836,0.0010090738963896835
GRU,recursive,variance,14,2023-08-30,2023-09-13,0.00023710147034273002,0.0010107436589847814
GRU,recursive,variance,14,2023-08-31,2023-09-14,0.00020004732675732388,0.001006516480962827
GRU,recursive,variance,14,2023-09-01,2023-09-15,0.0001753653299908146,0.0010022988775230284
GRU,recursive,variance,14,2023-09-02,2023-09-16,0.00017490674414699905,0.001006906589519516
GRU,recursive,variance,14,2023-09-03,2023-09-17,0.00017227144367642561,0.001011053942246052
GRU,recursive,variance,14,2023-09-04,2023-09-18,0.00014747519878003396,0.0010996620241427945
GRU,recursive,variance,14,2023-09-05,2023-09-19,0.000234623025145279,0.001155888368191749
GRU,recursive,variance,14,2023-09-06,2023-09-20,0.00023466342656615943,0.0011658039613379827
GRU,recursive,variance,14,2023-09-07,2023-09-21,0.000210334678073935,0.0011701400223988762
GRU,recursive,variance,14,2023-09-08,2023-09-22,0.0002123798596343575,0.0011844413308343947
GRU,recursive,variance,14,2023-09-09,2023-09-23,0.0002246940607239335,0.0011760203188295063
GRU,recursive,variance,14,2023-09-10,2023-09-24,0.0002238126591864298,0.0011712562405465261
GRU,recursive,variance,14,2023-09-11,2023-09-25,0.00021487360892103117,0.0011085933836430775
GRU,recursive,variance,14,2023-09-12,2023-09-26,0.000606349155093807,0.0011186493112173095
GRU,recursive,variance,14,2023-09-13,2023-09-27,0.000642483805298411,0.001123371027540866
GRU,recursive,variance,14,2023-09-14,2023-09-28,0.0006899169263853446,0.0010778721678052841
GRU,recursive,variance,14,2023-09-15,2023-09-29,0.0006526537878025389,0.0010495198260585155
GRU,recursive,variance,14,2023-09-16,2023-09-30,0.0006300505221724912,0.0010462740427075697
GRU,recursive,variance,14,2023-09-17,2023-10-01,0.0006394715613091471,0.0010393408205706363
GRU,recursive,variance,14,2023-09-18,2023-10-02,0.0006394715613091471,0.0010091964733077528
GRU,recursive,variance,14,2023-09-19,2023-10-03,0.0008929586378093965,0.0011074183820142828
GRU,recursive,variance,14,2023-09-20,2023-10-04,0.0008899873263008679,0.0011073271451529224
GRU,recursive,variance,14,2023-09-21,2023-10-05,0.0008365401705632375,0.0010852730971473118
GRU,recursive,variance,14,2023-09-22,2023-10-06,0.0008033361287065262,0.0010929573116555769
GRU,recursive,variance,14,2023-09-23,2023-10-07,0.0007754433396848715,0.0011068719071711012
GRU,recursive,variance,14,2023-09-24,2023-10-08,0.000761486602733201,0.0011049760285718265
GRU,recursive,variance,14,2023-09-25,2023-10-09,0.0007597507857682369,0.0010952802054857824
GRU,recursive,variance,14,2023-09-26,2023-10-10,0.0005752876132009871,0.0015508093214040256
GRU,recursive,variance,14,2023-09-27,2023-10-11,0.000566825591101747,0.0015975558827933793
GRU,recursive,variance,14,2023-09-28,2023-10-12,0.0005496950161238724,0.001689256499060393
GRU,recursive,variance,14,2023-09-29,2023-10-13,0.0005869637842570704,0.0016727277364522665
GRU,recursive,variance,14,2023-09-30,2023-10-14,0.0006300811004854004,0.00165756699793588
GRU,recursive,variance,14,2023-10-01,2023-10-15,0.0006238728756948235,0.0016683378879494637
GRU,recursive,variance,14,2023-10-02,2023-10-16,0.0005814928760014849,0.0016607705724093846
GRU,recursive,variance,14,2023-10-03,2023-10-17,0.00048148361449023826,0.0019657302407523596
GRU,recursive,variance,14,2023-10-04,2023-10-18,0.0004738329356074368,0.0019517658518430057
GRU,recursive,variance,14,2023-10-05,2023-10-19,0.00047181146145995736,0.001908819787241728
GRU,recursive,variance,14,2023-10-06,2023-10-20,0.0004729285660339617,0.0018857221097810936
GRU,recursive,variance,14,2023-10-07,2023-10-21,0.0004374093218738855,0.0018480062720149812
GRU,recursive,variance,14,2023-10-08,2023-10-22,0.0004154788721162042,0.0018237818833326477
GRU,recursive,variance,14,2023-10-09,2023-10-23,0.0004568701860475763,0.0018146555808863706
GRU,recursive,variance,14,2023-10-10,2023-10-24,0.002326625658999363,0.0015842319332311583
GRU,recursive,variance,14,2023-10-11,2023-10-25,0.002367027251880728,0.0015775836523291781
GRU,recursive,variance,14,2023-10-12,2023-10-26,0.002326792520895336,0.001539943437062247
GRU,recursive,variance,14,2023-10-13,2023-10-27,0.0024082027998961475,0.0015722299440005943
GRU,recursive,variance,14,2023-10-14,2023-10-28,0.0022887113804897536,0.0016199645104192767
GRU,recursive,variance,14,2023-10-15,2023-10-29,0.0022219537735702942,0.001614861299879663
GRU,recursive,variance,14,2023-10-16,2023-10-30,0.0024187942425720776,0.0015721414208652812
GRU,recursive,variance,14,2023-10-17,2023-10-31,0.0035504041255830826,0.001458207247093772
GRU,recursive,variance,14,2023-10-18,2023-11-01,0.003556723854263085,0.0014485993765647443
GRU,recursive,variance,14,2023-10-19,2023-11-02,0.0033968165992652147,0.0014353212680979048
GRU,recursive,variance,14,2023-10-20,2023-11-03,0.003113204657069469,0.0014289226360757207
GRU,recursive,variance,14,2023-10-21,2023-11-04,0.002950010428996133,0.0013847970330523594
GRU,recursive,variance,14,2023-10-22,2023-11-05,0.002778143245212416,0.0013592965251337501
GRU,recursive,variance,14,2023-10-23,2023-11-06,0.0029115795715604896,0.0014058723026972016
GRU,recursive,variance,14,2023-10-24,2023-11-07,0.004532434083815537,0.0037682276619270356
GRU,recursive,variance,14,2023-10-25,2023-11-08,0.006866491923495651,0.003768857135037629
GRU,recursive,variance,14,2023-10-26,2023-11-09,0.006302354882784801,0.003966240708822554
GRU,recursive,variance,14,2023-10-27,2023-11-10,0.006302354882784801,0.004237613313539937
GRU,recursive,variance,14,2023-10-28,2023-11-11,0.006087987171795348,0.004004309692804938
GRU,recursive,variance,14,2023-10-29,2023-11-12,0.005764543417066962,0.003929015178728719
GRU,recursive,variance,14,2023-10-30,2023-11-13,0.005784915557782489,0.004176319955881875
GRU,recursive,variance,14,2023-10-31,2023-11-14,0.006466968942572113,0.00578715812307899
GRU,recursive,variance,14,2023-11-01,2023-11-15,0.006544576718325881,0.005571603105685138
GRU,recursive,variance,14,2023-11-02,2023-11-16,0.0061325646012167995,0.005545166571028412
GRU,recursive,variance,14,2023-11-03,2023-11-17,0.005651271282794902,0.005198996439848124
GRU,recursive,variance,14,2023-11-04,2023-11-18,0.005144009578300682,0.0049343313865929
GRU,recursive,variance,14,2023-11-05,2023-11-19,0.0049435952911992724,0.0046396212945315745
GRU,recursive,variance,14,2023-11-06,2023-11-20,0.005326693471476779,0.004806369100057831
GRU,recursive,variance,14,2023-11-07,2023-11-21,0.007045119651666161,0.0072537284903290596
GRU,recursive,variance,14,2023-11-08,2023-11-22,0.006638944352843266,0.010516236632319488
GRU,recursive,variance,14,2023-11-09,2023-11-23,0.006449573455375175,0.009353227724337084
GRU,recursive,variance,14,2023-11-10,2023-11-24,0.006103979208405871,0.010257339930816312
GRU,recursive,variance,14,2023-11-11,2023-11-25,0.005335581060778976,0.009902120260845523
GRU,recursive,variance,14,2023-11-12,2023-11-26,0.004833963564434694,0.009352210591981516
GRU,recursive,variance,14,2023-11-13,2023-11-27,0.0044179930773674166,0.009515213622561199
GRU,recursive,variance,14,2023-11-14,2023-11-28,0.007121497827241561,0.01042345403260265
GRU,recursive,variance,14,2023-11-15,2023-11-29,0.00743543893761968,0.010284559354562833
GRU,recursive,variance,14,2023-11-16,2023-11-30,0.007051408807597839,0.009706866474928596
GRU,recursive,variance,14,2023-11-17,2023-12-01,0.006819459958299832,0.009038614079955366
GRU,recursive,variance,14,2023-11-18,2023-12-02,0.006682875365397521,0.008153126885081628
GRU,recursive,variance,14,2023-11-19,2023-12-03,0.006461061053259893,0.007816733960935712
GRU,recursive,variance,14,2023-11-20,2023-12-04,0.0064424057833106195,0.008382524966955709
GRU,recursive,variance,14,2023-11-21,2023-12-05,0.01386162050984279,0.010990521352690538
GRU,recursive,variance,14,2023-11-22,2023-12-06,0.014733314538373307,0.00991525391558739
GRU,recursive,variance,14,2023-11-23,2023-12-07,0.01464720912899006,0.010199000888415185
GRU,recursive,variance,14,2023-11-24,2023-12-08,0.014807630902304534,0.009730677347427516
GRU,recursive,variance,14,2023-11-25,2023-12-09,0.014615998835686242,0.008360615651005949
GRU,recursive,variance,14,2023-11-26,2023-12-10,0.014761220987831213,0.007730515071283989
GRU,recursive,variance,14,2023-11-27,2023-12-11,0.01461860026247642,0.006903667516158141
GRU,recursive,variance,14,2023-11-28,2023-12-12,0.014941647455265002,0.011267085162254182
GRU,recursive,variance,14,2023-11-29,2023-12-13,0.016095311675156095,0.0109844310277804
GRU,recursive,variance,14,2023-11-30,2023-12-14,0.016517498158083437,0.010842976596334361
GRU,recursive,variance,14,2023-12-01,2023-12-15,0.01678542149933898,0.010952968505485782
GRU,recursive,variance,14,2023-12-02,2023-12-16,0.017495506507940402,0.010617217746338434
GRU,recursive,variance,14,2023-12-03,2023-12-17,0.018359489248674435,0.010337415501358986
GRU,recursive,variance,14,2023-12-04,2023-12-18,0.020156902205652395,0.010320612332339588
GRU,recursive,variance,14,2023-12-05,2023-12-19,0.008963707714350658,0.015979335564028734
GRU,recursive,variance,14,2023-12-06,2023-12-20,0.00711689341658573,0.0159973945619635
GRU,recursive,variance,14,2023-12-07,2023-12-21,0.007517494053368169,0.016176936235897433
GRU,recursive,variance,14,2023-12-08,2023-12-22,0.008392024072682604,0.016377819876122194
GRU,recursive,variance,14,2023-12-09,2023-12-23,0.008953787347405474,0.016414503440333048
GRU,recursive,variance,14,2023-12-10,2023-12-24,0.009105152415718302,0.016523300085367856
GRU,recursive,variance,14,2023-12-11,2023-12-25,0.008282130307594261,0.016564232982738444
GRU,recursive,variance,14,2023-12-12,2023-12-26,0.0020113465048703532,0.016660099933897783
GRU,recursive,variance,14,2023-12-13,2023-12-27,0.0018410522415078312,0.016808073987798076
GRU,recursive,variance,14,2023-12-14,2023-12-28,0.002019814239796979,0.016831728104347278
GRU,recursive,variance,14,2023-12-15,2023-12-29,0.0024299302550433214,0.01684047615513221
GRU,recursive,variance,14,2023-12-16,2023-12-30,0.0023222944838322923,0.01686452394287332
GRU,recursive,variance,14,2023-12-17,2023-12-31,0.0025479636978601007,0.01686480182842055
GRU,recursive,variance,14,2023-12-18,2024-01-01,0.0025479636978601007,0.01687283557084369
GRU,recursive,variance,14,2023-12-19,2024-01-02,0.0022849540751350315,0.014141225094860911
GRU,recursive,variance,14,2023-12-20,2024-01-03,0.007776752602378338,0.013671179910402738
GRU,recursive,variance,14,2023-12-21,2024-01-04,0.008513044684147125,0.013859659345447115
GRU,recursive,variance,14,2023-12-22,2024-01-05,0.00875527598737923,0.014037715400493927
GRU,recursive,variance,14,2023-12-23,2024-01-06,0.008300855185933704,0.014304293143533375
GRU,recursive,variance,14,2023-12-24,2024-01-07,0.009098881736502673,0.01429289983609692
GRU,recursive,variance,14,2023-12-25,2024-01-08,0.010302676209616257,0.0132553509087363
GRU,recursive,variance,14,2023-12-26,2024-01-09,0.009254107790123032,0.0019526631905892712
GRU,recursive,variance,14,2023-12-27,2024-01-10,0.00943105717515276,0.003316608426831385
GRU,recursive,variance,14,2023-12-28,2024-01-11,0.009107329898329148,0.0036088994895777157
GRU,recursive,variance,14,2023-12-29,2024-01-12,0.01006383238041389,0.003741800701852465
GRU,recursive,variance,14,2023-12-30,2024-01-13,0.011078545227567719,0.0033477311627918096
GRU,recursive,variance,14,2023-12-31,2024-01-14,0.011078545227567719,0.003758930742653382
GRU,recursive,variance,14,2024-01-01,2024-01-15,0.009876347764990764,0.0038485307957944453
GRU,recursive,variance,14,2024-01-02,2024-01-16,0.009173524501162886,0.003611888540528055
GRU,recursive,variance,14,2024-01-03,2024-01-17,0.002291764212101642,0.011554125791343704
GRU,recursive,variance,14,2024-01-04,2024-01-18,0.002070680574081249,0.011792092901582868
GRU,recursive,variance,14,2024-01-05,2024-01-19,0.001904382876444147,0.012712110493005828
GRU,recursive,variance,14,2024-01-06,2024-01-20,0.0017373894656719459,0.012811939985189615
GRU,recursive,variance,14,2024-01-07,2024-01-21,0.001896301953828873,0.01366262156994332
GRU,recursive,variance,14,2024-01-08,2024-01-22,0.001813649031606752,0.014631602238524787
GRU,recursive,variance,14,2024-01-09,2024-01-23,0.0018962311819938303,0.013825425983609438
GRU,recursive,variance,14,2024-01-10,2024-01-24,0.0018914832491605984,0.014413490585030534
GRU,recursive,variance,14,2024-01-11,2024-01-25,0.001699086466725697,0.014122396567718427
GRU,recursive,variance,14,2024-01-12,2024-01-26,0.001699086466725697,0.014962451702266975
GRU,recursive,variance,14,2024-01-13,2024-01-27,0.0012348420939963895,0.015523318255752877
GRU,recursive,variance,14,2024-01-14,2024-01-28,0.0012348420939963895,0.015507629300898815
GRU,recursive,variance,14,2024-01-15,2024-01-29,0.0012434337360462456,0.01487059805968399
GRU,recursive,variance,14,2024-01-16,2024-01-30,0.0006950486595035895,0.014523853898903732
GRU,recursive,variance,14,2024-01-17,2024-01-31,0.0004783364715494947,0.0022544455867265834
GRU,recursive,variance,14,2024-01-18,2024-02-01,0.0005207185266750876,0.0037280072916006267
GRU,recursive,variance,14,2024-02-01,2024-02-15,0.00323943232439572,0.0015276438147087555
GRU,recursive,variance,28,2023-05-01,2023-05-29,0.0005165039138387742,0.003375675248808732
GRU,recursive,variance,28,2023-05-02,2023-05-30,0.000396534719328378,0.002699411823211895
GRU,recursive,variance,28,2023-05-03,2023-05-31,0.0003612216101206669,0.00279623289261633
GRU,recursive,variance,28,2023-05-04,2023-06-01,0.00036779103154906064,0.0033020470460247402
GRU,recursive,variance,28,2023-05-05,2023-06-02,0.0003706641551886727,0.0033963445450369174
GRU,recursive,variance,28,2023-05-06,2023-06-03,0.00037567529558119126,0.0038612458408978554
GRU,recursive,variance,28,2023-05-07,2023-06-04,0.00037879015378993196,0.0040643726053235804
GRU,recursive,variance,28,2023-05-08,2023-06-05,0.00031668612824860325,0.004204068430958699
GRU,recursive,variance,28,2023-05-09,2023-06-06,8.242633513760308e-05,0.004121397925986999
GRU,recursive,variance,28,2023-05-10,2023-06-07,9.624188303081485e-05,0.004162357543121745
GRU,recursive,variance,28,2023-05-11,2023-06-08,0.00010380435104511207,0.004283451736945013
GRU,recursive,variance,28,2023-05-12,2023-06-09,0.00010747163506636533,0.004797632627837367
GRU,recursive,variance,28,2023-05-13,2023-06-10,0.00010446051684804562,0.0050858996941016855
GRU,recursive,variance,28,2023-05-14,2023-06-11,0.00010479076615257291,0.005764102974576305
GRU,recursive,variance,28,2023-05-15,2023-06-12,0.00010474173474624883,0.005716111160844896
GRU,recursive,variance,28,2023-05-16,2023-06-13,6.469446961682607e-05,0.004508321932118024
GRU,recursive,variance,28,2023-05-17,2023-06-14,9.423757255570466e-05,0.0048341710146629704
GRU,recursive,variance,28,2023-05-18,2023-06-15,0.00012100580670343002,0.0030141955834254103
GRU,recursive,variance,28,2023-05-19,2023-06-16,0.00014281659105401434,0.003245199634457666
GRU,recursive,variance,28,2023-05-20,2023-06-17,0.00014074980416563975,0.0031635268900125197
GRU,recursive,variance,28,2023-05-21,2023-06-18,0.0001406241991228432,0.003053815538384746
GRU,recursive,variance,28,2023-05-22,2023-06-19,0.0001386858046172259,0.003057253704037621
GRU,recursive,variance,28,2023-05-23,2023-06-20,0.00011760469988271101,0.0016009827760457504
GRU,recursive,variance,28,2023-05-24,2023-06-21,0.000120034800592035,0.0015190996691240445
GRU,recursive,variance,28,2023-05-25,2023-06-22,0.00012387075776166634,0.0014171776297435524
GRU,recursive,variance,28,2023-05-26,2023-06-23,0.0001257714385614887,0.0013264429607838942
GRU,recursive,variance,28,2023-05-27,2023-06-24,0.0001358986254905031,0.0013192858492897972
GRU,recursive,variance,28,2023-05-28,2023-06-25,0.0001296025800320577,0.0013260633174681665
GRU,recursive,variance,28,2023-05-29,2023-06-26,0.00010938329996854319,0.0013228011125954993
GRU,recursive,variance,28,2023-05-30,2023-06-27,0.00012150273778285357,0.0012202416955075172
GRU,recursive,variance,28,2023-05-31,2023-06-28,0.00011365301432943044,0.0011956492142408365
GRU,recursive,variance,28,2023-06-01,2023-06-29,0.00010157736211233028,0.001195455384618349
GRU,recursive,variance,28,2023-06-02,2023-06-30,8.369138246784943e-05,0.0011877800210319607
GRU,recursive,variance,28,2023-06-03,2023-07-01,8.281965861820725e-05,0.0011893908888135634
GRU,recursive,variance,28,2023-06-04,2023-07-02,8.309215793671043e-05,0.0011922848062702694
GRU,recursive,variance,28,2023-06-05,2023-07-03,7.430987919036254e-05,0.0011369272442196374
GRU,recursive,variance,28,2023-06-06,2023-07-04,9.421657124288995e-05,0.0009309431350143961
GRU,recursive,variance,28,2023-06-07,2023-07-05,8.768492552391355e-05,0.0009395053721060883
GRU,recursive,variance,28,2023-06-08,2023-07-06,8.072378920634389e-05,0.0009237648147074995
GRU,recursive,variance,28,2023-06-09,2023-07-07,8.099134228211503e-05,0.0009085793047430926
GRU,recursive,variance,28,2023-06-10,2023-07-08,7.73546532432404e-05,0.0009024362082987456
GRU,recursive,variance,28,2023-06-11,2023-07-09,7.991587560407396e-05,0.0009018414152153804
GRU,recursive,variance,28,2023-06-12,2023-07-10,7.838855917153161e-05,0.0009012195127046312
GRU,recursive,variance,28,2023-06-13,2023-07-11,4.110197372174843e-05,0.0008666314459977723
GRU,recursive,variance,28,2023-06-14,2023-07-12,4.295705493103402e-05,0.0008923455450311098
GRU,recursive,variance,28,2023-06-15,2023-07-13,4.381126794360352e-05,0.0009132769176127326
GRU,recursive,variance,28,2023-06-16,2023-07-14,4.930382379909738e-05,0.0009318730941394029
GRU,recursive,variance,28,2023-06-17,2023-07-15,5.165058902079529e-05,0.0009339115338136893
GRU,recursive,variance,28,2023-06-18,2023-07-16,5.2713073233251855e-05,0.0009379899718151711
GRU,recursive,variance,28,2023-06-19,2023-07-17,5.085755326524275e-05,0.0009385590471255354
GRU,recursive,variance,28,2023-06-20,2023-07-18,2.2425920283682633e-05,0.0009208209090253499
GRU,recursive,variance,28,2023-06-21,2023-07-19,2.2270049090947326e-05,0.0009229569315049839
GRU,recursive,variance,28,2023-06-22,2023-07-20,2.3170543472659755e-05,0.0009246443959438357
GRU,recursive,variance,28,2023-06-23,2023-07-21,2.310975956974895e-05,0.0009247586786017813
GRU,recursive,variance,28,2023-06-24,2023-07-22,2.3139638278931333e-05,0.0009335470316976504
GRU,recursive,variance,28,2023-06-25,2023-07-23,2.478480415949975e-05,0.0009283765346686106
GRU,recursive,variance,28,2023-06-26,2023-07-24,2.8139717463203465e-05,0.0009116074333485113
GRU,recursive,variance,28,2023-06-27,2023-07-25,7.142798415736174e-05,0.0009223913074974899
GRU,recursive,variance,28,2023-06-28,2023-07-26,8.235936714938586e-05,0.0009138778339753838
GRU,recursive,variance,28,2023-06-29,2023-07-27,9.128063129160166e-05,0.0009026229126507912
GRU,recursive,variance,28,2023-06-30,2023-07-28,9.506478387373946e-05,0.0008869349041217107
GRU,recursive,variance,28,2023-07-01,2023-07-29,0.00010580842722636319,0.00088457788692603
GRU,recursive,variance,28,2023-07-02,2023-07-30,0.00011934129099542907,0.0008823450053013277
GRU,recursive,variance,28,2023-07-03,2023-07-31,0.00012883436723465765,0.0008730011037756987
GRU,recursive,variance,28,2023-07-04,2023-08-01,0.00018365613183454166,0.0008896256400384747
GRU,recursive,variance,28,2023-07-05,2023-08-02,0.000185023988470554,0.0008833094774550372
GRU,recursive,variance,28,2023-07-06,2023-08-03,0.00018488517508017052,0.0008779713695720887
GRU,recursive,variance,28,2023-07-07,2023-08-04,0.00018375088880091134,0.0008790434444427046
GRU,recursive,variance,28,2023-07-08,2023-08-05,0.00018377196645002374,0.0008752771823524546
GRU,recursive,variance,28,2023-07-09,2023-08-06,0.00018383142567923402,0.0008769677084309493
GRU,recursive,variance,28,2023-07-10,2023-08-07,0.0001784317145476015,0.0008753349081762683
GRU,recursive,variance,28,2023-07-11,2023-08-08,0.00012779073808994002,0.0008429469357168443
GRU,recursive,variance,28,2023-07-12,2023-08-09,0.00012122449230434965,0.0008441517187494389
GRU,recursive,variance,28,2023-07-13,2023-08-10,0.00011394510416389328,0.0008420322847900523
GRU,recursive,variance,28,2023-07-14,2023-08-11,0.00010698230582982533,0.0008439964657864529
GRU,recursive,variance,28,2023-07-15,2023-08-12,9.323903648804923e-05,0.0008454728997546413
GRU,recursive,variance,28,2023-07-16,2023-08-13,7.626276289023492e-05,0.0008466259689103575
GRU,recursive,variance,28,2023-07-17,2023-08-14,8.581592535690787e-05,0.000845519882006617
GRU,recursive,variance,28,2023-07-18,2023-08-15,7.23481925503755e-05,0.000821405406187466
GRU,recursive,variance,28,2023-07-19,2023-08-16,7.23481737697382e-05,0.0008210414050670051
GRU,recursive,variance,28,2023-07-20,2023-08-17,7.390151364585568e-05,0.0008196770827759245
GRU,recursive,variance,28,2023-07-21,2023-08-18,7.204749658350661e-05,0.0008174383005366375
GRU,recursive,variance,28,2023-07-22,2023-08-19,7.271064563097273e-05,0.0008168883743905856
GRU,recursive,variance,28,2023-07-23,2023-08-20,7.824173525178751e-05,0.0008181243861475384
GRU,recursive,variance,28,2023-07-24,2023-08-21,7.951995184335658e-05,0.0008209242277679425
GRU,recursive,variance,28,2023-07-25,2023-08-22,0.00015163143703733931,0.0008583912377303448
GRU,recursive,variance,28,2023-07-26,2023-08-23,0.00013322797930124714,0.0008688045978163491
GRU,recursive,variance,28,2023-07-27,2023-08-24,0.00011996258029397116,0.0008802241240213827
GRU,recursive,variance,28,2023-07-28,2023-08-25,0.00011156647897391821,0.0008879174677824013
GRU,recursive,variance,28,2023-07-29,2023-08-26,0.00010897692990039453,0.0008998144427732114
GRU,recursive,variance,28,2023-07-30,2023-08-27,0.00010901224310894494,0.0009132834862214212
GRU,recursive,variance,28,2023-07-31,2023-08-28,0.00013649248900412337,0.000923241385660903
GRU,recursive,variance,28,2023-08-01,2023-08-29,0.00015483505065035216,0.0009732671301063984
GRU,recursive,variance,28,2023-08-02,2023-08-30,0.0001543154806848623,0.0009768358329404142
GRU,recursive,variance,28,2023-08-03,2023-08-31,0.00014779009020219906,0.0009819841191654986
GRU,recursive,variance,28,2023-08-04,2023-09-01,0.0001426886957580896,0.0009857011166905846
GRU,recursive,variance,28,2023-08-05,2023-09-02,0.00014694360979875044,0.0009869945759404745
GRU,recursive,variance,28,2023-08-06,2023-09-03,0.00015129085803526501,0.00098737126894891
GRU,recursive,variance,28,2023-08-07,2023-09-04,0.00022935009456921467,0.0009826964792111537
GRU,recursive,variance,28,2023-08-08,2023-09-05,0.000276726194928063,0.0009382244377456469
GRU,recursive,variance,28,2023-08-09,2023-09-06,0.0002790904220727402,0.0009317432249523658
GRU,recursive,variance,28,2023-08-10,2023-09-07,0.00027489549671895345,0.0009209468259139389
GRU,recursive,variance,28,2023-08-11,2023-09-08,0.00028330939263897513,0.0009101555481636418
GRU,recursive,variance,28,2023-08-12,2023-09-09,0.0002754632998991001,0.00089593289603386
GRU,recursive,variance,28,2023-08-13,2023-09-10,0.0002713695421940814,0.0008794091155484253
GRU,recursive,variance,28,2023-08-14,2023-09-11,0.00021782435243145393,0.0008855248242345115
GRU,recursive,variance,28,2023-08-15,2023-09-12,0.00022842128146465836,0.0008713681921886671
GRU,recursive,variance,28,2023-08-16,2023-09-13,0.00023710147034273002,0.0008703373659539683
GRU,recursive,variance,28,2023-08-17,2023-09-14,0.00020004732675732388,0.0008709984017859721
GRU,recursive,variance,28,2023-08-18,2023-09-15,0.0001753653299908146,0.0008684564615558563
GRU,recursive,variance,28,2023-08-19,2023-09-16,0.00017490674414699905,0.0008689178228169635
GRU,recursive,variance,28,2023-08-20,2023-09-17,0.00017227144367642561,0.0008736966526364052
GRU,recursive,variance,28,2023-08-21,2023-09-18,0.00014747519878003396,0.0008748199960544968
GRU,recursive,variance,28,2023-08-22,2023-09-19,0.000234623025145279,0.000937960468742248
GRU,recursive,variance,28,2023-08-23,2023-09-20,0.00023466342656615943,0.0009231291069852692
GRU,recursive,variance,28,2023-08-24,2023-09-21,0.000210334678073935,0.0009171980986689167
GRU,recursive,variance,28,2023-08-25,2023-09-22,0.0002123798596343575,0.0009141561091858416
GRU,recursive,variance,28,2023-08-26,2023-09-23,0.0002246940607239335,0.0009109607593897417
GRU,recursive,variance,28,2023-08-27,2023-09-24,0.0002238126591864298,0.0009094910053625923
GRU,recursive,variance,28,2023-08-28,2023-09-25,0.00021487360892103117,0.0009324260262589225
GRU,recursive,variance,28,2023-08-29,2023-09-26,0.000606349155093807,0.0009480594262700075
GRU,recursive,variance,28,2023-08-30,2023-09-27,0.000642483805298411,0.000949517100737111
GRU,recursive,variance,28,2023-08-31,2023-09-28,0.0006899169263853446,0.0009472436941367709
GRU,recursive,variance,28,2023-09-01,2023-09-29,0.0006526537878025389,0.0009446837737320245
GRU,recursive,variance,28,2023-09-02,2023-09-30,0.0006300505221724912,0.0009484230377272411
GRU,recursive,variance,28,2023-09-03,2023-10-01,0.0006394715613091471,0.0009515981807016975
GRU,recursive,variance,28,2023-09-04,2023-10-02,0.0006394715613091471,0.001019965985583497
GRU,recursive,variance,28,2023-09-05,2023-10-03,0.0008929586378093965,0.0010626901648099227
GRU,recursive,variance,28,2023-09-06,2023-10-04,0.0008899873263008679,0.0010711775308958006
GRU,recursive,variance,28,2023-09-07,2023-10-05,0.0008365401705632375,0.0010774839518985558
GRU,recursive,variance,28,2023-09-08,2023-10-06,0.0008033361287065262,0.0010905187435130428
GRU,recursive,variance,28,2023-09-09,2023-10-07,0.0007754433396848715,0.0010848808176097849
GRU,recursive,variance,28,2023-09-10,2023-10-08,0.000761486602733201,0.001082287553166018
GRU,recursive,variance,28,2023-09-11,2023-10-09,0.0007597507857682369,0.001034947534681507
GRU,recursive,variance,28,2023-09-12,2023-10-10,0.0005752876132009871,0.0010434179782500856
GRU,recursive,variance,28,2023-09-13,2023-10-11,0.000566825591101747,0.0010462690327517903
GRU,recursive,variance,28,2023-09-14,2023-10-12,0.0005496950161238724,0.001009792602379326
GRU,recursive,variance,28,2023-09-15,2023-10-13,0.0005869637842570704,0.0009883684728137115
GRU,recursive,variance,28,2023-09-16,2023-10-14,0.0006300811004854004,0.0009854296884196918
GRU,recursive,variance,28,2023-09-17,2023-10-15,0.0006238728756948235,0.0009782653403228024
GRU,recursive,variance,28,2023-09-18,2023-10-16,0.0005814928760014849,0.0009539126689394287
GRU,recursive,variance,28,2023-09-19,2023-10-17,0.00048148361449023826,0.0010293917720530315
GRU,recursive,variance,28,2023-09-20,2023-10-18,0.0004738329356074368,0.0010274013166218768
GRU,recursive,variance,28,2023-09-21,2023-10-19,0.00047181146145995736,0.0010106023782318024
GRU,recursive,variance,28,2023-09-22,2023-10-20,0.0004729285660339617,0.0010189084952508167
GRU,recursive,variance,28,2023-09-23,2023-10-21,0.0004374093218738855,0.001029527875851705
GRU,recursive,variance,28,2023-09-24,2023-10-22,0.0004154788721162042,0.0010276308839289238
GRU,recursive,variance,28,2023-09-25,2023-10-23,0.0004568701860475763,0.001020811109457306
GRU,recursive,variance,28,2023-09-26,2023-10-24,0.002326625658999363,0.0013725691783154077
GRU,recursive,variance,28,2023-09-27,2023-10-25,0.002367027251880728,0.0014042251405692863
GRU,recursive,variance,28,2023-09-28,2023-10-26,0.002326792520895336,0.0014792464728900904
GRU,recursive,variance,28,2023-09-29,2023-10-27,0.0024082027998961475,0.0014794168392196776
GRU,recursive,variance,28,2023-09-30,2023-10-28,0.0022887113804897536,0.001472130804863524
GRU,recursive,variance,28,2023-10-01,2023-10-29,0.0022219537735702942,0.0014852510997233124
GRU,recursive,variance,28,2023-10-02,2023-10-30,0.0024187942425720776,0.0014821442034798065
GRU,recursive,variance,28,2023-10-03,2023-10-31,0.0035504041255830826,0.0017188919739815282
GRU,recursive,variance,28,2023-10-04,2023-11-01,0.003556723854263085,0.0017081296704754886
GRU,recursive,variance,28,2023-10-05,2023-11-02,0.0033968165992652147,0.0016788760376840067
GRU,recursive,variance,28,2023-10-06,2023-11-03,0.003113204657069469,0.0016703766477042582
GRU,recursive,variance,28,2023-10-07,2023-11-04,0.002950010428996133,0.0016421084384232241
GRU,recursive,variance,28,2023-10-08,2023-11-05,0.002778143245212416,0.0016235604200964834
GRU,recursive,variance,28,2023-10-09,2023-11-06,0.0029115795715604896,0.001617200594356774
GRU,recursive,variance,28,2023-10-10,2023-11-07,0.004532434083815537,0.0014391261346807438
GRU,recursive,variance,28,2023-10-11,2023-11-08,0.006866491923495651,0.0014344622555133519
GRU,recursive,variance,28,2023-10-12,2023-11-09,0.006302354882784801,0.0014020517104198328
GRU,recursive,variance,28,2023-10-13,2023-11-10,0.006302354882784801,0.0014202169194171242
GRU,recursive,variance,28,2023-10-14,2023-11-11,0.006087987171795348,0.0014546326714782595
GRU,recursive,variance,28,2023-10-15,2023-11-12,0.005764543417066962,0.0014483743460509864
GRU,recursive,variance,28,2023-10-16,2023-11-13,0.005784915557782489,0.001415248657603046
GRU,recursive,variance,28,2023-10-17,2023-11-14,0.006466968942572113,0.0013280575025330682
GRU,recursive,variance,28,2023-10-18,2023-11-15,0.006544576718325881,0.0013203230771346585
GRU,recursive,variance,28,2023-10-19,2023-11-16,0.0061325646012167995,0.0013074949740291596
GRU,recursive,variance,28,2023-10-20,2023-11-17,0.005651271282794902,0.0012993841896193664
GRU,recursive,variance,28,2023-10-21,2023-11-18,0.005144009578300682,0.0012644738157573663
GRU,recursive,variance,28,2023-10-22,2023-11-19,0.0049435952911992724,0.0012440903653394835
GRU,recursive,variance,28,2023-10-23,2023-11-20,0.005326693471476779,0.0012786916805960702
GRU,recursive,variance,28,2023-10-24,2023-11-21,0.007045119651666161,0.0031086459417550344
GRU,recursive,variance,28,2023-10-25,2023-11-22,0.006638944352843266,0.00308677013684282
GRU,recursive,variance,28,2023-10-26,2023-11-23,0.006449573455375175,0.0032433367102341847
GRU,recursive,variance,28,2023-10-27,2023-11-24,0.006103979208405871,0.0035366405633744085
GRU,recursive,variance,28,2023-10-28,2023-11-25,0.005335581060778976,0.003366761424153677
GRU,recursive,variance,28,2023-10-29,2023-11-26,0.004833963564434694,0.0033320168241617997
GRU,recursive,variance,28,2023-10-30,2023-11-27,0.0044179930773674166,0.003562307123494017
GRU,recursive,variance,28,2023-10-31,2023-11-28,0.007121497827241561,0.004847333838480708
GRU,recursive,variance,28,2023-11-01,2023-11-29,0.00743543893761968,0.004687876520604631
GRU,recursive,variance,28,2023-11-02,2023-11-30,0.007051408807597839,0.004671466354783038
GRU,recursive,variance,28,2023-11-03,2023-12-01,0.006819459958299832,0.004466542686217769
GRU,recursive,variance,28,2023-11-04,2023-12-02,0.006682875365397521,0.004252578830779454
GRU,recursive,variance,28,2023-11-05,2023-12-03,0.006461061053259893,0.004037664197066559
GRU,recursive,variance,28,2023-11-06,2023-12-04,0.0064424057833106195,0.004176622557210951
GRU,recursive,variance,28,2023-11-07,2023-12-05,0.01386162050984279,0.006172230894883354
GRU,recursive,variance,28,2023-11-08,2023-12-06,0.014733314538373307,0.00907751315794422
GRU,recursive,variance,28,2023-11-09,2023-12-07,0.01464720912899006,0.007975359403487708
GRU,recursive,variance,28,2023-11-10,2023-12-08,0.014807630902304534,0.00876159158110703
GRU,recursive,variance,28,2023-11-11,2023-12-09,0.014615998835686242,0.008576666765354311
GRU,recursive,variance,28,2023-11-12,2023-12-10,0.014761220987831213,0.007999598682871941
GRU,recursive,variance,28,2023-11-13,2023-12-11,0.01461860026247642,0.008255729888784891
GRU,recursive,variance,28,2023-11-14,2023-12-12,0.014941647455265002,0.009094496240042277
GRU,recursive,variance,28,2023-11-15,2023-12-13,0.016095311675156095,0.008962810109042558
GRU,recursive,variance,28,2023-11-16,2023-12-14,0.016517498158083437,0.008501876809491252
GRU,recursive,variance,28,2023-11-17,2023-12-15,0.01678542149933898,0.007990237858829014
GRU,recursive,variance,28,2023-11-18,2023-12-16,0.017495506507940402,0.00726732127968502
GRU,recursive,variance,28,2023-11-19,2023-12-17,0.018359489248674435,0.007005087724968063
GRU,recursive,variance,28,2023-11-20,2023-12-18,0.020156902205652395,0.0074837580492960465
GRU,recursive,variance,28,2023-11-21,2023-12-19,0.008963707714350658,0.009726348745634116
GRU,recursive,variance,28,2023-11-22,2023-12-20,0.00711689341658573,0.008739953916092863
GRU,recursive,variance,28,2023-11-23,2023-12-21,0.007517494053368169,0.00894272664364351
GRU,recursive,variance,28,2023-11-24,2023-12-22,0.008392024072682604,0.008631320261619412
GRU,recursive,variance,28,2023-11-25,2023-12-23,0.008953787347405474,0.007396677447250267
GRU,recursive,variance,28,2023-11-26,2023-12-24,0.009105152415718302,0.0069318680005786195
GRU,recursive,variance,28,2023-11-27,2023-12-25,0.008282130307594261,0.006277072569493553
GRU,recursive,variance,28,2023-11-28,2023-12-26,0.0020113465048703532,0.010004628854715432
GRU,recursive,variance,28,2023-11-29,2023-12-27,0.0018410522415078312,0.00969668802610247
GRU,recursive,variance,28,2023-11-30,2023-12-28,0.002019814239796979,0.009458737838380605
GRU,recursive,variance,28,2023-12-01,2023-12-29,0.0024299302550433214,0.009673756233844309
GRU,recursive,variance,28,2023-12-02,2023-12-30,0.0023222944838322923,0.009325559408552729
GRU,recursive,variance,28,2023-12-03,2023-12-31,0.0025479636978601007,0.00907322864376168
GRU,recursive,variance,28,2023-12-04,2024-01-01,0.0025479636978601007,0.009117058408896268
GRU,recursive,variance,28,2023-12-05,2024-01-02,0.0022849540751350315,0.014081875154715852
GRU,recursive,variance,28,2023-12-06,2024-01-03,0.007776752602378338,0.01402762868952474
GRU,recursive,variance,28,2023-12-07,2024-01-04,0.008513044684147125,0.014084229165938066
GRU,recursive,variance,28,2023-12-08,2024-01-05,0.00875527598737923,0.01419428520252346
GRU,recursive,variance,28,2023-12-09,2024-01-06,0.008300855185933704,0.01416607892882075
GRU,recursive,variance,28,2023-12-10,2024-01-07,0.009098881736502673,0.014208677358157113
GRU,recursive,variance,28,2023-12-11,2024-01-08,0.010302676209616257,0.014206249422254066
GRU,recursive,variance,28,2023-12-12,2024-01-09,0.009254107790123032,0.014247918003797773
GRU,recursive,variance,28,2023-12-13,2024-01-10,0.00943105717515276,0.014337441682946287
GRU,recursive,variance,28,2023-12-14,2024-01-11,0.009107329898329148,0.014347731464123067
GRU,recursive,variance,28,2023-12-15,2024-01-12,0.01006383238041389,0.014356260412841913
GRU,recursive,variance,28,2023-12-16,2024-01-13,0.011078545227567719,0.014380737498127141
GRU,recursive,variance,28,2023-12-17,2024-01-14,0.011078545227567719,0.014395433368413375
GRU,recursive,variance,28,2023-12-18,2024-01-15,0.009876347764990764,0.01441750834690091
GRU,recursive,variance,28,2023-12-19,2024-01-16,0.009173524501162886,0.011371106094775365
GRU,recursive,variance,28,2023-12-20,2024-01-17,0.002291764212101642,0.011555562423996534
GRU,recursive,variance,28,2023-12-21,2024-01-18,0.002070680574081249,0.011940990568664184
GRU,recursive,variance,28,2023-12-22,2024-01-19,0.001904382876444147,0.01153167406418156
GRU,recursive,variance,28,2023-12-23,2024-01-20,0.0017373894656719459,0.01225860840519593
GRU,recursive,variance,28,2023-12-24,2024-01-21,0.001896301953828873,0.012244329363230541
GRU,recursive,variance,28,2023-12-25,2024-01-22,0.001813649031606752,0.011383550379601988
GRU,recursive,variance,28,2023-12-26,2024-01-23,0.0018962311819938303,0.0029180244722840894
GRU,recursive,variance,28,2023-12-27,2024-01-24,0.0018914832491605984,0.004192597190876788
GRU,recursive,variance,28,2023-12-28,2024-01-25,0.001699086466725697,0.0036087269244342033
GRU,recursive,variance,28,2023-12-29,2024-01-26,0.001699086466725697,0.0033447864221170303
GRU,recursive,variance,28,2023-12-30,2024-01-27,0.0012348420939963895,0.003276909982564839
GRU,recursive,variance,28,2023-12-31,2024-01-28,0.0012348420939963895,0.0035528538936000463
GRU,recursive,variance,28,2024-01-01,2024-01-29,0.0012434337360462456,0.0035247489323364297
GRU,recursive,variance,28,2024-01-02,2024-01-30,0.0006950486595035895,0.003284474681794678
GRU,recursive,variance,28,2024-01-03,2024-01-31,0.0004783364715494947,0.010306388511220123
GRU,recursive,variance,28,2024-01-04,2024-02-01,0.0005207185266750876,0.01037246292534464
GRU,recursive,variance,28,2024-01-18,2024-02-15,0.00323943232439572,0.0045804287783303395
GRU,recursive,variance,28,2024-01-19,2024-02-16,0.0032445118785910587,0.0035728823608178716
GRU,recursive,variance,28,2024-01-20,2024-02-17,0.003046079099253552,0.002611232148200467
GRU,recursive,variance,28,2024-01-21,2024-02-18,0.003300279798314407,0.0028949282421440133
GRU,recursive,variance,28,2024-01-22,2024-02-19,0.003300279798314407,0.0026977362713345634
GRU,recursive,variance,28,2024-01-23,2024-02-20,0.0032823384941475715,0.002769493422633476
GRU,recursive,variance,28,2024-01-24,2024-02-21,0.00375120796036845,0.0028097617772030164
GRU,recursive,variance,28,2024-01-25,2024-02-22,0.0032853792189320983,0.0026226135430754017
GRU,recursive,variance,28,2024-01-26,2024-02-23,0.002958318519448188,0.0026679509709025364
GRU,recursive,variance,28,2024-01-27,2024-02-24,0.002958318519448188,0.002181249520461652
GRU,recursive,variance,28,2024-01-28,2024-02-25,0.0036947005583286424,0.002211833686175792
GRU,recursive,variance,28,2024-01-29,2024-02-26,0.003284793914726736,0.0021797897306798865
GRU,recursive,variance,28,2024-01-30,2024-02-27,0.0026756511895678218,0.001600348153813939
GRU,recursive,variance,28,2024-01-31,2024-02-28,0.0025322602016737477,0.001431485868617899
GRU,recursive,variance,28,2024-02-01,2024-02-29,0.0028747610833487385,0.001427747049952085
LSTM,recursive,mean,14,2023-05-15,2023-05-29,0.042551361925533084,0.087247299149247
LSTM,recursive,mean,14,2023-05-16,2023-05-30,0.04043135449563707,0.07240276581241488
LSTM,recursive,mean,14,2023-05-17,2023-05-31,0.03795676346336498,0.06309544338915934
LSTM,recursive,mean,14,2023-05-18,2023-06-01,0.0373976908582477,0.04427121687816372
LSTM,recursive,mean,14,2023-05-19,2023-06-02,0.03690902293726377,0.03538281781977191
LSTM,recursive,mean,14,2023-05-20,2023-06-03,0.03622520779966677,0.03569701235268852
LSTM,recursive,mean,14,2023-05-21,2023-06-04,0.03448489307368162,0.04060876758939774
LSTM,recursive,mean,14,2023-05-22,2023-06-05,0.03225515634722982,0.04696969935526331
LSTM,recursive,mean,14,2023-05-23,2023-06-06,0.028847458859593642,0.04199419403726229
LSTM,recursive,mean,14,2023-05-24,2023-06-07,0.028145270889968054,0.029824013724686516
LSTM,recursive,mean,14,2023-05-25,2023-06-08,0.027810438343931678,0.017778830599814707
LSTM,recursive,mean,14,2023-05-26,2023-06-09,0.02761640273894596,0.013122994211164266
LSTM,recursive,mean,14,2023-05-27,2023-06-10,0.027761573235458626,0.012457340671618647
LSTM,recursive,mean,14,2023-05-28,2023-06-11,0.027631140122086423,0.017207321064044073
LSTM,recursive,mean,14,2023-05-29,2023-06-12,0.02762767224760617,0.022786892961708646
LSTM,recursive,mean,14,2023-05-30,2023-06-13,0.026644098206145692,0.026476204452439582
LSTM,recursive,mean,14,2023-05-31,2023-06-14,0.02504189692726691,0.027122633307863915
LSTM,recursive,mean,14,2023-06-01,2023-06-15,0.023385253504520125,0.028898009464130132
LSTM,recursive,mean,14,2023-06-02,2023-06-16,0.02142041114707139,0.03157867718974706
LSTM,recursive,mean,14,2023-06-03,2023-06-17,0.020512634232813375,0.03418405359393918
LSTM,recursive,mean,14,2023-06-04,2023-06-18,0.02026787013347333,0.03419633883761439
LSTM,recursive,mean,14,2023-06-05,2023-06-19,0.020176321577711504,0.03105682300149655
LSTM,recursive,mean,14,2023-06-06,2023-06-20,0.018046791735304078,0.023439723921687458
LSTM,recursive,mean,14,2023-06-07,2023-06-21,0.01782346923076451,0.01843596024692623
LSTM,recursive,mean,14,2023-06-08,2023-06-22,0.017466834157230875,0.016824457759751124
LSTM,recursive,mean,14,2023-06-09,2023-06-23,0.017089554682335775,0.01809659359416521
LSTM,recursive,mean,14,2023-06-10,2023-06-24,0.01693682862194099,0.02181905457605414
LSTM,recursive,mean,14,2023-06-11,2023-06-25,0.01640869622741816,0.02620342152409095
LSTM,recursive,mean,14,2023-06-12,2023-06-26,0.015725670490165287,0.030593836945368963
LSTM,recursive,mean,14,2023-06-13,2023-06-27,0.015951370470315467,0.032383900282671935
LSTM,recursive,mean,14,2023-06-14,2023-06-28,0.01704843124923566,0.030576228861536915
LSTM,recursive,mean,14,2023-06-15,2023-06-29,0.017797876758688304,0.02608035782707381
LSTM,recursive,mean,14,2023-06-16,2023-06-30,0.01877817819159672,0.01952204926964586
LSTM,recursive,mean,14,2023-06-17,2023-07-01,0.019028913999890686,0.014199916375425684
LSTM,recursive,mean,14,2023-06-18,2023-07-02,0.019183484327958265,0.011745926321613323
LSTM,recursive,mean,14,2023-06-19,2023-07-03,0.018556853209503864,0.011961939942646355
LSTM,recursive,mean,14,2023-06-20,2023-07-04,0.020850459390244182,0.010064257870748564
LSTM,recursive,mean,14,2023-06-21,2023-07-05,0.021286407339735632,0.009983740154070539
LSTM,recursive,mean,14,2023-06-22,2023-07-06,0.02164392810426926,0.011052524205512337
LSTM,recursive,mean,14,2023-06-23,2023-07-07,0.02163082518330223,0.012717613318183635
LSTM,recursive,mean,14,2023-06-24,2023-07-08,0.02120042551741052,0.014936126250889872
LSTM,recursive,mean,14,2023-06-25,2023-07-09,0.020921871382180292,0.016485228885423836
LSTM,recursive,mean,14,2023-06-26,2023-07-10,0.02064764913305339,0.0168942057955251
LSTM,recursive,mean,14,2023-06-27,2023-07-11,0.018759703832617464,0.018051328786066953
LSTM,recursive,mean,14,2023-06-28,2023-07-12,0.01825554387776106,0.021403230077795973
LSTM,recursive,mean,14,2023-06-29,2023-07-13,0.01815728668450978,0.025478215552868173
LSTM,recursive,mean,14,2023-06-30,2023-07-14,0.01766133925586516,0.030029445962008267
LSTM,recursive,mean,14,2023-07-01,2023-07-15,0.017142980076093314,0.03299368925995018
LSTM,recursive,mean,14,2023-07-02,2023-07-16,0.016451451474528863,0.03416569691395047
LSTM,recursive,mean,14,2023-07-03,2023-07-17,0.01614893541158249,0.032395781376274836
LSTM,recursive,mean,14,2023-07-04,2023-07-18,0.015398547098749276,0.03427052793156926
LSTM,recursive,mean,14,2023-07-05,2023-07-19,0.015337976231806149,0.03553012133589848
LSTM,recursive,mean,14,2023-07-06,2023-07-20,0.0151222191476377,0.035935052152662225
LSTM,recursive,mean,14,2023-07-07,2023-07-21,0.0151318451527297,0.03494014949000661
LSTM,recursive,mean,14,2023-07-08,2023-07-22,0.015154254307802536,0.03224895089943744
LSTM,recursive,mean,14,2023-07-09,2023-07-23,0.015521889627311635,0.02893901232601135
LSTM,recursive,mean,14,2023-07-10,2023-07-24,0.015734868603895745,0.02566868964490015
LSTM,recursive,mean,14,2023-07-11,2023-07-25,0.017499234629100403,0.01973550021181132
LSTM,recursive,mean,14,2023-07-12,2023-07-26,0.016882932317259604,0.01494750674951685
LSTM,recursive,mean,14,2023-07-13,2023-07-27,0.016304484167451897,0.012425348519304075
LSTM,recursive,mean,14,2023-07-14,2023-07-28,0.016094643447225748,0.011130199093840859
LSTM,recursive,mean,14,2023-07-15,2023-07-29,0.015495106124443202,0.010700651863582128
LSTM,recursive,mean,14,2023-07-16,2023-07-30,0.014786026774915318,0.010484243277705696
LSTM,recursive,mean,14,2023-07-17,2023-07-31,0.014613387658776041,0.011029354465571628
LSTM,recursive,mean,14,2023-07-18,2023-08-01,0.015829941411054087,0.011186334620361255
LSTM,recursive,mean,14,2023-07-19,2023-08-02,0.016129579912494238,0.012205660806704627
LSTM,recursive,mean,14,2023-07-20,2023-08-03,0.01683912208995456,0.013466967256226689
LSTM,recursive,mean,14,2023-07-21,2023-08-04,0.016979264306447285,0.015139257588368163
LSTM,recursive,mean,14,2023-07-22,2023-08-05,0.01716472437324465,0.01692505897945408
LSTM,recursive,mean,14,2023-07-23,2023-08-06,0.01668445586844775,0.019222174508609358
LSTM,recursive,mean,14,2023-07-24,2023-08-07,0.015999248513226764,0.021348238112275625
LSTM,recursive,mean,14,2023-07-25,2023-08-08,0.014443916390635279,0.02611601488572589
LSTM,recursive,mean,14,2023-07-26,2023-08-09,0.014858106806785343,0.027917963909246217
LSTM,recursive,mean,14,2023-07-27,2023-08-10,0.015395880126889437,0.02709535317798327
LSTM,recursive,mean,14,2023-07-28,2023-08-11,0.01597114731325099,0.02511157795545542
LSTM,recursive,mean,14,2023-07-29,2023-08-12,0.01727720521848292,0.021869986670393596
LSTM,recursive,mean,14,2023-07-30,2023-08-13,0.019287951589009554,0.01789733383067503
LSTM,recursive,mean,14,2023-07-31,2023-08-14,0.020337425227242575,0.014883301999393722
LSTM,recursive,mean,14,2023-08-01,2023-08-15,0.02004952460711604,0.015592420042170041
LSTM,recursive,mean,14,2023-08-02,2023-08-16,0.020050840739817603,0.01746184834992208
LSTM,recursive,mean,14,2023-08-03,2023-08-17,0.019636256420528776,0.020632910854752065
LSTM,recursive,mean,14,2023-08-04,2023-08-18,0.019839822585211185,0.023286748526705217
LSTM,recursive,mean,14,2023-08-05,2023-08-19,0.020202660464567774,0.02521467296480908
LSTM,recursive,mean,14,2023-08-06,2023-08-20,0.021500459689544008,0.025071176726068206
LSTM,recursive,mean,14,2023-08-07,2023-08-21,0.02251016703196554,0.022939491762305322
LSTM,recursive,mean,14,2023-08-08,2023-08-22,0.024969388540383552,0.017908548995181517
LSTM,recursive,mean,14,2023-08-09,2023-08-23,0.026200885200839522,0.014991099845952385
LSTM,recursive,mean,14,2023-08-10,2023-08-24,0.026835974681743178,0.01448274335159401
LSTM,recursive,mean,14,2023-08-11,2023-08-25,0.027203321512249412,0.015979232994896883
LSTM,recursive,mean,14,2023-08-12,2023-08-26,0.02742056385042249,0.020183160713492493
LSTM,recursive,mean,14,2023-08-13,2023-08-27,0.027367559848038212,0.027372636868500763
LSTM,recursive,mean,14,2023-08-14,2023-08-28,0.025368347649415868,0.03418586308403564
LSTM,recursive,mean,14,2023-08-15,2023-08-29,0.025850504108248712,0.037200813438208566
LSTM,recursive,mean,14,2023-08-16,2023-08-30,0.02589425783196988,0.03738709906585482
LSTM,recursive,mean,14,2023-08-17,2023-08-31,0.026258065168719865,0.03476757281651754
LSTM,recursive,mean,14,2023-08-18,2023-09-01,0.02658797698447568,0.03168387561652249
LSTM,recursive,mean,14,2023-08-19,2023-09-02,0.027435533877634415,0.029157336032116767
LSTM,recursive,mean,14,2023-08-20,2023-09-03,0.0277461345559839,0.02928386715304971
LSTM,recursive,mean,14,2023-08-21,2023-09-04,0.02996470924665842,0.031040872851483846
LSTM,recursive,mean,14,2023-08-22,2023-09-05,0.030711415932792845,0.03664688443058324
LSTM,recursive,mean,14,2023-08-23,2023-09-06,0.03146528337075428,0.04231125436160071
LSTM,recursive,mean,14,2023-08-24,2023-09-07,0.03168780574315189,0.04609656067973321
LSTM,recursive,mean,14,2023-08-25,2023-09-08,0.03266538052227829,0.04748295157663394
LSTM,recursive,mean,14,2023-08-26,2023-09-09,0.033521956298179126,0.04674130863826591
LSTM,recursive,mean,14,2023-08-27,2023-09-10,0.0341728924304534,0.044167028826569046
LSTM,recursive,mean,14,2023-08-28,2023-09-11,0.036521332487694604,0.03699999218580267
LSTM,recursive,mean,14,2023-08-29,2023-09-12,0.035600796321057775,0.03187693075787988
LSTM,recursive,mean,14,2023-08-30,2023-09-13,0.03883209852197485,0.02845473950187083
LSTM,recursive,mean,14,2023-08-31,2023-09-14,0.04042577564475446,0.027356920941825416
LSTM,recursive,mean,14,2023-09-01,2023-09-15,0.04116502475590788,0.02804737459944434
LSTM,recursive,mean,14,2023-09-02,2023-09-16,0.04120155018039486,0.03091538425403287
LSTM,recursive,mean,14,2023-09-03,2023-09-17,0.041760873519425014,0.03403616681577644
LSTM,recursive,mean,14,2023-09-04,2023-09-18,0.039864854609507935,0.040568283692950284
LSTM,recursive,mean,14,2023-09-05,2023-09-19,0.041135083147445385,0.04620991558978609
LSTM,recursive,mean,14,2023-09-06,2023-09-20,0.041876885212484914,0.05039622603932073
LSTM,recursive,mean,14,2023-09-07,2023-09-21,0.04266065582821124,0.0520323036064607
LSTM,recursive,mean,14,2023-09-08,2023-09-22,0.041212188005497245,0.05313452648377136
LSTM,recursive,mean,14,2023-09-09,2023-09-23,0.040633468941889246,0.05378280616282228
LSTM,recursive,mean,14,2023-09-10,2023-09-24,0.04071261732651853,0.05386153735247613
LSTM,recursive,mean,14,2023-09-11,2023-09-25,0.0416876196818655,0.05689395801204737
LSTM,recursive,mean,14,2023-09-12,2023-09-26,0.047299294875667516,0.055955218431598897
LSTM,recursive,mean,14,2023-09-13,2023-09-27,0.04838185137688062,0.05981046797161983
LSTM,recursive,mean,14,2023-09-14,2023-09-28,0.04926153471640357,0.06423727526986321
LSTM,recursive,mean,14,2023-09-15,2023-09-29,0.05079215335944181,0.06696008252943972
LSTM,recursive,mean,14,2023-09-16,2023-09-30,0.052099173497155475,0.06681741525760851
LSTM,recursive,mean,14,2023-09-17,2023-10-01,0.054228481091523596,0.06567929650569396
LSTM,recursive,mean,14,2023-09-18,2023-10-02,0.054228481091523596,0.059687721165000304
LSTM,recursive,mean,14,2023-09-19,2023-10-03,0.057160646307487406,0.05667871135762883
LSTM,recursive,mean,14,2023-09-20,2023-10-04,0.059207134577776245,0.05575233509530134
LSTM,recursive,mean,14,2023-09-21,2023-10-05,0.06040940308825981,0.05662251612712048
LSTM,recursive,mean,14,2023-09-22,2023-10-06,0.06090063841936074,0.054517939070196066
LSTM,recursive,mean,14,2023-09-23,2023-10-07,0.06131938534129275,0.051778671880402014
LSTM,recursive,mean,14,2023-09-24,2023-10-08,0.06158822492011762,0.05017942248860091
LSTM,recursive,mean,14,2023-09-25,2023-10-09,0.06316475928926725,0.05141492303748335
LSTM,recursive,mean,14,2023-09-26,2023-10-10,0.06103983214692733,0.0633954329655573
LSTM,recursive,mean,14,2023-09-27,2023-10-11,0.06022950922231705,0.07375759626276009
LSTM,recursive,mean,14,2023-09-28,2023-10-12,0.05870774680915994,0.08073070286911482
LSTM,recursive,mean,14,2023-09-29,2023-10-13,0.05768381652170041,0.08554940915355891
LSTM,recursive,mean,14,2023-09-30,2023-10-14,0.05631481367631079,0.0881580441612282
LSTM,recursive,mean,14,2023-10-01,2023-10-15,0.05466154656903291,0.09073873310992044
LSTM,recursive,mean,14,2023-10-02,2023-10-16,0.05529457903908453,0.08965008528335168
LSTM,recursive,mean,14,2023-10-03,2023-10-17,0.05439798857076055,0.09148616790919684
LSTM,recursive,mean,14,2023-10-04,2023-10-18,0.05413901437052666,0.09425287769260798
LSTM,recursive,mean,14,2023-10-05,2023-10-19,0.05428202115080427,0.09605468606731053
LSTM,recursive,mean,14,2023-10-06,2023-10-20,0.054258245126709834,0.09580950934446907
LSTM,recursive,mean,14,2023-10-07,2023-10-21,0.05554923980738474,0.09418588981812329
LSTM,recursive,mean,14,2023-10-08,2023-10-22,0.05676709753669388,0.0917994089005366
LSTM,recursive,mean,14,2023-10-09,2023-10-23,0.05769901239923082,0.09166632354469526
LSTM,recursive,mean,14,2023-10-10,2023-10-24,0.06708737515764628,0.08708064321690953
LSTM,recursive,mean,14,2023-10-11,2023-10-25,0.0693610017248623,0.081904932774436
LSTM,recursive,mean,14,2023-10-12,2023-10-26,0.07014536401973497,0.0758682126076968
LSTM,recursive,mean,14,2023-10-13,2023-10-27,0.07286875594659449,0.07072788180125825
LSTM,recursive,mean,14,2023-10-14,2023-10-28,0.07490462786741633,0.06616864187250336
LSTM,recursive,mean,14,2023-10-15,2023-10-29,0.0765826909905696,0.06180751125731691
LSTM,recursive,mean,14,2023-10-16,2023-10-30,0.08171143569789005,0.061835105981287934
LSTM,recursive,mean,14,2023-10-17,2023-10-31,0.08961593263464504,0.06229419979666235
LSTM,recursive,mean,14,2023-10-18,2023-11-01,0.09364398757052059,0.06369838707458791
LSTM,recursive,mean,14,2023-10-19,2023-11-02,0.09606731527867739,0.06613711357424903
LSTM,recursive,mean,14,2023-10-20,2023-11-03,0.09884619144991041,0.06861698301053236
LSTM,recursive,mean,14,2023-10-21,2023-11-04,0.1010212576889182,0.07308823648334685
LSTM,recursive,mean,14,2023-10-22,2023-11-05,0.10555499872329109,0.07843082086382541
LSTM,recursive,mean,14,2023-10-23,2023-11-06,0.11097745226778419,0.08324121422906207
LSTM,recursive,mean,14,2023-10-24,2023-11-07,0.11626975528826576,0.10233321427418623
LSTM,recursive,mean,14,2023-10-25,2023-11-08,0.13180608141533884,0.11761336383776416
LSTM,recursive,mean,14,2023-10-26,2023-11-09,0.13729154207096592,0.12463687209148847
LSTM,recursive,mean,14,2023-10-27,2023-11-10,0.13729154207096592,0.1283204428141469
LSTM,recursive,mean,14,2023-10-28,2023-11-11,0.13873362739757616,0.128759138532406
LSTM,recursive,mean,14,2023-10-29,2023-11-12,0.1415087387818689,0.12699377886827273
LSTM,recursive,mean,14,2023-10-30,2023-11-13,0.14088430417845246,0.13050610018302045
LSTM,recursive,mean,14,2023-10-31,2023-11-14,0.14460672052530318,0.14253646753365068
LSTM,recursive,mean,14,2023-11-01,2023-11-15,0.15004875283649335,0.15228359364340333
LSTM,recursive,mean,14,2023-11-02,2023-11-16,0.1543787251966863,0.15604014100979968
LSTM,recursive,mean,14,2023-11-03,2023-11-17,0.1577614552918338,0.15588916799472113
LSTM,recursive,mean,14,2023-11-04,2023-11-18,0.16239700182164243,0.15272217913891545
LSTM,recursive,mean,14,2023-11-05,2023-11-19,0.16621294655598837,0.15185916717826525
LSTM,recursive,mean,14,2023-11-06,2023-11-20,0.1726684403556859,0.154232102179508
LSTM,recursive,mean,14,2023-11-07,2023-11-21,0.1780018064157898,0.15828879067857946
LSTM,recursive,mean,14,2023-11-08,2023-11-22,0.1762285956341221,0.1791551737270933
LSTM,recursive,mean,14,2023-11-09,2023-11-23,0.18298875568361378,0.1961814467891471
LSTM,recursive,mean,14,2023-11-10,2023-11-24,0.17970974463867573,0.19351212741385593
LSTM,recursive,mean,14,2023-11-11,2023-11-25,0.18515124840245936,0.17984690413153157
LSTM,recursive,mean,14,2023-11-12,2023-11-26,0.19303482727357177,0.16592572526023275
LSTM,recursive,mean,14,2023-11-13,2023-11-27,0.19877262707533147,0.1502815535931759
LSTM,recursive,mean,14,2023-11-14,2023-11-28,0.20919234209026485,0.14272109982009204
LSTM,recursive,mean,14,2023-11-15,2023-11-29,0.2157007730162676,0.14360879708345406
LSTM,recursive,mean,14,2023-11-16,2023-11-30,0.21867657579282268,0.1489526530440607
LSTM,recursive,mean,14,2023-11-17,2023-12-01,0.21976181386743115,0.15579495050911485
LSTM,recursive,mean,14,2023-11-18,2023-12-02,0.2206127125794615,0.16550681452505878
LSTM,recursive,mean,14,2023-11-19,2023-12-03,0.2233059873389914,0.17580430118100288
LSTM,recursive,mean,14,2023-11-20,2023-12-04,0.22240869573228733,0.19232399049787907
LSTM,recursive,mean,14,2023-11-21,2023-12-05,0.23721964732182707,0.21181968479832416
LSTM,recursive,mean,14,2023-11-22,2023-12-06,0.2429123744927313,0.21247951490273698
LSTM,recursive,mean,14,2023-11-23,2023-12-07,0.24525588198929985,0.224096854657314
LSTM,recursive,mean,14,2023-11-24,2023-12-08,0.24459369154973282,0.21534080556237345
LSTM,recursive,mean,14,2023-11-25,2023-12-09,0.24567036035122167,0.21967193492361287
LSTM,recursive,mean,14,2023-11-26,2023-12-10,0.24404549662128625,0.2431767612004166
LSTM,recursive,mean,14,2023-11-27,2023-12-11,0.24751412013981824,0.27467810999309333
LSTM,recursive,mean,14,2023-11-28,2023-12-12,0.24847486183782236,0.3214907577569095
LSTM,recursive,mean,14,2023-11-29,2023-12-13,0.2460190134508397,0.3510406495549995
LSTM,recursive,mean,14,2023-11-30,2023-12-14,0.2436470164596183,0.3606963458961218
LSTM,recursive,mean,14,2023-12-01,2023-12-15,0.24263457990844456,0.36191618103708795
LSTM,recursive,mean,14,2023-12-02,2023-12-16,0.25021935142805124,0.35991025563502904
LSTM,recursive,mean,14,2023-12-03,2023-12-17,0.2450239486987933,0.3574191848120826
LSTM,recursive,mean,14,2023-12-04,2023-12-18,0.24673257139171853,0.35079560601797727
LSTM,recursive,mean,14,2023-12-05,2023-12-19,0.21332805091602164,0.3593976831205982
LSTM,recursive,mean,14,2023-12-06,2023-12-20,0.19490525605838763,0.3623268158810085
LSTM,recursive,mean,14,2023-12-07,2023-12-21,0.1823091162078165,0.36069471092537475
LSTM,recursive,mean,14,2023-12-08,2023-12-22,0.1773088507628169,0.3579569064832856
LSTM,recursive,mean,14,2023-12-09,2023-12-23,0.1708532695446551,0.35514381990500055
LSTM,recursive,mean,14,2023-12-10,2023-12-24,0.16447040689913564,0.35145227640364296
LSTM,recursive,mean,14,2023-12-11,2023-12-25,0.15578129224466283,0.34819971336264094
LSTM,recursive,mean,14,2023-12-12,2023-12-26,0.1392454062413967,0.3443978185210861
LSTM,recursive,mean,14,2023-12-13,2023-12-27,0.14026828693248514,0.33756433887579135
LSTM,recursive,mean,14,2023-12-14,2023-12-28,0.13963205596970305,0.3270182999253791
LSTM,recursive,mean,14,2023-12-15,2023-12-29,0.13554709831464054,0.3153458763529926
LSTM,recursive,mean,14,2023-12-16,2023-12-30,0.13247481659948357,0.32140735587835184
LSTM,recursive,mean,14,2023-12-17,2023-12-31,0.13176984323036373,0.31620565052044985
LSTM,recursive,mean,14,2023-12-18,2024-01-01,0.13176984323036373,0.31643217663597734
LSTM,recursive,mean,14,2023-12-19,2024-01-02,0.125085363035447,0.23197919559253166
LSTM,recursive,mean,14,2023-12-20,2024-01-03,0.1460763632288744,0.15438694217596022
LSTM,recursive,mean,14,2023-12-21,2024-01-04,0.15065459183855895,0.11816210548735916
LSTM,recursive,mean,14,2023-12-22,2024-01-05,0.16038528894268547,0.10439025891962375
LSTM,recursive,mean,14,2023-12-23,2024-01-06,0.16467434101211137,0.09935421835045155
LSTM,recursive,mean,14,2023-12-24,2024-01-07,0.1590846896417734,0.0988074733399922
LSTM,recursive,mean,14,2023-12-25,2024-01-08,0.1473343966942288,0.09797018461292141
LSTM,recursive,mean,14,2023-12-26,2024-01-09,0.13347727924190736,0.08924481834461728
LSTM,recursive,mean,14,2023-12-27,2024-01-10,0.12553669967451733,0.0894799306399124
LSTM,recursive,mean,14,2023-12-28,2024-01-11,0.11578902262890232,0.09402096329216766
LSTM,recursive,mean,14,2023-12-29,2024-01-12,0.12157671613866941,0.09716166287466205
LSTM,recursive,mean,14,2023-12-30,2024-01-13,0.1131200330449865,0.09903381345463408
LSTM,recursive,mean,14,2023-12-31,2024-01-14,0.1131200330449865,0.10171868916324817
LSTM,recursive,mean,14,2024-01-01,2024-01-15,0.10861545893922078,0.10530085955128793
LSTM,recursive,mean,14,2024-01-02,2024-01-16,0.11489677018815585,0.10221644934789828
LSTM,recursive,mean,14,2024-01-03,2024-01-17,0.09441690652857937,0.12402134234613771
LSTM,recursive,mean,14,2024-01-04,2024-01-18,0.09355917255892066,0.14617514085736746
LSTM,recursive,mean,14,2024-01-05,2024-01-19,0.09220682919412322,0.1767002284094737
LSTM,recursive,mean,14,2024-01-06,2024-01-20,0.08871766930252432,0.20360622554591207
LSTM,recursive,mean,14,2024-01-07,2024-01-21,0.08977748841267115,0.19602046646716453
LSTM,recursive,mean,14,2024-01-08,2024-01-22,0.09335548436576135,0.15810761663082495
LSTM,recursive,mean,14,2024-01-09,2024-01-23,0.09457352777748064,0.11957640110970683
LSTM,recursive,mean,14,2024-01-10,2024-01-24,0.09519824765401066,0.09401696714351238
LSTM,recursive,mean,14,2024-01-11,2024-01-25,0.10093731179301353,0.07467258054492444
LSTM,recursive,mean,14,2024-01-12,2024-01-26,0.10093731179301353,0.0745979425229063
LSTM,recursive,mean,14,2024-01-13,2024-01-27,0.10497482358531632,0.07310695827618498
LSTM,recursive,mean,14,2024-01-14,2024-01-28,0.10497482358531632,0.07722300172451188
LSTM,recursive,mean,14,2024-01-15,2024-01-29,0.10857437441778534,0.0793650826451773
LSTM,recursive,mean,14,2024-01-16,2024-01-30,0.09982472109988688,0.09058372203857969
LSTM,recursive,mean,14,2024-01-17,2024-01-31,0.09768920904645417,0.07760206578849443
LSTM,recursive,mean,14,2024-01-18,2024-02-01,0.09927763106946927,0.06983952894218233
LSTM,recursive,mean,14,2024-02-01,2024-02-15,0.14403843038550887,0.10754816932479958
LSTM,recursive,mean,28,2023-05-01,2023-05-29,0.042551361925533084,0.12166473408929322
LSTM,recursive,mean,28,2023-05-02,2023-05-30,0.04043135449563707,0.12116427459549542
LSTM,recursive,mean,28,2023-05-03,2023-05-31,0.03795676346336498,0.12178089738308719
LSTM,recursive,mean,28,2023-05-04,2023-06-01,0.0373976908582477,0.13594220799024534
LSTM,recursive,mean,28,2023-05-05,2023-06-02,0.03690902293726377,0.14526874706054682
LSTM,recursive,mean,28,2023-05-06,2023-06-03,0.03622520779966677,0.1429883119071031
LSTM,recursive,mean,28,2023-05-07,2023-06-04,0.03448489307368162,0.13644616475995291
LSTM,recursive,mean,28,2023-05-08,2023-06-05,0.03225515634722982,0.12864359294525662
LSTM,recursive,mean,28,2023-05-09,2023-06-06,0.028847458859593642,0.12450075618418163
LSTM,recursive,mean,28,2023-05-10,2023-06-07,0.028145270889968054,0.12304148738475379
LSTM,recursive,mean,28,2023-05-11,2023-06-08,0.027810438343931678,0.12195156352896172
LSTM,recursive,mean,28,2023-05-12,2023-06-09,0.02761640273894596,0.11858889255632862
LSTM,recursive,mean,28,2023-05-13,2023-06-10,0.027761573235458626,0.12003967420423804
LSTM,recursive,mean,28,2023-05-14,2023-06-11,0.027631140122086423,0.11534227006212805
LSTM,recursive,mean,28,2023-05-15,2023-06-12,0.02762767224760617,0.10127897158827215
LSTM,recursive,mean,28,2023-05-16,2023-06-13,0.026644098206145692,0.07556995559510313
LSTM,recursive,mean,28,2023-05-17,2023-06-14,0.02504189692726691,0.0615199837402508
LSTM,recursive,mean,28,2023-05-18,2023-06-15,0.023385253504520125,0.03651144823021619
LSTM,recursive,mean,28,2023-05-19,2023-06-16,0.02142041114707139,0.029431147706104
LSTM,recursive,mean,28,2023-05-20,2023-06-17,0.020512634232813375,0.0334258634656789
LSTM,recursive,mean,28,2023-05-21,2023-06-18,0.02026787013347333,0.042944911156217284
LSTM,recursive,mean,28,2023-05-22,2023-06-19,0.020176321577711504,0.054911640944609943
LSTM,recursive,mean,28,2023-05-23,2023-06-20,0.018046791735304078,0.05104063644069076
LSTM,recursive,mean,28,2023-05-24,2023-06-21,0.01782346923076451,0.03895414504507628
LSTM,recursive,mean,28,2023-05-25,2023-06-22,0.017466834157230875,0.029082857603451036
LSTM,recursive,mean,28,2023-05-26,2023-06-23,0.017089554682335775,0.026956169404218473
LSTM,recursive,mean,28,2023-05-27,2023-06-24,0.01693682862194099,0.02789892292970326
LSTM,recursive,mean,28,2023-05-28,2023-06-25,0.01640869622741816,0.03303338781932531
LSTM,recursive,mean,28,2023-05-29,2023-06-26,0.015725670490165287,0.03813346780450016
LSTM,recursive,mean,28,2023-05-30,2023-06-27,0.015951370470315467,0.04050785407191164
LSTM,recursive,mean,28,2023-05-31,2023-06-28,0.01704843124923566,0.03921290672148457
LSTM,recursive,mean,28,2023-06-01,2023-06-29,0.017797876758688304,0.0389616585623296
LSTM,recursive,mean,28,2023-06-02,2023-06-30,0.01877817819159672,0.03960708163518763
LSTM,recursive,mean,28,2023-06-03,2023-07-01,0.019028913999890686,0.0402280260729844
LSTM,recursive,mean,28,2023-06-04,2023-07-02,0.019183484327958265,0.03840393605516195
LSTM,recursive,mean,28,2023-06-05,2023-07-03,0.018556853209503864,0.03397811157641259
LSTM,recursive,mean,28,2023-06-06,2023-07-04,0.020850459390244182,0.026401133576508765
LSTM,recursive,mean,28,2023-06-07,2023-07-05,0.021286407339735632,0.02206541619342578
LSTM,recursive,mean,28,2023-06-08,2023-07-06,0.02164392810426926,0.020722352021322027
LSTM,recursive,mean,28,2023-06-09,2023-07-07,0.02163082518330223,0.02144321337926751
LSTM,recursive,mean,28,2023-06-10,2023-07-08,0.02120042551741052,0.023722904529169045
LSTM,recursive,mean,28,2023-06-11,2023-07-09,0.020921871382180292,0.026159773316281915
LSTM,recursive,mean,28,2023-06-12,2023-07-10,0.02064764913305339,0.02837155347619269
LSTM,recursive,mean,28,2023-06-13,2023-07-11,0.018759703832617464,0.028343850825781905
LSTM,recursive,mean,28,2023-06-14,2023-07-12,0.01825554387776106,0.025595648704559777
LSTM,recursive,mean,28,2023-06-15,2023-07-13,0.01815728668450978,0.021339475403889724
LSTM,recursive,mean,28,2023-06-16,2023-07-14,0.01766133925586516,0.016300412894404148
LSTM,recursive,mean,28,2023-06-17,2023-07-15,0.017142980076093314,0.012794351313162713
LSTM,recursive,mean,28,2023-06-18,2023-07-16,0.016451451474528863,0.011427777547648343
LSTM,recursive,mean,28,2023-06-19,2023-07-17,0.01614893541158249,0.011656310635693945
LSTM,recursive,mean,28,2023-06-20,2023-07-18,0.015398547098749276,0.010081002543062517
LSTM,recursive,mean,28,2023-06-21,2023-07-19,0.015337976231806149,0.009501469709833718
LSTM,recursive,mean,28,2023-06-22,2023-07-20,0.0151222191476377,0.009439175487325119
LSTM,recursive,mean,28,2023-06-23,2023-07-21,0.0151318451527297,0.009576623252824781
LSTM,recursive,mean,28,2023-06-24,2023-07-22,0.015154254307802536,0.009988938993637023
LSTM,recursive,mean,28,2023-06-25,2023-07-23,0.015521889627311635,0.009981480587757191
LSTM,recursive,mean,28,2023-06-26,2023-07-24,0.015734868603895745,0.009379296980021434
LSTM,recursive,mean,28,2023-06-27,2023-07-25,0.017499234629100403,0.009505630618532684
LSTM,recursive,mean,28,2023-06-28,2023-07-26,0.016882932317259604,0.01127939476712414
LSTM,recursive,mean,28,2023-06-29,2023-07-27,0.016304484167451897,0.013684358661597132
LSTM,recursive,mean,28,2023-06-30,2023-07-28,0.016094643447225748,0.016602873297380513
LSTM,recursive,mean,28,2023-07-01,2023-07-29,0.015495106124443202,0.01857275586117285
LSTM,recursive,mean,28,2023-07-02,2023-07-30,0.014786026774915318,0.019463920548450683
LSTM,recursive,mean,28,2023-07-03,2023-07-31,0.014613387658776041,0.018423913819202845
LSTM,recursive,mean,28,2023-07-04,2023-08-01,0.015829941411054087,0.020533035268133465
LSTM,recursive,mean,28,2023-07-05,2023-08-02,0.016129579912494238,0.02231006476560457
LSTM,recursive,mean,28,2023-07-06,2023-08-03,0.01683912208995456,0.023476267354929928
LSTM,recursive,mean,28,2023-07-07,2023-08-04,0.016979264306447285,0.023541193145522984
LSTM,recursive,mean,28,2023-07-08,2023-08-05,0.01716472437324465,0.02225665725207225
LSTM,recursive,mean,28,2023-07-09,2023-08-06,0.01668445586844775,0.020531166074049062
LSTM,recursive,mean,28,2023-07-10,2023-08-07,0.015999248513226764,0.01883222020759323
LSTM,recursive,mean,28,2023-07-11,2023-08-08,0.014443916390635279,0.01512409277542777
LSTM,recursive,mean,28,2023-07-12,2023-08-09,0.014858106806785343,0.012349501491529857
LSTM,recursive,mean,28,2023-07-13,2023-08-10,0.015395880126889437,0.011043058827114358
LSTM,recursive,mean,28,2023-07-14,2023-08-11,0.01597114731325099,0.01027884318868516
LSTM,recursive,mean,28,2023-07-15,2023-08-12,0.01727720521848292,0.00976658297203746
LSTM,recursive,mean,28,2023-07-16,2023-08-13,0.019287951589009554,0.009112971267600772
LSTM,recursive,mean,28,2023-07-17,2023-08-14,0.020337425227242575,0.00878141205941839
LSTM,recursive,mean,28,2023-07-18,2023-08-15,0.02004952460711604,0.008077998043798926
LSTM,recursive,mean,28,2023-07-19,2023-08-16,0.020050840739817603,0.007925633466539614
LSTM,recursive,mean,28,2023-07-20,2023-08-17,0.019636256420528776,0.007950222324347861
LSTM,recursive,mean,28,2023-07-21,2023-08-18,0.019839822585211185,0.008296771826121235
LSTM,recursive,mean,28,2023-07-22,2023-08-19,0.020202660464567774,0.008802473789322876
LSTM,recursive,mean,28,2023-07-23,2023-08-20,0.021500459689544008,0.009757765152278053
LSTM,recursive,mean,28,2023-07-24,2023-08-21,0.02251016703196554,0.010736749813222174
LSTM,recursive,mean,28,2023-07-25,2023-08-22,0.024969388540383552,0.013671944824717092
LSTM,recursive,mean,28,2023-07-26,2023-08-23,0.026200885200839522,0.014661226127276092
LSTM,recursive,mean,28,2023-07-27,2023-08-24,0.026835974681743178,0.014017938620141043
LSTM,recursive,mean,28,2023-07-28,2023-08-25,0.027203321512249412,0.01287602177606971
LSTM,recursive,mean,28,2023-07-29,2023-08-26,0.02742056385042249,0.011144978127166777
LSTM,recursive,mean,28,2023-07-30,2023-08-27,0.027367559848038212,0.009126877704179664
LSTM,recursive,mean,28,2023-07-31,2023-08-28,0.025368347649415868,0.00781112121764331
LSTM,recursive,mean,28,2023-08-01,2023-08-29,0.025850504108248712,0.008815112664311342
LSTM,recursive,mean,28,2023-08-02,2023-08-30,0.02589425783196988,0.010271715451046312
LSTM,recursive,mean,28,2023-08-03,2023-08-31,0.026258065168719865,0.012310868418708973
LSTM,recursive,mean,28,2023-08-04,2023-09-01,0.02658797698447568,0.013780257044095065
LSTM,recursive,mean,28,2023-08-05,2023-09-02,0.027435533877634415,0.01468745454844586
LSTM,recursive,mean,28,2023-08-06,2023-09-03,0.0277461345559839,0.014224275602511036
LSTM,recursive,mean,28,2023-08-07,2023-09-04,0.02996470924665842,0.012624401615143638
LSTM,recursive,mean,28,2023-08-08,2023-09-05,0.030711415932792845,0.00941659819464949
LSTM,recursive,mean,28,2023-08-09,2023-09-06,0.03146528337075428,0.007971890279360794
LSTM,recursive,mean,28,2023-08-10,2023-09-07,0.03168780574315189,0.008123813965632151
LSTM,recursive,mean,28,2023-08-11,2023-09-08,0.03266538052227829,0.009392643117636448
LSTM,recursive,mean,28,2023-08-12,2023-09-09,0.033521956298179126,0.012221753327765539
LSTM,recursive,mean,28,2023-08-13,2023-09-10,0.0341728924304534,0.01698613156651685
LSTM,recursive,mean,28,2023-08-14,2023-09-11,0.036521332487694604,0.02151003132701726
LSTM,recursive,mean,28,2023-08-15,2023-09-12,0.035600796321057775,0.023197045581111145
LSTM,recursive,mean,28,2023-08-16,2023-09-13,0.03883209852197485,0.023024772020176318
LSTM,recursive,mean,28,2023-08-17,2023-09-14,0.04042577564475446,0.021188640167244935
LSTM,recursive,mean,28,2023-08-18,2023-09-15,0.04116502475590788,0.0195956734720224
LSTM,recursive,mean,28,2023-08-19,2023-09-16,0.04120155018039486,0.01880240954714621
LSTM,recursive,mean,28,2023-08-20,2023-09-17,0.041760873519425014,0.020135696043068835
LSTM,recursive,mean,28,2023-08-21,2023-09-18,0.039864854609507935,0.02256565753803684
LSTM,recursive,mean,28,2023-08-22,2023-09-19,0.041135083147445385,0.02796853318704349
LSTM,recursive,mean,28,2023-08-23,2023-09-20,0.041876885212484914,0.033322763863710775
LSTM,recursive,mean,28,2023-08-24,2023-09-21,0.04266065582821124,0.036884515487870174
LSTM,recursive,mean,28,2023-08-25,2023-09-22,0.041212188005497245,0.038213535444961304
LSTM,recursive,mean,28,2023-08-26,2023-09-23,0.040633468941889246,0.03773236722819441
LSTM,recursive,mean,28,2023-08-27,2023-09-24,0.04071261732651853,0.03587849410561169
LSTM,recursive,mean,28,2023-08-28,2023-09-25,0.0416876196818655,0.030153115884133865
LSTM,recursive,mean,28,2023-08-29,2023-09-26,0.047299294875667516,0.027003928001967437
LSTM,recursive,mean,28,2023-08-30,2023-09-27,0.04838185137688062,0.025426263898119035
LSTM,recursive,mean,28,2023-08-31,2023-09-28,0.04926153471640357,0.02554292089796724
LSTM,recursive,mean,28,2023-09-01,2023-09-29,0.05079215335944181,0.0266881719801351
LSTM,recursive,mean,28,2023-09-02,2023-09-30,0.052099173497155475,0.029207965013901993
LSTM,recursive,mean,28,2023-09-03,2023-10-01,0.054228481091523596,0.031509650194443
LSTM,recursive,mean,28,2023-09-04,2023-10-02,0.054228481091523596,0.03685504927350751
LSTM,recursive,mean,28,2023-09-05,2023-10-03,0.057160646307487406,0.04146349906618009
LSTM,recursive,mean,28,2023-09-06,2023-10-04,0.059207134577776245,0.0449210213052147
LSTM,recursive,mean,28,2023-09-07,2023-10-05,0.06040940308825981,0.046122058875204146
LSTM,recursive,mean,28,2023-09-08,2023-10-06,0.06090063841936074,0.047394741230738724
LSTM,recursive,mean,28,2023-09-09,2023-10-07,0.06131938534129275,0.048738260071673825
LSTM,recursive,mean,28,2023-09-10,2023-10-08,0.06158822492011762,0.04981879432720648
LSTM,recursive,mean,28,2023-09-11,2023-10-09,0.06316475928926725,0.054755475978886615
LSTM,recursive,mean,28,2023-09-12,2023-10-10,0.06103983214692733,0.05467800316559425
LSTM,recursive,mean,28,2023-09-13,2023-10-11,0.06022950922231705,0.06084592112363255
LSTM,recursive,mean,28,2023-09-14,2023-10-12,0.05870774680915994,0.06790474658253903
LSTM,recursive,mean,28,2023-09-15,2023-10-13,0.05768381652170041,0.07253068390291414
LSTM,recursive,mean,28,2023-09-16,2023-10-14,0.05631481367631079,0.0728220462530527
LSTM,recursive,mean,28,2023-09-17,2023-10-15,0.05466154656903291,0.07179218460914263
LSTM,recursive,mean,28,2023-09-18,2023-10-16,0.05529457903908453,0.06394563736285717
LSTM,recursive,mean,28,2023-09-19,2023-10-17,0.05439798857076055,0.0610739673945456
LSTM,recursive,mean,28,2023-09-20,2023-10-18,0.05413901437052666,0.06111519299822803
LSTM,recursive,mean,28,2023-09-21,2023-10-19,0.05428202115080427,0.0633499752676518
LSTM,recursive,mean,28,2023-09-22,2023-10-20,0.054258245126709834,0.061044018955664844
LSTM,recursive,mean,28,2023-09-23,2023-10-21,0.05554923980738474,0.057787797897247
LSTM,recursive,mean,28,2023-09-24,2023-10-22,0.05676709753669388,0.05601583405352309
LSTM,recursive,mean,28,2023-09-25,2023-10-23,0.05769901239923082,0.05773418830867852
LSTM,recursive,mean,28,2023-09-26,2023-10-24,0.06708737515764628,0.0745248602490358
LSTM,recursive,mean,28,2023-09-27,2023-10-25,0.0693610017248623,0.09025545573496369
LSTM,recursive,mean,28,2023-09-28,2023-10-26,0.07014536401973497,0.10094715748998734
LSTM,recursive,mean,28,2023-09-29,2023-10-27,0.07286875594659449,0.10838973377593078
LSTM,recursive,mean,28,2023-09-30,2023-10-28,0.07490462786741633,0.11248914966361243
LSTM,recursive,mean,28,2023-10-01,2023-10-29,0.0765826909905696,0.11743291542309406
LSTM,recursive,mean,28,2023-10-02,2023-10-30,0.08171143569789005,0.11601281243976422
LSTM,recursive,mean,28,2023-10-03,2023-10-31,0.08961593263464504,0.12084918450275949
LSTM,recursive,mean,28,2023-10-04,2023-11-01,0.09364398757052059,0.12741624887965164
LSTM,recursive,mean,28,2023-10-05,2023-11-02,0.09606731527867739,0.13179273949389295
LSTM,recursive,mean,28,2023-10-06,2023-11-03,0.09884619144991041,0.13218260653523436
LSTM,recursive,mean,28,2023-10-07,2023-11-04,0.1010212576889182,0.12995507830034703
LSTM,recursive,mean,28,2023-10-08,2023-11-05,0.10555499872329109,0.12619915093690248
LSTM,recursive,mean,28,2023-10-09,2023-11-06,0.11097745226778419,0.12660770991908807
LSTM,recursive,mean,28,2023-10-10,2023-11-07,0.11626975528826576,0.11835507336904184
LSTM,recursive,mean,28,2023-10-11,2023-11-08,0.13180608141533884,0.10894588331264655
LSTM,recursive,mean,28,2023-10-12,2023-11-09,0.13729154207096592,0.09817628737195402
LSTM,recursive,mean,28,2023-10-13,2023-11-10,0.13729154207096592,0.08972654298532962
LSTM,recursive,mean,28,2023-10-14,2023-11-11,0.13873362739757616,0.08282504327545072
LSTM,recursive,mean,28,2023-10-15,2023-11-12,0.1415087387818689,0.07663035008808375
LSTM,recursive,mean,28,2023-10-16,2023-11-13,0.14088430417845246,0.07774488346844914
LSTM,recursive,mean,28,2023-10-17,2023-11-14,0.14460672052530318,0.07908962107444603
LSTM,recursive,mean,28,2023-10-18,2023-11-15,0.15004875283649335,0.08156384044679237
LSTM,recursive,mean,28,2023-10-19,2023-11-16,0.1543787251966863,0.0854061873235319
LSTM,recursive,mean,28,2023-10-20,2023-11-17,0.1577614552918338,0.08901735146072196
LSTM,recursive,mean,28,2023-10-21,2023-11-18,0.16239700182164243,0.09609010086554995
LSTM,recursive,mean,28,2023-10-22,2023-11-19,0.16621294655598837,0.104809698953614
LSTM,recursive,mean,28,2023-10-23,2023-11-20,0.1726684403556859,0.11260180419996045
LSTM,recursive,mean,28,2023-10-24,2023-11-21,0.1780018064157898,0.14515347703026496
LSTM,recursive,mean,28,2023-10-25,2023-11-22,0.1762285956341221,0.16266645240950756
LSTM,recursive,mean,28,2023-10-26,2023-11-23,0.18298875568361378,0.16826818826454654
LSTM,recursive,mean,28,2023-10-27,2023-11-24,0.17970974463867573,0.17049581753695192
LSTM,recursive,mean,28,2023-10-28,2023-11-25,0.18515124840245936,0.16966729151826704
LSTM,recursive,mean,28,2023-10-29,2023-11-26,0.19303482727357177,0.16695152244034747
LSTM,recursive,mean,28,2023-10-30,2023-11-27,0.19877262707533147,0.16998602814688266
LSTM,recursive,mean,28,2023-10-31,2023-11-28,0.20919234209026485,0.1838963960037473
LSTM,recursive,mean,28,2023-11-01,2023-11-29,0.2157007730162676,0.19897760499053987
LSTM,recursive,mean,28,2023-11-02,2023-11-30,0.21867657579282268,0.2052877011069696
LSTM,recursive,mean,28,2023-11-03,2023-12-01,0.21976181386743115,0.20304037870376818
LSTM,recursive,mean,28,2023-11-04,2023-12-02,0.2206127125794615,0.19366296724311519
LSTM,recursive,mean,28,2023-11-05,2023-12-03,0.2233059873389914,0.19014819347224687
LSTM,recursive,mean,28,2023-11-06,2023-12-04,0.22240869573228733,0.1950987103749818
LSTM,recursive,mean,28,2023-11-07,2023-12-05,0.23721964732182707,0.20686054296563708
LSTM,recursive,mean,28,2023-11-08,2023-12-06,0.2429123744927313,0.29437800111757095
LSTM,recursive,mean,28,2023-11-09,2023-12-07,0.24525588198929985,0.3542369989950353
LSTM,recursive,mean,28,2023-11-10,2023-12-08,0.24459369154973282,0.3533106502883946
LSTM,recursive,mean,28,2023-11-11,2023-12-09,0.24567036035122167,0.3149690798923987
LSTM,recursive,mean,28,2023-11-12,2023-12-10,0.24404549662128625,0.25750327503855147
LSTM,recursive,mean,28,2023-11-13,2023-12-11,0.24751412013981824,0.19763473370824336
LSTM,recursive,mean,28,2023-11-14,2023-12-12,0.24847486183782236,0.17810357523895343
LSTM,recursive,mean,28,2023-11-15,2023-12-13,0.2460190134508397,0.18759673895440637
LSTM,recursive,mean,28,2023-11-16,2023-12-14,0.2436470164596183,0.2162396812493263
LSTM,recursive,mean,28,2023-11-17,2023-12-15,0.24263457990844456,0.25820783720778545
LSTM,recursive,mean,28,2023-11-18,2023-12-16,0.25021935142805124,0.3189686959716003
LSTM,recursive,mean,28,2023-11-19,2023-12-17,0.2450239486987933,0.362175241233436
LSTM,recursive,mean,28,2023-11-20,2023-12-18,0.24673257139171853,0.37377289704244593
LSTM,recursive,mean,28,2023-11-21,2023-12-19,0.21332805091602164,0.35320375259426967
LSTM,recursive,mean,28,2023-11-22,2023-12-20,0.19490525605838763,0.3536097764532744
LSTM,recursive,mean,28,2023-11-23,2023-12-21,0.1823091162078165,0.3404751746602009
LSTM,recursive,mean,28,2023-11-24,2023-12-22,0.1773088507628169,0.3519160018706983
LSTM,recursive,mean,28,2023-11-25,2023-12-23,0.1708532695446551,0.34685574903810346
LSTM,recursive,mean,28,2023-11-26,2023-12-24,0.16447040689913564,0.3221461789514426
LSTM,recursive,mean,28,2023-11-27,2023-12-25,0.15578129224466283,0.29940057614115223
LSTM,recursive,mean,28,2023-11-28,2023-12-26,0.1392454062413967,0.2777520938135096
LSTM,recursive,mean,28,2023-11-29,2023-12-27,0.14026828693248514,0.2671666318605898
LSTM,recursive,mean,28,2023-11-30,2023-12-28,0.13963205596970305,0.26326772263122367
LSTM,recursive,mean,28,2023-12-01,2023-12-29,0.13554709831464054,0.2629177102981489
LSTM,recursive,mean,28,2023-12-02,2023-12-30,0.13247481659948357,0.26449835960139506
LSTM,recursive,mean,28,2023-12-03,2023-12-31,0.13176984323036373,0.2661201403597272
LSTM,recursive,mean,28,2023-12-04,2024-01-01,0.13176984323036373,0.26971027893385163
LSTM,recursive,mean,28,2023-12-05,2024-01-02,0.125085363035447,0.264192913999021
LSTM,recursive,mean,28,2023-12-06,2024-01-03,0.1460763632288744,0.2599085190825064
LSTM,recursive,mean,28,2023-12-07,2024-01-04,0.15065459183855895,0.2578285607353842
LSTM,recursive,mean,28,2023-12-08,2024-01-05,0.16038528894268547,0.2582359807491842
LSTM,recursive,mean,28,2023-12-09,2024-01-06,0.16467434101211137,0.25957955929410725
LSTM,recursive,mean,28,2023-12-10,2024-01-07,0.1590846896417734,0.262762130890769
LSTM,recursive,mean,28,2023-12-11,2024-01-08,0.1473343966942288,0.26461591216106256
LSTM,recursive,mean,28,2023-12-12,2024-01-09,0.13347727924190736,0.266559414747408
LSTM,recursive,mean,28,2023-12-13,2024-01-10,0.12553669967451733,0.27070287151143485
LSTM,recursive,mean,28,2023-12-14,2024-01-11,0.11578902262890232,0.2769062444530891
LSTM,recursive,mean,28,2023-12-15,2024-01-12,0.12157671613866941,0.2837497543683602
LSTM,recursive,mean,28,2023-12-16,2024-01-13,0.1131200330449865,0.2798722283519106
LSTM,recursive,mean,28,2023-12-17,2024-01-14,0.1131200330449865,0.28324794694221894
LSTM,recursive,mean,28,2023-12-18,2024-01-15,0.10861545893922078,0.2835356283118694
LSTM,recursive,mean,28,2023-12-19,2024-01-16,0.11489677018815585,0.3663569820315849
LSTM,recursive,mean,28,2023-12-20,2024-01-17,0.09441690652857937,0.20032601496587277
LSTM,recursive,mean,28,2023-12-21,2024-01-18,0.09355917255892066,0.10122870427487549
LSTM,recursive,mean,28,2023-12-22,2024-01-19,0.09220682919412322,0.07857784710085408
LSTM,recursive,mean,28,2023-12-23,2024-01-20,0.08871766930252432,0.0733699176022079
LSTM,recursive,mean,28,2023-12-24,2024-01-21,0.08977748841267115,0.07553905418872234
LSTM,recursive,mean,28,2023-12-25,2024-01-22,0.09335548436576135,0.07672128270619896
LSTM,recursive,mean,28,2023-12-26,2024-01-23,0.09457352777748064,0.06496984779467666
LSTM,recursive,mean,28,2023-12-27,2024-01-24,0.09519824765401066,0.06968473487187472
LSTM,recursive,mean,28,2023-12-28,2024-01-25,0.10093731179301353,0.08204677107935753
LSTM,recursive,mean,28,2023-12-29,2024-01-26,0.10093731179301353,0.09190090309671324
LSTM,recursive,mean,28,2023-12-30,2024-01-27,0.10497482358531632,0.09938124129392255
LSTM,recursive,mean,28,2023-12-31,2024-01-28,0.10497482358531632,0.10729425974556618
LSTM,recursive,mean,28,2024-01-01,2024-01-29,0.10857437441778534,0.11526599592120923
LSTM,recursive,mean,28,2024-01-02,2024-01-30,0.09982472109988688,0.11351239335008849
LSTM,recursive,mean,28,2024-01-03,2024-01-31,0.09768920904645417,0.1499826846147057
LSTM,recursive,mean,28,2024-01-04,2024-02-01,0.09927763106946927,0.22880206165138817
LSTM,recursive,mean,28,2024-01-18,2024-02-15,0.14403843038550887,0.07401354381465923
LSTM,recursive,mean,28,2024-01-19,2024-02-16,0.13728887406474222,0.07187615826820032
LSTM,recursive,mean,28,2024-01-20,2024-02-17,0.13326310034400296,0.07194306462377839
LSTM,recursive,mean,28,2024-01-21,2024-02-18,0.13661715842798744,0.08414459756710546
LSTM,recursive,mean,28,2024-01-22,2024-02-19,0.13661715842798744,0.1114658072359255
LSTM,recursive,mean,28,2024-01-23,2024-02-20,0.13650128703419917,0.13530559814453225
LSTM,recursive,mean,28,2024-01-24,2024-02-21,0.13644209917397826,0.14789468459966754
LSTM,recursive,mean,28,2024-01-25,2024-02-22,0.13585783766387388,0.16181874304023153
LSTM,recursive,mean,28,2024-01-26,2024-02-23,0.13823200479050599,0.1695161118355379
LSTM,recursive,mean,28,2024-01-27,2024-02-24,0.13823200479050599,0.17871640452700288
LSTM,recursive,mean,28,2024-01-28,2024-02-25,0.14987569165075187,0.17705641321638
LSTM,recursive,mean,28,2024-01-29,2024-02-26,0.1501238127213669,0.17730745470788434
LSTM,recursive,mean,28,2024-01-30,2024-02-27,0.1406031126327308,0.15273992500118122
LSTM,recursive,mean,28,2024-01-31,2024-02-28,0.1374787993837205,0.13881285839814722
LSTM,recursive,mean,28,2024-02-01,2024-02-29,0.13371096809312163,0.1333529700332587
LSTM,recursive,variance,14,2023-05-15,2023-05-29,0.0005165039138387742,0.003907202944588727
LSTM,recursive,variance,14,2023-05-16,2023-05-30,0.000396534719328378,0.0033483029657447646
LSTM,recursive,variance,14,2023-05-17,2023-05-31,0.0003612216101206669,0.0034206939321159468
LSTM,recursive,variance,14,2023-05-18,2023-06-01,0.00036779103154906064,0.002148893472553778
LSTM,recursive,variance,14,2023-05-19,2023-06-02,0.0003706641551886727,0.0020550528815086824
LSTM,recursive,variance,14,2023-05-20,2023-06-03,0.00037567529558119126,0.0021228192133660776
LSTM,recursive,variance,14,2023-05-21,2023-06-04,0.00037879015378993196,0.002002792891617189
LSTM,recursive,variance,14,2023-05-22,2023-06-05,0.00031668612824860325,0.0018574076906162664
LSTM,recursive,variance,14,2023-05-23,2023-06-06,8.242633513760308e-05,-0.004689064661398299
LSTM,recursive,variance,14,2023-05-24,2023-06-07,9.624188303081485e-05,-0.004971123390460788
LSTM,recursive,variance,14,2023-05-25,2023-06-08,0.00010380435104511207,-0.004314645059563247
LSTM,recursive,variance,14,2023-05-26,2023-06-09,0.00010747163506636533,-0.0031046761660752857
LSTM,recursive,variance,14,2023-05-27,2023-06-10,0.00010446051684804562,-0.0026436751764547842
LSTM,recursive,variance,14,2023-05-28,2023-06-11,0.00010479076615257291,-0.0014820107179388691
LSTM,recursive,variance,14,2023-05-29,2023-06-12,0.00010474173474624883,0.00179478846207773
LSTM,recursive,variance,14,2023-05-30,2023-06-13,6.469446961682607e-05,0.0034965662610920573
LSTM,recursive,variance,14,2023-05-31,2023-06-14,9.423757255570466e-05,0.003984523039452732
LSTM,recursive,variance,14,2023-06-01,2023-06-15,0.00012100580670343002,0.003972540115887218
LSTM,recursive,variance,14,2023-06-02,2023-06-16,0.00014281659105401434,0.0038232710440841236
LSTM,recursive,variance,14,2023-06-03,2023-06-17,0.00014074980416563975,0.0036045466173318733
LSTM,recursive,variance,14,2023-06-04,2023-06-18,0.0001406241991228432,0.0033443836216723666
LSTM,recursive,variance,14,2023-06-05,2023-06-19,0.0001386858046172259,0.002902237433629103
LSTM,recursive,variance,14,2023-06-06,2023-06-20,0.00011760469988271101,0.0012082384537880086
LSTM,recursive,variance,14,2023-06-07,2023-06-21,0.000120034800592035,0.0003591507029662578
LSTM,recursive,variance,14,2023-06-08,2023-06-22,0.00012387075776166634,-0.00020618183643374946
LSTM,recursive,variance,14,2023-06-09,2023-06-23,0.0001257714385614887,-0.0009339705419070311
LSTM,recursive,variance,14,2023-06-10,2023-06-24,0.0001358986254905031,-0.0014461407705465882
LSTM,recursive,variance,14,2023-06-11,2023-06-25,0.0001296025800320577,-0.0012580173763596012
LSTM,recursive,variance,14,2023-06-12,2023-06-26,0.00010938329996854319,-0.0005161008182531191
LSTM,recursive,variance,14,2023-06-13,2023-06-27,0.00012150273778285357,-0.0002761649067250021
LSTM,recursive,variance,14,2023-06-14,2023-06-28,0.00011365301432943044,0.0003211674448938763
LSTM,recursive,variance,14,2023-06-15,2023-06-29,0.00010157736211233028,0.0007194987863375396
LSTM,recursive,variance,14,2023-06-16,2023-06-30,8.369138246784943e-05,0.0008514676458417429
LSTM,recursive,variance,14,2023-06-17,2023-07-01,8.281965861820725e-05,0.0007039534502158212
LSTM,recursive,variance,14,2023-06-18,2023-07-02,8.309215793671043e-05,0.000539721533149627
LSTM,recursive,variance,14,2023-06-19,2023-07-03,7.430987919036254e-05,0.00035419975333270625
LSTM,recursive,variance,14,2023-06-20,2023-07-04,9.421657124288995e-05,-8.132883978772621e-05
LSTM,recursive,variance,14,2023-06-21,2023-07-05,8.768492552391355e-05,-0.00041475364346522546
LSTM,recursive,variance,14,2023-06-22,2023-07-06,8.072378920634389e-05,-0.0006928104198511312
LSTM,recursive,variance,14,2023-06-23,2023-07-07,8.099134228211503e-05,-0.0009397259791064034
LSTM,recursive,variance,14,2023-06-24,2023-07-08,7.73546532432404e-05,-0.0010089203710256286
LSTM,recursive,variance,14,2023-06-25,2023-07-09,7.991587560407396e-05,-0.0011062544599018736
LSTM,recursive,variance,14,2023-06-26,2023-07-10,7.838855917153161e-05,-0.0012892276195476397
LSTM,recursive,variance,14,2023-06-27,2023-07-11,4.110197372174843e-05,-0.0011363605088361328
LSTM,recursive,variance,14,2023-06-28,2023-07-12,4.295705493103402e-05,-0.0011303416592951146
LSTM,recursive,variance,14,2023-06-29,2023-07-13,4.381126794360352e-05,-0.0012471651441473218
LSTM,recursive,variance,14,2023-06-30,2023-07-14,4.930382379909738e-05,-0.0014237916918117461
LSTM,recursive,variance,14,2023-07-01,2023-07-15,5.165058902079529e-05,-0.0013971525322768307
LSTM,recursive,variance,14,2023-07-02,2023-07-16,5.2713073233251855e-05,-0.0013146875468244357
LSTM,recursive,variance,14,2023-07-03,2023-07-17,5.085755326524275e-05,-0.0013473188361362125
LSTM,recursive,variance,14,2023-07-04,2023-07-18,2.2425920283682633e-05,-0.0010996326343497178
LSTM,recursive,variance,14,2023-07-05,2023-07-19,2.2270049090947326e-05,-0.001051915143530317
LSTM,recursive,variance,14,2023-07-06,2023-07-20,2.3170543472659755e-05,-0.0010599252834951195
LSTM,recursive,variance,14,2023-07-07,2023-07-21,2.310975956974895e-05,-0.0009822676289439332
LSTM,recursive,variance,14,2023-07-08,2023-07-22,2.3139638278931333e-05,-0.0009487628260089307
LSTM,recursive,variance,14,2023-07-09,2023-07-23,2.478480415949975e-05,-0.0009081886414721461
LSTM,recursive,variance,14,2023-07-10,2023-07-24,2.8139717463203465e-05,-0.0009336799644718264
LSTM,recursive,variance,14,2023-07-11,2023-07-25,7.142798415736174e-05,-0.0013534772964449494
LSTM,recursive,variance,14,2023-07-12,2023-07-26,8.235936714938586e-05,-0.001413198863976489
LSTM,recursive,variance,14,2023-07-13,2023-07-27,9.128063129160166e-05,-0.0013794393326231917
LSTM,recursive,variance,14,2023-07-14,2023-07-28,9.506478387373946e-05,-0.0013293317588999663
LSTM,recursive,variance,14,2023-07-15,2023-07-29,0.00010580842722636319,-0.0013044627837404377
LSTM,recursive,variance,14,2023-07-16,2023-07-30,0.00011934129099542907,-0.0012485870809298655
LSTM,recursive,variance,14,2023-07-17,2023-07-31,0.00012883436723465765,-0.001177030216529778
LSTM,recursive,variance,14,2023-07-18,2023-08-01,0.00018365613183454166,-0.001385381362842259
LSTM,recursive,variance,14,2023-07-19,2023-08-02,0.000185023988470554,-0.0013663116898282603
LSTM,recursive,variance,14,2023-07-20,2023-08-03,0.00018488517508017052,-0.0013070969071568945
LSTM,recursive,variance,14,2023-07-21,2023-08-04,0.00018375088880091134,-0.001311107989086231
LSTM,recursive,variance,14,2023-07-22,2023-08-05,0.00018377196645002374,-0.0013316238693352159
LSTM,recursive,variance,14,2023-07-23,2023-08-06,0.00018383142567923402,-0.001299702657755906
LSTM,recursive,variance,14,2023-07-24,2023-08-07,0.0001784317145476015,-0.0012145278428886096
LSTM,recursive,variance,14,2023-07-25,2023-08-08,0.00012779073808994002,-0.0007085799793270652
LSTM,recursive,variance,14,2023-07-26,2023-08-09,0.00012122449230434965,-0.0005114003664085372
LSTM,recursive,variance,14,2023-07-27,2023-08-10,0.00011394510416389328,-0.00044637403503307
LSTM,recursive,variance,14,2023-07-28,2023-08-11,0.00010698230582982533,-0.00042966349452941465
LSTM,recursive,variance,14,2023-07-29,2023-08-12,9.323903648804923e-05,-0.0003682018023571645
LSTM,recursive,variance,14,2023-07-30,2023-08-13,7.626276289023492e-05,-0.0003328248346135764
LSTM,recursive,variance,14,2023-07-31,2023-08-14,8.581592535690787e-05,-0.0004026228705380432
LSTM,recursive,variance,14,2023-08-01,2023-08-15,7.23481925503755e-05,-0.00010208052195539476
LSTM,recursive,variance,14,2023-08-02,2023-08-16,7.23481737697382e-05,-0.0002104291656111724
LSTM,recursive,variance,14,2023-08-03,2023-08-17,7.390151364585568e-05,-0.0004114604325329012
LSTM,recursive,variance,14,2023-08-04,2023-08-18,7.204749658350661e-05,-0.000563822094372442
LSTM,recursive,variance,14,2023-08-05,2023-08-19,7.271064563097273e-05,-0.0006839915616911828
LSTM,recursive,variance,14,2023-08-06,2023-08-20,7.824173525178751e-05,-0.0008343701717008875
LSTM,recursive,variance,14,2023-08-07,2023-08-21,7.951995184335658e-05,-0.0010566378618450294
LSTM,recursive,variance,14,2023-08-08,2023-08-22,0.00015163143703733931,-0.0017004924401666948
LSTM,recursive,variance,14,2023-08-09,2023-08-23,0.00013322797930124714,-0.0019065975676370965
LSTM,recursive,variance,14,2023-08-10,2023-08-24,0.00011996258029397116,-0.0019461397012833252
LSTM,recursive,variance,14,2023-08-11,2023-08-25,0.00011156647897391821,-0.0019719910731050183
LSTM,recursive,variance,14,2023-08-12,2023-08-26,0.00010897692990039453,-0.0020366564649996676
LSTM,recursive,variance,14,2023-08-13,2023-08-27,0.00010901224310894494,-0.002058545741126311
LSTM,recursive,variance,14,2023-08-14,2023-08-28,0.00013649248900412337,-0.0017180375279708475
LSTM,recursive,variance,14,2023-08-15,2023-08-29,0.00015483505065035216,-0.0015452405905041948
LSTM,recursive,variance,14,2023-08-16,2023-08-30,0.0001543154806848623,-0.0013201813529997728
LSTM,recursive,variance,14,2023-08-17,2023-08-31,0.00014779009020219906,-0.0010811623747116364
LSTM,recursive,variance,14,2023-08-18,2023-09-01,0.0001426886957580896,-0.0009185516793356551
LSTM,recursive,variance,14,2023-08-19,2023-09-02,0.00014694360979875044,-0.0007944443867743075
LSTM,recursive,variance,14,2023-08-20,2023-09-03,0.00015129085803526501,-0.0006699995345257792
LSTM,recursive,variance,14,2023-08-21,2023-09-04,0.00022935009456921467,-0.0006331957313762187
LSTM,recursive,variance,14,2023-08-22,2023-09-05,0.000276726194928063,3.626061163697521e-05
LSTM,recursive,variance,14,2023-08-23,2023-09-06,0.0002790904220727402,-9.195751663989421e-05
LSTM,recursive,variance,14,2023-08-24,2023-09-07,0.00027489549671895345,-0.0003728301108385226
LSTM,recursive,variance,14,2023-08-25,2023-09-08,0.00028330939263897513,-0.0005446130332554255
LSTM,recursive,variance,14,2023-08-26,2023-09-09,0.0002754632998991001,-0.0006571364173960001
LSTM,recursive,variance,14,2023-08-27,2023-09-10,0.0002713695421940814,-0.0008227744620509453
LSTM,recursive,variance,14,2023-08-28,2023-09-11,0.00021782435243145393,-0.0007632368155626851
LSTM,recursive,variance,14,2023-08-29,2023-09-12,0.00022842128146465836,-0.000714415798483609
LSTM,recursive,variance,14,2023-08-30,2023-09-13,0.00023710147034273002,-0.0007969858816750208
LSTM,recursive,variance,14,2023-08-31,2023-09-14,0.00020004732675732388,-0.0008859068074770987
LSTM,recursive,variance,14,2023-09-01,2023-09-15,0.0001753653299908146,-0.0009143079127934533
LSTM,recursive,variance,14,2023-09-02,2023-09-16,0.00017490674414699905,-0.0008636897689101317
LSTM,recursive,variance,14,2023-09-03,2023-09-17,0.00017227144367642561,-0.0008529132426962961
LSTM,recursive,variance,14,2023-09-04,2023-09-18,0.00014747519878003396,-0.00018448516527373596
LSTM,recursive,variance,14,2023-09-05,2023-09-19,0.000234623025145279,0.00025482182516316774
LSTM,recursive,variance,14,2023-09-06,2023-09-20,0.00023466342656615943,0.0002360870398599342
LSTM,recursive,variance,14,2023-09-07,2023-09-21,0.000210334678073935,0.00014614742304937863
LSTM,recursive,variance,14,2023-09-08,2023-09-22,0.0002123798596343575,0.00018382162251634666
LSTM,recursive,variance,14,2023-09-09,2023-09-23,0.0002246940607239335,2.4141417274261244e-05
LSTM,recursive,variance,14,2023-09-10,2023-09-24,0.0002238126591864298,-0.0002647272890129878
LSTM,recursive,variance,14,2023-09-11,2023-09-25,0.00021487360892103117,-0.0010488577345166765
LSTM,recursive,variance,14,2023-09-12,2023-09-26,0.000606349155093807,-0.0012655536858400237
LSTM,recursive,variance,14,2023-09-13,2023-09-27,0.000642483805298411,-0.0012721234078520742
LSTM,recursive,variance,14,2023-09-14,2023-09-28,0.0006899169263853446,-0.001683775665051403
LSTM,recursive,variance,14,2023-09-15,2023-09-29,0.0006526537878025389,-0.001972219527088559
LSTM,recursive,variance,14,2023-09-16,2023-09-30,0.0006300505221724912,-0.0018341700842549004
LSTM,recursive,variance,14,2023-09-17,2023-10-01,0.0006394715613091471,-0.0015921820948395422
LSTM,recursive,variance,14,2023-09-18,2023-10-02,0.0006394715613091471,-0.0015987466955634626
LSTM,recursive,variance,14,2023-09-19,2023-10-03,0.0008929586378093965,-0.0004961346971516603
LSTM,recursive,variance,14,2023-09-20,2023-10-04,0.0008899873263008679,-0.00010273938680656087
LSTM,recursive,variance,14,2023-09-21,2023-10-05,0.0008365401705632375,-0.00017610339792245274
LSTM,recursive,variance,14,2023-09-22,2023-10-06,0.0008033361287065262,-3.6153734527843854e-05
LSTM,recursive,variance,14,2023-09-23,2023-10-07,0.0007754433396848715,0.00019269302954580294
LSTM,recursive,variance,14,2023-09-24,2023-10-08,0.000761486602733201,0.00014960117523134492
LSTM,recursive,variance,14,2023-09-25,2023-10-09,0.0007597507857682369,-0.00011975742726272093
LSTM,recursive,variance,14,2023-09-26,2023-10-10,0.0005752876132009871,0.002083579096554083
LSTM,recursive,variance,14,2023-09-27,2023-10-11,0.000566825591101747,0.0022291482046817414
LSTM,recursive,variance,14,2023-09-28,2023-10-12,0.0005496950161238724,0.0021218209796770326
LSTM,recursive,variance,14,2023-09-29,2023-10-13,0.0005869637842570704,0.0018533715589080328
LSTM,recursive,variance,14,2023-09-30,2023-10-14,0.0006300811004854004,0.0016242974124247205
LSTM,recursive,variance,14,2023-10-01,2023-10-15,0.0006238728756948235,0.0013756475734771462
LSTM,recursive,variance,14,2023-10-02,2023-10-16,0.0005814928760014849,0.0008488749380597292
LSTM,recursive,variance,14,2023-10-03,2023-10-17,0.00048148361449023826,0.001446892595963054
LSTM,recursive,variance,14,2023-10-04,2023-10-18,0.0004738329356074368,0.0011554618539563965
LSTM,recursive,variance,14,2023-10-05,2023-10-19,0.00047181146145995736,0.0005051345797662747
LSTM,recursive,variance,14,2023-10-06,2023-10-20,0.0004729285660339617,0.0002484411454825267
LSTM,recursive,variance,14,2023-10-07,2023-10-21,0.0004374093218738855,0.00026792542017035816
LSTM,recursive,variance,14,2023-10-08,2023-10-22,0.0004154788721162042,0.0002451831155730088
LSTM,recursive,variance,14,2023-10-09,2023-10-23,0.0004568701860475763,0.00011655261226931968
LSTM,recursive,variance,14,2023-10-10,2023-10-24,0.002326625658999363,-0.0014580611253310356
LSTM,recursive,variance,14,2023-10-11,2023-10-25,0.002367027251880728,-0.0016350325806177841
LSTM,recursive,variance,14,2023-10-12,2023-10-26,0.002326792520895336,-0.0012771471688429528
LSTM,recursive,variance,14,2023-10-13,2023-10-27,0.0024082027998961475,-0.00045780786744516275
LSTM,recursive,variance,14,2023-10-14,2023-10-28,0.0022887113804897536,0.0003766728563061757
LSTM,recursive,variance,14,2023-10-15,2023-10-29,0.0022219537735702942,0.000801307189251957
LSTM,recursive,variance,14,2023-10-16,2023-10-30,0.0024187942425720776,0.0009732219291720332
LSTM,recursive,variance,14,2023-10-17,2023-10-31,0.0035504041255830826,0.0007348610920747838
LSTM,recursive,variance,14,2023-10-18,2023-11-01,0.003556723854263085,0.0010159662038877518
LSTM,recursive,variance,14,2023-10-19,2023-11-02,0.0033968165992652147,0.0011966069507873313
LSTM,recursive,variance,14,2023-10-20,2023-11-03,0.003113204657069469,0.001150093742004947
LSTM,recursive,variance,14,2023-10-21,2023-11-04,0.002950010428996133,0.0007743553528102317
LSTM,recursive,variance,14,2023-10-22,2023-11-05,0.002778143245212416,0.0005532201353369353
LSTM,recursive,variance,14,2023-10-23,2023-11-06,0.0029115795715604896,0.0009693169469728693
LSTM,recursive,variance,14,2023-10-24,2023-11-07,0.004532434083815537,0.0038773333655672555
LSTM,recursive,variance,14,2023-10-25,2023-11-08,0.006866491923495651,0.004010585497411264
LSTM,recursive,variance,14,2023-10-26,2023-11-09,0.006302354882784801,0.0037463012007952733
LSTM,recursive,variance,14,2023-10-27,2023-11-10,0.006302354882784801,0.0036141706310517463
LSTM,recursive,variance,14,2023-10-28,2023-11-11,0.006087987171795348,0.0033404039354659144
LSTM,recursive,variance,14,2023-10-29,2023-11-12,0.005764543417066962,0.002956620614946817
LSTM,recursive,variance,14,2023-10-30,2023-11-13,0.005784915557782489,0.00271719416025529
LSTM,recursive,variance,14,2023-10-31,2023-11-14,0.006466968942572113,0.0031112616953336333
LSTM,recursive,variance,14,2023-11-01,2023-11-15,0.006544576718325881,0.0031271617363245333
LSTM,recursive,variance,14,2023-11-02,2023-11-16,0.0061325646012167995,0.0029752816982339184
LSTM,recursive,variance,14,2023-11-03,2023-11-17,0.005651271282794902,0.002872413278206698
LSTM,recursive,variance,14,2023-11-04,2023-11-18,0.005144009578300682,0.003030831642586479
LSTM,recursive,variance,14,2023-11-05,2023-11-19,0.0049435952911992724,0.0030393296409118443
LSTM,recursive,variance,14,2023-11-06,2023-11-20,0.005326693471476779,0.0030909279548103174
LSTM,recursive,variance,14,2023-11-07,2023-11-21,0.007045119651666161,0.0036435089320958998
LSTM,recursive,variance,14,2023-11-08,2023-11-22,0.006638944352843266,0.004355175599871079
LSTM,recursive,variance,14,2023-11-09,2023-11-23,0.006449573455375175,0.004581113472286857
LSTM,recursive,variance,14,2023-11-10,2023-11-24,0.006103979208405871,0.004907426810734027
LSTM,recursive,variance,14,2023-11-11,2023-11-25,0.005335581060778976,0.00527465656936389
LSTM,recursive,variance,14,2023-11-12,2023-11-26,0.004833963564434694,0.005162985100370514
LSTM,recursive,variance,14,2023-11-13,2023-11-27,0.0044179930773674166,0.004501825689457405
LSTM,recursive,variance,14,2023-11-14,2023-11-28,0.007121497827241561,0.0040402194971787524
LSTM,recursive,variance,14,2023-11-15,2023-11-29,0.00743543893761968,0.004056450863245197
LSTM,recursive,variance,14,2023-11-16,2023-11-30,0.007051408807597839,0.004194348671417265
LSTM,recursive,variance,14,2023-11-17,2023-12-01,0.006819459958299832,0.004206733504768638
LSTM,recursive,variance,14,2023-11-18,2023-12-02,0.006682875365397521,0.004131393121763949
LSTM,recursive,variance,14,2023-11-19,2023-12-03,0.006461061053259893,0.003995389522205895
LSTM,recursive,variance,14,2023-11-20,2023-12-04,0.0064424057833106195,0.003774383004929954
LSTM,recursive,variance,14,2023-11-21,2023-12-05,0.01386162050984279,0.0039052539604581904
LSTM,recursive,variance,14,2023-11-22,2023-12-06,0.014733314538373307,0.004106357148078442
LSTM,recursive,variance,14,2023-11-23,2023-12-07,0.01464720912899006,0.0043515201134697295
LSTM,recursive,variance,14,2023-11-24,2023-12-08,0.014807630902304534,0.004556916499195872
LSTM,recursive,variance,14,2023-11-25,2023-12-09,0.014615998835686242,0.004472584692887723
LSTM,recursive,variance,14,2023-11-26,2023-12-10,0.014761220987831213,0.004171623512001917
LSTM,recursive,variance,14,2023-11-27,2023-12-11,0.01461860026247642,0.003671683142081623
LSTM,recursive,variance,14,2023-11-28,2023-12-12,0.014941647455265002,0.003864120219527022
LSTM,recursive,variance,14,2023-11-29,2023-12-13,0.016095311675156095,0.00411864579027885
LSTM,recursive,variance,14,2023-11-30,2023-12-14,0.016517498158083437,0.004423968972663251
LSTM,recursive,variance,14,2023-12-01,2023-12-15,0.01678542149933898,0.00477763956430705
LSTM,recursive,variance,14,2023-12-02,2023-12-16,0.017495506507940402,0.005261675217277717
LSTM,recursive,variance,14,2023-12-03,2023-12-17,0.018359489248674435,0.005257683284512692
LSTM,recursive,variance,14,2023-12-04,2023-12-18,0.020156902205652395,0.004599594642495303
LSTM,recursive,variance,14,2023-12-05,2023-12-19,0.008963707714350658,0.00821321696269383
LSTM,recursive,variance,14,2023-12-06,2023-12-20,0.00711689341658573,0.010341566862050146
LSTM,recursive,variance,14,2023-12-07,2023-12-21,0.007517494053368169,0.011985218012955304
LSTM,recursive,variance,14,2023-12-08,2023-12-22,0.008392024072682604,0.013674853877974296
LSTM,recursive,variance,14,2023-12-09,2023-12-23,0.008953787347405474,0.014660676013903789
LSTM,recursive,variance,14,2023-12-10,2023-12-24,0.009105152415718302,0.01482292020318142
LSTM,recursive,variance,14,2023-12-11,2023-12-25,0.008282130307594261,0.013901251330333571
LSTM,recursive,variance,14,2023-12-12,2023-12-26,0.0020113465048703532,0.012741043544293604
LSTM,recursive,variance,14,2023-12-13,2023-12-27,0.0018410522415078312,0.01310798250282356
LSTM,recursive,variance,14,2023-12-14,2023-12-28,0.002019814239796979,0.014445825952954273
LSTM,recursive,variance,14,2023-12-15,2023-12-29,0.0024299302550433214,0.015264457180601909
LSTM,recursive,variance,14,2023-12-16,2023-12-30,0.0023222944838322923,0.015869422923510977
LSTM,recursive,variance,14,2023-12-17,2023-12-31,0.0025479636978601007,0.016268935946524475
LSTM,recursive,variance,14,2023-12-18,2024-01-01,0.0025479636978601007,0.01673279550558035
LSTM,recursive,variance,14,2023-12-19,2024-01-02,0.0022849540751350315,0.010586444593959061
LSTM,recursive,variance,14,2023-12-20,2024-01-03,0.007776752602378338,0.010063746332912326
LSTM,recursive,variance,14,2023-12-21,2024-01-04,0.008513044684147125,0.008330366651333451
LSTM,recursive,variance,14,2023-12-22,2024-01-05,0.00875527598737923,0.006349593572050298
LSTM,recursive,variance,14,2023-12-23,2024-01-06,0.008300855185933704,0.0054648843676429245
LSTM,recursive,variance,14,2023-12-24,2024-01-07,0.009098881736502673,0.005234699388714426
LSTM,recursive,variance,14,2023-12-25,2024-01-08,0.010302676209616257,0.005573245035192573
LSTM,recursive,variance,14,2023-12-26,2024-01-09,0.009254107790123032,0.0010648746168620909
LSTM,recursive,variance,14,2023-12-27,2024-01-10,0.00943105717515276,0.0018293063615705898
LSTM,recursive,variance,14,2023-12-28,2024-01-11,0.009107329898329148,0.0022224298539815688
LSTM,recursive,variance,14,2023-12-29,2024-01-12,0.01006383238041389,0.0019011020477793725
LSTM,recursive,variance,14,2023-12-30,2024-01-13,0.011078545227567719,0.0008890782745364878
LSTM,recursive,variance,14,2023-12-31,2024-01-14,0.011078545227567719,0.0005768546573924199
LSTM,recursive,variance,14,2024-01-01,2024-01-15,0.009876347764990764,0.000598494994383003
LSTM,recursive,variance,14,2024-01-02,2024-01-16,0.009173524501162886,0.0004775571111800532
LSTM,recursive,variance,14,2024-01-03,2024-01-17,0.002291764212101642,0.0045555680417647595
LSTM,recursive,variance,14,2024-01-04,2024-01-18,0.002070680574081249,0.005637901965828572
LSTM,recursive,variance,14,2024-01-05,2024-01-19,0.001904382876444147,0.00612650847978766
LSTM,recursive,variance,14,2024-01-06,2024-01-20,0.0017373894656719459,0.006508850937024602
LSTM,recursive,variance,14,2024-01-07,2024-01-21,0.001896301953828873,0.00817817042936698
LSTM,recursive,variance,14,2024-01-08,2024-01-22,0.001813649031606752,0.00829708362244095
LSTM,recursive,variance,14,2024-01-09,2024-01-23,0.0018962311819938303,0.006797128691194584
LSTM,recursive,variance,14,2024-01-10,2024-01-24,0.0018914832491605984,0.00630052851445859
LSTM,recursive,variance,14,2024-01-11,2024-01-25,0.001699086466725697,0.006312061655327465
LSTM,recursive,variance,14,2024-01-12,2024-01-26,0.001699086466725697,0.006572735221147069
LSTM,recursive,variance,14,2024-01-13,2024-01-27,0.0012348420939963895,0.0077607618443094745
LSTM,recursive,variance,14,2024-01-14,2024-01-28,0.0012348420939963895,0.008482596273005117
LSTM,recursive,variance,14,2024-01-15,2024-01-29,0.0012434337360462456,0.007986034394597748
LSTM,recursive,variance,14,2024-01-16,2024-01-30,0.0006950486595035895,0.007921739962095475
LSTM,recursive,variance,14,2024-01-17,2024-01-31,0.0004783364715494947,0.0036560206843270176
LSTM,recursive,variance,14,2024-01-18,2024-02-01,0.0005207185266750876,0.0037212422926455307
LSTM,recursive,variance,14,2024-02-01,2024-02-15,0.00323943232439572,-0.003908276635725922
LSTM,recursive,variance,28,2023-05-01,2023-05-29,0.0005165039138387742,0.005131193702312065
LSTM,recursive,variance,28,2023-05-02,2023-05-30,0.000396534719328378,0.005117078986896242
LSTM,recursive,variance,28,2023-05-03,2023-05-31,0.0003612216101206669,0.00512950723986437
LSTM,recursive,variance,28,2023-05-04,2023-06-01,0.00036779103154906064,0.005161407743626459
LSTM,recursive,variance,28,2023-05-05,2023-06-02,0.0003706641551886727,0.005164650187006885
LSTM,recursive,variance,28,2023-05-06,2023-06-03,0.00037567529558119126,0.0051757308732027045
LSTM,recursive,variance,28,2023-05-07,2023-06-04,0.00037879015378993196,0.005183030490105638
LSTM,recursive,variance,28,2023-05-08,2023-06-05,0.00031668612824860325,0.00518866323905459
LSTM,recursive,variance,28,2023-05-09,2023-06-06,8.242633513760308e-05,0.005177070869375168
LSTM,recursive,variance,28,2023-05-10,2023-06-07,9.624188303081485e-05,0.005168489371786813
LSTM,recursive,variance,28,2023-05-11,2023-06-08,0.00010380435104511207,0.0051629588259357595
LSTM,recursive,variance,28,2023-05-12,2023-06-09,0.00010747163506636533,0.0051762456739921255
LSTM,recursive,variance,28,2023-05-13,2023-06-10,0.00010446051684804562,0.0051781953261167656
LSTM,recursive,variance,28,2023-05-14,2023-06-11,0.00010479076615257291,0.0052048160044814735
LSTM,recursive,variance,28,2023-05-15,2023-06-12,0.00010474173474624883,0.005196730381182927
LSTM,recursive,variance,28,2023-05-16,2023-06-13,6.469446961682607e-05,0.005132217514608673
LSTM,recursive,variance,28,2023-05-17,2023-06-14,9.423757255570466e-05,0.0051484174849522335
LSTM,recursive,variance,28,2023-05-18,2023-06-15,0.00012100580670343002,0.005087532271691665
LSTM,recursive,variance,28,2023-05-19,2023-06-16,0.00014281659105401434,0.005091537119009365
LSTM,recursive,variance,28,2023-05-20,2023-06-17,0.00014074980416563975,0.005094928747739667
LSTM,recursive,variance,28,2023-05-21,2023-06-18,0.0001406241991228432,0.005096983274938623
LSTM,recursive,variance,28,2023-05-22,2023-06-19,0.0001386858046172259,0.00510344166460002
LSTM,recursive,variance,28,2023-05-23,2023-06-20,0.00011760469988271101,0.00486163737356324
LSTM,recursive,variance,28,2023-05-24,2023-06-21,0.000120034800592035,0.004635205185510562
LSTM,recursive,variance,28,2023-05-25,2023-06-22,0.00012387075776166634,0.004980653437729212
LSTM,recursive,variance,28,2023-05-26,2023-06-23,0.0001257714385614887,0.005036972911289489
LSTM,recursive,variance,28,2023-05-27,2023-06-24,0.0001358986254905031,0.005030569519809314
LSTM,recursive,variance,28,2023-05-28,2023-06-25,0.0001296025800320577,0.005067378444247005
LSTM,recursive,variance,28,2023-05-29,2023-06-26,0.00010938329996854319,0.005125390614866614
LSTM,recursive,variance,28,2023-05-30,2023-06-27,0.00012150273778285357,0.00514814605668134
LSTM,recursive,variance,28,2023-05-31,2023-06-28,0.00011365301432943044,0.0051663328641546585
LSTM,recursive,variance,28,2023-06-01,2023-06-29,0.00010157736211233028,0.005174772078998879
LSTM,recursive,variance,28,2023-06-02,2023-06-30,8.369138246784943e-05,0.005170719358770398
LSTM,recursive,variance,28,2023-06-03,2023-07-01,8.281965861820725e-05,0.005162408844123533
LSTM,recursive,variance,28,2023-06-04,2023-07-02,8.309215793671043e-05,0.0051549607098648285
LSTM,recursive,variance,28,2023-06-05,2023-07-03,7.430987919036254e-05,0.005139563445769478
LSTM,recursive,variance,28,2023-06-06,2023-07-04,9.421657124288995e-05,0.00508675940251343
LSTM,recursive,variance,28,2023-06-07,2023-07-05,8.768492552391355e-05,0.005084460612137141
LSTM,recursive,variance,28,2023-06-08,2023-07-06,8.072378920634389e-05,0.005089945734389128
LSTM,recursive,variance,28,2023-06-09,2023-07-07,8.099134228211503e-05,0.005086955570115282
LSTM,recursive,variance,28,2023-06-10,2023-07-08,7.73546532432404e-05,0.005085162228610959
LSTM,recursive,variance,28,2023-06-11,2023-07-09,7.991587560407396e-05,0.005093810970939108
LSTM,recursive,variance,28,2023-06-12,2023-07-10,7.838855917153161e-05,0.0051056386972078115
LSTM,recursive,variance,28,2023-06-13,2023-07-11,4.110197372174843e-05,0.005104074700345835
LSTM,recursive,variance,28,2023-06-14,2023-07-12,4.295705493103402e-05,0.005113796909198984
LSTM,recursive,variance,28,2023-06-15,2023-07-13,4.381126794360352e-05,0.005120707308204033
LSTM,recursive,variance,28,2023-06-16,2023-07-14,4.930382379909738e-05,0.005122550303936747
LSTM,recursive,variance,28,2023-06-17,2023-07-15,5.165058902079529e-05,0.005118728932332924
LSTM,recursive,variance,28,2023-06-18,2023-07-16,5.2713073233251855e-05,0.005116101488857506
LSTM,recursive,variance,28,2023-06-19,2023-07-17,5.085755326524275e-05,0.00511386103663296
LSTM,recursive,variance,28,2023-06-20,2023-07-18,2.2425920283682633e-05,0.005106597936741041
LSTM,recursive,variance,28,2023-06-21,2023-07-19,2.2270049090947326e-05,0.005103672345230573
LSTM,recursive,variance,28,2023-06-22,2023-07-20,2.3170543472659755e-05,0.005102350830228319
LSTM,recursive,variance,28,2023-06-23,2023-07-21,2.310975956974895e-05,0.005101036663161208
LSTM,recursive,variance,28,2023-06-24,2023-07-22,2.3139638278931333e-05,0.005102631387751966
LSTM,recursive,variance,28,2023-06-25,2023-07-23,2.478480415949975e-05,0.005101785484551702
LSTM,recursive,variance,28,2023-06-26,2023-07-24,2.8139717463203465e-05,0.00509786725380281
LSTM,recursive,variance,28,2023-06-27,2023-07-25,7.142798415736174e-05,0.005101876331749834
LSTM,recursive,variance,28,2023-06-28,2023-07-26,8.235936714938586e-05,0.005101435455641248
LSTM,recursive,variance,28,2023-06-29,2023-07-27,9.128063129160166e-05,0.005098140018061911
LSTM,recursive,variance,28,2023-06-30,2023-07-28,9.506478387373946e-05,0.005093761539375418
LSTM,recursive,variance,28,2023-07-01,2023-07-29,0.00010580842722636319,0.005094298829299671
LSTM,recursive,variance,28,2023-07-02,2023-07-30,0.00011934129099542907,0.005095459580387582
LSTM,recursive,variance,28,2023-07-03,2023-07-31,0.00012883436723465765,0.005093625936572322
LSTM,recursive,variance,28,2023-07-04,2023-08-01,0.00018365613183454166,0.005099085452383658
LSTM,recursive,variance,28,2023-07-05,2023-08-02,0.000185023988470554,0.005099190550122675
LSTM,recursive,variance,28,2023-07-06,2023-08-03,0.00018488517508017052,0.005098158499232119
LSTM,recursive,variance,28,2023-07-07,2023-08-04,0.00018375088880091134,0.005099328379572783
LSTM,recursive,variance,28,2023-07-08,2023-08-05,0.00018377196645002374,0.005099260244174184
LSTM,recursive,variance,28,2023-07-09,2023-08-06,0.00018383142567923402,0.005099547258974168
LSTM,recursive,variance,28,2023-07-10,2023-08-07,0.0001784317145476015,0.005098580671505796
LSTM,recursive,variance,28,2023-07-11,2023-08-08,0.00012779073808994002,0.0050884932925425045
LSTM,recursive,variance,28,2023-07-12,2023-08-09,0.00012122449230434965,0.00508847881933692
LSTM,recursive,variance,28,2023-07-13,2023-08-10,0.00011394510416389328,0.005090073321262976
LSTM,recursive,variance,28,2023-07-14,2023-08-11,0.00010698230582982533,0.005091409086806114
LSTM,recursive,variance,28,2023-07-15,2023-08-12,9.323903648804923e-05,0.0050919826710766804
LSTM,recursive,variance,28,2023-07-16,2023-08-13,7.626276289023492e-05,0.005093230706727504
LSTM,recursive,variance,28,2023-07-17,2023-08-14,8.581592535690787e-05,0.00509445380393178
LSTM,recursive,variance,28,2023-07-18,2023-08-15,7.23481925503755e-05,0.005088342103210318
LSTM,recursive,variance,28,2023-07-19,2023-08-16,7.23481737697382e-05,0.005088571002523261
LSTM,recursive,variance,28,2023-07-20,2023-08-17,7.390151364585568e-05,0.005089537812656334
LSTM,recursive,variance,28,2023-07-21,2023-08-18,7.204749658350661e-05,0.00508885378669392
LSTM,recursive,variance,28,2023-07-22,2023-08-19,7.271064563097273e-05,0.005088149498243688
LSTM,recursive,variance,28,2023-07-23,2023-08-20,7.824173525178751e-05,0.005088984045544184
LSTM,recursive,variance,28,2023-07-24,2023-08-21,7.951995184335658e-05,0.005090958413450669
LSTM,recursive,variance,28,2023-07-25,2023-08-22,0.00015163143703733931,0.005102723793603008
LSTM,recursive,variance,28,2023-07-26,2023-08-23,0.00013322797930124714,0.005105868264514859
LSTM,recursive,variance,28,2023-07-27,2023-08-24,0.00011996258029397116,0.005106609292640807
LSTM,recursive,variance,28,2023-07-28,2023-08-25,0.00011156647897391821,0.0051069809200272875
LSTM,recursive,variance,28,2023-07-29,2023-08-26,0.00010897692990039453,0.005108711470085843
LSTM,recursive,variance,28,2023-07-30,2023-08-27,0.00010901224310894494,0.005109901167584923
LSTM,recursive,variance,28,2023-07-31,2023-08-28,0.00013649248900412337,0.005109094230707389
LSTM,recursive,variance,28,2023-08-01,2023-08-29,0.00015483505065035216,0.005117708237342134
LSTM,recursive,variance,28,2023-08-02,2023-08-30,0.0001543154806848623,0.005116178530844158
LSTM,recursive,variance,28,2023-08-03,2023-08-31,0.00014779009020219906,0.005113413925912736
LSTM,recursive,variance,28,2023-08-04,2023-09-01,0.0001426886957580896,0.005112256960124747
LSTM,recursive,variance,28,2023-08-05,2023-09-02,0.00014694360979875044,0.005111471176393836
LSTM,recursive,variance,28,2023-08-06,2023-09-03,0.00015129085803526501,0.005109702996000761
LSTM,recursive,variance,28,2023-08-07,2023-09-04,0.00022935009456921467,0.00510641379303306
LSTM,recursive,variance,28,2023-08-08,2023-09-05,0.000276726194928063,0.005093502134998396
LSTM,recursive,variance,28,2023-08-09,2023-09-06,0.0002790904220727402,0.0050912872892144995
LSTM,recursive,variance,28,2023-08-10,2023-09-07,0.00027489549671895345,0.005091523091133183
LSTM,recursive,variance,28,2023-08-11,2023-09-08,0.00028330939263897513,0.005090672957303595
LSTM,recursive,variance,28,2023-08-12,2023-09-09,0.0002754632998991001,0.005088389753456397
LSTM,recursive,variance,28,2023-08-13,2023-09-10,0.0002713695421940814,0.005086842456447018
LSTM,recursive,variance,28,2023-08-14,2023-09-11,0.00021782435243145393,0.005093473633916629
LSTM,recursive,variance,28,2023-08-15,2023-09-12,0.00022842128146465836,0.005094033858305116
LSTM,recursive,variance,28,2023-08-16,2023-09-13,0.00023710147034273002,0.0050958717327497
LSTM,recursive,variance,28,2023-08-17,2023-09-14,0.00020004732675732388,0.00509830523527028
LSTM,recursive,variance,28,2023-08-18,2023-09-15,0.0001753653299908146,0.0050992549002213524
LSTM,recursive,variance,28,2023-08-19,2023-09-16,0.00017490674414699905,0.005099991920382678
LSTM,recursive,variance,28,2023-08-20,2023-09-17,0.00017227144367642561,0.005101537658739148
LSTM,recursive,variance,28,2023-08-21,2023-09-18,0.00014747519878003396,0.005101693746694763
LSTM,recursive,variance,28,2023-08-22,2023-09-19,0.000234623025145279,0.005117229285569624
LSTM,recursive,variance,28,2023-08-23,2023-09-20,0.00023466342656615943,0.005113024485350151
LSTM,recursive,variance,28,2023-08-24,2023-09-21,0.000210334678073935,0.005107186216881892
LSTM,recursive,variance,28,2023-08-25,2023-09-22,0.0002123798596343575,0.005105197153105121
LSTM,recursive,variance,28,2023-08-26,2023-09-23,0.0002246940607239335,0.0051043174048702586
LSTM,recursive,variance,28,2023-08-27,2023-09-24,0.0002238126591864298,0.005101985437453475
LSTM,recursive,variance,28,2023-08-28,2023-09-25,0.00021487360892103117,0.005105284437668034
LSTM,recursive,variance,28,2023-08-29,2023-09-26,0.000606349155093807,0.005107934147613581
LSTM,recursive,variance,28,2023-08-30,2023-09-27,0.000642483805298411,0.005107159719782437
LSTM,recursive,variance,28,2023-08-31,2023-09-28,0.0006899169263853446,0.005106122770268453
LSTM,recursive,variance,28,2023-09-01,2023-09-29,0.0006526537878025389,0.005106081131969308
LSTM,recursive,variance,28,2023-09-02,2023-09-30,0.0006300505221724912,0.00510735633271369
LSTM,recursive,variance,28,2023-09-03,2023-10-01,0.0006394715613091471,0.0051075108620163975
LSTM,recursive,variance,28,2023-09-04,2023-10-02,0.0006394715613091471,0.0051221096504928615
LSTM,recursive,variance,28,2023-09-05,2023-10-03,0.0008929586378093965,0.005130160315433303
LSTM,recursive,variance,28,2023-09-06,2023-10-04,0.0008899873263008679,0.005128386123093291
LSTM,recursive,variance,28,2023-09-07,2023-10-05,0.0008365401705632375,0.005126426451057093
LSTM,recursive,variance,28,2023-09-08,2023-10-06,0.0008033361287065262,0.005127724140936306
LSTM,recursive,variance,28,2023-09-09,2023-10-07,0.0007754433396848715,0.005124603717812197
LSTM,recursive,variance,28,2023-09-10,2023-10-08,0.000761486602733201,0.00511987008892712
LSTM,recursive,variance,28,2023-09-11,2023-10-09,0.0007597507857682369,0.005105921481378471
LSTM,recursive,variance,28,2023-09-12,2023-10-10,0.0005752876132009871,0.005105411356547778
LSTM,recursive,variance,28,2023-09-13,2023-10-11,0.000566825591101747,0.005107734417376509
LSTM,recursive,variance,28,2023-09-14,2023-10-12,0.0005496950161238724,0.005099748325199448
LSTM,recursive,variance,28,2023-09-15,2023-10-13,0.0005869637842570704,0.005094718106932231
LSTM,recursive,variance,28,2023-09-16,2023-10-14,0.0006300811004854004,0.005098791980307336
LSTM,recursive,variance,28,2023-09-17,2023-10-15,0.0006238728756948235,0.005102651872904486
LSTM,recursive,variance,28,2023-09-18,2023-10-16,0.0005814928760014849,0.0050995185352277
LSTM,recursive,variance,28,2023-09-19,2023-10-17,0.00048148361449023826,0.005120287362577369
LSTM,recursive,variance,28,2023-09-20,2023-10-18,0.0004738329356074368,0.00512347614376478
LSTM,recursive,variance,28,2023-09-21,2023-10-19,0.00047181146145995736,0.0051180771927522
LSTM,recursive,variance,28,2023-09-22,2023-10-20,0.0004729285660339617,0.005119411176977727
LSTM,recursive,variance,28,2023-09-23,2023-10-21,0.0004374093218738855,0.005123106743025312
LSTM,recursive,variance,28,2023-09-24,2023-10-22,0.0004154788721162042,0.005121247715434104
LSTM,recursive,variance,28,2023-09-25,2023-10-23,0.0004568701860475763,0.005115976796624774
LSTM,recursive,variance,28,2023-09-26,2023-10-24,0.002326625658999363,0.005171964722444806
LSTM,recursive,variance,28,2023-09-27,2023-10-25,0.002367027251880728,0.005172294934196843
LSTM,recursive,variance,28,2023-09-28,2023-10-26,0.002326792520895336,0.005167444629008282
LSTM,recursive,variance,28,2023-09-29,2023-10-27,0.0024082027998961475,0.005160193107680832
LSTM,recursive,variance,28,2023-09-30,2023-10-28,0.0022887113804897536,0.005154630498112791
LSTM,recursive,variance,28,2023-10-01,2023-10-29,0.0022219537735702942,0.005148793788297442
LSTM,recursive,variance,28,2023-10-02,2023-10-30,0.0024187942425720776,0.005139436081560331
LSTM,recursive,variance,28,2023-10-03,2023-10-31,0.0035504041255830826,0.005154923079530307
LSTM,recursive,variance,28,2023-10-04,2023-11-01,0.003556723854263085,0.005149687341743784
LSTM,recursive,variance,28,2023-10-05,2023-11-02,0.0033968165992652147,0.005140850002413628
LSTM,recursive,variance,28,2023-10-06,2023-11-03,0.003113204657069469,0.005139598404127584
LSTM,recursive,variance,28,2023-10-07,2023-11-04,0.002950010428996133,0.005139872727039594
LSTM,recursive,variance,28,2023-10-08,2023-11-05,0.002778143245212416,0.0051381737953686245
LSTM,recursive,variance,28,2023-10-09,2023-11-06,0.0029115795715604896,0.005136018401059976
LSTM,recursive,variance,28,2023-10-10,2023-11-07,0.004532434083815537,0.005113737680388436
LSTM,recursive,variance,28,2023-10-11,2023-11-08,0.006866491923495651,0.00511401445261216
LSTM,recursive,variance,28,2023-10-12,2023-11-09,0.006302354882784801,0.0051187233657153915
LSTM,recursive,variance,28,2023-10-13,2023-11-10,0.006302354882784801,0.005127907616650183
LSTM,recursive,variance,28,2023-10-14,2023-11-11,0.006087987171795348,0.005137373983761531
LSTM,recursive,variance,28,2023-10-15,2023-11-12,0.005764543417066962,0.005141327840862632
LSTM,recursive,variance,28,2023-10-16,2023-11-13,0.005784915557782489,0.005141513765888223
LSTM,recursive,variance,28,2023-10-17,2023-11-14,0.006466968942572113,0.0051336276501620474
LSTM,recursive,variance,28,2023-10-18,2023-11-15,0.006544576718325881,0.00513587233301592
LSTM,recursive,variance,28,2023-10-19,2023-11-16,0.0061325646012167995,0.00513661536512418
LSTM,recursive,variance,28,2023-10-20,2023-11-17,0.005651271282794902,0.005134405863293114
LSTM,recursive,variance,28,2023-10-21,2023-11-18,0.005144009578300682,0.005127435790148115
LSTM,recursive,variance,28,2023-10-22,2023-11-19,0.0049435952911992724,0.005125150136989203
LSTM,recursive,variance,28,2023-10-23,2023-11-20,0.005326693471476779,0.0051352537704756895
LSTM,recursive,variance,28,2023-10-24,2023-11-21,0.007045119651666161,0.0053185529112441685
LSTM,recursive,variance,28,2023-10-25,2023-11-22,0.006638944352843266,0.005291773027618027
LSTM,recursive,variance,28,2023-10-26,2023-11-23,0.006449573455375175,0.005238208361742316
LSTM,recursive,variance,28,2023-10-27,2023-11-24,0.006103979208405871,0.005237809123932873
LSTM,recursive,variance,28,2023-10-28,2023-11-25,0.005335581060778976,0.005208322528197648
LSTM,recursive,variance,28,2023-10-29,2023-11-26,0.004833963564434694,0.005163667567680019
LSTM,recursive,variance,28,2023-10-30,2023-11-27,0.0044179930773674166,0.005143336053803716
LSTM,recursive,variance,28,2023-10-31,2023-11-28,0.007121497827241561,0.005191973372504214
LSTM,recursive,variance,28,2023-11-01,2023-11-29,0.00743543893761968,0.005167689782844421
LSTM,recursive,variance,28,2023-11-02,2023-11-30,0.007051408807597839,0.005150757022968862
LSTM,recursive,variance,28,2023-11-03,2023-12-01,0.006819459958299832,0.005146808064491189
LSTM,recursive,variance,28,2023-11-04,2023-12-02,0.006682875365397521,0.0051480075592371275
LSTM,recursive,variance,28,2023-11-05,2023-12-03,0.006461061053259893,0.005136062266006134
LSTM,recursive,variance,28,2023-11-06,2023-12-04,0.0064424057833106195,0.005133364905814506
LSTM,recursive,variance,28,2023-11-07,2023-12-05,0.01386162050984279,0.005236363807356693
LSTM,recursive,variance,28,2023-11-08,2023-12-06,0.014733314538373307,0.0055682012343785765
LSTM,recursive,variance,28,2023-11-09,2023-12-07,0.01464720912899006,0.005383487282097996
LSTM,recursive,variance,28,2023-11-10,2023-12-08,0.014807630902304534,0.005464689090699879
LSTM,recursive,variance,28,2023-11-11,2023-12-09,0.014615998835686242,0.005571915726925773
LSTM,recursive,variance,28,2023-11-12,2023-12-10,0.014761220987831213,0.005537701514252407
LSTM,recursive,variance,28,2023-11-13,2023-12-11,0.01461860026247642,0.005447395168678801
LSTM,recursive,variance,28,2023-11-14,2023-12-12,0.014941647455265002,0.005448065834759135
LSTM,recursive,variance,28,2023-11-15,2023-12-13,0.016095311675156095,0.0053624494757891486
LSTM,recursive,variance,28,2023-11-16,2023-12-14,0.016517498158083437,0.005284975964945943
LSTM,recursive,variance,28,2023-11-17,2023-12-15,0.01678542149933898,0.005254774170190123
LSTM,recursive,variance,28,2023-11-18,2023-12-16,0.017495506507940402,0.005227312041919178
LSTM,recursive,variance,28,2023-11-19,2023-12-17,0.018359489248674435,0.005214124947648997
LSTM,recursive,variance,28,2023-11-20,2023-12-18,0.020156902205652395,0.00523477353605996
LSTM,recursive,variance,28,2023-11-21,2023-12-19,0.008963707714350658,0.005451315848739407
LSTM,recursive,variance,28,2023-11-22,2023-12-20,0.00711689341658573,0.005316803212021302
LSTM,recursive,variance,28,2023-11-23,2023-12-21,0.007517494053368169,0.005334953057154203
LSTM,recursive,variance,28,2023-11-24,2023-12-22,0.008392024072682604,0.0053706143677213596
LSTM,recursive,variance,28,2023-11-25,2023-12-23,0.008953787347405474,0.0053067178370403215
LSTM,recursive,variance,28,2023-11-26,2023-12-24,0.009105152415718302,0.005245659613306839
LSTM,recursive,variance,28,2023-11-27,2023-12-25,0.008282130307594261,0.0051676617270920554
LSTM,recursive,variance,28,2023-11-28,2023-12-26,0.0020113465048703532,0.005501567486524377
LSTM,recursive,variance,28,2023-11-29,2023-12-27,0.0018410522415078312,0.005434094738075655
LSTM,recursive,variance,28,2023-11-30,2023-12-28,0.002019814239796979,0.005375044949947958
LSTM,recursive,variance,28,2023-12-01,2023-12-29,0.0024299302550433214,0.005467573711905305
LSTM,recursive,variance,28,2023-12-02,2023-12-30,0.0023222944838322923,0.0055991222361196176
LSTM,recursive,variance,28,2023-12-03,2023-12-31,0.0025479636978601007,0.005598465375250763
LSTM,recursive,variance,28,2023-12-04,2024-01-01,0.0025479636978601007,0.005522044623115335
LSTM,recursive,variance,28,2023-12-05,2024-01-02,0.0022849540751350315,0.01808114783895393
LSTM,recursive,variance,28,2023-12-06,2024-01-03,0.007776752602378338,0.017796630446259617
LSTM,recursive,variance,28,2023-12-07,2024-01-04,0.008513044684147125,0.01637792853649643
LSTM,recursive,variance,28,2023-12-08,2024-01-05,0.00875527598737923,0.016202171271825907
LSTM,recursive,variance,28,2023-12-09,2024-01-06,0.008300855185933704,0.018396670845975783
LSTM,recursive,variance,28,2023-12-10,2024-01-07,0.009098881736502673,0.016579593284493377
LSTM,recursive,variance,28,2023-12-11,2024-01-08,0.010302676209616257,0.020928742576529696
LSTM,recursive,variance,28,2023-12-12,2024-01-09,0.009254107790123032,0.021290763317137192
LSTM,recursive,variance,28,2023-12-13,2024-01-10,0.00943105717515276,0.020660611524533933
LSTM,recursive,variance,28,2023-12-14,2024-01-11,0.009107329898329148,0.01806740141095407
LSTM,recursive,variance,28,2023-12-15,2024-01-12,0.01006383238041389,0.016287834835712573
LSTM,recursive,variance,28,2023-12-16,2024-01-13,0.011078545227567719,0.01803025025087047
LSTM,recursive,variance,28,2023-12-17,2024-01-14,0.011078545227567719,0.01949343166136665
LSTM,recursive,variance,28,2023-12-18,2024-01-15,0.009876347764990764,0.013747877212097189
LSTM,recursive,variance,28,2023-12-19,2024-01-16,0.009173524501162886,0.019640331580747846
LSTM,recursive,variance,28,2023-12-20,2024-01-17,0.002291764212101642,0.018543987593677824
LSTM,recursive,variance,28,2023-12-21,2024-01-18,0.002070680574081249,0.018373219799634175
LSTM,recursive,variance,28,2023-12-22,2024-01-19,0.001904382876444147,0.007186691719365496
LSTM,recursive,variance,28,2023-12-23,2024-01-20,0.0017373894656719459,0.0066450393482847415
LSTM,recursive,variance,28,2023-12-24,2024-01-21,0.001896301953828873,0.006593648335223185
LSTM,recursive,variance,28,2023-12-25,2024-01-22,0.001813649031606752,0.0060933350019282025
LSTM,recursive,variance,28,2023-12-26,2024-01-23,0.0018962311819938303,0.005051010807383361
LSTM,recursive,variance,28,2023-12-27,2024-01-24,0.0018914832491605984,0.005088078913533373
LSTM,recursive,variance,28,2023-12-28,2024-01-25,0.001699086466725697,0.005093657109630506
LSTM,recursive,variance,28,2023-12-29,2024-01-26,0.001699086466725697,0.005062887297221652
LSTM,recursive,variance,28,2023-12-30,2024-01-27,0.0012348420939963895,0.005040445589971066
LSTM,recursive,variance,28,2023-12-31,2024-01-28,0.0012348420939963895,0.0050560550535267606
LSTM,recursive,variance,28,2024-01-01,2024-01-29,0.0012434337360462456,0.005077550435796793
LSTM,recursive,variance,28,2024-01-02,2024-01-30,0.0006950486595035895,0.005093048121672432
LSTM,recursive,variance,28,2024-01-03,2024-01-31,0.0004783364715494947,0.006107024873093933
LSTM,recursive,variance,28,2024-01-04,2024-02-01,0.0005207185266750876,0.006435086574775761
LSTM,recursive,variance,28,2024-01-18,2024-02-15,0.00323943232439572,0.005212713921436817
LSTM,recursive,variance,28,2024-01-19,2024-02-16,0.0032445118785910587,0.005072681649438023
LSTM,recursive,variance,28,2024-01-20,2024-02-17,0.003046079099253552,0.004990958360105681
LSTM,recursive,variance,28,2024-01-21,2024-02-18,0.003300279798314407,0.004985338080380002
LSTM,recursive,variance,28,2024-01-22,2024-02-19,0.003300279798314407,0.004991480954159647
LSTM,recursive,variance,28,2024-01-23,2024-02-20,0.0032823384941475715,0.005027311044570394
LSTM,recursive,variance,28,2024-01-24,2024-02-21,0.00375120796036845,0.0050638525487018155
LSTM,recursive,variance,28,2024-01-25,2024-02-22,0.0032853792189320983,0.0050887119492791875
LSTM,recursive,variance,28,2024-01-26,2024-02-23,0.002958318519448188,0.005124799217419944
LSTM,recursive,variance,28,2024-01-27,2024-02-24,0.002958318519448188,0.005122438080927289
LSTM,recursive,variance,28,2024-01-28,2024-02-25,0.0036947005583286424,0.0051375042426117954
LSTM,recursive,variance,28,2024-01-29,2024-02-26,0.003284793914726736,0.0051453761077970865
LSTM,recursive,variance,28,2024-01-30,2024-02-27,0.0026756511895678218,0.005096928722086802
LSTM,recursive,variance,28,2024-01-31,2024-02-28,0.0025322602016737477,0.005045455100421061
LSTM,recursive,variance,28,2024-02-01,2024-02-29,0.0028747610833487385,0.005081345978295265
