condition,scenario,repetition,method,kappa_early,kappa_late,sigma_early,sigma_late,kappa_decline,sigma_growth,kappa_se_late,kappa_lower_late,kappa_upper_late,sigma_lower_late,sigma_upper_late,tau_late,tau_true,active_terms_late,pip_x_late,pip_x2_late,pip_x3_late,model_entropy_late,converged,kappa_true_late,sigma_true_late
baseline,noise_growth,0,Bayesian SINDy (spike-slab),0.7034477703865392,1.8655318300108532,0.19590085765779058,0.4779033103624127,-1.162084059624314,0.2820024527046221,0.47886771220592705,0.9330268213928036,2.7303105315517486,0.4076222616379912,0.5622522118916664,,0.03,2.0,0.9786571322332704,0.01482898055338081,0.007998447289133058,0.2219487615407521,True,0.7999999999999999,0.4940101170497365
baseline,noise_growth,0,Kalman OU,1.110657730083332,2.4452354127378397,0.20869526660864912,0.6033446032482384,-1.3345776826545077,0.39464933663958923,,,,,,0.0010000000000000002,0.03,,,,,,True,0.7999999999999999,0.4940101170497365
baseline,noise_growth,0,Latent Neural SDE (VI),1.9985966682434082,2.5210442543029785,0.15654987496534253,0.46902580387805837,-0.5224475860595703,0.3124759289127158,,,,,,0.03156071901220646,0.03,,,,,,True,0.7999999999999999,0.4940101170497365
baseline,noise_growth,0,Moment OU,1.0753316423349364,2.5309849384170646,0.20272702637665038,0.6109955155027317,-1.4556532960821282,0.40826848912608127,,,,,,,0.03,,,,,,True,0.7999999999999999,0.4940101170497365
baseline,noise_growth,0,Neural SDE (Euler),2.036342144012451,2.289520740509033,0.16011291117801774,0.47934047178647354,-0.25317859649658203,0.3192275606084558,,,,,,,0.03,,,,,,True,0.7999999999999999,0.4940101170497365
baseline,noise_growth,0,SINDy-STLSQ,1.083592902152885,2.239286278050123,0.19546386370875343,0.48121694699629997,-1.1556933758972379,0.28575308328754656,,,,,,,0.03,3.0,,,,,True,0.7999999999999999,0.4940101170497365
baseline,noise_growth,1,Bayesian SINDy (spike-slab),2.4150260739461578,1.1680076453470556,0.21461368277936616,0.4181289965739195,1.2470184285991022,0.20351531379455334,0.5882986915490517,-0.0,2.1144801940529487,0.35549036238824416,0.491464018971911,,0.03,2.0,0.8475958248943191,0.012943935927382792,0.03626335828144792,0.6195651910687006,True,0.7999999999999999,0.4940101170497365
baseline,noise_growth,1,Kalman OU,2.9570266742719418,1.1979389531007265,0.29269404126114246,0.4215389325460522,1.7590877211712153,0.12884489128490972,,,,,,0.06823247944959597,0.03,,,,,,True,0.7999999999999999,0.4940101170497365
baseline,noise_growth,1,Latent Neural SDE (VI),4.277554988861084,1.6255905628204346,0.22185646189561162,0.4502257960276016,2.6519644260406494,0.22836933413198998,,,,,,0.03333104413915083,0.03,,,,,,True,0.7999999999999999,0.4940101170497365
baseline,noise_growth,1,Moment OU,3.081225911062008,1.5417377011658704,0.2863928338807881,0.4908684539540664,1.5394882098961375,0.2044756200732783,,,,,,,0.03,,,,,,True,0.7999999999999999,0.4940101170497365
baseline,noise_growth,1,Neural SDE (Euler),4.345217704772949,1.5582748651504517,0.22778926861868648,0.4667616530752273,2.7869428396224976,0.23897238445654084,,,,,,,0.03,,,,,,True,0.7999999999999999,0.4940101170497365
baseline,noise_growth,1,SINDy-STLSQ,3.109138744275034,1.6856964611577254,0.21617428009457884,0.41931369907894056,1.4234422831173084,0.20313941898436172,,,,,,,0.03,3.0,,,,,True,0.7999999999999999,0.4940101170497365
baseline,noise_growth,2,Bayesian SINDy (spike-slab),1.223959720400818,0.4073054363147874,0.19478932033818253,0.42704384547279844,0.8166542840860305,0.23225452513461592,0.5269720750118069,-0.0,1.5443506936060645,0.3629997783009857,0.5044358858608009,,0.03,1.0,0.445390922025817,0.011080672169154952,0.030873946166738213,0.8751648528445206,True,0.7999999999999999,0.4940101170497365
baseline,noise_growth,2,Kalman OU,1.3034292629672284,1.0983770082060222,0.19103143311442616,0.4664453377575938,0.20505225476120614,0.2754139046431676,,,,,,0.0010000000000000002,0.03,,,,,,True,0.7999999999999999,0.4940101170497365
baseline,noise_growth,2,Latent Neural SDE (VI),1.6565243005752563,1.0016626119613647,0.1895184815815185,0.40537532294699724,0.6548616886138916,0.21585684136547875,,,,,,0.03712676077177533,0.03,,,,,,True,0.7999999999999999,0.4940101170497365
baseline,noise_growth,2,Moment OU,1.4852604201520403,1.0222810000384774,0.2077960751892999,0.4586768235191111,0.46297942011356286,0.2508807483298112,,,,,,,0.03,,,,,,True,0.7999999999999999,0.4940101170497365
baseline,noise_growth,2,Neural SDE (Euler),1.6648330688476562,1.0514428615570068,0.19395969790199918,0.4165090990693269,0.6133902072906494,0.22254940116732774,,,,,,,0.03,,,,,,True,0.7999999999999999,0.4940101170497365
baseline,noise_growth,2,SINDy-STLSQ,1.5802014086396312,0.8788837617196722,0.1939623689299372,0.41950570438753515,0.701317646919959,0.22554333545759794,,,,,,,0.03,4.0,,,,,True,0.7999999999999999,0.4940101170497365
baseline,noise_growth,3,Bayesian SINDy (spike-slab),0.6149415098636983,0.04745472779366123,0.21846438492896453,0.4837968074790638,0.5674867820700371,0.26533242255009926,0.1703424945177959,-0.0,0.6287233901037139,0.4150029304286322,0.5749761912296077,,0.03,1.0,0.08763222451040105,0.011251396936315066,0.009066421519179425,0.4087401945196114,True,0.7999999999999999,0.4940101170497365
baseline,noise_growth,3,Kalman OU,0.7662093492097066,0.5137974414838338,0.18834746321819654,0.4837394154585996,0.25241190772587285,0.29539195224040304,,,,,,0.04662258038667144,0.03,,,,,,True,0.7999999999999999,0.4940101170497365
baseline,noise_growth,3,Latent Neural SDE (VI),0.9638141393661499,1.1347445249557495,0.22564099855807293,0.5081812951118628,-0.1709303855895996,0.28254029655378987,,,,,,0.052870894893761206,0.03,,,,,,True,0.7999999999999999,0.4940101170497365
baseline,noise_growth,3,Moment OU,1.0038188555728644,0.7395507896222157,0.22355207937843113,0.556890806542806,0.2642680659506488,0.33333872716437485,,,,,,,0.03,,,,,,True,0.7999999999999999,0.4940101170497365
baseline,noise_growth,3,Neural SDE (Euler),1.0589872598648071,1.2843503952026367,0.23756030307757448,0.5354199485871891,-0.2253631353378296,0.29785964550961463,,,,,,,0.03,,,,,,True,0.7999999999999999,0.4940101170497365
baseline,noise_growth,3,SINDy-STLSQ,0.5224399844933525,0.7901426779623008,0.21505610146673204,0.4743188460208323,-0.26770269346894826,0.25926274455410026,,,,,,,0.03,4.0,,,,,True,0.7999999999999999,0.4940101170497365
baseline,noise_growth,4,Bayesian SINDy (spike-slab),0.3618777883611773,0.38435083021685523,0.194057469440982,0.4860358557178421,-0.022473041855677944,0.29197838627686007,0.5388477312506941,-0.0,1.6396234191267678,0.4170683911051528,0.5670415551852698,,0.03,1.0,0.41192888019042084,0.04743387963681124,0.014206796029893297,0.9153688353931506,True,0.7999999999999999,0.4940101170497365
baseline,noise_growth,4,Kalman OU,1.0500918017056822,0.9648341295939454,0.2116613690178283,0.5248509510204464,0.08525767211173674,0.31318958200261815,,,,,,0.0010000000000000002,0.03,,,,,,True,0.7999999999999999,0.4940101170497365
baseline,noise_growth,4,Latent Neural SDE (VI),0.9967433214187622,2.5335516929626465,0.199122864297536,0.4615811981375119,-1.5368083715438843,0.2624583338399759,,,,,,0.044888842667586124,0.03,,,,,,True,0.7999999999999999,0.4940101170497365
baseline,noise_growth,4,Moment OU,0.9092000392085824,0.9192841812226555,0.19366791245754228,0.5224767157646765,-0.01008414201407315,0.3288088033071342,,,,,,,0.03,,,,,,True,0.7999999999999999,0.4940101170497365
baseline,noise_growth,4,Neural SDE (Euler),1.0276901721954346,2.600815773010254,0.2001553160534203,0.46970636504629737,-1.5731256008148193,0.2695510489928771,,,,,,,0.03,,,,,,True,0.7999999999999999,0.4940101170497365
baseline,noise_growth,4,SINDy-STLSQ,1.1365670642866614,1.590273679617201,0.19038138204250712,0.46459038310424294,-0.4537066153305396,0.27420900106173585,,,,,,,0.03,3.0,,,,,True,0.7999999999999999,0.4940101170497365
baseline,noise_growth,5,Bayesian SINDy (spike-slab),1.8004549302954518,0.2618156271973504,0.2106952812906393,0.3813051661129457,1.5386393030981014,0.17060988482230638,0.4232590094172476,-0.0,1.2487281996699502,0.3296211110104907,0.44454026542696573,,0.03,1.0,0.2699421209813626,0.019116639696756522,0.10727884857035958,0.9906141647695681,True,0.7999999999999999,0.4940101170497365
baseline,noise_growth,5,Kalman OU,2.027260147212079,0.9281225417438611,0.2684388778356638,0.40903274030085063,1.099137605468218,0.14059386246518685,,,,,,0.0010000000000000002,0.03,,,,,,True,0.7999999999999999,0.4940101170497365
baseline,noise_growth,5,Latent Neural SDE (VI),1.8593130111694336,1.2374165058135986,0.22632108404168266,0.4226166502802657,0.621896505355835,0.19629556623858302,,,,,,0.03532448893464493,0.03,,,,,,True,0.7999999999999999,0.4940101170497365
baseline,noise_growth,5,Moment OU,2.380289898378719,0.825989527544674,0.27341291148651015,0.39675069160305965,1.5543003708340448,0.1233377801165495,,,,,,,0.03,,,,,,True,0.7999999999999999,0.4940101170497365
baseline,noise_growth,5,Neural SDE (Euler),1.8176121711730957,1.2209010124206543,0.22847878398173352,0.419240783946158,0.5967111587524414,0.19076199996442447,,,,,,,0.03,,,,,,True,0.7999999999999999,0.4940101170497365
baseline,noise_growth,5,SINDy-STLSQ,1.2413113055745928,1.5077697832124948,0.21174988977074713,0.36959708924483553,-0.266458477637902,0.1578471994740884,,,,,,,0.03,3.0,,,,,True,0.7999999999999999,0.4940101170497365
baseline,noise_growth,6,Bayesian SINDy (spike-slab),0.8459482464630708,0.035747540254798926,0.21365358638667956,0.4074033053445275,0.8102007062082719,0.19374971895784796,0.13083837887765623,-0.0,0.5332840975406906,0.35081117675764917,0.4717444510045368,,0.03,1.0,0.06721247472981749,0.01178364477332203,0.026196994552295832,0.4309018434542744,True,0.7999999999999999,0.4940101170497365
baseline,noise_growth,6,Kalman OU,1.393914004662609,0.46473144689790724,0.24100064140989935,0.4243834576835729,0.9291825577647018,0.18338281627367353,,,,,,0.0010000000000000002,0.03,,,,,,True,0.7999999999999999,0.4940101170497365
baseline,noise_growth,6,Latent Neural SDE (VI),1.4533393383026123,0.5575054883956909,0.22298569873788573,0.3768970239650328,0.8958338499069214,0.15391132522714704,,,,,,0.053665191040087414,0.03,,,,,,True,0.7999999999999999,0.4940101170497365
baseline,noise_growth,6,Moment OU,1.204476673078028,0.39463044458749236,0.22169611760098948,0.4147943237581803,0.8098462284905357,0.19309820615719084,,,,,,,0.03,,,,,,True,0.7999999999999999,0.4940101170497365
baseline,noise_growth,6,Neural SDE (Euler),1.5025310516357422,0.5932861566543579,0.22665397438230395,0.389098574909375,0.9092448949813843,0.16244460052707105,,,,,,,0.03,,,,,,True,0.7999999999999999,0.4940101170497365
baseline,noise_growth,6,SINDy-STLSQ,1.8716157460929912,0.5370479999011918,0.2057383069076255,0.40255594568110886,1.3345677461917993,0.19681763877348335,,,,,,,0.03,3.0,,,,,True,0.7999999999999999,0.4940101170497365
baseline,noise_growth,7,Bayesian SINDy (spike-slab),1.098867038237458,0.3374014476339448,0.183537655059514,0.4473237448565998,0.761465590603513,0.26378608979708584,0.47501469110917577,-0.0,1.3908165673933084,0.3809811935758366,0.5211246583037128,,0.03,1.0,0.32373249050866343,0.01900302869044395,0.06377304811293674,0.9426546588850369,True,0.7999999999999999,0.4940101170497365
baseline,noise_growth,7,Kalman OU,1.1095834390761474,0.9895155150817663,0.213500746362234,0.48200024222237287,0.12006792399438115,0.2684994958601389,,,,,,0.0010000000000000002,0.03,,,,,,True,0.7999999999999999,0.4940101170497365
baseline,noise_growth,7,Latent Neural SDE (VI),1.2086563110351562,1.0340867042541504,0.17837430077009317,0.4958871481751471,0.17456960678100586,0.3175128474050539,,,,,,0.04072694837735887,0.03,,,,,,True,0.7999999999999999,0.4940101170497365
baseline,noise_growth,7,Moment OU,1.1898755016756277,0.906280430471375,0.20832685955282734,0.4730446720807913,0.28359507120425276,0.264717812527964,,,,,,,0.03,,,,,,True,0.7999999999999999,0.4940101170497365
baseline,noise_growth,7,Neural SDE (Euler),1.2357707023620605,1.1641292572021484,0.18389141577743345,0.5028931783066954,0.07164144515991211,0.319001762529262,,,,,,,0.03,,,,,,True,0.7999999999999999,0.4940101170497365
baseline,noise_growth,7,SINDy-STLSQ,1.404739426995212,1.0002964686210536,0.1846099539056617,0.43618236777309344,0.40444295837415845,0.25157241386743173,,,,,,,0.03,4.0,,,,,True,0.7999999999999999,0.4940101170497365
baseline,noise_growth,8,Bayesian SINDy (spike-slab),0.18437057040700885,0.530868148953991,0.19465238376934513,0.44219882060447824,-0.34649757854698215,0.2475464368351331,0.5419001919949025,-0.0,1.5515852679092423,0.3764419432185463,0.5260053170236347,,0.03,2.0,0.5456059108561284,0.009979545101300008,0.022250635657245357,0.8402658691089961,True,0.7999999999999999,0.4940101170497365
baseline,noise_growth,8,Kalman OU,0.8962871805957794,1.1033086667093586,0.20940237550304266,0.48634714702135207,-0.20702148611357918,0.27694477151830943,,,,,,0.0010000000000000002,0.03,,,,,,True,0.7999999999999999,0.4940101170497365
baseline,noise_growth,8,Latent Neural SDE (VI),1.0223788022994995,1.1474268436431885,0.21669394337156805,0.35325496028167364,-0.12504804134368896,0.13656101691010558,,,,,,0.03706413835495317,0.03,,,,,,True,0.7999999999999999,0.4940101170497365
baseline,noise_growth,8,Moment OU,1.0168144675676731,1.0736549058082352,0.20825988973020584,0.485237336832172,-0.05684043824056206,0.27697744710196615,,,,,,,0.03,,,,,,True,0.7999999999999999,0.4940101170497365
baseline,noise_growth,8,Neural SDE (Euler),1.0873432159423828,1.168440818786621,0.22526735184718003,0.3613958786534822,-0.08109760284423828,0.1361285268063022,,,,,,,0.03,,,,,,True,0.7999999999999999,0.4940101170497365
baseline,noise_growth,8,SINDy-STLSQ,0.8376432115262582,0.8444080971239236,0.18994718726234353,0.4326920593180782,-0.006764885597665415,0.24274487205573467,,,,,,,0.03,4.0,,,,,True,0.7999999999999999,0.4940101170497365
baseline,noise_growth,9,Bayesian SINDy (spike-slab),0.05853647912910534,0.8266782408773097,0.22333007433947877,0.4574270056213058,-0.7681417617482044,0.23409693128182701,0.6807477429372685,-0.0,1.9409398570220073,0.3905692104409286,0.5297082035608274,,0.03,2.0,0.6348027100632525,0.01580719161170872,0.01453104547067981,0.808289435819715,True,0.7999999999999999,0.4940101170497365
baseline,noise_growth,9,Kalman OU,0.5259605976409327,1.3862679568551037,0.2318246013315904,0.5226016713771184,-0.860307359214171,0.290777070045528,,,,,,0.0010000000000000002,0.03,,,,,,True,0.7999999999999999,0.4940101170497365
baseline,noise_growth,9,Latent Neural SDE (VI),0.9499019980430603,1.3387986421585083,0.21412457940271132,0.4105356944947327,-0.388896644115448,0.1964111150920214,,,,,,0.0345270964982694,0.03,,,,,,True,0.7999999999999999,0.4940101170497365
baseline,noise_growth,9,Moment OU,0.4329710671705883,1.9340481549757393,0.21643601308841667,0.5805207923604042,-1.5010770878051511,0.36408477927198757,,,,,,,0.03,,,,,,True,0.7999999999999999,0.4940101170497365
baseline,noise_growth,9,Neural SDE (Euler),1.0128899812698364,1.3949517011642456,0.22365483365821062,0.3984934104182466,-0.3820617198944092,0.17483857676003597,,,,,,,0.03,,,,,,True,0.7999999999999999,0.4940101170497365
baseline,noise_growth,9,SINDy-STLSQ,1.0379021951554337,1.4656441262189186,0.2163487176746803,0.451809592885579,-0.4277419310634849,0.23546087521089867,,,,,,,0.03,3.0,,,,,True,0.7999999999999999,0.4940101170497365
baseline,noise_growth,10,Bayesian SINDy (spike-slab),0.11712413578170548,0.1093589574696993,0.21167097775546614,0.44285041735179,0.007765178312006182,0.23117943959632384,0.2641644516142785,-0.0,0.911621455374639,0.38051461878648396,0.5143722938059835,,0.03,1.0,0.12348197337056491,0.0164028264878584,0.0775920878521038,0.7258658525583439,True,0.7999999999999999,0.4940101170497365
baseline,noise_growth,10,Kalman OU,0.645682120005025,0.6047220347159397,0.22315251786133924,0.45850245477208995,0.040960085289085346,0.2353499369107507,,,,,,0.021633439712358947,0.03,,,,,,True,0.7999999999999999,0.4940101170497365
baseline,noise_growth,10,Latent Neural SDE (VI),0.5435631275177002,0.5247893929481506,0.23625487915321441,0.5002453873342961,0.01877373456954956,0.2639905081810817,,,,,,0.04793925582252251,0.03,,,,,,True,0.7999999999999999,0.4940101170497365
baseline,noise_growth,10,Moment OU,0.5827865286568973,0.584025691600656,0.21157720229278484,0.4646543353558595,-0.0012391629437586982,0.25307713306307467,,,,,,,0.03,,,,,,True,0.7999999999999999,0.4940101170497365
baseline,noise_growth,10,Neural SDE (Euler),0.6235113143920898,0.5928711891174316,0.25130543016585394,0.5115116201479685,0.030640125274658203,0.26020618998211453,,,,,,,0.03,,,,,,True,0.7999999999999999,0.4940101170497365
baseline,noise_growth,10,SINDy-STLSQ,0.7194301103914237,0.3556898300004784,0.2083120302432456,0.4362188707279279,0.3637402803909453,0.22790684048468232,,,,,,,0.03,3.0,,,,,True,0.7999999999999999,0.4940101170497365
baseline,noise_growth,11,Bayesian SINDy (spike-slab),1.163765438013091,1.010560591457965,0.20476184711792572,0.474655070976286,0.15320484655512612,0.2698932238583603,0.5734797381580842,-0.0,2.1607295749779745,0.40455641438498563,0.5584891444661776,,0.03,2.0,0.3907743776960905,0.01504200846550777,0.5244602137914101,1.0805699056056997,True,0.7999999999999999,0.4940101170497365
baseline,noise_growth,11,Kalman OU,1.1909286785821547,1.060180317286388,0.2138260805604133,0.4494047419480192,0.13074836129576672,0.23557866138760591,,,,,,0.09169191575545059,0.03,,,,,,True,0.7999999999999999,0.4940101170497365
baseline,noise_growth,11,Latent Neural SDE (VI),1.3494186401367188,1.1612344980239868,0.20583492700950792,0.4869748752226926,0.18818414211273193,0.28113994821318466,,,,,,0.03858951022452868,0.03,,,,,,True,0.7999999999999999,0.4940101170497365
baseline,noise_growth,11,Moment OU,1.4024929225144964,1.4265102966242849,0.22871193589597666,0.5513439784899627,-0.024017374109788436,0.3226320425939861,,,,,,,0.03,,,,,,True,0.7999999999999999,0.4940101170497365
baseline,noise_growth,11,Neural SDE (Euler),1.3571524620056152,1.2250339984893799,0.19819138313280124,0.4990868979086858,0.13211846351623535,0.3008955147758846,,,,,,,0.03,,,,,,True,0.7999999999999999,0.4940101170497365
baseline,noise_growth,11,SINDy-STLSQ,1.5083463229984198,0.8540940444436236,0.20510942235199045,0.47503465871029976,0.6542522785547962,0.26992523635830934,,,,,,,0.03,4.0,,,,,True,0.7999999999999999,0.4940101170497365
baseline,noise_growth,12,Bayesian SINDy (spike-slab),0.5437945670349592,0.6819726973108297,0.21493680644377122,0.43396792689911473,-0.13817813027587045,0.2190311204553435,0.5602417973963005,-0.0,1.746347665199347,0.3692682990846205,0.514804494691114,,0.03,1.0,0.2914454016715594,0.01818562653599538,0.43488051340345857,1.2175813194863079,True,0.7999999999999999,0.4940101170497365
baseline,noise_growth,12,Kalman OU,0.9275520972181711,1.0838888134575597,0.23337941235081705,0.48778903900736775,-0.1563367162393886,0.2544096266565507,,,,,,0.0010000000000000002,0.03,,,,,,True,0.7999999999999999,0.4940101170497365
baseline,noise_growth,12,Latent Neural SDE (VI),0.6535056233406067,0.8730579614639282,0.20388760054607277,0.41506776550294167,-0.21955233812332153,0.2111801649568689,,,,,,0.040305972968884454,0.03,,,,,,True,0.7999999999999999,0.4940101170497365
baseline,noise_growth,12,Moment OU,0.744989749461357,1.0426791152259038,0.21312872262801782,0.4851677147762227,-0.29768936576454685,0.27203899214820493,,,,,,,0.03,,,,,,True,0.7999999999999999,0.4940101170497365
baseline,noise_growth,12,Neural SDE (Euler),0.7115814685821533,0.9296517372131348,0.20722331051963735,0.43748788444705405,-0.21807026863098145,0.2302645739274167,,,,,,,0.03,,,,,,True,0.7999999999999999,0.4940101170497365
baseline,noise_growth,12,SINDy-STLSQ,0.6759767151029611,1.0969993360753638,0.210242299811069,0.4286659084500047,-0.42102262097240273,0.21842360863893567,,,,,,,0.03,3.0,,,,,True,0.7999999999999999,0.4940101170497365
baseline,noise_growth,13,Bayesian SINDy (spike-slab),0.444163088342509,0.14775642968135302,0.22674025280774743,0.5495216238884343,0.296406658661156,0.32278137108068683,0.3267752194573168,-0.0,1.1303652097628454,0.47538261138669796,0.6535034459997865,,0.03,1.0,0.15251068612916777,0.011689481950308713,0.04326907240993217,0.6658442151654879,True,0.7999999999999999,0.4940101170497365
baseline,noise_growth,13,Kalman OU,1.2492401104720938,0.8607296466100837,0.25111576639833166,0.5907374776963263,0.38851046386201016,0.3396217112979947,,,,,,0.0010000000000000002,0.03,,,,,,True,0.7999999999999999,0.4940101170497365
baseline,noise_growth,13,Latent Neural SDE (VI),0.9072163105010986,1.2205941677093506,0.22266213631924717,0.5531636737967751,-0.31337785720825195,0.330501537477528,,,,,,0.04984896783645245,0.03,,,,,,True,0.7999999999999999,0.4940101170497365
baseline,noise_growth,13,Moment OU,1.321593193746241,1.052748211281951,0.24789926202618826,0.634048443110988,0.26884498246429,0.3861491810847997,,,,,,,0.03,,,,,,True,0.7999999999999999,0.4940101170497365
baseline,noise_growth,13,Neural SDE (Euler),0.9170846343040466,1.2426539659500122,0.22767643570679424,0.5588686458432637,-0.3255693316459656,0.33119221013646943,,,,,,,0.03,,,,,,True,0.7999999999999999,0.4940101170497365
baseline,noise_growth,13,SINDy-STLSQ,0.7596819032927616,0.7299010125735927,0.2235317900695222,0.5462193690493243,0.029780890719168895,0.32268757897980216,,,,,,,0.03,2.0,,,,,True,0.7999999999999999,0.4940101170497365
baseline,noise_growth,14,Bayesian SINDy (spike-slab),1.2689513888012447,0.6502457243884403,0.23754969505971688,0.45313459763415226,0.6187056644128044,0.21558490257443538,0.6042375743723228,-0.0,1.7663943829273463,0.38528398132037045,0.5355968798169843,,0.03,2.0,0.5665378235108871,0.03369636132630885,0.041019929279661034,0.9836559739881301,True,0.7999999999999999,0.4940101170497365
baseline,noise_growth,14,Kalman OU,1.5868949972123532,1.2426439804971101,0.25966375757495974,0.5027100654293636,0.34425101671524305,0.24304630785440384,,,,,,0.0010000000000000002,0.03,,,,,,True,0.7999999999999999,0.4940101170497365
baseline,noise_growth,14,Latent Neural SDE (VI),2.6782684326171875,1.0421948432922363,0.22444557497492876,0.45801349425178256,1.6360735893249512,0.2335679192768538,,,,,,0.03710032477841835,0.03,,,,,,True,0.7999999999999999,0.4940101170497365
baseline,noise_growth,14,Moment OU,1.5696419399551664,1.1521821563892725,0.26207678460210626,0.49346563736910143,0.41745978356589397,0.23138885276699517,,,,,,,0.03,,,,,,True,0.7999999999999999,0.4940101170497365
baseline,noise_growth,14,Neural SDE (Euler),2.727834463119507,0.9374342560768127,0.2285918797242639,0.46927182376464044,1.790400207042694,0.24067994404037654,,,,,,,0.03,,,,,,True,0.7999999999999999,0.4940101170497365
baseline,noise_growth,14,SINDy-STLSQ,0.9076710687883677,1.5491303809334147,0.2374382504764321,0.4413193437903547,-0.641459312145047,0.2038810933139226,,,,,,,0.03,3.0,,,,,True,0.7999999999999999,0.4940101170497365
baseline,noise_growth,15,Bayesian SINDy (spike-slab),1.0842765541136552,0.22864185583801366,0.1803902654481213,0.4558303166258036,0.8556346982756415,0.2754400511776823,0.424465615277221,-0.0,1.2810670596221685,0.3891008857147593,0.5343954450061207,,0.03,1.0,0.2728137794263123,0.022895339984362384,0.015040455398941614,0.7638440944215885,True,0.7999999999999999,0.4940101170497365
baseline,noise_growth,15,Kalman OU,0.8675579226725555,0.8458623249484413,0.17889291879195698,0.4851568216559805,0.021695597724114224,0.3062639028640235,,,,,,0.0010000000000000002,0.03,,,,,,True,0.7999999999999999,0.4940101170497365
baseline,noise_growth,15,Latent Neural SDE (VI),1.5915662050247192,1.7217767238616943,0.16335462076382484,0.47487721845723246,-0.1302105188369751,0.3115225976934076,,,,,,0.04332785573737042,0.03,,,,,,True,0.7999999999999999,0.4940101170497365
baseline,noise_growth,15,Moment OU,1.1596879721948854,0.7930428629773337,0.199609668652016,0.48119491279262855,0.36664510921755167,0.2815852441406126,,,,,,,0.03,,,,,,True,0.7999999999999999,0.4940101170497365
baseline,noise_growth,15,Neural SDE (Euler),1.5301998853683472,1.186098575592041,0.16476385176181568,0.4877385802070056,0.34410130977630615,0.32297472844518993,,,,,,,0.03,,,,,,True,0.7999999999999999,0.4940101170497365
baseline,noise_growth,15,SINDy-STLSQ,0.8519320181478659,1.4888099807222623,0.1796407438926447,0.4378731300934183,-0.6368779625743964,0.2582323862007736,,,,,,,0.03,4.0,,,,,True,0.7999999999999999,0.4940101170497365
baseline,noise_growth,16,Bayesian SINDy (spike-slab),0.9309336839426169,0.02737270281083397,0.17760193398843668,0.47571512849863395,0.903560981131783,0.29811319451019724,0.1208340707050233,-0.0,0.5118188553752856,0.4092537571678874,0.5531383614125789,,0.03,1.0,0.06625686012420055,0.010206640594308581,0.01120105437084023,0.3621432173991732,True,0.7999999999999999,0.4940101170497365
baseline,noise_growth,16,Kalman OU,1.3214027936348942,0.5476385601491517,0.19177088123432132,0.499874864238262,0.7737642334857425,0.3081039830039407,,,,,,0.0010000000000000002,0.03,,,,,,True,0.7999999999999999,0.4940101170497365
baseline,noise_growth,16,Latent Neural SDE (VI),1.7403724193572998,0.7902305126190186,0.17617381891530326,0.44830142184539,0.9501419067382812,0.27212760293008675,,,,,,0.05342641825998365,0.03,,,,,,True,0.7999999999999999,0.4940101170497365
baseline,noise_growth,16,Moment OU,1.0869302039717847,0.6211159424982096,0.17401540738962862,0.5285074749636698,0.4658142614735752,0.35449206757404117,,,,,,,0.03,,,,,,True,0.7999999999999999,0.4940101170497365
baseline,noise_growth,16,Neural SDE (Euler),1.7306876182556152,0.6920055747032166,0.1805492171046125,0.47430996081636473,1.0386820435523987,0.2937607437117522,,,,,,,0.03,,,,,,True,0.7999999999999999,0.4940101170497365
baseline,noise_growth,16,SINDy-STLSQ,1.2824629414305382,0.6237981354190049,0.17473211048224194,0.4744918172858158,0.6586648060115333,0.2997597068035739,,,,,,,0.03,3.0,,,,,True,0.7999999999999999,0.4940101170497365
baseline,noise_growth,17,Bayesian SINDy (spike-slab),0.5855497010350935,0.69611424608991,0.2365895440355412,0.44477725391261047,-0.1105645450548165,0.20818770987706928,0.5581171868767492,-0.0,1.7306629492738093,0.37916819814736064,0.5234711907870984,,0.03,1.0,0.33242717085478957,0.01272515442899926,0.42119032133661366,1.1954331294777025,True,0.7999999999999999,0.4940101170497365
baseline,noise_growth,17,Kalman OU,1.1160381442426341,0.7460812257092826,0.25671222267987687,0.38687744190505285,0.36995691853335155,0.130165219225176,,,,,,0.09278790489413079,0.03,,,,,,True,0.7999999999999999,0.4940101170497365
baseline,noise_growth,17,Latent Neural SDE (VI),1.7029012441635132,0.9616608023643494,0.22590145154873087,0.4204427030223712,0.7412404417991638,0.19454125147364032,,,,,,0.03802077765955924,0.03,,,,,,True,0.7999999999999999,0.4940101170497365
baseline,noise_growth,17,Moment OU,1.1995550613866404,1.3168575923790713,0.2584372622488475,0.5234943425632959,-0.11730253099243093,0.26505708031444836,,,,,,,0.03,,,,,,True,0.7999999999999999,0.4940101170497365
baseline,noise_growth,17,Neural SDE (Euler),1.6280207633972168,1.0472203493118286,0.2361436138665469,0.43525104243782137,0.5808004140853882,0.19910742857127448,,,,,,,0.03,,,,,,True,0.7999999999999999,0.4940101170497365
baseline,noise_growth,17,SINDy-STLSQ,1.1268432011864478,0.32090260776279467,0.2333245449175586,0.43877744459975926,0.8059405934236531,0.20545289968220065,,,,,,,0.03,3.0,,,,,True,0.7999999999999999,0.4940101170497365
baseline,noise_growth,18,Bayesian SINDy (spike-slab),0.6318097013316425,1.0224656812234127,0.1918055904040243,0.46352279652302636,-0.39065597989177026,0.2717172061190021,0.6168073870778754,-0.0,1.9663456899714626,0.3961223856861296,0.5489730488903225,,0.03,2.0,0.7894576773816092,0.011761966767187541,0.018709304395313216,0.6630353912184546,True,0.7999999999999999,0.4940101170497365
baseline,noise_growth,18,Kalman OU,0.8888299121519564,1.5518433447267348,0.1730175887797803,0.5317688139936663,-0.6630134325747784,0.35875122521388597,,,,,,0.0010000000000000002,0.03,,,,,,True,0.7999999999999999,0.4940101170497365
baseline,noise_growth,18,Latent Neural SDE (VI),1.1149113178253174,2.0160131454467773,0.23357763573538085,0.4487699867922965,-0.90110182762146,0.21519235105691567,,,,,,0.035749523247112475,0.03,,,,,,True,0.7999999999999999,0.4940101170497365
baseline,noise_growth,18,Moment OU,1.0332209658332223,1.4905784490886869,0.19046322896839782,0.5265223981554489,-0.45735748325546455,0.33605916918705103,,,,,,,0.03,,,,,,True,0.7999999999999999,0.4940101170497365
baseline,noise_growth,18,Neural SDE (Euler),1.168369174003601,1.9360308647155762,0.24619164112381142,0.45565423828923196,-0.7676616907119751,0.20946259716542054,,,,,,,0.03,,,,,,True,0.7999999999999999,0.4940101170497365
baseline,noise_growth,18,SINDy-STLSQ,0.8151056966718019,1.7232948676752693,0.18921724777137763,0.4594607779243891,-0.9081891710034674,0.2702435301530115,,,,,,,0.03,4.0,,,,,True,0.7999999999999999,0.4940101170497365
baseline,noise_growth,19,Bayesian SINDy (spike-slab),1.7289885977250403,0.7589456937502084,0.19937186699803588,0.4450183052272974,0.970042903974832,0.24564643822926152,0.6340637531678122,-0.0,1.9194863506972728,0.3769714480293781,0.5263236601491723,,0.03,2.0,0.6500322773119324,0.030404635785566684,0.008488500772668512,0.8252626403292127,True,0.7999999999999999,0.4940101170497365
baseline,noise_growth,19,Kalman OU,1.7389511479952062,1.038381800790813,0.22227935165286433,0.43099571228826666,0.7005693472043932,0.20871636063540233,,,,,,0.07236710697128264,0.03,,,,,,True,0.7999999999999999,0.4940101170497365
baseline,noise_growth,19,Latent Neural SDE (VI),1.9585440158843994,1.5127511024475098,0.2332752546792488,0.47554190850289824,0.44579291343688965,0.24226665382364942,,,,,,0.03733977533977649,0.03,,,,,,True,0.7999999999999999,0.4940101170497365
baseline,noise_growth,19,Moment OU,1.912987091200544,1.2120658921975835,0.23084045260605776,0.48986376004043797,0.7009211990029605,0.2590233074343802,,,,,,,0.03,,,,,,True,0.7999999999999999,0.4940101170497365
baseline,noise_growth,19,Neural SDE (Euler),2.024754524230957,1.4932496547698975,0.23537539162371293,0.49149549591273994,0.5315048694610596,0.256120104289027,,,,,,,0.03,,,,,,True,0.7999999999999999,0.4940101170497365
baseline,noise_growth,19,SINDy-STLSQ,1.7479637398999288,1.7328759864577459,0.20138986674009843,0.4339207010703818,0.015087753442182938,0.23253083433028335,,,,,,,0.03,4.0,,,,,True,0.7999999999999999,0.4940101170497365
baseline,noise_growth,20,Bayesian SINDy (spike-slab),0.7452612572907655,0.06925167323394305,0.2219060637323452,0.5810091206828285,0.6760095840568225,0.3591030569504833,0.22876085452993658,-0.0,0.9063447030390548,0.5050110229079662,0.6788858410948789,,0.03,1.0,0.09274217314233414,0.00994580801068071,0.006509027394599348,0.4038320738882759,True,0.7999999999999999,0.4940101170497365
baseline,noise_growth,20,Kalman OU,1.1701256029945042,0.7593552964563525,0.23199755930656674,0.6191246626431701,0.4107703065381517,0.3871271033366034,,,,,,0.0010000000000000002,0.03,,,,,,True,0.7999999999999999,0.4940101170497365
baseline,noise_growth,20,Latent Neural SDE (VI),1.2596254348754883,0.8689980506896973,0.2682105442319431,0.5778833629423479,0.390627384185791,0.30967281871040475,,,,,,0.05342401253946891,0.03,,,,,,True,0.7999999999999999,0.4940101170497365
baseline,noise_growth,20,Moment OU,1.1155742568346565,1.1234636611928768,0.22974543668118305,0.6999054723768796,-0.007889404358220276,0.47016003569569653,,,,,,,0.03,,,,,,True,0.7999999999999999,0.4940101170497365
baseline,noise_growth,20,Neural SDE (Euler),1.2614009380340576,0.7331507205963135,0.27797681078140846,0.6044077168916732,0.5282502174377441,0.3264309061102647,,,,,,,0.03,,,,,,True,0.7999999999999999,0.4940101170497365
baseline,noise_growth,20,SINDy-STLSQ,1.123221661032147,0.9227400122442161,0.2212983402037383,0.5749570699359435,0.20048164878793096,0.35365872973220525,,,,,,,0.03,3.0,,,,,True,0.7999999999999999,0.4940101170497365
baseline,noise_growth,21,Bayesian SINDy (spike-slab),0.6462296799171683,0.31866684331746936,0.2295405535345767,0.4453062521704622,0.3275628365996989,0.21576569863588552,0.4156256227415732,-0.0,1.2874162582660515,0.37633226165257305,0.5228285801268642,,0.03,1.0,0.10396304957792263,0.019171637416989185,0.37870897412662624,1.072065592882082,True,0.7999999999999999,0.4940101170497365
baseline,noise_growth,21,Kalman OU,1.202691907033614,0.6426155164770562,0.2540090570180177,0.4761743378988866,0.5600763905565578,0.2221652808808689,,,,,,0.0010000000000000002,0.03,,,,,,True,0.7999999999999999,0.4940101170497365
baseline,noise_growth,21,Latent Neural SDE (VI),1.8419848680496216,0.6043789982795715,0.23915729732566185,0.4754343867630987,1.23760586977005,0.23627708943743683,,,,,,0.04801726266238151,0.03,,,,,,True,0.7999999999999999,0.4940101170497365
baseline,noise_growth,21,Moment OU,1.0702428166085343,0.615090525421628,0.2382096553989849,0.4780953872820493,0.45515229118690625,0.23988573188306442,,,,,,,0.03,,,,,,True,0.7999999999999999,0.4940101170497365
baseline,noise_growth,21,Neural SDE (Euler),1.7526540756225586,0.6803325414657593,0.24346882287266028,0.5122533985035355,1.0723215341567993,0.2687845756308752,,,,,,,0.03,,,,,,True,0.7999999999999999,0.4940101170497365
baseline,noise_growth,21,SINDy-STLSQ,1.0608621935999447,0.8294045895535493,0.22656506050552208,0.4331968026018914,0.23145760404639537,0.20663174209636934,,,,,,,0.03,4.0,,,,,True,0.7999999999999999,0.4940101170497365
baseline,noise_growth,22,Bayesian SINDy (spike-slab),1.3709192648624589,0.32703848224103227,0.21170201528140495,0.4786613427431631,1.0438807826214265,0.2669593274617581,0.445231648797198,-0.0,1.2567639781996347,0.4129559609456164,0.557348855122316,,0.03,1.0,0.34714433490441177,0.01200100268240499,0.025788709818377057,0.8270666705801375,True,0.7999999999999999,0.4940101170497365
baseline,noise_growth,22,Kalman OU,1.6680508577040178,0.840983300377221,0.2516808419783779,0.4852057730762163,0.8270675573267968,0.2335249310978384,,,,,,0.056318134043057286,0.03,,,,,,True,0.7999999999999999,0.4940101170497365
baseline,noise_growth,22,Latent Neural SDE (VI),2.0287623405456543,0.8650417327880859,0.20963271883568646,0.5657457629325616,1.1637206077575684,0.35611304409687516,,,,,,0.044868228317624166,0.03,,,,,,True,0.7999999999999999,0.4940101170497365
baseline,noise_growth,22,Moment OU,1.6032703646285291,0.9318568950051418,0.2394427915707033,0.5245450241532056,0.6714134696233873,0.2851022325825023,,,,,,,0.03,,,,,,True,0.7999999999999999,0.4940101170497365
baseline,noise_growth,22,Neural SDE (Euler),2.0141215324401855,0.8613860011100769,0.21136539480964564,0.5690410064104258,1.1527355313301086,0.3576756116007801,,,,,,,0.03,,,,,,True,0.7999999999999999,0.4940101170497365
baseline,noise_growth,22,SINDy-STLSQ,1.4934081132283288,0.8478979432095328,0.2127520241465773,0.47713298554110145,0.645510170018796,0.26438096139452416,,,,,,,0.03,2.0,,,,,True,0.7999999999999999,0.4940101170497365
baseline,noise_growth,23,Bayesian SINDy (spike-slab),0.11897893071924427,0.12053302944719042,0.2065544983150491,0.5407933917125924,-0.0015540987279461516,0.3342388933975433,0.3251114612832273,-0.0,1.1010928787957526,0.4618221568447424,0.6337838112117244,,0.03,1.0,0.12071399551913638,0.02018052116041775,0.01121622276960662,0.5269498110666588,True,0.7999999999999999,0.4940101170497365
baseline,noise_growth,23,Kalman OU,0.4861509322407966,0.9032727184502038,0.1960893181654262,0.5809621968816642,-0.41712178620940726,0.384872878716238,,,,,,0.0010000000000000002,0.03,,,,,,True,0.7999999999999999,0.4940101170497365
baseline,noise_growth,23,Latent Neural SDE (VI),1.0039379596710205,0.922095537185669,0.17008395060493445,0.5671825352290648,0.08184242248535156,0.3970985846241304,,,,,,0.04416620963730533,0.03,,,,,,True,0.7999999999999999,0.4940101170497365
baseline,noise_growth,23,Moment OU,0.49273311283315685,1.4868306049416644,0.20162091174058053,0.6744045019213838,-0.9940974921085075,0.4727835901808033,,,,,,,0.03,,,,,,True,0.7999999999999999,0.4940101170497365
baseline,noise_growth,23,Neural SDE (Euler),1.10446035861969,0.8965981006622314,0.18513077002824788,0.5987282643460758,0.2078622579574585,0.413597494317828,,,,,,,0.03,,,,,,True,0.7999999999999999,0.4940101170497365
baseline,noise_growth,23,SINDy-STLSQ,1.5506196146169908,1.4011519696258046,0.19646849797500285,0.524630688712983,0.14946764499118625,0.32816219073798014,,,,,,,0.03,4.0,,,,,True,0.7999999999999999,0.4940101170497365
baseline,noise_growth,24,Bayesian SINDy (spike-slab),1.2389962618472132,1.40275190839247,0.18665611623544784,0.47460102182847197,-0.16375564654525676,0.2879449055930241,0.5957979275391577,-0.0,2.4941081288979143,0.4057623751162373,0.5565118519960631,,0.03,2.0,0.9040995481286114,0.05639368790674869,0.0363864352530886,0.6252672238093596,True,0.7999999999999999,0.4940101170497365
baseline,noise_growth,24,Kalman OU,1.411696193609583,1.5937372230702924,0.195379825869129,0.5446674752066256,-0.18204102946070932,0.3492876493374966,,,,,,0.04296353149182551,0.03,,,,,,True,0.7999999999999999,0.4940101170497365
baseline,noise_growth,24,Latent Neural SDE (VI),2.0160844326019287,1.7220253944396973,0.16795874964192647,0.4729623372171167,0.29405903816223145,0.30500358757519025,,,,,,0.0355753344652151,0.03,,,,,,True,0.7999999999999999,0.4940101170497365
baseline,noise_growth,24,Moment OU,1.326643990783588,1.7204515451559077,0.192081924645798,0.5716823179743257,-0.3938075543723196,0.3796003933285277,,,,,,,0.03,,,,,,True,0.7999999999999999,0.4940101170497365
baseline,noise_growth,24,Neural SDE (Euler),2.001466751098633,1.6668943166732788,0.17077888671323965,0.482079974064662,0.334572434425354,0.31130108735142237,,,,,,,0.03,,,,,,True,0.7999999999999999,0.4940101170497365
baseline,noise_growth,24,SINDy-STLSQ,1.2843061921500771,2.186842096019056,0.18599001817193195,0.4686799641696548,-0.9025359038689791,0.28268994599772285,,,,,,,0.03,4.0,,,,,True,0.7999999999999999,0.4940101170497365
baseline,noise_growth,25,Bayesian SINDy (spike-slab),0.6255215700110507,0.6690878848874553,0.22342055978455183,0.37861303890528014,-0.04356631487640461,0.1551924791207283,0.5671315163524407,-0.0,1.6419145818736127,0.32227747948153546,0.447241912115257,,0.03,2.0,0.5709916778215135,0.01126650876221135,0.08739334691995432,0.9838810996273613,True,0.7999999999999999,0.4940101170497365
baseline,noise_growth,25,Kalman OU,1.2264825928453988,1.109243203587193,0.24931521682289362,0.42196146996762984,0.11723938925820576,0.17264625314473622,,,,,,0.0010000000000000002,0.03,,,,,,True,0.7999999999999999,0.4940101170497365
baseline,noise_growth,25,Latent Neural SDE (VI),1.1596648693084717,1.4984793663024902,0.25562184075143757,0.37416841249649946,-0.33881449699401855,0.11854657174506189,,,,,,0.03282665246790416,0.03,,,,,,True,0.7999999999999999,0.4940101170497365
baseline,noise_growth,25,Moment OU,1.093723098430706,1.1559513289927987,0.23341387754867626,0.42807924306366746,-0.0622282305620927,0.1946653655149912,,,,,,,0.03,,,,,,True,0.7999999999999999,0.4940101170497365
baseline,noise_growth,25,Neural SDE (Euler),1.215275526046753,1.470035195350647,0.24599309386807144,0.3823483760968853,-0.25475966930389404,0.13635528222881388,,,,,,,0.03,,,,,,True,0.7999999999999999,0.4940101170497365
baseline,noise_growth,25,SINDy-STLSQ,1.0031117004947907,0.8307940694065671,0.22158650770227106,0.375977768947814,0.17231763108822362,0.15439126124554292,,,,,,,0.03,3.0,,,,,True,0.7999999999999999,0.4940101170497365
baseline,noise_growth,26,Bayesian SINDy (spike-slab),1.3983715556001133,0.7743212149864468,0.21714837046122462,0.5168434679507479,0.6240503406136665,0.2996950974895233,0.6104367161291728,-0.0,1.7746688317941315,0.4450539971621254,0.6144252083862684,,0.03,2.0,0.639516090283958,0.014777018845279363,0.0541730686873125,0.9034543786654221,True,0.7999999999999999,0.4940101170497365
baseline,noise_growth,26,Kalman OU,0.6162991419128454,1.090022505396065,0.12806198676214084,0.5087645673111787,-0.47372336348321964,0.38070258054903783,,,,,,0.08114407554372496,0.03,,,,,,True,0.7999999999999999,0.4940101170497365
baseline,noise_growth,26,Latent Neural SDE (VI),1.6337268352508545,2.2543044090270996,0.22472572375977773,0.48738466922135615,-0.6205775737762451,0.2626589454615784,,,,,,0.04246235275303253,0.03,,,,,,True,0.7999999999999999,0.4940101170497365
baseline,noise_growth,26,Moment OU,1.8512932825939936,1.276654299890508,0.24716298742367193,0.5769059289933056,0.5746389827034857,0.3297429415696337,,,,,,,0.03,,,,,,True,0.7999999999999999,0.4940101170497365
baseline,noise_growth,26,Neural SDE (Euler),1.7090153694152832,2.2964067459106445,0.23105668271889818,0.5016503489965332,-0.5873913764953613,0.270593666277635,,,,,,,0.03,,,,,,True,0.7999999999999999,0.4940101170497365
baseline,noise_growth,26,SINDy-STLSQ,1.318156065826456,1.144379942394874,0.21623086055916652,0.5122546182546306,0.173776123431582,0.2960237576954641,,,,,,,0.03,4.0,,,,,True,0.7999999999999999,0.4940101170497365
baseline,noise_growth,27,Bayesian SINDy (spike-slab),0.7553735836826918,0.615330716965698,0.227823037448802,0.4839532563289011,0.14004286671699384,0.2561302188800991,0.6143531669115919,-0.0,1.6756202782405192,0.4144705839777584,0.5641949001471445,,0.03,2.0,0.5137347464142968,0.0375345291057686,0.04164526393498511,0.992896215745861,True,0.7999999999999999,0.4940101170497365
baseline,noise_growth,27,Kalman OU,1.1648536560770688,1.1553762131009335,0.25659908034072715,0.5176945677033833,0.009477442976135286,0.26109548736265614,,,,,,0.041260883500136854,0.03,,,,,,True,0.7999999999999999,0.4940101170497365
baseline,noise_growth,27,Latent Neural SDE (VI),1.3422760963439941,1.4510191679000854,0.2632840922553502,0.4545139890053217,-0.10874307155609131,0.19122989674997148,,,,,,0.03955113541088407,0.03,,,,,,True,0.7999999999999999,0.4940101170497365
baseline,noise_growth,27,Moment OU,1.1104109964075422,1.198401847537766,0.24628716660959046,0.5372249672274297,-0.08799085113022387,0.29093780061783925,,,,,,,0.03,,,,,,True,0.7999999999999999,0.4940101170497365
baseline,noise_growth,27,Neural SDE (Euler),1.413659691810608,1.606712818145752,0.2715978527231307,0.4753865576986838,-0.19305312633514404,0.20378870497555313,,,,,,,0.03,,,,,,True,0.7999999999999999,0.4940101170497365
baseline,noise_growth,27,SINDy-STLSQ,1.0999448513714514,1.4747334178608131,0.2276113652938536,0.46692360533660315,-0.37478856648936176,0.23931224004274956,,,,,,,0.03,4.0,,,,,True,0.7999999999999999,0.4940101170497365
baseline,noise_growth,28,Bayesian SINDy (spike-slab),0.6420572815943362,0.23477139330167218,0.20912346284831412,0.4377685946959762,0.407285888292664,0.22864513184766205,0.40400671276423056,-0.0,1.2543731992332832,0.37716580960916835,0.5143901197410247,,0.03,1.0,0.2422338038378478,0.019592214195764703,0.052974242055854916,0.8480229670120705,True,0.7999999999999999,0.4940101170497365
baseline,noise_growth,28,Kalman OU,0.8311991537524285,0.9176931663940265,0.18451564966567424,0.4696013812063994,-0.08649401264159806,0.28508573154072514,,,,,,0.0010000000000000002,0.03,,,,,,True,0.7999999999999999,0.4940101170497365
baseline,noise_growth,28,Latent Neural SDE (VI),0.99464350938797,0.6960753202438354,0.19649394712483603,0.38819700763440135,0.2985681891441345,0.19170306050956532,,,,,,0.03933701800659246,0.03,,,,,,True,0.7999999999999999,0.4940101170497365
baseline,noise_growth,28,Moment OU,0.9632839782777475,0.9289931679535948,0.20881898750887834,0.47523867530354286,0.03429081032415271,0.2664196877946645,,,,,,,0.03,,,,,,True,0.7999999999999999,0.4940101170497365
baseline,noise_growth,28,Neural SDE (Euler),0.9806998372077942,0.7553529143333435,0.20267604941382236,0.40989565732602085,0.22534692287445068,0.20721960791219848,,,,,,,0.03,,,,,,True,0.7999999999999999,0.4940101170497365
baseline,noise_growth,28,SINDy-STLSQ,0.679016273801911,0.789112523414624,0.2057704341999456,0.42535984447285385,-0.11009624961271303,0.21958941027290826,,,,,,,0.03,4.0,,,,,True,0.7999999999999999,0.4940101170497365
baseline,noise_growth,29,Bayesian SINDy (spike-slab),1.3618574800692949,0.49007058001859094,0.17828891250802478,0.48913405575158125,0.8717869000507039,0.3108451432435565,0.5455578226614034,-0.0,1.5318599162604292,0.4133990276729053,0.5786157870092528,,0.03,1.0,0.4834136090196935,0.010504700988402203,0.057734618195322135,0.9438838945076748,True,0.7999999999999999,0.4940101170497365
baseline,noise_growth,29,Kalman OU,1.296486219774831,1.0292186970520762,0.17629368106840063,0.5100875578472548,0.2672675227227548,0.3337938767788542,,,,,,0.045891718127371244,0.03,,,,,,True,0.7999999999999999,0.4940101170497365
baseline,noise_growth,29,Latent Neural SDE (VI),1.2735850811004639,1.2542178630828857,0.17585913941988343,0.4297965443162999,0.019367218017578125,0.2539374048964165,,,,,,0.04389040763737273,0.03,,,,,,True,0.7999999999999999,0.4940101170497365
baseline,noise_growth,29,Moment OU,1.4100129045197554,1.059175924610335,0.18713016841646865,0.5310640376182159,0.3508369799094204,0.3439338692017472,,,,,,,0.03,,,,,,True,0.7999999999999999,0.4940101170497365
baseline,noise_growth,29,Neural SDE (Euler),1.3639696836471558,1.2590885162353516,0.17939418971288504,0.4511373656135945,0.1048811674118042,0.2717431759007095,,,,,,,0.03,,,,,,True,0.7999999999999999,0.4940101170497365
baseline,noise_growth,29,SINDy-STLSQ,1.0067422508181365,0.702543527977285,0.17888905260456567,0.4795387280113244,0.3041987228408515,0.30064967540675874,,,,,,,0.03,4.0,,,,,True,0.7999999999999999,0.4940101170497365
baseline,noise_growth,30,Bayesian SINDy (spike-slab),0.5870490598559654,0.6878886958363256,0.19177386087854204,0.48143029971000556,-0.10083963598036016,0.2896564388314635,0.5876874576018323,-0.0,1.6330270725662788,0.41172667847917493,0.5665878815879919,,0.03,2.0,0.6007276559015009,0.019105961011334015,0.04131025430630713,0.9167796714771878,True,0.7999999999999999,0.4940101170497365
baseline,noise_growth,30,Kalman OU,0.9564083227801536,1.0313379137542895,0.2103181700892781,0.46417713420597834,-0.07492959097413587,0.2538589641167002,,,,,,0.07665037149084718,0.03,,,,,,True,0.7999999999999999,0.4940101170497365
baseline,noise_growth,30,Latent Neural SDE (VI),1.2465616464614868,0.9553674459457397,0.18644386281977018,0.4221789218207679,0.29119420051574707,0.2357350590009977,,,,,,0.04015409454462318,0.03,,,,,,True,0.7999999999999999,0.4940101170497365
baseline,noise_growth,30,Moment OU,0.9129531489452455,1.2131713529490697,0.20029721176429516,0.5291269516731838,-0.30021820400382426,0.32882973990888864,,,,,,,0.03,,,,,,True,0.7999999999999999,0.4940101170497365
baseline,noise_growth,30,Neural SDE (Euler),1.4265390634536743,1.005435824394226,0.18637153191019332,0.42293895003032667,0.42110323905944824,0.23656741812013335,,,,,,,0.03,,,,,,True,0.7999999999999999,0.4940101170497365
baseline,noise_growth,30,SINDy-STLSQ,1.9794010979737284,1.3598452382913457,0.1875332800908032,0.473613909394726,0.6195558596823827,0.28608062930392275,,,,,,,0.03,3.0,,,,,True,0.7999999999999999,0.4940101170497365
baseline,noise_growth,31,Bayesian SINDy (spike-slab),0.9725079091845911,0.9582279706885919,0.2327727958819728,0.4312387278058229,0.014279938495999178,0.1984659319238501,0.5870885685205153,-0.0,2.0274752608646933,0.36680652221519594,0.5111557098694883,,0.03,1.0,0.4000183421689435,0.01526461661255575,0.4753699602245229,1.132221578257214,True,0.7999999999999999,0.4940101170497365
baseline,noise_growth,31,Kalman OU,0.9543881046291716,0.790975333142469,0.21251496147569426,0.38822737088447934,0.16341277148670252,0.17571240940878508,,,,,,0.08854793395656187,0.03,,,,,,True,0.7999999999999999,0.4940101170497365
baseline,noise_growth,31,Latent Neural SDE (VI),1.1328576803207397,1.3622349500656128,0.2265197473715188,0.4253891644222758,-0.22937726974487305,0.198869417050757,,,,,,0.03827373166856664,0.03,,,,,,True,0.7999999999999999,0.4940101170497365
baseline,noise_growth,31,Moment OU,1.2783226642331267,1.2907383732360511,0.2536029337532106,0.5087277853373579,-0.012415709002924435,0.25512485158414727,,,,,,,0.03,,,,,,True,0.7999999999999999,0.4940101170497365
baseline,noise_growth,31,Neural SDE (Euler),1.1512254476547241,1.4113357067108154,0.23549577390240062,0.4426416888051426,-0.2601102590560913,0.20714591490274198,,,,,,,0.03,,,,,,True,0.7999999999999999,0.4940101170497365
baseline,noise_growth,31,SINDy-STLSQ,0.9543189244758307,0.36504833979407225,0.23173433577266572,0.42988822991283315,0.5892705846817584,0.19815389414016743,,,,,,,0.03,4.0,,,,,True,0.7999999999999999,0.4940101170497365
baseline,noise_growth,32,Bayesian SINDy (spike-slab),0.9550025086958945,1.1898709734500335,0.1957423672815372,0.4720807560974673,-0.23486846475413892,0.2763383888159301,0.545140719412949,-0.0,2.1367070741644376,0.40046213076472986,0.5714093929245103,,0.03,2.0,0.7859851296930506,0.014439127075351584,0.12969039231710588,0.7868312329624091,True,0.7999999999999999,0.4940101170497365
baseline,noise_growth,32,Kalman OU,0.987177947174763,1.176572713791645,0.19329852742433967,0.4867492645850068,-0.18939476661688204,0.2934507371606671,,,,,,0.07446660951270405,0.03,,,,,,True,0.7999999999999999,0.4940101170497365
baseline,noise_growth,32,Latent Neural SDE (VI),1.1551156044006348,2.5002670288085938,0.19486388457679304,0.44606247281623046,-1.345151424407959,0.2511985882394374,,,,,,0.039076080275723624,0.03,,,,,,True,0.7999999999999999,0.4940101170497365
baseline,noise_growth,32,Moment OU,1.154855821340811,1.5251042551691505,0.2094128202454767,0.5659574757439738,-0.3702484338283394,0.3565446554984971,,,,,,,0.03,,,,,,True,0.7999999999999999,0.4940101170497365
baseline,noise_growth,32,Neural SDE (Euler),1.3157631158828735,2.475677728652954,0.19655449013833906,0.45781687431959045,-1.1599146127700806,0.26126238418125136,,,,,,,0.03,,,,,,True,0.7999999999999999,0.4940101170497365
baseline,noise_growth,32,SINDy-STLSQ,0.6565508649356673,1.1216610118176213,0.19544484196339373,0.47308920723217396,-0.46511014688195407,0.2776443652687802,,,,,,,0.03,4.0,,,,,True,0.7999999999999999,0.4940101170497365
baseline,noise_growth,33,Bayesian SINDy (spike-slab),0.7701554145380214,0.3270401100407277,0.2535457353389232,0.4657315737057553,0.4431153044972937,0.21218583836683208,0.4675043675982774,-0.0,1.3800510087829432,0.3976705785588278,0.5484783296336633,,0.03,1.0,0.30316079259949036,0.01229080755761221,0.07075958198242799,0.9192146687515079,True,0.7999999999999999,0.4940101170497365
baseline,noise_growth,33,Kalman OU,0.4780723410466403,0.558580574594842,0.15065804715907638,0.3751788873346042,-0.08050823354820169,0.2245208401755278,,,,,,0.09875506442839073,0.03,,,,,,True,0.7999999999999999,0.4940101170497365
baseline,noise_growth,33,Latent Neural SDE (VI),1.5896391868591309,1.6095521450042725,0.2658555005853092,0.4872579238036453,-0.0199129581451416,0.2214024232183361,,,,,,0.04432837039667169,0.03,,,,,,True,0.7999999999999999,0.4940101170497365
baseline,noise_growth,33,Moment OU,1.5246703746094252,0.9322181837232671,0.28546463919646375,0.5100131622377413,0.5924521908861581,0.22454852304127754,,,,,,,0.03,,,,,,True,0.7999999999999999,0.4940101170497365
baseline,noise_growth,33,Neural SDE (Euler),1.6434659957885742,1.574824333190918,0.27185977583205473,0.46058777430916537,0.06864166259765625,0.18872799847711064,,,,,,,0.03,,,,,,True,0.7999999999999999,0.4940101170497365
baseline,noise_growth,33,SINDy-STLSQ,1.2509289827666115,0.6619801734674978,0.2514301394550072,0.461029562903763,0.5889488092991136,0.20959942344875582,,,,,,,0.03,4.0,,,,,True,0.7999999999999999,0.4940101170497365
baseline,noise_growth,34,Bayesian SINDy (spike-slab),0.6366934105688267,0.30557605313264824,0.19640675641486705,0.4444799505856649,0.3311173574361784,0.24807319417079787,0.6082621194795564,-0.0,2.0669338810857396,0.3805010690519714,0.522681181676215,,0.03,1.0,0.24272915711967277,0.05475350008117233,0.04850763268644415,0.8944297897512545,True,0.7999999999999999,0.4940101170497365
baseline,noise_growth,34,Kalman OU,1.1980902607443722,0.8551822707362505,0.218168562853107,0.4480575853159827,0.34290799000812167,0.2298890224628757,,,,,,0.05230174108552329,0.03,,,,,,True,0.7999999999999999,0.4940101170497365
baseline,noise_growth,34,Latent Neural SDE (VI),1.104709267616272,2.1653048992156982,0.17887957875513288,0.44539204021881795,-1.0605956315994263,0.26651246146368507,,,,,,0.03899990343248873,0.03,,,,,,True,0.7999999999999999,0.4940101170497365
baseline,noise_growth,34,Moment OU,1.002816734708062,1.2018887106462912,0.19736039847599063,0.5174507746934999,-0.19907197593822912,0.32009037621750924,,,,,,,0.03,,,,,,True,0.7999999999999999,0.4940101170497365
baseline,noise_growth,34,Neural SDE (Euler),1.211154818534851,2.3676939010620117,0.16870484528213708,0.4724326305195286,-1.1565390825271606,0.3037277852373915,,,,,,,0.03,,,,,,True,0.7999999999999999,0.4940101170497365
baseline,noise_growth,34,SINDy-STLSQ,0.5385183806720822,2.5217307749208273,0.1938744723390209,0.4235997495594307,-1.9832123942487452,0.2297252772204098,,,,,,,0.03,4.0,,,,,True,0.7999999999999999,0.4940101170497365
baseline,noise_growth,35,Bayesian SINDy (spike-slab),0.7308934931921044,0.42766880417332764,0.22407910010146956,0.47432420482666215,0.30322468901877675,0.25024510472519257,0.5213157509069423,-0.0,1.5207727169255125,0.410368765467161,0.5535319897579436,,0.03,1.0,0.4036751022022941,0.01094817028716183,0.05468629261608356,0.9302419688136025,True,0.7999999999999999,0.4940101170497365
baseline,noise_growth,35,Kalman OU,1.2041742655832146,1.1015410253301605,0.23604755637673888,0.5188117126827412,0.10263324025305409,0.28276415630600227,,,,,,0.0010000000000000002,0.03,,,,,,True,0.7999999999999999,0.4940101170497365
baseline,noise_growth,35,Latent Neural SDE (VI),1.289548397064209,1.3326669931411743,0.21477987710890786,0.4823652594566155,-0.04311859607696533,0.2675853823477077,,,,,,0.040896130057020495,0.03,,,,,,True,0.7999999999999999,0.4940101170497365
baseline,noise_growth,35,Moment OU,1.1471692958899207,1.0499299541172546,0.23345200520112366,0.5151130897636932,0.09723934177266602,0.28166108456256955,,,,,,,0.03,,,,,,True,0.7999999999999999,0.4940101170497365
baseline,noise_growth,35,Neural SDE (Euler),1.2780908346176147,1.2672196626663208,0.22382400719334447,0.4979445097535561,0.010871171951293945,0.2741205025602116,,,,,,,0.03,,,,,,True,0.7999999999999999,0.4940101170497365
baseline,noise_growth,35,SINDy-STLSQ,1.143332061040476,0.9391984967740227,0.2236848995818384,0.46941278346043236,0.20413356426645335,0.24572788387859396,,,,,,,0.03,2.0,,,,,True,0.7999999999999999,0.4940101170497365
baseline,stability_loss,0,Bayesian SINDy (spike-slab),0.926497004727538,0.11062190056971531,0.1960403840639367,0.1956418682648698,0.8158751041578227,-0.0003985157990669119,0.34126438912989043,-0.0,1.0786149885778389,0.16722024451004458,0.22762351445525805,,0.03,1.0,0.09780754818314187,0.043613012850810415,0.022681341305981286,0.5687431053905722,True,0.13477304687499997,0.19999999999999998
baseline,stability_loss,0,Kalman OU,1.2220864523891148,0.6906809013501201,0.2030014795202478,0.2072499406760379,0.5314055510389948,0.004248461155790112,,,,,,0.0010000000000000002,0.03,,,,,,True,0.13477304687499997,0.19999999999999998
baseline,stability_loss,0,Latent Neural SDE (VI),1.0635957717895508,1.1956534385681152,0.17993096396709232,0.18115186869338964,-0.13205766677856445,0.0012209047262973227,,,,,,0.018245528145022987,0.03,,,,,,True,0.13477304687499997,0.19999999999999998
baseline,stability_loss,0,Moment OU,1.182015685643062,0.8456539040716602,0.2019280206513564,0.21155705903263824,0.33636178157140173,0.009629038381281846,,,,,,,0.03,,,,,,True,0.13477304687499997,0.19999999999999998
baseline,stability_loss,0,Neural SDE (Euler),1.1071803569793701,1.2708529233932495,0.18539112245049813,0.18428473275406002,-0.1636725664138794,-0.0011063896964381148,,,,,,,0.03,,,,,,True,0.13477304687499997,0.19999999999999998
baseline,stability_loss,0,SINDy-STLSQ,0.7604417629696574,1.5618430274600237,0.19523958593471946,0.18627740113720487,-0.8014012644903663,-0.008962184797514594,,,,,,,0.03,4.0,,,,,True,0.13477304687499997,0.19999999999999998
baseline,stability_loss,1,Bayesian SINDy (spike-slab),0.5804600844868741,0.3929250295265021,0.18759282188452836,0.2098534121531622,0.18753505496037204,0.022260590268633834,0.43242517129606806,-0.0,1.2840723544653214,0.17888864570374396,0.24666970146481912,,0.03,1.0,0.37585732787625226,0.012191578462302554,0.15207693086171037,1.0942685067519817,True,0.13477304687499997,0.19999999999999998
baseline,stability_loss,1,Kalman OU,0.8292958983473999,0.43411332573308015,0.19404882091920864,0.22667582145173285,0.39518257261431977,0.03262700053252421,,,,,,0.0010000000000000002,0.03,,,,,,True,0.13477304687499997,0.19999999999999998
baseline,stability_loss,1,Latent Neural SDE (VI),0.6445972323417664,0.7826085090637207,0.16845970206424032,0.19361976753010052,-0.13801127672195435,0.025160065465860193,,,,,,0.0238851200142865,0.03,,,,,,True,0.13477304687499997,0.19999999999999998
baseline,stability_loss,1,Moment OU,0.7108731166581881,0.8465869461311614,0.18432883690515878,0.2637501694452751,-0.13571382947297328,0.0794213325401163,,,,,,,0.03,,,,,,True,0.13477304687499997,0.19999999999999998
baseline,stability_loss,1,Neural SDE (Euler),0.7064689993858337,0.8471580743789673,0.17924333919099072,0.20709804725780853,-0.14068907499313354,0.027854708066817807,,,,,,,0.03,,,,,,True,0.13477304687499997,0.19999999999999998
baseline,stability_loss,1,SINDy-STLSQ,1.1807322147700199,0.7726737745820147,0.18398055481550468,0.20634099991243146,0.4080584401880052,0.02236044509692678,,,,,,,0.03,4.0,,,,,True,0.13477304687499997,0.19999999999999998
baseline,stability_loss,2,Bayesian SINDy (spike-slab),0.6676149601828522,0.06689475559551651,0.21168395361933498,0.2086903068983011,0.6007202045873357,-0.002993646721033888,0.20676609003978713,-0.0,0.7968657290043537,0.1789966668013711,0.2448352805924682,,0.03,1.0,0.08531194090389727,0.016784283787248007,0.04961710181390402,0.5725166667570152,True,0.13477304687499997,0.19999999999999998
baseline,stability_loss,2,Kalman OU,0.4648856122331646,0.3825611009496582,0.14426035895145764,0.18632554234232465,0.08232451128350643,0.04206518339086701,,,,,,0.03357636480245987,0.03,,,,,,True,0.13477304687499997,0.19999999999999998
baseline,stability_loss,2,Latent Neural SDE (VI),1.2970356941223145,0.4016140103340149,0.18823467478566125,0.20455412710562848,0.8954216837882996,0.01631945231996723,,,,,,0.02591342389393928,0.03,,,,,,True,0.13477304687499997,0.19999999999999998
baseline,stability_loss,2,Moment OU,1.1707056308652584,0.4639390096207447,0.2249650011026993,0.20803613803983012,0.7067666212445136,-0.01692886306286917,,,,,,,0.03,,,,,,True,0.13477304687499997,0.19999999999999998
baseline,stability_loss,2,Neural SDE (Euler),1.3542897701263428,0.48930466175079346,0.1966217045332356,0.22026255327626482,0.8649851083755493,0.023640848743029214,,,,,,,0.03,,,,,,True,0.13477304687499997,0.19999999999999998
baseline,stability_loss,2,SINDy-STLSQ,1.0583276396381225,0.3270953805543211,0.2083349073355844,0.2054335980790691,0.7312322590838014,-0.0029013092565153,,,,,,,0.03,3.0,,,,,True,0.13477304687499997,0.19999999999999998
baseline,stability_loss,3,Bayesian SINDy (spike-slab),0.18543167860558626,0.053663600550801015,0.20085380688011978,0.19780021792104013,0.13176807805478524,-0.003053588959079645,0.1727620872399922,-0.0,0.6450928899393699,0.17007626884798482,0.23455032551179875,,0.03,1.0,0.07421318327042833,0.01028877328634956,0.049185546363553,0.5167229918964966,True,0.13477304687499997,0.19999999999999998
baseline,stability_loss,3,Kalman OU,0.695730580155267,0.33842135832900877,0.19488370340578687,0.18644259064705487,0.35730922182625824,-0.008441112758731995,,,,,,0.02583861715602708,0.03,,,,,,True,0.13477304687499997,0.19999999999999998
baseline,stability_loss,3,Latent Neural SDE (VI),0.7681816220283508,0.2472543865442276,0.2074808910696274,0.14535581636845377,0.5209272354841232,-0.06212507470117362,,,,,,0.026895355161029987,0.03,,,,,,True,0.13477304687499997,0.19999999999999998
baseline,stability_loss,3,Moment OU,0.6231290272984027,0.35874657697383855,0.19044702435432365,0.19513335558162542,0.26438245032456414,0.0046863312273017765,,,,,,,0.03,,,,,,True,0.13477304687499997,0.19999999999999998
baseline,stability_loss,3,Neural SDE (Euler),0.7861242294311523,0.3084389567375183,0.20665006804588684,0.15450637208800505,0.47768527269363403,-0.05214369595788179,,,,,,,0.03,,,,,,True,0.13477304687499997,0.19999999999999998
baseline,stability_loss,3,SINDy-STLSQ,0.549011173064515,0.25074558781726564,0.19821156286478092,0.1939180881562569,0.29826558524724933,-0.004293474708524009,,,,,,,0.03,3.0,,,,,True,0.13477304687499997,0.19999999999999998
baseline,stability_loss,4,Bayesian SINDy (spike-slab),1.1559070017968984,0.008495039270741809,0.18462664253182282,0.22001488131366392,1.1474119625261565,0.03538823878184111,0.07720550348915313,-0.0,0.019827233494283635,0.19097639848915435,0.2566364428188808,,0.03,1.0,0.015592720972886578,0.03854766863089307,0.010213513364611022,0.3003039411848396,True,0.13477304687499997,0.19999999999999998
baseline,stability_loss,4,Kalman OU,1.0012865693286592,0.12310613937561031,0.16275342034903192,0.20668386596522342,0.8781804299530489,0.0439304456161915,,,,,,0.027888173789426696,0.03,,,,,,True,0.13477304687499997,0.19999999999999998
baseline,stability_loss,4,Latent Neural SDE (VI),1.3807482719421387,0.4298175573348999,0.2053596787547014,0.19306038110437015,0.9509307146072388,-0.012299297650331248,,,,,,0.03829251464766229,0.03,,,,,,True,0.13477304687499997,0.19999999999999998
baseline,stability_loss,4,Moment OU,1.392015073074964,0.3497258598624653,0.1956249660382045,0.283838239932125,1.0422892132124988,0.08821327389392047,,,,,,,0.03,,,,,,True,0.13477304687499997,0.19999999999999998
baseline,stability_loss,4,Neural SDE (Euler),1.4907689094543457,0.5156500935554504,0.21093130793403161,0.20947706194232088,0.9751188158988953,-0.0014542459917107342,,,,,,,0.03,,,,,,True,0.13477304687499997,0.19999999999999998
baseline,stability_loss,4,SINDy-STLSQ,1.2575422287447895,0.8928155573390739,0.1848229930992817,0.21498490244971302,0.3647266714057156,0.03016190935043131,,,,,,,0.03,4.0,,,,,True,0.13477304687499997,0.19999999999999998
baseline,stability_loss,5,Bayesian SINDy (spike-slab),0.07112405207654787,0.320768005839717,0.21261571710629026,0.24077052130796633,-0.2496439537631691,0.02815480420167607,0.6836299155581506,-0.0,2.5893510992582804,0.20662996956732912,0.2822156582295727,,0.03,1.0,0.12363176207457495,0.13665325068767856,0.23461854242629257,1.1291398433926418,True,0.13477304687499997,0.19999999999999998
baseline,stability_loss,5,Kalman OU,0.2702202059491717,0.22837213271972504,0.17556301413844635,0.2052205272020107,0.04184807322944664,0.029657513063564345,,,,,,0.045506999624766835,0.03,,,,,,True,0.13477304687499997,0.19999999999999998
baseline,stability_loss,5,Latent Neural SDE (VI),0.28340405225753784,1.8900330066680908,0.19645805014083276,0.22267927684288058,-1.606628954410553,0.026221226702047823,,,,,,0.03329716795288012,0.03,,,,,,True,0.13477304687499997,0.19999999999999998
baseline,stability_loss,5,Moment OU,0.3397230857311036,0.4821549575758688,0.2076427282929885,0.2769369344897188,-0.1424318718447652,0.0692942061967303,,,,,,,0.03,,,,,,True,0.13477304687499997,0.19999999999999998
baseline,stability_loss,5,Neural SDE (Euler),0.07903644442558289,2.4392080307006836,0.2182175896562423,0.23313658940776574,-2.3601715862751007,0.014918999751523443,,,,,,,0.03,,,,,,True,0.13477304687499997,0.19999999999999998
baseline,stability_loss,5,SINDy-STLSQ,0.6300774661620312,2.669211240106217,0.20739626999448932,0.22572822417932364,-2.0391337739441857,0.018331954184834326,,,,,,,0.03,4.0,,,,,True,0.13477304687499997,0.19999999999999998
baseline,stability_loss,6,Bayesian SINDy (spike-slab),0.3003876043591245,0.024360152764579632,0.18807863656855495,0.20229211210776085,0.27602745159454484,0.014213475539205905,0.11056342507309291,-0.0,0.45877570956746644,0.17410186610197062,0.23599842418440642,,0.03,1.0,0.035266669757134196,0.017444044134822402,0.021556437038471307,0.34432578045296375,True,0.13477304687499997,0.19999999999999998
baseline,stability_loss,6,Kalman OU,0.5502675396577091,0.19039194857194688,0.15003245244985924,0.2069196194567731,0.3598755910857623,0.05688716700691385,,,,,,0.010798244096251556,0.03,,,,,,True,0.13477304687499997,0.19999999999999998
baseline,stability_loss,6,Latent Neural SDE (VI),0.7092727422714233,0.5340114235877991,0.2204945008432467,0.1662963369118186,0.17526131868362427,-0.054198163931428095,,,,,,0.034788027453152855,0.03,,,,,,True,0.13477304687499997,0.19999999999999998
baseline,stability_loss,6,Moment OU,0.6876348148113004,0.3344550559247762,0.1768272925144835,0.24406149552756315,0.3531797588865242,0.06723420301307964,,,,,,,0.03,,,,,,True,0.13477304687499997,0.19999999999999998
baseline,stability_loss,6,Neural SDE (Euler),0.7964264154434204,0.5867725014686584,0.2370053599301298,0.19336397274003164,0.20965391397476196,-0.04364138719009816,,,,,,,0.03,,,,,,True,0.13477304687499997,0.19999999999999998
baseline,stability_loss,6,SINDy-STLSQ,0.39652272223987917,0.8117304115473607,0.18545927410488694,0.20041295783006066,-0.41520768930748153,0.014953683725173722,,,,,,,0.03,3.0,,,,,True,0.13477304687499997,0.19999999999999998
baseline,stability_loss,7,Bayesian SINDy (spike-slab),0.32981086918459307,0.022673528287571153,0.205215054318028,0.18827866001683674,0.30713734089702194,-0.01693639430119126,0.08505704110018554,-0.0,0.34663490338333236,0.16107014146193116,0.21970645534362646,,0.03,1.0,0.05959537626655867,0.012303894752824113,0.02150268385447509,0.3958550942757901,True,0.13477304687499997,0.19999999999999998
baseline,stability_loss,7,Kalman OU,0.736352036727052,0.10473622464467122,0.22072256470715312,0.19274903792112522,0.6316158120823807,-0.027973526786027908,,,,,,0.0010000000000000002,0.03,,,,,,True,0.13477304687499997,0.19999999999999998
baseline,stability_loss,7,Latent Neural SDE (VI),0.7533438801765442,0.2539317309856415,0.1840906695352204,0.15559262917191358,0.4994121491909027,-0.02849804036330683,,,,,,0.03851677942789046,0.03,,,,,,True,0.13477304687499997,0.19999999999999998
baseline,stability_loss,7,Moment OU,0.6769670681976556,0.21018350138194486,0.2092046635648305,0.2436777595935153,0.46678356681571076,0.034473096028684785,,,,,,,0.03,,,,,,True,0.13477304687499997,0.19999999999999998
baseline,stability_loss,7,Neural SDE (Euler),0.7433427572250366,0.29230111837387085,0.18009830092154652,0.1789670213197902,0.45104163885116577,-0.0011312796017563242,,,,,,,0.03,,,,,,True,0.13477304687499997,0.19999999999999998
baseline,stability_loss,7,SINDy-STLSQ,0.7640929098011029,0.21676967369551178,0.19996470841369435,0.18642750830672383,0.5473232361055911,-0.013537200106970515,,,,,,,0.03,2.0,,,,,True,0.13477304687499997,0.19999999999999998
baseline,stability_loss,8,Bayesian SINDy (spike-slab),0.09251441506786826,0.11249921917709274,0.181184499980941,0.20803509396514766,-0.019984804109224485,0.026850593984206667,0.29718425112575025,-0.0,0.9246144987215276,0.1790104644365203,0.2464186359579327,,0.03,1.0,0.1209608723622085,0.02784906502888463,0.05789873639352733,0.7113156195042698,True,0.13477304687499997,0.19999999999999998
baseline,stability_loss,8,Kalman OU,0.5556678163884943,0.5022173140137978,0.1891720776759294,0.201754781755254,0.05345050237469651,0.012582704079324603,,,,,,0.02541690882419677,0.03,,,,,,True,0.13477304687499997,0.19999999999999998
baseline,stability_loss,8,Latent Neural SDE (VI),0.6786116361618042,1.7180460691452026,0.17208805188904228,0.21558884724298014,-1.0394344329833984,0.04350079535393786,,,,,,0.023122696576524764,0.03,,,,,,True,0.13477304687499997,0.19999999999999998
baseline,stability_loss,8,Moment OU,0.4109140582428416,0.5165438168149564,0.16645392742519327,0.20717593569702655,-0.10562975857211482,0.04072200827183328,,,,,,,0.03,,,,,,True,0.13477304687499997,0.19999999999999998
baseline,stability_loss,8,Neural SDE (Euler),0.6715896725654602,1.5021270513534546,0.18653912803073475,0.2411063832100927,-0.8305373787879944,0.054567255179357954,,,,,,,0.03,,,,,,True,0.13477304687499997,0.19999999999999998
baseline,stability_loss,8,SINDy-STLSQ,0.6604579836796034,1.3617646802265353,0.1775838564127416,0.2025121729953981,-0.7013066965469319,0.024928316582656485,,,,,,,0.03,4.0,,,,,True,0.13477304687499997,0.19999999999999998
baseline,stability_loss,9,Bayesian SINDy (spike-slab),0.24131723799032312,0.2902505568131773,0.20805403176064968,0.1910553224353423,-0.04893331882285418,-0.016998709325307393,0.28852281870912955,-0.0,0.8262618567941652,0.161900484408422,0.22464622344178908,,0.03,1.0,0.4560882946867605,0.016840785024567796,0.1132233881084237,1.070785126235377,True,0.13477304687499997,0.19999999999999998
baseline,stability_loss,9,Kalman OU,0.47247640293649473,0.12904040900237312,0.17878725831788203,0.1901083526869311,0.3434359939341216,0.011321094369049073,,,,,,0.02181853954231721,0.03,,,,,,True,0.13477304687499997,0.19999999999999998
baseline,stability_loss,9,Latent Neural SDE (VI),0.5274691581726074,0.2610195279121399,0.21358295949739556,0.15347309926270897,0.26644963026046753,-0.06010986023468659,,,,,,0.0317247858601178,0.03,,,,,,True,0.13477304687499997,0.19999999999999998
baseline,stability_loss,9,Moment OU,0.7052290907283713,0.48611252321224313,0.21682961666499417,0.2663265164600406,0.21911656751612812,0.0494968997950464,,,,,,,0.03,,,,,,True,0.13477304687499997,0.19999999999999998
baseline,stability_loss,9,Neural SDE (Euler),0.607717752456665,0.3394724130630493,0.22058256736469428,0.17059725940147372,0.2682453393936157,-0.049985307963220565,,,,,,,0.03,,,,,,True,0.13477304687499997,0.19999999999999998
baseline,stability_loss,9,SINDy-STLSQ,0.920446623039304,0.5184503413420358,0.20314464779357555,0.18923321171523627,0.4019962816972682,-0.013911436078339279,,,,,,,0.03,2.0,,,,,True,0.13477304687499997,0.19999999999999998
baseline,stability_loss,10,Bayesian SINDy (spike-slab),0.9970066863688544,0.05562876419005687,0.1872159286149441,0.2140291379240085,0.9413779221787975,0.02681320930906439,0.16413658790657396,-0.0,0.608270293124647,0.18467360766198643,0.24905718919363906,,0.03,1.0,0.049547238495540234,0.014634007228080942,0.08209043630519726,0.5569287095381315,True,0.13477304687499997,0.19999999999999998
baseline,stability_loss,10,Kalman OU,1.1570258596615124,0.3007519843429288,0.19703875657026926,0.19103551872948968,0.8562738753185836,-0.0060032378407795794,,,,,,0.03412119754297901,0.03,,,,,,True,0.13477304687499997,0.19999999999999998
baseline,stability_loss,10,Latent Neural SDE (VI),1.3983304500579834,0.288737952709198,0.1757423443524118,0.21116067618678114,1.1095924973487854,0.03541833183436935,,,,,,0.03134197957675886,0.03,,,,,,True,0.13477304687499997,0.19999999999999998
baseline,stability_loss,10,Moment OU,1.2115922236750603,0.27264944546024883,0.19860127044711542,0.19934394834895125,0.9389427782148114,0.0007426779018358254,,,,,,,0.03,,,,,,True,0.13477304687499997,0.19999999999999998
baseline,stability_loss,10,Neural SDE (Euler),1.36924147605896,0.25869113206863403,0.17995808515793604,0.20432521273757603,1.110550343990326,0.02436712757963999,,,,,,,0.03,,,,,,True,0.13477304687499997,0.19999999999999998
baseline,stability_loss,10,SINDy-STLSQ,1.2438060226584455,1.4775569733915273,0.18759222513063464,0.20727244755476573,-0.23375095073308172,0.01968022242413109,,,,,,,0.03,4.0,,,,,True,0.13477304687499997,0.19999999999999998
baseline,stability_loss,11,Bayesian SINDy (spike-slab),1.1656887803720581,0.0699416807095076,0.21411399425885222,0.21589109756429722,1.0957470996625505,0.0017771033054450047,0.20220390221990064,-0.0,0.7086787551521755,0.18443374845537663,0.2487022765534436,,0.03,1.0,0.1007193710626261,0.014271163671393673,0.03628205734676424,0.5562397830352506,True,0.13477304687499997,0.19999999999999998
baseline,stability_loss,11,Kalman OU,1.2148492543540528,0.5183513755315453,0.20702609445065553,0.22624728098832636,0.6964978788225075,0.019221186537670826,,,,,,0.006496049493215028,0.03,,,,,,True,0.13477304687499997,0.19999999999999998
baseline,stability_loss,11,Latent Neural SDE (VI),1.902065634727478,0.5085335969924927,0.19927300746559334,0.22805386691378626,1.3935320377349854,0.02878085944819292,,,,,,0.0246451981039832,0.03,,,,,,True,0.13477304687499997,0.19999999999999998
baseline,stability_loss,11,Moment OU,1.4634602523887188,0.588120176264178,0.23337228097362378,0.23110216890838448,0.8753400761245408,-0.0022701120652393048,,,,,,,0.03,,,,,,True,0.13477304687499997,0.19999999999999998
baseline,stability_loss,11,Neural SDE (Euler),1.8833236694335938,0.5783399939537048,0.2010423053458972,0.24271557661358062,1.304983675479889,0.041673271267683415,,,,,,,0.03,,,,,,True,0.13477304687499997,0.19999999999999998
baseline,stability_loss,11,SINDy-STLSQ,2.151175465287267,0.3096184974224455,0.20813335052423174,0.21437123834206734,1.8415569678648218,0.006237887817835602,,,,,,,0.03,4.0,,,,,True,0.13477304687499997,0.19999999999999998
baseline,stability_loss,12,Bayesian SINDy (spike-slab),1.8845237701038646,0.04107089518220854,0.1824889258284971,0.2064239189897811,1.843452874921656,0.023934993161284,0.15042618065977506,-0.0,0.5617157592191728,0.17920905520728125,0.2452154319320937,,0.03,1.0,0.028058463268346146,0.019479202978502027,0.05360288983812047,0.43121981245036745,True,0.13477304687499997,0.19999999999999998
baseline,stability_loss,12,Kalman OU,2.428522780058352,0.17752720382095113,0.22933689681769442,0.21296715609866962,2.250995576237401,-0.016369740719024806,,,,,,0.0010000000000000002,0.03,,,,,,True,0.13477304687499997,0.19999999999999998
baseline,stability_loss,12,Latent Neural SDE (VI),3.783651113510132,0.3907003402709961,0.17572279463031829,0.1906254207968009,3.3929507732391357,0.014902626166482608,,,,,,0.038293877191396465,0.03,,,,,,True,0.13477304687499997,0.19999999999999998
baseline,stability_loss,12,Moment OU,1.9876241088952546,0.2183919234550952,0.20110630776070235,0.23314654545463284,1.7692321854401594,0.032040237693930496,,,,,,,0.03,,,,,,True,0.13477304687499997,0.19999999999999998
baseline,stability_loss,12,Neural SDE (Euler),3.8360979557037354,0.3118286728858948,0.17612769988103105,0.22222605262650338,3.5242692828178406,0.04609835274547233,,,,,,,0.03,,,,,,True,0.13477304687499997,0.19999999999999998
baseline,stability_loss,12,SINDy-STLSQ,2.741225948085371,1.8423537473007463,0.18263275197219891,0.20105804725049398,0.8988722007846248,0.018425295278295062,,,,,,,0.03,4.0,,,,,True,0.13477304687499997,0.19999999999999998
baseline,stability_loss,13,Bayesian SINDy (spike-slab),1.2646128432575554,0.10169999380379144,0.19999311656457003,0.19607795213053814,1.162912849453764,-0.0039151644340318925,0.27855524447712654,-0.0,0.9647630208628296,0.16997752086910892,0.23285392161671958,,0.03,1.0,0.0908448210023182,0.02149936487296897,0.04624814791753308,0.5940374998873176,True,0.13477304687499997,0.19999999999999998
baseline,stability_loss,13,Kalman OU,1.5770587710749802,0.5839724755588303,0.23615215898454095,0.20651626558213365,0.9930862955161499,-0.0296358934024073,,,,,,0.0010000000000000002,0.03,,,,,,True,0.13477304687499997,0.19999999999999998
baseline,stability_loss,13,Latent Neural SDE (VI),2.185178279876709,0.47036150097846985,0.19866173234944204,0.21643102453629065,1.7148167788982391,0.017769292186848612,,,,,,0.022443393367351575,0.03,,,,,,True,0.13477304687499997,0.19999999999999998
baseline,stability_loss,13,Moment OU,1.4041602667816555,0.5201489322550045,0.21794957156423242,0.19402059011489584,0.884011334526651,-0.023928981449336584,,,,,,,0.03,,,,,,True,0.13477304687499997,0.19999999999999998
baseline,stability_loss,13,Neural SDE (Euler),2.081409454345703,0.5647384524345398,0.20342266383555893,0.23263207428136934,1.5166710019111633,0.029209410445810408,,,,,,,0.03,,,,,,True,0.13477304687499997,0.19999999999999998
baseline,stability_loss,13,SINDy-STLSQ,1.4038516323660917,0.2731916320378284,0.20194592860754845,0.19487834281084504,1.1306600003282632,-0.007067585796703413,,,,,,,0.03,4.0,,,,,True,0.13477304687499997,0.19999999999999998
baseline,stability_loss,14,Bayesian SINDy (spike-slab),0.2935759493102024,0.07387121864831463,0.19508558338776497,0.19093801718067582,0.21970473066188778,-0.004147566207089143,0.22048847722787113,-0.0,0.803378231024751,0.16569160488693419,0.22283747635461645,,0.03,1.0,0.06400868192012742,0.015435612579082072,0.08175292952092528,0.5999235061678991,True,0.13477304687499997,0.19999999999999998
baseline,stability_loss,14,Kalman OU,0.8394875097170323,0.5231766630428937,0.19034818924595237,0.20011263161201095,0.31631084667413867,0.009764442366058584,,,,,,0.0010000000000000002,0.03,,,,,,True,0.13477304687499997,0.19999999999999998
baseline,stability_loss,14,Latent Neural SDE (VI),1.4245620965957642,0.575247585773468,0.18252056053079488,0.18591690268513528,0.8493145108222961,0.003396342154340398,,,,,,0.021842758186614443,0.03,,,,,,True,0.13477304687499997,0.19999999999999998
baseline,stability_loss,14,Moment OU,0.8693027588745876,0.504125985614468,0.19414147997278727,0.1922999032596462,0.36517677326011966,-0.0018415767131410854,,,,,,,0.03,,,,,,True,0.13477304687499997,0.19999999999999998
baseline,stability_loss,14,Neural SDE (Euler),1.492517113685608,0.6145144104957581,0.19038551934934805,0.19717358963336426,0.8780027031898499,0.006788070284016207,,,,,,,0.03,,,,,,True,0.13477304687499997,0.19999999999999998
baseline,stability_loss,14,SINDy-STLSQ,1.0678451449082684,0.9976617509491595,0.19186152212985771,0.18794725780808735,0.07018339395910889,-0.003914264321770361,,,,,,,0.03,4.0,,,,,True,0.13477304687499997,0.19999999999999998
baseline,stability_loss,15,Bayesian SINDy (spike-slab),0.9960384880850807,0.16919516805003634,0.2261632820412114,0.19501631368333985,0.8268433200350443,-0.031146968357871535,0.4755393911721627,-0.0,1.837967442016261,0.16778413456747254,0.2284988899077951,,0.03,1.0,0.13434310052529716,0.05173763016704928,0.03912023418626817,0.6853572031164334,True,0.13477304687499997,0.19999999999999998
baseline,stability_loss,15,Kalman OU,0.6260229651464345,0.283921199729273,0.15369627215695084,0.12763137977194863,0.34210176541716153,-0.026064892385002203,,,,,,0.04802092343849208,0.03,,,,,,True,0.13477304687499997,0.19999999999999998
baseline,stability_loss,15,Latent Neural SDE (VI),2.210029125213623,1.5935689210891724,0.21981779731123322,0.19266975406050185,0.6164602041244507,-0.027148043250731363,,,,,,0.022101542548186175,0.03,,,,,,True,0.13477304687499997,0.19999999999999998
baseline,stability_loss,15,Moment OU,1.302497685563802,0.5276041281994408,0.2422621480607537,0.18446060699761396,0.7748935573643612,-0.05780154106313973,,,,,,,0.03,,,,,,True,0.13477304687499997,0.19999999999999998
baseline,stability_loss,15,Neural SDE (Euler),2.1397247314453125,1.6111705303192139,0.2281536569171605,0.20799971656588087,0.5285542011260986,-0.020153940351279626,,,,,,,0.03,,,,,,True,0.13477304687499997,0.19999999999999998
baseline,stability_loss,15,SINDy-STLSQ,0.9431818252104146,2.012457055762432,0.22599313897198273,0.18431391947367667,-1.0692752305520172,-0.04167921949830605,,,,,,,0.03,4.0,,,,,True,0.13477304687499997,0.19999999999999998
baseline,stability_loss,16,Bayesian SINDy (spike-slab),0.15366514324157957,0.4079477584221185,0.22347567787040173,0.18344237619274822,-0.25428261518053896,-0.04003330167765351,0.48497700615671924,-0.0,1.3509361130422277,0.15715705324334667,0.21645928216561447,,0.03,1.0,0.4745456306099611,0.013171649351418676,0.011951866569180665,0.8261499685922811,True,0.13477304687499997,0.19999999999999998
baseline,stability_loss,16,Kalman OU,0.7440502157699873,0.9279490817727829,0.23686446052484852,0.2002196000682883,-0.1838988660027956,-0.036644860456560235,,,,,,0.0010000000000000002,0.03,,,,,,True,0.13477304687499997,0.19999999999999998
baseline,stability_loss,16,Latent Neural SDE (VI),0.5269007682800293,1.6803333759307861,0.18754126954553021,0.16206306964093475,-1.1534326076507568,-0.02547819990459546,,,,,,0.017329277670317826,0.03,,,,,,True,0.13477304687499997,0.19999999999999998
baseline,stability_loss,16,Moment OU,0.7068881996042617,0.7791020595734846,0.22827099822616095,0.18086757699369077,-0.0722138599692228,-0.04740342123247018,,,,,,,0.03,,,,,,True,0.13477304687499997,0.19999999999999998
baseline,stability_loss,16,Neural SDE (Euler),0.5557237863540649,1.7055116891860962,0.1917225613739547,0.16895423265349135,-1.1497879028320312,-0.022768328720463332,,,,,,,0.03,,,,,,True,0.13477304687499997,0.19999999999999998
baseline,stability_loss,16,SINDy-STLSQ,0.3929987918122197,1.4087741738172614,0.2190001310605909,0.1801589565069605,-1.0157753820050417,-0.0388411745536304,,,,,,,0.03,3.0,,,,,True,0.13477304687499997,0.19999999999999998
baseline,stability_loss,17,Bayesian SINDy (spike-slab),0.5509535985057281,0.020148283026632453,0.20465950489630227,0.20984895912574497,0.5308053154790957,0.005189454229442697,0.09091242467167451,-0.0,0.33590328368700645,0.18013070852689833,0.24268489710195298,,0.03,1.0,0.0427788016505974,0.013298035316808728,0.02065681146395932,0.3478194480292619,True,0.13477304687499997,0.19999999999999998
baseline,stability_loss,17,Kalman OU,0.9085990990007385,0.15962847876010527,0.18974526297984623,0.2148134556741656,0.7489706202406332,0.02506819269431937,,,,,,0.0010000000000000002,0.03,,,,,,True,0.13477304687499997,0.19999999999999998
baseline,stability_loss,17,Latent Neural SDE (VI),1.0442901849746704,0.19768093526363373,0.2027674522990757,0.18784010696298786,0.8466092497110367,-0.014927345336087833,,,,,,0.03761785400167208,0.03,,,,,,True,0.13477304687499997,0.19999999999999998
baseline,stability_loss,17,Moment OU,1.1708647837834827,0.20016647341223118,0.21366487545680976,0.23856563217349908,0.9706983103712515,0.024900756716689315,,,,,,,0.03,,,,,,True,0.13477304687499997,0.19999999999999998
baseline,stability_loss,17,Neural SDE (Euler),1.094245433807373,0.2090645581483841,0.2119836439406073,0.19219241596686415,0.885180875658989,-0.019791227973743164,,,,,,,0.03,,,,,,True,0.13477304687499997,0.19999999999999998
baseline,stability_loss,17,SINDy-STLSQ,0.8835078957566829,0.2808164843801806,0.20070027878938823,0.20782992460762958,0.6026914113765023,0.007129645818241354,,,,,,,0.03,3.0,,,,,True,0.13477304687499997,0.19999999999999998
baseline,stability_loss,18,Bayesian SINDy (spike-slab),1.0089945871857149,0.25753500800417545,0.21505986441942349,0.22661013698874413,0.7514595791815395,0.011550272569320646,0.34774913179759076,-0.0,1.0131131062171628,0.1930332511113783,0.2633525755679599,,0.03,1.0,0.3589049521484115,0.01542521730691517,0.04914268190046622,0.9159799325958471,True,0.13477304687499997,0.19999999999999998
baseline,stability_loss,18,Kalman OU,1.4722256337406288,0.3560719613872515,0.2466130544793605,0.22946319243517083,1.1161536723533771,-0.017149862044189668,,,,,,0.022048588606630008,0.03,,,,,,True,0.13477304687499997,0.19999999999999998
baseline,stability_loss,18,Latent Neural SDE (VI),1.4032530784606934,1.224107027053833,0.22249137315170112,0.22285204981990575,0.17914605140686035,0.00036067666820463473,,,,,,0.02806621999181358,0.03,,,,,,True,0.13477304687499997,0.19999999999999998
baseline,stability_loss,18,Moment OU,1.2227247659580063,0.6424214205981551,0.22407685815085546,0.2716883653554359,0.5803033453598512,0.04761150720458043,,,,,,,0.03,,,,,,True,0.13477304687499997,0.19999999999999998
baseline,stability_loss,18,Neural SDE (Euler),1.3941179513931274,1.300075650215149,0.22701246939866807,0.24485065007007906,0.09404230117797852,0.01783818067141099,,,,,,,0.03,,,,,,True,0.13477304687499997,0.19999999999999998
baseline,stability_loss,18,SINDy-STLSQ,1.47112260902548,0.6015075150561605,0.21207155914742626,0.22267434786184087,0.8696150939693196,0.010602788714414613,,,,,,,0.03,3.0,,,,,True,0.13477304687499997,0.19999999999999998
baseline,stability_loss,19,Bayesian SINDy (spike-slab),0.2786837116235874,0.09406047751177667,0.2099204218067439,0.19722008895961973,0.18462323411181075,-0.012700332847124157,0.23143022740394953,-0.0,0.8377842068029854,0.1701776736664131,0.23099352434820744,,0.03,1.0,0.047801362971304946,0.021261055747919214,0.15667242085869484,0.7281418809659769,True,0.13477304687499997,0.19999999999999998
baseline,stability_loss,19,Kalman OU,0.5922458172247742,0.2637694599939919,0.16633621417597297,0.18489123302169896,0.32847635723078233,0.018555018845725996,,,,,,0.026998338934903117,0.03,,,,,,True,0.13477304687499997,0.19999999999999998
baseline,stability_loss,19,Latent Neural SDE (VI),1.3338828086853027,0.7259790897369385,0.19636744483901544,0.17646186924696897,0.6079037189483643,-0.019905575592046476,,,,,,0.03222236206390214,0.03,,,,,,True,0.13477304687499997,0.19999999999999998
baseline,stability_loss,19,Moment OU,0.9651910350168009,0.23284766688763664,0.217247698220856,0.18746263157804666,0.7323433681291642,-0.029785066642809332,,,,,,,0.03,,,,,,True,0.13477304687499997,0.19999999999999998
baseline,stability_loss,19,Neural SDE (Euler),1.3948076963424683,0.771194338798523,0.20665332372947476,0.18925110888864458,0.6236133575439453,-0.017402214840830182,,,,,,,0.03,,,,,,True,0.13477304687499997,0.19999999999999998
baseline,stability_loss,19,SINDy-STLSQ,0.5695998803626662,1.254838634157445,0.20427942201892793,0.18994480353954352,-0.6852387537947787,-0.014334618479384414,,,,,,,0.03,4.0,,,,,True,0.13477304687499997,0.19999999999999998
baseline,stability_loss,20,Bayesian SINDy (spike-slab),0.9409564107772553,0.5216670757358493,0.19634860624441644,0.226369934907403,0.4192893350414061,0.03002132866298657,0.5474925584031007,-0.0,1.625697998218814,0.19153941944285505,0.2593022242316247,,0.03,1.0,0.25668008278767507,0.018573763172971543,0.3111301312693073,1.2028001001696123,True,0.13477304687499997,0.19999999999999998
baseline,stability_loss,20,Kalman OU,1.3664491979497446,0.4931506870227361,0.21388547220890394,0.1620223645137171,0.8732985109270085,-0.051863107695186844,,,,,,0.05518168000226865,0.03,,,,,,True,0.13477304687499997,0.19999999999999998
baseline,stability_loss,20,Latent Neural SDE (VI),1.1472337245941162,0.8083235621452332,0.19354374487877435,0.26169008997633814,0.33891016244888306,0.06814634509756379,,,,,,0.020471538613830723,0.03,,,,,,True,0.13477304687499997,0.19999999999999998
baseline,stability_loss,20,Moment OU,1.1736930775865637,0.9145293633978141,0.19951260627539996,0.2329321970610905,0.2591637141887496,0.03341959078569054,,,,,,,0.03,,,,,,True,0.13477304687499997,0.19999999999999998
baseline,stability_loss,20,Neural SDE (Euler),1.1963859796524048,0.9011439085006714,0.19896788652016617,0.267289325318389,0.2952420711517334,0.06832143879822283,,,,,,,0.03,,,,,,True,0.13477304687499997,0.19999999999999998
baseline,stability_loss,20,SINDy-STLSQ,0.7604790091196801,0.8246901370887099,0.19498647392488938,0.22309396660307626,-0.06421112796902972,0.02810749267818688,,,,,,,0.03,3.0,,,,,True,0.13477304687499997,0.19999999999999998
baseline,stability_loss,21,Bayesian SINDy (spike-slab),0.0517197816646885,1.0208777264577302,0.21167805578124188,0.2041466727280095,-0.9691579447930417,-0.007531383053232393,0.6996961423693474,-0.0,2.420909554716462,0.1752220438733986,0.23980262946013342,,0.03,2.0,0.355814212666575,0.046024715784077956,0.5025913335702935,1.241935803829333,True,0.13477304687499997,0.19999999999999998
baseline,stability_loss,21,Kalman OU,0.42815244923433277,0.6323668268741257,0.21691996301614822,0.14580474626954107,-0.20421437763979294,-0.07111521674660715,,,,,,0.053657362968649626,0.03,,,,,,True,0.13477304687499997,0.19999999999999998
baseline,stability_loss,21,Latent Neural SDE (VI),0.2583557069301605,1.1636958122253418,0.18691996249979542,0.24735144065121623,-0.9053401052951813,0.0604314781514208,,,,,,0.01647647258210845,0.03,,,,,,True,0.13477304687499997,0.19999999999999998
baseline,stability_loss,21,Moment OU,0.3824548767463058,1.3171992564564299,0.20894269404177518,0.22072325758861439,-0.934744379710124,0.011780563546839207,,,,,,,0.03,,,,,,True,0.13477304687499997,0.19999999999999998
baseline,stability_loss,21,Neural SDE (Euler),0.2870897054672241,1.234102487564087,0.19839574183420838,0.2522480261143012,-0.9470127820968628,0.05385228428009281,,,,,,,0.03,,,,,,True,0.13477304687499997,0.19999999999999998
baseline,stability_loss,21,SINDy-STLSQ,1.2898297937058953,1.8399557064972372,0.20384711079830384,0.20020930796192327,-0.5501259127913418,-0.0036378028363805714,,,,,,,0.03,3.0,,,,,True,0.13477304687499997,0.19999999999999998
baseline,stability_loss,22,Bayesian SINDy (spike-slab),1.0480954351006884,1.2313984502354776,0.21549974249956905,0.20713952189102827,-0.1833030151347892,-0.008360220608540775,0.49999154122076467,-0.0,2.0645211297965202,0.1771083252156987,0.2444119829325398,,0.03,2.0,0.8299257681652144,0.01400033917422813,0.12017110822196449,0.6901396253731756,True,0.13477304687499997,0.19999999999999998
baseline,stability_loss,22,Kalman OU,1.1002254905343003,1.164217953417054,0.2476454287336098,0.22796516021182395,-0.06399246288275373,-0.019680268521785865,,,,,,0.025028230247358594,0.03,,,,,,True,0.13477304687499997,0.19999999999999998
baseline,stability_loss,22,Latent Neural SDE (VI),1.6063919067382812,1.3935803174972534,0.23938089781263078,0.22633892450234358,0.21281158924102783,-0.013041973310287197,,,,,,0.017237627381997238,0.03,,,,,,True,0.13477304687499997,0.19999999999999998
baseline,stability_loss,22,Moment OU,1.2955862773838294,1.3906322062637237,0.2526251102121526,0.24073432108414733,-0.09504592887989438,-0.011890789128005286,,,,,,,0.03,,,,,,True,0.13477304687499997,0.19999999999999998
baseline,stability_loss,22,Neural SDE (Euler),1.4969133138656616,1.4452338218688965,0.24705056901473654,0.23560168479690435,0.05167949199676514,-0.01144888421783219,,,,,,,0.03,,,,,,True,0.13477304687499997,0.19999999999999998
baseline,stability_loss,22,SINDy-STLSQ,1.0097723828251006,1.0700707209226152,0.21439338815648065,0.20889470065570695,-0.060298338097514614,-0.005498687500773702,,,,,,,0.03,4.0,,,,,True,0.13477304687499997,0.19999999999999998
baseline,stability_loss,23,Bayesian SINDy (spike-slab),0.6035462884767129,0.16638610373812696,0.21924737248735654,0.20422950865702544,0.4371601847385859,-0.015017863830331102,0.2750496655956846,-0.0,0.829143605846372,0.17393772001672114,0.2391355919513052,,0.03,1.0,0.22009906011310426,0.016969753444611817,0.08523531290882706,0.89093715910626,True,0.13477304687499997,0.19999999999999998
baseline,stability_loss,23,Kalman OU,1.1425371274410867,0.13978134490592897,0.2389768108859686,0.1624196787931911,1.0027557825351576,-0.07655713209277748,,,,,,0.042219059694582985,0.03,,,,,,True,0.13477304687499997,0.19999999999999998
baseline,stability_loss,23,Latent Neural SDE (VI),1.4570847749710083,0.16538065671920776,0.21214690906901573,0.17955225852849085,1.2917041182518005,-0.03259465054052488,,,,,,0.030843520665555315,0.03,,,,,,True,0.13477304687499997,0.19999999999999998
baseline,stability_loss,23,Moment OU,0.9602174289475328,0.4708195084079766,0.2214543789477095,0.24458638488361256,0.4893979205395562,0.02313200593590306,,,,,,,0.03,,,,,,True,0.13477304687499997,0.19999999999999998
baseline,stability_loss,23,Neural SDE (Euler),1.4283981323242188,0.3725985288619995,0.21466552501900635,0.16153956626760718,1.0557996034622192,-0.053125958751399166,,,,,,,0.03,,,,,,True,0.13477304687499997,0.19999999999999998
baseline,stability_loss,23,SINDy-STLSQ,1.4658889064505516,0.2987364026915856,0.2122184154890919,0.20041114180780628,1.167152503758966,-0.011807273681285618,,,,,,,0.03,3.0,,,,,True,0.13477304687499997,0.19999999999999998
baseline,stability_loss,24,Bayesian SINDy (spike-slab),1.73064707893866,0.03403923700829688,0.2151364077071768,0.2344593519771894,1.6966078419303632,0.019322944270012604,0.14307559308788953,-0.0,0.5431665188527317,0.20091500866512982,0.2728430662263985,,0.03,1.0,0.05846334204633728,0.011351328839916524,0.02081309909633912,0.3858743645956873,True,0.13477304687499997,0.19999999999999998
baseline,stability_loss,24,Kalman OU,1.9567061939143107,0.35624442060850786,0.2675409323540197,0.21617374112158474,1.6004617733058029,-0.05136719123243497,,,,,,0.03396356376566484,0.03,,,,,,True,0.13477304687499997,0.19999999999999998
baseline,stability_loss,24,Latent Neural SDE (VI),2.5354154109954834,0.2929801344871521,0.21596490916223265,0.22170608251360593,2.2424352765083313,0.00574117335137328,,,,,,0.03195409182238326,0.03,,,,,,True,0.13477304687499997,0.19999999999999998
baseline,stability_loss,24,Moment OU,2.0557430153995218,0.3215511918172467,0.2626884266153349,0.22279938379075886,1.734191823582275,-0.03988904282457606,,,,,,,0.03,,,,,,True,0.13477304687499997,0.19999999999999998
baseline,stability_loss,24,Neural SDE (Euler),2.4112253189086914,0.32636746764183044,0.21762825179520678,0.23375949628956713,2.084857851266861,0.016131244494360347,,,,,,,0.03,,,,,,True,0.13477304687499997,0.19999999999999998
baseline,stability_loss,24,SINDy-STLSQ,1.7497384794442206,0.3641319035319147,0.21864570923528714,0.234257651677439,1.385606575912306,0.01561194244215186,,,,,,,0.03,2.0,,,,,True,0.13477304687499997,0.19999999999999998
baseline,stability_loss,25,Bayesian SINDy (spike-slab),1.813220466049949,0.18401314945093813,0.19238595274527648,0.20003858793415852,1.6292073165990109,0.00765263518888204,0.3261443820637735,-0.0,1.0133865526089265,0.1728970018342586,0.23315518309304176,,0.03,1.0,0.14655751834791286,0.012829865167958152,0.15210417349792185,0.8971834213324545,True,0.13477304687499997,0.19999999999999998
baseline,stability_loss,25,Kalman OU,1.7115426156089433,0.5638504586980491,0.19377511957772614,0.19286040640203791,1.1476921569108942,-0.0009147131756882254,,,,,,0.026754691697935172,0.03,,,,,,True,0.13477304687499997,0.19999999999999998
baseline,stability_loss,25,Latent Neural SDE (VI),2.708169460296631,0.43269628286361694,0.18983727996691344,0.18720747986110844,2.275473177433014,-0.0026298001058049914,,,,,,0.021953717149517275,0.03,,,,,,True,0.13477304687499997,0.19999999999999998
baseline,stability_loss,25,Moment OU,1.991418859927566,0.5750805056967165,0.21607762390085553,0.1975205714417406,1.4163383542308494,-0.01855705245911493,,,,,,,0.03,,,,,,True,0.13477304687499997,0.19999999999999998
baseline,stability_loss,25,Neural SDE (Euler),2.6469879150390625,0.49707305431365967,0.1937829576830139,0.1981423130519575,2.149914860725403,0.004359355368943607,,,,,,,0.03,,,,,,True,0.13477304687499997,0.19999999999999998
baseline,stability_loss,25,SINDy-STLSQ,2.432652489031245,0.6236373250870868,0.19345862958129562,0.19653451107779688,1.809015163944158,0.0030758814965012593,,,,,,,0.03,4.0,,,,,True,0.13477304687499997,0.19999999999999998
baseline,stability_loss,26,Bayesian SINDy (spike-slab),0.752377805266124,0.010393220780807328,0.19569998714632425,0.23071211200972297,0.7419845844853167,0.03501212486339872,0.07622497769271445,-0.0,0.14524549676990667,0.19983104541107705,0.26948897262916194,,0.03,1.0,0.021122239565520184,0.01146421249613468,0.013023452311598979,0.23442837932682087,True,0.13477304687499997,0.19999999999999998
baseline,stability_loss,26,Kalman OU,1.3029398895784552,0.1542774632072952,0.22156295195574244,0.2208468556688737,1.14866242637116,-0.0007160962868687504,,,,,,0.02823035024898293,0.03,,,,,,True,0.13477304687499997,0.19999999999999998
baseline,stability_loss,26,Latent Neural SDE (VI),1.2073214054107666,0.08760855346918106,0.16791166907563607,0.17710045953145634,1.1197128519415855,0.009188790455820273,,,,,,0.038587294431557694,0.03,,,,,,True,0.13477304687499997,0.19999999999999998
baseline,stability_loss,26,Moment OU,1.103845370789069,0.35261903967652924,0.20098900658939733,0.28743746410544635,0.7512263311125398,0.08644845751604902,,,,,,,0.03,,,,,,True,0.13477304687499997,0.19999999999999998
baseline,stability_loss,26,Neural SDE (Euler),1.1952836513519287,0.22594983875751495,0.17202302652863236,0.15856805882099137,0.9693338125944138,-0.013454967707640986,,,,,,,0.03,,,,,,True,0.13477304687499997,0.19999999999999998
baseline,stability_loss,26,SINDy-STLSQ,0.9614736725867759,0.8490907234330753,0.19099469719637774,0.23124507779141917,0.1123829491537005,0.040250380595041435,,,,,,,0.03,3.0,,,,,True,0.13477304687499997,0.19999999999999998
baseline,stability_loss,27,Bayesian SINDy (spike-slab),1.2249218329897078,1.0298035258756315,0.20929742276425398,0.2016430147844389,0.1951183071140763,-0.007654407979815064,0.6594404801235048,-0.0,2.0344209614887374,0.1728548894014447,0.2358781545701183,,0.03,2.0,0.7697962770422824,0.014177809663854879,0.01806122049017712,0.6926579130569182,True,0.13477304687499997,0.19999999999999998
baseline,stability_loss,27,Kalman OU,1.6296917438613867,1.6116198867817109,0.2461873596325128,0.2327275279322413,0.018071857079675846,-0.013459831700271485,,,,,,0.0010000000000000002,0.03,,,,,,True,0.13477304687499997,0.19999999999999998
baseline,stability_loss,27,Latent Neural SDE (VI),1.7968969345092773,1.8731855154037476,0.22955363949772903,0.24482906429262868,-0.07628858089447021,0.015275424794899656,,,,,,0.014703021533027069,0.03,,,,,,True,0.13477304687499997,0.19999999999999998
baseline,stability_loss,27,Moment OU,1.3846719742967644,1.4430445027653185,0.22452891468323857,0.2146448207202643,-0.05837252846855412,-0.009884093962974266,,,,,,,0.03,,,,,,True,0.13477304687499997,0.19999999999999998
baseline,stability_loss,27,Neural SDE (Euler),1.8193390369415283,1.697239875793457,0.23375963714481204,0.25589935006486514,0.12209916114807129,0.022139712920053095,,,,,,,0.03,,,,,,True,0.13477304687499997,0.19999999999999998
baseline,stability_loss,27,SINDy-STLSQ,1.2332748330420293,1.5453890299858501,0.21055533448044764,0.19977986051469782,-0.3121141969438208,-0.010775473965749821,,,,,,,0.03,3.0,,,,,True,0.13477304687499997,0.19999999999999998
baseline,stability_loss,28,Bayesian SINDy (spike-slab),0.33380256778484607,0.035940438979606214,0.23029188656026683,0.1909896539543399,0.2978621288052399,-0.03930223260592694,0.13778292141913298,-0.0,0.48401778366206977,0.16614488619360743,0.22288760162229834,,0.03,1.0,0.05939324367473759,0.011116747184227739,0.012285469290889335,0.352534939498208,True,0.13477304687499997,0.19999999999999998
baseline,stability_loss,28,Kalman OU,0.5176298006332997,0.4570204074659045,0.18259950712987236,0.19679810477640364,0.060609393167395165,0.01419859764653128,,,,,,0.0010000000000000002,0.03,,,,,,True,0.13477304687499997,0.19999999999999998
baseline,stability_loss,28,Latent Neural SDE (VI),1.251476764678955,0.7197560667991638,0.21757127607891957,0.15366437357765492,0.5317206978797913,-0.06390690250126466,,,,,,0.022815766638233235,0.03,,,,,,True,0.13477304687499997,0.19999999999999998
baseline,stability_loss,28,Moment OU,0.8415415740664507,0.35127400317019136,0.23865276098168797,0.17779174208202372,0.49026757089625933,-0.06086101889966425,,,,,,,0.03,,,,,,True,0.13477304687499997,0.19999999999999998
baseline,stability_loss,28,Neural SDE (Euler),1.2340319156646729,0.6881787180900574,0.2297367292911191,0.15227069624219586,0.5458531975746155,-0.07746603304892324,,,,,,,0.03,,,,,,True,0.13477304687499997,0.19999999999999998
baseline,stability_loss,28,SINDy-STLSQ,1.3078137797614011,0.5124887609604183,0.22415816531352445,0.18831835480268158,0.7953250188009828,-0.03583981051084287,,,,,,,0.03,3.0,,,,,True,0.13477304687499997,0.19999999999999998
baseline,stability_loss,29,Bayesian SINDy (spike-slab),0.1822299951607603,0.2909395204617802,0.20356591178261607,0.21817132122219435,-0.10870952530101988,0.014605409439578276,0.400423523340818,-0.0,1.1106364526190458,0.18559202443161243,0.25732128288216227,,0.03,1.0,0.28102451532418915,0.02844357417702858,0.19054692725075603,1.1485676121261095,True,0.13477304687499997,0.19999999999999998
baseline,stability_loss,29,Kalman OU,0.648213164903109,0.3692662023207941,0.19166720145714228,0.22429876391016684,0.2789469625823149,0.032631562453024565,,,,,,0.016418951378046043,0.03,,,,,,True,0.13477304687499997,0.19999999999999998
baseline,stability_loss,29,Latent Neural SDE (VI),0.8791223764419556,0.6246426105499268,0.20034174032298346,0.2544695848158976,0.2544797658920288,0.054127844492914134,,,,,,0.027318200399116227,0.03,,,,,,True,0.13477304687499997,0.19999999999999998
baseline,stability_loss,29,Moment OU,0.684015743429757,0.6477064202987483,0.19994176587143248,0.25976443863745746,0.036309323131008764,0.05982267276602499,,,,,,,0.03,,,,,,True,0.13477304687499997,0.19999999999999998
baseline,stability_loss,29,Neural SDE (Euler),0.8352854251861572,0.682809591293335,0.224318257136264,0.2685212584251393,0.15247583389282227,0.044203001288875304,,,,,,,0.03,,,,,,True,0.13477304687499997,0.19999999999999998
baseline,stability_loss,29,SINDy-STLSQ,0.7937732017499831,1.353770660305437,0.19973506195526505,0.20940940013345846,-0.5599974585554538,0.009674338178193409,,,,,,,0.03,3.0,,,,,True,0.13477304687499997,0.19999999999999998
baseline,stability_loss,30,Bayesian SINDy (spike-slab),0.9344588114847019,0.014301981404198893,0.1729820634703517,0.20232622549484203,0.920156830080503,0.029344162024490333,0.06931033196050032,-0.0,0.26049411783600535,0.17556952694517555,0.23572406715579275,,0.03,1.0,0.028173587250929433,0.019030229960960474,0.02256594400417609,0.33040562914646876,True,0.13477304687499997,0.19999999999999998
baseline,stability_loss,30,Kalman OU,1.2907561181070848,0.0833658202055476,0.20415663029623166,0.20797279237874228,1.2073902979015372,0.0038161620825106213,,,,,,0.0010000000000000002,0.03,,,,,,True,0.13477304687499997,0.19999999999999998
baseline,stability_loss,30,Latent Neural SDE (VI),0.03598785400390625,0.6537503004074097,0.16371160895719936,0.1866898999876041,-0.6177624464035034,0.022978291030404746,,,,,,0.046293730568912055,0.03,,,,,,True,0.13477304687499997,0.19999999999999998
baseline,stability_loss,30,Moment OU,1.1883693105879227,0.13445005394890822,0.18804856571893036,0.2621237166955619,1.0539192566390145,0.07407515097663153,,,,,,,0.03,,,,,,True,0.13477304687499997,0.19999999999999998
baseline,stability_loss,30,Neural SDE (Euler),0.44171369075775146,0.5198871493339539,0.1678526852586587,0.20108153932858872,-0.07817345857620239,0.03322885406993001,,,,,,,0.03,,,,,,True,0.13477304687499997,0.19999999999999998
baseline,stability_loss,30,SINDy-STLSQ,2.4042831295513025,0.9807633981460021,0.16991485017675295,0.19973289409901016,1.4235197314053005,0.029818043922257204,,,,,,,0.03,4.0,,,,,True,0.13477304687499997,0.19999999999999998
baseline,stability_loss,31,Bayesian SINDy (spike-slab),0.3838996055198709,0.026780794402733753,0.16439262141241534,0.2173316607538017,0.35711881111713717,0.05293903934138636,0.11483312458064764,-0.0,0.35870504597889963,0.18569211533268826,0.2579239869895864,,0.03,1.0,0.04833390120686671,0.014382425143620125,0.015893762009622028,0.3504588373183375,True,0.13477304687499997,0.19999999999999998
baseline,stability_loss,31,Kalman OU,0.5503225295509085,0.18120669747458912,0.13977975956772168,0.1774974199899606,0.36911583207631943,0.037717660422238924,,,,,,0.042314404931767205,0.03,,,,,,True,0.13477304687499997,0.19999999999999998
baseline,stability_loss,31,Latent Neural SDE (VI),0.7031930685043335,0.345289945602417,0.1783873925981225,0.22448766313374155,0.3579031229019165,0.04610027053561905,,,,,,0.035099266109199126,0.03,,,,,,True,0.13477304687499997,0.19999999999999998
baseline,stability_loss,31,Moment OU,0.5893467246109267,0.24052309038402767,0.14990637795124998,0.21892851380967668,0.3488236342268991,0.0690221358584267,,,,,,,0.03,,,,,,True,0.13477304687499997,0.19999999999999998
baseline,stability_loss,31,Neural SDE (Euler),0.7682660818099976,0.4031426012516022,0.18443751501965264,0.2822042303941372,0.3651234805583954,0.09776671537448459,,,,,,,0.03,,,,,,True,0.13477304687499997,0.19999999999999998
baseline,stability_loss,31,SINDy-STLSQ,0.22449448646622053,0.27616248063450644,0.16166080116302745,0.21728893192016407,-0.05166799416828591,0.05562813075713663,,,,,,,0.03,2.0,,,,,True,0.13477304687499997,0.19999999999999998
baseline,stability_loss,32,Bayesian SINDy (spike-slab),1.1127388354019483,0.2540467827614404,0.1916458791072201,0.2363518461073633,0.858692052640508,0.044705967000143176,0.4125969891587498,-0.0,1.2805334189723407,0.20137942624244298,0.28022023149572733,,0.03,1.0,0.2547444464114749,0.023660655336164522,0.0692239236587024,0.9173736265255317,True,0.13477304687499997,0.19999999999999998
baseline,stability_loss,32,Kalman OU,0.7309731450802883,0.6481676896785716,0.13518905567221437,0.2151982196914246,0.08280545540171669,0.08000916401921024,,,,,,0.039094122804752156,0.03,,,,,,True,0.13477304687499997,0.19999999999999998
baseline,stability_loss,32,Latent Neural SDE (VI),1.272505521774292,0.8064576387405396,0.19284492669763312,0.25471597895049386,0.46604788303375244,0.06187105225286074,,,,,,0.022818119411377312,0.03,,,,,,True,0.13477304687499997,0.19999999999999998
baseline,stability_loss,32,Moment OU,1.3124352445055147,0.7733741867837972,0.19772298663529303,0.24008241616347842,0.5390610577217175,0.04235942952818539,,,,,,,0.03,,,,,,True,0.13477304687499997,0.19999999999999998
baseline,stability_loss,32,Neural SDE (Euler),1.3586231470108032,0.8596891760826111,0.19445045874688077,0.28013192882440274,0.49893397092819214,0.08568147007752197,,,,,,,0.03,,,,,,True,0.13477304687499997,0.19999999999999998
baseline,stability_loss,32,SINDy-STLSQ,0.9142007942816764,0.7807392946785315,0.1920518612128341,0.23301724927023917,0.1334614996031449,0.04096538805740507,,,,,,,0.03,3.0,,,,,True,0.13477304687499997,0.19999999999999998
baseline,stability_loss,33,Bayesian SINDy (spike-slab),0.2758825898597047,0.04461909247403678,0.20454307602718466,0.22080922824486698,0.23126349738566793,0.016266152217682323,0.17001564973279962,-0.0,0.6774891764854685,0.19184950216573135,0.26121494505733045,,0.03,1.0,0.05302254752268553,0.01235855604228177,0.025459448284221815,0.3922198590401669,True,0.13477304687499997,0.19999999999999998
baseline,stability_loss,33,Kalman OU,0.7968668389384101,0.355224883337004,0.20490521811073006,0.19396919642443636,0.4416419556014061,-0.010936021686293707,,,,,,0.03783504514565888,0.03,,,,,,True,0.13477304687499997,0.19999999999999998
baseline,stability_loss,33,Latent Neural SDE (VI),0.7253085374832153,0.5041824579238892,0.2358334475013695,0.202998594294436,0.22112607955932617,-0.032834853206933495,,,,,,0.026774941340276116,0.03,,,,,,True,0.13477304687499997,0.19999999999999998
baseline,stability_loss,33,Moment OU,0.6803244164157131,0.549723121115114,0.19531056238389766,0.23355966453413474,0.13060129530059905,0.03824910215023708,,,,,,,0.03,,,,,,True,0.13477304687499997,0.19999999999999998
baseline,stability_loss,33,Neural SDE (Euler),0.7915273308753967,0.5751951336860657,0.2489486012761642,0.19908753766089957,0.21633219718933105,-0.04986106361526463,,,,,,,0.03,,,,,,True,0.13477304687499997,0.19999999999999998
baseline,stability_loss,33,SINDy-STLSQ,0.5620005526640749,0.2798048091652212,0.20260008378255054,0.2186122303180838,0.2821957434988537,0.01601214653553326,,,,,,,0.03,3.0,,,,,True,0.13477304687499997,0.19999999999999998
baseline,stability_loss,34,Bayesian SINDy (spike-slab),0.08304293751655073,1.387385462964123,0.22914573479743683,0.20447829133001605,-1.3043425254475722,-0.02466744346742078,0.575873549993942,-0.0,2.2881943498711097,0.1749010908893471,0.23857800012786484,,0.03,2.0,0.8685521691770144,0.01702045265643685,0.07466366888892342,0.604873358298083,True,0.13477304687499997,0.19999999999999998
baseline,stability_loss,34,Kalman OU,0.4498624021250291,1.7866641044331335,0.20511253453381414,0.23663849867582423,-1.3368017023081045,0.03152596414201009,,,,,,0.016729502830705973,0.03,,,,,,True,0.13477304687499997,0.19999999999999998
baseline,stability_loss,34,Latent Neural SDE (VI),1.5020127296447754,1.735550880432129,0.15933588948726632,0.20217369671319319,-0.23353815078735352,0.042837807225926866,,,,,,0.0151686159352958,0.03,,,,,,True,0.13477304687499997,0.19999999999999998
baseline,stability_loss,34,Moment OU,0.490018029730077,1.5776748609535958,0.22499332433057084,0.22100356454095585,-1.0876568312235189,-0.003989759789614994,,,,,,,0.03,,,,,,True,0.13477304687499997,0.19999999999999998
baseline,stability_loss,34,Neural SDE (Euler),1.3904467821121216,1.6761908531188965,0.17032336295855754,0.20728792127015225,-0.2857440710067749,0.0369645583115947,,,,,,,0.03,,,,,,True,0.13477304687499997,0.19999999999999998
baseline,stability_loss,34,SINDy-STLSQ,1.2429854524869866,1.5129131413873638,0.22135957483825897,0.20235533357753324,-0.2699276889003772,-0.019004241260725724,,,,,,,0.03,4.0,,,,,True,0.13477304687499997,0.19999999999999998
baseline,stability_loss,35,Bayesian SINDy (spike-slab),0.35916848475896757,0.026850444664395397,0.2123214637991081,0.211915442597071,0.33231804009457216,-0.0004060212020370879,0.12944347151975855,-0.0,0.4862006500247191,0.18307270805037704,0.2463473695473613,,0.03,1.0,0.05151032686320232,0.01300950427263894,0.013113619723418816,0.34212506685100164,True,0.13477304687499997,0.19999999999999998
baseline,stability_loss,35,Kalman OU,0.7807204125411557,0.4938062980238231,0.2097601280219331,0.22197508003477248,0.28691411451733256,0.01221495201283937,,,,,,0.0010000000000000002,0.03,,,,,,True,0.13477304687499997,0.19999999999999998
baseline,stability_loss,35,Latent Neural SDE (VI),0.7266085147857666,0.8894193768501282,0.20683179674698085,0.19834526299983615,-0.16281086206436157,-0.008486533747144698,,,,,,0.02449304638733797,0.03,,,,,,True,0.13477304687499997,0.19999999999999998
baseline,stability_loss,35,Moment OU,0.7351820751488887,0.5648404619625436,0.20974322137880924,0.22662098113894935,0.1703416131863451,0.01687775976014011,,,,,,,0.03,,,,,,True,0.13477304687499997,0.19999999999999998
baseline,stability_loss,35,Neural SDE (Euler),0.7982024550437927,1.0008535385131836,0.21343427313543586,0.20426918020051818,-0.20265108346939087,-0.009165092934917685,,,,,,,0.03,,,,,,True,0.13477304687499997,0.19999999999999998
baseline,stability_loss,35,SINDy-STLSQ,0.9602951442512587,0.4139942860470663,0.20697704367609876,0.21209772606565505,0.5463008582041924,0.005120682389556291,,,,,,,0.03,2.0,,,,,True,0.13477304687499997,0.19999999999999998
baseline,stationary,0,Bayesian SINDy (spike-slab),0.14529761905142335,0.4957707115864598,0.20618697928600266,0.20395452824216218,-0.35047309253503645,-0.002232451043840483,0.5312206365194685,-0.0,1.4818367243874848,0.17496783053303552,0.2396577342737424,,0.03,2.0,0.5034440004158416,0.012165459337027163,0.021809938485503347,0.8591111542341234,True,0.7999999999999999,0.19999999999999998
baseline,stationary,0,Kalman OU,0.6372465101765881,1.1018564505922306,0.21817086659266652,0.22301127659107203,-0.4646099404156425,0.004840409998405515,,,,,,0.0035998104480569667,0.03,,,,,,True,0.7999999999999999,0.19999999999999998
baseline,stationary,0,Latent Neural SDE (VI),0.548854649066925,1.8896517753601074,0.20920904187143846,0.20409664863260138,-1.3407971262931824,-0.005112393238837082,,,,,,0.017170655218192932,0.03,,,,,,True,0.7999999999999999,0.19999999999999998
baseline,stationary,0,Moment OU,0.5531080890948976,0.8978456628419669,0.20408934414644495,0.20135786885618712,-0.34473757374706926,-0.0027314752902578288,,,,,,,0.03,,,,,,True,0.7999999999999999,0.19999999999999998
baseline,stationary,0,Neural SDE (Euler),0.6084059476852417,1.9381370544433594,0.21984547938617074,0.20962621924643757,-1.3297311067581177,-0.010219260139733177,,,,,,,0.03,,,,,,True,0.7999999999999999,0.19999999999999998
baseline,stationary,0,SINDy-STLSQ,0.6900928388488715,1.1597951683849905,0.20288828398126876,0.20032490325759367,-0.469702329536119,-0.002563380723675096,,,,,,,0.03,3.0,,,,,True,0.7999999999999999,0.19999999999999998
baseline,stationary,1,Bayesian SINDy (spike-slab),0.6788329721844332,0.6630079677952093,0.22775498770570693,0.20232407489165918,0.01582500438922385,-0.025430912814047746,0.5551428636245587,-0.0,1.6005454296432449,0.1719800627222491,0.23954819558563809,,0.03,2.0,0.6390508184812493,0.013236784245733555,0.029885054012399933,0.8420495311566931,True,0.7999999999999999,0.19999999999999998
baseline,stationary,1,Kalman OU,1.1850426628643005,0.9977653030174767,0.24214179516535572,0.2252969394707978,0.1872773598468238,-0.01684485569455793,,,,,,0.0010000000000000002,0.03,,,,,,True,0.7999999999999999,0.19999999999999998
baseline,stationary,1,Latent Neural SDE (VI),0.9575697779655457,1.1144311428070068,0.22617364306585155,0.19437164502989038,-0.15686136484146118,-0.031801998035961176,,,,,,0.018263725512548474,0.03,,,,,,True,0.7999999999999999,0.19999999999999998
baseline,stationary,1,Moment OU,1.0487729427303745,0.9723008063350934,0.23183097988775037,0.2157270659068682,0.07647213639528105,-0.01610391398088218,,,,,,,0.03,,,,,,True,0.7999999999999999,0.19999999999999998
baseline,stationary,1,Neural SDE (Euler),1.009574294090271,1.1047700643539429,0.2279717583934285,0.1965173466907914,-0.09519577026367188,-0.0314544117026371,,,,,,,0.03,,,,,,True,0.7999999999999999,0.19999999999999998
baseline,stationary,1,SINDy-STLSQ,0.6290696551559266,1.2009563541782389,0.22493662661916675,0.20079917876394757,-0.5718866990223123,-0.02413744785521918,,,,,,,0.03,3.0,,,,,True,0.7999999999999999,0.19999999999999998
baseline,stationary,2,Bayesian SINDy (spike-slab),0.9797848997161356,1.4183147649467824,0.2118301862388278,0.19299886907789726,-0.43852986523064685,-0.018831317160930533,0.6349643058121712,-0.0,2.4540621121189146,0.16417164716255583,0.2305791261667959,,0.03,2.0,0.7101339574272073,0.042876585305329944,0.28036981613419154,0.9214816388451634,True,0.7999999999999999,0.19999999999999998
baseline,stationary,2,Kalman OU,0.7846110272579869,1.0651292528236145,0.1954480698689929,0.14945402611053868,-0.28051822556562755,-0.04599404375845423,,,,,,0.05056197535637355,0.03,,,,,,True,0.7999999999999999,0.19999999999999998
baseline,stationary,2,Latent Neural SDE (VI),1.4606906175613403,2.2500205039978027,0.22184294866358678,0.16638664052931534,-0.7893298864364624,-0.05545630813427144,,,,,,0.013780381511226287,0.03,,,,,,True,0.7999999999999999,0.19999999999999998
baseline,stationary,2,Moment OU,1.148595789060365,1.7967823377731362,0.23464823941959664,0.21294763766894564,-0.6481865487127711,-0.021700601750651,,,,,,,0.03,,,,,,True,0.7999999999999999,0.19999999999999998
baseline,stationary,2,Neural SDE (Euler),1.489546775817871,2.159764051437378,0.22457501653512627,0.16894544876823203,-0.6702172756195068,-0.05562956776689423,,,,,,,0.03,,,,,,True,0.7999999999999999,0.19999999999999998
baseline,stationary,2,SINDy-STLSQ,1.4201352734909793,1.393333313704681,0.2122766850751078,0.1898750874796561,0.02680195978629829,-0.02240159759545171,,,,,,,0.03,4.0,,,,,True,0.7999999999999999,0.19999999999999998
baseline,stationary,3,Bayesian SINDy (spike-slab),1.5655668061573198,0.4778713187343216,0.21241949307479438,0.2235437412664038,1.0876954874229983,0.011124248191609426,0.5227642908444803,-0.0,1.5322713565212551,0.18978886477962675,0.2645963130956538,,0.03,1.0,0.28634572064910857,0.0367898065295363,0.2571407947173857,1.2478638460279803,True,0.7999999999999999,0.19999999999999998
baseline,stationary,3,Kalman OU,1.88914149735099,1.0333872492620022,0.2566829088256113,0.24662518476677772,0.8557542480889877,-0.010057724058833567,,,,,,0.0010000000000000002,0.03,,,,,,True,0.7999999999999999,0.19999999999999998
baseline,stationary,3,Latent Neural SDE (VI),2.252581834793091,0.9984186887741089,0.24556745294317528,0.23481173628475635,1.254163146018982,-0.010755716658418929,,,,,,0.019876057326850837,0.03,,,,,,True,0.7999999999999999,0.19999999999999998
baseline,stationary,3,Moment OU,1.6810813337825674,0.9828546846263488,0.23760067476519978,0.23643620374407676,0.6982266491562186,-0.0011644710211230203,,,,,,,0.03,,,,,,True,0.7999999999999999,0.19999999999999998
baseline,stationary,3,Neural SDE (Euler),2.136693000793457,1.037951946258545,0.24712244051147197,0.2446449763557716,1.098741054534912,-0.002477464155700382,,,,,,,0.03,,,,,,True,0.7999999999999999,0.19999999999999998
baseline,stationary,3,SINDy-STLSQ,2.1559088324159403,1.210880016089761,0.21133810450125348,0.2169912420031837,0.9450288163261793,0.005653137501930222,,,,,,,0.03,4.0,,,,,True,0.7999999999999999,0.19999999999999998
baseline,stationary,4,Bayesian SINDy (spike-slab),1.987480218554343,0.265411347831414,0.21283790062295385,0.2106184085911223,1.722068870722929,-0.0022194920318315547,0.4092567349279257,-0.0,1.206669257533346,0.18195705370570764,0.24631590972565395,,0.03,1.0,0.33139366989614266,0.012678382137504298,0.017637365529672294,0.7903292388821882,True,0.7999999999999999,0.19999999999999998
baseline,stationary,4,Kalman OU,2.4127249869005545,0.5050422142349417,0.2744515476500773,0.17426774537978104,1.9076827726656127,-0.10018380227029625,,,,,,0.041917647291692346,0.03,,,,,,True,0.7999999999999999,0.19999999999999998
baseline,stationary,4,Latent Neural SDE (VI),3.679309844970703,1.3639171123504639,0.2229235401428813,0.1925629832947344,2.3153927326202393,-0.030360556848146897,,,,,,0.021437205503280574,0.03,,,,,,True,0.7999999999999999,0.19999999999999998
baseline,stationary,4,Moment OU,2.271090900590514,0.6994885778893766,0.2587253177683545,0.21089907877681266,1.5716023227011378,-0.04782623899154184,,,,,,,0.03,,,,,,True,0.7999999999999999,0.19999999999999998
baseline,stationary,4,Neural SDE (Euler),3.6692726612091064,1.4162352085113525,0.22542544827586616,0.20181967145212681,2.253037452697754,-0.02360577682373935,,,,,,,0.03,,,,,,True,0.7999999999999999,0.19999999999999998
baseline,stationary,4,SINDy-STLSQ,2.7475184805480497,0.8883118328688139,0.2148842531695893,0.20573179023625632,1.859206647679236,-0.009152462933332994,,,,,,,0.03,3.0,,,,,True,0.7999999999999999,0.19999999999999998
baseline,stationary,5,Bayesian SINDy (spike-slab),1.8458542708113765,0.252222353717399,0.23045144228052686,0.18478761641834093,1.5936319170939774,-0.045663825862185925,0.4217294440743874,-0.0,1.2329765615624744,0.159233510643225,0.2156848654627941,,0.03,1.0,0.318703450237341,0.01574728688438282,0.01391044045235071,0.7771645466965503,True,0.7999999999999999,0.19999999999999998
baseline,stationary,5,Kalman OU,2.3718937711371284,0.8458095291011559,0.289428216444581,0.18399691101348115,1.5260842420359726,-0.10543130543109985,,,,,,0.022349045054318537,0.03,,,,,,True,0.7999999999999999,0.19999999999999998
baseline,stationary,5,Latent Neural SDE (VI),1.8962711095809937,2.7983832359313965,0.23454321471663545,0.1644004008156002,-0.9021121263504028,-0.07014281390103524,,,,,,0.017050681610328168,0.03,,,,,,True,0.7999999999999999,0.19999999999999998
baseline,stationary,5,Moment OU,2.3053596285270843,0.7253690332057159,0.27746649227906023,0.17359569194636196,1.5799905953213684,-0.10387080033269827,,,,,,,0.03,,,,,,True,0.7999999999999999,0.19999999999999998
baseline,stationary,5,Neural SDE (Euler),1.9185981750488281,2.861217975616455,0.2380747983356319,0.17204618992596485,-0.942619800567627,-0.06602860840966704,,,,,,,0.03,,,,,,True,0.7999999999999999,0.19999999999999998
baseline,stationary,5,SINDy-STLSQ,1.9672150309874077,1.1588483439955986,0.23224886532202493,0.17997934339482943,0.8083666869918091,-0.0522695219271955,,,,,,,0.03,3.0,,,,,True,0.7999999999999999,0.19999999999999998
baseline,stationary,6,Bayesian SINDy (spike-slab),1.4166932379903776,0.6737477883084526,0.21446235126888077,0.2097851066951378,0.742945449681925,-0.004677244573742967,0.5856767982539378,-0.0,1.6533826635751865,0.17718433672422093,0.24591995043208076,,0.03,2.0,0.5947249958175739,0.010420939262997071,0.03007292317328118,0.8538595886892837,True,0.7999999999999999,0.19999999999999998
baseline,stationary,6,Kalman OU,1.8556565433790864,0.7834900315216929,0.25639738858017613,0.18507912439591379,1.0721665118573935,-0.07131826418426235,,,,,,0.04199883360305331,0.03,,,,,,True,0.7999999999999999,0.19999999999999998
baseline,stationary,6,Latent Neural SDE (VI),1.8636412620544434,1.0735588073730469,0.21931867543447184,0.19101045889788595,0.7900824546813965,-0.028308216536585884,,,,,,0.018010772035366027,0.03,,,,,,True,0.7999999999999999,0.19999999999999998
baseline,stationary,6,Moment OU,1.6303333646481502,1.1289788705947783,0.23642868853596927,0.2245701488998198,0.5013544940533718,-0.011858539636149468,,,,,,,0.03,,,,,,True,0.7999999999999999,0.19999999999999998
baseline,stationary,6,Neural SDE (Euler),1.8029587268829346,1.0294983386993408,0.22285012698675405,0.1961340159875121,0.7734603881835938,-0.026716110999241954,,,,,,,0.03,,,,,,True,0.7999999999999999,0.19999999999999998
baseline,stationary,6,SINDy-STLSQ,1.7787422163624473,1.1954213211521958,0.2106692233392115,0.20846682401718916,0.5833208952102515,-0.002202399322022347,,,,,,,0.03,3.0,,,,,True,0.7999999999999999,0.19999999999999998
baseline,stationary,7,Bayesian SINDy (spike-slab),0.8342405755006417,0.2027216399556491,0.20450464489531753,0.17827266453670632,0.6315189355449926,-0.026231980358611212,0.37236569510806977,-0.0,1.2136436628202527,0.15170730282577935,0.2065546387031116,,0.03,1.0,0.23502921931106338,0.013371572141481812,0.0468743002624358,0.798324509728767,True,0.7999999999999999,0.19999999999999998
baseline,stationary,7,Kalman OU,0.7392458192888471,0.8739633619177227,0.15598080722938448,0.19001301941007112,-0.1347175426288756,0.03403221218068664,,,,,,0.0010000000000000002,0.03,,,,,,True,0.7999999999999999,0.19999999999999998
baseline,stationary,7,Latent Neural SDE (VI),1.2905950546264648,0.7409183979034424,0.20741409594194493,0.18816013382593097,0.5496766567230225,-0.019253962116013962,,,,,,0.017035569577036953,0.03,,,,,,True,0.7999999999999999,0.19999999999999998
baseline,stationary,7,Moment OU,1.2350248190789936,0.6374572805934479,0.21327333375120977,0.16329485879446623,0.5975675384855458,-0.04997847495674354,,,,,,,0.03,,,,,,True,0.7999999999999999,0.19999999999999998
baseline,stationary,7,Neural SDE (Euler),1.300035834312439,0.7899239659309387,0.21305035566225744,0.19183865038550937,0.5101118683815002,-0.021211705276748066,,,,,,,0.03,,,,,,True,0.7999999999999999,0.19999999999999998
baseline,stationary,7,SINDy-STLSQ,1.1953171659848427,0.8805878423459745,0.20163495243247706,0.17421250255693838,0.3147293236388682,-0.027422449875538685,,,,,,,0.03,4.0,,,,,True,0.7999999999999999,0.19999999999999998
baseline,stationary,8,Bayesian SINDy (spike-slab),1.1650097406688522,1.1159254959441045,0.20208793077290757,0.18129749361163325,0.049084244724747705,-0.020790437161274322,0.5732405980111303,-0.0,2.0198160018219165,0.15665492070667977,0.21404691309599422,,0.03,2.0,0.8138555971347691,0.016111321782474198,0.05259244566899463,0.7092468221474684,True,0.7999999999999999,0.19999999999999998
baseline,stationary,8,Kalman OU,0.4943359388335257,1.402942484930316,0.11403718587558608,0.21066378152159887,-0.9086065460967903,0.0966265956460128,,,,,,0.0010000000000000002,0.03,,,,,,True,0.7999999999999999,0.19999999999999998
baseline,stationary,8,Latent Neural SDE (VI),1.2795073986053467,1.4930408000946045,0.20798691991259136,0.19824687783446715,-0.2135334014892578,-0.009740042078124206,,,,,,0.0140940610525608,0.03,,,,,,True,0.7999999999999999,0.19999999999999998
baseline,stationary,8,Moment OU,1.4902947895489635,1.2307677383333129,0.22802555100841979,0.19139620843262004,0.2595270512156507,-0.03662934257579975,,,,,,,0.03,,,,,,True,0.7999999999999999,0.19999999999999998
baseline,stationary,8,Neural SDE (Euler),1.401747703552246,1.517730951309204,0.212687807399726,0.2025898372747787,-0.11598324775695801,-0.010097970124947314,,,,,,,0.03,,,,,,True,0.7999999999999999,0.19999999999999998
baseline,stationary,8,SINDy-STLSQ,1.2577959413332536,1.5396345356591075,0.20312118422617284,0.18204311066207146,-0.2818385943258539,-0.02107807356410138,,,,,,,0.03,4.0,,,,,True,0.7999999999999999,0.19999999999999998
baseline,stationary,9,Bayesian SINDy (spike-slab),1.3566629646593031,0.490888750096787,0.20825369091482349,0.19329825071945345,0.8657742145625161,-0.01495544019537004,0.4745668801423488,-0.0,1.4196445613440238,0.16430028783537867,0.22847273533332516,,0.03,1.0,0.17355671372434583,0.02022529949590236,0.4597009582145427,1.1705762041963634,True,0.7999999999999999,0.19999999999999998
baseline,stationary,9,Kalman OU,1.3488756031487132,0.9354713583701637,0.2035382140028628,0.21291909244721155,0.41340424477854953,0.009380878444348761,,,,,,0.0010000000000000002,0.03,,,,,,True,0.7999999999999999,0.19999999999999998
baseline,stationary,9,Latent Neural SDE (VI),1.9216594696044922,0.710473895072937,0.21645312596870972,0.17387103828424974,1.2111855745315552,-0.04258208768445998,,,,,,0.018517582006277115,0.03,,,,,,True,0.7999999999999999,0.19999999999999998
baseline,stationary,9,Moment OU,1.4764744296484136,0.7023527527161941,0.22118325114293722,0.18723977964055924,0.7741216769322194,-0.033943471502377975,,,,,,,0.03,,,,,,True,0.7999999999999999,0.19999999999999998
baseline,stationary,9,Neural SDE (Euler),1.9174425601959229,0.6817381381988525,0.22013224382354507,0.1827177468590281,1.2357044219970703,-0.03741449696451696,,,,,,,0.03,,,,,,True,0.7999999999999999,0.19999999999999998
baseline,stationary,9,SINDy-STLSQ,2.223732218622318,0.6530011682060675,0.20686233892076175,0.19005836194807038,1.5707310504162506,-0.01680397697269137,,,,,,,0.03,4.0,,,,,True,0.7999999999999999,0.19999999999999998
baseline,stationary,10,Bayesian SINDy (spike-slab),0.26525856705600753,1.3534577506593306,0.19268577915126323,0.19261671537577538,-1.0881991836033231,-6.90637754878487e-05,0.5906967895717832,-0.0,2.366912423768288,0.16405674397376874,0.22545983421706123,,0.03,2.0,0.810169158710245,0.03089306011011665,0.13340734894278228,0.7903270418643864,True,0.7999999999999999,0.19999999999999998
baseline,stationary,10,Kalman OU,0.8245638845230405,1.5128781078169693,0.19128721584449207,0.2033514595919735,-0.6883142232939288,0.01206424374748144,,,,,,0.029270830798880803,0.03,,,,,,True,0.7999999999999999,0.19999999999999998
baseline,stationary,10,Latent Neural SDE (VI),1.1939318180084229,1.5832042694091797,0.17423024487031832,0.22153963927794174,-0.38927245140075684,0.04730939440762341,,,,,,0.01375768572529499,0.03,,,,,,True,0.7999999999999999,0.19999999999999998
baseline,stationary,10,Moment OU,0.7011757877618098,1.5074553084191742,0.18100787056042336,0.2051436638073753,-0.8062795206573644,0.024135793246951948,,,,,,,0.03,,,,,,True,0.7999999999999999,0.19999999999999998
baseline,stationary,10,Neural SDE (Euler),1.2224031686782837,1.6455931663513184,0.18779692785376054,0.22504085383084993,-0.42318999767303467,0.03724392597708939,,,,,,,0.03,,,,,,True,0.7999999999999999,0.19999999999999998
baseline,stationary,10,SINDy-STLSQ,0.8107514607004435,1.5883950049986642,0.18994916726086614,0.19024649066101157,-0.7776435442982207,0.0002973234001454328,,,,,,,0.03,4.0,,,,,True,0.7999999999999999,0.19999999999999998
baseline,stationary,11,Bayesian SINDy (spike-slab),1.2598458893102806,0.41509955524263087,0.21879897814004998,0.20288510014366154,0.8447463340676498,-0.015913877996388437,0.5087518806531068,-0.0,1.4562814842790397,0.17379723336506966,0.2364133203787338,,0.03,1.0,0.40553307875629957,0.01562510437177258,0.047124968055157014,0.9276909578918588,True,0.7999999999999999,0.19999999999999998
baseline,stationary,11,Kalman OU,1.7314356415484888,0.7228715378712486,0.25928422975514376,0.17888922961723908,1.0085641036772404,-0.08039500013790468,,,,,,0.0379243634378251,0.03,,,,,,True,0.7999999999999999,0.19999999999999998
baseline,stationary,11,Latent Neural SDE (VI),1.7897756099700928,0.934948205947876,0.21595699449685,0.19754598371258136,0.8548274040222168,-0.018411010784268628,,,,,,0.018430304591072873,0.03,,,,,,True,0.7999999999999999,0.19999999999999998
baseline,stationary,11,Moment OU,1.6828176705706097,0.8289171911322696,0.2480786248627933,0.19881796517791597,0.8539004794383401,-0.049260659684877334,,,,,,,0.03,,,,,,True,0.7999999999999999,0.19999999999999998
baseline,stationary,11,Neural SDE (Euler),1.7041875123977661,1.0028226375579834,0.2236528448866452,0.2050654165831809,0.7013648748397827,-0.0185874283034643,,,,,,,0.03,,,,,,True,0.7999999999999999,0.19999999999999998
baseline,stationary,11,SINDy-STLSQ,1.5715725117888626,1.0241556267396061,0.21934963723741174,0.1985611110014205,0.5474168850492565,-0.020788526235991256,,,,,,,0.03,4.0,,,,,True,0.7999999999999999,0.19999999999999998
baseline,stationary,12,Bayesian SINDy (spike-slab),2.1114504441693733,0.2541475571177838,0.19039978837672766,0.2122043117420442,1.8573028870515895,0.021804523365316547,0.4109286930407127,-0.0,1.24402851139972,0.1845069144364279,0.24727454497075732,,0.03,1.0,0.26276078589913465,0.013934811171805806,0.04297388961673682,0.8198687828607811,True,0.7999999999999999,0.19999999999999998
baseline,stationary,12,Kalman OU,1.7482737789059533,0.9624825310695715,0.17967966023178486,0.22926978845474888,0.7857912478363818,0.04959012822296402,,,,,,0.0010000000000000002,0.03,,,,,,True,0.7999999999999999,0.19999999999999998
baseline,stationary,12,Latent Neural SDE (VI),3.2493014335632324,1.1131411790847778,0.19066448401519315,0.21705342204390776,2.1361602544784546,0.026388938028714615,,,,,,0.019531400525426616,0.03,,,,,,True,0.7999999999999999,0.19999999999999998
baseline,stationary,12,Moment OU,2.3316922933002093,0.870847862899231,0.22169462449013372,0.21533819591735592,1.4608444304009782,-0.006356428572777795,,,,,,,0.03,,,,,,True,0.7999999999999999,0.19999999999999998
baseline,stationary,12,Neural SDE (Euler),3.251523971557617,1.1058833599090576,0.1964431708302603,0.22236260405159192,2.1456406116485596,0.02591943322133161,,,,,,,0.03,,,,,,True,0.7999999999999999,0.19999999999999998
baseline,stationary,12,SINDy-STLSQ,2.3148186450144186,0.9453112509960402,0.19076042314777922,0.20895709807568974,1.3695073940183784,0.018196674927910522,,,,,,,0.03,3.0,,,,,True,0.7999999999999999,0.19999999999999998
baseline,stationary,13,Bayesian SINDy (spike-slab),2.3584499374396697,1.2991818924489331,0.20305664293277673,0.22172471342021197,1.0592680449907366,0.01866807048743524,0.576749272656117,-0.0,2.262282287488435,0.19154352179835102,0.26103577379811405,,0.03,2.0,0.8469410842185102,0.008627558022068441,0.08524495256635042,0.6210334738772918,True,0.7999999999999999,0.19999999999999998
baseline,stationary,13,Kalman OU,2.860344980608504,1.7532489427492997,0.27865658243446084,0.2634919409685243,1.1070960378592045,-0.015164641465936546,,,,,,0.0010000000000000002,0.03,,,,,,True,0.7999999999999999,0.19999999999999998
baseline,stationary,13,Latent Neural SDE (VI),2.4018259048461914,1.5470997095108032,0.20738091117591015,0.19833106024191466,0.8547261953353882,-0.00904985093399549,,,,,,0.017148121403379124,0.03,,,,,,True,0.7999999999999999,0.19999999999999998
baseline,stationary,13,Moment OU,2.914090245284531,1.5533037556775147,0.26930911238990923,0.24478444424054704,1.3607864896070165,-0.02452466814936219,,,,,,,0.03,,,,,,True,0.7999999999999999,0.19999999999999998
baseline,stationary,13,Neural SDE (Euler),2.325314998626709,1.4931771755218506,0.21031537379765994,0.20729339606734995,0.8321378231048584,-0.003021977730309988,,,,,,,0.03,,,,,,True,0.7999999999999999,0.19999999999999998
baseline,stationary,13,SINDy-STLSQ,2.326266376799169,1.1590996069455892,0.2050519571027682,0.22299786721723028,1.16716676985358,0.017945910114462088,,,,,,,0.03,3.0,,,,,True,0.7999999999999999,0.19999999999999998
baseline,stationary,14,Bayesian SINDy (spike-slab),1.5315114953507338,0.5264158539824064,0.2091020765105445,0.21403511296040192,1.0050956413683274,0.004933036449857431,0.5363374447999187,-0.0,1.5149789909742015,0.1813216196067875,0.25144081005763735,,0.03,2.0,0.5273031969904043,0.013214563348268652,0.02755526816201531,0.8760825277544,True,0.7999999999999999,0.19999999999999998
baseline,stationary,14,Kalman OU,1.9877814707059025,0.5391837694330984,0.25308229006760297,0.16286557052394926,1.4485977012728042,-0.0902167195436537,,,,,,0.04896696483626878,0.03,,,,,,True,0.7999999999999999,0.19999999999999998
baseline,stationary,14,Latent Neural SDE (VI),1.3390648365020752,0.9540568590164185,0.2033277102946834,0.203903581006411,0.38500797748565674,0.0005758707117275996,,,,,,0.01933219992648781,0.03,,,,,,True,0.7999999999999999,0.19999999999999998
baseline,stationary,14,Moment OU,1.7577303380529437,0.9031846973347731,0.23464695809067138,0.21821430689349638,0.8545456407181705,-0.01643265119717499,,,,,,,0.03,,,,,,True,0.7999999999999999,0.19999999999999998
baseline,stationary,14,Neural SDE (Euler),1.3915982246398926,1.017531394958496,0.20692002040884078,0.21849519436485293,0.3740668296813965,0.011575173956012152,,,,,,,0.03,,,,,,True,0.7999999999999999,0.19999999999999998
baseline,stationary,14,SINDy-STLSQ,1.2256173611775723,0.8470156286620742,0.20962126604667825,0.21065700776543542,0.378601732515498,0.0010357417187571716,,,,,,,0.03,4.0,,,,,True,0.7999999999999999,0.19999999999999998
baseline,stationary,15,Bayesian SINDy (spike-slab),0.6582280167386761,0.4948501786345657,0.18670933208973992,0.20349644202132533,0.16337783810411044,0.016787109931585414,0.5174893107047209,-0.0,1.488148532831903,0.1735290609443667,0.2413694049766532,,0.03,1.0,0.40384114671972526,0.02115025099583159,0.14944716555065943,1.1337036890945107,True,0.7999999999999999,0.19999999999999998
baseline,stationary,15,Kalman OU,0.8182775175728877,1.0371622998904153,0.17600359515628036,0.22322781847012024,-0.21888478231752762,0.04722422331383988,,,,,,0.0010000000000000002,0.03,,,,,,True,0.7999999999999999,0.19999999999999998
baseline,stationary,15,Latent Neural SDE (VI),0.8798214793205261,0.723786473274231,0.19115691591387438,0.17730088553530238,0.15603500604629517,-0.013856030378571998,,,,,,0.01845256104350023,0.03,,,,,,True,0.7999999999999999,0.19999999999999998
baseline,stationary,15,Moment OU,0.9539852975993786,0.8484992343331165,0.19009016388763467,0.2021090354754173,0.10548606326626209,0.012018871587782642,,,,,,,0.03,,,,,,True,0.7999999999999999,0.19999999999999998
baseline,stationary,15,Neural SDE (Euler),0.8861093521118164,0.8419108986854553,0.1962247806262401,0.18340919169990866,0.044198453426361084,-0.012815588926331445,,,,,,,0.03,,,,,,True,0.7999999999999999,0.19999999999999998
baseline,stationary,15,SINDy-STLSQ,0.7769959394583305,1.0000807648878793,0.18375082634438278,0.19861778804212038,-0.22308482542954888,0.014866961697737602,,,,,,,0.03,4.0,,,,,True,0.7999999999999999,0.19999999999999998
baseline,stationary,16,Bayesian SINDy (spike-slab),1.540293995298075,0.9375290415613609,0.18893209162240324,0.19553040209647435,0.6027649537367141,0.006598310474071112,0.5838017883460735,-0.0,1.86011086117061,0.1671843051452274,0.23126346810111498,,0.03,2.0,0.6588677649727234,0.01487221483811915,0.16165900893422339,0.9937734920866508,True,0.7999999999999999,0.19999999999999998
baseline,stationary,16,Kalman OU,1.9421755991168852,0.8024894811832359,0.22820638182947767,0.1554115377030419,1.1396861179336493,-0.07279484412643578,,,,,,0.046819044900310594,0.03,,,,,,True,0.7999999999999999,0.19999999999999998
baseline,stationary,16,Latent Neural SDE (VI),3.5138068199157715,0.8671443462371826,0.18795514694056212,0.19087525147618437,2.646662473678589,0.0029201045356222477,,,,,,0.01586978377993616,0.03,,,,,,True,0.7999999999999999,0.19999999999999998
baseline,stationary,16,Moment OU,1.6237735255772412,1.1944584306865729,0.20365935733782686,0.2019971461947857,0.4293150948906683,-0.001662211143041159,,,,,,,0.03,,,,,,True,0.7999999999999999,0.19999999999999998
baseline,stationary,16,Neural SDE (Euler),3.5202298164367676,0.9227360486984253,0.19001946030322744,0.1975401544514491,2.5974937677383423,0.007520694148221652,,,,,,,0.03,,,,,,True,0.7999999999999999,0.19999999999999998
baseline,stationary,16,SINDy-STLSQ,2.6098206049114454,0.9907414379292266,0.18754162034025604,0.19323901877267707,1.6190791669822189,0.005697398432421036,,,,,,,0.03,4.0,,,,,True,0.7999999999999999,0.19999999999999998
baseline,stationary,17,Bayesian SINDy (spike-slab),0.15310468745851336,1.635241073584342,0.21150614810161422,0.21007162935879062,-1.4821363861258285,-0.001434518742823604,0.5756718712703655,-0.0,2.597224691862114,0.18015104310050903,0.2466024859076362,,0.03,2.0,0.9504617419586092,0.03813689894488877,0.02025971778372137,0.4345290417952331,True,0.7999999999999999,0.19999999999999998
baseline,stationary,17,Kalman OU,0.7683080750230623,0.9485400006936042,0.22509185504931684,0.1520881651367571,-0.18023192567054191,-0.07300368991255973,,,,,,0.056326470823882015,0.03,,,,,,True,0.7999999999999999,0.19999999999999998
baseline,stationary,17,Latent Neural SDE (VI),0.922585129737854,2.737887382507324,0.23896621281007854,0.20977763569306793,-1.8153022527694702,-0.029188577117010617,,,,,,0.01470883766748026,0.03,,,,,,True,0.7999999999999999,0.19999999999999998
baseline,stationary,17,Moment OU,0.6320552918763167,1.9001961760349386,0.20653051192069438,0.2367115931445935,-1.268140884158622,0.03018108122389912,,,,,,,0.03,,,,,,True,0.7999999999999999,0.19999999999999998
baseline,stationary,17,Neural SDE (Euler),0.8269032835960388,2.672853946685791,0.2469827951972722,0.21473580968116981,-1.8459506630897522,-0.03224698551610239,,,,,,,0.03,,,,,,True,0.7999999999999999,0.19999999999999998
baseline,stationary,17,SINDy-STLSQ,0.6676607308906607,2.129796391076939,0.209956671516211,0.2085209380975871,-1.4621356601862785,-0.001435733418623908,,,,,,,0.03,3.0,,,,,True,0.7999999999999999,0.19999999999999998
baseline,stationary,18,Bayesian SINDy (spike-slab),0.7358797876331341,1.2854768479716299,0.20976504154955505,0.17483677639011738,-0.5495970603384958,-0.03492826515943767,0.6737089451593267,0.16200559993587083,2.6895896485616984,0.15028794244394417,0.2072034125944542,,0.03,2.0,0.14725227692986553,0.015886927577825262,0.8686306260986582,0.6059749984550151,True,0.7999999999999999,0.19999999999999998
baseline,stationary,18,Kalman OU,0.6744018167152164,2.0551564069250396,0.16035438438713603,0.2198739082844135,-1.3807545902098233,0.059519523897277465,,,,,,0.0010000000000000002,0.03,,,,,,True,0.7999999999999999,0.19999999999999998
baseline,stationary,18,Latent Neural SDE (VI),2.225804567337036,1.2609546184539795,0.20988292210885337,0.18209127799368416,0.9648499488830566,-0.027791644115169212,,,,,,0.012913218088079574,0.03,,,,,,True,0.7999999999999999,0.19999999999999998
baseline,stationary,18,Moment OU,1.0635018779620633,1.7741441399449955,0.21307111476601814,0.1968285331978108,-0.7106422619829322,-0.016242581568207348,,,,,,,0.03,,,,,,True,0.7999999999999999,0.19999999999999998
baseline,stationary,18,Neural SDE (Euler),2.3009235858917236,1.2689249515533447,0.2165565555072979,0.18648306190657285,1.031998634338379,-0.03007349360072506,,,,,,,0.03,,,,,,True,0.7999999999999999,0.19999999999999998
baseline,stationary,18,SINDy-STLSQ,1.7878654546595114,0.9047423050487573,0.20544058735863469,0.1758195269716645,0.8831231496107541,-0.029621060386970183,,,,,,,0.03,3.0,,,,,True,0.7999999999999999,0.19999999999999998
baseline,stationary,19,Bayesian SINDy (spike-slab),0.6790138672496369,0.5586701718048684,0.21792639610849052,0.19822243808619294,0.12034369544476842,-0.019703958022297574,0.5370599092741857,-0.0,1.5007563129050896,0.16805232128228495,0.2327043616727321,,0.03,2.0,0.5612603091256155,0.011131716791006066,0.009310677266096547,0.7970406677915772,True,0.7999999999999999,0.19999999999999998
baseline,stationary,19,Kalman OU,1.0480992869244883,0.9400485110923237,0.2223198357209687,0.21820198651526868,0.1080507758321646,-0.004117849205700019,,,,,,0.0010000000000000002,0.03,,,,,,True,0.7999999999999999,0.19999999999999998
baseline,stationary,19,Latent Neural SDE (VI),0.8528381586074829,0.9116071462631226,0.21400398147750202,0.15948832248207462,-0.05876898765563965,-0.0545156589954274,,,,,,0.01838617344676609,0.03,,,,,,True,0.7999999999999999,0.19999999999999998
baseline,stationary,19,Moment OU,0.9836891556565864,0.9092485353133555,0.22080184348110754,0.20804016582416654,0.07444062034323096,-0.012761677656941,,,,,,,0.03,,,,,,True,0.7999999999999999,0.19999999999999998
baseline,stationary,19,Neural SDE (Euler),0.9363340139389038,0.9016503095626831,0.21646204289863327,0.15397992569653296,0.0346837043762207,-0.06248211720210031,,,,,,,0.03,,,,,,True,0.7999999999999999,0.19999999999999998
baseline,stationary,19,SINDy-STLSQ,0.740823078285707,1.1000072444603826,0.21458704625865727,0.19575311747785312,-0.3591841661746755,-0.018833928780804143,,,,,,,0.03,3.0,,,,,True,0.7999999999999999,0.19999999999999998
baseline,stationary,20,Bayesian SINDy (spike-slab),0.35552959531840017,1.031493604281713,0.20684517179543313,0.1929145180937887,-0.675964008963313,-0.013930653701644424,0.7168566001196548,-0.0,2.5122808546299864,0.164986875861346,0.22391195380645224,,0.03,2.0,0.735089619394613,0.06895628104412976,0.029012888198952543,0.9407067493941466,True,0.7999999999999999,0.19999999999999998
baseline,stationary,20,Kalman OU,0.995405204752951,0.9900303729223545,0.2183470151917277,0.1723544737396902,0.005374831830596505,-0.04599254145203749,,,,,,0.03863022112963415,0.03,,,,,,True,0.7999999999999999,0.19999999999999998
baseline,stationary,20,Latent Neural SDE (VI),0.8661117553710938,1.9749960899353027,0.22313447432747455,0.21359457184277925,-1.108884334564209,-0.0095399024846953,,,,,,0.015165587993771388,0.03,,,,,,True,0.7999999999999999,0.19999999999999998
baseline,stationary,20,Moment OU,0.9621391638735189,1.207458820136974,0.21186463839964445,0.19688402895596632,-0.2453196562634551,-0.014980609443678128,,,,,,,0.03,,,,,,True,0.7999999999999999,0.19999999999999998
baseline,stationary,20,Neural SDE (Euler),0.9132125377655029,1.9254040718078613,0.23812419170665847,0.2200101787373452,-1.0121915340423584,-0.018114012969313253,,,,,,,0.03,,,,,,True,0.7999999999999999,0.19999999999999998
baseline,stationary,20,SINDy-STLSQ,1.367761831051569,2.001851738892703,0.20151775545158232,0.18788155830016454,-0.634089907841134,-0.013636197151417784,,,,,,,0.03,3.0,,,,,True,0.7999999999999999,0.19999999999999998
baseline,stationary,21,Bayesian SINDy (spike-slab),0.5287300897357866,0.3653793950770596,0.1992740665504829,0.2108303597696711,0.16335069465872704,0.01155629321918819,0.4952527764953461,-0.0,1.4262289818106715,0.1798298234346783,0.24755972740691273,,0.03,1.0,0.40114821531050715,0.010828983540590064,0.015308420575083045,0.8121499018680811,True,0.7999999999999999,0.19999999999999998
baseline,stationary,21,Kalman OU,1.180844364618263,0.7244751369864032,0.21989317290696292,0.18646228848551813,0.4563692276318597,-0.03343088442144479,,,,,,0.037771065158914464,0.03,,,,,,True,0.7999999999999999,0.19999999999999998
baseline,stationary,21,Latent Neural SDE (VI),0.9585521817207336,1.4589855670928955,0.1953070624935344,0.20579065304570118,-0.5004333853721619,0.010483590552166772,,,,,,0.018839088116039147,0.03,,,,,,True,0.7999999999999999,0.19999999999999998
baseline,stationary,21,Moment OU,1.0042854195224296,0.8220891189653031,0.2002399078426889,0.20607487904190896,0.18219630055712643,0.0058349711992200515,,,,,,,0.03,,,,,,True,0.7999999999999999,0.19999999999999998
baseline,stationary,21,Neural SDE (Euler),0.9291521906852722,1.4003009796142578,0.2002128267830173,0.21122304923247665,-0.4711487889289856,0.011010222449459345,,,,,,,0.03,,,,,,True,0.7999999999999999,0.19999999999999998
baseline,stationary,21,SINDy-STLSQ,0.6363542318073933,1.4205991664531354,0.19671101788761924,0.20587050673719645,-0.7842449346457422,0.009159488849577208,,,,,,,0.03,3.0,,,,,True,0.7999999999999999,0.19999999999999998
baseline,stationary,22,Bayesian SINDy (spike-slab),1.8177622519821717,0.5247963354407778,0.20209175321072265,0.2374543523127707,1.292965916541394,0.03536259910204806,0.5630611563712705,-0.0,1.664645596580467,0.20379020242733806,0.2788006324207287,,0.03,1.0,0.2969083123422337,0.0172423614807758,0.22043771957075867,1.156237157890962,True,0.7999999999999999,0.19999999999999998
baseline,stationary,22,Kalman OU,1.2957179968931334,1.0173719685698626,0.23463183337034235,0.24112866369745867,0.2783460283232708,0.006496830327116315,,,,,,0.03217393519452985,0.03,,,,,,True,0.7999999999999999,0.19999999999999998
baseline,stationary,22,Latent Neural SDE (VI),1.895082950592041,0.7265311479568481,0.1924670321625777,0.20887887984532416,1.1685518026351929,0.01641184768274645,,,,,,0.019459721274123973,0.03,,,,,,True,0.7999999999999999,0.19999999999999998
baseline,stationary,22,Moment OU,1.0795030019419447,1.3185485063654052,0.21321353510125285,0.26694068428681317,-0.2390455044234605,0.05372714918556032,,,,,,,0.03,,,,,,True,0.7999999999999999,0.19999999999999998
baseline,stationary,22,Neural SDE (Euler),1.8904471397399902,0.7832579016685486,0.20100491408526855,0.21230601503118068,1.1071892380714417,0.011301100945912135,,,,,,,0.03,,,,,,True,0.7999999999999999,0.19999999999999998
baseline,stationary,22,SINDy-STLSQ,2.931778999787906,0.3808985707982182,0.19471977222976844,0.235503287202059,2.5508804289896876,0.04078351497229055,,,,,,,0.03,4.0,,,,,True,0.7999999999999999,0.19999999999999998
baseline,stationary,23,Bayesian SINDy (spike-slab),0.8335897381342988,0.5743264920725956,0.2170373273044401,0.18970995225580053,0.25926324606170326,-0.02732737504863955,0.5844096084222812,-0.0,1.8109432647775272,0.160970540959015,0.22107969729534824,,0.03,1.0,0.29359633772155114,0.013272528917418175,0.3066443374671992,1.196527517200074,True,0.7999999999999999,0.19999999999999998
baseline,stationary,23,Kalman OU,0.980311983862491,0.8582360019166576,0.23164361450988535,0.2077649546213084,0.12207598194583336,-0.02387865988857696,,,,,,0.0010000000000000002,0.03,,,,,,True,0.7999999999999999,0.19999999999999998
baseline,stationary,23,Latent Neural SDE (VI),0.7626692652702332,0.7299529910087585,0.19283078668595086,0.2060724334087773,0.03271627426147461,0.013241646722826433,,,,,,0.017512796982095947,0.03,,,,,,True,0.7999999999999999,0.19999999999999998
baseline,stationary,23,Moment OU,1.024472693648724,0.9286814241170156,0.24181222492795937,0.203904497400213,0.09579126953170847,-0.03790772752774638,,,,,,,0.03,,,,,,True,0.7999999999999999,0.19999999999999998
baseline,stationary,23,Neural SDE (Euler),0.8263123035430908,0.8049315810203552,0.19784493762258515,0.19900775071244003,0.021380722522735596,0.001162813089854886,,,,,,,0.03,,,,,,True,0.7999999999999999,0.19999999999999998
baseline,stationary,23,SINDy-STLSQ,0.20124816130639506,0.714692464829491,0.21912343051956198,0.18651263691473488,-0.513444303523096,-0.032610793604827104,,,,,,,0.03,3.0,,,,,True,0.7999999999999999,0.19999999999999998
baseline,stationary,24,Bayesian SINDy (spike-slab),0.20661999660906374,0.9352548930022223,0.2172870447840053,0.20395675474705008,-0.7286348963931586,-0.013330290036955211,0.627083492430154,-0.0,1.9563178958644694,0.1744746305902915,0.24018701912156848,,0.03,2.0,0.759873757749565,0.009965858933387157,0.016929790595592936,0.6836537801729087,True,0.7999999999999999,0.19999999999999998
baseline,stationary,24,Kalman OU,0.4589860252648322,1.1218091753516342,0.16231183738223462,0.19435899613578667,-0.662823150086802,0.032047158753552046,,,,,,0.03667198077521276,0.03,,,,,,True,0.7999999999999999,0.19999999999999998
baseline,stationary,24,Latent Neural SDE (VI),0.8186874389648438,1.2934976816177368,0.19061041782093885,0.19600893375139752,-0.47481024265289307,0.005398515930458675,,,,,,0.015697789793225444,0.03,,,,,,True,0.7999999999999999,0.19999999999999998
baseline,stationary,24,Moment OU,1.1288633584439212,1.2083217246188753,0.23642037179678396,0.2094116730793386,-0.07945836617495416,-0.02700869871744535,,,,,,,0.03,,,,,,True,0.7999999999999999,0.19999999999999998
baseline,stationary,24,Neural SDE (Euler),0.875781774520874,1.3250986337661743,0.19953072501467048,0.198736493476328,-0.4493168592453003,-0.000794231538342488,,,,,,,0.03,,,,,,True,0.7999999999999999,0.19999999999999998
baseline,stationary,24,SINDy-STLSQ,1.19894649902191,1.2483614411424644,0.20878112470225005,0.20426023919228306,-0.049414942120554306,-0.004520885509966988,,,,,,,0.03,2.0,,,,,True,0.7999999999999999,0.19999999999999998
baseline,stationary,25,Bayesian SINDy (spike-slab),0.564818459210627,0.8416873919481672,0.18571387426055758,0.20530118541004946,-0.2768689327375402,0.019587311149491887,0.549708312090748,-0.0,1.929132243512293,0.17634758033496983,0.24240100188224392,,0.03,2.0,0.22342083013073935,0.014322608748946954,0.687814529263349,0.9833394434872168,True,0.7999999999999999,0.19999999999999998
baseline,stationary,25,Kalman OU,1.056688561117571,1.0189482593560273,0.2056074415849147,0.2199908171456748,0.03774030176154364,0.014383375560760109,,,,,,0.025074345170770018,0.03,,,,,,True,0.7999999999999999,0.19999999999999998
baseline,stationary,25,Latent Neural SDE (VI),1.4655804634094238,0.97162264585495,0.1648620994590867,0.20469836112824735,0.4939578175544739,0.039836261669160655,,,,,,0.01863471396698557,0.03,,,,,,True,0.7999999999999999,0.19999999999999998
baseline,stationary,25,Moment OU,0.8755405895954235,1.0322136743230592,0.1847726214369944,0.22101384649528355,-0.15667308472763575,0.03624122505828914,,,,,,,0.03,,,,,,True,0.7999999999999999,0.19999999999999998
baseline,stationary,25,Neural SDE (Euler),1.428410530090332,1.0021007061004639,0.1671383940260132,0.21079841903734442,0.42630982398986816,0.04366002501133123,,,,,,,0.03,,,,,,True,0.7999999999999999,0.19999999999999998
baseline,stationary,25,SINDy-STLSQ,0.9869480734191237,0.155533144080079,0.18482839930496406,0.20555766604034847,0.8314149293390447,0.020729266735384416,,,,,,,0.03,3.0,,,,,True,0.7999999999999999,0.19999999999999998
baseline,stationary,26,Bayesian SINDy (spike-slab),0.25991960748554205,1.0262545019828937,0.22112056628735122,0.1863884682131917,-0.7663348944973516,-0.03473209807415953,0.6144398424960549,-0.0,2.0876361140008406,0.15935869523294577,0.2203956275335209,,0.03,2.0,0.5502253654633503,0.01990038072498577,0.3423732660862648,1.0979086408677792,True,0.7999999999999999,0.19999999999999998
baseline,stationary,26,Kalman OU,0.9404201844829978,1.1286321297347668,0.23821171332393995,0.17752547852413744,-0.188211945251769,-0.06068623479980251,,,,,,0.03495393295560076,0.03,,,,,,True,0.7999999999999999,0.19999999999999998
baseline,stationary,26,Latent Neural SDE (VI),1.3569657802581787,1.1907339096069336,0.1994815791804646,0.17655244331948255,0.16623187065124512,-0.022929135860982053,,,,,,0.014628303049960654,0.03,,,,,,True,0.7999999999999999,0.19999999999999998
baseline,stationary,26,Moment OU,0.7486579872904352,1.253563176506188,0.21610630519452315,0.1918277754077996,-0.5049051892157529,-0.02427852978672354,,,,,,,0.03,,,,,,True,0.7999999999999999,0.19999999999999998
baseline,stationary,26,Neural SDE (Euler),1.4301284551620483,1.2380194664001465,0.2013159665826192,0.18237122508885795,0.19210898876190186,-0.01894474149376124,,,,,,,0.03,,,,,,True,0.7999999999999999,0.19999999999999998
baseline,stationary,26,SINDy-STLSQ,0.9607336495060329,1.3378598157215151,0.21780355376229057,0.18392410917666258,-0.37712616621548223,-0.033879444585628,,,,,,,0.03,4.0,,,,,True,0.7999999999999999,0.19999999999999998
baseline,stationary,27,Bayesian SINDy (spike-slab),1.2100789680911848,0.935129096832284,0.18942422459102995,0.23054571312285294,0.2749498712589008,0.041121488531822986,0.8860841648635123,-0.0,2.852140830964587,0.19801444020760658,0.2702512468352403,,0.03,2.0,0.5531294063739808,0.21165725024578633,0.03574149605246241,1.3268881736528404,True,0.7999999999999999,0.19999999999999998
baseline,stationary,27,Kalman OU,1.4216409717271747,0.6060833949887078,0.20505054929254177,0.1645317937949643,0.815557576738467,-0.04051875549757747,,,,,,0.0577592205469818,0.03,,,,,,True,0.7999999999999999,0.19999999999999998
baseline,stationary,27,Latent Neural SDE (VI),1.5077753067016602,1.6636701822280884,0.21570166897930776,0.21027229225807906,-0.15589487552642822,-0.005429376721228701,,,,,,0.016949265938348022,0.03,,,,,,True,0.7999999999999999,0.19999999999999998
baseline,stationary,27,Moment OU,1.3230425982140142,1.736978041047072,0.19806494273074177,0.26902535005321526,-0.41393544283305794,0.0709604073224735,,,,,,,0.03,,,,,,True,0.7999999999999999,0.19999999999999998
baseline,stationary,27,Neural SDE (Euler),1.5328948497772217,1.725609302520752,0.22105626555599014,0.21542732402179743,-0.19271445274353027,-0.005628941534192716,,,,,,,0.03,,,,,,True,0.7999999999999999,0.19999999999999998
baseline,stationary,27,SINDy-STLSQ,1.358407114187228,2.1679772315214834,0.18882906832722363,0.22063381367737184,-0.8095701173342553,0.03180474535014821,,,,,,,0.03,4.0,,,,,True,0.7999999999999999,0.19999999999999998
baseline,stationary,28,Bayesian SINDy (spike-slab),1.0057531282544077,0.6763717917539364,0.2161471282812795,0.2275330445384526,0.3293813365004713,0.011385916257173112,0.5554604259044846,-0.0,1.627129697445217,0.19273008746905504,0.26959834660621623,,0.03,2.0,0.5397203295142564,0.01658416933314548,0.1390991663216046,1.0863913685135773,True,0.7999999999999999,0.19999999999999998
baseline,stationary,28,Kalman OU,0.8293477963114451,1.066850634216081,0.2003433268581786,0.2432659365558547,-0.237502837904636,0.04292260969767611,,,,,,0.019640525050895356,0.03,,,,,,True,0.7999999999999999,0.19999999999999998
baseline,stationary,28,Latent Neural SDE (VI),1.7320486307144165,0.974490761756897,0.22267071492042392,0.2523842668722436,0.7575578689575195,0.029713551951819656,,,,,,0.019682013503100913,0.03,,,,,,True,0.7999999999999999,0.19999999999999998
baseline,stationary,28,Moment OU,1.1730261409184493,1.0250867561361763,0.23919658718408685,0.23831716965135918,0.14793938478227298,-0.000879417532727661,,,,,,,0.03,,,,,,True,0.7999999999999999,0.19999999999999998
baseline,stationary,28,Neural SDE (Euler),1.6137524843215942,0.9992600679397583,0.2286353262272051,0.26495256959398306,0.6144924163818359,0.03631724336677797,,,,,,,0.03,,,,,,True,0.7999999999999999,0.19999999999999998
baseline,stationary,28,SINDy-STLSQ,1.4849045008941262,0.8325570900590356,0.21615387807253061,0.22429014474403478,0.6523474108350906,0.008136266671504161,,,,,,,0.03,4.0,,,,,True,0.7999999999999999,0.19999999999999998
baseline,stationary,29,Bayesian SINDy (spike-slab),0.29781916177020656,0.987849634270352,0.19207657485787785,0.2225339518441,-0.6900304725001454,0.03045737698622214,0.6281916769470972,-0.0,2.008349393639822,0.18829635443031206,0.2609383505470465,,0.03,2.0,0.7310772476008066,0.012449344067839728,0.08947849055501261,0.8556946354040439,True,0.7999999999999999,0.19999999999999998
baseline,stationary,29,Kalman OU,0.5050345563017224,1.1337484318485227,0.1696102056255264,0.20820405467984718,-0.6287138755468002,0.038593849054320783,,,,,,0.04123923885807244,0.03,,,,,,True,0.7999999999999999,0.19999999999999998
baseline,stationary,29,Latent Neural SDE (VI),0.6749712228775024,1.1609294414520264,0.172232526665447,0.2283317103812121,-0.4859582185745239,0.05609918371576511,,,,,,0.017403191981582394,0.03,,,,,,True,0.7999999999999999,0.19999999999999998
baseline,stationary,29,Moment OU,0.5878133594755417,1.357921485781736,0.18834581792906874,0.23583569097731288,-0.7701081263061944,0.04748987304824415,,,,,,,0.03,,,,,,True,0.7999999999999999,0.19999999999999998
baseline,stationary,29,Neural SDE (Euler),0.4820757508277893,1.2520809173583984,0.18110627654749145,0.23399065298146646,-0.7700051665306091,0.052884376433975006,,,,,,,0.03,,,,,,True,0.7999999999999999,0.19999999999999998
baseline,stationary,29,SINDy-STLSQ,0.9617033151549254,1.3502265706201635,0.18630674554182078,0.22123330669094288,-0.38852325546523814,0.0349265611491221,,,,,,,0.03,3.0,,,,,True,0.7999999999999999,0.19999999999999998
baseline,stationary,30,Bayesian SINDy (spike-slab),0.36267176863855655,0.19422390785952903,0.18031444462434962,0.20519053965454576,0.16844786077902751,0.024876095030196138,0.3616695315296986,-0.0,1.1266600967432334,0.1762124545446435,0.23985635032751795,,0.03,1.0,0.2363344951201045,0.01251923088543637,0.009038734930227945,0.6638998745799571,True,0.7999999999999999,0.19999999999999998
baseline,stationary,30,Kalman OU,0.8915030128772563,0.8439878922007187,0.19180565116774084,0.21937914440746206,0.047515120676537625,0.02757349323972122,,,,,,0.0010000000000000002,0.03,,,,,,True,0.7999999999999999,0.19999999999999998
baseline,stationary,30,Latent Neural SDE (VI),0.8850213885307312,2.735650062561035,0.18939872537848498,0.20325403201352887,-1.850628674030304,0.01385530663504389,,,,,,0.020169270325592535,0.03,,,,,,True,0.7999999999999999,0.19999999999999998
baseline,stationary,30,Moment OU,0.7603443132614038,0.645348052933153,0.17532670308906392,0.19553648328480916,0.11499626032825083,0.020209780195745236,,,,,,,0.03,,,,,,True,0.7999999999999999,0.19999999999999998
baseline,stationary,30,Neural SDE (Euler),0.9019746780395508,3.235119581222534,0.19726689726978197,0.2087521502163819,-2.3331449031829834,0.011485252946599939,,,,,,,0.03,,,,,,True,0.7999999999999999,0.19999999999999998
baseline,stationary,30,SINDy-STLSQ,0.6889865154373613,1.1046190929987698,0.17770108923299596,0.20135539894505686,-0.4156325775614085,0.023654309712060895,,,,,,,0.03,3.0,,,,,True,0.7999999999999999,0.19999999999999998
baseline,stationary,31,Bayesian SINDy (spike-slab),0.9703837228916677,1.3481857435339395,0.20372955943498966,0.18021200301722715,-0.37780202064227175,-0.023517556417762514,0.5642985051789653,-0.0,2.216778836018005,0.15413440134522255,0.2157859351163643,,0.03,2.0,0.9056161688414116,0.013434924657455157,0.0077950443306096595,0.4245455807978318,True,0.7999999999999999,0.19999999999999998
baseline,stationary,31,Kalman OU,1.2919295068048333,1.7030357820373894,0.2173664647979546,0.21365261243381825,-0.41110627523255605,-0.0037138523641363497,,,,,,0.0010000000000000002,0.03,,,,,,True,0.7999999999999999,0.19999999999999998
baseline,stationary,31,Latent Neural SDE (VI),1.3474581241607666,2.18739914894104,0.21780303701013934,0.181340212454275,-0.8399410247802734,-0.03646282455586433,,,,,,0.014119400684968652,0.03,,,,,,True,0.7999999999999999,0.19999999999999998
baseline,stationary,31,Moment OU,1.204891270808839,1.3948741018699875,0.21110714654349852,0.18864125220371508,-0.18998283106114844,-0.022465894339783438,,,,,,,0.03,,,,,,True,0.7999999999999999,0.19999999999999998
baseline,stationary,31,Neural SDE (Euler),1.3769985437393188,2.1203675270080566,0.2274062658515507,0.18278815617483493,-0.7433689832687378,-0.044618109676715756,,,,,,,0.03,,,,,,True,0.7999999999999999,0.19999999999999998
baseline,stationary,31,SINDy-STLSQ,1.270426385892723,1.6073302077950276,0.2011814258482532,0.1805627213535433,-0.3369038219023046,-0.0206187044947099,,,,,,,0.03,4.0,,,,,True,0.7999999999999999,0.19999999999999998
baseline,stationary,32,Bayesian SINDy (spike-slab),0.07768894382741273,0.4600221805222688,0.22415685211300146,0.22683291905669328,-0.3823332366948561,0.002676066943691824,0.5988554762012706,-0.0,1.662722939541693,0.19311413197513677,0.26936089368521593,,0.03,1.0,0.4013721441489014,0.021075357599042003,0.0273441392712603,0.8934658551137028,True,0.7999999999999999,0.19999999999999998
baseline,stationary,32,Kalman OU,0.4411339610343414,1.0044373302776801,0.19353212557446872,0.21652603722270325,-0.5633033692433387,0.022993911648234527,,,,,,0.036924545616654716,0.03,,,,,,True,0.7999999999999999,0.19999999999999998
baseline,stationary,32,Latent Neural SDE (VI),0.5028087496757507,2.2591545581817627,0.2001112306133406,0.2114243600218397,-1.756345808506012,0.0113131294084991,,,,,,0.01804005888507608,0.03,,,,,,True,0.7999999999999999,0.19999999999999998
baseline,stationary,32,Moment OU,0.4931239836835267,1.4605704017036945,0.21718393111421816,0.25383070843749345,-0.9674464180201677,0.03664677732327529,,,,,,,0.03,,,,,,True,0.7999999999999999,0.19999999999999998
baseline,stationary,32,Neural SDE (Euler),0.5360330939292908,2.100144386291504,0.21363376602890893,0.21921897552331732,-1.5641112923622131,0.005585209494408383,,,,,,,0.03,,,,,,True,0.7999999999999999,0.19999999999999998
baseline,stationary,32,SINDy-STLSQ,0.25997774078391084,1.5164198513818659,0.22061915535148124,0.22081262970353913,-1.256442110597955,0.00019347435205788188,,,,,,,0.03,3.0,,,,,True,0.7999999999999999,0.19999999999999998
baseline,stationary,33,Bayesian SINDy (spike-slab),0.4317807695114496,0.5831392434315292,0.19506128285116664,0.22108673050476121,-0.15135847392007962,0.026025447653594574,0.47466711423100943,-0.0,1.6024718575198738,0.1879258671275061,0.26455531911637364,,0.03,2.0,0.11543428984451744,0.01460608453155537,0.6767019663664748,0.9890631981006845,True,0.7999999999999999,0.19999999999999998
baseline,stationary,33,Kalman OU,0.7767047405441024,0.6090811507690572,0.20882983113702192,0.2049968916416816,0.1676235897750452,-0.003832939495340304,,,,,,0.0411543651133306,0.03,,,,,,True,0.7999999999999999,0.19999999999999998
baseline,stationary,33,Latent Neural SDE (VI),1.6896967887878418,0.7975500822067261,0.17067929865639186,0.20702050393188653,0.8921467065811157,0.03634120527549467,,,,,,0.02294661107305125,0.03,,,,,,True,0.7999999999999999,0.19999999999999998
baseline,stationary,33,Moment OU,0.768671175708869,0.7682439587172016,0.20219849277388374,0.2355922267153746,0.0004272169916673674,0.033393733941490866,,,,,,,0.03,,,,,,True,0.7999999999999999,0.19999999999999998
baseline,stationary,33,Neural SDE (Euler),1.7247979640960693,0.8790708184242249,0.17778438762296467,0.21426864035221074,0.8457271456718445,0.036484252729246075,,,,,,,0.03,,,,,,True,0.7999999999999999,0.19999999999999998
baseline,stationary,33,SINDy-STLSQ,0.583654676437725,0.3271039164606495,0.19258814260863086,0.21902398578789678,0.25655075997707544,0.026435843179265922,,,,,,,0.03,4.0,,,,,True,0.7999999999999999,0.19999999999999998
baseline,stationary,34,Bayesian SINDy (spike-slab),1.379483186248236,0.8155380062114622,0.19715207629231826,0.17032073779319076,0.5639451800367737,-0.0268313384991275,0.5590358366142649,-0.0,1.7346020164007836,0.14487241187482544,0.19977867409767394,,0.03,2.0,0.5927436683548658,0.01282021644397554,0.17033777556798824,1.0611142099111601,True,0.7999999999999999,0.19999999999999998
baseline,stationary,34,Kalman OU,1.9658787677333707,1.0962505140082046,0.2381646637418464,0.19253204166687007,0.8696282537251661,-0.045632622074976315,,,,,,0.0010000000000000002,0.03,,,,,,True,0.7999999999999999,0.19999999999999998
baseline,stationary,34,Latent Neural SDE (VI),1.5093908309936523,2.2010114192962646,0.2204518119278331,0.16663055542435085,-0.6916205883026123,-0.05382125650348227,,,,,,0.014778927150575783,0.03,,,,,,True,0.7999999999999999,0.19999999999999998
baseline,stationary,34,Moment OU,1.6291045167824534,1.0497816495303978,0.21298474833194603,0.17885331944937652,0.5793228672520556,-0.03413142888256951,,,,,,,0.03,,,,,,True,0.7999999999999999,0.19999999999999998
baseline,stationary,34,Neural SDE (Euler),1.5609759092330933,2.2521445751190186,0.22511085311625248,0.17065280751999695,-0.6911686658859253,-0.05445804559625553,,,,,,,0.03,,,,,,True,0.7999999999999999,0.19999999999999998
baseline,stationary,34,SINDy-STLSQ,0.7320348409881552,0.7618553957610913,0.19733902257512284,0.16997511820469252,-0.029820554772936103,-0.02736390437043032,,,,,,,0.03,3.0,,,,,True,0.7999999999999999,0.19999999999999998
baseline,stationary,35,Bayesian SINDy (spike-slab),0.39510777133480496,1.9426375067596928,0.1873258554938525,0.2074303969377316,-1.5475297354248878,0.020104541443879104,0.4806553289868698,0.9341639714180725,2.7681316347227134,0.17812456912494432,0.24274415783657396,,0.03,2.0,0.9596234443852566,0.015045869243598119,0.04104278125266649,0.31430204922127114,True,0.7999999999999999,0.19999999999999998
baseline,stationary,35,Kalman OU,0.8898352621203903,2.1967284957245554,0.20420237054488025,0.23465525118713987,-1.306893233604165,0.030452880642259622,,,,,,0.03192964238421027,0.03,,,,,,True,0.7999999999999999,0.19999999999999998
baseline,stationary,35,Latent Neural SDE (VI),1.4963728189468384,2.099944591522217,0.1984396387722622,0.2311251335270307,-0.6035717725753784,0.03268549475476851,,,,,,0.014003416180830673,0.03,,,,,,True,0.7999999999999999,0.19999999999999998
baseline,stationary,35,Moment OU,0.7998752205124298,2.212448914231025,0.18916640928219183,0.23986288658085664,-1.412573693718595,0.050696477298664805,,,,,,,0.03,,,,,,True,0.7999999999999999,0.19999999999999998
baseline,stationary,35,Neural SDE (Euler),1.5151199102401733,2.0450353622436523,0.20824753223998888,0.23566755119170354,-0.529915452003479,0.02742001895171467,,,,,,,0.03,,,,,,True,0.7999999999999999,0.19999999999999998
baseline,stationary,35,SINDy-STLSQ,1.2325238995473822,1.7106266183309085,0.18453913122359383,0.20910594792510526,-0.4781027187835263,0.024566816701511424,,,,,,,0.03,4.0,,,,,True,0.7999999999999999,0.19999999999999998
combined,noise_growth,0,Bayesian SINDy (spike-slab),1.0934913215610766,2.302369109426954,0.17307048881552767,0.28958302644799583,-1.2088777878658772,0.11651253763246816,1.599686449081762,-0.0,5.733123514051824,0.1965670631769227,0.45562792025429727,,0.12,3.0,0.6646789662484951,0.03741421211487895,0.8737505941219234,1.095596489066316,True,0.8000000000000002,0.49307148468049516
combined,noise_growth,0,Kalman OU,1.249845268515876,0.8678546436361031,0.10950936790565735,0.549980813781598,0.381990624879773,0.44047144587594067,,,,,,0.0010000000000000002,0.12,,,,,,True,0.8000000000000002,0.49307148468049516
combined,noise_growth,0,Latent Neural SDE (VI),1.1106749773025513,0.9975720643997192,0.1586642310724328,0.3361743505257025,0.11310291290283203,0.1775101194532697,,,,,,0.04867255204912394,0.12,,,,,,True,0.8000000000000002,0.49307148468049516
combined,noise_growth,0,Moment OU,3.287635308550328,1.1607915700791918,0.3310142256908184,0.6146409996584457,2.126843738471136,0.28362677396762725,,,,,,,0.12,,,,,,True,0.8000000000000002,0.49307148468049516
combined,noise_growth,0,Neural SDE (Euler),1.436303973197937,2.130450487136841,0.2259713374887934,0.18603811919996754,-0.6941465139389038,-0.039933218288825845,,,,,,,0.12,,,,,,True,0.8000000000000002,0.49307148468049516
combined,noise_growth,0,SINDy-STLSQ,1.2104105628947948,2.472231717652098,0.18206886397649236,0.27056031620183807,-1.2618211547573033,0.08849145222534571,,,,,,,0.12,4.0,,,,,True,0.8000000000000002,0.49307148468049516
combined,noise_growth,1,Bayesian SINDy (spike-slab),0.05658504219845021,0.07189688379562066,0.18017016563086863,0.5282606684275531,-0.015311841597170452,0.3480905027966845,0.2227013024690704,-0.0,0.8175220267599226,0.37711586338476494,0.7421316670218556,,0.12,1.0,0.11363995899341353,0.02464003217595494,0.017104125158247573,0.5556300956315279,True,0.8000000000000002,0.49307148468049516
combined,noise_growth,1,Kalman OU,0.6158768021775062,0.5933803307339309,0.2155572062194454,0.5263241913471832,0.02249647144357525,0.3107669851277378,,,,,,0.16770723623754083,0.12,,,,,,True,0.8000000000000002,0.49307148468049516
combined,noise_growth,1,Latent Neural SDE (VI),0.7627825736999512,0.4690369963645935,0.19055985665254407,0.6680211062739116,0.29374557733535767,0.4774612496213676,,,,,,0.0646001990469626,0.12,,,,,,True,0.8000000000000002,0.49307148468049516
combined,noise_growth,1,Moment OU,0.0795819366730823,0.6251562349375313,0.06697282361657766,0.582967026180337,-0.5455742982644489,0.5159942025637594,,,,,,,0.12,,,,,,True,0.8000000000000002,0.49307148468049516
combined,noise_growth,1,Neural SDE (Euler),0.9291290044784546,0.49996429681777954,0.37919159733925156,0.9459028379987449,0.42916470766067505,0.5667112406594933,,,,,,,0.12,,,,,,True,0.8000000000000002,0.49307148468049516
combined,noise_growth,1,SINDy-STLSQ,0.8737414316782781,0.5354187784148211,0.17266129915248402,0.510120486429261,0.338322653263457,0.337459187276777,,,,,,,0.12,2.0,,,,,True,0.8000000000000002,0.49307148468049516
combined,noise_growth,2,Bayesian SINDy (spike-slab),0.2895661244010215,1.445776235117998,0.2517145645731471,0.3855869945196919,-1.1562101107169764,0.1338724299465448,0.9510708822573689,-0.0,3.682645722375608,0.2279163456981583,0.7116003381084894,,0.12,2.0,0.8275677247715975,0.02369693751292839,0.14975445219271338,0.9931523957864852,True,0.8000000000000002,0.49307148468049516
combined,noise_growth,2,Kalman OU,1.652491990317719,3.0000000000000004,0.38419189524907416,0.010000000000000005,-1.3475080096822813,-0.37419189524907415,,,,,,0.36831401861171176,0.12,,,,,,True,0.8000000000000002,0.49307148468049516
combined,noise_growth,2,Latent Neural SDE (VI),1.283976674079895,1.8804676532745361,0.21718930522230956,0.2761341345292326,-0.5964909791946411,0.05894482930692302,,,,,,0.044289092669685816,0.12,,,,,,True,0.8000000000000002,0.49307148468049516
combined,noise_growth,2,Moment OU,1.065076745819444,,0.27007159638994394,,,,,,,,,,0.12,,,,,,False,0.8000000000000002,0.49307148468049516
combined,noise_growth,2,Neural SDE (Euler),1.4484196901321411,3.23290753364563,0.29373352947386255,0.28741428179049894,-1.7844878435134888,-0.006319247683363616,,,,,,,0.12,,,,,,True,0.8000000000000002,0.49307148468049516
combined,noise_growth,2,SINDy-STLSQ,1.3585447310691974,3.112051342953163,0.235145694685245,0.3411785588130874,-1.7535066118839655,0.10603286412784241,,,,,,,0.12,3.0,,,,,True,0.8000000000000002,0.49307148468049516
combined,noise_growth,3,Bayesian SINDy (spike-slab),0.6656391675341523,0.25125250158570755,0.24483752173125473,0.4552066469922949,0.41438666594844475,0.21036912526104018,0.502604431424763,-0.0,1.6811082571603793,0.3085960341414028,0.6777558283872966,,0.12,1.0,0.18072151473243425,0.050833960385814045,0.0407602563736345,0.839459563882997,True,0.8000000000000002,0.49307148468049516
combined,noise_growth,3,Kalman OU,1.6774201948802439,2.255325257480965,0.401628281851767,0.803231292217829,-0.5779050626007212,0.40160301036606194,,,,,,0.0010000000000000002,0.12,,,,,,True,0.8000000000000002,0.49307148468049516
combined,noise_growth,3,Latent Neural SDE (VI),0.671434223651886,1.1307799816131592,0.27562707663955405,0.41755742564852927,-0.4593457579612732,0.14193034900897522,,,,,,0.045355739110492774,0.12,,,,,,True,0.8000000000000002,0.49307148468049516
combined,noise_growth,3,Moment OU,1.2417046889684291,2.3806722761110035,0.3015386186235958,0.8168405166434478,-1.1389675871425744,0.515301898019852,,,,,,,0.12,,,,,,True,0.8000000000000002,0.49307148468049516
combined,noise_growth,3,Neural SDE (Euler),1.1032153367996216,1.4664145708084106,0.27670589667732054,0.5982877234832698,-0.36319923400878906,0.3215818268059492,,,,,,,0.12,,,,,,True,0.8000000000000002,0.49307148468049516
combined,noise_growth,3,SINDy-STLSQ,1.3308270657545036,1.1745980146569917,0.22340079654745557,0.4416690782803831,0.15622905109751195,0.21826828173292753,,,,,,,0.12,4.0,,,,,True,0.8000000000000002,0.49307148468049516
combined,noise_growth,4,Bayesian SINDy (spike-slab),1.1311526656558237,,0.17514033416106678,,,,,,,,,,0.12,,,,,,False,0.8000000000000002,0.49307148468049516
combined,noise_growth,4,Kalman OU,3.0000000000000004,3.0000000000000004,0.4933209642172494,0.010000000000000005,0.0,-0.4833209642172494,,,,,,0.37310652472858713,0.12,,,,,,True,0.8000000000000002,0.49307148468049516
combined,noise_growth,4,Latent Neural SDE (VI),0.9039334654808044,0.6157848834991455,0.189763958366751,0.19468659668527444,0.28814858198165894,0.004922638318523437,,,,,,0.04674288344739449,0.12,,,,,,True,0.8000000000000002,0.49307148468049516
combined,noise_growth,4,Moment OU,3.034512703197573,,0.44545713209324367,,,,,,,,,,0.12,,,,,,False,0.8000000000000002,0.49307148468049516
combined,noise_growth,4,Neural SDE (Euler),1.5437113046646118,,0.28371670862684484,,,,,,,,,,0.12,,,,,,False,0.8000000000000002,0.49307148468049516
combined,noise_growth,4,SINDy-STLSQ,1.9304024454282844,,0.17578892251194592,,,,,,,,,,0.12,,,,,,False,0.8000000000000002,0.49307148468049516
combined,noise_growth,5,Bayesian SINDy (spike-slab),,0.0742844807662399,,0.3298409067812308,,,0.26464451311238363,-0.0,0.9062190871065895,0.22758148310823514,0.4944431737000832,,0.12,1.0,0.0604406060784401,0.0899487249223759,0.040454866222508844,0.6963693229826536,False,0.8000000000000002,0.49307148468049516
combined,noise_growth,5,Kalman OU,2.9999999834526982,0.6286261773262314,0.010000000000000005,0.4362030735580764,2.371373806126467,0.4262030735580764,,,,,,0.13305079453171847,0.12,,,,,,True,0.8000000000000002,0.49307148468049516
combined,noise_growth,5,Latent Neural SDE (VI),0.5152589082717896,0.30746567249298096,0.1316053986777021,0.4903360539341706,0.2077932357788086,0.3587306552564685,,,,,,0.04865151680052674,0.12,,,,,,True,0.8000000000000002,0.49307148468049516
combined,noise_growth,5,Moment OU,,0.6065439889872362,,0.46425615497836753,,,,,,,,,0.12,,,,,,False,0.8000000000000002,0.49307148468049516
combined,noise_growth,5,Neural SDE (Euler),,0.7539005279541016,,0.41740638854214485,,,,,,,,,0.12,,,,,,False,0.8000000000000002,0.49307148468049516
combined,noise_growth,5,SINDy-STLSQ,,1.4957412358590532,,0.3129853165931502,,,,,,,,,0.12,4.0,,,,,False,0.8000000000000002,0.49307148468049516
combined,noise_growth,6,Bayesian SINDy (spike-slab),1.1650102364802384,1.6672131900962444,0.2727788467833825,0.21445305410371354,-0.502202953616006,-0.05832579267966895,0.8096009092557748,-0.0,2.974512513974486,0.14268024669902193,0.35437256474348594,,0.12,2.0,0.12430782772498028,0.7885778006883288,0.11777940362465268,1.1166867007112025,True,0.8000000000000002,0.49307148468049516
combined,noise_growth,6,Kalman OU,0.6876094154311313,0.7671766448259929,0.10912895168884132,0.3408685814121777,-0.0795672293948616,0.23173962972333637,,,,,,0.11565891343227931,0.12,,,,,,True,0.8000000000000002,0.49307148468049516
combined,noise_growth,6,Latent Neural SDE (VI),1.7432612180709839,0.7461526393890381,0.3306953006568801,0.3539329915392097,0.9971085786819458,0.02323769088232963,,,,,,0.0347231476594006,0.12,,,,,,True,0.8000000000000002,0.49307148468049516
combined,noise_growth,6,Moment OU,,0.9164126249322773,,0.38679280361201435,,,,,,,,,0.12,,,,,,False,0.8000000000000002,0.49307148468049516
combined,noise_growth,6,Neural SDE (Euler),1.7812641859054565,3.7511610984802246,0.3500831368221839,0.15182271224643615,-1.969896912574768,-0.19826042457574775,,,,,,,0.12,,,,,,True,0.8000000000000002,0.49307148468049516
combined,noise_growth,6,SINDy-STLSQ,1.4532762764005267,1.6404440203898003,0.2683115951240457,0.20389997095501172,-0.1871677439892736,-0.06441162416903395,,,,,,,0.12,3.0,,,,,True,0.8000000000000002,0.49307148468049516
combined,noise_growth,7,Bayesian SINDy (spike-slab),0.4779353180162795,,0.12098232998793833,,,,,,,,,,0.12,,,,,,False,0.8000000000000002,0.49307148468049516
combined,noise_growth,7,Kalman OU,0.7195436890368992,0.8611328741147851,0.1889804687226454,0.4659258910907355,-0.14158918507788587,0.2769454223680901,,,,,,0.0010000000000000002,0.12,,,,,,True,0.8000000000000002,0.49307148468049516
combined,noise_growth,7,Latent Neural SDE (VI),0.515532374382019,0.5279654860496521,0.14272309054517676,0.30077521576527383,-0.012433111667633057,0.15805212522009707,,,,,,0.04107447118640644,0.12,,,,,,True,0.8000000000000002,0.49307148468049516
combined,noise_growth,7,Moment OU,,,,,,,,,,,,,0.12,,,,,,False,0.8000000000000002,0.49307148468049516
combined,noise_growth,7,Neural SDE (Euler),4.268653392791748,,0.03664762455623652,,,,,,,,,,0.12,,,,,,False,0.8000000000000002,0.49307148468049516
combined,noise_growth,7,SINDy-STLSQ,2.2839723527108666,,0.08940163370075528,,,,,,,,,,0.12,,,,,,False,0.8000000000000002,0.49307148468049516
combined,noise_growth,8,Bayesian SINDy (spike-slab),1.397968090036321,,0.11867676780203357,,,,,,,,,,0.12,,,,,,False,0.8000000000000002,0.49307148468049516
combined,noise_growth,8,Kalman OU,3.0000000000000004,3.0000000000000004,0.010000000000000005,0.010000000000000005,0.0,0.0,,,,,,0.1523157652681309,0.12,,,,,,True,0.8000000000000002,0.49307148468049516
combined,noise_growth,8,Latent Neural SDE (VI),1.1848615407943726,0.7160972356796265,0.16089809679225123,0.05401556490052339,0.4687643051147461,-0.10688253189172783,,,,,,0.019353742584503012,0.12,,,,,,True,0.8000000000000002,0.49307148468049516
combined,noise_growth,8,Moment OU,,,,,,,,,,,,,0.12,,,,,,False,0.8000000000000002,0.49307148468049516
combined,noise_growth,8,Neural SDE (Euler),1.3247079849243164,,0.055793547426070136,,,,,,,,,,0.12,,,,,,False,0.8000000000000002,0.49307148468049516
combined,noise_growth,8,SINDy-STLSQ,1.69389478639313,,0.11083614694114297,,,,,,,,,,0.12,,,,,,False,0.8000000000000002,0.49307148468049516
combined,noise_growth,9,Bayesian SINDy (spike-slab),,,,,,,,,,,,,0.12,,,,,,False,0.8000000000000002,0.49307148468049516
combined,noise_growth,9,Kalman OU,3.0000000000000004,3.0000000000000004,0.010000000000000005,0.010000000000000005,0.0,0.0,,,,,,0.2937756090723109,0.12,,,,,,True,0.8000000000000002,0.49307148468049516
combined,noise_growth,9,Latent Neural SDE (VI),1.4937140941619873,0.3237292766571045,0.05716850365751459,0.3301008364512485,1.1699848175048828,0.2729323327937339,,,,,,0.03807561306195035,0.12,,,,,,True,0.8000000000000002,0.49307148468049516
combined,noise_growth,9,Moment OU,,,,,,,,,,,,,0.12,,,,,,False,0.8000000000000002,0.49307148468049516
combined,noise_growth,9,Neural SDE (Euler),,,,,,,,,,,,,0.12,,,,,,False,0.8000000000000002,0.49307148468049516
combined,noise_growth,9,SINDy-STLSQ,,,,,,,,,,,,,0.12,,,,,,False,0.8000000000000002,0.49307148468049516
combined,noise_growth,10,Bayesian SINDy (spike-slab),,0.729381474760267,,0.32762862998432496,,,0.8086397330540476,-0.0,2.468987919805815,0.20575591199660248,0.5128856984196387,,0.12,1.0,0.18619199233793088,0.04162947680622294,0.48275567035317873,1.3036486408728247,False,0.8000000000000002,0.49307148468049516
combined,noise_growth,10,Kalman OU,0.8259940882509048,1.1850830830819479,0.24436390755462448,0.5215359271925667,-0.35908899483104306,0.27717201963794225,,,,,,0.07817749234682048,0.12,,,,,,True,0.8000000000000002,0.49307148468049516
combined,noise_growth,10,Latent Neural SDE (VI),0.4896470904350281,0.5193474292755127,0.15290840223646823,0.3460444535688659,-0.02970033884048462,0.19313605133239764,,,,,,0.03927238591288039,0.12,,,,,,True,0.8000000000000002,0.49307148468049516
combined,noise_growth,10,Moment OU,,3.583753160869936,,0.8725088456664506,,,,,,,,,0.12,,,,,,False,0.8000000000000002,0.49307148468049516
combined,noise_growth,10,Neural SDE (Euler),,0.9481323957443237,,0.311830505014503,,,,,,,,,0.12,,,,,,False,0.8000000000000002,0.49307148468049516
combined,noise_growth,10,SINDy-STLSQ,,0.5684134447309475,,0.316774282727382,,,,,,,,,0.12,3.0,,,,,False,0.8000000000000002,0.49307148468049516
combined,noise_growth,11,Bayesian SINDy (spike-slab),,1.17248143147537,,0.2153515130432712,,,0.5436449296817215,0.1669215330998004,2.199018745594702,0.14559235023549813,0.33688527351278874,,0.12,2.0,0.11712554126307684,0.1516122609145112,0.812322550253796,0.968022604643928,False,0.8000000000000002,0.49307148468049516
combined,noise_growth,11,Kalman OU,3.0000000000000004,0.9194594414813781,0.010000000000000005,0.29223852554414703,2.0805405585186225,0.282238525544147,,,,,,0.2621671471065091,0.12,,,,,,True,0.8000000000000002,0.49307148468049516
combined,noise_growth,11,Latent Neural SDE (VI),2.70573091506958,0.8522776961326599,0.07230136715147191,0.27647441535192263,1.8534532189369202,0.20417304820045074,,,,,,0.04116586673397685,0.12,,,,,,True,0.8000000000000002,0.49307148468049516
combined,noise_growth,11,Moment OU,,2.845984037682313,,0.7832750016279953,,,,,,,,,0.12,,,,,,False,0.8000000000000002,0.49307148468049516
combined,noise_growth,11,Neural SDE (Euler),,1.2048916816711426,,0.32421249527654306,,,,,,,,,0.12,,,,,,False,0.8000000000000002,0.49307148468049516
combined,noise_growth,11,SINDy-STLSQ,,1.1722312825359453,,0.22833175185346188,,,,,,,,,0.12,4.0,,,,,False,0.8000000000000002,0.49307148468049516
combined,noise_growth,12,Bayesian SINDy (spike-slab),,0.5140302468374631,,0.40955223504033256,,,0.7373680981189245,-0.0,2.325163917256594,0.2738837030156511,0.6018698035945347,,0.12,1.0,0.25130047298181274,0.10556707160832654,0.11812076829115747,1.2342775172198344,False,0.8000000000000002,0.49307148468049516
combined,noise_growth,12,Kalman OU,3.0000000000000004,0.9713796408013978,0.010000000000000005,0.5478316480259121,2.0286203591986025,0.5378316480259121,,,,,,0.0010000000000000002,0.12,,,,,,True,0.8000000000000002,0.49307148468049516
combined,noise_growth,12,Latent Neural SDE (VI),1.8240883350372314,0.8694383502006531,0.08645561861565418,0.5329949488112584,0.9546499848365784,0.4465393301956042,,,,,,0.04756357551122389,0.12,,,,,,True,0.8000000000000002,0.49307148468049516
combined,noise_growth,12,Moment OU,,0.8043566049308096,,0.49657623044801635,,,,,,,,,0.12,,,,,,False,0.8000000000000002,0.49307148468049516
combined,noise_growth,12,Neural SDE (Euler),,1.1706074476242065,,0.6386020448376951,,,,,,,,,0.12,,,,,,False,0.8000000000000002,0.49307148468049516
combined,noise_growth,12,SINDy-STLSQ,,1.26200518686728,,0.39454247920033475,,,,,,,,,0.12,4.0,,,,,False,0.8000000000000002,0.49307148468049516
combined,noise_growth,13,Bayesian SINDy (spike-slab),0.27570894784494293,0.026129711529841542,0.184421946354069,0.4988941591875618,0.2495792363151014,0.3144722128334928,0.16311547939736734,-0.0,0.46715739052827865,0.36072361221488547,0.7478478190741809,,0.12,1.0,0.02997632351396498,0.017783206819538523,0.01679741665338171,0.30915698036254374,True,0.8000000000000002,0.49307148468049516
combined,noise_growth,13,Kalman OU,1.2363170610100045,1.1478660101100082,0.2679317332183972,0.7854800524412556,0.08845105089999628,0.5175483192228585,,,,,,0.0010000000000000002,0.12,,,,,,True,0.8000000000000002,0.49307148468049516
combined,noise_growth,13,Latent Neural SDE (VI),0.5912783741950989,0.7051501274108887,0.1644554622450247,0.5892709053029205,-0.1138717532157898,0.42481544305789576,,,,,,0.06335912770941969,0.12,,,,,,True,0.8000000000000002,0.49307148468049516
combined,noise_growth,13,Moment OU,0.24049480239791438,0.9412337645951085,0.09267229694518717,0.7225059200403827,-0.7007389621971942,0.6298336230951955,,,,,,,0.12,,,,,,True,0.8000000000000002,0.49307148468049516
combined,noise_growth,13,Neural SDE (Euler),1.1404786109924316,0.22516684234142303,0.0776202379998019,0.6279100023499454,0.9153117686510086,0.5502897643501435,,,,,,,0.12,,,,,,True,0.8000000000000002,0.49307148468049516
combined,noise_growth,13,SINDy-STLSQ,1.3061396229059017,1.593537909882889,0.17254917055489835,0.5162265040398568,-0.2873982869769873,0.34367733348495844,,,,,,,0.12,4.0,,,,,True,0.8000000000000002,0.49307148468049516
combined,noise_growth,14,Bayesian SINDy (spike-slab),0.5449992199799547,,0.20586494012584694,,,,,,,,,,0.12,,,,,,False,0.8000000000000002,0.49307148468049516
combined,noise_growth,14,Kalman OU,0.5357379531352979,3.0000000000000004,0.16057217677392469,0.010000000000000005,-2.4642620468647025,-0.15057217677392468,,,,,,0.24474799371296863,0.12,,,,,,True,0.8000000000000002,0.49307148468049516
combined,noise_growth,14,Latent Neural SDE (VI),0.35115712881088257,0.9682785272598267,0.21989917984640156,0.24279049649204865,-0.6171213984489441,0.022891316645647086,,,,,,0.029723134298245867,0.12,,,,,,True,0.8000000000000002,0.49307148468049516
combined,noise_growth,14,Moment OU,0.4385257436809843,,0.16036327668750203,,,,,,,,,,0.12,,,,,,False,0.8000000000000002,0.49307148468049516
combined,noise_growth,14,Neural SDE (Euler),0.391723096370697,,0.2534638117543605,,,,,,,,,,0.12,,,,,,False,0.8000000000000002,0.49307148468049516
combined,noise_growth,14,SINDy-STLSQ,0.8041605836824075,,0.19932710876852525,,,,,,,,,,0.12,,,,,,False,0.8000000000000002,0.49307148468049516
combined,noise_growth,15,Bayesian SINDy (spike-slab),0.4136160538123042,0.24531370917750855,0.2093372064535734,0.30178997591526874,0.16830234463479565,0.09245276946169534,1.3952990330735822,-0.0,4.942364049899835,0.19709122123575326,0.4665051719690522,,0.12,1.0,0.03305346790216167,0.06830962768353405,0.060450928726456285,0.5187049875599891,True,0.8000000000000002,0.49307148468049516
combined,noise_growth,15,Kalman OU,1.1397411844042895,1.0367455698323744,0.3254097330168209,0.47234175786439603,0.10299561457191508,0.14693202484757512,,,,,,0.0010000000000000002,0.12,,,,,,True,0.8000000000000002,0.49307148468049516
combined,noise_growth,15,Latent Neural SDE (VI),0.2506069540977478,0.9073765873908997,0.13090596399489607,0.3430675785785454,-0.6567696332931519,0.21216161458364935,,,,,,0.03723520188664184,0.12,,,,,,True,0.8000000000000002,0.49307148468049516
combined,noise_growth,15,Moment OU,0.39775603810741,0.9442483356682446,0.17347977631716716,0.43742124943460514,-0.5464922975608346,0.263941473117438,,,,,,,0.12,,,,,,True,0.8000000000000002,0.49307148468049516
combined,noise_growth,15,Neural SDE (Euler),0.3236457109451294,0.8076859712600708,0.1325354446104587,0.19266279334165917,-0.4840402603149414,0.06012734873120046,,,,,,,0.12,,,,,,True,0.8000000000000002,0.49307148468049516
combined,noise_growth,15,SINDy-STLSQ,1.3575398335531268,7.523595359853456,0.17995129666661266,0.24794695277173323,-6.166055526300329,0.06799565610512057,,,,,,,0.12,4.0,,,,,True,0.8000000000000002,0.49307148468049516
combined,noise_growth,16,Bayesian SINDy (spike-slab),0.08959458005554513,1.0325127547538842,0.2444635211683786,0.33207031184697106,-0.942918174698339,0.08760679067859245,0.9371314790265086,-0.0,3.042367348791707,0.2078288408694091,0.5367865982058904,,0.12,2.0,0.10396606756486976,0.24823322573414325,0.5116590174332949,1.4616585548757801,True,0.8000000000000002,0.49307148468049516
combined,noise_growth,16,Kalman OU,0.8396626325180697,3.0000000000000004,0.3026025821975179,0.4262832516568589,-2.160337367481931,0.12368066945934098,,,,,,0.2630402231523777,0.12,,,,,,True,0.8000000000000002,0.49307148468049516
combined,noise_growth,16,Latent Neural SDE (VI),0.45536333322525024,0.9400289058685303,0.19459468978649733,0.29433072566654367,-0.48466557264328003,0.09973603588004634,,,,,,0.03750735194927233,0.12,,,,,,True,0.8000000000000002,0.49307148468049516
combined,noise_growth,16,Moment OU,0.22017642051699673,4.207853907900263,0.14608125702358563,0.8807026872783316,-3.987677487383266,0.7346214302547459,,,,,,,0.12,,,,,,True,0.8000000000000002,0.49307148468049516
combined,noise_growth,16,Neural SDE (Euler),0.42721760272979736,2.0283939838409424,0.2389350554302955,0.3736977779863798,-1.601176381111145,0.13476272255608432,,,,,,,0.12,,,,,,True,0.8000000000000002,0.49307148468049516
combined,noise_growth,16,SINDy-STLSQ,0.48144222140482107,4.396305133677561,0.2253390112243192,0.31383146702112724,-3.9148629122727403,0.08849245579680803,,,,,,,0.12,4.0,,,,,True,0.8000000000000002,0.49307148468049516
combined,noise_growth,17,Bayesian SINDy (spike-slab),0.66540515228305,1.1095378399438733,0.17515729105770725,0.3367752111255056,-0.44413268766082337,0.16161792006779838,1.3506539287510435,-0.0,4.3069566455444015,0.13502295532601621,0.6118439728442203,,0.12,1.0,0.3932785628359301,0.33339449914084796,0.4767532278538308,1.533971599262589,True,0.8000000000000002,0.49307148468049516
combined,noise_growth,17,Kalman OU,3.0000000000000004,0.7877621979558838,0.010000000000000005,0.4043987219699286,2.2122378020441165,0.3943987219699286,,,,,,0.18544100838062805,0.12,,,,,,True,0.8000000000000002,0.49307148468049516
combined,noise_growth,17,Latent Neural SDE (VI),2.242818593978882,1.5768934488296509,0.18241690380241776,0.2600333162668554,0.665925145149231,0.07761641246443762,,,,,,0.04417577662654022,0.12,,,,,,True,0.8000000000000002,0.49307148468049516
combined,noise_growth,17,Moment OU,,0.854496031673905,,0.4894361509921742,,,,,,,,,0.12,,,,,,False,0.8000000000000002,0.49307148468049516
combined,noise_growth,17,Neural SDE (Euler),0.17716941237449646,2.8536880016326904,0.2016105519488069,0.26336615440442446,-2.676518589258194,0.061755602455617564,,,,,,,0.12,,,,,,True,0.8000000000000002,0.49307148468049516
combined,noise_growth,17,SINDy-STLSQ,11.615035228476767,3.1100559516027606,0.12758376513511355,0.18668030890335982,8.504979276874007,0.059096543768246274,,,,,,,0.12,4.0,,,,,True,0.8000000000000002,0.49307148468049516
combined,noise_growth,18,Bayesian SINDy (spike-slab),0.9898471850979789,0.3359135105199463,0.149840888236977,0.3013353498288765,0.6539336745780326,0.1514944615918995,0.399857061821267,-0.0,1.137833753596061,0.1832896748999991,0.4729435678766918,,0.12,1.0,0.3840588597317145,0.02285046140936992,0.09465867484096667,1.061990785376682,True,0.8000000000000002,0.49307148468049516
combined,noise_growth,18,Kalman OU,0.6282600272705327,0.6147943415892099,0.08241255445884094,0.41932008299126183,0.013465685681322781,0.3369075285324209,,,,,,0.0010000000000000002,0.12,,,,,,True,0.8000000000000002,0.49307148468049516
combined,noise_growth,18,Latent Neural SDE (VI),0.9957191944122314,0.43348386883735657,0.15183769382070897,0.34445086336823016,0.5622353255748749,0.1926131695475212,,,,,,0.04233551406840561,0.12,,,,,,True,0.8000000000000002,0.49307148468049516
combined,noise_growth,18,Moment OU,2.020019028931581,0.7122134917848235,0.2552292807057183,0.4376284349585927,1.3078055371467576,0.1823991542528744,,,,,,,0.12,,,,,,True,0.8000000000000002,0.49307148468049516
combined,noise_growth,18,Neural SDE (Euler),1.6745293140411377,0.6323311924934387,0.04807518644433541,0.5696222369337067,1.042198121547699,0.5215470504893713,,,,,,,0.12,,,,,,True,0.8000000000000002,0.49307148468049516
combined,noise_growth,18,SINDy-STLSQ,2.0136781743961305,0.6796481103983477,0.1501685629817799,0.28725419493314763,1.334030063997783,0.13708563195136772,,,,,,,0.12,2.0,,,,,True,0.8000000000000002,0.49307148468049516
combined,noise_growth,19,Bayesian SINDy (spike-slab),1.0228244215318005,1.2291631170944841,0.16546994739674814,0.4106435998585155,-0.20633869556268358,0.24517365246176737,0.6694586023540523,-0.0,2.2930679589943757,0.2619376352904865,0.6870592636768673,,0.12,2.0,0.7968590616886776,0.034334269832234324,0.055653843805696976,0.8276229578492305,True,0.8000000000000002,0.49307148468049516
combined,noise_growth,19,Kalman OU,3.0000000000000004,0.44979824411332403,0.2706662181400833,0.15818319732231123,2.5502017558866763,-0.11248302081777206,,,,,,0.3816665249306594,0.12,,,,,,True,0.8000000000000002,0.49307148468049516
combined,noise_growth,19,Latent Neural SDE (VI),1.947603702545166,1.074814796447754,0.169356440087148,0.2201376662460275,0.8727889060974121,0.050781226158879506,,,,,,0.051027285288749724,0.12,,,,,,True,0.8000000000000002,0.49307148468049516
combined,noise_growth,19,Moment OU,2.7598972086944165,,0.24451213711810071,,,,,,,,,,0.12,,,,,,False,0.8000000000000002,0.49307148468049516
combined,noise_growth,19,Neural SDE (Euler),1.9721999168395996,1.3639092445373535,0.1898124302298932,0.29605763135035706,0.6082906723022461,0.10624520112046387,,,,,,,0.12,,,,,,True,0.8000000000000002,0.49307148468049516
combined,noise_growth,19,SINDy-STLSQ,2.1141561263613458,2.163975748755526,0.15617700669717555,0.40964279975806667,-0.04981962239418003,0.2534657930608911,,,,,,,0.12,4.0,,,,,True,0.8000000000000002,0.49307148468049516
combined,noise_growth,20,Bayesian SINDy (spike-slab),1.3505022801428772,0.6693090309465376,0.235847195050684,0.39842411521544846,0.6811932491963396,0.16257692016476447,0.5180369384082623,-0.0,1.79511475762021,0.24972163584578255,0.6608452031294471,,0.12,2.0,0.16739893636272649,0.013240519418618132,0.6694788852302028,1.0492790650556656,True,0.8000000000000002,0.49307148468049516
combined,noise_growth,20,Kalman OU,3.0000000000000004,2.128457211244347,0.010000000000000005,0.8016374659933817,0.8715427887556535,0.7916374659933817,,,,,,0.0010000000000000002,0.12,,,,,,True,0.8000000000000002,0.49307148468049516
combined,noise_growth,20,Latent Neural SDE (VI),1.6622068881988525,0.9460111260414124,0.2552709424299154,0.2270641569185809,0.7161957621574402,-0.028206785511334487,,,,,,0.04633279873677903,0.12,,,,,,True,0.8000000000000002,0.49307148468049516
combined,noise_growth,20,Moment OU,,1.4115802490524934,,0.6492737540245713,,,,,,,,,0.12,,,,,,False,0.8000000000000002,0.49307148468049516
combined,noise_growth,20,Neural SDE (Euler),3.454137086868286,0.8445727825164795,0.1977455876795893,0.26944153799003423,2.6095643043518066,0.07169595031044493,,,,,,,0.12,,,,,,True,0.8000000000000002,0.49307148468049516
combined,noise_growth,20,SINDy-STLSQ,2.823813125777008,1.208180638076987,0.2226977177455986,0.3769659151002314,1.6156324877000208,0.15426819735463282,,,,,,,0.12,3.0,,,,,True,0.8000000000000002,0.49307148468049516
combined,noise_growth,21,Bayesian SINDy (spike-slab),0.0814683074151014,0.7403197342114964,0.15202343820568945,0.29464961135887785,-0.6588514267963951,0.1426261731531884,0.8871817070524187,-0.0,2.7570018337630047,0.16317077046108017,0.4721658820451487,,0.12,2.0,0.5669177683768366,0.03466699154131258,0.24389926964085695,1.2710805816937059,True,0.8000000000000002,0.49307148468049516
combined,noise_growth,21,Kalman OU,0.7856469282706318,0.8200189522151898,0.2067472612237205,0.49457387407788583,-0.03437202394455807,0.28782661285416533,,,,,,0.0010000000000000002,0.12,,,,,,True,0.8000000000000002,0.49307148468049516
combined,noise_growth,21,Latent Neural SDE (VI),0.4568134844303131,0.6556574106216431,0.14213735965898042,0.3532473424445289,-0.19884392619132996,0.21110998278554846,,,,,,0.045716511744327316,0.12,,,,,,True,0.8000000000000002,0.49307148468049516
combined,noise_growth,21,Moment OU,0.43380993092329945,0.9866733259911448,0.10957575607905799,0.5290540851666904,-0.5528633950678453,0.4194783290876324,,,,,,,0.12,,,,,,True,0.8000000000000002,0.49307148468049516
combined,noise_growth,21,Neural SDE (Euler),0.4731915295124054,1.7313979864120483,0.20087479634173483,0.028193910212871605,-1.258206456899643,-0.17268088612886323,,,,,,,0.12,,,,,,True,0.8000000000000002,0.49307148468049516
combined,noise_growth,21,SINDy-STLSQ,1.7055169172104319,2.54379064818547,0.14523394068863515,0.20578935384110605,-0.8382737309750383,0.0605554131524709,,,,,,,0.12,4.0,,,,,True,0.8000000000000002,0.49307148468049516
combined,noise_growth,22,Bayesian SINDy (spike-slab),0.12370088038575916,,0.23620765978049185,,,,,,,,,,0.12,,,,,,False,0.8000000000000002,0.49307148468049516
combined,noise_growth,22,Kalman OU,0.9817126630095505,3.0000000000000004,0.3168845183375112,0.010000000000000005,-2.0182873369904497,-0.3068845183375112,,,,,,0.23129331123900293,0.12,,,,,,True,0.8000000000000002,0.49307148468049516
combined,noise_growth,22,Latent Neural SDE (VI),2.0213372707366943,2.085906505584717,0.15868431856618304,0.21009377986389446,-0.06456923484802246,0.05140946129771143,,,,,,0.028997747010374,0.12,,,,,,True,0.8000000000000002,0.49307148468049516
combined,noise_growth,22,Moment OU,0.448546260556351,,0.19411882103480188,,,,,,,,,,0.12,,,,,,False,0.8000000000000002,0.49307148468049516
combined,noise_growth,22,Neural SDE (Euler),3.0681350231170654,,0.0940684682029449,,,,,,,,,,0.12,,,,,,False,0.8000000000000002,0.49307148468049516
combined,noise_growth,22,SINDy-STLSQ,0.8948615428724862,,0.22441519700284432,,,,,,,,,,0.12,,,,,,False,0.8000000000000002,0.49307148468049516
combined,noise_growth,23,Bayesian SINDy (spike-slab),0.25301181962709246,,0.25840031073574116,,,,,,,,,,0.12,,,,,,False,0.8000000000000002,0.49307148468049516
combined,noise_growth,23,Kalman OU,1.8334901158892523,0.14093586552528622,0.3991057651900755,0.14719137328987877,1.6925542503639661,-0.2519143919001967,,,,,,0.13216056594044637,0.12,,,,,,True,0.8000000000000002,0.49307148468049516
combined,noise_growth,23,Latent Neural SDE (VI),1.5274657011032104,0.378780335187912,0.23110971067317193,0.20209919816687835,1.1486853659152985,-0.02901051250629358,,,,,,0.036933849380871624,0.12,,,,,,True,0.8000000000000002,0.49307148468049516
combined,noise_growth,23,Moment OU,2.0949452501907584,,0.3628468914687672,,,,,,,,,,0.12,,,,,,False,0.8000000000000002,0.49307148468049516
combined,noise_growth,23,Neural SDE (Euler),1.6402018070220947,,0.1800835854077823,,,,,,,,,,0.12,,,,,,False,0.8000000000000002,0.49307148468049516
combined,noise_growth,23,SINDy-STLSQ,1.7233504481307955,,0.2437081524548089,,,,,,,,,,0.12,,,,,,False,0.8000000000000002,0.49307148468049516
combined,noise_growth,24,Bayesian SINDy (spike-slab),0.8581369938112425,0.7476273318483365,0.15601360175818746,0.34166690050151227,0.11050966196290601,0.1856532987433248,0.5580556952545868,-0.0,1.8820813913263545,0.23078194857705578,0.5083594645104309,,0.12,1.0,0.35982095514664664,0.04320216373548193,0.46324903645635407,1.2853296272468264,True,0.8000000000000002,0.49307148468049516
combined,noise_growth,24,Kalman OU,1.1611334942076748,1.909082323748556,0.34375760193448773,0.7146889377576309,-0.7479488295408812,0.37093133582314314,,,,,,0.0010000000000000002,0.12,,,,,,True,0.8000000000000002,0.49307148468049516
combined,noise_growth,24,Latent Neural SDE (VI),0.8301213979721069,1.8010481595993042,0.216019387312579,0.31784279735960136,-0.9709267616271973,0.10182341004702236,,,,,,0.041698254262339154,0.12,,,,,,True,0.8000000000000002,0.49307148468049516
combined,noise_growth,24,Moment OU,1.2662328456610976,2.007896932027119,0.30919454250109357,0.7127586951599034,-0.7416640863660215,0.40356415265880985,,,,,,,0.12,,,,,,True,0.8000000000000002,0.49307148468049516
combined,noise_growth,24,Neural SDE (Euler),0.9019737243652344,2.2126240730285645,0.3004814301746501,0.13535389839743273,-1.31065034866333,-0.1651275317772174,,,,,,,0.12,,,,,,True,0.8000000000000002,0.49307148468049516
combined,noise_growth,24,SINDy-STLSQ,0.919945215012381,1.7780248358746875,0.1651374618365987,0.31772958350827324,-0.8580796208623065,0.15259212167167455,,,,,,,0.12,3.0,,,,,True,0.8000000000000002,0.49307148468049516
combined,noise_growth,25,Bayesian SINDy (spike-slab),2.055374136035531,,0.19450097077471512,,,,,,,,,,0.12,,,,,,False,0.8000000000000002,0.49307148468049516
combined,noise_growth,25,Kalman OU,3.0000000000000004,0.6824523855341322,0.010000000000000005,0.34902585854953994,2.317547614465868,0.3390258585495399,,,,,,0.1460691048300003,0.12,,,,,,True,0.8000000000000002,0.49307148468049516
combined,noise_growth,25,Latent Neural SDE (VI),2.806079864501953,0.4365953207015991,0.2728753972160786,0.27884750196433244,2.369484543800354,0.005972104748253826,,,,,,0.039983910943790245,0.12,,,,,,True,0.8000000000000002,0.49307148468049516
combined,noise_growth,25,Moment OU,,,,,,,,,,,,,0.12,,,,,,False,0.8000000000000002,0.49307148468049516
combined,noise_growth,25,Neural SDE (Euler),4.4891462326049805,,0.10763425216453021,,,,,,,,,,0.12,,,,,,False,0.8000000000000002,0.49307148468049516
combined,noise_growth,25,SINDy-STLSQ,3.0604862527054366,,0.1713955723086689,,,,,,,,,,0.12,,,,,,False,0.8000000000000002,0.49307148468049516
combined,noise_growth,26,Bayesian SINDy (spike-slab),0.6004301151814009,,0.23457334264805133,,,,,,,,,,0.12,,,,,,False,0.8000000000000002,0.49307148468049516
combined,noise_growth,26,Kalman OU,0.13632340852459418,3.0000000000000004,0.08592386451834709,0.010000000000000005,-2.8636765914754063,-0.07592386451834708,,,,,,0.24819782596718465,0.12,,,,,,True,0.8000000000000002,0.49307148468049516
combined,noise_growth,26,Latent Neural SDE (VI),0.8798520565032959,2.105634927749634,0.28238187388661684,0.11487098122695925,-1.225782871246338,-0.16751089265965757,,,,,,0.029743833310864207,0.12,,,,,,True,0.8000000000000002,0.49307148468049516
combined,noise_growth,26,Moment OU,2.62499071038141,,0.44418776884041383,,,,,,,,,,0.12,,,,,,False,0.8000000000000002,0.49307148468049516
combined,noise_growth,26,Neural SDE (Euler),1.8140273094177246,,0.3437561008189203,,,,,,,,,,0.12,,,,,,False,0.8000000000000002,0.49307148468049516
combined,noise_growth,26,SINDy-STLSQ,2.2220703709013123,,0.21062912066267028,,,,,,,,,,0.12,,,,,,False,0.8000000000000002,0.49307148468049516
combined,noise_growth,27,Bayesian SINDy (spike-slab),0.8467114452440215,0.022394821434653264,0.2710281292836297,0.37719496733270885,0.8243166238093683,0.10616683804907917,0.23266874063652881,-0.0,0.4659835944072701,0.2540714038657043,0.5701615839007009,,0.12,1.0,0.037234198870011885,0.03356035325370899,0.022896740377541122,0.4055894633123603,True,0.8000000000000002,0.49307148468049516
combined,noise_growth,27,Kalman OU,0.4577787707983256,0.6699245348231886,0.08245554103249644,0.5399694404072299,-0.21214576402486301,0.4575138993747335,,,,,,0.0010000000000000002,0.12,,,,,,True,0.8000000000000002,0.49307148468049516
combined,noise_growth,27,Latent Neural SDE (VI),2.1190335750579834,0.7012196183204651,0.21908929819887837,0.4432720511422776,1.4178139567375183,0.2241827529433992,,,,,,0.05291636914444828,0.12,,,,,,True,0.8000000000000002,0.49307148468049516
combined,noise_growth,27,Moment OU,2.5544341532439385,0.7863234986720714,0.4507365494579575,0.5792164146976854,1.768110654571867,0.12847986523972788,,,,,,,0.12,,,,,,True,0.8000000000000002,0.49307148468049516
combined,noise_growth,27,Neural SDE (Euler),2.607086658477783,0.9674321413040161,0.27695583058066303,0.6694803667350772,1.639654517173767,0.3925245361544141,,,,,,,0.12,,,,,,True,0.8000000000000002,0.49307148468049516
combined,noise_growth,27,SINDy-STLSQ,1.782562451704654,1.7308123781260902,0.25943585105294725,0.37069513522786557,0.05175007357856387,0.11125928417491832,,,,,,,0.12,3.0,,,,,True,0.8000000000000002,0.49307148468049516
combined,noise_growth,28,Bayesian SINDy (spike-slab),1.5195777398717427,,0.21185898765607597,,,,,,,,,,0.12,,,,,,False,0.8000000000000002,0.49307148468049516
combined,noise_growth,28,Kalman OU,3.0000000000000004,2.0760660238856805,0.010000000000000005,0.6346642199327864,0.9239339761143199,0.6246642199327864,,,,,,0.0010000000000000002,0.12,,,,,,True,0.8000000000000002,0.49307148468049516
combined,noise_growth,28,Latent Neural SDE (VI),1.4300615787506104,1.4574379920959473,0.18187898986680526,0.35109374621021117,-0.027376413345336914,0.1692147563434059,,,,,,0.039521347369378824,0.12,,,,,,True,0.8000000000000002,0.49307148468049516
combined,noise_growth,28,Moment OU,,,,,,,,,,,,,0.12,,,,,,False,0.8000000000000002,0.49307148468049516
combined,noise_growth,28,Neural SDE (Euler),1.1952859163284302,,0.2264496341565886,,,,,,,,,,0.12,,,,,,False,0.8000000000000002,0.49307148468049516
combined,noise_growth,28,SINDy-STLSQ,0.7810395345231455,,0.21165762352378636,,,,,,,,,,0.12,,,,,,False,0.8000000000000002,0.49307148468049516
combined,noise_growth,29,Bayesian SINDy (spike-slab),0.8804277039598369,0.07697780104582758,0.16333984310548252,0.28441711849299073,0.8034499029140094,0.1210772753875082,0.26491550401950864,-0.0,0.9026030325469708,0.19228586772562267,0.4240546427152076,,0.12,1.0,0.06469574719899815,0.024531182821158744,0.032955237530615765,0.49966252505356695,True,0.8000000000000002,0.49307148468049516
combined,noise_growth,29,Kalman OU,3.0000000000000004,0.7781728343447828,0.31926037540119934,0.3422443510044898,2.2218271656552178,0.022983975603290463,,,,,,0.0010000000000000002,0.12,,,,,,True,0.8000000000000002,0.49307148468049516
combined,noise_growth,29,Latent Neural SDE (VI),2.8390676975250244,0.4289225935935974,0.15008635276047952,0.263332451785391,2.410145103931427,0.11324609902491148,,,,,,0.03126311004940073,0.12,,,,,,True,0.8000000000000002,0.49307148468049516
combined,noise_growth,29,Moment OU,1.102652956814422,0.667925004359625,0.10221995068373387,0.2976472012950331,0.4347279524547971,0.19542725061129923,,,,,,,0.12,,,,,,True,0.8000000000000002,0.49307148468049516
combined,noise_growth,29,Neural SDE (Euler),1.8984990119934082,0.542797863483429,0.3537454675952838,0.303992148596725,1.3557011485099792,-0.04975331899855878,,,,,,,0.12,,,,,,True,0.8000000000000002,0.49307148468049516
combined,noise_growth,29,SINDy-STLSQ,2.428821763478832,0.866181886120696,0.13880007477485906,0.2821081375616555,1.5626398773581358,0.14330806278679642,,,,,,,0.12,4.0,,,,,True,0.8000000000000002,0.49307148468049516
combined,noise_growth,30,Bayesian SINDy (spike-slab),0.3048651972677112,0.7307505911722945,0.21503061471280113,0.473956220839885,-0.42588539390458324,0.2589256061270838,0.603120303927612,-0.0,1.7915463801810199,0.298444972825679,0.7650352384118797,,0.12,1.0,0.48295970201360555,0.018789614552733494,0.21574149718102548,1.1857615022175176,True,0.8000000000000002,0.49307148468049516
combined,noise_growth,30,Kalman OU,1.228024410384902,0.9446584787914535,0.31232738133050986,0.34470415269650617,0.2833659315934486,0.032376771365996315,,,,,,0.34716118590899897,0.12,,,,,,True,0.8000000000000002,0.49307148468049516
combined,noise_growth,30,Latent Neural SDE (VI),0.7234487533569336,1.58502995967865,0.1521085675250827,0.3851752109745878,-0.8615812063217163,0.2330666434495051,,,,,,0.05072523400631844,0.12,,,,,,True,0.8000000000000002,0.49307148468049516
combined,noise_growth,30,Moment OU,0.9599454196559043,3.0806953060103472,0.22921237778964423,1.060383208632682,-2.120749886354443,0.8311708308430379,,,,,,,0.12,,,,,,True,0.8000000000000002,0.49307148468049516
combined,noise_growth,30,Neural SDE (Euler),0.28172361850738525,3.088798999786377,0.15602561809606927,0.3337292941677126,-2.8070753812789917,0.1777036760716433,,,,,,,0.12,,,,,,True,0.8000000000000002,0.49307148468049516
combined,noise_growth,30,SINDy-STLSQ,0.8509781169740884,0.9687364403935298,0.20518969588639044,0.4470698144224465,-0.11775832341944137,0.24188011853605604,,,,,,,0.12,4.0,,,,,True,0.8000000000000002,0.49307148468049516
combined,noise_growth,31,Bayesian SINDy (spike-slab),1.1592147026565478,0.30472289848982537,0.1870677574419328,0.22354763493133575,0.8544918041667224,0.036479877489402956,0.5832112974647232,-0.0,1.701354556142872,0.15586131358844518,0.33519828698088716,,0.12,1.0,0.0566437940489584,0.28789782373614614,0.10188125433722557,1.1383396291442986,True,0.8000000000000002,0.49307148468049516
combined,noise_growth,31,Kalman OU,1.0284722439062979,1.2553496520786942,0.21030316459078005,0.39137402616746125,-0.22687740817239632,0.1810708615766812,,,,,,0.0010000000000000002,0.12,,,,,,True,0.8000000000000002,0.49307148468049516
combined,noise_growth,31,Latent Neural SDE (VI),0.9975399971008301,0.7891872525215149,0.17686953960914617,0.2196271596383693,0.20835274457931519,0.04275762002922312,,,,,,0.03026796196444596,0.12,,,,,,True,0.8000000000000002,0.49307148468049516
combined,noise_growth,31,Moment OU,1.0421249773998211,1.1255991183801113,0.22723411559381293,0.3351194491864246,-0.08347414098029016,0.10788533359261168,,,,,,,0.12,,,,,,True,0.8000000000000002,0.49307148468049516
combined,noise_growth,31,Neural SDE (Euler),2.8880014419555664,0.20091623067855835,0.16284399818170708,0.21276453016791488,2.687085211277008,0.0499205319862078,,,,,,,0.12,,,,,,True,0.8000000000000002,0.49307148468049516
combined,noise_growth,31,SINDy-STLSQ,2.165470561409211,1.090261000091695,0.17256011860362575,0.21382797254964345,1.075209561317516,0.0412678539460177,,,,,,,0.12,4.0,,,,,True,0.8000000000000002,0.49307148468049516
combined,noise_growth,32,Bayesian SINDy (spike-slab),,0.36949449659582145,,0.37372602932018084,,,0.6832963361741484,-0.0,2.2565272971616532,0.2244350767357969,0.5995174554166361,,0.12,1.0,0.08969936005714797,0.23031297723276242,0.21681099922497207,1.3565316189205103,False,0.8000000000000002,0.49307148468049516
combined,noise_growth,32,Kalman OU,3.0000000000000004,0.2443475994991843,0.010000000000000005,0.20168404202160994,2.755652400500816,0.19168404202160993,,,,,,0.26328433854097255,0.12,,,,,,True,0.8000000000000002,0.49307148468049516
combined,noise_growth,32,Latent Neural SDE (VI),0.725685715675354,0.6273475289344788,0.05493273783736319,0.2881485837871434,0.09833818674087524,0.23321584594978023,,,,,,0.04572735646400776,0.12,,,,,,True,0.8000000000000002,0.49307148468049516
combined,noise_growth,32,Moment OU,,1.0086174193304323,,0.5416819459552951,,,,,,,,,0.12,,,,,,False,0.8000000000000002,0.49307148468049516
combined,noise_growth,32,Neural SDE (Euler),,0.3438608646392822,,0.24489282061365986,,,,,,,,,0.12,,,,,,False,0.8000000000000002,0.49307148468049516
combined,noise_growth,32,SINDy-STLSQ,,1.6275049645907118,,0.3039105177317729,,,,,,,,,0.12,4.0,,,,,False,0.8000000000000002,0.49307148468049516
combined,noise_growth,33,Bayesian SINDy (spike-slab),0.25365655067834836,,0.14134504637438716,,,,,,,,,,0.12,,,,,,False,0.8000000000000002,0.49307148468049516
combined,noise_growth,33,Kalman OU,1.047150832590306,0.802079739176254,0.15266988459738934,0.4967896964936363,0.2450710934140521,0.34411981189624696,,,,,,0.0010000000000000002,0.12,,,,,,True,0.8000000000000002,0.49307148468049516
combined,noise_growth,33,Latent Neural SDE (VI),0.6395254135131836,0.5239876508712769,0.10164480688682632,0.30689942556239763,0.11553776264190674,0.20525461867557132,,,,,,0.05036176034006344,0.12,,,,,,True,0.8000000000000002,0.49307148468049516
combined,noise_growth,33,Moment OU,,,,,,,,,,,,,0.12,,,,,,False,0.8000000000000002,0.49307148468049516
combined,noise_growth,33,Neural SDE (Euler),1.0964348316192627,,0.14363986770715553,,,,,,,,,,0.12,,,,,,False,0.8000000000000002,0.49307148468049516
combined,noise_growth,33,SINDy-STLSQ,5.1685845212060695,,0.12932123595743758,,,,,,,,,,0.12,,,,,,False,0.8000000000000002,0.49307148468049516
combined,noise_growth,34,Bayesian SINDy (spike-slab),,0.06401317021725275,,0.29044186074254486,,,0.2896651312384014,-0.0,1.0320336316544065,0.19268648685772746,0.44357841442482765,,0.12,1.0,0.055243427317310585,0.026169013928432003,0.034010096215862415,0.48081672457382807,False,0.8000000000000002,0.49307148468049516
combined,noise_growth,34,Kalman OU,0.7654813629700893,0.5970308739598441,0.23522756605312498,0.4915959982454668,0.16845048901024517,0.25636843219234184,,,,,,0.0512553683700524,0.12,,,,,,True,0.8000000000000002,0.49307148468049516
combined,noise_growth,34,Latent Neural SDE (VI),1.4252443313598633,0.37470486760139465,0.1562966598875684,0.4073641273242283,1.0505394637584686,0.25106746743665986,,,,,,0.051477378225614503,0.12,,,,,,True,0.8000000000000002,0.49307148468049516
combined,noise_growth,34,Moment OU,,0.7084535078103147,,0.5390958869892201,,,,,,,,,0.12,,,,,,False,0.8000000000000002,0.49307148468049516
combined,noise_growth,34,Neural SDE (Euler),,1.6338529586791992,,0.32901192298850307,,,,,,,,,0.12,,,,,,False,0.8000000000000002,0.49307148468049516
combined,noise_growth,34,SINDy-STLSQ,,4.4795742381411845,,0.2534943064826144,,,,,,,,,0.12,4.0,,,,,False,0.8000000000000002,0.49307148468049516
combined,noise_growth,35,Bayesian SINDy (spike-slab),,0.4649983533717688,,0.34183347996255187,,,0.5869556620366169,-0.0,1.8824237386769385,0.2265828417865458,0.503011595689594,,0.12,1.0,0.3493777664316366,0.08076434070265603,0.06942855710208154,1.1580715984807113,False,0.8000000000000002,0.49307148468049516
combined,noise_growth,35,Kalman OU,1.5070956218138964,1.8800559558692018,0.3121898129996725,0.5982201236874186,-0.3729603340553054,0.2860303106877461,,,,,,0.0010000000000000002,0.12,,,,,,True,0.8000000000000002,0.49307148468049516
combined,noise_growth,35,Latent Neural SDE (VI),0.6049465537071228,1.9424382448196411,0.14100668204625938,0.30220594771814574,-1.3374916911125183,0.16119926567188636,,,,,,0.0373551045963808,0.12,,,,,,True,0.8000000000000002,0.49307148468049516
combined,noise_growth,35,Moment OU,,1.354338925159435,,0.4899095892356042,,,,,,,,,0.12,,,,,,False,0.8000000000000002,0.49307148468049516
combined,noise_growth,35,Neural SDE (Euler),,3.7971959114074707,,0.22323334181695512,,,,,,,,,0.12,,,,,,False,0.8000000000000002,0.49307148468049516
combined,noise_growth,35,SINDy-STLSQ,,3.0642319410208665,,0.24868454106348659,,,,,,,,,0.12,4.0,,,,,False,0.8000000000000002,0.49307148468049516
combined,stability_loss,0,Bayesian SINDy (spike-slab),,0.40042418172946836,,0.20496735507985706,,,0.557551564220425,-0.0,1.889909464419766,0.11396694130952918,0.34115461421518456,,0.12,1.0,0.19404756381875543,0.027379117804553422,0.4891493259547924,1.2704200640702232,False,0.135315,0.20000000000000004
combined,stability_loss,0,Kalman OU,3.0000000000000004,0.11826207417166437,0.010000000000000005,0.16193729242420368,2.881737925828336,0.15193729242420367,,,,,,0.134744894849297,0.12,,,,,,True,0.135315,0.20000000000000004
combined,stability_loss,0,Latent Neural SDE (VI),1.4800862073898315,0.7626188397407532,0.13207083422658394,0.17126717467988417,0.7174673676490784,0.03919634045330023,,,,,,0.04407834067503282,0.12,,,,,,True,0.135315,0.20000000000000004
combined,stability_loss,0,Moment OU,,0.17308616854121134,,0.19659778945316583,,,,,,,,,0.12,,,,,,False,0.135315,0.20000000000000004
combined,stability_loss,0,Neural SDE (Euler),,0.8785413503646851,,0.19456273381402628,,,,,,,,,0.12,,,,,,False,0.135315,0.20000000000000004
combined,stability_loss,0,SINDy-STLSQ,,0.8949613008268569,,0.15950616623565914,,,,,,,,,0.12,3.0,,,,,False,0.135315,0.20000000000000004
combined,stability_loss,1,Bayesian SINDy (spike-slab),1.0467000128885169,0.11487643059306357,0.16582677815628077,0.3383734461940628,0.9318235822954533,0.17254666803778201,0.29993720289997716,-0.0,1.1317607316577205,0.2416490753737282,0.4848907896478537,,0.12,1.0,0.04816502377398528,0.09564749848212073,0.06743678618927865,0.7516313339563543,True,0.135315,0.20000000000000004
combined,stability_loss,1,Kalman OU,3.0000000000000004,0.1983897126423465,0.1989408119275232,0.20451419395870982,2.801610287357654,0.0055733820311866245,,,,,,0.18480254108500194,0.12,,,,,,True,0.135315,0.20000000000000004
combined,stability_loss,1,Latent Neural SDE (VI),1.3936903476715088,0.28323233127593994,0.17678313565810688,0.4359796374514773,1.1104580163955688,0.2591965017933704,,,,,,0.04941308710623324,0.12,,,,,,True,0.135315,0.20000000000000004
combined,stability_loss,1,Moment OU,3.2047837243979234,0.3261196942556513,0.26491184568462695,0.3128080437598948,2.878664030142272,0.04789619807526785,,,,,,,0.12,,,,,,True,0.135315,0.20000000000000004
combined,stability_loss,1,Neural SDE (Euler),1.460951805114746,0.4454540014266968,0.19801598767530712,0.5560167588545405,1.0154978036880493,0.35800077117923335,,,,,,,0.12,,,,,,True,0.135315,0.20000000000000004
combined,stability_loss,1,SINDy-STLSQ,1.3675066957814983,1.144543538613465,0.16906214111806872,0.3140538356735426,0.22296315716803328,0.1449916945554739,,,,,,,0.12,3.0,,,,,True,0.135315,0.20000000000000004
combined,stability_loss,2,Bayesian SINDy (spike-slab),0.8262184999876712,0.026375143246336146,0.18556532383009192,0.20495195854584167,0.799843356741335,0.01938663471574975,0.2218188926753985,-0.0,0.3388710687014261,0.14007658495488362,0.3118333452783663,,0.12,1.0,0.025381719838813408,0.024855384301848815,0.014929100961837765,0.31167596248162166,True,0.135315,0.20000000000000004
combined,stability_loss,2,Kalman OU,1.952867276672074,0.24883331196850597,0.3857444253451708,0.23351432882439552,1.704033964703568,-0.15223009652077527,,,,,,0.0010000000000000002,0.12,,,,,,True,0.135315,0.20000000000000004
combined,stability_loss,2,Latent Neural SDE (VI),0.8067231178283691,0.2136700302362442,0.19465142300944305,0.2705295675837612,0.5930530875921249,0.07587814457431813,,,,,,0.038656460995068156,0.12,,,,,,True,0.135315,0.20000000000000004
combined,stability_loss,2,Moment OU,1.5777836507944487,0.3066776218498185,0.28461891178515525,0.25334419053510504,1.2711060289446303,-0.03127472125005021,,,,,,,0.12,,,,,,True,0.135315,0.20000000000000004
combined,stability_loss,2,Neural SDE (Euler),0.8522753715515137,0.6126261949539185,0.19428797551354976,0.46912034951078774,0.23964917659759521,0.274832373997238,,,,,,,0.12,,,,,,True,0.135315,0.20000000000000004
combined,stability_loss,2,SINDy-STLSQ,0.8253375925781019,-0.0,0.19021969793204155,0.22551611186549816,0.8253375925781019,0.035296413933456616,,,,,,,0.12,1.0,,,,,True,0.135315,0.20000000000000004
combined,stability_loss,3,Bayesian SINDy (spike-slab),,0.7735495423878533,,0.06153982470740445,,,0.43799177112385385,0.06729861623335867,1.6067109474633716,0.039970318771726805,0.10096660080226423,,0.12,2.0,0.2658757718746143,0.020897847759860443,0.7929456940200305,0.8246618749119095,False,0.135315,0.20000000000000004
combined,stability_loss,3,Kalman OU,0.7905059880301857,0.2736898915051871,0.22890919296384762,0.04101765341964142,0.5168160965249986,-0.1878915395442062,,,,,,0.1140482824047614,0.12,,,,,,True,0.135315,0.20000000000000004
combined,stability_loss,3,Latent Neural SDE (VI),1.6842355728149414,0.6102946400642395,0.12485130612160537,0.10503545060321427,1.073940932750702,-0.0198158555183911,,,,,,0.015461415272649204,0.12,,,,,,True,0.135315,0.20000000000000004
combined,stability_loss,3,Moment OU,,,,,,,,,,,,,0.12,,,,,,False,0.135315,0.20000000000000004
combined,stability_loss,3,Neural SDE (Euler),,1.215142011642456,,0.07657385105115469,,,,,,,,,0.12,,,,,,False,0.135315,0.20000000000000004
combined,stability_loss,3,SINDy-STLSQ,,0.3984012482934126,,0.06314149064295325,,,,,,,,,0.12,3.0,,,,,False,0.135315,0.20000000000000004
combined,stability_loss,4,Bayesian SINDy (spike-slab),0.9875726779718258,,0.2280401262041036,,,,,,,,,,0.12,,,,,,False,0.135315,0.20000000000000004
combined,stability_loss,4,Kalman OU,3.0000000000000004,0.25368967974487133,0.4857996664219365,0.24603475352560022,2.7463103202551293,-0.23976491289633628,,,,,,0.09167935522888127,0.12,,,,,,True,0.135315,0.20000000000000004
combined,stability_loss,4,Latent Neural SDE (VI),2.1500959396362305,0.13869832456111908,0.18355362463798985,0.1910380292478708,2.0113976150751114,0.007484404609880951,,,,,,0.04802935976835084,0.12,,,,,,True,0.135315,0.20000000000000004
combined,stability_loss,4,Moment OU,2.4354710384901828,,0.3653056028406979,,,,,,,,,,0.12,,,,,,False,0.135315,0.20000000000000004
combined,stability_loss,4,Neural SDE (Euler),2.4263551235198975,,0.23533558327884344,,,,,,,,,,0.12,,,,,,False,0.135315,0.20000000000000004
combined,stability_loss,4,SINDy-STLSQ,2.3993225315949234,,0.20106713060583528,,,,,,,,,,0.12,,,,,,False,0.135315,0.20000000000000004
combined,stability_loss,5,Bayesian SINDy (spike-slab),,0.6111816434577793,,0.20422955454164315,,,0.5116210241772666,-0.0,1.5737880828314257,0.1373260752037665,0.31740056690491525,,0.12,2.0,0.5441728578903798,0.07529525273104513,0.1493854733488052,1.2826748422839014,False,0.135315,0.20000000000000004
combined,stability_loss,5,Kalman OU,0.4285072677852315,1.9892339500404066,0.11282670391901688,0.4184489593820444,-1.560726682255175,0.3056222554630275,,,,,,0.0010000000000000002,0.12,,,,,,True,0.135315,0.20000000000000004
combined,stability_loss,5,Latent Neural SDE (VI),0.7273189425468445,0.9466887712478638,0.22963797343863332,0.0813541453689264,-0.2193698287010193,-0.1482838280697069,,,,,,0.02484744171886381,0.12,,,,,,True,0.135315,0.20000000000000004
combined,stability_loss,5,Moment OU,,1.2993610154820023,,0.2918334592042757,,,,,,,,,0.12,,,,,,False,0.135315,0.20000000000000004
combined,stability_loss,5,Neural SDE (Euler),,3.9196462631225586,,0.0065568882479894635,,,,,,,,,0.12,,,,,,False,0.135315,0.20000000000000004
combined,stability_loss,5,SINDy-STLSQ,,1.2044486571336683,,0.18229539446545787,,,,,,,,,0.12,3.0,,,,,False,0.135315,0.20000000000000004
combined,stability_loss,6,Bayesian SINDy (spike-slab),1.108765359718481,,0.14600191530378812,,,,,,,,,,0.12,,,,,,False,0.135315,0.20000000000000004
combined,stability_loss,6,Kalman OU,3.0000000000000004,1.3186748565574329,0.010000000000000005,0.3207652429232099,1.6813251434425676,0.3107652429232099,,,,,,0.0010000000000000002,0.12,,,,,,True,0.135315,0.20000000000000004
combined,stability_loss,6,Latent Neural SDE (VI),1.3283751010894775,0.8819828033447266,0.13381456738744274,0.16867697727178568,0.446392297744751,0.03486240988434294,,,,,,0.02420439171163079,0.12,,,,,,True,0.135315,0.20000000000000004
combined,stability_loss,6,Moment OU,,,,,,,,,,,,,0.12,,,,,,False,0.135315,0.20000000000000004
combined,stability_loss,6,Neural SDE (Euler),1.5595712661743164,,0.16100511730696532,,,,,,,,,,0.12,,,,,,False,0.135315,0.20000000000000004
combined,stability_loss,6,SINDy-STLSQ,1.333013117473471,,0.14961291032928647,,,,,,,,,,0.12,,,,,,False,0.135315,0.20000000000000004
combined,stability_loss,7,Bayesian SINDy (spike-slab),0.6590691864017993,0.08232694317315607,0.1724453759597078,0.21743400106254016,0.5767422432286433,0.04498862510283236,0.2787823920291013,-0.0,1.0656155906883757,0.1470618554425718,0.3259116433559567,,0.12,1.0,0.057321343052573,0.03685309395100884,0.04300827010445281,0.5545339198160342,True,0.135315,0.20000000000000004
combined,stability_loss,7,Kalman OU,2.126396172709101,0.5981138258345441,0.3064670290164707,0.2567362289694072,1.528282346874557,-0.04973080004706354,,,,,,0.0010000000000000002,0.12,,,,,,True,0.135315,0.20000000000000004
combined,stability_loss,7,Latent Neural SDE (VI),0.8229296207427979,0.35031962394714355,0.11082551620939614,0.22772042591941066,0.4726099967956543,0.11689490971001452,,,,,,0.027254400377063594,0.12,,,,,,True,0.135315,0.20000000000000004
combined,stability_loss,7,Moment OU,0.4747026711876589,0.22750818357946295,0.09581260159527014,0.14449774364942297,0.24719448760819596,0.048685142054152836,,,,,,,0.12,,,,,,True,0.135315,0.20000000000000004
combined,stability_loss,7,Neural SDE (Euler),0.508116602897644,0.4495040774345398,0.1445085795556587,0.4735901203562029,0.05861252546310425,0.3290815408005442,,,,,,,0.12,,,,,,True,0.135315,0.20000000000000004
combined,stability_loss,7,SINDy-STLSQ,0.763974584280811,0.3979487049134184,0.15880900401719716,0.21584143072170697,0.3660258793673926,0.05703242670450981,,,,,,,0.12,4.0,,,,,True,0.135315,0.20000000000000004
combined,stability_loss,8,Bayesian SINDy (spike-slab),0.97731585035592,0.6482547307600198,0.15934906686544154,0.19649938252580193,0.3290611195959001,0.037150315660360395,0.3956940822043468,-0.0,1.3718636519560574,0.13378534307311346,0.31765016544997604,,0.12,2.0,0.322176234380613,0.01826114698453308,0.5917247539949821,1.0914001451885529,True,0.135315,0.20000000000000004
combined,stability_loss,8,Kalman OU,3.0000000000000004,0.5581974886550979,0.010000000000000005,0.19185801494398633,2.4418025113449024,0.18185801494398632,,,,,,0.14978424081402128,0.12,,,,,,True,0.135315,0.20000000000000004
combined,stability_loss,8,Latent Neural SDE (VI),1.4254852533340454,0.8757121562957764,0.08961313825564395,0.22426928773679133,0.549773097038269,0.1346561494811474,,,,,,0.027792076569616807,0.12,,,,,,True,0.135315,0.20000000000000004
combined,stability_loss,8,Moment OU,,1.1893745773687656,,0.32127720344612776,,,,,,,,,0.12,,,,,,False,0.135315,0.20000000000000004
combined,stability_loss,8,Neural SDE (Euler),1.5971603393554688,0.9213579893112183,0.10375363018058034,0.2564938905445514,0.6758023500442505,0.15274026036397106,,,,,,,0.12,,,,,,True,0.135315,0.20000000000000004
combined,stability_loss,8,SINDy-STLSQ,1.5824270203392665,0.6739173770875552,0.1581378758612175,0.18923945432978875,0.9085096432517114,0.031101578468571256,,,,,,,0.12,3.0,,,,,True,0.135315,0.20000000000000004
combined,stability_loss,9,Bayesian SINDy (spike-slab),,1.2634384643676237,,0.1372040939921368,,,0.44450132195674835,-0.0,2.1469280700569624,0.09067508368735758,0.22550301946601115,,0.12,2.0,0.8848051939883783,0.03831132570541179,0.08117589676826806,0.7153395019365071,False,0.135315,0.20000000000000004
combined,stability_loss,9,Kalman OU,1.4874014648839649,1.5571605888950029,0.2687413365800465,0.37718122730380027,-0.06975912401103801,0.10843989072375376,,,,,,0.0010000000000000002,0.12,,,,,,True,0.135315,0.20000000000000004
combined,stability_loss,9,Latent Neural SDE (VI),0.626665472984314,1.2238688468933105,0.10477149116644464,0.18649269847363903,-0.5972033739089966,0.08172120730719439,,,,,,0.025620381164525453,0.12,,,,,,True,0.135315,0.20000000000000004
combined,stability_loss,9,Moment OU,,2.6192765214422113,,0.416765917609329,,,,,,,,,0.12,,,,,,False,0.135315,0.20000000000000004
combined,stability_loss,9,Neural SDE (Euler),,1.069827675819397,,0.19365606180219447,,,,,,,,,0.12,,,,,,False,0.135315,0.20000000000000004
combined,stability_loss,9,SINDy-STLSQ,,0.9786707384967607,,0.14515375101445643,,,,,,,,,0.12,4.0,,,,,False,0.135315,0.20000000000000004
combined,stability_loss,10,Bayesian SINDy (spike-slab),1.2941651766909006,0.4799862548391923,0.14977319949768092,0.17007046946845708,0.8141789218517084,0.02029726997077616,0.5122500993015733,-0.0,1.3928463861388396,0.10926482481619999,0.2572680479614694,,0.12,2.0,0.500762661460847,0.015954833510366563,0.061457987108308895,0.9870831331262522,True,0.135315,0.20000000000000004
combined,stability_loss,10,Kalman OU,3.0000000000000004,0.9401183350296483,0.37209287662820617,0.233302749603865,2.0598816649703524,-0.13879012702434118,,,,,,0.0010000000000000002,0.12,,,,,,True,0.135315,0.20000000000000004
combined,stability_loss,10,Latent Neural SDE (VI),1.4759663343429565,0.5637616515159607,0.16549882308490232,0.16173848491740211,0.9122046828269958,-0.00376033816750021,,,,,,0.019282494176384408,0.12,,,,,,True,0.135315,0.20000000000000004
combined,stability_loss,10,Moment OU,2.3318691858131406,0.7165226171980765,0.22000794258182133,0.14674237694279194,1.615346568615064,-0.07326556563902939,,,,,,,0.12,,,,,,True,0.135315,0.20000000000000004
combined,stability_loss,10,Neural SDE (Euler),5.152090072631836,0.9066869020462036,0.047928730387630215,0.20603156299918712,4.245403170585632,0.15810283261155691,,,,,,,0.12,,,,,,True,0.135315,0.20000000000000004
combined,stability_loss,10,SINDy-STLSQ,3.655744124229942,1.2179368056602973,0.09704295007409011,0.16119182412608138,2.4378073185696447,0.06414887405199127,,,,,,,0.12,3.0,,,,,True,0.135315,0.20000000000000004
combined,stability_loss,11,Bayesian SINDy (spike-slab),,0.3105873864678912,,0.2825375982979929,,,0.5392576791438214,-0.0,1.661922107569953,0.1719032633642135,0.43386912058190896,,0.12,1.0,0.07670467981045238,0.22300258038048293,0.03922326870869245,0.9557154390115425,False,0.135315,0.20000000000000004
combined,stability_loss,11,Kalman OU,3.0000000000000004,0.9362506066455866,0.2631903249019541,0.3743217828130159,2.063749393354414,0.11113145791106183,,,,,,0.0010000000000000002,0.12,,,,,,True,0.135315,0.20000000000000004
combined,stability_loss,11,Latent Neural SDE (VI),1.0148347616195679,0.6150028109550476,0.0803743088829356,0.15627597243153776,0.39983195066452026,0.07590166354860216,,,,,,0.033742332610725206,0.12,,,,,,True,0.135315,0.20000000000000004
combined,stability_loss,11,Moment OU,,0.2653566498740717,,0.19475324866801091,,,,,,,,,0.12,,,,,,False,0.135315,0.20000000000000004
combined,stability_loss,11,Neural SDE (Euler),,0.8604531288146973,,0.17626465196336036,,,,,,,,,0.12,,,,,,False,0.135315,0.20000000000000004
combined,stability_loss,11,SINDy-STLSQ,,1.2228820677226508,,0.25567710775356894,,,,,,,,,0.12,4.0,,,,,False,0.135315,0.20000000000000004
combined,stability_loss,12,Bayesian SINDy (spike-slab),1.478700149717276,0.35546214155777706,0.145224643268817,0.10234387098026738,1.123238008159499,-0.042880772288549626,0.9994376779772013,-0.0,3.7245201984163643,0.05757838511217516,0.15809275246592788,,0.12,1.0,0.11144873536337419,0.1040037434266993,0.10383933843990915,0.8274365049885027,True,0.135315,0.20000000000000004
combined,stability_loss,12,Kalman OU,3.0000000000000004,0.6089544484955307,0.010000000000000005,0.14595730563056725,2.3910455515044697,0.13595730563056724,,,,,,0.0010000000000000002,0.12,,,,,,True,0.135315,0.20000000000000004
combined,stability_loss,12,Latent Neural SDE (VI),1.5878523588180542,0.23680175840854645,0.1465314194103052,0.10160100104935421,1.3510506004095078,-0.04493041836095099,,,,,,0.015651310594299528,0.12,,,,,,True,0.135315,0.20000000000000004
combined,stability_loss,12,Moment OU,,,,,,,,,,,,,0.12,,,,,,False,0.135315,0.20000000000000004
combined,stability_loss,12,Neural SDE (Euler),1.9481184482574463,-0.43324100971221924,0.1801205696952169,0.10025155119809304,2.3813594579696655,-0.07986901849712386,,,,,,,0.12,,,,,,True,0.135315,0.20000000000000004
combined,stability_loss,12,SINDy-STLSQ,2.7396740556032046,3.3828050014114788,0.12986005413993265,0.07852343329146029,-0.6431309458082741,-0.05133662084847236,,,,,,,0.12,4.0,,,,,True,0.135315,0.20000000000000004
combined,stability_loss,13,Bayesian SINDy (spike-slab),0.3511904806773484,0.34082502258036157,0.16629794681729773,0.12854881627135145,0.010365458096986857,-0.03774913054594628,0.49079680141085663,-0.0,1.3759199649395908,0.08318129794844159,0.20282059993852591,,0.12,1.0,0.3111542428085977,0.06595784866496913,0.05147596792494705,1.0627906722282958,True,0.135315,0.20000000000000004
combined,stability_loss,13,Kalman OU,1.0600905359476291,1.0023841004601595,0.2928284074221349,0.2613826010445164,0.057706435487469676,-0.03144580637761851,,,,,,0.0010000000000000002,0.12,,,,,,True,0.135315,0.20000000000000004
combined,stability_loss,13,Latent Neural SDE (VI),0.8281828165054321,1.4723789691925049,0.16713137084823912,0.13402282103997645,-0.6441961526870728,-0.033108549808262666,,,,,,0.02192641805021732,0.12,,,,,,True,0.135315,0.20000000000000004
combined,stability_loss,13,Moment OU,0.8884324484116022,1.3707770514505493,0.21931229192285492,0.23341742857299705,-0.4823446030389471,0.014105136650142125,,,,,,,0.12,,,,,,True,0.135315,0.20000000000000004
combined,stability_loss,13,Neural SDE (Euler),0.7124903202056885,1.9027056694030762,0.15953809143371261,0.16726063293586094,-1.1902153491973877,0.007722541502148322,,,,,,,0.12,,,,,,True,0.135315,0.20000000000000004
combined,stability_loss,13,SINDy-STLSQ,1.2303818283728845,1.7402813759681675,0.1524491490049854,0.11287524532498398,-0.509899547595283,-0.039573903680001424,,,,,,,0.12,4.0,,,,,True,0.135315,0.20000000000000004
combined,stability_loss,14,Bayesian SINDy (spike-slab),,0.02076575613537883,,0.11177227027360429,,,0.229748009602428,-0.0,0.48106567983934445,0.07482203869085391,0.1716897253615648,,0.12,1.0,0.03456167397397183,0.05372747887045254,0.020018266670815632,0.4336870116898465,False,0.135315,0.20000000000000004
combined,stability_loss,14,Kalman OU,3.0000000000000004,0.9226028997908469,0.010000000000000005,0.2190738722491583,2.0773971002091534,0.2090738722491583,,,,,,0.0010000000000000002,0.12,,,,,,True,0.135315,0.20000000000000004
combined,stability_loss,14,Latent Neural SDE (VI),1.3228548765182495,0.6046012043952942,0.1548192027230878,0.07637357898557486,0.7182536721229553,-0.07844562373751295,,,,,,0.01914507226061054,0.12,,,,,,True,0.135315,0.20000000000000004
combined,stability_loss,14,Moment OU,,,,,,,,,,,,,0.12,,,,,,False,0.135315,0.20000000000000004
combined,stability_loss,14,Neural SDE (Euler),,0.16586793959140778,,0.10925638154050193,,,,,,,,,0.12,,,,,,False,0.135315,0.20000000000000004
combined,stability_loss,14,SINDy-STLSQ,,1.4883734156513213,,0.07973325658842044,,,,,,,,,0.12,4.0,,,,,False,0.135315,0.20000000000000004
combined,stability_loss,15,Bayesian SINDy (spike-slab),0.6104665138879795,0.2429853615279713,0.2354096854817174,0.2633761398435549,0.36748115236000817,0.027966454361837506,0.4882920507159865,-0.0,1.3877509924946427,0.1657098482604242,0.40813893638697607,,0.12,1.0,0.20671706669316053,0.02882168825425591,0.08794327802540122,0.9347436039597794,True,0.135315,0.20000000000000004
combined,stability_loss,15,Kalman OU,2.801486942151,0.9341390407334876,0.4811699830406216,0.3605165182018546,1.8673479014175123,-0.12065346483876699,,,,,,0.0010000000000000002,0.12,,,,,,True,0.135315,0.20000000000000004
combined,stability_loss,15,Latent Neural SDE (VI),1.8494590520858765,1.8114818334579468,0.18264136224669292,0.17881881165417812,0.03797721862792969,-0.003822550592514795,,,,,,0.03134320319725079,0.12,,,,,,True,0.135315,0.20000000000000004
combined,stability_loss,15,Moment OU,2.7792090439978687,0.6761149418508694,0.40848260460567454,0.289013116813875,2.1030941021469993,-0.11946948779179956,,,,,,,0.12,,,,,,True,0.135315,0.20000000000000004
combined,stability_loss,15,Neural SDE (Euler),2.469938278198242,0.7393862009048462,0.23960904621039997,0.23420452782845097,1.730552077293396,-0.005404518381948997,,,,,,,0.12,,,,,,True,0.135315,0.20000000000000004
combined,stability_loss,15,SINDy-STLSQ,2.1541008739059238,1.0629029524246156,0.21930656098037277,0.25132672248702687,1.0911979214813081,0.0320201615066541,,,,,,,0.12,3.0,,,,,True,0.135315,0.20000000000000004
combined,stability_loss,16,Bayesian SINDy (spike-slab),,0.08717869578193696,,0.20959666569524488,,,0.2932630442911499,-0.0,0.9016737436528296,0.14059186827310433,0.3078095797335973,,0.12,1.0,0.04004835891848561,0.07119071992504626,0.07526877459788482,0.6726811998703528,False,0.135315,0.20000000000000004
combined,stability_loss,16,Kalman OU,0.7498344039635391,0.13917057119521076,0.3557424079336278,0.19794958754825723,0.6106638327683283,-0.1577928203853706,,,,,,0.06938902918975806,0.12,,,,,,True,0.135315,0.20000000000000004
combined,stability_loss,16,Latent Neural SDE (VI),1.2118127346038818,0.6881340146064758,0.18120453121242217,0.16452303992607112,0.523678719997406,-0.016681491286351047,,,,,,0.04785818228410236,0.12,,,,,,True,0.135315,0.20000000000000004
combined,stability_loss,16,Moment OU,,,,,,,,,,,,,0.12,,,,,,False,0.135315,0.20000000000000004
combined,stability_loss,16,Neural SDE (Euler),,0.6555333733558655,,0.46348555652169887,,,,,,,,,0.12,,,,,,False,0.135315,0.20000000000000004
combined,stability_loss,16,SINDy-STLSQ,,0.7364374757712147,,0.17011523056979497,,,,,,,,,0.12,4.0,,,,,False,0.135315,0.20000000000000004
combined,stability_loss,17,Bayesian SINDy (spike-slab),0.3854749088633113,0.2612605224625317,0.12978011349204674,0.1276587363182432,0.12421438640077964,-0.0021213771738035347,0.7793902327780647,-0.0,3.0488412918946506,0.07777397842290683,0.19606883926239688,,0.12,1.0,0.13083008479165292,0.04436899619951171,0.1001191362047329,0.7480335060812924,True,0.135315,0.20000000000000004
combined,stability_loss,17,Kalman OU,0.13470532887176534,0.6086104584129958,0.10727890172965528,0.18666340531410916,-0.47390512954123043,0.07938450358445388,,,,,,0.0010000000000000002,0.12,,,,,,True,0.135315,0.20000000000000004
combined,stability_loss,17,Latent Neural SDE (VI),0.4187023639678955,0.3057393729686737,0.15022244923636113,0.18256883219459066,0.1129629909992218,0.03234638295822953,,,,,,0.019708467231567744,0.12,,,,,,True,0.135315,0.20000000000000004
combined,stability_loss,17,Moment OU,0.3247505858861996,,0.1546664961526675,,,,,,,,,,0.12,,,,,,False,0.135315,0.20000000000000004
combined,stability_loss,17,Neural SDE (Euler),-0.059863537549972534,1.1780664920806885,0.08593895633267164,0.2974263916221936,-1.237930029630661,0.21148743528952196,,,,,,,0.12,,,,,,True,0.135315,0.20000000000000004
combined,stability_loss,17,SINDy-STLSQ,2.8336074942363028,2.476957370443267,0.11388147541612653,0.09855967416011724,0.35665012379303596,-0.015321801256009293,,,,,,,0.12,4.0,,,,,True,0.135315,0.20000000000000004
combined,stability_loss,18,Bayesian SINDy (spike-slab),2.4119064221405075,0.5698280593747936,0.07926621803554744,0.21248902993331914,1.8420783627657138,0.1332228118977717,0.8151159601047172,-0.0,2.5653134173187415,0.12478578219024956,0.32372377768338384,,0.12,1.0,0.26504073323790406,0.2622128441619878,0.16633925532864086,1.397741584916451,True,0.135315,0.20000000000000004
combined,stability_loss,18,Kalman OU,3.0000000000000004,0.55465205953923,0.010000000000000005,0.3225391228043716,2.4453479404607705,0.31253912280437157,,,,,,0.0010000000000000002,0.12,,,,,,True,0.135315,0.20000000000000004
combined,stability_loss,18,Latent Neural SDE (VI),1.3109872341156006,0.4098908305168152,0.16637186902144258,0.3159478835227812,0.9010964035987854,0.14957601450133862,,,,,,0.03495054230432601,0.12,,,,,,True,0.135315,0.20000000000000004
combined,stability_loss,18,Moment OU,,0.36468901061457853,,0.25572431166754184,,,,,,,,,0.12,,,,,,False,0.135315,0.20000000000000004
combined,stability_loss,18,Neural SDE (Euler),3.4818592071533203,1.198498249053955,0.07471003717130827,0.2348124034147621,2.2833609580993652,0.1601023662434538,,,,,,,0.12,,,,,,True,0.135315,0.20000000000000004
combined,stability_loss,18,SINDy-STLSQ,2.717355966619061,2.054021282659589,0.07461958297565136,0.16347990353159456,0.663334683959472,0.0888603205559432,,,,,,,0.12,4.0,,,,,True,0.135315,0.20000000000000004
combined,stability_loss,19,Bayesian SINDy (spike-slab),1.0947168322547496,0.039628140005851124,0.16401986010308497,0.22413077227657696,1.0550886922488985,0.06011091217349199,0.16161292923770942,-0.0,0.5948686002156128,0.15895441101522795,0.322698923475379,,0.12,1.0,0.0616526492201874,0.021740688327556282,0.01760067992835404,0.42366150644807027,True,0.135315,0.20000000000000004
combined,stability_loss,19,Kalman OU,1.444826517977213,0.45021204910299817,0.33444659478511857,0.2608347733756125,0.9946144688742149,-0.07361182140950606,,,,,,0.0010000000000000002,0.12,,,,,,True,0.135315,0.20000000000000004
combined,stability_loss,19,Latent Neural SDE (VI),0.489841103553772,0.4411977529525757,0.1868341045266027,0.1823911201242814,0.04864335060119629,-0.004442984402321298,,,,,,0.03446329268986217,0.12,,,,,,True,0.135315,0.20000000000000004
combined,stability_loss,19,Moment OU,1.216511773530619,0.34196437274503844,0.25619909407834374,0.21543102110451753,0.8745474007855806,-0.0407680729738262,,,,,,,0.12,,,,,,True,0.135315,0.20000000000000004
combined,stability_loss,19,Neural SDE (Euler),0.44097501039505005,0.5944737195968628,0.2637902048511281,0.5368994755338611,-0.15349870920181274,0.273109270682733,,,,,,,0.12,,,,,,True,0.135315,0.20000000000000004
combined,stability_loss,19,SINDy-STLSQ,12.043718279447242,1.2422448178044891,0.09131785043196325,0.21328859354348656,10.801473461642754,0.12197074311152331,,,,,,,0.12,4.0,,,,,True,0.135315,0.20000000000000004
combined,stability_loss,20,Bayesian SINDy (spike-slab),1.0456726693172866,1.3552631558074963,0.18135517627194236,0.12426967446449884,-0.3095904864902097,-0.057085501807443526,0.4691283605742228,0.4612269499189134,2.039790998589885,0.08308989360006906,0.19449456970374748,,0.12,2.0,0.9018107408649351,0.11747363461421605,0.03933927208875119,0.6430910328746555,True,0.135315,0.20000000000000004
combined,stability_loss,20,Kalman OU,3.0000000000000004,0.16553573502044686,0.43080822544844116,0.12902341391308084,2.8344642649795535,-0.3017848115353603,,,,,,0.15750386429013302,0.12,,,,,,True,0.135315,0.20000000000000004
combined,stability_loss,20,Latent Neural SDE (VI),1.101034164428711,0.4400944411754608,0.16526672117018473,0.15044849741771413,0.6609397232532501,-0.014818223752470605,,,,,,0.02774640872896285,0.12,,,,,,True,0.135315,0.20000000000000004
combined,stability_loss,20,Moment OU,2.3708737320801,,0.29488043909155215,,,,,,,,,,0.12,,,,,,False,0.135315,0.20000000000000004
combined,stability_loss,20,Neural SDE (Euler),1.0899029970169067,1.4314454793930054,0.18497404405646087,0.1935540526782122,-0.34154248237609863,0.008580008621751345,,,,,,,0.12,,,,,,True,0.135315,0.20000000000000004
combined,stability_loss,20,SINDy-STLSQ,1.1464054094069152,1.452192277990906,0.18600972709780603,0.13220496440205412,-0.30578686858399085,-0.053804762695751907,,,,,,,0.12,4.0,,,,,True,0.135315,0.20000000000000004
combined,stability_loss,21,Bayesian SINDy (spike-slab),0.4512203606248779,,0.1544159348446974,,,,,,,,,,0.12,,,,,,False,0.135315,0.20000000000000004
combined,stability_loss,21,Kalman OU,0.1634725694908802,0.18975474181391455,0.11268339599275343,0.12485431330511565,-0.026282172323034342,0.012170917312362223,,,,,,0.12669871999246865,0.12,,,,,,True,0.135315,0.20000000000000004
combined,stability_loss,21,Latent Neural SDE (VI),1.1346774101257324,1.239335298538208,0.13342894163145824,0.152964666492569,-0.10465788841247559,0.01953572486111077,,,,,,0.02869983093374771,0.12,,,,,,True,0.135315,0.20000000000000004
combined,stability_loss,21,Moment OU,0.3055575255766566,,0.15027536076595963,,,,,,,,,,0.12,,,,,,False,0.135315,0.20000000000000004
combined,stability_loss,21,Neural SDE (Euler),0.8937103748321533,,0.20975069076178574,,,,,,,,,,0.12,,,,,,False,0.135315,0.20000000000000004
combined,stability_loss,21,SINDy-STLSQ,1.1962966804158734,,0.14234305848953607,,,,,,,,,,0.12,,,,,,False,0.135315,0.20000000000000004
combined,stability_loss,22,Bayesian SINDy (spike-slab),0.3390745085314572,0.31311345825273756,0.14332773328132614,0.1630955986447873,0.025961050278719644,0.019767865363461146,0.886089133614326,-0.0,1.874877744562301,0.11307541528598852,0.23978396109590266,,0.12,1.0,0.1109509464852419,0.20984159023535712,0.12744410409280246,1.2348426819886997,True,0.135315,0.20000000000000004
combined,stability_loss,22,Kalman OU,1.1704208129248959,0.19898830614074986,0.2137361617311344,0.18162151065398754,0.971432506784146,-0.032114651077146866,,,,,,0.050388044741950064,0.12,,,,,,True,0.135315,0.20000000000000004
combined,stability_loss,22,Latent Neural SDE (VI),0.871539831161499,0.48466354608535767,0.15277803148123406,0.19375345042054173,0.38687628507614136,0.04097541893930767,,,,,,0.026974808533534858,0.12,,,,,,True,0.135315,0.20000000000000004
combined,stability_loss,22,Moment OU,,1.8925123625189872,,0.3754266337788372,,,,,,,,,0.12,,,,,,False,0.135315,0.20000000000000004
combined,stability_loss,22,Neural SDE (Euler),1.6511156558990479,1.0872708559036255,0.1444814713675423,0.21594683474276313,0.5638447999954224,0.07146536337522083,,,,,,,0.12,,,,,,True,0.135315,0.20000000000000004
combined,stability_loss,22,SINDy-STLSQ,0.7801896755774038,1.9153647151685873,0.13659451698442032,0.1606341573033606,-1.1351750395911835,0.024039640318940264,,,,,,,0.12,4.0,,,,,True,0.135315,0.20000000000000004
combined,stability_loss,23,Bayesian SINDy (spike-slab),,,,,,,,,,,,,0.12,,,,,,False,0.135315,0.20000000000000004
combined,stability_loss,23,Kalman OU,0.10841932459564624,1.3379483430665886,0.08261088403854029,0.3002263405359892,-1.2295290184709424,0.2176154564974489,,,,,,0.0010000000000000002,0.12,,,,,,True,0.135315,0.20000000000000004
combined,stability_loss,23,Latent Neural SDE (VI),0.4321039319038391,0.4982959032058716,0.2663152987283332,0.14202226287209987,-0.06619197130203247,-0.12429303585623333,,,,,,0.022645644512434816,0.12,,,,,,True,0.135315,0.20000000000000004
combined,stability_loss,23,Moment OU,,,,,,,,,,,,,0.12,,,,,,False,0.135315,0.20000000000000004
combined,stability_loss,23,Neural SDE (Euler),,,,,,,,,,,,,0.12,,,,,,False,0.135315,0.20000000000000004
combined,stability_loss,23,SINDy-STLSQ,,,,,,,,,,,,,0.12,,,,,,False,0.135315,0.20000000000000004
combined,stability_loss,24,Bayesian SINDy (spike-slab),0.1411650319423212,0.24050755715158584,0.2155842146225551,0.13271447432751768,-0.09934252520926465,-0.08286974029503741,0.18834320062650745,-0.0,0.5588414498828362,0.08601300106385402,0.21270155426038712,,0.12,2.0,0.6693317207295689,0.03642539199720518,0.04165677291191392,0.9412553697204606,True,0.135315,0.20000000000000004
combined,stability_loss,24,Kalman OU,1.7139241735839963,0.05889561202524093,0.37758095235637057,0.1801067631970387,1.6550285615587554,-0.19747418915933188,,,,,,0.0010000000000000002,0.12,,,,,,True,0.135315,0.20000000000000004
combined,stability_loss,24,Latent Neural SDE (VI),0.9832451939582825,0.5491188764572144,0.22244070237079888,0.11131487527598014,0.4341263175010681,-0.11112582709481875,,,,,,0.044010222675300095,0.12,,,,,,True,0.135315,0.20000000000000004
combined,stability_loss,24,Moment OU,1.155864508005216,0.24646415560720175,0.2656678523505201,0.27250250140885546,0.9094003523980141,0.0068346490583353625,,,,,,,0.12,,,,,,True,0.135315,0.20000000000000004
combined,stability_loss,24,Neural SDE (Euler),1.198987364768982,0.5180996656417847,0.23445145336541237,0.021055648677439726,0.6808876991271973,-0.21339580468797265,,,,,,,0.12,,,,,,True,0.135315,0.20000000000000004
combined,stability_loss,24,SINDy-STLSQ,1.0094996992048726,0.6861380518018659,0.2219858383776179,0.12028857611425481,0.32336164740300666,-0.10169726226336309,,,,,,,0.12,4.0,,,,,True,0.135315,0.20000000000000004
combined,stability_loss,25,Bayesian SINDy (spike-slab),0.9253951696521654,0.04299105820327975,0.12426715829877616,0.24537134911449704,0.8824041114488856,0.12110419081572088,0.14124647132887863,-0.0,0.5327085873230766,0.18331051718362312,0.33767533295304797,,0.12,1.0,0.057461922135944934,0.01551467342110223,0.04388470265708278,0.4783807851210549,True,0.135315,0.20000000000000004
combined,stability_loss,25,Kalman OU,0.7754249116969499,0.3857200278255343,0.20183302969352612,0.27535250314939713,0.38970488387141566,0.07351947345587101,,,,,,0.0010000000000000002,0.12,,,,,,True,0.135315,0.20000000000000004
combined,stability_loss,25,Latent Neural SDE (VI),-0.012937989085912704,0.32223546504974365,0.15909923856989713,0.21443049238207765,-0.33517345413565636,0.055331253812180514,,,,,,0.03736054022554412,0.12,,,,,,True,0.135315,0.20000000000000004
combined,stability_loss,25,Moment OU,0.5123649606256231,0.14431486749349126,0.11989708741238896,0.17021559145334583,0.36805009313213183,0.05031850404095688,,,,,,,0.12,,,,,,True,0.135315,0.20000000000000004
combined,stability_loss,25,Neural SDE (Euler),1.2587368488311768,0.27142342925071716,0.148409224961172,0.2218695603628062,0.9873134195804596,0.07346033540163419,,,,,,,0.12,,,,,,True,0.135315,0.20000000000000004
combined,stability_loss,25,SINDy-STLSQ,2.289881566823669,0.5113803068574364,0.10862729018367559,0.22442858752943207,1.7785012599662329,0.11580129734575648,,,,,,,0.12,4.0,,,,,True,0.135315,0.20000000000000004
combined,stability_loss,26,Bayesian SINDy (spike-slab),0.018911918372749238,,0.11128480042161519,,,,,,,,,,0.12,,,,,,False,0.135315,0.20000000000000004
combined,stability_loss,26,Kalman OU,0.363580368833104,0.06283597687635413,0.14041706560561182,0.17256388562271033,0.3007443919567499,0.03214682001709851,,,,,,0.0010000000000000002,0.12,,,,,,True,0.135315,0.20000000000000004
combined,stability_loss,26,Latent Neural SDE (VI),0.6579341888427734,-0.13519471883773804,0.1319003162578576,0.09674362318755071,0.7931289076805115,-0.0351566930703069,,,,,,0.03319123641036179,0.12,,,,,,True,0.135315,0.20000000000000004
combined,stability_loss,26,Moment OU,0.046480704078752426,,0.036945426206214,,,,,,,,,,0.12,,,,,,False,0.135315,0.20000000000000004
combined,stability_loss,26,Neural SDE (Euler),0.8675224781036377,,0.18436144796504894,,,,,,,,,,0.12,,,,,,False,0.135315,0.20000000000000004
combined,stability_loss,26,SINDy-STLSQ,1.2867068453830228,,0.12240071160544362,,,,,,,,,,0.12,,,,,,False,0.135315,0.20000000000000004
combined,stability_loss,27,Bayesian SINDy (spike-slab),,0.06482068742807233,,0.2729131143356426,,,0.24115410354185168,-0.0,0.7740930812191024,0.18792323355935023,0.3953243329911838,,0.12,1.0,0.057850711217054006,0.030125182166977738,0.0326763701079417,0.5000155263749237,False,0.135315,0.20000000000000004
combined,stability_loss,27,Kalman OU,3.0000000000000004,0.11860392049170347,0.010000000000000005,0.12864205499013312,2.881396079508297,0.11864205499013311,,,,,,0.1603815167555011,0.12,,,,,,True,0.135315,0.20000000000000004
combined,stability_loss,27,Latent Neural SDE (VI),1.6838642358779907,0.8642376661300659,0.18914897437845932,0.27110941723997967,0.8196265697479248,0.08196044286152035,,,,,,0.03652921731384308,0.12,,,,,,True,0.135315,0.20000000000000004
combined,stability_loss,27,Moment OU,,0.4648884742420773,,0.2775836083687321,,,,,,,,,0.12,,,,,,False,0.135315,0.20000000000000004
combined,stability_loss,27,Neural SDE (Euler),,1.3135056495666504,,0.4427132316545141,,,,,,,,,0.12,,,,,,False,0.135315,0.20000000000000004
combined,stability_loss,27,SINDy-STLSQ,,0.6537548776656013,,0.28322369919657653,,,,,,,,,0.12,4.0,,,,,False,0.135315,0.20000000000000004
combined,stability_loss,28,Bayesian SINDy (spike-slab),0.9903386597053176,0.1328713152281594,0.10816492608120332,0.25511115814334767,0.8574673444771582,0.14694623206214436,0.38774540204586905,-0.0,1.209458313520995,0.1729334750015223,0.3793554719078734,,0.12,1.0,0.09485770692166849,0.11350801236613776,0.04751348214676506,0.8539389712592047,True,0.135315,0.20000000000000004
combined,stability_loss,28,Kalman OU,2.911248796411959,1.0851621658166692,0.39781782926366344,0.3692829741036219,1.8260866305952899,-0.02853485516004156,,,,,,0.060073230188504835,0.12,,,,,,True,0.135315,0.20000000000000004
combined,stability_loss,28,Latent Neural SDE (VI),0.7122262716293335,0.7507352828979492,0.15736737053920372,0.2257680631575667,-0.03850901126861572,0.06840069261836298,,,,,,0.030640116612707272,0.12,,,,,,True,0.135315,0.20000000000000004
combined,stability_loss,28,Moment OU,1.8142415675395642,1.6273765084392748,0.23162384227886715,0.41780588736290986,0.1868650591002894,0.1861820450840427,,,,,,,0.12,,,,,,True,0.135315,0.20000000000000004
combined,stability_loss,28,Neural SDE (Euler),1.3349673748016357,0.3547295331954956,0.14618368781396957,0.19773258430422455,0.9802378416061401,0.051548896490254986,,,,,,,0.12,,,,,,True,0.135315,0.20000000000000004
combined,stability_loss,28,SINDy-STLSQ,0.7530654585893959,0.8774677075456088,0.11470761280587785,0.23912554588193433,-0.12440224895621288,0.12441793307605648,,,,,,,0.12,3.0,,,,,True,0.135315,0.20000000000000004
combined,stability_loss,29,Bayesian SINDy (spike-slab),1.0319228187001288,1.1585142320413617,0.1867832073557703,0.13031627877836244,-0.12659141334123292,-0.05646692857740787,0.6522095062925135,-0.0,2.441940874135352,0.07957073819250961,0.21957747971685634,,0.12,3.0,0.9547399166211852,0.5072582992402215,0.05459390013140778,1.0582547189983402,True,0.135315,0.20000000000000004
combined,stability_loss,29,Kalman OU,3.0000000000000004,0.2020156639892223,0.08417756761790607,0.18911990659029446,2.7979843360107783,0.10494233897238839,,,,,,0.09742727720112533,0.12,,,,,,True,0.135315,0.20000000000000004
combined,stability_loss,29,Latent Neural SDE (VI),1.4626388549804688,1.3341516256332397,0.1884641387718172,0.16274739829152166,0.128487229347229,-0.02571674048029554,,,,,,0.03430640277619628,0.12,,,,,,True,0.135315,0.20000000000000004
combined,stability_loss,29,Moment OU,3.9342924138947692,0.6330802326421552,0.3450305792731752,0.30942110523840927,3.3012121812526143,-0.03560947403476594,,,,,,,0.12,,,,,,True,0.135315,0.20000000000000004
combined,stability_loss,29,Neural SDE (Euler),1.5343111753463745,2.2098124027252197,0.22910662236252669,0.08131249478994008,-0.6755012273788452,-0.1477941275725866,,,,,,,0.12,,,,,,True,0.135315,0.20000000000000004
combined,stability_loss,29,SINDy-STLSQ,1.4616571281450692,2.028258271270617,0.1835120605280905,0.11425344614127977,-0.566601143125548,-0.06925861438681072,,,,,,,0.12,4.0,,,,,True,0.135315,0.20000000000000004
combined,stability_loss,30,Bayesian SINDy (spike-slab),1.390845989157855,,0.11493388680736744,,,,,,,,,,0.12,,,,,,False,0.135315,0.20000000000000004
combined,stability_loss,30,Kalman OU,3.0000000000000004,0.751038771850047,0.010000000000000005,0.27307958369485147,2.2489612281499536,0.26307958369485146,,,,,,0.0010000000000000002,0.12,,,,,,True,0.135315,0.20000000000000004
combined,stability_loss,30,Latent Neural SDE (VI),0.9795699119567871,0.5717954635620117,0.11299011162063309,0.21769547199740785,0.4077744483947754,0.10470536037677476,,,,,,0.02416997044846726,0.12,,,,,,True,0.135315,0.20000000000000004
combined,stability_loss,30,Moment OU,,,,,,,,,,,,,0.12,,,,,,False,0.135315,0.20000000000000004
combined,stability_loss,30,Neural SDE (Euler),1.467895269393921,,0.09518573968081188,,,,,,,,,,0.12,,,,,,False,0.135315,0.20000000000000004
combined,stability_loss,30,SINDy-STLSQ,1.192561021869086,,0.12601569166336057,,,,,,,,,,0.12,,,,,,False,0.135315,0.20000000000000004
combined,stability_loss,31,Bayesian SINDy (spike-slab),0.2532816075777689,0.04761063164970583,0.13817397855638527,0.23217311452440906,0.20567097592806308,0.09399913596802378,0.19780177403709168,-0.0,0.6715877635779924,0.15691317546280037,0.36131395567275437,,0.12,1.0,0.04058595818179189,0.03448425783381039,0.017513478117365394,0.407948220591157,True,0.135315,0.20000000000000004
combined,stability_loss,31,Kalman OU,0.25684820065852615,0.5913376807448543,0.10280736913288659,0.2908503014210766,-0.3344894800863281,0.18804293228819002,,,,,,0.0010000000000000002,0.12,,,,,,True,0.135315,0.20000000000000004
combined,stability_loss,31,Latent Neural SDE (VI),0.4449353516101837,0.6587332487106323,0.09417672945952787,0.3288788730931943,-0.2137978971004486,0.23470214363366643,,,,,,0.033924491657481654,0.12,,,,,,True,0.135315,0.20000000000000004
combined,stability_loss,31,Moment OU,,0.056587757838638904,,0.08942312857096724,,,,,,,,,0.12,,,,,,False,0.135315,0.20000000000000004
combined,stability_loss,31,Neural SDE (Euler),0.7246211767196655,0.7753263115882874,0.14456534449644765,0.5599130803093813,-0.050705134868621826,0.4153477358129336,,,,,,,0.12,,,,,,True,0.135315,0.20000000000000004
combined,stability_loss,31,SINDy-STLSQ,1.351779105628406,0.49025237173777636,0.13425260542227732,0.24210902953092237,0.8615267338906297,0.10785642410864504,,,,,,,0.12,3.0,,,,,True,0.135315,0.20000000000000004
combined,stability_loss,32,Bayesian SINDy (spike-slab),,1.5139853148568685,,0.19072150044741726,,,0.855732814286524,-0.0,2.651070843048786,0.10677704752101003,0.38106327735169365,,0.12,3.0,0.5227260745895261,0.7814341787916297,0.15014057096909866,1.4077205807173152,False,0.135315,0.20000000000000004
combined,stability_loss,32,Kalman OU,0.40485052090506507,0.20624361082004267,0.189101697893681,0.21564431307134893,0.1986069100850224,0.026542615177667928,,,,,,0.1354780719922854,0.12,,,,,,True,0.135315,0.20000000000000004
combined,stability_loss,32,Latent Neural SDE (VI),0.5614492297172546,0.19550800323486328,0.04766521885528561,0.2504434310190096,0.36594122648239136,0.20277821216372402,,,,,,0.04483834077775832,0.12,,,,,,True,0.135315,0.20000000000000004
combined,stability_loss,32,Moment OU,,0.36497923391597703,,0.3145962912751237,,,,,,,,,0.12,,,,,,False,0.135315,0.20000000000000004
combined,stability_loss,32,Neural SDE (Euler),,2.0428614616394043,,0.03842336092778465,,,,,,,,,0.12,,,,,,False,0.135315,0.20000000000000004
combined,stability_loss,32,SINDy-STLSQ,,1.921730481236855,,0.16406626937969823,,,,,,,,,0.12,3.0,,,,,False,0.135315,0.20000000000000004
combined,stability_loss,33,Bayesian SINDy (spike-slab),1.4704603475704214,,0.131855801587067,,,,,,,,,,0.12,,,,,,False,0.135315,0.20000000000000004
combined,stability_loss,33,Kalman OU,3.0000000000000004,0.1387265524310977,0.010000000000000005,0.1797829876233892,2.8612734475689026,0.1697829876233892,,,,,,0.16555887032641475,0.12,,,,,,True,0.135315,0.20000000000000004
combined,stability_loss,33,Latent Neural SDE (VI),2.109886884689331,0.3827141523361206,0.12311525964750124,0.21154785706797627,1.7271727323532104,0.08843259742047503,,,,,,0.04424069992931886,0.12,,,,,,True,0.135315,0.20000000000000004
combined,stability_loss,33,Moment OU,,,,,,,,,,,,,0.12,,,,,,False,0.135315,0.20000000000000004
combined,stability_loss,33,Neural SDE (Euler),2.5267813205718994,,0.15314984881299953,,,,,,,,,,0.12,,,,,,False,0.135315,0.20000000000000004
combined,stability_loss,33,SINDy-STLSQ,1.9230680421132447,,0.12335595350243023,,,,,,,,,,0.12,,,,,,False,0.135315,0.20000000000000004
combined,stability_loss,34,Bayesian SINDy (spike-slab),0.08620343138247433,0.14572277416261273,0.17891639621945946,0.22227728566091134,-0.0595193427801384,0.04336088944145189,0.2800789788862501,-0.0,0.8551997237102034,0.14750426418773502,0.33619009849757747,,0.12,1.0,0.210129314921889,0.01894993283754794,0.04346806113483438,0.7843463945180911,True,0.135315,0.20000000000000004
combined,stability_loss,34,Kalman OU,1.9029553855777537,0.46868559957610834,0.40080177391335076,0.2721754769742129,1.4342697860016453,-0.12862629693913785,,,,,,0.0010000000000000002,0.12,,,,,,True,0.135315,0.20000000000000004
combined,stability_loss,34,Latent Neural SDE (VI),0.7699854373931885,0.551440954208374,0.2449746535694369,0.23531823332833562,0.21854448318481445,-0.009656420241101277,,,,,,0.033814023816327976,0.12,,,,,,True,0.135315,0.20000000000000004
combined,stability_loss,34,Moment OU,1.127036210520821,0.2601618282256608,0.26674912106831655,0.1993542731136273,0.8668743822951601,-0.06739484795468925,,,,,,,0.12,,,,,,True,0.135315,0.20000000000000004
combined,stability_loss,34,Neural SDE (Euler),1.849953532218933,1.150789737701416,0.26557692646863323,0.25010222788568764,0.6991637945175171,-0.01547469858294559,,,,,,,0.12,,,,,,True,0.135315,0.20000000000000004
combined,stability_loss,34,SINDy-STLSQ,1.2732911793512771,0.5171930061456055,0.18512168869614284,0.2119549366564033,0.7560981732056716,0.02683324796026046,,,,,,,0.12,2.0,,,,,True,0.135315,0.20000000000000004
combined,stability_loss,35,Bayesian SINDy (spike-slab),0.36475988740404364,1.2336136455244668,0.1733390030362578,0.1778004579133526,-0.8688537581204232,0.004461454877094817,0.3969979003164396,-0.0,1.8657966047919363,0.12226084213878305,0.27560044279747514,,0.12,2.0,0.9124986805133606,0.015967844258524395,0.06378926705989169,0.5194451423226543,True,0.135315,0.20000000000000004
combined,stability_loss,35,Kalman OU,0.5464503209778616,0.28623292222187,0.24485779765554,0.07232862782863372,0.2602173987559916,-0.17252916982690628,,,,,,0.1809364199978572,0.12,,,,,,True,0.135315,0.20000000000000004
combined,stability_loss,35,Latent Neural SDE (VI),0.19342967867851257,1.135509967803955,0.15389079004816866,0.22786704287440088,-0.9420802891254425,0.07397625282623221,,,,,,0.02422933188944879,0.12,,,,,,True,0.135315,0.20000000000000004
combined,stability_loss,35,Moment OU,0.20671147288492392,,0.13322319707793087,,,,,,,,,,0.12,,,,,,False,0.135315,0.20000000000000004
combined,stability_loss,35,Neural SDE (Euler),0.5593482851982117,1.392871618270874,0.13885507442944503,0.2290924225025382,-0.8335233330726624,0.09023734807309317,,,,,,,0.12,,,,,,True,0.135315,0.20000000000000004
combined,stability_loss,35,SINDy-STLSQ,1.1583000037798379,1.2879357777612168,0.15508985446006723,0.19118117052992467,-0.12963577398137893,0.03609131606985744,,,,,,,0.12,2.0,,,,,True,0.135315,0.20000000000000004
combined,stationary,0,Bayesian SINDy (spike-slab),2.5108153550223222,0.4670122362325578,0.0907210454608904,0.13980299209908828,2.0438031187897643,0.049081946638197885,0.41912489832467476,-0.0,1.2042960790888124,0.08797618600137974,0.23003781296423612,,0.12,2.0,0.5841741024354545,0.03248028012991848,0.0316855694992572,0.9436692020108053,True,0.8000000000000002,0.20000000000000004
combined,stationary,0,Kalman OU,3.0000000000000004,0.9691443212476225,0.010000000000000005,0.25479531879594286,2.0308556787523777,0.24479531879594285,,,,,,0.0010000000000000002,0.12,,,,,,True,0.8000000000000002,0.20000000000000004
combined,stationary,0,Latent Neural SDE (VI),3.603696584701538,0.9464117288589478,0.08193224867389515,0.14464307882228353,2.6572848558425903,0.06271083014838838,,,,,,0.02162907310898083,0.12,,,,,,True,0.8000000000000002,0.20000000000000004
combined,stationary,0,Moment OU,,0.6355331505795225,,0.162504246940754,,,,,,,,,0.12,,,,,,False,0.8000000000000002,0.20000000000000004
combined,stationary,0,Neural SDE (Euler),4.981722354888916,0.6288439035415649,0.0842152837949029,0.16451440722707578,4.352878451347351,0.08029912343217288,,,,,,,0.12,,,,,,True,0.8000000000000002,0.20000000000000004
combined,stationary,0,SINDy-STLSQ,3.271272570027195,0.7953065451983564,0.0883155754124954,0.1322491225941248,2.4759660248288387,0.043933547181629395,,,,,,,0.12,4.0,,,,,True,0.8000000000000002,0.20000000000000004
combined,stationary,1,Bayesian SINDy (spike-slab),2.0586297972625225,0.653674958734124,0.12015763932141865,0.1158285786883588,1.4049548385283985,-0.00432906063305985,0.641100479454084,-0.0,1.8434109524741922,0.07137085037737823,0.18734532211413085,,0.12,1.0,0.34934803822902155,0.027110247975003592,0.3208199893242871,1.282207498382408,True,0.8000000000000002,0.20000000000000004
combined,stationary,1,Kalman OU,3.0000000000000004,2.1847866444753112,0.010000000000000005,0.22955339935782665,0.8152133555246892,0.21955339935782664,,,,,,0.0010000000000000002,0.12,,,,,,True,0.8000000000000002,0.20000000000000004
combined,stationary,1,Latent Neural SDE (VI),0.9552867412567139,0.4858893156051636,0.0833406861342746,0.10288967233049333,0.4693974256515503,0.019548986196218726,,,,,,0.013631634087918136,0.12,,,,,,True,0.8000000000000002,0.20000000000000004
combined,stationary,1,Moment OU,,,,,,,,,,,,,0.12,,,,,,False,0.8000000000000002,0.20000000000000004
combined,stationary,1,Neural SDE (Euler),3.037062644958496,2.105466365814209,0.04831167854318645,0.08208704995142854,0.9315962791442871,0.03377537140824209,,,,,,,0.12,,,,,,True,0.8000000000000002,0.20000000000000004
combined,stationary,1,SINDy-STLSQ,1.8550870488464493,1.4608235823893116,0.1251271920203834,0.1058832399145477,0.3942634664571376,-0.019243952105835682,,,,,,,0.12,4.0,,,,,True,0.8000000000000002,0.20000000000000004
combined,stationary,2,Bayesian SINDy (spike-slab),,0.3664207580746713,,0.22408349053064214,,,0.8022496247923793,-0.0,2.142053629687206,0.14142015091698096,0.3495117938382972,,0.12,1.0,0.18533491251174636,0.05470005572918729,0.2484710554236263,1.220166604906587,False,0.8000000000000002,0.20000000000000004
combined,stationary,2,Kalman OU,1.6198979266208013,0.7607043944685808,0.2857193413008921,0.3153880975403932,0.8591935321522205,0.029668756239501104,,,,,,0.0010000000000000002,0.12,,,,,,True,0.8000000000000002,0.20000000000000004
combined,stationary,2,Latent Neural SDE (VI),1.2772232294082642,0.37214675545692444,0.17668754836634035,0.18581477291611825,0.9050764739513397,0.009127224549777907,,,,,,0.029788513419851743,0.12,,,,,,True,0.8000000000000002,0.20000000000000004
combined,stationary,2,Moment OU,,0.7280981207094401,,0.2805334124197303,,,,,,,,,0.12,,,,,,False,0.8000000000000002,0.20000000000000004
combined,stationary,2,Neural SDE (Euler),,0.7406985759735107,,0.20500877915561733,,,,,,,,,0.12,,,,,,False,0.8000000000000002,0.20000000000000004
combined,stationary,2,SINDy-STLSQ,,2.127497501665668,,0.15306588859203715,,,,,,,,,0.12,4.0,,,,,False,0.8000000000000002,0.20000000000000004
combined,stationary,3,Bayesian SINDy (spike-slab),4.313970240005427,0.5986402718180248,0.1307882013617993,0.24162934807247066,3.715329968187403,0.11084114671067136,0.6108452286892213,-0.0,1.715300758087911,0.16014610444298602,0.3708095749872204,,0.12,2.0,0.5192805221611981,0.015901404635718076,0.04068351325821957,0.9354824583602201,True,0.8000000000000002,0.20000000000000004
combined,stationary,3,Kalman OU,3.0000000000000004,2.631584079754889,0.5463839317272414,0.44308085501533884,0.3684159202451114,-0.10330307671190259,,,,,,0.0010000000000000002,0.12,,,,,,True,0.8000000000000002,0.20000000000000004
combined,stationary,3,Latent Neural SDE (VI),1.326067328453064,0.9819566011428833,0.21874601106613445,0.20877451325961127,0.34411072731018066,-0.009971497806523177,,,,,,0.021891891318313896,0.12,,,,,,True,0.8000000000000002,0.20000000000000004
combined,stationary,3,Moment OU,2.75672847760206,1.8756658013114123,0.4675965243491963,0.3093681483198395,0.8810626762906477,-0.1582283760293568,,,,,,,0.12,,,,,,True,0.8000000000000002,0.20000000000000004
combined,stationary,3,Neural SDE (Euler),-1.7615329027175903,0.7144807577133179,0.24374817042090782,0.24764761448732206,-2.476013660430908,0.003899444066414237,,,,,,,0.12,,,,,,True,0.8000000000000002,0.20000000000000004
combined,stationary,3,SINDy-STLSQ,4.65859523360438,1.4558977028704927,0.12820578891723355,0.22886775945513468,3.2026975307338876,0.10066197053790113,,,,,,,0.12,4.0,,,,,True,0.8000000000000002,0.20000000000000004
combined,stationary,4,Bayesian SINDy (spike-slab),0.3538416740536374,,0.2806854309331893,,,,,,,,,,0.12,,,,,,False,0.8000000000000002,0.20000000000000004
combined,stationary,4,Kalman OU,2.0842277903593187,3.0000000000000004,0.46045325879411997,0.010000000000000005,-0.9157722096406817,-0.45045325879411996,,,,,,0.12699388527503455,0.12,,,,,,True,0.8000000000000002,0.20000000000000004
combined,stationary,4,Latent Neural SDE (VI),1.9142842292785645,2.4265642166137695,0.15891306402834318,0.09004590965800502,-0.5122799873352051,-0.06886715437033816,,,,,,0.01567849928076763,0.12,,,,,,True,0.8000000000000002,0.20000000000000004
combined,stationary,4,Moment OU,1.0907986039105355,,0.3003546244796438,,,,,,,,,,0.12,,,,,,False,0.8000000000000002,0.20000000000000004
combined,stationary,4,Neural SDE (Euler),2.557169198989868,,0.2557653398709743,,,,,,,,,,0.12,,,,,,False,0.8000000000000002,0.20000000000000004
combined,stationary,4,SINDy-STLSQ,1.695858149798417,,0.253139647076591,,,,,,,,,,0.12,,,,,,False,0.8000000000000002,0.20000000000000004
combined,stationary,5,Bayesian SINDy (spike-slab),,0.10892113888036345,,0.22301699500360414,,,0.3900079302457451,-0.0,1.3610795120349841,0.15727085650698117,0.32766406464180753,,0.12,1.0,0.05837372373179147,0.03553362076748041,0.05890868881311308,0.599858259821234,False,0.8000000000000002,0.20000000000000004
combined,stationary,5,Kalman OU,2.761728815827991,2.1462690893480154,0.329530349594392,0.3999621352360421,0.6154597264799757,0.07043178564165015,,,,,,0.0010000000000000002,0.12,,,,,,True,0.8000000000000002,0.20000000000000004
combined,stationary,5,Latent Neural SDE (VI),1.2432942390441895,0.7811034917831421,0.1182740195350801,0.26915445561656165,0.46219074726104736,0.15088043608148155,,,,,,0.022421090550886473,0.12,,,,,,True,0.8000000000000002,0.20000000000000004
combined,stationary,5,Moment OU,,1.6601921747907022,,0.2912267251454671,,,,,,,,,0.12,,,,,,False,0.8000000000000002,0.20000000000000004
combined,stationary,5,Neural SDE (Euler),,1.135733723640442,,0.3772755105177952,,,,,,,,,0.12,,,,,,False,0.8000000000000002,0.20000000000000004
combined,stationary,5,SINDy-STLSQ,,0.9300058920953449,,0.23439887202181667,,,,,,,,,0.12,4.0,,,,,False,0.8000000000000002,0.20000000000000004
combined,stationary,6,Bayesian SINDy (spike-slab),,,,,,,,,,,,,0.12,,,,,,False,0.8000000000000002,0.20000000000000004
combined,stationary,6,Kalman OU,0.5265072953793488,0.5448519324458989,0.17780866264026518,0.06391415477269312,-0.018344637066550096,-0.11389450786757206,,,,,,0.1313110808199024,0.12,,,,,,True,0.8000000000000002,0.20000000000000004
combined,stationary,6,Latent Neural SDE (VI),1.4256501197814941,1.0943351984024048,0.16888547360766196,0.17122465943319368,0.33131492137908936,0.00233918582553172,,,,,,0.018708384216418183,0.12,,,,,,True,0.8000000000000002,0.20000000000000004
combined,stationary,6,Moment OU,,,,,,,,,,,,,0.12,,,,,,False,0.8000000000000002,0.20000000000000004
combined,stationary,6,Neural SDE (Euler),,,,,,,,,,,,,0.12,,,,,,False,0.8000000000000002,0.20000000000000004
combined,stationary,6,SINDy-STLSQ,,,,,,,,,,,,,0.12,,,,,,False,0.8000000000000002,0.20000000000000004
combined,stationary,7,Bayesian SINDy (spike-slab),1.3850141421422182,2.980664428252338,0.10077565441847904,0.09123200711653665,-1.5956502861101198,-0.00954364730194239,1.6397668288790255,0.42952965181897984,8.519417254210108,0.06061664249371608,0.1810386000424185,,0.12,4.0,0.9741062205095373,0.9726224557456533,0.975750940451817,0.17840501466082997,True,0.8000000000000002,0.20000000000000004
combined,stationary,7,Kalman OU,0.9282252707558479,1.1697889367200336,0.23844452738275276,0.3078528375473305,-0.24156366596418566,0.06940831016457774,,,,,,0.0010000000000000002,0.12,,,,,,True,0.8000000000000002,0.20000000000000004
combined,stationary,7,Latent Neural SDE (VI),0.24221184849739075,1.169663429260254,0.14418304036980623,0.156161843371863,-0.9274515807628632,0.011978803002056782,,,,,,0.024077796788841827,0.12,,,,,,True,0.8000000000000002,0.20000000000000004
combined,stationary,7,Moment OU,0.9841032031871455,0.2930800648652636,0.1884469635052459,0.13637278633986713,0.6910231383218819,-0.052074177165378766,,,,,,,0.12,,,,,,True,0.8000000000000002,0.20000000000000004
combined,stationary,7,Neural SDE (Euler),1.6922662258148193,1.9373273849487305,0.049764645189310217,0.3391019108493954,-0.24506115913391113,0.28933726566008516,,,,,,,0.12,,,,,,True,0.8000000000000002,0.20000000000000004
combined,stationary,7,SINDy-STLSQ,1.7959042104000895,2.903237931862422,0.0953766455775091,0.08796535767185916,-1.1073337214623327,-0.0074112879056499464,,,,,,,0.12,4.0,,,,,True,0.8000000000000002,0.20000000000000004
combined,stationary,8,Bayesian SINDy (spike-slab),1.2991979354385017,1.8122539256036856,0.19911244320899055,0.19707898987775457,-0.5130559901651839,-0.0020334533312359737,1.6082161119891274,-0.0,5.023416891814534,0.1028860399990551,0.3504397371149714,,0.12,2.0,0.21224471980701626,0.5186172614635433,0.4861844275331628,1.603365657024657,True,0.8000000000000002,0.20000000000000004
combined,stationary,8,Kalman OU,3.0000000000000004,3.0000000000000004,0.010000000000000005,0.010000000000000005,0.0,0.0,,,,,,0.19511051800956639,0.12,,,,,,True,0.8000000000000002,0.20000000000000004
combined,stationary,8,Latent Neural SDE (VI),0.7200759053230286,0.7628070116043091,0.22827626025727565,0.2284662097092282,-0.04273110628128052,0.00018994945195255353,,,,,,0.021662974110769985,0.12,,,,,,True,0.8000000000000002,0.20000000000000004
combined,stationary,8,Moment OU,,5.204606821871925,,0.5263407523514997,,,,,,,,,0.12,,,,,,False,0.8000000000000002,0.20000000000000004
combined,stationary,8,Neural SDE (Euler),1.329111099243164,0.5852524042129517,0.3907495060780373,0.33785799294510305,0.7438586950302124,-0.052891513132934276,,,,,,,0.12,,,,,,True,0.8000000000000002,0.20000000000000004
combined,stationary,8,SINDy-STLSQ,0.9955111569335521,3.7077299838658337,0.20493447661365066,0.15977618324663834,-2.712218826932282,-0.045158293367012325,,,,,,,0.12,4.0,,,,,True,0.8000000000000002,0.20000000000000004
combined,stationary,9,Bayesian SINDy (spike-slab),1.6472010098485301,1.8244279311057943,0.12370670552154031,0.16220575580693516,-0.17722692125726414,0.038499050285394854,0.9323639826469351,-0.0,3.892885433427413,0.10519689032874274,0.2598215826443305,,0.12,2.0,0.7080977994792961,0.04201078388599722,0.24424365457791805,1.1726505401760154,True,0.8000000000000002,0.20000000000000004
combined,stationary,9,Kalman OU,3.0000000000000004,3.0000000000000004,0.010000000000000005,0.010000000000000005,0.0,0.0,,,,,,0.16107393414905083,0.12,,,,,,True,0.8000000000000002,0.20000000000000004
combined,stationary,9,Latent Neural SDE (VI),0.8661394715309143,2.888420343399048,0.18383873116184643,0.10463928492851007,-2.0222808718681335,-0.07919944623333636,,,,,,0.020025158932600717,0.12,,,,,,True,0.8000000000000002,0.20000000000000004
combined,stationary,9,Moment OU,,,,,,,,,,,,,0.12,,,,,,False,0.8000000000000002,0.20000000000000004
combined,stationary,9,Neural SDE (Euler),1.8289682865142822,4.913329601287842,0.12467811846043891,0.05760921668286491,-3.0843613147735596,-0.067068901777574,,,,,,,0.12,,,,,,True,0.8000000000000002,0.20000000000000004
combined,stationary,9,SINDy-STLSQ,1.6951136294086444,2.465732422422787,0.1304766537127568,0.17080005252522457,-0.7706187930141426,0.04032339881246777,,,,,,,0.12,4.0,,,,,True,0.8000000000000002,0.20000000000000004
combined,stationary,10,Bayesian SINDy (spike-slab),0.10952836653028405,,0.221832472095468,,,,,,,,,,0.12,,,,,,False,0.8000000000000002,0.20000000000000004
combined,stationary,10,Kalman OU,0.6597637239319607,0.8094296825034295,0.16545065390494326,0.3682281702675735,-0.1496659585714688,0.20277751636263022,,,,,,0.0010000000000000002,0.12,,,,,,True,0.8000000000000002,0.20000000000000004
combined,stationary,10,Latent Neural SDE (VI),1.214192271232605,0.48005542159080505,0.23540450411661742,0.17362075662488824,0.7341368496417999,-0.061783747491729185,,,,,,0.036222557405900045,0.12,,,,,,True,0.8000000000000002,0.20000000000000004
combined,stationary,10,Moment OU,0.7742050879195779,,0.20183376616818707,,,,,,,,,,0.12,,,,,,False,0.8000000000000002,0.20000000000000004
combined,stationary,10,Neural SDE (Euler),2.6663594245910645,,0.2792922038795372,,,,,,,,,,0.12,,,,,,False,0.8000000000000002,0.20000000000000004
combined,stationary,10,SINDy-STLSQ,2.660920883754238,,0.18951859430279216,,,,,,,,,,0.12,,,,,,False,0.8000000000000002,0.20000000000000004
combined,stationary,11,Bayesian SINDy (spike-slab),1.791448642214403,1.2881281867616974,0.14751498182878015,0.15130783752756422,0.5033204554527055,0.00379285569878407,0.5249957312644755,0.26456049300713136,2.1980509916978788,0.10871332539451196,0.21486300144331089,,0.12,2.0,0.36731406098829505,0.022505862190197682,0.6671997763331233,0.8956329605650262,True,0.8000000000000002,0.20000000000000004
combined,stationary,11,Kalman OU,1.7254081615053007,3.0000000000000004,0.09549260218695618,0.010000000000000005,-1.2745918384946997,-0.08549260218695617,,,,,,0.16169216541954762,0.12,,,,,,True,0.8000000000000002,0.20000000000000004
combined,stationary,11,Latent Neural SDE (VI),0.7417049407958984,1.4278419017791748,0.09231938422996698,0.17074250750997919,-0.6861369609832764,0.0784231232800122,,,,,,0.019230724422147735,0.12,,,,,,True,0.8000000000000002,0.20000000000000004
combined,stationary,11,Moment OU,,,,,,,,,,,,,0.12,,,,,,False,0.8000000000000002,0.20000000000000004
combined,stationary,11,Neural SDE (Euler),1.3836777210235596,1.333465814590454,0.20389458881585798,0.16257779639807166,0.05021190643310547,-0.041316792417786324,,,,,,,0.12,,,,,,True,0.8000000000000002,0.20000000000000004
combined,stationary,11,SINDy-STLSQ,2.7196317466249345,0.38611471691380495,0.1282526526649835,0.15221732684177414,2.3335170297111296,0.02396467417679063,,,,,,,0.12,4.0,,,,,True,0.8000000000000002,0.20000000000000004
combined,stationary,12,Bayesian SINDy (spike-slab),0.8935015190004186,0.8910449811642183,0.20805104365154076,0.192848059290176,0.0024565378362003676,-0.015202984361364746,0.5965987190351544,-0.0,2.025984974361188,0.12592747951798283,0.3014369808940813,,0.12,2.0,0.6164056231082,0.04671578180778819,0.16198452084046683,1.1798245153960085,True,0.8000000000000002,0.20000000000000004
combined,stationary,12,Kalman OU,3.0000000000000004,0.7408773434343495,0.010000000000000005,0.13460798741579952,2.259122656565651,0.12460798741579951,,,,,,0.16149352415890203,0.12,,,,,,True,0.8000000000000002,0.20000000000000004
combined,stationary,12,Latent Neural SDE (VI),0.851429283618927,1.0687625408172607,0.19655931695501275,0.19274800313377485,-0.21733325719833374,-0.003811313821237894,,,,,,0.023552370936404214,0.12,,,,,,True,0.8000000000000002,0.20000000000000004
combined,stationary,12,Moment OU,,2.1550401094468,,0.3382669999158092,,,,,,,,,0.12,,,,,,False,0.8000000000000002,0.20000000000000004
combined,stationary,12,Neural SDE (Euler),0.9076198935508728,1.271086573600769,0.2030769184849906,0.18678224978865293,-0.36346668004989624,-0.016294668696337666,,,,,,,0.12,,,,,,True,0.8000000000000002,0.20000000000000004
combined,stationary,12,SINDy-STLSQ,1.8775943675400453,1.516449494914312,0.17906657453930586,0.18416327561619708,0.36114487262573336,0.005096701076891225,,,,,,,0.12,4.0,,,,,True,0.8000000000000002,0.20000000000000004
combined,stationary,13,Bayesian SINDy (spike-slab),,,,,,,,,,,,,0.12,,,,,,False,0.8000000000000002,0.20000000000000004
combined,stationary,13,Kalman OU,3.0000000000000004,0.42448489599974654,0.44154350037340395,0.14200022902013054,2.575515104000254,-0.2995432713532734,,,,,,0.09215461275668028,0.12,,,,,,True,0.8000000000000002,0.20000000000000004
combined,stationary,13,Latent Neural SDE (VI),0.7139816284179688,0.9061430096626282,0.19932864243118234,0.1521567831063435,-0.19216138124465942,-0.04717185932483883,,,,,,0.020339310632735457,0.12,,,,,,True,0.8000000000000002,0.20000000000000004
combined,stationary,13,Moment OU,,,,,,,,,,,,,0.12,,,,,,False,0.8000000000000002,0.20000000000000004
combined,stationary,13,Neural SDE (Euler),,,,,,,,,,,,,0.12,,,,,,False,0.8000000000000002,0.20000000000000004
combined,stationary,13,SINDy-STLSQ,,,,,,,,,,,,,0.12,,,,,,False,0.8000000000000002,0.20000000000000004
combined,stationary,14,Bayesian SINDy (spike-slab),,1.28234478736133,,0.10983612829123528,,,0.5171427870313984,-0.0,2.1614174449698607,0.07153204822347364,0.18889550597010873,,0.12,2.0,0.8719625264336486,0.0311069557272246,0.037565363344378995,0.643485404079155,False,0.8000000000000002,0.20000000000000004
combined,stationary,14,Kalman OU,1.1097690811193286,3.0000000000000004,0.1722588753634605,0.010000000000000005,-1.8902309188806719,-0.16225887536346048,,,,,,0.11729452128918272,0.12,,,,,,True,0.8000000000000002,0.20000000000000004
combined,stationary,14,Latent Neural SDE (VI),0.4693727493286133,0.9878020882606506,0.05181872533906341,0.1180753584568074,-0.5184293389320374,0.06625663311774399,,,,,,0.014071681558790365,0.12,,,,,,True,0.8000000000000002,0.20000000000000004
combined,stationary,14,Moment OU,,,,,,,,,,,,,0.12,,,,,,False,0.8000000000000002,0.20000000000000004
combined,stationary,14,Neural SDE (Euler),,1.3802623748779297,,0.17784092532157958,,,,,,,,,0.12,,,,,,False,0.8000000000000002,0.20000000000000004
combined,stationary,14,SINDy-STLSQ,,2.1223286095450837,,0.1129702747848753,,,,,,,,,0.12,4.0,,,,,False,0.8000000000000002,0.20000000000000004
combined,stationary,15,Bayesian SINDy (spike-slab),,,,,,,,,,,,,0.12,,,,,,False,0.8000000000000002,0.20000000000000004
combined,stationary,15,Kalman OU,0.2577508517385651,0.6287318081897102,0.16036273837106724,0.16952445092601612,-0.3709809564511451,0.009161712554948881,,,,,,0.11860337334635984,0.12,,,,,,True,0.8000000000000002,0.20000000000000004
combined,stationary,15,Latent Neural SDE (VI),0.7686908841133118,0.5280627608299255,0.15912043712119997,0.1845541983168615,0.24062812328338623,0.02543376119566154,,,,,,0.02242435085460486,0.12,,,,,,True,0.8000000000000002,0.20000000000000004
combined,stationary,15,Moment OU,,,,,,,,,,,,,0.12,,,,,,False,0.8000000000000002,0.20000000000000004
combined,stationary,15,Neural SDE (Euler),,,,,,,,,,,,,0.12,,,,,,False,0.8000000000000002,0.20000000000000004
combined,stationary,15,SINDy-STLSQ,,,,,,,,,,,,,0.12,,,,,,False,0.8000000000000002,0.20000000000000004
combined,stationary,16,Bayesian SINDy (spike-slab),0.29870836920853294,,0.32745481361469053,,,,,,,,,,0.12,,,,,,False,0.8000000000000002,0.20000000000000004
combined,stationary,16,Kalman OU,2.241726901159752,3.0000000000000004,0.5431099682029095,0.010000000000000005,-0.7582730988402484,-0.5331099682029095,,,,,,0.21026832013771818,0.12,,,,,,True,0.8000000000000002,0.20000000000000004
combined,stationary,16,Latent Neural SDE (VI),1.9092605113983154,0.7021874785423279,0.26296337258406244,0.1964755946756915,1.2070730328559875,-0.06648777790837093,,,,,,0.026927259919648155,0.12,,,,,,True,0.8000000000000002,0.20000000000000004
combined,stationary,16,Moment OU,1.6216304546656755,,0.42830010762608006,,,,,,,,,,0.12,,,,,,False,0.8000000000000002,0.20000000000000004
combined,stationary,16,Neural SDE (Euler),2.384722948074341,,0.3310468108748535,,,,,,,,,,0.12,,,,,,False,0.8000000000000002,0.20000000000000004
combined,stationary,16,SINDy-STLSQ,2.712002363599735,,0.2610849494694132,,,,,,,,,,0.12,,,,,,False,0.8000000000000002,0.20000000000000004
combined,stationary,17,Bayesian SINDy (spike-slab),1.6968946734843262,,0.09230378428254546,,,,,,,,,,0.12,,,,,,False,0.8000000000000002,0.20000000000000004
combined,stationary,17,Kalman OU,0.47665389143306053,1.2137205903831023,0.13150143227860303,0.25117398584800493,-0.7370666989500418,0.1196725535694019,,,,,,0.0010000000000000002,0.12,,,,,,True,0.8000000000000002,0.20000000000000004
combined,stationary,17,Latent Neural SDE (VI),2.0951647758483887,0.8056126832962036,0.14168894081119207,0.10865444491409021,1.289552092552185,-0.03303449589710186,,,,,,0.019382294801561787,0.12,,,,,,True,0.8000000000000002,0.20000000000000004
combined,stationary,17,Moment OU,1.4104191801748647,,0.2661726718331622,,,,,,,,,,0.12,,,,,,False,0.8000000000000002,0.20000000000000004
combined,stationary,17,Neural SDE (Euler),2.12465238571167,,0.0880750795091179,,,,,,,,,,0.12,,,,,,False,0.8000000000000002,0.20000000000000004
combined,stationary,17,SINDy-STLSQ,1.6078863675533224,,0.08892771935792529,,,,,,,,,,0.12,,,,,,False,0.8000000000000002,0.20000000000000004
combined,stationary,18,Bayesian SINDy (spike-slab),1.1723166740023234,1.4559372880497081,0.11510677416782203,0.18639417579962952,-0.2836206140473847,0.0712874016318075,0.2770242597419813,0.9226854644318574,2.0043756053899755,0.13652102375792916,0.26319088067046686,,0.12,2.0,0.9844036724954887,0.011662360561427065,0.020408706739698978,0.20277655447611848,True,0.8000000000000002,0.20000000000000004
combined,stationary,18,Kalman OU,3.0000000000000004,3.0000000000000004,0.010000000000000005,0.010000000000000005,0.0,0.0,,,,,,0.19758362428780904,0.12,,,,,,True,0.8000000000000002,0.20000000000000004
combined,stationary,18,Latent Neural SDE (VI),1.3730747699737549,1.2704992294311523,0.10759159296878647,0.1862413824968601,0.10257554054260254,0.07864978952807362,,,,,,0.02313508991842038,0.12,,,,,,True,0.8000000000000002,0.20000000000000004
combined,stationary,18,Moment OU,,,,,,,,,,,,,0.12,,,,,,False,0.8000000000000002,0.20000000000000004
combined,stationary,18,Neural SDE (Euler),2.490684986114502,1.711510181427002,0.11203315684637916,0.18267356569439758,0.7791748046875,0.07064040884801842,,,,,,,0.12,,,,,,True,0.8000000000000002,0.20000000000000004
combined,stationary,18,SINDy-STLSQ,1.6011041449420307,1.4649229752437671,0.11868113138687636,0.19921793130113233,0.13618116969826355,0.08053679991425597,,,,,,,0.12,2.0,,,,,True,0.8000000000000002,0.20000000000000004
combined,stationary,19,Bayesian SINDy (spike-slab),0.10003115106577619,0.23891531467540958,0.17645739355739132,0.24994762029988885,-0.1388841636096334,0.07349022674249753,0.4599834048263288,-0.0,1.401417599466503,0.16071933318648965,0.39576204660394526,,0.12,1.0,0.21786448783452558,0.027978358214223575,0.031404433943334906,0.7884241585860124,True,0.8000000000000002,0.20000000000000004
combined,stationary,19,Kalman OU,0.39387353605221875,1.5878704580415806,0.216411049574899,0.34512439217571106,-1.1939969219893618,0.12871334260081205,,,,,,0.0010000000000000002,0.12,,,,,,True,0.8000000000000002,0.20000000000000004
combined,stationary,19,Latent Neural SDE (VI),0.33511024713516235,0.7528845071792603,0.14701252163150116,0.2449805061365353,-0.4177742600440979,0.09796798450503413,,,,,,0.023264362815227382,0.12,,,,,,True,0.8000000000000002,0.20000000000000004
combined,stationary,19,Moment OU,0.07272599901483356,0.7194434555211492,0.08411724762819066,0.19613773363918505,-0.6467174565063156,0.11202048601099439,,,,,,,0.12,,,,,,True,0.8000000000000002,0.20000000000000004
combined,stationary,19,Neural SDE (Euler),0.23702281713485718,0.9684697389602661,0.042717848950793114,0.24878385498073002,-0.7314469218254089,0.2060660060299369,,,,,,,0.12,,,,,,True,0.8000000000000002,0.20000000000000004
combined,stationary,19,SINDy-STLSQ,0.709020566969869,0.8929004775488569,0.15870195728385098,0.23777221409639945,-0.1838799105789879,0.07907025681254848,,,,,,,0.12,2.0,,,,,True,0.8000000000000002,0.20000000000000004
combined,stationary,20,Bayesian SINDy (spike-slab),0.923672499030433,0.2780141076211482,0.15578812911649909,0.1822385973398607,0.6456583914092848,0.026450468223361612,0.4644428205775719,-0.0,1.3980662167834412,0.1284387619644811,0.25830515547971994,,0.12,1.0,0.1791229488021221,0.05857481866878561,0.12482755495129826,1.0534392854458983,True,0.8000000000000002,0.20000000000000004
combined,stationary,20,Kalman OU,3.0000000000000004,0.8237956621906828,0.010000000000000005,0.17268781611370437,2.1762043378093177,0.16268781611370436,,,,,,0.09568339339477933,0.12,,,,,,True,0.8000000000000002,0.20000000000000004
combined,stationary,20,Latent Neural SDE (VI),1.2267727851867676,1.242842197418213,0.1550926125407659,0.1712420317571327,-0.016069412231445312,0.01614941921636681,,,,,,0.019388464827679974,0.12,,,,,,True,0.8000000000000002,0.20000000000000004
combined,stationary,20,Moment OU,,0.3261721267550431,,0.0995979792502184,,,,,,,,,0.12,,,,,,False,0.8000000000000002,0.20000000000000004
combined,stationary,20,Neural SDE (Euler),1.3148488998413086,2.186234951019287,0.2175110533266058,0.22129022745579743,-0.8713860511779785,0.003779174129191626,,,,,,,0.12,,,,,,True,0.8000000000000002,0.20000000000000004
combined,stationary,20,SINDy-STLSQ,1.389342942785964,1.4069452056247485,0.1513461257730786,0.16251553342761896,-0.01760226283878441,0.011169407654540359,,,,,,,0.12,4.0,,,,,True,0.8000000000000002,0.20000000000000004
combined,stationary,21,Bayesian SINDy (spike-slab),0.3362912499848725,,0.31177029061291717,,,,,,,,,,0.12,,,,,,False,0.8000000000000002,0.20000000000000004
combined,stationary,21,Kalman OU,2.4092751352130914,3.0000000000000004,0.5125645457021746,0.010000000000000005,-0.590724864786909,-0.5025645457021746,,,,,,0.1865958094673285,0.12,,,,,,True,0.8000000000000002,0.20000000000000004
combined,stationary,21,Latent Neural SDE (VI),1.8639942407608032,1.7398154735565186,0.2218301784158638,0.11968928287841914,0.12417876720428467,-0.10214089553744467,,,,,,0.02348321100395944,0.12,,,,,,True,0.8000000000000002,0.20000000000000004
combined,stationary,21,Moment OU,1.4694609476396236,,0.36660859398144124,,,,,,,,,,0.12,,,,,,False,0.8000000000000002,0.20000000000000004
combined,stationary,21,Neural SDE (Euler),1.3832744359970093,,0.3828687103683361,,,,,,,,,,0.12,,,,,,False,0.8000000000000002,0.20000000000000004
combined,stationary,21,SINDy-STLSQ,1.9834298357196414,,0.2865791369828266,,,,,,,,,,0.12,,,,,,False,0.8000000000000002,0.20000000000000004
combined,stationary,22,Bayesian SINDy (spike-slab),1.682985336829907,,0.12673370718837476,,,,,,,,,,0.12,,,,,,False,0.8000000000000002,0.20000000000000004
combined,stationary,22,Kalman OU,3.0000000000000004,1.9242118782851476,0.010000000000000005,0.23874797445781196,1.0757881217148528,0.22874797445781195,,,,,,0.0010000000000000002,0.12,,,,,,True,0.8000000000000002,0.20000000000000004
combined,stationary,22,Latent Neural SDE (VI),2.856236219406128,0.9297084808349609,0.130639851089573,0.15288718247481828,1.926527738571167,0.02224733138524529,,,,,,0.014798110990040405,0.12,,,,,,True,0.8000000000000002,0.20000000000000004
combined,stationary,22,Moment OU,,,,,,,,,,,,,0.12,,,,,,False,0.8000000000000002,0.20000000000000004
combined,stationary,22,Neural SDE (Euler),2.6238012313842773,,0.12972864119109126,,,,,,,,,,0.12,,,,,,False,0.8000000000000002,0.20000000000000004
combined,stationary,22,SINDy-STLSQ,1.6618381251402983,,0.13453462301180724,,,,,,,,,,0.12,,,,,,False,0.8000000000000002,0.20000000000000004
combined,stationary,23,Bayesian SINDy (spike-slab),0.7660149981709917,2.1265585142665744,0.18396719837960476,0.1790604101880097,-1.3605435160955826,-0.004906788191595068,1.2099371394202691,-0.0,4.382259925727619,0.10713293949277596,0.31049947882155743,,0.12,3.0,0.6397827984376939,0.6471159236704428,0.16648422686303568,1.6831683378926936,True,0.8000000000000002,0.20000000000000004
combined,stationary,23,Kalman OU,1.2089398409090997,3.0000000000000004,0.35161679638476606,0.4403320986595715,-1.7910601590909008,0.08871530227480545,,,,,,0.0010000000000000002,0.12,,,,,,True,0.8000000000000002,0.20000000000000004
combined,stationary,23,Latent Neural SDE (VI),0.8509723544120789,0.8155772686004639,0.19668823923185427,0.11522378601733757,0.03539508581161499,-0.0814644532145167,,,,,,0.021778815755059685,0.12,,,,,,True,0.8000000000000002,0.20000000000000004
combined,stationary,23,Moment OU,0.9160456713525823,2.61903687008053,0.27117606310653347,0.32454433840685826,-1.7029911987279478,0.053368275300324786,,,,,,,0.12,,,,,,True,0.8000000000000002,0.20000000000000004
combined,stationary,23,Neural SDE (Euler),0.7332148551940918,2.168951988220215,0.202544295786239,0.14949027485278665,-1.435737133026123,-0.05305402093345235,,,,,,,0.12,,,,,,True,0.8000000000000002,0.20000000000000004
combined,stationary,23,SINDy-STLSQ,1.0651379626009336,2.522807735758563,0.17585103485648196,0.15440571759796784,-1.4576697731576296,-0.02144531725851412,,,,,,,0.12,4.0,,,,,True,0.8000000000000002,0.20000000000000004
combined,stationary,24,Bayesian SINDy (spike-slab),0.7912118690081975,,0.1538165410866648,,,,,,,,,,0.12,,,,,,False,0.8000000000000002,0.20000000000000004
combined,stationary,24,Kalman OU,1.5509895494077868,1.5154016358484066,0.21782773133130756,0.27853415210073806,0.03558791355938018,0.0607064207694305,,,,,,0.0010000000000000002,0.12,,,,,,True,0.8000000000000002,0.20000000000000004
combined,stationary,24,Latent Neural SDE (VI),0.8747354745864868,1.1951830387115479,0.17345153214652437,0.13225708855161414,-0.32044756412506104,-0.04119444359491023,,,,,,0.01898722368623944,0.12,,,,,,True,0.8000000000000002,0.20000000000000004
combined,stationary,24,Moment OU,1.072904691204552,,0.1245590381884489,,,,,,,,,,0.12,,,,,,False,0.8000000000000002,0.20000000000000004
combined,stationary,24,Neural SDE (Euler),2.3042569160461426,,0.19186025809272816,,,,,,,,,,0.12,,,,,,False,0.8000000000000002,0.20000000000000004
combined,stationary,24,SINDy-STLSQ,2.209025612648645,,0.13792417211496621,,,,,,,,,,0.12,,,,,,False,0.8000000000000002,0.20000000000000004
combined,stationary,25,Bayesian SINDy (spike-slab),1.9450175860502446,,0.1672415766018299,,,,,,,,,,0.12,,,,,,False,0.8000000000000002,0.20000000000000004
combined,stationary,25,Kalman OU,3.0000000000000004,3.0000000000000004,0.010000000000000005,0.010000000000000005,0.0,0.0,,,,,,0.2014655143211536,0.12,,,,,,True,0.8000000000000002,0.20000000000000004
combined,stationary,25,Latent Neural SDE (VI),2.355405807495117,0.710699737071991,0.08548981161570805,0.15327095345561395,1.6447060704231262,0.0677811418399059,,,,,,0.02485347333461474,0.12,,,,,,True,0.8000000000000002,0.20000000000000004
combined,stationary,25,Moment OU,,,,,,,,,,,,,0.12,,,,,,False,0.8000000000000002,0.20000000000000004
combined,stationary,25,Neural SDE (Euler),2.6923880577087402,,0.027649843819183246,,,,,,,,,,0.12,,,,,,False,0.8000000000000002,0.20000000000000004
combined,stationary,25,SINDy-STLSQ,3.355169615455654,,0.15136960541618025,,,,,,,,,,0.12,,,,,,False,0.8000000000000002,0.20000000000000004
combined,stationary,26,Bayesian SINDy (spike-slab),0.018239180676052614,1.4684432024155922,0.11764594045864114,0.1595173415572355,-1.4502040217395396,0.041871401098594344,0.5813198104515049,-0.0,2.8753740904451317,0.11133987387108361,0.2542925255135184,,0.12,2.0,0.9214352494524356,0.060609649989600424,0.10166457123653058,0.792233350324369,True,0.8000000000000002,0.20000000000000004
combined,stationary,26,Kalman OU,0.8662016116683995,3.0000000000000004,0.2112245077209532,0.010000000000000005,-2.133798388331601,-0.20122450772095318,,,,,,0.16917272884780302,0.12,,,,,,True,0.8000000000000002,0.20000000000000004
combined,stationary,26,Latent Neural SDE (VI),0.7811227440834045,2.3396475315093994,0.1927748986095865,0.18995413738684558,-1.5585247874259949,-0.002820761222740914,,,,,,0.019692793431416767,0.12,,,,,,True,0.8000000000000002,0.20000000000000004
combined,stationary,26,Moment OU,,,,,,,,,,,,,0.12,,,,,,False,0.8000000000000002,0.20000000000000004
combined,stationary,26,Neural SDE (Euler),0.4339250922203064,1.9752415418624878,0.17105415882378067,0.21911568962330574,-1.5413164496421814,0.048061530799525076,,,,,,,0.12,,,,,,True,0.8000000000000002,0.20000000000000004
combined,stationary,26,SINDy-STLSQ,2.4912647306795543,2.777634103849643,0.11016951629575852,0.14508990489421594,-0.2863693731700887,0.03492038859845742,,,,,,,0.12,4.0,,,,,True,0.8000000000000002,0.20000000000000004
combined,stationary,27,Bayesian SINDy (spike-slab),0.16796978660263268,0.9427169439906855,0.21177102395823633,0.189580904999845,-0.7747471573880529,-0.02219011895839132,1.0616791987706957,-0.0,3.379287780107211,0.11727447490861878,0.2984602536385128,,0.12,1.0,0.22442129488133725,0.3054291986898367,0.08130479323631032,1.374350996791731,True,0.8000000000000002,0.20000000000000004
combined,stationary,27,Kalman OU,0.4456816073937284,3.0000000000000004,0.19764665875113246,0.2259925425656932,-2.5543183926062722,0.02834588381456074,,,,,,0.12034975940387438,0.12,,,,,,True,0.8000000000000002,0.20000000000000004
combined,stationary,27,Latent Neural SDE (VI),0.38355347514152527,1.7730478048324585,0.23393584279450957,0.14224760473141626,-1.3894943296909332,-0.09168823806309331,,,,,,0.018509709895712823,0.12,,,,,,True,0.8000000000000002,0.20000000000000004
combined,stationary,27,Moment OU,1.0373064241685355,2.5389253037090067,0.2956535798132408,0.23108061614226602,-1.5016188795404712,-0.06457296367097479,,,,,,,0.12,,,,,,True,0.8000000000000002,0.20000000000000004
combined,stationary,27,Neural SDE (Euler),0.54462730884552,1.5400428771972656,0.25574412660135143,0.21785224723896388,-0.9954155683517456,-0.037891879362387554,,,,,,,0.12,,,,,,True,0.8000000000000002,0.20000000000000004
combined,stationary,27,SINDy-STLSQ,2.2773630705434775,3.1419306307867174,0.18456527932538658,0.16430976269655384,-0.8645675602432399,-0.020255516628832737,,,,,,,0.12,4.0,,,,,True,0.8000000000000002,0.20000000000000004
combined,stationary,28,Bayesian SINDy (spike-slab),0.8607204010438838,0.04973340366138677,0.14583372574260675,0.13289506327744022,0.810986997382497,-0.012938662465166534,0.33028080748523414,-0.0,1.059207229531782,0.09115818196383611,0.2007399550171075,,0.12,1.0,0.03021687005151745,0.06343733750573817,0.03348442690588431,0.49585096199898515,True,0.8000000000000002,0.20000000000000004
combined,stationary,28,Kalman OU,0.5483447001084878,0.6426978166585571,0.0934417725319063,0.16561278462296455,-0.09435311655006928,0.07217101209105825,,,,,,0.0010000000000000002,0.12,,,,,,True,0.8000000000000002,0.20000000000000004
combined,stationary,28,Latent Neural SDE (VI),0.8333603143692017,0.37415024638175964,0.15030904306484946,0.1797093810086299,0.459210067987442,0.02940033794378044,,,,,,0.018939513170002174,0.12,,,,,,True,0.8000000000000002,0.20000000000000004
combined,stationary,28,Moment OU,2.7391098818788637,,0.2265448796820749,,,,,,,,,,0.12,,,,,,False,0.8000000000000002,0.20000000000000004
combined,stationary,28,Neural SDE (Euler),0.9386593103408813,-0.2739100158214569,0.1700864464402443,0.17790709994066684,1.2125693261623383,0.007820653500422547,,,,,,,0.12,,,,,,True,0.8000000000000002,0.20000000000000004
combined,stationary,28,SINDy-STLSQ,0.4452807560146751,1.869980205282075,0.14391122004854767,0.12147727058460492,-1.4246994492674,-0.022433949463942754,,,,,,,0.12,4.0,,,,,True,0.8000000000000002,0.20000000000000004
combined,stationary,29,Bayesian SINDy (spike-slab),1.9416076693690536,0.2799795751137286,0.13496488033545148,0.24600666438155996,1.661628094255325,0.11104178404610848,0.40928209414160216,-0.0,1.2215640556586091,0.16400818934816588,0.35893891063971595,,0.12,1.0,0.38479196408456184,0.013641089328985494,0.03570258460918993,0.8910320237909686,True,0.8000000000000002,0.20000000000000004
combined,stationary,29,Kalman OU,3.0000000000000004,0.9955574999072324,0.010000000000000005,0.3309108036159485,2.004442500092768,0.3209108036159485,,,,,,0.0010000000000000002,0.12,,,,,,True,0.8000000000000002,0.20000000000000004
combined,stationary,29,Latent Neural SDE (VI),1.7506399154663086,1.1751161813735962,0.1699596851311967,0.1486457808801921,0.5755237340927124,-0.0213139042510046,,,,,,0.027960585000789566,0.12,,,,,,True,0.8000000000000002,0.20000000000000004
combined,stationary,29,Moment OU,,0.5532233379893817,,0.2232680402053304,,,,,,,,,0.12,,,,,,False,0.8000000000000002,0.20000000000000004
combined,stationary,29,Neural SDE (Euler),2.4953200817108154,1.2562158107757568,0.16540019742586662,0.19215107119714334,1.2391042709350586,0.026750873771276718,,,,,,,0.12,,,,,,True,0.8000000000000002,0.20000000000000004
combined,stationary,29,SINDy-STLSQ,1.1865020508476123,1.7923048099982672,0.1438888885861754,0.2089627563897167,-0.605802759150655,0.0650738678035413,,,,,,,0.12,4.0,,,,,True,0.8000000000000002,0.20000000000000004
combined,stationary,30,Bayesian SINDy (spike-slab),0.7498453329467415,0.10101298366862498,0.18652237241934003,0.1088526292929647,0.6488323492781165,-0.07766974312637533,0.4882266351647013,-0.0,1.3505938153608237,0.07350349591391248,0.16551640444064283,,0.12,1.0,0.05653574363419159,0.03687647748564441,0.027013667976762846,0.4736320782497345,True,0.8000000000000002,0.20000000000000004
combined,stationary,30,Kalman OU,2.0301829866589896,1.3962860180144552,0.428983858183929,0.2718455126903678,0.6338969686445344,-0.1571383454935612,,,,,,0.0010000000000000002,0.12,,,,,,True,0.8000000000000002,0.20000000000000004
combined,stationary,30,Latent Neural SDE (VI),0.4840303063392639,1.161775827407837,0.13231994008535208,0.17015876448696135,-0.677745521068573,0.03783882440160927,,,,,,0.019864660762638937,0.12,,,,,,True,0.8000000000000002,0.20000000000000004
combined,stationary,30,Moment OU,1.7340103943253686,0.20124990736664838,0.3438324302221077,0.07780281382412782,1.5327604869587201,-0.26602961639797984,,,,,,,0.12,,,,,,True,0.8000000000000002,0.20000000000000004
combined,stationary,30,Neural SDE (Euler),1.353639006614685,1.6138203144073486,0.13333927072610993,0.08642319937074207,-0.2601813077926636,-0.046916071355367864,,,,,,,0.12,,,,,,True,0.8000000000000002,0.20000000000000004
combined,stationary,30,SINDy-STLSQ,0.3397418272198852,4.366587977260221,0.18352516479591086,0.09734723764103838,-4.026846150040336,-0.08617792715487248,,,,,,,0.12,3.0,,,,,True,0.8000000000000002,0.20000000000000004
combined,stationary,31,Bayesian SINDy (spike-slab),0.43993552011675585,0.10277995761201673,0.19683201786249918,0.2213470750258731,0.3371555625047391,0.024515057163373932,0.3266220530338278,-0.0,1.1411607253983052,0.1428858232805887,0.3620384822639717,,0.12,1.0,0.10715483151981892,0.024764589820380083,0.02543966076067791,0.5729982958156414,True,0.8000000000000002,0.20000000000000004
combined,stationary,31,Kalman OU,2.214028296015627,1.3464392478561789,0.3717332410557312,0.3356727478071059,0.8675890481594482,-0.036060493248625314,,,,,,0.0010000000000000002,0.12,,,,,,True,0.8000000000000002,0.20000000000000004
combined,stationary,31,Latent Neural SDE (VI),0.8896880149841309,0.6392395496368408,0.11993496925339267,0.24864077725365763,0.25044846534729004,0.12870580800026496,,,,,,0.023054149338957795,0.12,,,,,,True,0.8000000000000002,0.20000000000000004
combined,stationary,31,Moment OU,1.4864658071780188,0.4629432155951201,0.2394069603345158,0.17288657201242905,1.0235225915828987,-0.06652038832208676,,,,,,,0.12,,,,,,True,0.8000000000000002,0.20000000000000004
combined,stationary,31,Neural SDE (Euler),1.9716529846191406,0.3048137426376343,0.1450413253182303,0.5427155037303776,1.6668392419815063,0.39767417841214725,,,,,,,0.12,,,,,,True,0.8000000000000002,0.20000000000000004
combined,stationary,31,SINDy-STLSQ,1.6559284161307746,2.014500915866658,0.16984110550689835,0.20498678598042175,-0.35857249973588345,0.0351456804735234,,,,,,,0.12,4.0,,,,,True,0.8000000000000002,0.20000000000000004
combined,stationary,32,Bayesian SINDy (spike-slab),1.6215196566240793,0.12812792174348306,0.13720124893648944,0.15153678151397706,1.4933917348805963,0.014335532577487625,0.2932781593200353,-0.0,1.019197066964679,0.1043238614719917,0.22424128364095466,,0.12,1.0,0.15230421625586898,0.043833529477593475,0.025350520516605697,0.7206404368765829,True,0.8000000000000002,0.20000000000000004
combined,stationary,32,Kalman OU,3.0000000000000004,1.086709886823236,0.010000000000000005,0.2039268308682043,1.9132901131767643,0.19392683086820428,,,,,,0.0010000000000000002,0.12,,,,,,True,0.8000000000000002,0.20000000000000004
combined,stationary,32,Latent Neural SDE (VI),0.8791038990020752,1.5177561044692993,0.18599572733467196,0.09466258053352924,-0.6386522054672241,-0.09133314680114271,,,,,,0.016904436831372355,0.12,,,,,,True,0.8000000000000002,0.20000000000000004
combined,stationary,32,Moment OU,,,,,,,,,,,,,0.12,,,,,,False,0.8000000000000002,0.20000000000000004
combined,stationary,32,Neural SDE (Euler),1.7917369604110718,1.764237403869629,0.189273876184679,0.0808641488257333,0.02749955654144287,-0.1084097273589457,,,,,,,0.12,,,,,,True,0.8000000000000002,0.20000000000000004
combined,stationary,32,SINDy-STLSQ,1.631502364846906,0.6287194476662361,0.15181208460458803,0.14645029357255737,1.00278291718067,-0.0053617910320306605,,,,,,,0.12,2.0,,,,,True,0.8000000000000002,0.20000000000000004
combined,stationary,33,Bayesian SINDy (spike-slab),1.0114123568613602,,0.12935581005811359,,,,,,,,,,0.12,,,,,,False,0.8000000000000002,0.20000000000000004
combined,stationary,33,Kalman OU,1.653815695219474,0.4026625921616427,0.13253127540521709,0.1049572166453109,1.2511531030578313,-0.027574058759906192,,,,,,0.20290519903770052,0.12,,,,,,True,0.8000000000000002,0.20000000000000004
combined,stationary,33,Latent Neural SDE (VI),0.8638042211532593,0.6129054427146912,0.16636943476781488,0.2717127331921561,0.2508987784385681,0.10534329842434123,,,,,,0.027517594631449163,0.12,,,,,,True,0.8000000000000002,0.20000000000000004
combined,stationary,33,Moment OU,2.539529074987193,,0.2592661589986587,,,,,,,,,,0.12,,,,,,False,0.8000000000000002,0.20000000000000004
combined,stationary,33,Neural SDE (Euler),1.1595220565795898,,0.1910850167132242,,,,,,,,,,0.12,,,,,,False,0.8000000000000002,0.20000000000000004
combined,stationary,33,SINDy-STLSQ,0.9723133431250329,,0.1324714551434536,,,,,,,,,,0.12,,,,,,False,0.8000000000000002,0.20000000000000004
combined,stationary,34,Bayesian SINDy (spike-slab),2.6683406965935093,0.9031548188206971,0.16107181087983985,0.13244333359219587,1.765185877772812,-0.028628477287643977,0.6283561068281704,-0.0,2.032649975189403,0.08161468186118107,0.22020576257406085,,0.12,2.0,0.5474524514914505,0.06065140133036829,0.23984352886877494,1.292609167037567,True,0.8000000000000002,0.20000000000000004
combined,stationary,34,Kalman OU,3.0000000000000004,0.6398212725621133,0.1404275840040376,0.07384971352527409,2.360178727437887,-0.06657787047876351,,,,,,0.11003382335816296,0.12,,,,,,True,0.8000000000000002,0.20000000000000004
combined,stationary,34,Latent Neural SDE (VI),0.7983735203742981,1.4535930156707764,0.1691823372530936,0.09621494142602656,-0.6552194952964783,-0.07296739582706703,,,,,,0.01568085364508424,0.12,,,,,,True,0.8000000000000002,0.20000000000000004
combined,stationary,34,Moment OU,4.542296257069893,0.5796028498277304,0.5147276301289757,0.061694532547322795,3.9626934072421625,-0.4530330975816529,,,,,,,0.12,,,,,,True,0.8000000000000002,0.20000000000000004
combined,stationary,34,Neural SDE (Euler),1.5317931175231934,1.9909417629241943,0.020762698088608623,0.051713750995028424,-0.459148645401001,0.0309510529064198,,,,,,,0.12,,,,,,True,0.8000000000000002,0.20000000000000004
combined,stationary,34,SINDy-STLSQ,3.221874754563207,0.9105451197579586,0.13562368811605027,0.1176017482209022,2.3113296348052486,-0.018021939895148067,,,,,,,0.12,4.0,,,,,True,0.8000000000000002,0.20000000000000004
combined,stationary,35,Bayesian SINDy (spike-slab),0.3145616940828073,,0.1767536454084965,,,,,,,,,,0.12,,,,,,False,0.8000000000000002,0.20000000000000004
combined,stationary,35,Kalman OU,1.2160087492785667,3.0000000000000004,0.2924723252948453,0.010000000000000005,-1.7839912507214337,-0.2824723252948453,,,,,,0.18831970158392314,0.12,,,,,,True,0.8000000000000002,0.20000000000000004
combined,stationary,35,Latent Neural SDE (VI),1.2583163976669312,0.6900537610054016,0.1570127068917651,0.1301042371797755,0.5682626366615295,-0.026908469711989597,,,,,,0.02339402854215089,0.12,,,,,,True,0.8000000000000002,0.20000000000000004
combined,stationary,35,Moment OU,1.057160351257765,,0.21949839188758413,,,,,,,,,,0.12,,,,,,False,0.8000000000000002,0.20000000000000004
combined,stationary,35,Neural SDE (Euler),2.1870644092559814,,0.1695516937427041,,,,,,,,,,0.12,,,,,,False,0.8000000000000002,0.20000000000000004
combined,stationary,35,SINDy-STLSQ,1.2672580003192067,,0.16349983162116785,,,,,,,,,,0.12,,,,,,False,0.8000000000000002,0.20000000000000004
