condition,scenario,repetition,method,window_end,kappa_decline,sigma_growth,converged
baseline,noise_growth,24,Bayesian SINDy (spike-slab),30.0,1.0833155393394098,0.026710067153901923,True
baseline,noise_growth,24,Bayesian SINDy (spike-slab),38.0,1.1253338266306492,0.06208260624132628,True
baseline,noise_growth,24,Bayesian SINDy (spike-slab),46.0,0.9663684533792355,0.1138738911655145,True
baseline,noise_growth,24,Bayesian SINDy (spike-slab),54.0,0.2684426119856568,0.10821296075867437,True
baseline,noise_growth,24,Bayesian SINDy (spike-slab),62.0,0.37001984103189534,0.15961347880891508,True
baseline,noise_growth,24,Bayesian SINDy (spike-slab),70.0,0.595958165273929,0.2533636574078231,True
baseline,noise_growth,24,Bayesian SINDy (spike-slab),78.0,-0.21633965124283439,0.2890663363634752,True
baseline,noise_growth,24,Kalman OU,30.0,0.6237324895360428,0.028143074602203277,True
baseline,noise_growth,24,Kalman OU,38.0,1.0658073461751119,0.021944299814934287,True
baseline,noise_growth,24,Kalman OU,46.0,1.1598603770086586,0.002621006223101685,True
baseline,noise_growth,24,Kalman OU,54.0,0.7783902474736745,0.047132380182760863,True
baseline,noise_growth,24,Kalman OU,62.0,0.2791991523429225,0.18973775059199466,True
baseline,noise_growth,24,Kalman OU,70.0,0.25388522493561383,0.29258233536166484,True
baseline,noise_growth,24,Kalman OU,78.0,-0.18204102946070932,0.3492876493374966,True
baseline,noise_growth,24,Latent Neural SDE (VI),30.0,1.900340497493744,0.025049993770800666,True
baseline,noise_growth,24,Latent Neural SDE (VI),38.0,1.5851188898086548,0.07741884595938717,True
baseline,noise_growth,24,Latent Neural SDE (VI),46.0,1.605293333530426,0.06135981392059675,True
baseline,noise_growth,24,Latent Neural SDE (VI),54.0,1.4784971475601196,0.16917999634374145,True
baseline,noise_growth,24,Latent Neural SDE (VI),62.0,1.3422389030456543,0.1627023077732965,True
baseline,noise_growth,24,Latent Neural SDE (VI),70.0,1.6922650933265686,0.238821113635219,True
baseline,noise_growth,24,Latent Neural SDE (VI),78.0,0.39843225479125977,0.28102841579481386,True
baseline,noise_growth,24,Moment OU,30.0,0.3036297509648893,0.04511752588061474,True
baseline,noise_growth,24,Moment OU,38.0,0.846263167799554,0.06811782351632881,True
baseline,noise_growth,24,Moment OU,46.0,0.5294470624378763,0.14511911379643141,True
baseline,noise_growth,24,Moment OU,54.0,0.05409755915395631,0.15464163933021532,True
baseline,noise_growth,24,Moment OU,62.0,0.10682629802539778,0.2107676321238444,True
baseline,noise_growth,24,Moment OU,70.0,0.23441931246949843,0.2897855548017053,True
baseline,noise_growth,24,Moment OU,78.0,-0.3938075543723196,0.3796003933285277,True
baseline,noise_growth,24,Neural SDE (Euler),30.0,1.8438011407852173,0.03670808657449515,True
baseline,noise_growth,24,Neural SDE (Euler),38.0,1.5050338506698608,0.08754881318648056,True
baseline,noise_growth,24,Neural SDE (Euler),46.0,1.5491673946380615,0.09945725487316032,True
baseline,noise_growth,24,Neural SDE (Euler),54.0,1.4237620830535889,0.16800120552401399,True
baseline,noise_growth,24,Neural SDE (Euler),62.0,1.3483221530914307,0.16833634943036357,True
baseline,noise_growth,24,Neural SDE (Euler),70.0,1.6413377523422241,0.23727900976855287,True
baseline,noise_growth,24,Neural SDE (Euler),78.0,0.4161720275878906,0.2984807088976187,True
baseline,noise_growth,24,SINDy-STLSQ,30.0,0.5802901108918126,0.027779102230266778,True
baseline,noise_growth,24,SINDy-STLSQ,38.0,0.9006097749001932,0.061427336551959755,True
baseline,noise_growth,24,SINDy-STLSQ,46.0,0.012583037755749427,0.10655015604986318,True
baseline,noise_growth,24,SINDy-STLSQ,54.0,0.2866886396280488,0.10806951404069287,True
baseline,noise_growth,24,SINDy-STLSQ,62.0,0.5652888743897968,0.15940787110929683,True
baseline,noise_growth,24,SINDy-STLSQ,70.0,0.1638517724681181,0.24213490068455573,True
baseline,noise_growth,24,SINDy-STLSQ,78.0,-0.9025359038689791,0.28268994599772285,True
baseline,noise_growth,25,Bayesian SINDy (spike-slab),30.0,0.42336640824591243,0.007388382691543127,True
baseline,noise_growth,25,Bayesian SINDy (spike-slab),38.0,0.36333792443894825,0.004417519295584371,True
baseline,noise_growth,25,Bayesian SINDy (spike-slab),46.0,-0.8883593102538256,0.03710139355641931,True
baseline,noise_growth,25,Bayesian SINDy (spike-slab),54.0,-0.9708878681026814,0.055039109656793345,True
baseline,noise_growth,25,Bayesian SINDy (spike-slab),62.0,0.46121256527788057,0.10671013888441669,True
baseline,noise_growth,25,Bayesian SINDy (spike-slab),70.0,0.545267854160394,0.1407034964813004,True
baseline,noise_growth,25,Bayesian SINDy (spike-slab),78.0,-0.04208719288645024,0.15409872257813953,True
baseline,noise_growth,25,Kalman OU,30.0,0.3679288701004416,-0.0009448680219135142,True
baseline,noise_growth,25,Kalman OU,38.0,0.299944643534792,-0.004356147365392721,True
baseline,noise_growth,25,Kalman OU,46.0,-0.31685819456310527,0.0057056845602052875,True
baseline,noise_growth,25,Kalman OU,54.0,-1.0490296097961913,0.09785747733718761,True
baseline,noise_growth,25,Kalman OU,62.0,0.3022533185835443,0.10398378216104434,True
baseline,noise_growth,25,Kalman OU,70.0,0.5562938880317738,0.13455086645358014,True
baseline,noise_growth,25,Kalman OU,78.0,0.11723938925820576,0.17264625314473622,True
baseline,noise_growth,25,Latent Neural SDE (VI),30.0,-0.1051478385925293,-0.03421645317706737,True
baseline,noise_growth,25,Latent Neural SDE (VI),38.0,0.3718416690826416,-0.04021478254965169,True
baseline,noise_growth,25,Latent Neural SDE (VI),46.0,-1.1036206483840942,0.016005598229386575,True
baseline,noise_growth,25,Latent Neural SDE (VI),54.0,-0.49028027057647705,0.024953585442044346,True
baseline,noise_growth,25,Latent Neural SDE (VI),62.0,-0.27079319953918457,0.029532427169258302,True
baseline,noise_growth,25,Latent Neural SDE (VI),70.0,0.33482062816619873,0.05576853120553954,True
baseline,noise_growth,25,Latent Neural SDE (VI),78.0,0.0666201114654541,0.12410556677094642,True
baseline,noise_growth,25,Moment OU,30.0,0.184025561963569,0.013697616161466919,True
baseline,noise_growth,25,Moment OU,38.0,0.32667063957020503,-0.007732174991513879,True
baseline,noise_growth,25,Moment OU,46.0,-0.8765361132395779,0.07094679168848833,True
baseline,noise_growth,25,Moment OU,54.0,-1.1802339602119574,0.10743771204970248,True
baseline,noise_growth,25,Moment OU,62.0,0.11896644081369256,0.12502228320022796,True
baseline,noise_growth,25,Moment OU,70.0,0.5113609599800547,0.1386919390162098,True
baseline,noise_growth,25,Moment OU,78.0,-0.0622282305620927,0.1946653655149912,True
baseline,noise_growth,25,Neural SDE (Euler),30.0,0.016228437423706055,-0.035340783202555376,True
baseline,noise_growth,25,Neural SDE (Euler),38.0,0.37108415365219116,-0.040772327292379895,True
baseline,noise_growth,25,Neural SDE (Euler),46.0,-0.9383440017700195,0.020431548976687197,True
baseline,noise_growth,25,Neural SDE (Euler),54.0,-0.5428123474121094,0.021016143179399094,True
baseline,noise_growth,25,Neural SDE (Euler),62.0,-0.33390140533447266,0.009986273463806261,True
baseline,noise_growth,25,Neural SDE (Euler),70.0,0.32881391048431396,0.07263451471429039,True
baseline,noise_growth,25,Neural SDE (Euler),78.0,0.11838269233703613,0.12332315383355513,True
baseline,noise_growth,25,SINDy-STLSQ,30.0,0.13022300363441297,0.005971334793125477,True
baseline,noise_growth,25,SINDy-STLSQ,38.0,0.1473864391523998,0.00045577591982212673,True
baseline,noise_growth,25,SINDy-STLSQ,46.0,0.17455259924887323,0.040335178227323076,True
baseline,noise_growth,25,SINDy-STLSQ,54.0,-0.3199831999362688,0.05917380149268697,True
baseline,noise_growth,25,SINDy-STLSQ,62.0,-0.06571291668011847,0.10015803360084141,True
baseline,noise_growth,25,SINDy-STLSQ,70.0,-0.5116745765741046,0.1295284508761051,True
baseline,noise_growth,25,SINDy-STLSQ,78.0,0.17231763108822362,0.15439126124554292,True
baseline,noise_growth,26,Bayesian SINDy (spike-slab),30.0,-0.07394494713287658,0.006627670514429668,True
baseline,noise_growth,26,Bayesian SINDy (spike-slab),38.0,1.2440965440033154,0.004302197931618679,True
baseline,noise_growth,26,Bayesian SINDy (spike-slab),46.0,0.5239015389900757,0.03851954746507891,True
baseline,noise_growth,26,Bayesian SINDy (spike-slab),54.0,0.28730221939841094,0.06724884995461833,True
baseline,noise_growth,26,Bayesian SINDy (spike-slab),62.0,0.8866438808158463,0.09194930441967814,True
baseline,noise_growth,26,Bayesian SINDy (spike-slab),70.0,0.8082430075326781,0.19892739911424834,True
baseline,noise_growth,26,Bayesian SINDy (spike-slab),78.0,0.5962839040073128,0.30125835730376144,True
baseline,noise_growth,26,Kalman OU,30.0,-0.08150050036706535,0.017062406267559282,True
baseline,noise_growth,26,Kalman OU,38.0,0.1484807146159463,0.04936873731898733,True
baseline,noise_growth,26,Kalman OU,46.0,-0.4561063107288281,0.1310077505510964,True
baseline,noise_growth,26,Kalman OU,54.0,-0.6180541639882762,0.20902768471643737,True
baseline,noise_growth,26,Kalman OU,62.0,-0.4515504193152047,0.21024779253234324,True
baseline,noise_growth,26,Kalman OU,70.0,-0.5990083779927105,0.33607733397702655,True
baseline,noise_growth,26,Kalman OU,78.0,-0.47372336348321964,0.38070258054903783,True
baseline,noise_growth,26,Latent Neural SDE (VI),30.0,-0.26338744163513184,0.0011707853536761792,True
baseline,noise_growth,26,Latent Neural SDE (VI),38.0,0.8217262029647827,-0.00166008657914829,True
baseline,noise_growth,26,Latent Neural SDE (VI),46.0,0.8010883331298828,0.0363427871211674,True
baseline,noise_growth,26,Latent Neural SDE (VI),54.0,0.7488808631896973,0.09130048988133188,True
baseline,noise_growth,26,Latent Neural SDE (VI),62.0,0.7971556782722473,0.13242674136195942,True
baseline,noise_growth,26,Latent Neural SDE (VI),70.0,0.6395939588546753,0.17481567292577715,True
baseline,noise_growth,26,Latent Neural SDE (VI),78.0,-0.136397123336792,0.259233408687459,True
baseline,noise_growth,26,Moment OU,30.0,0.19148657077263986,0.004430704462652535,True
baseline,noise_growth,26,Moment OU,38.0,1.0436334862316015,-0.014005202762773616,True
baseline,noise_growth,26,Moment OU,46.0,0.7268571083187558,0.028421248267267774,True
baseline,noise_growth,26,Moment OU,54.0,0.40385806276340297,0.10335826914350826,True
baseline,noise_growth,26,Moment OU,62.0,0.8492570364907945,0.08273446139878032,True
baseline,noise_growth,26,Moment OU,70.0,0.7181701402165346,0.20854143068269426,True
baseline,noise_growth,26,Moment OU,78.0,0.5746389827034857,0.3297429415696337,True
baseline,noise_growth,26,Neural SDE (Euler),30.0,-0.2924004793167114,0.001143281023379794,True
baseline,noise_growth,26,Neural SDE (Euler),38.0,0.8468167781829834,0.0019898112435061677,True
baseline,noise_growth,26,Neural SDE (Euler),46.0,0.8821682929992676,0.037719619847658425,True
baseline,noise_growth,26,Neural SDE (Euler),54.0,0.8100053071975708,0.08857246558040316,True
baseline,noise_growth,26,Neural SDE (Euler),62.0,0.938667356967926,0.13362408284595506,True
baseline,noise_growth,26,Neural SDE (Euler),70.0,0.6636767387390137,0.17998919777964562,True
baseline,noise_growth,26,Neural SDE (Euler),78.0,-0.15431272983551025,0.22748872484826743,True
baseline,noise_growth,26,SINDy-STLSQ,30.0,-0.23127963777419192,0.00496248659511947,True
baseline,noise_growth,26,SINDy-STLSQ,38.0,0.9121554543477701,0.0029984042094316488,True
baseline,noise_growth,26,SINDy-STLSQ,46.0,0.14131308753575822,0.03760378711921025,True
baseline,noise_growth,26,SINDy-STLSQ,54.0,-0.02869526158195268,0.06616857746256555,True
baseline,noise_growth,26,SINDy-STLSQ,62.0,-0.06328434033904506,0.08396231548247407,True
baseline,noise_growth,26,SINDy-STLSQ,70.0,0.14620052257113447,0.1883785723221581,True
baseline,noise_growth,26,SINDy-STLSQ,78.0,0.173776123431582,0.2960237576954641,True
baseline,noise_growth,27,Bayesian SINDy (spike-slab),30.0,0.5724157561541615,0.017616619536114847,True
baseline,noise_growth,27,Bayesian SINDy (spike-slab),38.0,0.07957393453933326,-0.004129626730633912,True
baseline,noise_growth,27,Bayesian SINDy (spike-slab),46.0,-0.6878686811235756,-0.012374408673039544,True
baseline,noise_growth,27,Bayesian SINDy (spike-slab),54.0,0.5106512017889981,0.07387602423478276,True
baseline,noise_growth,27,Bayesian SINDy (spike-slab),62.0,0.15337957718704676,0.11564492917922539,True
baseline,noise_growth,27,Bayesian SINDy (spike-slab),70.0,-1.6254519904648004,0.11748714146399106,True
baseline,noise_growth,27,Bayesian SINDy (spike-slab),78.0,0.20510608192159618,0.258072990181461,True
baseline,noise_growth,27,Kalman OU,30.0,0.6727052119063448,-0.061406664210729545,True
baseline,noise_growth,27,Kalman OU,38.0,0.2964052603647903,-0.05476629179700579,True
baseline,noise_growth,27,Kalman OU,46.0,-0.061220637651741905,-0.02630247718787443,True
baseline,noise_growth,27,Kalman OU,54.0,0.3275929244611573,0.048609466338095375,True
baseline,noise_growth,27,Kalman OU,62.0,0.26676091251678435,0.08166757131748137,True
baseline,noise_growth,27,Kalman OU,70.0,-1.8351463439229316,0.21261875073946607,True
baseline,noise_growth,27,Kalman OU,78.0,0.009477442976135286,0.26109548736265614,True
baseline,noise_growth,27,Latent Neural SDE (VI),30.0,0.12288302183151245,0.04595343325930662,True
baseline,noise_growth,27,Latent Neural SDE (VI),38.0,-0.18513882160186768,-0.012143112999064731,True
baseline,noise_growth,27,Latent Neural SDE (VI),46.0,-0.7860128879547119,-0.01166026911595136,True
baseline,noise_growth,27,Latent Neural SDE (VI),54.0,-0.22043776512145996,-0.006674760739326435,True
baseline,noise_growth,27,Latent Neural SDE (VI),62.0,0.061278343200683594,0.06558559066625985,True
baseline,noise_growth,27,Latent Neural SDE (VI),70.0,-2.328691244125366,0.07092343709943055,True
baseline,noise_growth,27,Latent Neural SDE (VI),78.0,-0.7819836139678955,0.1833707204343864,True
baseline,noise_growth,27,Moment OU,30.0,0.25773021141596963,0.012962046456964443,True
baseline,noise_growth,27,Moment OU,38.0,0.06658826625794356,-0.014908999585040661,True
baseline,noise_growth,27,Moment OU,46.0,-0.5933229408495495,0.016329117381554653,True
baseline,noise_growth,27,Moment OU,54.0,0.23198857079662716,0.07208903272812808,True
baseline,noise_growth,27,Moment OU,62.0,0.0514410512294039,0.13029977575847854,True
baseline,noise_growth,27,Moment OU,70.0,-1.9423902345128412,0.2215927019949486,True
baseline,noise_growth,27,Moment OU,78.0,-0.08799085113022387,0.29093780061783925,True
baseline,noise_growth,27,Neural SDE (Euler),30.0,0.09533834457397461,0.059219585542870434,True
baseline,noise_growth,27,Neural SDE (Euler),38.0,-0.27861928939819336,-0.005106873162389947,True
baseline,noise_growth,27,Neural SDE (Euler),46.0,-0.7424976825714111,-0.007862058859384069,True
baseline,noise_growth,27,Neural SDE (Euler),54.0,-0.3616069555282593,0.010713759893196284,True
baseline,noise_growth,27,Neural SDE (Euler),62.0,0.03646528720855713,0.0716326351982482,True
baseline,noise_growth,27,Neural SDE (Euler),70.0,-2.2921199798583984,0.07497588487083412,True
baseline,noise_growth,27,Neural SDE (Euler),78.0,-0.8201204538345337,0.194674988732991,True
baseline,noise_growth,27,SINDy-STLSQ,30.0,0.2549699211446739,0.016540764096400207,True
baseline,noise_growth,27,SINDy-STLSQ,38.0,0.02330504309599779,-0.0041156525594087945,True
baseline,noise_growth,27,SINDy-STLSQ,46.0,-0.42025747521906776,-0.008272761735375833,True
baseline,noise_growth,27,SINDy-STLSQ,54.0,0.14913784783105744,0.06850398896318319,True
baseline,noise_growth,27,SINDy-STLSQ,62.0,0.1395121960499851,0.11117948728036373,True
baseline,noise_growth,27,SINDy-STLSQ,70.0,-1.4913486796086608,0.12028202561753934,True
baseline,noise_growth,27,SINDy-STLSQ,78.0,-0.37478856648936176,0.23931224004274956,True
baseline,noise_growth,28,Bayesian SINDy (spike-slab),30.0,0.4856423310534943,0.008964657816233651,True
baseline,noise_growth,28,Bayesian SINDy (spike-slab),38.0,-0.17070463056421692,0.02399284866144355,True
baseline,noise_growth,28,Bayesian SINDy (spike-slab),46.0,0.0026644193847940034,0.06300350993565737,True
baseline,noise_growth,28,Bayesian SINDy (spike-slab),54.0,-0.4868491696923243,0.07707383360144052,True
baseline,noise_growth,28,Bayesian SINDy (spike-slab),62.0,0.39936381362521334,0.12478667263513746,True
baseline,noise_growth,28,Bayesian SINDy (spike-slab),70.0,0.437788848058568,0.17644938541762314,True
baseline,noise_growth,28,Bayesian SINDy (spike-slab),78.0,0.3959008152440702,0.22916201339847078,True
baseline,noise_growth,28,Kalman OU,30.0,0.0505136196299506,0.044457226352782986,True
baseline,noise_growth,28,Kalman OU,38.0,-0.19252438251893833,0.076380889887261,True
baseline,noise_growth,28,Kalman OU,46.0,-0.26832693872373936,0.09870008814355713,True
baseline,noise_growth,28,Kalman OU,54.0,-0.5635879971023802,0.1485470749925506,True
baseline,noise_growth,28,Kalman OU,62.0,-0.07723440035753493,0.1721440562979391,True
baseline,noise_growth,28,Kalman OU,70.0,0.09366068553987372,0.224205512347406,True
baseline,noise_growth,28,Kalman OU,78.0,-0.08649401264159806,0.28508573154072514,True
baseline,noise_growth,28,Latent Neural SDE (VI),30.0,0.02501356601715088,-0.022618350596381148,True
baseline,noise_growth,28,Latent Neural SDE (VI),38.0,-0.2736920118331909,0.02702223112138255,True
baseline,noise_growth,28,Latent Neural SDE (VI),46.0,-0.48951125144958496,0.04665269094260388,True
baseline,noise_growth,28,Latent Neural SDE (VI),54.0,-0.32008087635040283,0.09848940992633398,True
baseline,noise_growth,28,Latent Neural SDE (VI),62.0,-0.5006414651870728,0.14557668225917003,True
baseline,noise_growth,28,Latent Neural SDE (VI),70.0,0.2533494234085083,0.15785230586381982,True
baseline,noise_growth,28,Latent Neural SDE (VI),78.0,0.17598527669906616,0.18709975741136897,True
baseline,noise_growth,28,Moment OU,30.0,0.3228315327498702,0.0015167033570293031,True
baseline,noise_growth,28,Moment OU,38.0,-0.11960695090263662,0.050705678097021534,True
baseline,noise_growth,28,Moment OU,46.0,-0.7551778925225113,0.1201674688182841,True
baseline,noise_growth,28,Moment OU,54.0,-0.40636616670499104,0.12189452851054822,True
baseline,noise_growth,28,Moment OU,62.0,0.1429412620461984,0.13709289300536975,True
baseline,noise_growth,28,Moment OU,70.0,0.2305851561270309,0.20288521548960203,True
baseline,noise_growth,28,Moment OU,78.0,0.03429081032415271,0.2664196877946645,True
baseline,noise_growth,28,Neural SDE (Euler),30.0,0.04633420705795288,-0.023822241807260974,True
baseline,noise_growth,28,Neural SDE (Euler),38.0,-0.27112042903900146,0.029975763753756463,True
baseline,noise_growth,28,Neural SDE (Euler),46.0,-0.524432897567749,0.048331562805132566,True
baseline,noise_growth,28,Neural SDE (Euler),54.0,-0.33295202255249023,0.10625858594879112,True
baseline,noise_growth,28,Neural SDE (Euler),62.0,-0.5669567584991455,0.15025312421027948,True
baseline,noise_growth,28,Neural SDE (Euler),70.0,0.21958500146865845,0.15881858576262015,True
baseline,noise_growth,28,Neural SDE (Euler),78.0,0.1749809980392456,0.1819227537606522,True
baseline,noise_growth,28,SINDy-STLSQ,30.0,0.358794349945487,0.006567105865799533,True
baseline,noise_growth,28,SINDy-STLSQ,38.0,-0.3930623644392519,0.0260765022927536,True
baseline,noise_growth,28,SINDy-STLSQ,46.0,-0.8688016222708554,0.04909226803792435,True
baseline,noise_growth,28,SINDy-STLSQ,54.0,0.06030805070079759,0.08032055358020199,True
baseline,noise_growth,28,SINDy-STLSQ,62.0,-0.13818137751379056,0.11988312117751745,True
baseline,noise_growth,28,SINDy-STLSQ,70.0,0.3862785044412898,0.1715859019300824,True
baseline,noise_growth,28,SINDy-STLSQ,78.0,-0.11009624961271303,0.21958941027290826,True
baseline,noise_growth,29,Bayesian SINDy (spike-slab),30.0,0.735720804568684,0.015090333316166105,True
baseline,noise_growth,29,Bayesian SINDy (spike-slab),38.0,0.7035635398761447,0.05789184549004303,True
baseline,noise_growth,29,Bayesian SINDy (spike-slab),46.0,1.2266815708860324,0.09904111737481897,True
baseline,noise_growth,29,Bayesian SINDy (spike-slab),54.0,1.22069177692085,0.11986086977994126,True
baseline,noise_growth,29,Bayesian SINDy (spike-slab),62.0,0.09955617915962445,0.14471763875757082,True
baseline,noise_growth,29,Bayesian SINDy (spike-slab),70.0,0.840223313870369,0.2105685793898288,True
baseline,noise_growth,29,Bayesian SINDy (spike-slab),78.0,0.7875827952677832,0.30861450226027726,True
baseline,noise_growth,29,Kalman OU,30.0,0.33819881245194094,0.006149649814056052,True
baseline,noise_growth,29,Kalman OU,38.0,0.6464137546616726,0.035598887083630903,True
baseline,noise_growth,29,Kalman OU,46.0,0.8630624455227695,0.10414000024944794,True
baseline,noise_growth,29,Kalman OU,54.0,0.6984720442439571,0.13756189741928418,True
baseline,noise_growth,29,Kalman OU,62.0,-0.19088955744805802,0.18173026939431228,True
baseline,noise_growth,29,Kalman OU,70.0,0.5209977517871202,0.20451222762735852,True
baseline,noise_growth,29,Kalman OU,78.0,0.2672675227227548,0.3337938767788542,True
baseline,noise_growth,29,Latent Neural SDE (VI),30.0,0.42593204975128174,0.013930834437921341,True
baseline,noise_growth,29,Latent Neural SDE (VI),38.0,0.6863627433776855,0.037463944434547286,True
baseline,noise_growth,29,Latent Neural SDE (VI),46.0,0.5659263134002686,0.08252768412979661,True
baseline,noise_growth,29,Latent Neural SDE (VI),54.0,0.8130456209182739,0.12838275651571063,True
baseline,noise_growth,29,Latent Neural SDE (VI),62.0,0.014600753784179688,0.1386919454939523,True
baseline,noise_growth,29,Latent Neural SDE (VI),70.0,0.6177027821540833,0.18665354300186549,True
baseline,noise_growth,29,Latent Neural SDE (VI),78.0,0.3748561143875122,0.256190018218708,True
baseline,noise_growth,29,Moment OU,30.0,-0.06177417190007106,0.027477783712731185,True
baseline,noise_growth,29,Moment OU,38.0,0.5634722004549166,0.06449032071177221,True
baseline,noise_growth,29,Moment OU,46.0,0.9230686370008795,0.10992682738561507,True
baseline,noise_growth,29,Moment OU,54.0,0.8910380064691529,0.1155011507439995,True
baseline,noise_growth,29,Moment OU,62.0,-0.1159759236070188,0.18163760968072198,True
baseline,noise_growth,29,Moment OU,70.0,0.5292756254058149,0.23361147817857184,True
baseline,noise_growth,29,Moment OU,78.0,0.3508369799094204,0.3439338692017472,True
baseline,noise_growth,29,Neural SDE (Euler),30.0,0.3901658058166504,0.007932987426781196,True
baseline,noise_growth,29,Neural SDE (Euler),38.0,0.5835700035095215,0.04175980576202981,True
baseline,noise_growth,29,Neural SDE (Euler),46.0,0.46378737688064575,0.09362281450282281,True
baseline,noise_growth,29,Neural SDE (Euler),54.0,0.8172911405563354,0.13791988632282134,True
baseline,noise_growth,29,Neural SDE (Euler),62.0,-0.0017589330673217773,0.14216777915373704,True
baseline,noise_growth,29,Neural SDE (Euler),70.0,0.5732935667037964,0.17549653803653117,True
baseline,noise_growth,29,Neural SDE (Euler),78.0,0.3449464440345764,0.2667391505994927,True
baseline,noise_growth,29,SINDy-STLSQ,30.0,0.5203129120207421,0.011981434475601627,True
baseline,noise_growth,29,SINDy-STLSQ,38.0,0.1092336072056842,0.05598393315823158,True
baseline,noise_growth,29,SINDy-STLSQ,46.0,0.5133648509120649,0.09617401585736546,True
baseline,noise_growth,29,SINDy-STLSQ,54.0,0.4750840680759786,0.11812896173109827,True
baseline,noise_growth,29,SINDy-STLSQ,62.0,-0.3549411729103904,0.14137644799964966,True
baseline,noise_growth,29,SINDy-STLSQ,70.0,0.773422477285762,0.20255319640883457,True
baseline,noise_growth,29,SINDy-STLSQ,78.0,0.3041987228408515,0.30064967540675874,True
baseline,noise_growth,30,Bayesian SINDy (spike-slab),30.0,-0.3420590343334752,0.0035257713810760705,True
baseline,noise_growth,30,Bayesian SINDy (spike-slab),38.0,-1.1473813790994827,0.01099859484757379,True
baseline,noise_growth,30,Bayesian SINDy (spike-slab),46.0,-0.7314723307187762,0.0633772543939019,True
baseline,noise_growth,30,Bayesian SINDy (spike-slab),54.0,0.46207924499241926,0.108801723586682,True
baseline,noise_growth,30,Bayesian SINDy (spike-slab),62.0,0.2172167165517186,0.1673134375357807,True
baseline,noise_growth,30,Bayesian SINDy (spike-slab),70.0,0.06671453426735174,0.23830406849803315,True
baseline,noise_growth,30,Bayesian SINDy (spike-slab),78.0,-0.02146907139938925,0.2907557926299892,True
baseline,noise_growth,30,Kalman OU,30.0,-0.0012394559681105921,-0.020303911152017046,True
baseline,noise_growth,30,Kalman OU,38.0,-1.060602333495117,0.024726574710516147,True
baseline,noise_growth,30,Kalman OU,46.0,-0.8536714681025805,0.09434379179194241,True
baseline,noise_growth,30,Kalman OU,54.0,0.25068410024667975,0.08505265233830439,True
baseline,noise_growth,30,Kalman OU,62.0,-0.062275673130721465,0.1808580635724022,True
baseline,noise_growth,30,Kalman OU,70.0,-0.24321512041427829,0.26517243405961244,True
baseline,noise_growth,30,Kalman OU,78.0,-0.07492959097413587,0.2538589641167002,True
baseline,noise_growth,30,Latent Neural SDE (VI),30.0,0.26407134532928467,0.0030967265344395423,True
baseline,noise_growth,30,Latent Neural SDE (VI),38.0,-0.7045997381210327,0.05051098780981045,True
baseline,noise_growth,30,Latent Neural SDE (VI),46.0,-1.114153265953064,0.09563882713249086,True
baseline,noise_growth,30,Latent Neural SDE (VI),54.0,-0.33474433422088623,0.12878637226017395,True
baseline,noise_growth,30,Latent Neural SDE (VI),62.0,-0.10161781311035156,0.18011583104166848,True
baseline,noise_growth,30,Latent Neural SDE (VI),70.0,0.40801435708999634,0.09245817119535663,True
baseline,noise_growth,30,Latent Neural SDE (VI),78.0,0.14806926250457764,0.21508711296092806,True
baseline,noise_growth,30,Moment OU,30.0,-0.1805112442979412,0.005247230923933949,True
baseline,noise_growth,30,Moment OU,38.0,-1.0340213266203064,0.030719946613284532,True
baseline,noise_growth,30,Moment OU,46.0,-0.825246601743053,0.0937002565302158,True
baseline,noise_growth,30,Moment OU,54.0,0.2269350824542059,0.10346238818156489,True
baseline,noise_growth,30,Moment OU,62.0,0.007153195920595601,0.17762472733672946,True
baseline,noise_growth,30,Moment OU,70.0,-0.19970483529840732,0.26619679135143814,True
baseline,noise_growth,30,Moment OU,78.0,-0.30021820400382426,0.32882973990888864,True
baseline,noise_growth,30,Neural SDE (Euler),30.0,0.1309727430343628,0.009194338666584756,True
baseline,noise_growth,30,Neural SDE (Euler),38.0,-0.8253620862960815,0.05299138833979525,True
baseline,noise_growth,30,Neural SDE (Euler),46.0,-1.128818154335022,0.10382088500963152,True
baseline,noise_growth,30,Neural SDE (Euler),54.0,-0.4696003198623657,0.14176563543087603,True
baseline,noise_growth,30,Neural SDE (Euler),62.0,-0.10229909420013428,0.18200008048591995,True
baseline,noise_growth,30,Neural SDE (Euler),70.0,0.31550657749176025,0.07244919170942885,True
baseline,noise_growth,30,Neural SDE (Euler),78.0,-0.008582592010498047,0.175834372362941,True
baseline,noise_growth,30,SINDy-STLSQ,30.0,-0.056436782574932565,0.0007277769685168356,True
baseline,noise_growth,30,SINDy-STLSQ,38.0,0.15812339802164366,0.018039823685765594,True
baseline,noise_growth,30,SINDy-STLSQ,46.0,-0.020378378956250387,0.06628343611702017,True
baseline,noise_growth,30,SINDy-STLSQ,54.0,0.8594099911416013,0.10802283422925565,True
baseline,noise_growth,30,SINDy-STLSQ,62.0,1.282492091472603,0.16519821249592195,True
baseline,noise_growth,30,SINDy-STLSQ,70.0,0.6798734900940311,0.23337323157636378,True
baseline,noise_growth,30,SINDy-STLSQ,78.0,0.6195558596823827,0.28608062930392275,True
baseline,noise_growth,31,Bayesian SINDy (spike-slab),30.0,-0.4508250476403627,-0.009012316491490896,True
baseline,noise_growth,31,Bayesian SINDy (spike-slab),38.0,0.2469758901316641,-0.003376258113735431,True
baseline,noise_growth,31,Bayesian SINDy (spike-slab),46.0,0.38816506174972887,-0.012891155264070558,True
baseline,noise_growth,31,Bayesian SINDy (spike-slab),54.0,0.004265934846130248,0.051665102210885744,True
baseline,noise_growth,31,Bayesian SINDy (spike-slab),62.0,-0.4790057441275014,0.07059283016048687,True
baseline,noise_growth,31,Bayesian SINDy (spike-slab),70.0,0.6454141199191743,0.13838858129217804,True
baseline,noise_growth,31,Bayesian SINDy (spike-slab),78.0,0.06078948207720747,0.19661243100624096,True
baseline,noise_growth,31,Kalman OU,30.0,0.31534658489355005,-0.079031532280018,True
baseline,noise_growth,31,Kalman OU,38.0,0.26957501004274964,-0.033803429408356345,True
baseline,noise_growth,31,Kalman OU,46.0,-0.09115444343703638,0.004641387635246824,True
baseline,noise_growth,31,Kalman OU,54.0,-0.5631487619698594,0.11659183381917043,True
baseline,noise_growth,31,Kalman OU,62.0,-0.7403602191750451,0.15512682521805704,True
baseline,noise_growth,31,Kalman OU,70.0,-0.10560032924106455,0.1872484915604668,True
baseline,noise_growth,31,Kalman OU,78.0,0.16341277148670252,0.17571240940878508,True
baseline,noise_growth,31,Latent Neural SDE (VI),30.0,-0.989854097366333,-0.020568275899184335,True
baseline,noise_growth,31,Latent Neural SDE (VI),38.0,-0.2910940647125244,-0.00016503602552864205,True
baseline,noise_growth,31,Latent Neural SDE (VI),46.0,0.013936161994934082,-0.003578290297465425,True
baseline,noise_growth,31,Latent Neural SDE (VI),54.0,-0.439910888671875,0.04276911532841404,True
baseline,noise_growth,31,Latent Neural SDE (VI),62.0,-0.6326044797897339,0.07066285605858869,True
baseline,noise_growth,31,Latent Neural SDE (VI),70.0,-0.4398442506790161,0.13159019575236774,True
baseline,noise_growth,31,Latent Neural SDE (VI),78.0,-0.06805849075317383,0.19814882755411267,True
baseline,noise_growth,31,Moment OU,30.0,-0.34940209359008256,-0.007672612938603829,True
baseline,noise_growth,31,Moment OU,38.0,0.04922636988133178,-0.007221993159967882,True
baseline,noise_growth,31,Moment OU,46.0,0.23024247788747365,-0.030042149053502165,True
baseline,noise_growth,31,Moment OU,54.0,-0.09313429204725465,0.060550650803048334,True
baseline,noise_growth,31,Moment OU,62.0,-0.5162744797899785,0.11713526883965786,True
baseline,noise_growth,31,Moment OU,70.0,-0.3826671160848789,0.20634090293267443,True
baseline,noise_growth,31,Moment OU,78.0,-0.012415709002924435,0.25512485158414727,True
baseline,noise_growth,31,Neural SDE (Euler),30.0,-0.9688812494277954,-0.01597879048190126,True
baseline,noise_growth,31,Neural SDE (Euler),38.0,-0.3359079360961914,-0.0008016550177750159,True
baseline,noise_growth,31,Neural SDE (Euler),46.0,0.032036423683166504,-0.00821389582678625,True
baseline,noise_growth,31,Neural SDE (Euler),54.0,-0.17570114135742188,0.043432353419257136,True
baseline,noise_growth,31,Neural SDE (Euler),62.0,-0.4503079652786255,0.06875191616864931,True
baseline,noise_growth,31,Neural SDE (Euler),70.0,-0.2966867685317993,0.13505529119692136,True
baseline,noise_growth,31,Neural SDE (Euler),78.0,-0.005471944808959961,0.20895356876527663,True
baseline,noise_growth,31,SINDy-STLSQ,30.0,-0.9754182574455125,-0.009121763878888495,True
baseline,noise_growth,31,SINDy-STLSQ,38.0,-0.845258277526458,-0.011179961130895283,True
baseline,noise_growth,31,SINDy-STLSQ,46.0,-0.2233804382509018,-0.014197804213752885,True
baseline,noise_growth,31,SINDy-STLSQ,54.0,0.20476000299341357,0.05252354459183589,True
baseline,noise_growth,31,SINDy-STLSQ,62.0,-0.2772391088647347,0.07426969980353432,True
baseline,noise_growth,31,SINDy-STLSQ,70.0,-0.3073305486027643,0.13088308410637461,True
baseline,noise_growth,31,SINDy-STLSQ,78.0,0.5892705846817584,0.19815389414016743,True
baseline,noise_growth,32,Bayesian SINDy (spike-slab),30.0,0.36466918697706396,0.0646962236147226,True
baseline,noise_growth,32,Bayesian SINDy (spike-slab),38.0,0.6572841878776331,0.08698389148926639,True
baseline,noise_growth,32,Bayesian SINDy (spike-slab),46.0,0.02538813346197699,0.09451203372590827,True
baseline,noise_growth,32,Bayesian SINDy (spike-slab),54.0,0.7811981741600806,0.14267841962785688,True
baseline,noise_growth,32,Bayesian SINDy (spike-slab),62.0,0.8650757284184067,0.1476960312615005,True
baseline,noise_growth,32,Bayesian SINDy (spike-slab),70.0,0.31574666920397476,0.17083030140867994,True
baseline,noise_growth,32,Bayesian SINDy (spike-slab),78.0,-0.2339605156307244,0.2785999250910408,True
baseline,noise_growth,32,Kalman OU,30.0,0.1249292278148939,0.052844783618248264,True
baseline,noise_growth,32,Kalman OU,38.0,0.12175118939474194,0.11051420060646328,True
baseline,noise_growth,32,Kalman OU,46.0,0.22729398343290053,0.025842304421221513,True
baseline,noise_growth,32,Kalman OU,54.0,0.40678641038608654,0.10482244448022349,True
baseline,noise_growth,32,Kalman OU,62.0,0.28544184404589,0.16997417162801148,True
baseline,noise_growth,32,Kalman OU,70.0,-0.3741711766032563,0.21887149288714047,True
baseline,noise_growth,32,Kalman OU,78.0,-0.18939476661688204,0.2934507371606671,True
baseline,noise_growth,32,Latent Neural SDE (VI),30.0,0.4279179573059082,0.053517586615636686,True
baseline,noise_growth,32,Latent Neural SDE (VI),38.0,0.6363546252250671,0.07679427264550295,True
baseline,noise_growth,32,Latent Neural SDE (VI),46.0,-0.9711815118789673,0.10657575262889149,True
baseline,noise_growth,32,Latent Neural SDE (VI),54.0,-0.039045095443725586,0.09900216511621365,True
baseline,noise_growth,32,Latent Neural SDE (VI),62.0,0.3147459030151367,0.09494090335362668,True
baseline,noise_growth,32,Latent Neural SDE (VI),70.0,-0.04389643669128418,0.17594547640644984,True
baseline,noise_growth,32,Latent Neural SDE (VI),78.0,-0.19291436672210693,0.266777929839073,True
baseline,noise_growth,32,Moment OU,30.0,0.09405642213481546,0.06975996317419136,True
baseline,noise_growth,32,Moment OU,38.0,0.37146029912162715,0.08347664148544698,True
baseline,noise_growth,32,Moment OU,46.0,-0.1541677085049764,0.10622215295155352,True
baseline,noise_growth,32,Moment OU,54.0,0.432850651778239,0.14149911205740523,True
baseline,noise_growth,32,Moment OU,62.0,0.3486897658916024,0.17047972938706318,True
baseline,noise_growth,32,Moment OU,70.0,-0.4146066761606184,0.2202837894738312,True
baseline,noise_growth,32,Moment OU,78.0,-0.3702484338283394,0.3565446554984971,True
baseline,noise_growth,32,Neural SDE (Euler),30.0,0.2607380151748657,0.05864188152594116,True
baseline,noise_growth,32,Neural SDE (Euler),38.0,0.5349541902542114,0.08503799536184417,True
baseline,noise_growth,32,Neural SDE (Euler),46.0,-1.145548939704895,0.10901890727950389,True
baseline,noise_growth,32,Neural SDE (Euler),54.0,-0.4114573001861572,0.08884096978053338,True
baseline,noise_growth,32,Neural SDE (Euler),62.0,0.10966432094573975,0.09624179087768561,True
baseline,noise_growth,32,Neural SDE (Euler),70.0,-0.17187047004699707,0.1927283971098144,True
baseline,noise_growth,32,Neural SDE (Euler),78.0,-0.2722574472427368,0.2779260202049946,True
baseline,noise_growth,32,SINDy-STLSQ,30.0,-0.15380952480752985,0.057817821703297245,True
baseline,noise_growth,32,SINDy-STLSQ,38.0,0.3135751676654807,0.08123413537068547,True
baseline,noise_growth,32,SINDy-STLSQ,46.0,-1.0766574777128128,0.0913969394025686,True
baseline,noise_growth,32,SINDy-STLSQ,54.0,-0.27024369637482226,0.1377413536966829,True
baseline,noise_growth,32,SINDy-STLSQ,62.0,0.054961556754893115,0.14508630966603908,True
baseline,noise_growth,32,SINDy-STLSQ,70.0,0.05616953980574013,0.16467128908218842,True
baseline,noise_growth,32,SINDy-STLSQ,78.0,-0.46511014688195407,0.2776443652687802,True
baseline,noise_growth,33,Bayesian SINDy (spike-slab),30.0,0.23149796818130353,0.024313303636541994,True
baseline,noise_growth,33,Bayesian SINDy (spike-slab),38.0,0.347415918597514,-0.03490337345145045,True
baseline,noise_growth,33,Bayesian SINDy (spike-slab),46.0,0.7732761445482362,0.00015616414397257028,True
baseline,noise_growth,33,Bayesian SINDy (spike-slab),54.0,0.22469044564312302,0.04953644078447955,True
baseline,noise_growth,33,Bayesian SINDy (spike-slab),62.0,0.5334422904100393,0.06293235057105001,True
baseline,noise_growth,33,Bayesian SINDy (spike-slab),70.0,0.6886737715003604,0.1067977125431866,True
baseline,noise_growth,33,Bayesian SINDy (spike-slab),78.0,0.49580139100820964,0.21423811461147962,True
baseline,noise_growth,33,Kalman OU,30.0,-0.559835617821655,0.1367170692506003,True
baseline,noise_growth,33,Kalman OU,38.0,-0.5564132466955007,0.08806176839947852,True
baseline,noise_growth,33,Kalman OU,46.0,-0.08870630205851304,0.11929328362142161,True
baseline,noise_growth,33,Kalman OU,54.0,-0.7391819133030866,0.18574240617455584,True
baseline,noise_growth,33,Kalman OU,62.0,-0.32062235672922423,0.1917779197972908,True
baseline,noise_growth,33,Kalman OU,70.0,-0.11081957249025554,0.1845036028782544,True
baseline,noise_growth,33,Kalman OU,78.0,-0.08050823354820169,0.2245208401755278,True
baseline,noise_growth,33,Latent Neural SDE (VI),30.0,0.16774404048919678,0.07571252463959649,True
baseline,noise_growth,33,Latent Neural SDE (VI),38.0,0.2463662028312683,-0.017212181904624757,True
baseline,noise_growth,33,Latent Neural SDE (VI),46.0,0.37848931550979614,-0.049091981356232606,True
baseline,noise_growth,33,Latent Neural SDE (VI),54.0,0.11723792552947998,0.022305567823718286,True
baseline,noise_growth,33,Latent Neural SDE (VI),62.0,0.29952991008758545,0.05586189296270061,True
baseline,noise_growth,33,Latent Neural SDE (VI),70.0,0.7288205325603485,0.1341930723058946,True
baseline,noise_growth,33,Latent Neural SDE (VI),78.0,-0.3055688142776489,0.1982508175889734,True
baseline,noise_growth,33,Moment OU,30.0,0.5049180278070151,0.005555372678713477,True
baseline,noise_growth,33,Moment OU,38.0,0.6931925511113541,-0.06891617283323645,True
baseline,noise_growth,33,Moment OU,46.0,0.35814397992653824,0.0357448712906967,True
baseline,noise_growth,33,Moment OU,54.0,0.44495325415029297,0.03582639787665348,True
baseline,noise_growth,33,Moment OU,62.0,0.5140537173910644,0.08038053590591737,True
baseline,noise_growth,33,Moment OU,70.0,0.6336939306159921,0.11774459263338544,True
baseline,noise_growth,33,Moment OU,78.0,0.5924521908861581,0.22454852304127754,True
baseline,noise_growth,33,Neural SDE (Euler),30.0,0.12353980541229248,0.08105043591280026,True
baseline,noise_growth,33,Neural SDE (Euler),38.0,0.2501482367515564,-0.008729173546278335,True
baseline,noise_growth,33,Neural SDE (Euler),46.0,0.38668811321258545,-0.032718925765220896,True
baseline,noise_growth,33,Neural SDE (Euler),54.0,0.14167284965515137,0.026947459737044044,True
baseline,noise_growth,33,Neural SDE (Euler),62.0,0.39931780099868774,0.04896531882710026,True
baseline,noise_growth,33,Neural SDE (Euler),70.0,0.6900495290756226,0.15123482090350654,True
baseline,noise_growth,33,Neural SDE (Euler),78.0,-0.2902185916900635,0.23270297995384415,True
baseline,noise_growth,33,SINDy-STLSQ,30.0,0.07259370036131685,0.022001942518666828,True
baseline,noise_growth,33,SINDy-STLSQ,38.0,0.6054151204381658,-0.03532655313755298,True
baseline,noise_growth,33,SINDy-STLSQ,46.0,0.7259080647157867,0.0017566164801000594,True
baseline,noise_growth,33,SINDy-STLSQ,54.0,0.21368845025737793,0.04742860364962026,True
baseline,noise_growth,33,SINDy-STLSQ,62.0,0.42973123156695836,0.06159829476160972,True
baseline,noise_growth,33,SINDy-STLSQ,70.0,0.44351326945095326,0.10141700791677438,True
baseline,noise_growth,33,SINDy-STLSQ,78.0,0.5889488092991136,0.20959942344875582,True
baseline,noise_growth,34,Bayesian SINDy (spike-slab),30.0,0.11227052787832714,0.003951777056912936,True
baseline,noise_growth,34,Bayesian SINDy (spike-slab),38.0,0.2927779645624954,0.03189379237016496,True
baseline,noise_growth,34,Bayesian SINDy (spike-slab),46.0,0.3475253576041954,0.060905903276756684,True
baseline,noise_growth,34,Bayesian SINDy (spike-slab),54.0,-0.8513858607393435,0.11114964928686202,True
baseline,noise_growth,34,Bayesian SINDy (spike-slab),62.0,0.3044564240916553,0.16928773206507478,True
baseline,noise_growth,34,Bayesian SINDy (spike-slab),70.0,0.40174227746297075,0.20802993124052235,True
baseline,noise_growth,34,Bayesian SINDy (spike-slab),78.0,0.36361333109480015,0.25088463800047545,True
baseline,noise_growth,34,Kalman OU,30.0,0.43224832793541546,-0.04885560038209233,True
baseline,noise_growth,34,Kalman OU,38.0,0.4073834738566475,0.004913123788669677,True
baseline,noise_growth,34,Kalman OU,46.0,0.3899775272755691,0.05975505524727012,True
baseline,noise_growth,34,Kalman OU,54.0,-0.740277578359541,0.15453966365861713,True
baseline,noise_growth,34,Kalman OU,62.0,0.24171068734886436,0.14627401519726832,True
baseline,noise_growth,34,Kalman OU,70.0,0.477366740772428,0.16691567758785178,True
baseline,noise_growth,34,Kalman OU,78.0,0.34290799000812167,0.2298890224628757,True
baseline,noise_growth,34,Latent Neural SDE (VI),30.0,0.5790861248970032,0.021349908150105373,True
baseline,noise_growth,34,Latent Neural SDE (VI),38.0,1.096332609653473,0.02181733327761029,True
baseline,noise_growth,34,Latent Neural SDE (VI),46.0,-0.6649982929229736,0.015411101152188522,True
baseline,noise_growth,34,Latent Neural SDE (VI),54.0,-1.2891690731048584,0.10473003003708867,True
baseline,noise_growth,34,Latent Neural SDE (VI),62.0,0.6658458709716797,0.1865154334558279,True
baseline,noise_growth,34,Latent Neural SDE (VI),70.0,0.7912956476211548,0.1896796857218158,True
baseline,noise_growth,34,Latent Neural SDE (VI),78.0,-0.5671606063842773,0.2700147741500821,True
baseline,noise_growth,34,Moment OU,30.0,0.03477795937344286,0.0008941973984822327,True
baseline,noise_growth,34,Moment OU,38.0,0.17257335335411617,0.03466382079636418,True
baseline,noise_growth,34,Moment OU,46.0,0.03043726769889432,0.09208032881591321,True
baseline,noise_growth,34,Moment OU,54.0,-0.7755941972563729,0.16050146169124468,True
baseline,noise_growth,34,Moment OU,62.0,-0.2599719965540279,0.21506306847175932,True
baseline,noise_growth,34,Moment OU,70.0,-0.1037861463695231,0.26587835432862517,True
baseline,noise_growth,34,Moment OU,78.0,-0.19907197593822912,0.32009037621750924,True
baseline,noise_growth,34,Neural SDE (Euler),30.0,0.42331647872924805,0.022501940073271498,True
baseline,noise_growth,34,Neural SDE (Euler),38.0,0.888500452041626,0.02388143283007782,True
baseline,noise_growth,34,Neural SDE (Euler),46.0,-1.07223379611969,0.02032571926994972,True
baseline,noise_growth,34,Neural SDE (Euler),54.0,-1.4449032545089722,0.1033070816161421,True
baseline,noise_growth,34,Neural SDE (Euler),62.0,0.4199899435043335,0.17989772246847285,True
baseline,noise_growth,34,Neural SDE (Euler),70.0,0.412375807762146,0.20168277300382037,True
baseline,noise_growth,34,Neural SDE (Euler),78.0,-0.9801579713821411,0.29580809579406175,True
baseline,noise_growth,34,SINDy-STLSQ,30.0,-0.9248518681798231,0.0009493801677478431,True
baseline,noise_growth,34,SINDy-STLSQ,38.0,-0.2951315223218107,0.030201720170999757,True
baseline,noise_growth,34,SINDy-STLSQ,46.0,-0.38913460879063944,0.059591880978469014,True
baseline,noise_growth,34,SINDy-STLSQ,54.0,-1.8829368355026515,0.11429535133938129,True
baseline,noise_growth,34,SINDy-STLSQ,62.0,-0.413204472717316,0.16497211376348087,True
baseline,noise_growth,34,SINDy-STLSQ,70.0,0.2863461053290984,0.20027073885250746,True
baseline,noise_growth,34,SINDy-STLSQ,78.0,-1.9832123942487452,0.2297252772204098,True
baseline,noise_growth,35,Bayesian SINDy (spike-slab),30.0,-0.19355255330002052,0.026484662120257546,True
baseline,noise_growth,35,Bayesian SINDy (spike-slab),38.0,-0.6411502499966432,0.025218570650268807,True
baseline,noise_growth,35,Bayesian SINDy (spike-slab),46.0,-0.2559435692327665,0.01190048061324589,True
baseline,noise_growth,35,Bayesian SINDy (spike-slab),54.0,-1.245129310143445,0.028251857389593543,True
baseline,noise_growth,35,Bayesian SINDy (spike-slab),62.0,-1.0955197905283582,0.08311741357786287,True
baseline,noise_growth,35,Bayesian SINDy (spike-slab),70.0,0.41362749820003736,0.16196552678907164,True
baseline,noise_growth,35,Bayesian SINDy (spike-slab),78.0,0.29730132816150906,0.24888269158613538,True
baseline,noise_growth,35,Kalman OU,30.0,0.298559773690246,-0.023151291550846137,True
baseline,noise_growth,35,Kalman OU,38.0,0.6915072644395579,-0.0706683915139727,True
baseline,noise_growth,35,Kalman OU,46.0,-0.27724322147998626,0.034975839685069815,True
baseline,noise_growth,35,Kalman OU,54.0,-1.2405345079471215,0.08995499389380221,True
baseline,noise_growth,35,Kalman OU,62.0,-0.42733843023709883,0.058644378849525974,True
baseline,noise_growth,35,Kalman OU,70.0,0.6055277814456654,0.11148520948249055,True
baseline,noise_growth,35,Kalman OU,78.0,0.10263324025305409,0.28276415630600227,True
baseline,noise_growth,35,Latent Neural SDE (VI),30.0,-0.23000621795654297,-0.0010505193542832136,True
baseline,noise_growth,35,Latent Neural SDE (VI),38.0,-0.20563912391662598,0.03455479413178095,True
baseline,noise_growth,35,Latent Neural SDE (VI),46.0,0.03630495071411133,0.0018514310079295049,True
baseline,noise_growth,35,Latent Neural SDE (VI),54.0,-1.950162410736084,0.02738862160123043,True
baseline,noise_growth,35,Latent Neural SDE (VI),62.0,-0.5235154628753662,0.07569583224428508,True
baseline,noise_growth,35,Latent Neural SDE (VI),70.0,0.6286264657974243,0.11311625394278588,True
baseline,noise_growth,35,Latent Neural SDE (VI),78.0,0.4465683698654175,0.2660143524463894,True
baseline,noise_growth,35,Moment OU,30.0,-0.2330973917648771,0.04113164781100301,True
baseline,noise_growth,35,Moment OU,38.0,-0.5827346836175868,0.07080748880367418,True
baseline,noise_growth,35,Moment OU,46.0,-0.1592929268012806,0.020083108534943356,True
baseline,noise_growth,35,Moment OU,54.0,-1.209439708268228,0.08086210280761272,True
baseline,noise_growth,35,Moment OU,62.0,-1.2026191406342088,0.14644106297526713,True
baseline,noise_growth,35,Moment OU,70.0,0.337517355723128,0.18341675338041344,True
baseline,noise_growth,35,Moment OU,78.0,0.09723934177266602,0.28166108456256955,True
baseline,noise_growth,35,Neural SDE (Euler),30.0,-0.22640395164489746,-0.014185005247672439,True
baseline,noise_growth,35,Neural SDE (Euler),38.0,-0.21353363990783691,0.03296019073832626,True
baseline,noise_growth,35,Neural SDE (Euler),46.0,0.03641009330749512,-0.004001862912619086,True
baseline,noise_growth,35,Neural SDE (Euler),54.0,-1.9932575225830078,0.02625362378951121,True
baseline,noise_growth,35,Neural SDE (Euler),62.0,-0.6120413541793823,0.07073010763250617,True
baseline,noise_growth,35,Neural SDE (Euler),70.0,0.5730070471763611,0.06322485471815606,True
baseline,noise_growth,35,Neural SDE (Euler),78.0,0.34631383419036865,0.2697113083664724,True
baseline,noise_growth,35,SINDy-STLSQ,30.0,-0.10383729384369134,0.026920247303215683,True
baseline,noise_growth,35,SINDy-STLSQ,38.0,-0.6054983278015158,0.025890095745409986,True
baseline,noise_growth,35,SINDy-STLSQ,46.0,-0.00789407230775896,0.01028457591461171,True
baseline,noise_growth,35,SINDy-STLSQ,54.0,-0.994702996988081,0.03369978596641532,True
baseline,noise_growth,35,SINDy-STLSQ,62.0,-0.20980556347563728,0.08510405059203213,True
baseline,noise_growth,35,SINDy-STLSQ,70.0,0.18192782644227368,0.15253488438093493,True
baseline,noise_growth,35,SINDy-STLSQ,78.0,0.20413356426645335,0.24572788387859396,True
baseline,stability_loss,24,Bayesian SINDy (spike-slab),30.0,1.0720576778529676,0.006306979735820589,True
baseline,stability_loss,24,Bayesian SINDy (spike-slab),38.0,0.8981787043294059,-0.018329915085322585,True
baseline,stability_loss,24,Bayesian SINDy (spike-slab),46.0,0.8018454144760421,-0.02120031714313625,True
baseline,stability_loss,24,Bayesian SINDy (spike-slab),54.0,1.5250067240990097,0.0013928578637252553,True
baseline,stability_loss,24,Bayesian SINDy (spike-slab),62.0,1.4115048333947526,-0.008836600424667634,True
baseline,stability_loss,24,Bayesian SINDy (spike-slab),70.0,1.6644822658792449,-0.008972675589783513,True
baseline,stability_loss,24,Bayesian SINDy (spike-slab),78.0,1.667008508755635,0.019537414867621145,True
baseline,stability_loss,24,Kalman OU,30.0,0.759908452921886,-0.01880278048443093,True
baseline,stability_loss,24,Kalman OU,38.0,0.6308304295375686,-0.0447692373926844,True
baseline,stability_loss,24,Kalman OU,46.0,0.6079520696549721,-0.050588133785169825,True
baseline,stability_loss,24,Kalman OU,54.0,1.2425516912419567,-0.04952570178397467,True
baseline,stability_loss,24,Kalman OU,62.0,0.8721122344190326,-0.04188697913315631,True
baseline,stability_loss,24,Kalman OU,70.0,1.5430293680032292,-0.061875224964462266,True
baseline,stability_loss,24,Kalman OU,78.0,1.6004617733058029,-0.05136719123243497,True
baseline,stability_loss,24,Latent Neural SDE (VI),30.0,2.0839072465896606,0.02800738396194108,True
baseline,stability_loss,24,Latent Neural SDE (VI),38.0,1.436792016029358,-0.008156742939628425,True
baseline,stability_loss,24,Latent Neural SDE (VI),46.0,1.382904291152954,-0.01429154488588974,True
baseline,stability_loss,24,Latent Neural SDE (VI),54.0,2.4319536685943604,0.032277040073750485,True
baseline,stability_loss,24,Latent Neural SDE (VI),62.0,0.5960640907287598,-0.027435828387506744,True
baseline,stability_loss,24,Latent Neural SDE (VI),70.0,2.4095739126205444,0.024955768845320414,True
baseline,stability_loss,24,Latent Neural SDE (VI),78.0,2.6530172526836395,0.007384382582230231,True
baseline,stability_loss,24,Moment OU,30.0,1.0768822142823904,-0.03599473760719776,True
baseline,stability_loss,24,Moment OU,38.0,0.9985511634316262,-0.06452993460517681,True
baseline,stability_loss,24,Moment OU,46.0,0.961743455433407,-0.06785423761403486,True
baseline,stability_loss,24,Moment OU,54.0,1.016720209696122,-0.019680740386776724,True
baseline,stability_loss,24,Moment OU,62.0,0.9230406445727408,-0.04257463979943013,True
baseline,stability_loss,24,Moment OU,70.0,1.716794404236359,-0.06727485967838906,True
baseline,stability_loss,24,Moment OU,78.0,1.734191823582275,-0.03988904282457606,True
baseline,stability_loss,24,Neural SDE (Euler),30.0,2.0442835092544556,0.036094500316799755,True
baseline,stability_loss,24,Neural SDE (Euler),38.0,1.510166049003601,-0.0036212201789028453,True
baseline,stability_loss,24,Neural SDE (Euler),46.0,1.4474022388458252,-0.017890949024030683,True
baseline,stability_loss,24,Neural SDE (Euler),54.0,2.3902969360351562,0.04744144603135708,True
baseline,stability_loss,24,Neural SDE (Euler),62.0,0.5583343505859375,-0.02364069701221347,True
baseline,stability_loss,24,Neural SDE (Euler),70.0,1.416663408279419,0.045423274385693546,True
baseline,stability_loss,24,Neural SDE (Euler),78.0,2.6700072288513184,0.016927335965492285,True
baseline,stability_loss,24,SINDy-STLSQ,30.0,1.1127428071318324,0.003649133525341436,True
baseline,stability_loss,24,SINDy-STLSQ,38.0,0.6125683429717312,-0.021660476622715197,True
baseline,stability_loss,24,SINDy-STLSQ,46.0,-0.213877907376258,-0.027227268819100037,True
baseline,stability_loss,24,SINDy-STLSQ,54.0,0.9637909069909484,-0.003897988550287973,True
baseline,stability_loss,24,SINDy-STLSQ,62.0,0.8201123144492954,-0.014490546410880045,True
baseline,stability_loss,24,SINDy-STLSQ,70.0,0.8557667121867714,-0.01398411460431992,True
baseline,stability_loss,24,SINDy-STLSQ,78.0,1.385606575912306,0.01561194244215186,True
baseline,stability_loss,25,Bayesian SINDy (spike-slab),30.0,1.6267813782438947,-0.0007634504668357356,True
baseline,stability_loss,25,Bayesian SINDy (spike-slab),38.0,1.4768403948811495,-0.008019566690796648,True
baseline,stability_loss,25,Bayesian SINDy (spike-slab),46.0,1.0010710462709178,0.005186553642757774,True
baseline,stability_loss,25,Bayesian SINDy (spike-slab),54.0,1.7812265969440244,0.008947011827459522,True
baseline,stability_loss,25,Bayesian SINDy (spike-slab),62.0,1.5188252525961667,0.04007268394150998,True
baseline,stability_loss,25,Bayesian SINDy (spike-slab),70.0,0.9594436609906802,0.020874860191944927,True
baseline,stability_loss,25,Bayesian SINDy (spike-slab),78.0,1.5982741556735471,0.007933786656094288,True
baseline,stability_loss,25,Kalman OU,30.0,0.8997003567089744,0.0012366439953218622,True
baseline,stability_loss,25,Kalman OU,38.0,0.8641923774819817,0.003275395391916097,True
baseline,stability_loss,25,Kalman OU,46.0,0.3173332401020168,0.029088370314949263,True
baseline,stability_loss,25,Kalman OU,54.0,1.358168201556033,0.016749264400640368,True
baseline,stability_loss,25,Kalman OU,62.0,1.5313198256330796,0.008486877471847426,True
baseline,stability_loss,25,Kalman OU,70.0,1.4758327390313952,-0.0220848670379111,True
baseline,stability_loss,25,Kalman OU,78.0,1.1476921569108942,-0.0009147131756882254,True
baseline,stability_loss,25,Latent Neural SDE (VI),30.0,1.3248956203460693,0.0061508483142327375,True
baseline,stability_loss,25,Latent Neural SDE (VI),38.0,1.9730086922645569,0.0016719842501249083,True
baseline,stability_loss,25,Latent Neural SDE (VI),46.0,1.1764323711395264,-0.006121573619987664,True
baseline,stability_loss,25,Latent Neural SDE (VI),54.0,2.0007935166358948,0.05284429606801236,True
baseline,stability_loss,25,Latent Neural SDE (VI),62.0,2.2986761033535004,0.034408702896374266,True
baseline,stability_loss,25,Latent Neural SDE (VI),70.0,2.323873519897461,0.012538152596365149,True
baseline,stability_loss,25,Latent Neural SDE (VI),78.0,1.4175156354904175,-0.01207598024802145,True
baseline,stability_loss,25,Moment OU,30.0,1.1754718084212141,-0.02481827979765125,True
baseline,stability_loss,25,Moment OU,38.0,1.3438772797607517,-0.04299995823259986,True
baseline,stability_loss,25,Moment OU,46.0,0.874856892306429,-0.017934649873680902,True
baseline,stability_loss,25,Moment OU,54.0,1.3653189365123493,0.023595333712353644,True
baseline,stability_loss,25,Moment OU,62.0,1.4333795872883124,0.07432727380907692,True
baseline,stability_loss,25,Moment OU,70.0,1.445506332413153,0.03421775453689227,True
baseline,stability_loss,25,Moment OU,78.0,1.4163383542308494,-0.01855705245911493,True
baseline,stability_loss,25,Neural SDE (Euler),30.0,1.3143244981765747,0.010068938271731998,True
baseline,stability_loss,25,Neural SDE (Euler),38.0,1.863312542438507,0.005543956175155101,True
baseline,stability_loss,25,Neural SDE (Euler),46.0,1.1916788816452026,-0.0049047634801460405,True
baseline,stability_loss,25,Neural SDE (Euler),54.0,2.077158033847809,0.045751594446569066,True
baseline,stability_loss,25,Neural SDE (Euler),62.0,2.239032030105591,0.048580969644943406,True
baseline,stability_loss,25,Neural SDE (Euler),70.0,2.10382479429245,-0.00018278066947036153,True
baseline,stability_loss,25,Neural SDE (Euler),78.0,1.3741071224212646,0.0002308062172295955,True
baseline,stability_loss,25,SINDy-STLSQ,30.0,0.9414663386288225,-0.008490189977953283,True
baseline,stability_loss,25,SINDy-STLSQ,38.0,2.204453816816852,-0.013147448980161541,True
baseline,stability_loss,25,SINDy-STLSQ,46.0,1.395990443118597,0.0012947788995376075,True
baseline,stability_loss,25,SINDy-STLSQ,54.0,1.9628053385333724,0.007981762350047467,True
baseline,stability_loss,25,SINDy-STLSQ,62.0,0.7477862531610517,0.030124491240542006,True
baseline,stability_loss,25,SINDy-STLSQ,70.0,0.5883464183782565,0.01616869693203865,True
baseline,stability_loss,25,SINDy-STLSQ,78.0,1.809015163944158,0.0030758814965012593,True
baseline,stability_loss,26,Bayesian SINDy (spike-slab),30.0,0.6711286807661005,-0.015568227886115005,True
baseline,stability_loss,26,Bayesian SINDy (spike-slab),38.0,0.7152276383046003,0.006693377631942998,True
baseline,stability_loss,26,Bayesian SINDy (spike-slab),46.0,0.5539602568513923,0.014396623783698492,True
baseline,stability_loss,26,Bayesian SINDy (spike-slab),54.0,0.567282427656489,0.01352931998232959,True
baseline,stability_loss,26,Bayesian SINDy (spike-slab),62.0,0.44697020980885066,0.03862709449839302,True
baseline,stability_loss,26,Bayesian SINDy (spike-slab),70.0,0.5598441020719999,0.04432306510611764,True
baseline,stability_loss,26,Bayesian SINDy (spike-slab),78.0,0.7647748890484758,0.03502302351964698,True
baseline,stability_loss,26,Kalman OU,30.0,0.5911962872284902,-0.02738297409927465,True
baseline,stability_loss,26,Kalman OU,38.0,0.8536088593916187,-0.010869882052744306,True
baseline,stability_loss,26,Kalman OU,46.0,0.9104143670323526,-0.010926892442262692,True
baseline,stability_loss,26,Kalman OU,54.0,0.7558345721242549,-0.04714200600901275,True
baseline,stability_loss,26,Kalman OU,62.0,0.8880839248334643,-0.05869786417810527,True
baseline,stability_loss,26,Kalman OU,70.0,0.775972582777057,-0.024141568042666345,True
baseline,stability_loss,26,Kalman OU,78.0,1.14866242637116,-0.0007160962868687504,True
baseline,stability_loss,26,Latent Neural SDE (VI),30.0,-0.04190874099731445,-0.02065284544592899,True
baseline,stability_loss,26,Latent Neural SDE (VI),38.0,0.8457368910312653,0.002577856807255585,True
baseline,stability_loss,26,Latent Neural SDE (VI),46.0,0.7074103057384491,0.016972869935748314,True
baseline,stability_loss,26,Latent Neural SDE (VI),54.0,0.5769025087356567,0.03392654016842822,True
baseline,stability_loss,26,Latent Neural SDE (VI),62.0,0.3611711263656616,0.07210411576893164,True
baseline,stability_loss,26,Latent Neural SDE (VI),70.0,-0.05238509178161621,0.06429352981647596,True
baseline,stability_loss,26,Latent Neural SDE (VI),78.0,0.9413118958473206,-0.0020578914208304044,True
baseline,stability_loss,26,Moment OU,30.0,0.06269117469531293,0.004537236852819537,True
baseline,stability_loss,26,Moment OU,38.0,0.7607151519963498,-0.008706047520610355,True
baseline,stability_loss,26,Moment OU,46.0,0.5960275497916588,0.028130262173828413,True
baseline,stability_loss,26,Moment OU,54.0,0.3516420707084196,0.01057344145089531,True
baseline,stability_loss,26,Moment OU,62.0,0.00851926769491329,0.05250484594885385,True
baseline,stability_loss,26,Moment OU,70.0,0.42783104761406243,0.0376204168264562,True
baseline,stability_loss,26,Moment OU,78.0,0.7512263311125398,0.08644845751604902,True
baseline,stability_loss,26,Neural SDE (Euler),30.0,-0.21784603595733643,-0.025562512934201753,True
baseline,stability_loss,26,Neural SDE (Euler),38.0,0.8291707038879395,0.005204163100648307,True
baseline,stability_loss,26,Neural SDE (Euler),46.0,0.6594709157943726,0.02412771794101884,True
baseline,stability_loss,26,Neural SDE (Euler),54.0,0.5371756553649902,0.03507242892896803,True
baseline,stability_loss,26,Neural SDE (Euler),62.0,0.2550131678581238,0.08187140988468436,True
baseline,stability_loss,26,Neural SDE (Euler),70.0,-0.1023869514465332,0.07422793782636217,True
baseline,stability_loss,26,Neural SDE (Euler),78.0,0.8036518692970276,-0.017730496009221858,True
baseline,stability_loss,26,SINDy-STLSQ,30.0,-0.41742577608046605,-0.018089179045810366,True
baseline,stability_loss,26,SINDy-STLSQ,38.0,0.8264211252767304,0.007299936054837058,True
baseline,stability_loss,26,SINDy-STLSQ,46.0,0.37482023886055493,0.0161141685512812,True
baseline,stability_loss,26,SINDy-STLSQ,54.0,0.7878898202630998,0.015556608961089485,True
baseline,stability_loss,26,SINDy-STLSQ,62.0,0.27010309133266763,0.039944081395757336,True
baseline,stability_loss,26,SINDy-STLSQ,70.0,0.2196291374046695,0.045156857724533456,True
baseline,stability_loss,26,SINDy-STLSQ,78.0,0.1123829491537005,0.040250380595041435,True
baseline,stability_loss,27,Bayesian SINDy (spike-slab),30.0,0.8458533574255303,-0.008586420987514137,True
baseline,stability_loss,27,Bayesian SINDy (spike-slab),38.0,0.6881868264211675,0.01856112373106006,True
baseline,stability_loss,27,Bayesian SINDy (spike-slab),46.0,1.0811364236707568,0.034534389386032066,True
baseline,stability_loss,27,Bayesian SINDy (spike-slab),54.0,1.179410371181836,0.011157573954932914,True
baseline,stability_loss,27,Bayesian SINDy (spike-slab),62.0,1.1820383339186022,0.0004316379423352501,True
baseline,stability_loss,27,Bayesian SINDy (spike-slab),70.0,0.649644662952623,-0.010461569802573623,True
baseline,stability_loss,27,Bayesian SINDy (spike-slab),78.0,0.17561931806804365,-0.008617984299211873,True
baseline,stability_loss,27,Kalman OU,30.0,0.8607470051831454,-0.027175695772109182,True
baseline,stability_loss,27,Kalman OU,38.0,0.8492284202711836,-0.011358481813569132,True
baseline,stability_loss,27,Kalman OU,46.0,1.271216354771952,-0.011951196409177522,True
baseline,stability_loss,27,Kalman OU,54.0,1.4514420788011633,-0.05435522856232053,True
baseline,stability_loss,27,Kalman OU,62.0,1.4898209480238491,-0.06603047700543957,True
baseline,stability_loss,27,Kalman OU,70.0,0.9302390919289719,-0.026681553934435664,True
baseline,stability_loss,27,Kalman OU,78.0,0.018071857079675846,-0.013459831700271485,True
baseline,stability_loss,27,Latent Neural SDE (VI),30.0,0.6810294985771179,-0.022506154825642583,True
baseline,stability_loss,27,Latent Neural SDE (VI),38.0,0.3377408981323242,-0.053143293005975395,True
baseline,stability_loss,27,Latent Neural SDE (VI),46.0,0.7381459474563599,-0.0248585613580406,True
baseline,stability_loss,27,Latent Neural SDE (VI),54.0,1.1113223135471344,-0.027588856421015107,True
baseline,stability_loss,27,Latent Neural SDE (VI),62.0,1.3022250086069107,-0.04114373445037556,True
baseline,stability_loss,27,Latent Neural SDE (VI),70.0,-0.7226294279098511,-0.011202505318031852,True
baseline,stability_loss,27,Latent Neural SDE (VI),78.0,-0.583276629447937,0.011399176704084524,True
baseline,stability_loss,27,Moment OU,30.0,0.6226273623653396,-0.012856487016686596,True
baseline,stability_loss,27,Moment OU,38.0,0.4962556638372865,0.022994076343380854,True
baseline,stability_loss,27,Moment OU,46.0,0.8872580715690054,0.042780625279734724,True
baseline,stability_loss,27,Moment OU,54.0,1.1832037896568457,-0.0019262918867211931,True
baseline,stability_loss,27,Moment OU,62.0,1.171837219653846,0.002850999629531198,True
baseline,stability_loss,27,Moment OU,70.0,0.5803075605731848,-0.0027331468484692867,True
baseline,stability_loss,27,Moment OU,78.0,-0.05837252846855412,-0.009884093962974266,True
baseline,stability_loss,27,Neural SDE (Euler),30.0,0.7174227237701416,-0.029224454041688913,True
baseline,stability_loss,27,Neural SDE (Euler),38.0,0.22384679317474365,-0.06632537507199951,True
baseline,stability_loss,27,Neural SDE (Euler),46.0,0.6478715538978577,-0.04270864029292121,True
baseline,stability_loss,27,Neural SDE (Euler),54.0,1.1295538544654846,-0.014095123654257441,True
baseline,stability_loss,27,Neural SDE (Euler),62.0,1.3017407208681107,-0.030087856198220825,True
baseline,stability_loss,27,Neural SDE (Euler),70.0,-1.023084044456482,0.0159241324307271,True
baseline,stability_loss,27,Neural SDE (Euler),78.0,-0.3835790157318115,0.006749902684292541,True
baseline,stability_loss,27,SINDy-STLSQ,30.0,0.025126550551330284,-0.012629952432568148,True
baseline,stability_loss,27,SINDy-STLSQ,38.0,0.47349742593148914,0.015518457305115252,True
baseline,stability_loss,27,SINDy-STLSQ,46.0,0.4714538925900248,0.028531561089055135,True
baseline,stability_loss,27,SINDy-STLSQ,54.0,0.4316674491222514,0.008532435413696138,True
baseline,stability_loss,27,SINDy-STLSQ,62.0,-0.08874943661272905,-0.004854719671412655,True
baseline,stability_loss,27,SINDy-STLSQ,70.0,-0.4230843739544965,-0.016018316198857768,True
baseline,stability_loss,27,SINDy-STLSQ,78.0,-0.3121141969438208,-0.010775473965749821,True
baseline,stability_loss,28,Bayesian SINDy (spike-slab),30.0,0.17763031316479794,-0.006825995628164855,True
baseline,stability_loss,28,Bayesian SINDy (spike-slab),38.0,-0.15131433424682855,-0.01980977916639423,True
baseline,stability_loss,28,Bayesian SINDy (spike-slab),46.0,-0.07650486172290144,-0.017405469495345133,True
baseline,stability_loss,28,Bayesian SINDy (spike-slab),54.0,0.12929787002324225,-0.017461665772905643,True
baseline,stability_loss,28,Bayesian SINDy (spike-slab),62.0,0.09219040526882627,-0.04917612787846759,True
baseline,stability_loss,28,Bayesian SINDy (spike-slab),70.0,0.323109833811973,-0.04057054609696756,True
baseline,stability_loss,28,Bayesian SINDy (spike-slab),78.0,0.32817887754329417,-0.037740918069881446,True
baseline,stability_loss,28,Kalman OU,30.0,0.1459018968700217,-0.03266169574747191,True
baseline,stability_loss,28,Kalman OU,38.0,0.09429081849402582,-0.04667374701968907,True
baseline,stability_loss,28,Kalman OU,46.0,-0.2803785951819391,0.00961169868696285,True
baseline,stability_loss,28,Kalman OU,54.0,-0.21041329005958465,0.022020544413686505,True
baseline,stability_loss,28,Kalman OU,62.0,-0.44665496957054096,0.00967061816460918,True
baseline,stability_loss,28,Kalman OU,70.0,0.07281960570284324,0.011439671838737009,True
baseline,stability_loss,28,Kalman OU,78.0,0.060609393167395165,0.01419859764653128,True
baseline,stability_loss,28,Latent Neural SDE (VI),30.0,0.12123370170593262,-0.0053499558709232675,True
baseline,stability_loss,28,Latent Neural SDE (VI),38.0,0.2820480465888977,-0.014739899986367155,True
baseline,stability_loss,28,Latent Neural SDE (VI),46.0,-0.17123126983642578,-0.05431365892261711,True
baseline,stability_loss,28,Latent Neural SDE (VI),54.0,0.4519937038421631,-0.0195956833453452,True
baseline,stability_loss,28,Latent Neural SDE (VI),62.0,0.1592247486114502,-0.03480804919422953,True
baseline,stability_loss,28,Latent Neural SDE (VI),70.0,0.7836573123931885,-0.01998985652795013,True
baseline,stability_loss,28,Latent Neural SDE (VI),78.0,0.8664795756340027,-0.07306612717994773,True
baseline,stability_loss,28,Moment OU,30.0,0.1332911801333595,-0.020232161003012034,True
baseline,stability_loss,28,Moment OU,38.0,-0.05198762289478642,-0.026535971111897677,True
baseline,stability_loss,28,Moment OU,46.0,-0.02162384486483382,-0.031207422360973597,True
baseline,stability_loss,28,Moment OU,54.0,0.19364738696827322,-0.03816361680115718,True
baseline,stability_loss,28,Moment OU,62.0,0.15992257654873654,-0.07548038491055983,True
baseline,stability_loss,28,Moment OU,70.0,0.4885941028580594,-0.06179489297273852,True
baseline,stability_loss,28,Moment OU,78.0,0.49026757089625933,-0.06086101889966425,True
baseline,stability_loss,28,Neural SDE (Euler),30.0,0.127449631690979,0.0017819003260677035,True
baseline,stability_loss,28,Neural SDE (Euler),38.0,0.22045743465423584,-0.014068084804839814,True
baseline,stability_loss,28,Neural SDE (Euler),46.0,-0.02944362163543701,-0.06289651611005725,True
baseline,stability_loss,28,Neural SDE (Euler),54.0,0.36764055490493774,-0.015685502989751604,True
baseline,stability_loss,28,Neural SDE (Euler),62.0,0.21224701404571533,-0.03572462138579527,True
baseline,stability_loss,28,Neural SDE (Euler),70.0,0.7997270822525024,-0.02958464095331223,True
baseline,stability_loss,28,Neural SDE (Euler),78.0,0.8922907114028931,-0.07802939655105542,True
baseline,stability_loss,28,SINDy-STLSQ,30.0,0.36889764758011967,-0.008770721272459786,True
baseline,stability_loss,28,SINDy-STLSQ,38.0,0.5673717622125554,-0.01776399079129637,True
baseline,stability_loss,28,SINDy-STLSQ,46.0,0.5407968853274361,-0.018179787446344492,True
baseline,stability_loss,28,SINDy-STLSQ,54.0,0.5926281247421934,-0.019378935530358243,True
baseline,stability_loss,28,SINDy-STLSQ,62.0,0.20219957563647206,-0.048821455457476515,True
baseline,stability_loss,28,SINDy-STLSQ,70.0,0.6222638753443649,-0.04037198546213311,True
baseline,stability_loss,28,SINDy-STLSQ,78.0,0.7953250188009828,-0.03583981051084287,True
baseline,stability_loss,29,Bayesian SINDy (spike-slab),30.0,-0.8449818029121958,-0.0022675075289902424,True
baseline,stability_loss,29,Bayesian SINDy (spike-slab),38.0,-1.2817218797466197,0.010045005427447434,True
baseline,stability_loss,29,Bayesian SINDy (spike-slab),46.0,0.12675720342760116,0.008139317887306069,True
baseline,stability_loss,29,Bayesian SINDy (spike-slab),54.0,0.17867604990277283,-0.00023296248434062639,True
baseline,stability_loss,29,Bayesian SINDy (spike-slab),62.0,0.15403514504983204,0.004957060979474626,True
baseline,stability_loss,29,Bayesian SINDy (spike-slab),70.0,0.15511465452366238,0.007678414728814753,True
baseline,stability_loss,29,Bayesian SINDy (spike-slab),78.0,-0.12637386316515709,0.014152222141525478,True
baseline,stability_loss,29,Kalman OU,30.0,-0.2332031712328526,-0.02851564644615734,True
baseline,stability_loss,29,Kalman OU,38.0,-0.7546562310004415,0.02659236129126638,True
baseline,stability_loss,29,Kalman OU,46.0,0.2995858620548725,-0.004594901454947398,True
baseline,stability_loss,29,Kalman OU,54.0,0.5068327753296344,-0.006260735421190267,True
baseline,stability_loss,29,Kalman OU,62.0,0.3584356358095713,0.010282710813071999,True
baseline,stability_loss,29,Kalman OU,70.0,0.44829287513834437,0.0018926051504093988,True
baseline,stability_loss,29,Kalman OU,78.0,0.2789469625823149,0.032631562453024565,True
baseline,stability_loss,29,Latent Neural SDE (VI),30.0,-0.7838164567947388,-0.007887748739422662,True
baseline,stability_loss,29,Latent Neural SDE (VI),38.0,-0.3310394287109375,0.006016893814714569,True
baseline,stability_loss,29,Latent Neural SDE (VI),46.0,0.13060259819030762,0.0020246978880143762,True
baseline,stability_loss,29,Latent Neural SDE (VI),54.0,0.716388151049614,0.030446209686770587,True
baseline,stability_loss,29,Latent Neural SDE (VI),62.0,0.6512998938560486,-0.0013226129350271676,True
baseline,stability_loss,29,Latent Neural SDE (VI),70.0,0.26767319440841675,0.06482223292949202,True
baseline,stability_loss,29,Latent Neural SDE (VI),78.0,-0.3521454334259033,0.0642290137146681,True
baseline,stability_loss,29,Moment OU,30.0,-0.5203268159986548,0.004730529967097302,True
baseline,stability_loss,29,Moment OU,38.0,-1.136014045069453,0.05044208034085451,True
baseline,stability_loss,29,Moment OU,46.0,0.2713042775809697,0.010208226948464155,True
baseline,stability_loss,29,Moment OU,54.0,0.453264100815698,0.03047779317899596,True
baseline,stability_loss,29,Moment OU,62.0,0.43832756081595753,-0.0011383712557682113,True
baseline,stability_loss,29,Moment OU,70.0,0.4464090902788861,0.01890877027078902,True
baseline,stability_loss,29,Moment OU,78.0,0.036309323131008764,0.05982267276602499,True
baseline,stability_loss,29,Neural SDE (Euler),30.0,-0.8777070641517639,-0.01724600205311344,True
baseline,stability_loss,29,Neural SDE (Euler),38.0,-0.3585006594657898,-0.001995081241747021,True
baseline,stability_loss,29,Neural SDE (Euler),46.0,0.15726429224014282,0.012526490286736053,True
baseline,stability_loss,29,Neural SDE (Euler),54.0,0.7415093332529068,0.03401601427928733,True
baseline,stability_loss,29,Neural SDE (Euler),62.0,0.6674529314041138,0.018660937835418473,True
baseline,stability_loss,29,Neural SDE (Euler),70.0,0.6307162344455719,0.0686787314223937,True
baseline,stability_loss,29,Neural SDE (Euler),78.0,0.428016722202301,0.08336286400601903,True
baseline,stability_loss,29,SINDy-STLSQ,30.0,-0.9746707673211078,-0.0029107412132388655,True
baseline,stability_loss,29,SINDy-STLSQ,38.0,-0.4014677871085751,0.015494958282296134,True
baseline,stability_loss,29,SINDy-STLSQ,46.0,-0.5066337361725307,0.0049304789626018475,True
baseline,stability_loss,29,SINDy-STLSQ,54.0,0.17123272774112153,0.00517010206462562,True
baseline,stability_loss,29,SINDy-STLSQ,62.0,-0.09718976012320468,0.004730048387310448,True
baseline,stability_loss,29,SINDy-STLSQ,70.0,-0.8810983226054182,0.0044905238421976135,True
baseline,stability_loss,29,SINDy-STLSQ,78.0,-0.5599974585554538,0.009674338178193409,True
baseline,stability_loss,30,Bayesian SINDy (spike-slab),30.0,0.40916057381540494,0.03589697024710853,True
baseline,stability_loss,30,Bayesian SINDy (spike-slab),38.0,0.6720566892733734,0.05457485295009004,True
baseline,stability_loss,30,Bayesian SINDy (spike-slab),46.0,-0.8908330347443181,0.011213188954713682,True
baseline,stability_loss,30,Bayesian SINDy (spike-slab),54.0,0.5171275682387829,0.023483438493326986,True
baseline,stability_loss,30,Bayesian SINDy (spike-slab),62.0,0.535881911929126,0.06512061867088098,True
baseline,stability_loss,30,Bayesian SINDy (spike-slab),70.0,0.7953097820502865,0.06415359354575553,True
baseline,stability_loss,30,Bayesian SINDy (spike-slab),78.0,0.9206288206040343,0.02983956045359798,True
baseline,stability_loss,30,Kalman OU,30.0,0.6571176675660185,-0.00859299146150741,True
baseline,stability_loss,30,Kalman OU,38.0,0.685310185693281,-0.011318141431511941,True
baseline,stability_loss,30,Kalman OU,46.0,-1.1577299447473839,0.028333408064387833,True
baseline,stability_loss,30,Kalman OU,54.0,0.7530574221078093,-0.006389399899796616,True
baseline,stability_loss,30,Kalman OU,62.0,0.674318756545918,0.02574744030260026,True
baseline,stability_loss,30,Kalman OU,70.0,0.7508282077610513,0.03583151046812208,True
baseline,stability_loss,30,Kalman OU,78.0,1.2073902979015372,0.0038161620825106213,True
baseline,stability_loss,30,Latent Neural SDE (VI),30.0,-0.572822093963623,0.017791686126424372,True
baseline,stability_loss,30,Latent Neural SDE (VI),38.0,-0.5137494206428528,0.04746027836939207,True
baseline,stability_loss,30,Latent Neural SDE (VI),46.0,-1.9954544305801392,0.027426321770739642,True
baseline,stability_loss,30,Latent Neural SDE (VI),54.0,-0.23880642652511597,0.04309276335877499,True
baseline,stability_loss,30,Latent Neural SDE (VI),62.0,-0.1964365839958191,0.07804434233374752,True
baseline,stability_loss,30,Latent Neural SDE (VI),70.0,-0.2039724588394165,0.0805310762335443,True
baseline,stability_loss,30,Latent Neural SDE (VI),78.0,-0.9572411775588989,0.018268945604363818,True
baseline,stability_loss,30,Moment OU,30.0,0.28786075669136224,0.038024496439885314,True
baseline,stability_loss,30,Moment OU,38.0,0.42085515352452685,0.039606330504267595,True
baseline,stability_loss,30,Moment OU,46.0,-0.789621250729472,0.015189942878397839,True
baseline,stability_loss,30,Moment OU,54.0,0.6248360942541297,0.012296486152479247,True
baseline,stability_loss,30,Moment OU,62.0,0.4853935811283926,0.06075829527993576,True
baseline,stability_loss,30,Moment OU,70.0,0.5265443404228638,0.06796901288483864,True
baseline,stability_loss,30,Moment OU,78.0,1.0539192566390145,0.07407515097663153,True
baseline,stability_loss,30,Neural SDE (Euler),30.0,-0.41874420642852783,0.020735109904683913,True
baseline,stability_loss,30,Neural SDE (Euler),38.0,-0.3800141215324402,0.048593350469925606,True
baseline,stability_loss,30,Neural SDE (Euler),46.0,-1.6585621237754822,0.026518409820172534,True
baseline,stability_loss,30,Neural SDE (Euler),54.0,-0.13915544748306274,0.05647122222409434,True
baseline,stability_loss,30,Neural SDE (Euler),62.0,-0.034981369972229004,0.0854831800465253,True
baseline,stability_loss,30,Neural SDE (Euler),70.0,-0.030170083045959473,0.10667514412731874,True
baseline,stability_loss,30,Neural SDE (Euler),78.0,-0.5614853501319885,0.024182144109320014,True
baseline,stability_loss,30,SINDy-STLSQ,30.0,1.821023306586563,0.03699532077828607,True
baseline,stability_loss,30,SINDy-STLSQ,38.0,1.4626918508058229,0.050768277798239586,True
baseline,stability_loss,30,SINDy-STLSQ,46.0,0.6608095547607444,0.015387392485780249,True
baseline,stability_loss,30,SINDy-STLSQ,54.0,1.4891389063810447,0.018868680982175978,True
baseline,stability_loss,30,SINDy-STLSQ,62.0,1.653899246760336,0.0633754464655725,True
baseline,stability_loss,30,SINDy-STLSQ,70.0,2.1633670992586627,0.06393811628288887,True
baseline,stability_loss,30,SINDy-STLSQ,78.0,1.4235197314053005,0.029818043922257204,True
baseline,stability_loss,31,Bayesian SINDy (spike-slab),30.0,-0.11800787521021261,0.006781285723222591,True
baseline,stability_loss,31,Bayesian SINDy (spike-slab),38.0,-0.23316420417971573,0.06890766492184391,True
baseline,stability_loss,31,Bayesian SINDy (spike-slab),46.0,0.14827531863946547,0.07942786830896414,True
baseline,stability_loss,31,Bayesian SINDy (spike-slab),54.0,-1.0913362744660144,0.04526683849318183,True
baseline,stability_loss,31,Bayesian SINDy (spike-slab),62.0,-1.4837856492551553,0.06361394890697886,True
baseline,stability_loss,31,Bayesian SINDy (spike-slab),70.0,-0.10890209679838808,0.0717442371445525,True
baseline,stability_loss,31,Bayesian SINDy (spike-slab),78.0,0.3642015495209874,0.05237479313041282,True
baseline,stability_loss,31,Kalman OU,30.0,-0.20480029884717643,0.029513875716544208,True
baseline,stability_loss,31,Kalman OU,38.0,-0.3381690740164627,0.07180376910189468,True
baseline,stability_loss,31,Kalman OU,46.0,0.09759387871052816,0.035007121731295665,True
baseline,stability_loss,31,Kalman OU,54.0,-0.8514838327607485,0.05641185222897799,True
baseline,stability_loss,31,Kalman OU,62.0,-1.876493555671738,0.15019721258961957,True
baseline,stability_loss,31,Kalman OU,70.0,-0.304067733661916,0.0834324984087248,True
baseline,stability_loss,31,Kalman OU,78.0,0.36911583207631943,0.037717660422238924,True
baseline,stability_loss,31,Latent Neural SDE (VI),30.0,-0.0492548942565918,0.0007217006428653916,True
baseline,stability_loss,31,Latent Neural SDE (VI),38.0,-1.0486191511154175,0.032181535506155906,True
baseline,stability_loss,31,Latent Neural SDE (VI),46.0,0.012014508247375488,0.08162490540541215,True
baseline,stability_loss,31,Latent Neural SDE (VI),54.0,-1.8741958141326904,0.038484893402483455,True
baseline,stability_loss,31,Latent Neural SDE (VI),62.0,-2.250366449356079,0.05876380259240918,True
baseline,stability_loss,31,Latent Neural SDE (VI),70.0,-0.44368433952331543,0.11181127987776837,True
baseline,stability_loss,31,Latent Neural SDE (VI),78.0,0.39797985553741455,0.05010184140166016,True
baseline,stability_loss,31,Moment OU,30.0,-0.21361203242802984,0.021314337364794295,True
baseline,stability_loss,31,Moment OU,38.0,-0.47645908117184854,0.09191104186529636,True
baseline,stability_loss,31,Moment OU,46.0,-0.13976041161087815,0.09213013875509446,True
baseline,stability_loss,31,Moment OU,54.0,-1.4433345124465835,0.09239432031460912,True
baseline,stability_loss,31,Moment OU,62.0,-1.6013688963409871,0.12078208173359231,True
baseline,stability_loss,31,Moment OU,70.0,-0.38868219756095357,0.09411939646315112,True
baseline,stability_loss,31,Moment OU,78.0,0.3488236342268991,0.0690221358584267,True
baseline,stability_loss,31,Neural SDE (Euler),30.0,-0.038617610931396484,-0.0022109282334406566,True
baseline,stability_loss,31,Neural SDE (Euler),38.0,-0.9679734706878662,0.026332057848267032,True
baseline,stability_loss,31,Neural SDE (Euler),46.0,0.025369584560394287,0.08222252945011843,True
baseline,stability_loss,31,Neural SDE (Euler),54.0,-1.7190423011779785,0.03166163888858864,True
baseline,stability_loss,31,Neural SDE (Euler),62.0,-2.0356152057647705,0.05034621921874588,True
baseline,stability_loss,31,Neural SDE (Euler),70.0,-0.3720717430114746,0.1166833554675673,True
baseline,stability_loss,31,Neural SDE (Euler),78.0,0.4524586796760559,0.09646912971221644,True
baseline,stability_loss,31,SINDy-STLSQ,30.0,-0.3372497758612699,0.007780561739675951,True
baseline,stability_loss,31,SINDy-STLSQ,38.0,-0.8265821290033192,0.07014497700382172,True
baseline,stability_loss,31,SINDy-STLSQ,46.0,-0.5766072615049874,0.07689236728407847,True
baseline,stability_loss,31,SINDy-STLSQ,54.0,-1.1155634661801008,0.04825997773461771,True
baseline,stability_loss,31,SINDy-STLSQ,62.0,-1.9970371728406273,0.06729909428621106,True
baseline,stability_loss,31,SINDy-STLSQ,70.0,-1.3770586433761285,0.06482966607281163,True
baseline,stability_loss,31,SINDy-STLSQ,78.0,-0.05166799416828591,0.05562813075713663,True
baseline,stability_loss,32,Bayesian SINDy (spike-slab),30.0,-0.37335241594624713,-0.0054773016121272,True
baseline,stability_loss,32,Bayesian SINDy (spike-slab),38.0,-0.537143613559357,-0.005838172971400657,True
baseline,stability_loss,32,Bayesian SINDy (spike-slab),46.0,0.7163749992595454,0.0373523761043239,True
baseline,stability_loss,32,Bayesian SINDy (spike-slab),54.0,0.8822515627776989,0.040212340971933214,True
baseline,stability_loss,32,Bayesian SINDy (spike-slab),62.0,0.9230843356806554,0.03547185793243629,True
baseline,stability_loss,32,Bayesian SINDy (spike-slab),70.0,1.0886567012876105,0.041455051921084535,True
baseline,stability_loss,32,Bayesian SINDy (spike-slab),78.0,0.8594399524875644,0.045904930814443495,True
baseline,stability_loss,32,Kalman OU,30.0,-0.7389969688372788,0.04921254656825541,True
baseline,stability_loss,32,Kalman OU,38.0,-1.478388797925549,0.0936024440434744,True
baseline,stability_loss,32,Kalman OU,46.0,-0.27565090722123786,0.10523764104132569,True
baseline,stability_loss,32,Kalman OU,54.0,0.19199155562420267,0.09433965520735321,True
baseline,stability_loss,32,Kalman OU,62.0,0.07634712337732441,0.1063780503859095,True
baseline,stability_loss,32,Kalman OU,70.0,0.40553595186591435,0.07451803189451145,True
baseline,stability_loss,32,Kalman OU,78.0,0.08280545540171669,0.08000916401921024,True
baseline,stability_loss,32,Latent Neural SDE (VI),30.0,-0.4810919761657715,0.017703229494690442,True
baseline,stability_loss,32,Latent Neural SDE (VI),38.0,-0.2649216651916504,0.007733037041868035,True
baseline,stability_loss,32,Latent Neural SDE (VI),46.0,0.6324402093887329,0.03587052170961996,True
baseline,stability_loss,32,Latent Neural SDE (VI),54.0,1.2153581976890564,0.06871803767405057,True
baseline,stability_loss,32,Latent Neural SDE (VI),62.0,1.43562251329422,0.06605355109367408,True
baseline,stability_loss,32,Latent Neural SDE (VI),70.0,1.0470358729362488,0.0625360126147341,True
baseline,stability_loss,32,Latent Neural SDE (VI),78.0,1.05916029214859,0.06991962648654412,True
baseline,stability_loss,32,Moment OU,30.0,-0.2688527233173392,-0.0005545114929917383,True
baseline,stability_loss,32,Moment OU,38.0,-0.4556672487662774,0.0022554352359059338,True
baseline,stability_loss,32,Moment OU,46.0,0.37130376159166456,0.036795713518865375,True
baseline,stability_loss,32,Moment OU,54.0,0.8179342482139984,0.031215396046684024,True
baseline,stability_loss,32,Moment OU,62.0,0.6523746777305441,0.04042511754623826,True
baseline,stability_loss,32,Moment OU,70.0,0.7594102721577094,0.059625129830859436,True
baseline,stability_loss,32,Moment OU,78.0,0.5390610577217175,0.04235942952818539,True
baseline,stability_loss,32,Neural SDE (Euler),30.0,-0.4777311086654663,0.01413213065017005,True
baseline,stability_loss,32,Neural SDE (Euler),38.0,-0.2811715602874756,0.007184546050463814,True
baseline,stability_loss,32,Neural SDE (Euler),46.0,0.6425647735595703,0.03584620711482703,True
baseline,stability_loss,32,Neural SDE (Euler),54.0,1.1208450198173523,0.0567156058398976,True
baseline,stability_loss,32,Neural SDE (Euler),62.0,1.0852859020233154,0.054046319609174664,True
baseline,stability_loss,32,Neural SDE (Euler),70.0,0.9876531958580017,0.06367526717008498,True
baseline,stability_loss,32,Neural SDE (Euler),78.0,0.9486709833145142,0.09222472101018797,True
baseline,stability_loss,32,SINDy-STLSQ,30.0,-0.9143392935382956,-0.004774796837733908,True
baseline,stability_loss,32,SINDy-STLSQ,38.0,-0.5243244275365585,-0.004794939832307998,True
baseline,stability_loss,32,SINDy-STLSQ,46.0,0.3630831069786884,0.034524473924756716,True
baseline,stability_loss,32,SINDy-STLSQ,54.0,0.3096194367989261,0.035606207689040326,True
baseline,stability_loss,32,SINDy-STLSQ,62.0,0.460894368677498,0.03148364056545436,True
baseline,stability_loss,32,SINDy-STLSQ,70.0,0.5238155750253028,0.041685827356338606,True
baseline,stability_loss,32,SINDy-STLSQ,78.0,0.1334614996031449,0.04096538805740507,True
baseline,stability_loss,33,Bayesian SINDy (spike-slab),30.0,-0.09282723346624816,-0.005902629482502114,True
baseline,stability_loss,33,Bayesian SINDy (spike-slab),38.0,0.17027022292598504,-0.002221400887193886,True
baseline,stability_loss,33,Bayesian SINDy (spike-slab),46.0,0.235289517127748,-0.01327429884451517,True
baseline,stability_loss,33,Bayesian SINDy (spike-slab),54.0,-0.6173105248299184,0.005503736238437751,True
baseline,stability_loss,33,Bayesian SINDy (spike-slab),62.0,0.25424717482532433,0.029952839039598667,True
baseline,stability_loss,33,Bayesian SINDy (spike-slab),70.0,0.2038316688824556,0.016537234700831377,True
baseline,stability_loss,33,Bayesian SINDy (spike-slab),78.0,0.22868740976122515,0.016400419699057894,True
baseline,stability_loss,33,Kalman OU,30.0,0.06844260816982706,0.0088700433892836,True
baseline,stability_loss,33,Kalman OU,38.0,0.2206172782450484,0.006937379477352568,True
baseline,stability_loss,33,Kalman OU,46.0,0.425592119282824,-0.024475537819010434,True
baseline,stability_loss,33,Kalman OU,54.0,-0.3822133187729577,0.03397354383374279,True
baseline,stability_loss,33,Kalman OU,62.0,0.5531352265966369,0.026259206522590006,True
baseline,stability_loss,33,Kalman OU,70.0,0.7170176308306488,-0.020214897065174486,True
baseline,stability_loss,33,Kalman OU,78.0,0.4416419556014061,-0.010936021686293707,True
baseline,stability_loss,33,Latent Neural SDE (VI),30.0,-0.18350142240524292,-0.0015097085299806134,True
baseline,stability_loss,33,Latent Neural SDE (VI),38.0,-0.03620171546936035,-0.02991346452223209,True
baseline,stability_loss,33,Latent Neural SDE (VI),46.0,-0.44212818145751953,-0.05339994878681245,True
baseline,stability_loss,33,Latent Neural SDE (VI),54.0,-0.5808173418045044,-0.004520128287615666,True
baseline,stability_loss,33,Latent Neural SDE (VI),62.0,-0.7047743797302246,-0.008470066591421771,True
baseline,stability_loss,33,Latent Neural SDE (VI),70.0,0.05683779716491699,-0.0256021548702991,True
baseline,stability_loss,33,Latent Neural SDE (VI),78.0,0.18936073780059814,-0.026548532624069282,True
baseline,stability_loss,33,Moment OU,30.0,-0.015903226270400528,0.008921829032293216,True
baseline,stability_loss,33,Moment OU,38.0,0.23831935838653784,-0.004234032790828318,True
baseline,stability_loss,33,Moment OU,46.0,0.35263156554805597,-0.016776105394134044,True
baseline,stability_loss,33,Moment OU,54.0,-0.5171873659062226,0.036748140449891414,True
baseline,stability_loss,33,Moment OU,62.0,-0.013927703799214486,0.10879568078256258,True
baseline,stability_loss,33,Moment OU,70.0,0.48288117963932675,0.08053101218667091,True
baseline,stability_loss,33,Moment OU,78.0,0.13060129530059905,0.03824910215023708,True
baseline,stability_loss,33,Neural SDE (Euler),30.0,-0.014432072639465332,-0.02403368161413988,True
baseline,stability_loss,33,Neural SDE (Euler),38.0,0.1389840841293335,-0.044502362779629656,True
baseline,stability_loss,33,Neural SDE (Euler),46.0,-1.0830594301223755,-0.053701916122380206,True
baseline,stability_loss,33,Neural SDE (Euler),54.0,-0.4494832754135132,-0.022147706904611736,True
baseline,stability_loss,33,Neural SDE (Euler),62.0,-0.25371086597442627,-0.01194019286797085,True
baseline,stability_loss,33,Neural SDE (Euler),70.0,0.2420148253440857,-0.033174666570651296,True
baseline,stability_loss,33,Neural SDE (Euler),78.0,0.3062743544578552,-0.032765654487161955,True
baseline,stability_loss,33,SINDy-STLSQ,30.0,0.21184506055381996,-0.006417553043366886,True
baseline,stability_loss,33,SINDy-STLSQ,38.0,-0.10238593503921545,-0.003968252676578382,True
baseline,stability_loss,33,SINDy-STLSQ,46.0,-0.2081796686950298,-0.014057081221271611,True
baseline,stability_loss,33,SINDy-STLSQ,54.0,-0.35416756141713435,0.003003797624409582,True
baseline,stability_loss,33,SINDy-STLSQ,62.0,-0.2277763646853227,0.028805735206886895,True
baseline,stability_loss,33,SINDy-STLSQ,70.0,0.12287247305285953,0.011829874187718942,True
baseline,stability_loss,33,SINDy-STLSQ,78.0,0.2821957434988537,0.01601214653553326,True
baseline,stability_loss,34,Bayesian SINDy (spike-slab),30.0,0.04372513106520881,-0.006972407221467025,True
baseline,stability_loss,34,Bayesian SINDy (spike-slab),38.0,-0.1776905974836599,-0.02638209067861713,True
baseline,stability_loss,34,Bayesian SINDy (spike-slab),46.0,-0.9614297162854786,-0.058661574897039714,True
baseline,stability_loss,34,Bayesian SINDy (spike-slab),54.0,0.009110852282763787,-0.01898480657151047,True
baseline,stability_loss,34,Bayesian SINDy (spike-slab),62.0,0.055212831023476655,-0.008549747490715381,True
baseline,stability_loss,34,Bayesian SINDy (spike-slab),70.0,0.059971337601148825,-0.025261504162927717,True
baseline,stability_loss,34,Bayesian SINDy (spike-slab),78.0,-1.374544862800433,-0.02501914327078686,True
baseline,stability_loss,34,Kalman OU,30.0,0.1778818968743925,-0.00428250064250274,True
baseline,stability_loss,34,Kalman OU,38.0,0.1731391040826168,-0.04733889616689377,True
baseline,stability_loss,34,Kalman OU,46.0,-0.32029442476511444,-0.00848593959971855,True
baseline,stability_loss,34,Kalman OU,54.0,-0.05127549249789781,-0.009002435603438413,True
baseline,stability_loss,34,Kalman OU,62.0,0.2809378178709471,0.015497802569489044,True
baseline,stability_loss,34,Kalman OU,70.0,0.25035447340820177,-0.028575353320825475,True
baseline,stability_loss,34,Kalman OU,78.0,-1.3368017023081045,0.03152596414201009,True
baseline,stability_loss,34,Latent Neural SDE (VI),30.0,0.02257692813873291,-0.012806524832287586,True
baseline,stability_loss,34,Latent Neural SDE (VI),38.0,0.07268643379211426,0.011080260065549463,True
baseline,stability_loss,34,Latent Neural SDE (VI),46.0,-0.7315448522567749,-0.005921614235793932,True
baseline,stability_loss,34,Latent Neural SDE (VI),54.0,0.9378617107868195,0.01746216160410105,True
baseline,stability_loss,34,Latent Neural SDE (VI),62.0,1.2568804174661636,-0.00951244718499536,True
baseline,stability_loss,34,Latent Neural SDE (VI),70.0,0.9569305181503296,0.00016045717048873698,True
baseline,stability_loss,34,Latent Neural SDE (VI),78.0,-0.27967190742492676,0.03144447302378725,True
baseline,stability_loss,34,Moment OU,30.0,-0.03410714968668749,0.025730286674450598,True
baseline,stability_loss,34,Moment OU,38.0,-0.03870971402780321,-0.00964789010302794,True
baseline,stability_loss,34,Moment OU,46.0,-0.6307011269603161,-0.017066800455239783,True
baseline,stability_loss,34,Moment OU,54.0,-0.36299170997009433,0.010034806245875522,True
baseline,stability_loss,34,Moment OU,62.0,0.32249587038446803,0.007850236148704087,True
baseline,stability_loss,34,Moment OU,70.0,0.3073634855942648,-0.03504771263309192,True
baseline,stability_loss,34,Moment OU,78.0,-1.0876568312235189,-0.003989759789614994,True
baseline,stability_loss,34,Neural SDE (Euler),30.0,-0.5279245376586914,-0.008530392900418432,True
baseline,stability_loss,34,Neural SDE (Euler),38.0,0.6955840587615967,0.03584785368372076,True
baseline,stability_loss,34,Neural SDE (Euler),46.0,-0.7673447132110596,-0.0021047303289060126,True
baseline,stability_loss,34,Neural SDE (Euler),54.0,0.851014256477356,0.026425247674203567,True
baseline,stability_loss,34,Neural SDE (Euler),62.0,1.1501892805099487,-0.03164887221164556,True
baseline,stability_loss,34,Neural SDE (Euler),70.0,0.8515859842300415,0.015655695649408163,True
baseline,stability_loss,34,Neural SDE (Euler),78.0,-0.27165424823760986,0.034230163198886,True
baseline,stability_loss,34,SINDy-STLSQ,30.0,0.2411002329340055,-0.00559790069378252,True
baseline,stability_loss,34,SINDy-STLSQ,38.0,0.2650542775973419,-0.026284689268409822,True
baseline,stability_loss,34,SINDy-STLSQ,46.0,-0.24200417455338386,-0.050944979734065615,True
baseline,stability_loss,34,SINDy-STLSQ,54.0,0.600960918365674,-0.013067315373798738,True
baseline,stability_loss,34,SINDy-STLSQ,62.0,0.5226316032879542,-0.004512871378433397,True
baseline,stability_loss,34,SINDy-STLSQ,70.0,0.026166807988131202,-0.024452601384732903,True
baseline,stability_loss,34,SINDy-STLSQ,78.0,-0.2699276889003772,-0.019004241260725724,True
baseline,stability_loss,35,Bayesian SINDy (spike-slab),30.0,-0.8009908527049672,-0.015847595883192456,True
baseline,stability_loss,35,Bayesian SINDy (spike-slab),38.0,-0.21015042856012606,0.0028011396766593477,True
baseline,stability_loss,35,Bayesian SINDy (spike-slab),46.0,-0.28117358005252596,0.0035076216328181475,True
baseline,stability_loss,35,Bayesian SINDy (spike-slab),54.0,-0.39637812175135484,0.00651918125331058,True
baseline,stability_loss,35,Bayesian SINDy (spike-slab),62.0,0.24126593802306504,0.02119447921761264,True
baseline,stability_loss,35,Bayesian SINDy (spike-slab),70.0,-0.06314400730127467,0.002269961474768767,True
baseline,stability_loss,35,Bayesian SINDy (spike-slab),78.0,0.32805186295393146,-0.0004274749993745386,True
baseline,stability_loss,35,Kalman OU,30.0,-0.021787385183490215,0.006469677990745937,True
baseline,stability_loss,35,Kalman OU,38.0,0.35999895512761954,-0.04773528063844107,True
baseline,stability_loss,35,Kalman OU,46.0,-0.4060349322544371,0.01205350599753277,True
baseline,stability_loss,35,Kalman OU,54.0,0.05786568726424235,-0.008260034139683153,True
baseline,stability_loss,35,Kalman OU,62.0,0.35749882031122665,-0.03321946117579441,True
baseline,stability_loss,35,Kalman OU,70.0,-0.14672990050800883,0.014873815638869081,True
baseline,stability_loss,35,Kalman OU,78.0,0.28691411451733256,0.01221495201283937,True
baseline,stability_loss,35,Latent Neural SDE (VI),30.0,-0.3384993076324463,0.04288661527191759,True
baseline,stability_loss,35,Latent Neural SDE (VI),38.0,-0.11929214000701904,0.027070812789558085,True
baseline,stability_loss,35,Latent Neural SDE (VI),46.0,-1.0254250764846802,0.014595541912397897,True
baseline,stability_loss,35,Latent Neural SDE (VI),54.0,-0.096405029296875,0.06984139304849354,True
baseline,stability_loss,35,Latent Neural SDE (VI),62.0,0.13556909561157227,0.01905656804533251,True
baseline,stability_loss,35,Latent Neural SDE (VI),70.0,-0.3877096176147461,0.007106060278381343,True
baseline,stability_loss,35,Latent Neural SDE (VI),78.0,0.39504510164260864,-0.004421613525530166,True
baseline,stability_loss,35,Moment OU,30.0,-0.5998191109391082,0.04004504105846038,True
baseline,stability_loss,35,Moment OU,38.0,-0.1292280935649357,0.023792992626404746,True
baseline,stability_loss,35,Moment OU,46.0,-0.6988339566582624,0.026680637874393093,True
baseline,stability_loss,35,Moment OU,54.0,-0.1975233659079243,0.024829016621605,True
baseline,stability_loss,35,Moment OU,62.0,-0.039814843691092894,0.03164412571484326,True
baseline,stability_loss,35,Moment OU,70.0,-0.12578783447094677,0.007322847084116263,True
baseline,stability_loss,35,Moment OU,78.0,0.1703416131863451,0.01687775976014011,True
baseline,stability_loss,35,Neural SDE (Euler),30.0,-0.3751046657562256,0.047356839296243014,True
baseline,stability_loss,35,Neural SDE (Euler),38.0,-0.14059346914291382,0.027175291133018947,True
baseline,stability_loss,35,Neural SDE (Euler),46.0,-0.8493102788925171,0.010872320509892591,True
baseline,stability_loss,35,Neural SDE (Euler),54.0,-0.12222683429718018,0.07763200654099728,True
baseline,stability_loss,35,Neural SDE (Euler),62.0,0.03186297416687012,0.011495858387521651,True
baseline,stability_loss,35,Neural SDE (Euler),70.0,-0.29373252391815186,0.001573437602420319,True
baseline,stability_loss,35,Neural SDE (Euler),78.0,0.38524410128593445,-0.005656883121968576,True
baseline,stability_loss,35,SINDy-STLSQ,30.0,0.07424421711181217,-0.011605558227147456,True
baseline,stability_loss,35,SINDy-STLSQ,38.0,0.38989541170222886,0.007067302548571408,True
baseline,stability_loss,35,SINDy-STLSQ,46.0,-0.1850825225283098,0.006309269063770773,True
baseline,stability_loss,35,SINDy-STLSQ,54.0,-0.5327274288010032,0.011182773593480161,True
baseline,stability_loss,35,SINDy-STLSQ,62.0,0.27338822678975916,0.023051912231953187,True
baseline,stability_loss,35,SINDy-STLSQ,70.0,0.012104350211483372,0.0035801129655148867,True
baseline,stability_loss,35,SINDy-STLSQ,78.0,0.5463008582041924,0.005120682389556291,True
baseline,stationary,0,Bayesian SINDy (spike-slab),30.0,-0.05630169324751247,0.0023764376216872662,True
baseline,stationary,0,Bayesian SINDy (spike-slab),38.0,-0.8342834305041948,0.021624212712832963,True
baseline,stationary,0,Bayesian SINDy (spike-slab),46.0,-1.246168909087114,0.007989839027601559,True
baseline,stationary,0,Bayesian SINDy (spike-slab),54.0,-0.13823415090230037,-0.004800725915441811,True
baseline,stationary,0,Bayesian SINDy (spike-slab),62.0,-0.2312026423260188,-0.01524917855504171,True
baseline,stationary,0,Bayesian SINDy (spike-slab),70.0,-0.3852830869939028,-0.03395389901997134,True
baseline,stationary,0,Bayesian SINDy (spike-slab),78.0,-0.38040044263117023,-0.0034576600130390434,True
baseline,stationary,0,Kalman OU,30.0,-0.007709132150156672,-0.007878321865050608,True
baseline,stationary,0,Kalman OU,38.0,0.028745373840843413,-0.06081863810178231,True
baseline,stationary,0,Kalman OU,46.0,0.03278134591511794,-0.06689819096186375,True
baseline,stationary,0,Kalman OU,54.0,0.26711827011074374,-0.06722164313615006,True
baseline,stationary,0,Kalman OU,62.0,0.13912113359459088,-0.07526930788745523,True
baseline,stationary,0,Kalman OU,70.0,-0.35271179051840007,-0.036447679641774255,True
baseline,stationary,0,Kalman OU,78.0,-0.4646099404156425,0.004840409998405515,True
baseline,stationary,0,Latent Neural SDE (VI),30.0,-0.4988495707511902,-0.006311893925824902,True
baseline,stationary,0,Latent Neural SDE (VI),38.0,-1.1893457770347595,0.046751002400622854,True
baseline,stationary,0,Latent Neural SDE (VI),46.0,-1.2070557475090027,0.017355118409610598,True
baseline,stationary,0,Latent Neural SDE (VI),54.0,-0.10487288236618042,-0.01181476032621162,True
baseline,stationary,0,Latent Neural SDE (VI),62.0,0.008969008922576904,-0.011804407625116642,True
baseline,stationary,0,Latent Neural SDE (VI),70.0,-0.3988587260246277,-0.04403891862079218,True
baseline,stationary,0,Latent Neural SDE (VI),78.0,-1.026206910610199,0.0011487193348092561,True
baseline,stationary,0,Moment OU,30.0,-0.10431462717904627,0.007594167552114367,True
baseline,stationary,0,Moment OU,38.0,-0.7192793693249102,0.04082504844182608,True
baseline,stationary,0,Moment OU,46.0,-0.9945499911960181,0.04641421819372163,True
baseline,stationary,0,Moment OU,54.0,-0.1320493325432529,0.001464473332616817,True
baseline,stationary,0,Moment OU,62.0,-0.26278456041836395,-0.015500869645473092,True
baseline,stationary,0,Moment OU,70.0,-0.2479919556384581,-0.040929657238945955,True
baseline,stationary,0,Moment OU,78.0,-0.34473757374706926,-0.0027314752902578288,True
baseline,stationary,0,Neural SDE (Euler),30.0,-0.4485433101654053,-0.007109197020869845,True
baseline,stationary,0,Neural SDE (Euler),38.0,-0.926337480545044,0.03666533580113057,True
baseline,stationary,0,Neural SDE (Euler),46.0,-1.1979670524597168,0.007397737841614904,True
baseline,stationary,0,Neural SDE (Euler),54.0,-0.1320297122001648,-0.00970454162696005,True
baseline,stationary,0,Neural SDE (Euler),62.0,-0.07029491662979126,-0.011048469931972421,True
baseline,stationary,0,Neural SDE (Euler),70.0,-0.3942279815673828,-0.0482358771704727,True
baseline,stationary,0,Neural SDE (Euler),78.0,-0.9959650039672852,-0.0075146808893130634,True
baseline,stationary,0,SINDy-STLSQ,30.0,-0.36745798180987077,0.0019691404459587225,True
baseline,stationary,0,SINDy-STLSQ,38.0,-0.8970583884545892,0.024974731504732006,True
baseline,stationary,0,SINDy-STLSQ,46.0,-0.7802478382732966,0.014062556439627283,True
baseline,stationary,0,SINDy-STLSQ,54.0,-0.05679225548566014,-0.0021185814811827686,True
baseline,stationary,0,SINDy-STLSQ,62.0,-0.17912265743613442,-0.014033043374450077,True
baseline,stationary,0,SINDy-STLSQ,70.0,-0.1533888426850728,-0.03475783283554504,True
baseline,stationary,0,SINDy-STLSQ,78.0,-0.469702329536119,-0.002563380723675096,True
baseline,stationary,1,Bayesian SINDy (spike-slab),30.0,-0.24295241257644917,-0.02399218774904538,True
baseline,stationary,1,Bayesian SINDy (spike-slab),38.0,-1.4163991609185538,-0.033303828709828315,True
baseline,stationary,1,Bayesian SINDy (spike-slab),46.0,0.306298480970042,-0.0024167699607913207,True
baseline,stationary,1,Bayesian SINDy (spike-slab),54.0,0.3676507826962303,-0.008133411825075904,True
baseline,stationary,1,Bayesian SINDy (spike-slab),62.0,0.08317535608050519,-0.017686846825079705,True
baseline,stationary,1,Bayesian SINDy (spike-slab),70.0,0.41239053462428843,-0.04661242351113426,True
baseline,stationary,1,Bayesian SINDy (spike-slab),78.0,0.04073318757503086,-0.024290833172778525,True
baseline,stationary,1,Kalman OU,30.0,0.4916812971350679,-0.06437530055511154,True
baseline,stationary,1,Kalman OU,38.0,-1.0092332586627584,-0.037811495016485425,True
baseline,stationary,1,Kalman OU,46.0,0.4849685636144736,-0.04766995948241812,True
baseline,stationary,1,Kalman OU,54.0,0.3699316848300811,-0.004861555525485506,True
baseline,stationary,1,Kalman OU,62.0,-0.028052165334453427,-0.007952036999650858,True
baseline,stationary,1,Kalman OU,70.0,0.4153885229430393,-0.06541506167933353,True
baseline,stationary,1,Kalman OU,78.0,0.1872773598468238,-0.01684485569455793,True
baseline,stationary,1,Latent Neural SDE (VI),30.0,0.0698462724685669,-0.07668286613769093,True
baseline,stationary,1,Latent Neural SDE (VI),38.0,-0.7494582533836365,-0.04385752004097723,True
baseline,stationary,1,Latent Neural SDE (VI),46.0,-0.22406929731369019,-0.03421530169688572,True
baseline,stationary,1,Latent Neural SDE (VI),54.0,-0.051492393016815186,-0.06788776628088702,True
baseline,stationary,1,Latent Neural SDE (VI),62.0,-0.01967567205429077,-0.018768959322779638,True
baseline,stationary,1,Latent Neural SDE (VI),70.0,-0.44878751039505005,-0.04706054710532065,True
baseline,stationary,1,Latent Neural SDE (VI),78.0,-0.6989855170249939,-0.04592047028920887,True
baseline,stationary,1,Moment OU,30.0,-0.07240226865230648,-0.009331455740364425,True
baseline,stationary,1,Moment OU,38.0,-1.5061311821245067,-0.0039007778434320406,True
baseline,stationary,1,Moment OU,46.0,0.1400960215130489,-0.0036923819573230487,True
baseline,stationary,1,Moment OU,54.0,0.3738158257774826,-0.012939538272105505,True
baseline,stationary,1,Moment OU,62.0,-0.16587566225002037,-0.005960289437661359,True
baseline,stationary,1,Moment OU,70.0,0.2945724037653803,-0.05733827783218487,True
baseline,stationary,1,Moment OU,78.0,0.07647213639528105,-0.01610391398088218,True
baseline,stationary,1,Neural SDE (Euler),30.0,-0.005629897117614746,-0.07363492351017206,True
baseline,stationary,1,Neural SDE (Euler),38.0,-0.8593425750732422,-0.04585208051208056,True
baseline,stationary,1,Neural SDE (Euler),46.0,-0.23837649822235107,-0.03177272554965904,True
baseline,stationary,1,Neural SDE (Euler),54.0,-0.0014581680297851562,-0.054234274919937875,True
baseline,stationary,1,Neural SDE (Euler),62.0,-0.022498726844787598,-0.015067651439632374,True
baseline,stationary,1,Neural SDE (Euler),70.0,-0.4943394660949707,-0.04114524050449264,True
baseline,stationary,1,Neural SDE (Euler),78.0,-0.827150821685791,-0.0500707722796003,True
baseline,stationary,1,SINDy-STLSQ,30.0,-0.3528285997022167,-0.022823412592193365,True
baseline,stationary,1,SINDy-STLSQ,38.0,-1.0396364617126879,-0.03105845929573836,True
baseline,stationary,1,SINDy-STLSQ,46.0,-0.19297652505202434,-0.007071333803256502,True
baseline,stationary,1,SINDy-STLSQ,54.0,-0.6716615501491626,-0.014874684624985257,True
baseline,stationary,1,SINDy-STLSQ,62.0,-0.23647910071959477,-0.017927560925940084,True
baseline,stationary,1,SINDy-STLSQ,70.0,-0.21165002344745631,-0.04742811606000638,True
baseline,stationary,1,SINDy-STLSQ,78.0,-0.5718866990223123,-0.02413744785521918,True
baseline,stationary,2,Bayesian SINDy (spike-slab),30.0,0.1588597777649653,0.022911349013537252,True
baseline,stationary,2,Bayesian SINDy (spike-slab),38.0,0.052087368418977986,0.03389552125958853,True
baseline,stationary,2,Bayesian SINDy (spike-slab),46.0,0.31839842535856955,0.013819333283800861,True
baseline,stationary,2,Bayesian SINDy (spike-slab),54.0,-0.3891619622064857,-0.0062093314777719455,True
baseline,stationary,2,Bayesian SINDy (spike-slab),62.0,0.5114280144965794,-0.005720226081587315,True
baseline,stationary,2,Bayesian SINDy (spike-slab),70.0,0.3498771698728578,-0.0344253199444203,True
baseline,stationary,2,Bayesian SINDy (spike-slab),78.0,-0.5153876330038873,-0.019515137781803277,True
baseline,stationary,2,Kalman OU,30.0,0.03865648752190909,-0.011366744762615122,True
baseline,stationary,2,Kalman OU,38.0,0.17010809713888675,-0.02283806106627506,True
baseline,stationary,2,Kalman OU,46.0,-0.2371821667105396,0.024384101759904186,True
baseline,stationary,2,Kalman OU,54.0,-0.7810734226077396,0.022723304056838367,True
baseline,stationary,2,Kalman OU,62.0,-0.30888096483659155,0.029741540316025772,True
baseline,stationary,2,Kalman OU,70.0,-0.45208668957523734,0.0025549908763289886,True
baseline,stationary,2,Kalman OU,78.0,-0.28051822556562755,-0.04599404375845423,True
baseline,stationary,2,Latent Neural SDE (VI),30.0,0.5098559856414795,0.006528425337151533,True
baseline,stationary,2,Latent Neural SDE (VI),38.0,-0.396358847618103,0.009808688544051286,True
baseline,stationary,2,Latent Neural SDE (VI),46.0,-1.4225517511367798,-0.01405060208197667,True
baseline,stationary,2,Latent Neural SDE (VI),54.0,0.053272128105163574,-0.013954170964256246,True
baseline,stationary,2,Latent Neural SDE (VI),62.0,0.49197304248809814,0.005014837811704559,True
baseline,stationary,2,Latent Neural SDE (VI),70.0,0.5087789297103882,-0.01793242692923755,True
baseline,stationary,2,Latent Neural SDE (VI),78.0,0.01402437686920166,-0.05240249790028498,True
baseline,stationary,2,Moment OU,30.0,0.010359676643287408,0.010718752951983018,True
baseline,stationary,2,Moment OU,38.0,-0.11048773111200849,0.031215988903370157,True
baseline,stationary,2,Moment OU,46.0,0.11193071620081874,-0.005620036382002258,True
baseline,stationary,2,Moment OU,54.0,-0.48265418469743815,-0.010043664565972388,True
baseline,stationary,2,Moment OU,62.0,0.2960982266787521,-0.034043971071666734,True
baseline,stationary,2,Moment OU,70.0,0.1852157193780043,-0.062313327539541635,True
baseline,stationary,2,Moment OU,78.0,-0.6481865487127711,-0.021700601750651,True
baseline,stationary,2,Neural SDE (Euler),30.0,0.46407294273376465,0.011093621415389943,True
baseline,stationary,2,Neural SDE (Euler),38.0,-0.4152865409851074,0.015144318623734943,True
baseline,stationary,2,Neural SDE (Euler),46.0,-1.4250845909118652,-0.015009251710737831,True
baseline,stationary,2,Neural SDE (Euler),54.0,0.1299877166748047,-0.01344224062142127,True
baseline,stationary,2,Neural SDE (Euler),62.0,0.48099660873413086,0.007347998068077594,True
baseline,stationary,2,Neural SDE (Euler),70.0,0.47221946716308594,-0.016560458744871526,True
baseline,stationary,2,Neural SDE (Euler),78.0,0.004815578460693359,-0.05569775987522346,True
baseline,stationary,2,SINDy-STLSQ,30.0,0.1371349015168699,0.019778321619778994,True
baseline,stationary,2,SINDy-STLSQ,38.0,-0.14601835256736106,0.031042242356516175,True
baseline,stationary,2,SINDy-STLSQ,46.0,0.2546706512996044,0.011044357576934088,True
baseline,stationary,2,SINDy-STLSQ,54.0,0.19134857372641667,-0.005820759604449943,True
baseline,stationary,2,SINDy-STLSQ,62.0,0.309575696734395,-0.010092434911614545,True
baseline,stationary,2,SINDy-STLSQ,70.0,0.35327629530516425,-0.03582304028040159,True
baseline,stationary,2,SINDy-STLSQ,78.0,0.02680195978629829,-0.02240159759545171,True
baseline,stationary,3,Bayesian SINDy (spike-slab),30.0,0.7310096668176385,0.0018708665451069306,True
baseline,stationary,3,Bayesian SINDy (spike-slab),38.0,0.6045926608575095,0.01906184107379688,True
baseline,stationary,3,Bayesian SINDy (spike-slab),46.0,1.3368826690741515,0.03903975852890734,True
baseline,stationary,3,Bayesian SINDy (spike-slab),54.0,0.7110853444110623,-0.008482965274545062,True
baseline,stationary,3,Bayesian SINDy (spike-slab),62.0,0.5629402979907371,-0.01567946540426604,True
baseline,stationary,3,Bayesian SINDy (spike-slab),70.0,1.2193882608580293,-0.021258292958158176,True
baseline,stationary,3,Bayesian SINDy (spike-slab),78.0,1.0654477615828912,0.012044834455086362,True
baseline,stationary,3,Kalman OU,30.0,0.633820979948569,-0.020991444540990722,True
baseline,stationary,3,Kalman OU,38.0,0.6513045653234777,0.007579261677678306,True
baseline,stationary,3,Kalman OU,46.0,1.0212497082701706,0.01002913222868973,True
baseline,stationary,3,Kalman OU,54.0,1.0512356295383416,-0.028364456639010882,True
baseline,stationary,3,Kalman OU,62.0,0.6113634702328827,-0.053116014898824226,True
baseline,stationary,3,Kalman OU,70.0,1.35373141064386,-0.06742133924599003,True
baseline,stationary,3,Kalman OU,78.0,0.8557542480889877,-0.010057724058833567,True
baseline,stationary,3,Latent Neural SDE (VI),30.0,0.48857855796813965,-0.017418304184117772,True
baseline,stationary,3,Latent Neural SDE (VI),38.0,0.6991627216339111,-0.017845913275364222,True
baseline,stationary,3,Latent Neural SDE (VI),46.0,0.7875843048095703,0.0350788939184018,True
baseline,stationary,3,Latent Neural SDE (VI),54.0,-1.0714406967163086,-0.04270369313995165,True
baseline,stationary,3,Latent Neural SDE (VI),62.0,0.7120047807693481,-0.04481620638702277,True
baseline,stationary,3,Latent Neural SDE (VI),70.0,1.6865797638893127,-0.05055065059624744,True
baseline,stationary,3,Latent Neural SDE (VI),78.0,1.1432856321334839,-0.009097397831849624,True
baseline,stationary,3,Moment OU,30.0,0.5880804400227431,-0.01729026966770411,True
baseline,stationary,3,Moment OU,38.0,0.4249283236892123,0.021241172861627383,True
baseline,stationary,3,Moment OU,46.0,0.9712335017386725,0.009512971810295034,True
baseline,stationary,3,Moment OU,54.0,0.7006276368092099,-0.005812240083326703,True
baseline,stationary,3,Moment OU,62.0,0.42539239182591326,-0.03384854962926151,True
baseline,stationary,3,Moment OU,70.0,1.2344640315488555,-0.05708543357575385,True
baseline,stationary,3,Moment OU,78.0,0.6982266491562186,-0.0011644710211230203,True
baseline,stationary,3,Neural SDE (Euler),30.0,0.46062374114990234,-0.019037095161597156,True
baseline,stationary,3,Neural SDE (Euler),38.0,0.7255405187606812,-0.014318818804181649,True
baseline,stationary,3,Neural SDE (Euler),46.0,0.7412673234939575,0.039042313014874486,True
baseline,stationary,3,Neural SDE (Euler),54.0,-1.3138465881347656,-0.04292088945689346,True
baseline,stationary,3,Neural SDE (Euler),62.0,0.5847557783126831,-0.04321184521570934,True
baseline,stationary,3,Neural SDE (Euler),70.0,1.6318637132644653,-0.04841782403757561,True
baseline,stationary,3,Neural SDE (Euler),78.0,1.0509905815124512,-0.008417484116663654,True
baseline,stationary,3,SINDy-STLSQ,30.0,0.6469693680951711,-0.0018541108383523797,True
baseline,stationary,3,SINDy-STLSQ,38.0,1.1256023436752662,0.019447290355446067,True
baseline,stationary,3,SINDy-STLSQ,46.0,1.4074724730397699,0.03528615019874737,True
baseline,stationary,3,SINDy-STLSQ,54.0,0.15221613830323788,-0.012548374831019199,True
baseline,stationary,3,SINDy-STLSQ,62.0,1.3817880681897088,-0.01648171270095955,True
baseline,stationary,3,SINDy-STLSQ,70.0,0.749746629245917,-0.025533397184951873,True
baseline,stationary,3,SINDy-STLSQ,78.0,0.9450288163261793,0.005653137501930222,True
baseline,stationary,4,Bayesian SINDy (spike-slab),30.0,0.8595154336473985,-0.011346530400944521,True
baseline,stationary,4,Bayesian SINDy (spike-slab),38.0,1.1847013580274128,-0.014433214112897164,True
baseline,stationary,4,Bayesian SINDy (spike-slab),46.0,0.7655913075071956,-0.0224481832188336,True
baseline,stationary,4,Bayesian SINDy (spike-slab),54.0,1.7629210536853686,-0.01659407371130503,True
baseline,stationary,4,Bayesian SINDy (spike-slab),62.0,0.4531833629533373,0.023605183508172756,True
baseline,stationary,4,Bayesian SINDy (spike-slab),70.0,-0.3298415411945741,0.015853816393229497,True
baseline,stationary,4,Bayesian SINDy (spike-slab),78.0,1.7127048171856116,-0.002829321521507666,True
baseline,stationary,4,Kalman OU,30.0,0.9467519350593343,-0.03982238147100253,True
baseline,stationary,4,Kalman OU,38.0,1.0296329379064308,-0.04908094845247177,True
baseline,stationary,4,Kalman OU,46.0,0.6456521165424924,-0.049486803760295545,True
baseline,stationary,4,Kalman OU,54.0,1.7822888650319877,-0.09654902688076064,True
baseline,stationary,4,Kalman OU,62.0,1.3550435191697394,-0.07167537134969718,True
baseline,stationary,4,Kalman OU,70.0,0.8623777185624868,-0.07388488961324843,True
baseline,stationary,4,Kalman OU,78.0,1.9076827726656127,-0.10018380227029625,True
baseline,stationary,4,Latent Neural SDE (VI),30.0,1.326378345489502,-0.011952760003115515,True
baseline,stationary,4,Latent Neural SDE (VI),38.0,2.669215440750122,-0.004824989008916675,True
baseline,stationary,4,Latent Neural SDE (VI),46.0,2.460006356239319,0.005557474515986205,True
baseline,stationary,4,Latent Neural SDE (VI),54.0,2.832562208175659,0.01564164186946254,True
baseline,stationary,4,Latent Neural SDE (VI),62.0,2.102815866470337,0.02489954653950302,True
baseline,stationary,4,Latent Neural SDE (VI),70.0,0.3296027183532715,0.010298855131234158,True
baseline,stationary,4,Latent Neural SDE (VI),78.0,2.4878733158111572,-0.02094637495794527,True
baseline,stationary,4,Moment OU,30.0,0.994664802533463,-0.04337901908634659,True
baseline,stationary,4,Moment OU,38.0,1.11870477527265,-0.055387380950467024,True
baseline,stationary,4,Moment OU,46.0,0.747103854970504,-0.055416357079412254,True
baseline,stationary,4,Moment OU,54.0,1.1310564328715773,-0.03806780195893683,True
baseline,stationary,4,Moment OU,62.0,0.435204908176148,0.02286680121844409,True
baseline,stationary,4,Moment OU,70.0,-0.772023148483592,0.04634036088809318,True
baseline,stationary,4,Moment OU,78.0,1.5716023227011378,-0.04782623899154184,True
baseline,stationary,4,Neural SDE (Euler),30.0,1.41520357131958,-0.009174215079251702,True
baseline,stationary,4,Neural SDE (Euler),38.0,2.7091081142425537,-0.006322182897811668,True
baseline,stationary,4,Neural SDE (Euler),46.0,2.5228688716888428,0.012291743325515886,True
baseline,stationary,4,Neural SDE (Euler),54.0,2.9449039697647095,0.020379768273961957,True
baseline,stationary,4,Neural SDE (Euler),62.0,2.2057946920394897,0.02844507283696071,True
baseline,stationary,4,Neural SDE (Euler),70.0,0.39125823974609375,0.011732331401642648,True
baseline,stationary,4,Neural SDE (Euler),78.0,2.5081416368484497,-0.031727512626585935,True
baseline,stationary,4,SINDy-STLSQ,30.0,1.1937499335850779,-0.013209614574341944,True
baseline,stationary,4,SINDy-STLSQ,38.0,1.3783711717014977,-0.018477584708671446,True
baseline,stationary,4,SINDy-STLSQ,46.0,1.6714602248793802,-0.02451664496063638,True
baseline,stationary,4,SINDy-STLSQ,54.0,1.4243248395758765,-0.022437618366597523,True
baseline,stationary,4,SINDy-STLSQ,62.0,1.097233399609285,0.02216999084169985,True
baseline,stationary,4,SINDy-STLSQ,70.0,0.7965046732895642,0.016384894907611247,True
baseline,stationary,4,SINDy-STLSQ,78.0,1.859206647679236,-0.009152462933332994,True
baseline,stationary,5,Bayesian SINDy (spike-slab),30.0,0.5334119721633659,-0.011913444040363791,True
baseline,stationary,5,Bayesian SINDy (spike-slab),38.0,1.1980323011240888,-0.0134548450804029,True
baseline,stationary,5,Bayesian SINDy (spike-slab),46.0,1.0233423561438761,-0.01700432731679119,True
baseline,stationary,5,Bayesian SINDy (spike-slab),54.0,0.7467293287615309,-0.03227038012526162,True
baseline,stationary,5,Bayesian SINDy (spike-slab),62.0,1.464165325280974,-0.0486410877115909,True
baseline,stationary,5,Bayesian SINDy (spike-slab),70.0,1.6502092623733904,-0.03883779450193911,True
baseline,stationary,5,Bayesian SINDy (spike-slab),78.0,1.5649027828717967,-0.045815297203075894,True
baseline,stationary,5,Kalman OU,30.0,0.9831078090200511,-0.07667636310057876,True
baseline,stationary,5,Kalman OU,38.0,1.9287544905368619,-0.14971135535204008,True
baseline,stationary,5,Kalman OU,46.0,2.076404128676097,-0.1514829338893266,True
baseline,stationary,5,Kalman OU,54.0,1.9280955002068678,-0.17596269122140323,True
baseline,stationary,5,Kalman OU,62.0,1.7366470080933776,-0.13012749721605432,True
baseline,stationary,5,Kalman OU,70.0,1.6957902163745564,-0.10154854010280961,True
baseline,stationary,5,Kalman OU,78.0,1.5260842420359726,-0.10543130543109985,True
baseline,stationary,5,Latent Neural SDE (VI),30.0,0.5569877624511719,-0.019889479903930196,True
baseline,stationary,5,Latent Neural SDE (VI),38.0,1.0223191380500793,-0.028449395193909738,True
baseline,stationary,5,Latent Neural SDE (VI),46.0,0.604590892791748,-0.023049108017473424,True
baseline,stationary,5,Latent Neural SDE (VI),54.0,0.8910113573074341,-0.004540323518894107,True
baseline,stationary,5,Latent Neural SDE (VI),62.0,0.4539482593536377,-0.048722988064162503,True
baseline,stationary,5,Latent Neural SDE (VI),70.0,1.4261448979377747,-0.06554599489447677,True
baseline,stationary,5,Latent Neural SDE (VI),78.0,-0.5898458957672119,-0.07200659329791115,True
baseline,stationary,5,Moment OU,30.0,0.4585542612784348,-0.026523704896271483,True
baseline,stationary,5,Moment OU,38.0,1.349135711339665,-0.05364333012416969,True
baseline,stationary,5,Moment OU,46.0,1.4544661619552142,-0.041035752799702924,True
baseline,stationary,5,Moment OU,54.0,0.8672786416863698,-0.0559465847429205,True
baseline,stationary,5,Moment OU,62.0,1.5875940588858186,-0.10383514479232792,True
baseline,stationary,5,Moment OU,70.0,1.7219068676657718,-0.09821084433935351,True
baseline,stationary,5,Moment OU,78.0,1.5799905953213684,-0.10387080033269827,True
baseline,stationary,5,Neural SDE (Euler),30.0,0.48116207122802734,-0.016108373586593838,True
baseline,stationary,5,Neural SDE (Euler),38.0,0.954541027545929,-0.021379903722464427,True
baseline,stationary,5,Neural SDE (Euler),46.0,0.4672642946243286,-0.011932086113934315,True
baseline,stationary,5,Neural SDE (Euler),54.0,0.5318417549133301,-0.001370020317387921,True
baseline,stationary,5,Neural SDE (Euler),62.0,0.37787187099456787,-0.039063886054457236,True
baseline,stationary,5,Neural SDE (Euler),70.0,1.3480963706970215,-0.07153798742926742,True
baseline,stationary,5,Neural SDE (Euler),78.0,-0.576509952545166,-0.06508212060540641,True
baseline,stationary,5,SINDy-STLSQ,30.0,1.0278513979836221,-0.015097388760856256,True
baseline,stationary,5,SINDy-STLSQ,38.0,1.8175955472727299,-0.01853868701516198,True
baseline,stationary,5,SINDy-STLSQ,46.0,1.7362505202946568,-0.019853695952316647,True
baseline,stationary,5,SINDy-STLSQ,54.0,1.3933138902144213,-0.031552064672069335,True
baseline,stationary,5,SINDy-STLSQ,62.0,1.0049806264231473,-0.05299083369304455,True
baseline,stationary,5,SINDy-STLSQ,70.0,1.3339632352779918,-0.045308635370703204,True
baseline,stationary,5,SINDy-STLSQ,78.0,0.8083666869918091,-0.0522695219271955,True
baseline,stationary,6,Bayesian SINDy (spike-slab),30.0,-0.5148949161017886,0.000406969890299147,True
baseline,stationary,6,Bayesian SINDy (spike-slab),38.0,0.45954987069806297,-0.003305801206686887,True
baseline,stationary,6,Bayesian SINDy (spike-slab),46.0,1.2357915160402573,0.0021159607574744166,True
baseline,stationary,6,Bayesian SINDy (spike-slab),54.0,1.339340609091338,0.008588948135863222,True
baseline,stationary,6,Bayesian SINDy (spike-slab),62.0,0.66854849156227,0.001170982603824422,True
baseline,stationary,6,Bayesian SINDy (spike-slab),70.0,0.4943488599637812,-0.01769022587529928,True
baseline,stationary,6,Bayesian SINDy (spike-slab),78.0,0.7686455587078862,-0.004309497360613618,True
baseline,stationary,6,Kalman OU,30.0,-0.5267935177726901,0.01657801482735266,True
baseline,stationary,6,Kalman OU,38.0,0.6683520894612993,-0.015523469269446533,True
baseline,stationary,6,Kalman OU,46.0,1.1079021790418362,-0.0376390331207582,True
baseline,stationary,6,Kalman OU,54.0,1.3045145216941716,-0.05212484262645756,True
baseline,stationary,6,Kalman OU,62.0,0.7921654910873464,-0.04220400848541908,True
baseline,stationary,6,Kalman OU,70.0,0.6897221756565175,-0.036753579684277754,True
baseline,stationary,6,Kalman OU,78.0,1.0721665118573935,-0.07131826418426235,True
baseline,stationary,6,Latent Neural SDE (VI),30.0,0.011986732482910156,0.0022606884292092344,True
baseline,stationary,6,Latent Neural SDE (VI),38.0,0.3695528507232666,-0.00025363827148397466,True
baseline,stationary,6,Latent Neural SDE (VI),46.0,0.9183951616287231,-0.006048992583803647,True
baseline,stationary,6,Latent Neural SDE (VI),54.0,0.8460444211959839,0.016334027269317458,True
baseline,stationary,6,Latent Neural SDE (VI),62.0,-0.3700692653656006,-0.0005962742971764301,True
baseline,stationary,6,Latent Neural SDE (VI),70.0,1.4703305959701538,-0.011821822047425073,True
baseline,stationary,6,Latent Neural SDE (VI),78.0,1.1176226139068604,-0.02781837418015376,True
baseline,stationary,6,Moment OU,30.0,-0.5376532805434917,0.017810946548726003,True
baseline,stationary,6,Moment OU,38.0,0.3191608740332139,0.0037005692465416073,True
baseline,stationary,6,Moment OU,46.0,0.9539110161862836,-0.024581412973202404,True
baseline,stationary,6,Moment OU,54.0,0.9820164846803981,-0.012031602996132984,True
baseline,stationary,6,Moment OU,62.0,0.36701176034882055,-0.005526236608511453,True
baseline,stationary,6,Moment OU,70.0,0.46682774240078095,-0.02357885836987511,True
baseline,stationary,6,Moment OU,78.0,0.5013544940533718,-0.011858539636149468,True
baseline,stationary,6,Neural SDE (Euler),30.0,0.08741402626037598,0.00029812997017902854,True
baseline,stationary,6,Neural SDE (Euler),38.0,0.33191490173339844,0.0026029943361527696,True
baseline,stationary,6,Neural SDE (Euler),46.0,0.7753646373748779,8.392667927903386e-06,True
baseline,stationary,6,Neural SDE (Euler),54.0,0.6617330312728882,0.015854391717239152,True
baseline,stationary,6,Neural SDE (Euler),62.0,-0.406954288482666,0.000662556274059839,True
baseline,stationary,6,Neural SDE (Euler),70.0,1.412253737449646,-0.015692344696787763,True
baseline,stationary,6,Neural SDE (Euler),78.0,1.0973491668701172,-0.022957935110652194,True
baseline,stationary,6,SINDy-STLSQ,30.0,-0.04232950780854683,0.005333507672756255,True
baseline,stationary,6,SINDy-STLSQ,38.0,0.4156609602722685,-0.000474240709877255,True
baseline,stationary,6,SINDy-STLSQ,46.0,0.6253755941148507,0.000264774271611562,True
baseline,stationary,6,SINDy-STLSQ,54.0,0.44634142628848283,0.006213454911388777,True
baseline,stationary,6,SINDy-STLSQ,62.0,-0.1758176558916893,-0.0001075133441855447,True
baseline,stationary,6,SINDy-STLSQ,70.0,1.0482402339162091,-0.018417815831801382,True
baseline,stationary,6,SINDy-STLSQ,78.0,0.5833208952102515,-0.002202399322022347,True
baseline,stationary,7,Bayesian SINDy (spike-slab),30.0,-0.5243724530716493,-0.0075065799009400025,True
baseline,stationary,7,Bayesian SINDy (spike-slab),38.0,0.05182344230203417,-0.027448442798180678,True
baseline,stationary,7,Bayesian SINDy (spike-slab),46.0,0.6478205543574471,0.003884350057304281,True
baseline,stationary,7,Bayesian SINDy (spike-slab),54.0,0.7591709504969814,0.004560755192687005,True
baseline,stationary,7,Bayesian SINDy (spike-slab),62.0,0.45087964676889736,0.005049122904941389,True
baseline,stationary,7,Bayesian SINDy (spike-slab),70.0,0.4404870291592243,0.0009403764120005653,True
baseline,stationary,7,Bayesian SINDy (spike-slab),78.0,0.5928445628415879,-0.027198231588065114,True
baseline,stationary,7,Kalman OU,30.0,-0.7517428565126001,0.06387624425979546,True
baseline,stationary,7,Kalman OU,38.0,-0.5795951554687411,0.043828854388928,True
baseline,stationary,7,Kalman OU,46.0,0.15180296378159464,0.04769562596969912,True
baseline,stationary,7,Kalman OU,54.0,0.3333584142149015,0.04590302997947501,True
baseline,stationary,7,Kalman OU,62.0,-0.30882210607235194,0.07287590725957299,True
baseline,stationary,7,Kalman OU,70.0,-0.3855894046828736,0.07019944703709585,True
baseline,stationary,7,Kalman OU,78.0,-0.1347175426288756,0.03403221218068664,True
baseline,stationary,7,Latent Neural SDE (VI),30.0,-0.3796408176422119,-0.001466019923029499,True
baseline,stationary,7,Latent Neural SDE (VI),38.0,0.04438185691833496,-0.03078261323101847,True
baseline,stationary,7,Latent Neural SDE (VI),46.0,0.8418789505958557,-0.010460434259863483,True
baseline,stationary,7,Latent Neural SDE (VI),54.0,1.0538111925125122,-0.01677071022638635,True
baseline,stationary,7,Latent Neural SDE (VI),62.0,0.5974733829498291,-0.0024791056671893408,True
baseline,stationary,7,Latent Neural SDE (VI),70.0,0.601521909236908,0.002095325350339239,True
baseline,stationary,7,Latent Neural SDE (VI),78.0,0.506487250328064,-0.015556043391846047,True
baseline,stationary,7,Moment OU,30.0,-0.211448897673165,0.0023612457001764564,True
baseline,stationary,7,Moment OU,38.0,0.24604641293618534,-0.04177522852407037,True
baseline,stationary,7,Moment OU,46.0,0.6724710228021928,-0.009384766383770837,True
baseline,stationary,7,Moment OU,54.0,0.8768435292275196,-0.013049332352389892,True
baseline,stationary,7,Moment OU,62.0,0.36182300589951166,-0.004353768929606511,True
baseline,stationary,7,Moment OU,70.0,0.05872940592913034,0.007299518994523163,True
baseline,stationary,7,Moment OU,78.0,0.5975675384855458,-0.04997847495674354,True
baseline,stationary,7,Neural SDE (Euler),30.0,-0.33693933486938477,-0.0073727283322370385,True
baseline,stationary,7,Neural SDE (Euler),38.0,0.10420465469360352,-0.03870243118236982,True
baseline,stationary,7,Neural SDE (Euler),46.0,0.7349655628204346,-0.0074799403005446075,True
baseline,stationary,7,Neural SDE (Euler),54.0,0.9465118050575256,-0.013261093995260903,True
baseline,stationary,7,Neural SDE (Euler),62.0,0.5284703373908997,-0.009660555021071077,True
baseline,stationary,7,Neural SDE (Euler),70.0,0.5452471375465393,-0.002401882929152832,True
baseline,stationary,7,Neural SDE (Euler),78.0,0.4801981449127197,-0.01853114499191788,True
baseline,stationary,7,SINDy-STLSQ,30.0,-0.3597222170503267,-0.00595240882283446,True
baseline,stationary,7,SINDy-STLSQ,38.0,-0.006356179422227104,-0.025791394881210628,True
baseline,stationary,7,SINDy-STLSQ,46.0,0.8874247589836712,0.0034536247711131063,True
baseline,stationary,7,SINDy-STLSQ,54.0,1.0533163077312182,0.007617700513051551,True
baseline,stationary,7,SINDy-STLSQ,62.0,0.4252537820549065,0.004707644311961412,True
baseline,stationary,7,SINDy-STLSQ,70.0,0.665877770847169,0.0007876027222403215,True
baseline,stationary,7,SINDy-STLSQ,78.0,0.3147293236388682,-0.027422449875538685,True
baseline,stationary,8,Bayesian SINDy (spike-slab),30.0,-0.12188624200817832,0.01708960260289072,True
baseline,stationary,8,Bayesian SINDy (spike-slab),38.0,0.8022004285873516,0.015865424300296332,True
baseline,stationary,8,Bayesian SINDy (spike-slab),46.0,0.994739476730159,0.0010788174462458,True
baseline,stationary,8,Bayesian SINDy (spike-slab),54.0,0.8964444323141763,0.004074033752452605,True
baseline,stationary,8,Bayesian SINDy (spike-slab),62.0,0.8565412655672275,-0.007110386301137028,True
baseline,stationary,8,Bayesian SINDy (spike-slab),70.0,0.990815933709876,-0.00960611238220635,True
baseline,stationary,8,Bayesian SINDy (spike-slab),78.0,0.06265434931276559,-0.017658651953010668,True
baseline,stationary,8,Kalman OU,30.0,-0.2668639881989379,0.04806830818155476,True
baseline,stationary,8,Kalman OU,38.0,-0.3914986810496118,0.09816779114749254,True
baseline,stationary,8,Kalman OU,46.0,-0.004048400346048642,0.07401959589694627,True
baseline,stationary,8,Kalman OU,54.0,-0.1579316963739888,0.06035662942896329,True
baseline,stationary,8,Kalman OU,62.0,-0.2604870343769568,0.07200604557199076,True
baseline,stationary,8,Kalman OU,70.0,0.1012578361310198,0.02119335823715081,True
baseline,stationary,8,Kalman OU,78.0,-0.9086065460967903,0.0966265956460128,True
baseline,stationary,8,Latent Neural SDE (VI),30.0,-0.2995032072067261,0.02198853456987168,True
baseline,stationary,8,Latent Neural SDE (VI),38.0,-0.03576982021331787,0.012173400490556346,True
baseline,stationary,8,Latent Neural SDE (VI),46.0,-1.1019738912582397,-0.0043750030636135195,True
baseline,stationary,8,Latent Neural SDE (VI),54.0,-0.17473065853118896,-0.00029710690523576666,True
baseline,stationary,8,Latent Neural SDE (VI),62.0,-0.0019811391830444336,-0.03388789408127227,True
baseline,stationary,8,Latent Neural SDE (VI),70.0,0.5382131338119507,-0.016666011656856966,True
baseline,stationary,8,Latent Neural SDE (VI),78.0,-1.0596328973770142,-0.009658333316154288,True
baseline,stationary,8,Moment OU,30.0,-0.3471059050744725,0.03359892355618685,True
baseline,stationary,8,Moment OU,38.0,0.6354753014715944,-0.014511104153989818,True
baseline,stationary,8,Moment OU,46.0,0.7918173454711791,-0.015593893345481835,True
baseline,stationary,8,Moment OU,54.0,0.7654436918888446,-0.03341531491191854,True
baseline,stationary,8,Moment OU,62.0,0.7106013922071704,-0.0377085001936481,True
baseline,stationary,8,Moment OU,70.0,0.8096742361088459,-0.04427293197159879,True
baseline,stationary,8,Moment OU,78.0,0.2595270512156507,-0.03662934257579975,True
baseline,stationary,8,Neural SDE (Euler),30.0,-0.33357882499694824,0.021937139853273863,True
baseline,stationary,8,Neural SDE (Euler),38.0,-0.07505691051483154,-0.003217969494910322,True
baseline,stationary,8,Neural SDE (Euler),46.0,-1.316110610961914,-0.004342842854556606,True
baseline,stationary,8,Neural SDE (Euler),54.0,-0.12277936935424805,0.001815711379628382,True
baseline,stationary,8,Neural SDE (Euler),62.0,-0.13907897472381592,-0.03093822496549925,True
baseline,stationary,8,Neural SDE (Euler),70.0,0.5319474935531616,-0.01093369407460748,True
baseline,stationary,8,Neural SDE (Euler),78.0,-0.961266279220581,-0.010210708192838452,True
baseline,stationary,8,SINDy-STLSQ,30.0,0.3974853990865771,0.014730796729132772,True
baseline,stationary,8,SINDy-STLSQ,38.0,0.539882298581213,0.009830064926601295,True
baseline,stationary,8,SINDy-STLSQ,46.0,0.26214910310315664,-0.006237806793332912,True
baseline,stationary,8,SINDy-STLSQ,54.0,0.43909298696881005,-0.00172275098564742,True
baseline,stationary,8,SINDy-STLSQ,62.0,0.23127463329879272,-0.01459826715922119,True
baseline,stationary,8,SINDy-STLSQ,70.0,0.8555839614699154,-0.014904512705604667,True
baseline,stationary,8,SINDy-STLSQ,78.0,-0.2818385943258539,-0.02107807356410138,True
baseline,stationary,9,Bayesian SINDy (spike-slab),30.0,0.780963961948231,-0.008160074983109278,True
baseline,stationary,9,Bayesian SINDy (spike-slab),38.0,0.341837829555816,0.02351760071701181,True
baseline,stationary,9,Bayesian SINDy (spike-slab),46.0,0.5599695101999672,0.018092787721762843,True
baseline,stationary,9,Bayesian SINDy (spike-slab),54.0,1.1787179581019913,-0.003743647277421963,True
baseline,stationary,9,Bayesian SINDy (spike-slab),62.0,0.46377912011408373,-0.011340090419394211,True
baseline,stationary,9,Bayesian SINDy (spike-slab),70.0,0.3965163698562818,-0.021453806946670956,True
baseline,stationary,9,Bayesian SINDy (spike-slab),78.0,0.867799908766368,-0.01426208600032361,True
baseline,stationary,9,Kalman OU,30.0,0.22538049247656522,0.005877587954873031,True
baseline,stationary,9,Kalman OU,38.0,0.25177966487081993,0.037215447870904306,True
baseline,stationary,9,Kalman OU,46.0,0.26693915662070156,0.052054558203503826,True
baseline,stationary,9,Kalman OU,54.0,0.5309064246026881,0.014742725192384287,True
baseline,stationary,9,Kalman OU,62.0,0.29955208879925843,0.019476212888082767,True
baseline,stationary,9,Kalman OU,70.0,0.07856750609853846,0.013930897735732417,True
baseline,stationary,9,Kalman OU,78.0,0.41340424477854953,0.009380878444348761,True
baseline,stationary,9,Latent Neural SDE (VI),30.0,0.5976753234863281,0.00109341726912357,True
baseline,stationary,9,Latent Neural SDE (VI),38.0,0.21441268920898438,0.021388498761753666,True
baseline,stationary,9,Latent Neural SDE (VI),46.0,0.3544825315475464,0.01574381184341056,True
baseline,stationary,9,Latent Neural SDE (VI),54.0,0.8360969424247742,-0.006055787038714899,True
baseline,stationary,9,Latent Neural SDE (VI),62.0,0.5044302940368652,-0.0038322793539030953,True
baseline,stationary,9,Latent Neural SDE (VI),70.0,0.5480235815048218,-0.0014995537204285925,True
baseline,stationary,9,Latent Neural SDE (VI),78.0,1.069582223892212,-0.018140348995941413,True
baseline,stationary,9,Moment OU,30.0,0.5142198047050884,-0.0255125801493519,True
baseline,stationary,9,Moment OU,38.0,0.35356652761519203,0.02466129956004387,True
baseline,stationary,9,Moment OU,46.0,0.39741582486974547,0.027903309657912323,True
baseline,stationary,9,Moment OU,54.0,0.6043434216313932,-0.00624155167936713,True
baseline,stationary,9,Moment OU,62.0,0.43020613444223477,-0.006736791724292063,True
baseline,stationary,9,Moment OU,70.0,0.315451896267972,-0.019401658425069662,True
baseline,stationary,9,Moment OU,78.0,0.7741216769322194,-0.033943471502377975,True
baseline,stationary,9,Neural SDE (Euler),30.0,0.46266329288482666,0.0004828979745172268,True
baseline,stationary,9,Neural SDE (Euler),38.0,0.1307147741317749,0.025490654860974682,True
baseline,stationary,9,Neural SDE (Euler),46.0,0.519141674041748,0.022387123984631274,True
baseline,stationary,9,Neural SDE (Euler),54.0,0.7303374409675598,-0.0069038024111745255,True
baseline,stationary,9,Neural SDE (Euler),62.0,0.4162406921386719,-0.004680625233067726,True
baseline,stationary,9,Neural SDE (Euler),70.0,0.46243977546691895,-0.0026898109014686644,True
baseline,stationary,9,Neural SDE (Euler),78.0,0.9764058589935303,-0.02019545890485297,True
baseline,stationary,9,SINDy-STLSQ,30.0,0.7539628784785257,-0.01231392997768363,True
baseline,stationary,9,SINDy-STLSQ,38.0,0.11315302489327372,0.015191647228597671,True
baseline,stationary,9,SINDy-STLSQ,46.0,1.1769108046430858,0.016058169624008578,True
baseline,stationary,9,SINDy-STLSQ,54.0,1.7121043338078668,-0.007499649838475703,True
baseline,stationary,9,SINDy-STLSQ,62.0,0.8321624173417104,-0.013485219647137864,True
baseline,stationary,9,SINDy-STLSQ,70.0,1.1363605089258486,-0.021460011130631285,True
baseline,stationary,9,SINDy-STLSQ,78.0,1.5707310504162506,-0.01680397697269137,True
baseline,stationary,10,Bayesian SINDy (spike-slab),30.0,-0.7110086845314365,0.015098798164111749,True
baseline,stationary,10,Bayesian SINDy (spike-slab),38.0,-0.14945687825501858,0.024293139702217748,True
baseline,stationary,10,Bayesian SINDy (spike-slab),46.0,-0.23565747993142605,0.03238556923515812,True
baseline,stationary,10,Bayesian SINDy (spike-slab),54.0,-0.2103173996501308,0.022576488977883474,True
baseline,stationary,10,Bayesian SINDy (spike-slab),62.0,-1.4301894558720551,0.006614374148313645,True
baseline,stationary,10,Bayesian SINDy (spike-slab),70.0,-1.7743149689177913,0.007459612565192758,True
baseline,stationary,10,Bayesian SINDy (spike-slab),78.0,-1.0921829530076328,8.93949325859178e-05,True
baseline,stationary,10,Kalman OU,30.0,0.001524723994102306,-0.01753032764410331,True
baseline,stationary,10,Kalman OU,38.0,0.31151806312003316,-0.031405397246083266,True
baseline,stationary,10,Kalman OU,46.0,-0.20795770747349196,0.03492444721676094,True
baseline,stationary,10,Kalman OU,54.0,-0.04259039046685609,0.017671160752110032,True
baseline,stationary,10,Kalman OU,62.0,-0.7155411625566444,0.006993204704653283,True
baseline,stationary,10,Kalman OU,70.0,-1.0558625243374289,0.011996358532886164,True
baseline,stationary,10,Kalman OU,78.0,-0.6883142232939288,0.01206424374748144,True
baseline,stationary,10,Latent Neural SDE (VI),30.0,-0.5126059055328369,0.022298135737149144,True
baseline,stationary,10,Latent Neural SDE (VI),38.0,-0.08450543880462646,0.055535222562787534,True
baseline,stationary,10,Latent Neural SDE (VI),46.0,-0.32987523078918457,0.05026551048014122,True
baseline,stationary,10,Latent Neural SDE (VI),54.0,-0.6215976476669312,0.023941561127556993,True
baseline,stationary,10,Latent Neural SDE (VI),62.0,-0.9011968374252319,0.024085855586859273,True
baseline,stationary,10,Latent Neural SDE (VI),70.0,-2.224353790283203,0.037921464650282094,True
baseline,stationary,10,Latent Neural SDE (VI),78.0,-0.9406410455703735,0.051085239960742684,True
baseline,stationary,10,Moment OU,30.0,-0.5014401016254629,0.03742978029136962,True
baseline,stationary,10,Moment OU,38.0,-0.10840920280674304,0.03386734097991312,True
baseline,stationary,10,Moment OU,46.0,-0.3300524236158139,0.048410757195154724,True
baseline,stationary,10,Moment OU,54.0,-0.18281285279380233,0.034624578810776296,True
baseline,stationary,10,Moment OU,62.0,-1.5093642305646946,0.05470894876778107,True
baseline,stationary,10,Moment OU,70.0,-1.5709504545148385,0.051968356967798585,True
baseline,stationary,10,Moment OU,78.0,-0.8062795206573644,0.024135793246951948,True
baseline,stationary,10,Neural SDE (Euler),30.0,-0.5221955180168152,0.014491165094150243,True
baseline,stationary,10,Neural SDE (Euler),38.0,-0.08437842130661011,0.05781704793553896,True
baseline,stationary,10,Neural SDE (Euler),46.0,-0.29881197214126587,0.052205441541913616,True
baseline,stationary,10,Neural SDE (Euler),54.0,-0.45267361402511597,0.0191204898300828,True
baseline,stationary,10,Neural SDE (Euler),62.0,-0.8578924536705017,0.018724884102080536,True
baseline,stationary,10,Neural SDE (Euler),70.0,-2.2836124300956726,0.034198585439885576,True
baseline,stationary,10,Neural SDE (Euler),78.0,-0.9004681706428528,0.0409407719550203,True
baseline,stationary,10,SINDy-STLSQ,30.0,-0.39127563625954875,0.015763775122920848,True
baseline,stationary,10,SINDy-STLSQ,38.0,0.1648033572277693,0.02304195042455573,True
baseline,stationary,10,SINDy-STLSQ,46.0,-0.7691672759751388,0.030175478317383403,True
baseline,stationary,10,SINDy-STLSQ,54.0,-0.5096017876122837,0.021734655298754124,True
baseline,stationary,10,SINDy-STLSQ,62.0,-0.9374118909806252,0.010195077676308062,True
baseline,stationary,10,SINDy-STLSQ,70.0,-1.7995186373861785,0.008625646343771554,True
baseline,stationary,10,SINDy-STLSQ,78.0,-0.7776435442982207,0.0002973234001454328,True
baseline,stationary,11,Bayesian SINDy (spike-slab),30.0,0.5800295887719529,0.010363760885541529,True
baseline,stationary,11,Bayesian SINDy (spike-slab),38.0,0.9487198782947039,0.033017055587635014,True
baseline,stationary,11,Bayesian SINDy (spike-slab),46.0,0.982426110168986,0.02141802511261534,True
baseline,stationary,11,Bayesian SINDy (spike-slab),54.0,0.9247136177450588,-0.013927347954197644,True
baseline,stationary,11,Bayesian SINDy (spike-slab),62.0,1.0722185311985377,-0.0051553800870772215,True
baseline,stationary,11,Bayesian SINDy (spike-slab),70.0,0.9570477974059054,-0.0015432525746430226,True
baseline,stationary,11,Bayesian SINDy (spike-slab),78.0,0.9231617456566524,-0.014917635947481578,True
baseline,stationary,11,Kalman OU,30.0,0.4106026591811227,-0.0030596692634444755,True
baseline,stationary,11,Kalman OU,38.0,0.8061264985942949,0.011806920436390755,True
baseline,stationary,11,Kalman OU,46.0,1.0493606840948373,-0.0367160788234063,True
baseline,stationary,11,Kalman OU,54.0,0.9370579415080021,-0.03649117415223044,True
baseline,stationary,11,Kalman OU,62.0,0.942915865487962,-0.030954861168462883,True
baseline,stationary,11,Kalman OU,70.0,1.1950292741323612,-0.06932879354477339,True
baseline,stationary,11,Kalman OU,78.0,1.0085641036772404,-0.08039500013790468,True
baseline,stationary,11,Latent Neural SDE (VI),30.0,0.4315236806869507,0.019443900454664792,True
baseline,stationary,11,Latent Neural SDE (VI),38.0,0.9029422402381897,0.03288281365555942,True
baseline,stationary,11,Latent Neural SDE (VI),46.0,0.3389216661453247,0.0029321853465560654,True
baseline,stationary,11,Latent Neural SDE (VI),54.0,0.48635900020599365,-0.046487868306675645,True
baseline,stationary,11,Latent Neural SDE (VI),62.0,1.0405831933021545,-0.00909745773880094,True
baseline,stationary,11,Latent Neural SDE (VI),70.0,0.8574731945991516,0.0005027804781333745,True
baseline,stationary,11,Latent Neural SDE (VI),78.0,0.6121115684509277,-0.02368008049735243,True
baseline,stationary,11,Moment OU,30.0,0.26907664441499857,0.005959413605667763,True
baseline,stationary,11,Moment OU,38.0,0.6836663343175597,0.026024053592343832,True
baseline,stationary,11,Moment OU,46.0,0.8920176611185823,-0.0012490501688667,True
baseline,stationary,11,Moment OU,54.0,0.7614988274787465,-0.022784101631121517,True
baseline,stationary,11,Moment OU,62.0,1.054195531878443,-0.04045834006292642,True
baseline,stationary,11,Moment OU,70.0,0.7536405618128964,-0.007700714468792419,True
baseline,stationary,11,Moment OU,78.0,0.8539004794383401,-0.049260659684877334,True
baseline,stationary,11,Neural SDE (Euler),30.0,0.4162815809249878,0.0207568468798133,True
baseline,stationary,11,Neural SDE (Euler),38.0,0.8922477960586548,0.03948664127601223,True
baseline,stationary,11,Neural SDE (Euler),46.0,0.08474445343017578,0.005393557638438101,True
baseline,stationary,11,Neural SDE (Euler),54.0,0.48457038402557373,-0.04851292188342399,True
baseline,stationary,11,Neural SDE (Euler),62.0,1.023073971271515,-0.0016472587848007647,True
baseline,stationary,11,Neural SDE (Euler),70.0,0.8491949439048767,0.004128728534291054,True
baseline,stationary,11,Neural SDE (Euler),78.0,0.5871860980987549,-0.02307671409049783,True
baseline,stationary,11,SINDy-STLSQ,30.0,0.34616892012621414,0.006129723002766624,True
baseline,stationary,11,SINDy-STLSQ,38.0,0.8662629128354178,0.029001554620612324,True
baseline,stationary,11,SINDy-STLSQ,46.0,0.7520210278381836,0.01886761035629353,True
baseline,stationary,11,SINDy-STLSQ,54.0,0.7139387798639479,-0.016588841487486156,True
baseline,stationary,11,SINDy-STLSQ,62.0,0.7203104638090652,-0.009888812679328784,True
baseline,stationary,11,SINDy-STLSQ,70.0,0.376241285925758,-0.00607626532315847,True
baseline,stationary,11,SINDy-STLSQ,78.0,0.5474168850492565,-0.020788526235991256,True
baseline,stationary,12,Bayesian SINDy (spike-slab),30.0,0.3956193805179822,0.02564829537112359,True
baseline,stationary,12,Bayesian SINDy (spike-slab),38.0,1.4256662028347868,0.04285941604925214,True
baseline,stationary,12,Bayesian SINDy (spike-slab),46.0,1.1329085904088088,0.04238159868323982,True
baseline,stationary,12,Bayesian SINDy (spike-slab),54.0,1.8733292161951351,0.04254112514774941,True
baseline,stationary,12,Bayesian SINDy (spike-slab),62.0,1.259801469210698,0.019344035684319028,True
baseline,stationary,12,Bayesian SINDy (spike-slab),70.0,0.0512113447390905,0.02300034273694146,True
baseline,stationary,12,Bayesian SINDy (spike-slab),78.0,1.831039083390737,0.022822403032011218,True
baseline,stationary,12,Kalman OU,30.0,0.5025232449563348,0.008705825914595983,True
baseline,stationary,12,Kalman OU,38.0,0.8636069772574373,0.028776474597052265,True
baseline,stationary,12,Kalman OU,46.0,0.3751216357923355,0.09335349891585557,True
baseline,stationary,12,Kalman OU,54.0,0.9569478700891749,0.05543190176583476,True
baseline,stationary,12,Kalman OU,62.0,0.9209909175278759,0.004815649201369204,True
baseline,stationary,12,Kalman OU,70.0,0.13018836249767962,0.06320745466116517,True
baseline,stationary,12,Kalman OU,78.0,0.7857912478363818,0.04959012822296402,True
baseline,stationary,12,Latent Neural SDE (VI),30.0,-0.23917675018310547,0.027707111709294407,True
baseline,stationary,12,Latent Neural SDE (VI),38.0,0.7424659729003906,0.06768615897020153,True
baseline,stationary,12,Latent Neural SDE (VI),46.0,1.8065989017486572,0.04447392833322017,True
baseline,stationary,12,Latent Neural SDE (VI),54.0,2.211255669593811,0.022873307651748942,True
baseline,stationary,12,Latent Neural SDE (VI),62.0,1.6141448020935059,0.01646547894344874,True
baseline,stationary,12,Latent Neural SDE (VI),70.0,0.6135883331298828,0.010244203552697728,True
baseline,stationary,12,Latent Neural SDE (VI),78.0,1.949556291103363,0.01697413726713412,True
baseline,stationary,12,Moment OU,30.0,0.18551512345013066,0.03328864994470826,True
baseline,stationary,12,Moment OU,38.0,1.0144081254641932,0.03371249661726655,True
baseline,stationary,12,Moment OU,46.0,1.088732375620951,0.036399611503505125,True
baseline,stationary,12,Moment OU,54.0,1.6146363622676199,0.008314827261262425,True
baseline,stationary,12,Moment OU,62.0,1.2411383835534469,-0.0038969227876185786,True
baseline,stationary,12,Moment OU,70.0,0.8156440941859939,0.015389319671935547,True
baseline,stationary,12,Moment OU,78.0,1.4608444304009782,-0.006356428572777795,True
baseline,stationary,12,Neural SDE (Euler),30.0,-0.09879684448242188,0.028816617390799132,True
baseline,stationary,12,Neural SDE (Euler),38.0,0.7472081184387207,0.07108061839055835,True
baseline,stationary,12,Neural SDE (Euler),46.0,1.8109774589538574,0.042217252204939965,True
baseline,stationary,12,Neural SDE (Euler),54.0,2.1416220664978027,0.02453273581413598,True
baseline,stationary,12,Neural SDE (Euler),62.0,1.6127631664276123,0.0205935640273123,True
baseline,stationary,12,Neural SDE (Euler),70.0,0.6498801708221436,0.013425967112114634,True
baseline,stationary,12,Neural SDE (Euler),78.0,1.9468659162521362,0.024431346175002866,True
baseline,stationary,12,SINDy-STLSQ,30.0,-0.6721777496721466,0.02196714788737361,True
baseline,stationary,12,SINDy-STLSQ,38.0,0.5250673490819475,0.038994319149020296,True
baseline,stationary,12,SINDy-STLSQ,46.0,1.4712952779370192,0.04116167160358755,True
baseline,stationary,12,SINDy-STLSQ,54.0,1.9191293996823062,0.03847816153635619,True
baseline,stationary,12,SINDy-STLSQ,62.0,1.175268208598098,0.017224050433874427,True
baseline,stationary,12,SINDy-STLSQ,70.0,-0.652754896561984,0.015602922609568387,True
baseline,stationary,12,SINDy-STLSQ,78.0,1.3695073940183784,0.018196674927910522,True
baseline,stationary,13,Bayesian SINDy (spike-slab),30.0,0.2642704813712302,-0.0017042582937562,True
baseline,stationary,13,Bayesian SINDy (spike-slab),38.0,2.070659890377791,0.008942578792972528,True
baseline,stationary,13,Bayesian SINDy (spike-slab),46.0,2.1131227698505533,-0.010360105457102309,True
baseline,stationary,13,Bayesian SINDy (spike-slab),54.0,0.32467297877975954,-0.01929114862092829,True
baseline,stationary,13,Bayesian SINDy (spike-slab),62.0,1.2660207901298517,-0.007989860116901115,True
baseline,stationary,13,Bayesian SINDy (spike-slab),70.0,2.237174814056668,-0.0015604775551042172,True
baseline,stationary,13,Bayesian SINDy (spike-slab),78.0,1.1112798199590102,0.017611467679469278,True
baseline,stationary,13,Kalman OU,30.0,-0.014721469363558004,-0.013889245136448458,True
baseline,stationary,13,Kalman OU,38.0,1.788639593333944,-0.04790943909289638,True
baseline,stationary,13,Kalman OU,46.0,2.0098962844918598,-0.07994260559594196,True
baseline,stationary,13,Kalman OU,54.0,0.0707123134951595,-0.03715173650618517,True
baseline,stationary,13,Kalman OU,62.0,1.2786751117172086,-0.05080343262433809,True
baseline,stationary,13,Kalman OU,70.0,1.9914360376802036,-0.06268132126238543,True
baseline,stationary,13,Kalman OU,78.0,1.1070960378592045,-0.015164641465936546,True
baseline,stationary,13,Latent Neural SDE (VI),30.0,-0.1580214500427246,0.003138184229062979,True
baseline,stationary,13,Latent Neural SDE (VI),38.0,0.7267502546310425,-0.01319484788306316,True
baseline,stationary,13,Latent Neural SDE (VI),46.0,1.1507558822631836,-0.038194479282674304,True
baseline,stationary,13,Latent Neural SDE (VI),54.0,0.15420079231262207,-0.015926165137374715,True
baseline,stationary,13,Latent Neural SDE (VI),62.0,1.1430968046188354,-0.00039120901669731367,True
baseline,stationary,13,Latent Neural SDE (VI),70.0,1.1553730964660645,-0.01859973470038115,True
baseline,stationary,13,Latent Neural SDE (VI),78.0,1.0087177753448486,0.011314557071632952,True
baseline,stationary,13,Moment OU,30.0,0.42151353547872716,-0.029601732674043008,True
baseline,stationary,13,Moment OU,38.0,2.006298690754294,-0.057534109998611055,True
baseline,stationary,13,Moment OU,46.0,2.203221385254273,-0.0847191560028151,True
baseline,stationary,13,Moment OU,54.0,0.52637247390191,-0.053978657648472234,True
baseline,stationary,13,Moment OU,62.0,1.554969615687264,-0.062400157656051475,True
baseline,stationary,13,Moment OU,70.0,1.9213135771566305,-0.053069596313004674,True
baseline,stationary,13,Moment OU,78.0,1.3607864896070165,-0.02452466814936219,True
baseline,stationary,13,Neural SDE (Euler),30.0,-0.2553219795227051,0.006686614578185035,True
baseline,stationary,13,Neural SDE (Euler),38.0,0.5918207168579102,-0.006457379048810441,True
baseline,stationary,13,Neural SDE (Euler),46.0,1.0417360067367554,-0.033552626802369395,True
baseline,stationary,13,Neural SDE (Euler),54.0,0.039931297302246094,-0.014862384985953936,True
baseline,stationary,13,Neural SDE (Euler),62.0,0.9581630229949951,0.0006290117155741126,True
baseline,stationary,13,Neural SDE (Euler),70.0,0.8984602689743042,-0.017305903373583065,True
baseline,stationary,13,Neural SDE (Euler),78.0,0.8169112205505371,0.01061091624750804,True
baseline,stationary,13,SINDy-STLSQ,30.0,-0.075872669474363,-0.0012519856956564324,True
baseline,stationary,13,SINDy-STLSQ,38.0,1.4115079127497823,0.004256585455848422,True
baseline,stationary,13,SINDy-STLSQ,46.0,1.4139462893092478,-0.014682581847216825,True
baseline,stationary,13,SINDy-STLSQ,54.0,0.6268626692565027,-0.01878714339215934,True
baseline,stationary,13,SINDy-STLSQ,62.0,1.0050909255297458,-0.00890781073148611,True
baseline,stationary,13,SINDy-STLSQ,70.0,1.2926498091458827,-0.007439315816375691,True
baseline,stationary,13,SINDy-STLSQ,78.0,1.16716676985358,0.017945910114462088,True
baseline,stationary,14,Bayesian SINDy (spike-slab),30.0,0.6903784117940917,0.014353917452428644,True
baseline,stationary,14,Bayesian SINDy (spike-slab),38.0,0.7983609993007063,-0.009396355544370683,True
baseline,stationary,14,Bayesian SINDy (spike-slab),46.0,0.6948557835876777,0.00981876774305901,True
baseline,stationary,14,Bayesian SINDy (spike-slab),54.0,-0.02639292675691518,-0.007536619787968185,True
baseline,stationary,14,Bayesian SINDy (spike-slab),62.0,-0.15558939900435664,-0.02342594270701298,True
baseline,stationary,14,Bayesian SINDy (spike-slab),70.0,0.12475707250905477,-0.00740995643065348,True
baseline,stationary,14,Bayesian SINDy (spike-slab),78.0,0.9606257540126498,0.004581930034926268,True
baseline,stationary,14,Kalman OU,30.0,0.9541294436241505,-0.04456840084812477,True
baseline,stationary,14,Kalman OU,38.0,1.0833991417137367,-0.07521296572426961,True
baseline,stationary,14,Kalman OU,46.0,0.8227451863948858,-0.006081231430625583,True
baseline,stationary,14,Kalman OU,54.0,0.3384388106461209,-0.03555587582377398,True
baseline,stationary,14,Kalman OU,62.0,1.0044362528106028,-0.11442087566838499,True
baseline,stationary,14,Kalman OU,70.0,1.2498655430881955,-0.1125180667790445,True
baseline,stationary,14,Kalman OU,78.0,1.4485977012728042,-0.0902167195436537,True
baseline,stationary,14,Latent Neural SDE (VI),30.0,-0.6515020132064819,0.009008364385855283,True
baseline,stationary,14,Latent Neural SDE (VI),38.0,0.6213744282722473,-0.016760148884598675,True
baseline,stationary,14,Latent Neural SDE (VI),46.0,0.07108724117279053,0.04723704093280187,True
baseline,stationary,14,Latent Neural SDE (VI),54.0,-1.0646015405654907,-0.01865139344715455,True
baseline,stationary,14,Latent Neural SDE (VI),62.0,-0.8172601461410522,-0.06553689873892302,True
baseline,stationary,14,Latent Neural SDE (VI),70.0,-1.40450918674469,-0.021407181797629016,True
baseline,stationary,14,Latent Neural SDE (VI),78.0,0.42394113540649414,-0.006159920230595084,True
baseline,stationary,14,Moment OU,30.0,0.4017086661055391,0.005851975299445172,True
baseline,stationary,14,Moment OU,38.0,0.7279695646914628,-0.0366887317128437,True
baseline,stationary,14,Moment OU,46.0,0.6518777821477835,0.0012698457180686795,True
baseline,stationary,14,Moment OU,54.0,0.11967792513369324,-0.01489451461923988,True
baseline,stationary,14,Moment OU,62.0,0.02716158150261938,-0.030801240247940148,True
baseline,stationary,14,Moment OU,70.0,0.23619792979484333,-0.01662755833647564,True
baseline,stationary,14,Moment OU,78.0,0.8545456407181705,-0.01643265119717499,True
baseline,stationary,14,Neural SDE (Euler),30.0,-0.39760148525238037,0.005624128961412678,True
baseline,stationary,14,Neural SDE (Euler),38.0,0.6177792549133301,-0.01411527474305277,True
baseline,stationary,14,Neural SDE (Euler),46.0,0.13557422161102295,0.047288764861334265,True
baseline,stationary,14,Neural SDE (Euler),54.0,-0.8344992399215698,-0.020756069410380495,True
baseline,stationary,14,Neural SDE (Euler),62.0,-0.8301361799240112,-0.08242007145755179,True
baseline,stationary,14,Neural SDE (Euler),70.0,-1.411584496498108,-0.02142867288073097,True
baseline,stationary,14,Neural SDE (Euler),78.0,0.3992542028427124,-0.005114500242999587,True
baseline,stationary,14,SINDy-STLSQ,30.0,0.03526453086733139,0.011537129216509928,True
baseline,stationary,14,SINDy-STLSQ,38.0,0.11774333269952719,-0.012070776491075713,True
baseline,stationary,14,SINDy-STLSQ,46.0,0.4084098267631685,0.00937292445406726,True
baseline,stationary,14,SINDy-STLSQ,54.0,-0.8633958900965719,-0.01242443793361575,True
baseline,stationary,14,SINDy-STLSQ,62.0,-0.47300437985415034,-0.023268082227703046,True
baseline,stationary,14,SINDy-STLSQ,70.0,0.10618149285472889,-0.00820870588753958,True
baseline,stationary,14,SINDy-STLSQ,78.0,0.378601732515498,0.0010357417187571716,True
baseline,stationary,15,Bayesian SINDy (spike-slab),30.0,0.2909009414698693,0.018755106252403925,True
baseline,stationary,15,Bayesian SINDy (spike-slab),38.0,0.21349958799887364,-0.01117157823873452,True
baseline,stationary,15,Bayesian SINDy (spike-slab),46.0,-0.2334027120429889,0.007193438586965112,True
baseline,stationary,15,Bayesian SINDy (spike-slab),54.0,-0.0077568193847996625,0.034424513966794995,True
baseline,stationary,15,Bayesian SINDy (spike-slab),62.0,0.3368503779894226,0.029434419950533447,True
baseline,stationary,15,Bayesian SINDy (spike-slab),70.0,-0.34349847061347893,0.006908223735899305,True
baseline,stationary,15,Bayesian SINDy (spike-slab),78.0,0.17782561039337363,0.018038623329492576,True
baseline,stationary,15,Kalman OU,30.0,-0.15470166750588588,0.04454817100883471,True
baseline,stationary,15,Kalman OU,38.0,0.22659547410244596,0.012660964159709798,True
baseline,stationary,15,Kalman OU,46.0,-0.6356248835203332,0.04302388558646364,True
baseline,stationary,15,Kalman OU,54.0,-0.46489461055304593,0.0679159680246055,True
baseline,stationary,15,Kalman OU,62.0,-0.1009709614526767,0.055457025531082865,True
baseline,stationary,15,Kalman OU,70.0,-0.6280852003347842,0.04537779919060311,True
baseline,stationary,15,Kalman OU,78.0,-0.21888478231752762,0.04722422331383988,True
baseline,stationary,15,Latent Neural SDE (VI),30.0,-0.04003095626831055,0.03776928583694761,True
baseline,stationary,15,Latent Neural SDE (VI),38.0,-0.3997018337249756,-0.029498044117437006,True
baseline,stationary,15,Latent Neural SDE (VI),46.0,-1.2132068872451782,0.008614930536691295,True
baseline,stationary,15,Latent Neural SDE (VI),54.0,-0.7589768171310425,0.05969552277503343,True
baseline,stationary,15,Latent Neural SDE (VI),62.0,-0.7251091003417969,0.037704716120527976,True
baseline,stationary,15,Latent Neural SDE (VI),70.0,-0.625560998916626,0.015765968125864255,True
baseline,stationary,15,Latent Neural SDE (VI),78.0,0.2647421956062317,-0.029044817999626327,True
baseline,stationary,15,Moment OU,30.0,0.18528715124854156,0.007589179493252496,True
baseline,stationary,15,Moment OU,38.0,0.3032812059441671,-0.004532131642610848,True
baseline,stationary,15,Moment OU,46.0,-0.2956709036177907,0.008414379580016007,True
baseline,stationary,15,Moment OU,54.0,-0.08754874195121332,0.030702665163982068,True
baseline,stationary,15,Moment OU,62.0,0.1291886916956907,0.027290805218370934,True
baseline,stationary,15,Moment OU,70.0,-0.248487427447875,0.008701037779614673,True
baseline,stationary,15,Moment OU,78.0,0.10548606326626209,0.012018871587782642,True
baseline,stationary,15,Neural SDE (Euler),30.0,-0.09510254859924316,0.03673017272723597,True
baseline,stationary,15,Neural SDE (Euler),38.0,-0.3907773494720459,-0.021764024064833493,True
baseline,stationary,15,Neural SDE (Euler),46.0,-1.118774652481079,0.005653909493570586,True
baseline,stationary,15,Neural SDE (Euler),54.0,-0.6551945209503174,0.06713637038154885,True
baseline,stationary,15,Neural SDE (Euler),62.0,-0.5813767910003662,0.04177505217306704,True
baseline,stationary,15,Neural SDE (Euler),70.0,-0.545086145401001,0.012888948737876299,True
baseline,stationary,15,Neural SDE (Euler),78.0,0.2175520658493042,-0.028102169523192527,True
baseline,stationary,15,SINDy-STLSQ,30.0,0.35887945688096456,0.01664411730736201,True
baseline,stationary,15,SINDy-STLSQ,38.0,0.013430895866034853,-0.012932702586680028,True
baseline,stationary,15,SINDy-STLSQ,46.0,-1.0325482727935333,0.006652443610386444,True
baseline,stationary,15,SINDy-STLSQ,54.0,-0.46532715763101506,0.03201928287698319,True
baseline,stationary,15,SINDy-STLSQ,62.0,-0.4930476364020472,0.025395858927647535,True
baseline,stationary,15,SINDy-STLSQ,70.0,-0.5343678810169664,0.008859478479551958,True
baseline,stationary,15,SINDy-STLSQ,78.0,-0.22308482542954888,0.014866961697737602,True
baseline,stationary,16,Bayesian SINDy (spike-slab),30.0,0.09494830403103749,0.009430548562843644,True
baseline,stationary,16,Bayesian SINDy (spike-slab),38.0,-0.47968707096828833,0.015684492932349997,True
baseline,stationary,16,Bayesian SINDy (spike-slab),46.0,-0.35602271604803315,0.012693708347502997,True
baseline,stationary,16,Bayesian SINDy (spike-slab),54.0,0.31972948679172686,-0.0041500573525427575,True
baseline,stationary,16,Bayesian SINDy (spike-slab),62.0,1.125797383941459,0.015443482897640776,True
baseline,stationary,16,Bayesian SINDy (spike-slab),70.0,1.0067800500675814,0.019957724648472758,True
baseline,stationary,16,Bayesian SINDy (spike-slab),78.0,0.5670256042372062,0.008863779603698219,True
baseline,stationary,16,Kalman OU,30.0,0.06795695275914215,0.009252101664777634,True
baseline,stationary,16,Kalman OU,38.0,-0.6779544903309427,0.032315586611888436,True
baseline,stationary,16,Kalman OU,46.0,-0.3371041588623309,0.025870187214249774,True
baseline,stationary,16,Kalman OU,54.0,0.6975583835102832,-0.04531341774542988,True
baseline,stationary,16,Kalman OU,62.0,1.3083313812389394,-0.06003309696398504,True
baseline,stationary,16,Kalman OU,70.0,1.6948699590177383,-0.10923464168809234,True
baseline,stationary,16,Kalman OU,78.0,1.1396861179336493,-0.07279484412643578,True
baseline,stationary,16,Latent Neural SDE (VI),30.0,0.5120172500610352,0.014137967183544875,True
baseline,stationary,16,Latent Neural SDE (VI),38.0,-0.1011662483215332,0.03730191992530821,True
baseline,stationary,16,Latent Neural SDE (VI),46.0,0.2618863582611084,0.01906517937785865,True
baseline,stationary,16,Latent Neural SDE (VI),54.0,1.7127737998962402,0.024576970859924524,True
baseline,stationary,16,Latent Neural SDE (VI),62.0,2.2279357314109802,0.01354904315576666,True
baseline,stationary,16,Latent Neural SDE (VI),70.0,2.4447243213653564,-0.006173323011352622,True
baseline,stationary,16,Latent Neural SDE (VI),78.0,1.9752755165100098,0.016090619534445016,True
baseline,stationary,16,Moment OU,30.0,0.03266927260157271,0.010802176727624041,True
baseline,stationary,16,Moment OU,38.0,-0.6414140383069515,0.03248376879544365,True
baseline,stationary,16,Moment OU,46.0,-0.43892511460586947,0.03106350576624292,True
baseline,stationary,16,Moment OU,54.0,0.1132575492975596,-0.002680979648106485,True
baseline,stationary,16,Moment OU,62.0,0.6740092062010344,0.005543899426130955,True
baseline,stationary,16,Moment OU,70.0,1.0732157201171975,-0.00037133916772799647,True
baseline,stationary,16,Moment OU,78.0,0.4293150948906683,-0.001662211143041159,True
baseline,stationary,16,Neural SDE (Euler),30.0,0.6741511821746826,0.009452444981835673,True
baseline,stationary,16,Neural SDE (Euler),38.0,-0.0726621150970459,0.042415262658189484,True
baseline,stationary,16,Neural SDE (Euler),46.0,0.3724658489227295,0.01888606024350903,True
baseline,stationary,16,Neural SDE (Euler),54.0,1.6665301322937012,0.026657529686379522,True
baseline,stationary,16,Neural SDE (Euler),62.0,2.202627718448639,0.03747655884337056,True
baseline,stationary,16,Neural SDE (Euler),70.0,2.358117163181305,0.008290329750877373,True
baseline,stationary,16,Neural SDE (Euler),78.0,1.9194045066833496,0.02471509197314148,True
baseline,stationary,16,SINDy-STLSQ,30.0,0.37012265913811726,0.010642009207186193,True
baseline,stationary,16,SINDy-STLSQ,38.0,0.2365760006761488,0.017986715282095306,True
baseline,stationary,16,SINDy-STLSQ,46.0,0.6211802317639366,0.01584334445794991,True
baseline,stationary,16,SINDy-STLSQ,54.0,1.3428998973696171,-0.0034328645942376113,True
baseline,stationary,16,SINDy-STLSQ,62.0,1.9238684813048266,0.01188088648964794,True
baseline,stationary,16,SINDy-STLSQ,70.0,0.03278589155097311,0.007865421202873923,True
baseline,stationary,16,SINDy-STLSQ,78.0,1.6190791669822189,0.005697398432421036,True
baseline,stationary,17,Bayesian SINDy (spike-slab),30.0,0.0552507509100513,-0.017710187183530207,True
baseline,stationary,17,Bayesian SINDy (spike-slab),38.0,-0.06319341027372058,-0.015985057211827886,True
baseline,stationary,17,Bayesian SINDy (spike-slab),46.0,0.0003495369228123102,-0.010801599854027732,True
baseline,stationary,17,Bayesian SINDy (spike-slab),54.0,-0.15969443828225943,-0.0057941322230822545,True
baseline,stationary,17,Bayesian SINDy (spike-slab),62.0,-0.11040749655663773,-0.003886572186725057,True
baseline,stationary,17,Bayesian SINDy (spike-slab),70.0,-0.0843383776043991,0.011017404469346959,True
baseline,stationary,17,Bayesian SINDy (spike-slab),78.0,-1.4923939017924985,-0.0016151047597593449,True
baseline,stationary,17,Kalman OU,30.0,0.2694219789585183,-0.023682249964885882,True
baseline,stationary,17,Kalman OU,38.0,0.2159363669551323,-0.03369376217906997,True
baseline,stationary,17,Kalman OU,46.0,0.19320466315748341,-0.030281582410318503,True
baseline,stationary,17,Kalman OU,54.0,0.23826890942492884,-0.05611858418477372,True
baseline,stationary,17,Kalman OU,62.0,0.19353894442007136,-0.008830264420575773,True
baseline,stationary,17,Kalman OU,70.0,0.14346980565270362,-0.02736898126222373,True
baseline,stationary,17,Kalman OU,78.0,-0.18023192567054191,-0.07300368991255973,True
baseline,stationary,17,Latent Neural SDE (VI),30.0,-0.2702130079269409,-0.04824395265068801,True
baseline,stationary,17,Latent Neural SDE (VI),38.0,0.07876509428024292,-0.04784326295420163,True
baseline,stationary,17,Latent Neural SDE (VI),46.0,0.21716156601905823,-0.04001875541486691,True
baseline,stationary,17,Latent Neural SDE (VI),54.0,0.2632337212562561,-0.052577052923508255,True
baseline,stationary,17,Latent Neural SDE (VI),62.0,-0.01906818151473999,-0.06862885042701042,True
baseline,stationary,17,Latent Neural SDE (VI),70.0,-0.23135483264923096,-0.03944158070508849,True
baseline,stationary,17,Latent Neural SDE (VI),78.0,-2.563844084739685,-0.04425862625587432,True
baseline,stationary,17,Moment OU,30.0,0.20178506552950087,-0.018459671616767953,True
baseline,stationary,17,Moment OU,38.0,0.15856338829088995,-0.022931904626998317,True
baseline,stationary,17,Moment OU,46.0,0.11310914473934308,-0.015742046745372024,True
baseline,stationary,17,Moment OU,54.0,0.00906779754959075,-0.010233052605514326,True
baseline,stationary,17,Moment OU,62.0,0.14148619402352297,-0.002186864918503978,True
baseline,stationary,17,Moment OU,70.0,-0.12000498319394004,0.01607604865359677,True
baseline,stationary,17,Moment OU,78.0,-1.268140884158622,0.03018108122389912,True
baseline,stationary,17,Neural SDE (Euler),30.0,-0.27231383323669434,-0.031067593797132004,True
baseline,stationary,17,Neural SDE (Euler),38.0,0.07649970054626465,-0.025773387755505556,True
baseline,stationary,17,Neural SDE (Euler),46.0,0.28805840015411377,-0.024892506822635108,True
baseline,stationary,17,Neural SDE (Euler),54.0,-0.043408751487731934,-0.036628279206066816,True
baseline,stationary,17,Neural SDE (Euler),62.0,0.035434722900390625,-0.06608681127559701,True
baseline,stationary,17,Neural SDE (Euler),70.0,-0.2413843870162964,-0.026112484056955487,True
baseline,stationary,17,Neural SDE (Euler),78.0,-2.5416740775108337,-0.03318834614883981,True
baseline,stationary,17,SINDy-STLSQ,30.0,-1.5831463182676426,-0.02594667497066458,True
baseline,stationary,17,SINDy-STLSQ,38.0,0.10010315062945752,-0.02079456435485663,True
baseline,stationary,17,SINDy-STLSQ,46.0,0.4452598026611122,-0.013930162491465836,True
baseline,stationary,17,SINDy-STLSQ,54.0,-0.22714186203194198,-0.009422441656261354,True
baseline,stationary,17,SINDy-STLSQ,62.0,-1.1387575646573094,-0.01375516297903831,True
baseline,stationary,17,SINDy-STLSQ,70.0,-0.018823804281172474,0.006306353154365868,True
baseline,stationary,17,SINDy-STLSQ,78.0,-1.4621356601862785,-0.001435733418623908,True
baseline,stationary,18,Bayesian SINDy (spike-slab),30.0,0.47450334276221817,0.005185499984798808,True
baseline,stationary,18,Bayesian SINDy (spike-slab),38.0,0.49487675945535103,0.0012942579343007965,True
baseline,stationary,18,Bayesian SINDy (spike-slab),46.0,-0.5795527683499097,0.009891657817939326,True
baseline,stationary,18,Bayesian SINDy (spike-slab),54.0,0.6150155765969016,0.004367847362232419,True
baseline,stationary,18,Bayesian SINDy (spike-slab),62.0,0.655213076772643,-0.01133868705637911,True
baseline,stationary,18,Bayesian SINDy (spike-slab),70.0,-0.41805590458808106,-0.012689946927743168,True
baseline,stationary,18,Bayesian SINDy (spike-slab),78.0,-0.5797677865104701,-0.03512863959074525,True
baseline,stationary,18,Kalman OU,30.0,0.13653975691847064,0.013808522943299012,True
baseline,stationary,18,Kalman OU,38.0,0.20285136817390237,0.02786762407398663,True
baseline,stationary,18,Kalman OU,46.0,0.004630554281014221,-0.014368045616594965,True
baseline,stationary,18,Kalman OU,54.0,0.29705264333087994,0.012320101345390383,True
baseline,stationary,18,Kalman OU,62.0,0.23857411017817043,0.03071694119129989,True
baseline,stationary,18,Kalman OU,70.0,-0.5474178259677696,0.03274453171422323,True
baseline,stationary,18,Kalman OU,78.0,-1.3807545902098233,0.059519523897277465,True
baseline,stationary,18,Latent Neural SDE (VI),30.0,-0.4385843276977539,-0.03034533524057262,True
baseline,stationary,18,Latent Neural SDE (VI),38.0,1.3419711589813232,-0.00014760564322149894,True
baseline,stationary,18,Latent Neural SDE (VI),46.0,1.0267398357391357,0.012301691155282929,True
baseline,stationary,18,Latent Neural SDE (VI),54.0,1.9196115136146545,-0.03698655692683439,True
baseline,stationary,18,Latent Neural SDE (VI),62.0,1.804742455482483,-0.058563822912035074,True
baseline,stationary,18,Latent Neural SDE (VI),70.0,1.287672996520996,-0.022110637752825818,True
baseline,stationary,18,Latent Neural SDE (VI),78.0,1.014275074005127,-0.01793306152895477,True
baseline,stationary,18,Moment OU,30.0,0.3873221684989786,-0.00587515919194645,True
baseline,stationary,18,Moment OU,38.0,0.22028070458161997,0.02078000682413428,True
baseline,stationary,18,Moment OU,46.0,-0.4885710408098465,0.031213348500710808,True
baseline,stationary,18,Moment OU,54.0,0.5693381731097735,-0.005776491971641318,True
baseline,stationary,18,Moment OU,62.0,0.6847933792188238,-0.026308402923244406,True
baseline,stationary,18,Moment OU,70.0,-0.22941866713279713,-0.008918313737225236,True
baseline,stationary,18,Moment OU,78.0,-0.7106422619829322,-0.016242581568207348,True
baseline,stationary,18,Neural SDE (Euler),30.0,-0.5432803630828857,-0.06740701993077716,True
baseline,stationary,18,Neural SDE (Euler),38.0,1.4950848817825317,-0.007399005973667966,True
baseline,stationary,18,Neural SDE (Euler),46.0,1.0750293731689453,0.009996618670282148,True
baseline,stationary,18,Neural SDE (Euler),54.0,1.9733476638793945,-0.04187019052234134,True
baseline,stationary,18,Neural SDE (Euler),62.0,1.8794886469841003,-0.04785287756877901,True
baseline,stationary,18,Neural SDE (Euler),70.0,1.3660845756530762,-0.02138405250726655,True
baseline,stationary,18,Neural SDE (Euler),78.0,1.1181824207305908,-0.020416444878345263,True
baseline,stationary,18,SINDy-STLSQ,30.0,0.633277139622487,0.0031346861213381594,True
baseline,stationary,18,SINDy-STLSQ,38.0,0.9469152859778407,0.002060303667768437,True
baseline,stationary,18,SINDy-STLSQ,46.0,0.9812185430776771,0.013914486833781242,True
baseline,stationary,18,SINDy-STLSQ,54.0,1.0790412916850671,0.00494192365104143,True
baseline,stationary,18,SINDy-STLSQ,62.0,0.5295768327881256,-0.015323742812432234,True
baseline,stationary,18,SINDy-STLSQ,70.0,0.17789782472416915,-0.01481164371318594,True
baseline,stationary,18,SINDy-STLSQ,78.0,0.8831231496107541,-0.029621060386970183,True
baseline,stationary,19,Bayesian SINDy (spike-slab),30.0,0.44190269343595046,-0.007205640868861329,True
baseline,stationary,19,Bayesian SINDy (spike-slab),38.0,-1.0711414944347093,-0.014691249530707134,True
baseline,stationary,19,Bayesian SINDy (spike-slab),46.0,-0.1250656326886308,-0.003816795976804399,True
baseline,stationary,19,Bayesian SINDy (spike-slab),54.0,-0.39117993269523366,-0.010760519665692775,True
baseline,stationary,19,Bayesian SINDy (spike-slab),62.0,0.011155353930943468,-0.013618267291799158,True
baseline,stationary,19,Bayesian SINDy (spike-slab),70.0,0.2547077057895745,-0.0009569901231633038,True
baseline,stationary,19,Bayesian SINDy (spike-slab),78.0,0.19932096308621516,-0.017978984879462978,True
baseline,stationary,19,Kalman OU,30.0,0.4401233048806802,-0.033358244262475606,True
baseline,stationary,19,Kalman OU,38.0,-1.2248596295395089,0.028645258390246897,True
baseline,stationary,19,Kalman OU,46.0,0.18136132323235243,-0.009768067363193689,True
baseline,stationary,19,Kalman OU,54.0,-0.47639704304470376,0.015023201355777394,True
baseline,stationary,19,Kalman OU,62.0,-0.16465040396079167,0.004543459638304381,True
baseline,stationary,19,Kalman OU,70.0,-0.07859084051552889,0.013000255940932903,True
baseline,stationary,19,Kalman OU,78.0,0.1080507758321646,-0.004117849205700019,True
baseline,stationary,19,Latent Neural SDE (VI),30.0,-0.1198011040687561,-0.005319496533372048,True
baseline,stationary,19,Latent Neural SDE (VI),38.0,-1.6895580887794495,0.001223102167670298,True
baseline,stationary,19,Latent Neural SDE (VI),46.0,-0.28834766149520874,0.03197530927605102,True
baseline,stationary,19,Latent Neural SDE (VI),54.0,-1.3656304478645325,0.01657779400045123,True
baseline,stationary,19,Latent Neural SDE (VI),62.0,-0.17534607648849487,0.02507961095429584,True
baseline,stationary,19,Latent Neural SDE (VI),70.0,-0.07124406099319458,0.00368174508363156,True
baseline,stationary,19,Latent Neural SDE (VI),78.0,-0.07355302572250366,-0.04854911701006201,True
baseline,stationary,19,Moment OU,30.0,0.12938186227864013,-0.0008212622716491924,True
baseline,stationary,19,Moment OU,38.0,-0.9567714164736555,0.006031100946268408,True
baseline,stationary,19,Moment OU,46.0,-0.1221909340189472,0.013594106065872358,True
baseline,stationary,19,Moment OU,54.0,-0.39726833303457576,3.860479616935031e-05,True
baseline,stationary,19,Moment OU,62.0,-0.011645490848717244,-0.015955126627559185,True
baseline,stationary,19,Moment OU,70.0,0.08356994148067776,-0.008706208849956293,True
baseline,stationary,19,Moment OU,78.0,0.07444062034323096,-0.012761677656941,True
baseline,stationary,19,Neural SDE (Euler),30.0,-0.07244455814361572,0.00990787426578657,True
baseline,stationary,19,Neural SDE (Euler),38.0,-1.5192984342575073,0.0157361711863733,True
baseline,stationary,19,Neural SDE (Euler),46.0,-0.3370622396469116,0.04820168539994621,True
baseline,stationary,19,Neural SDE (Euler),54.0,-1.248400330543518,0.03342275724883692,True
baseline,stationary,19,Neural SDE (Euler),62.0,-0.11013686656951904,0.04374387276298988,True
baseline,stationary,19,Neural SDE (Euler),70.0,-0.005597114562988281,0.01965508818005307,True
baseline,stationary,19,Neural SDE (Euler),78.0,-0.01231229305267334,-0.03949610631922007,True
baseline,stationary,19,SINDy-STLSQ,30.0,-1.375590290748662,-0.01212857428125938,True
baseline,stationary,19,SINDy-STLSQ,38.0,-1.5099834780072139,-0.011733870111421046,True
baseline,stationary,19,SINDy-STLSQ,46.0,-0.8972330490144385,-0.004661128456240782,True
baseline,stationary,19,SINDy-STLSQ,54.0,-0.9945449123044008,-0.011271075005335363,True
baseline,stationary,19,SINDy-STLSQ,62.0,-0.36534202784990844,-0.014500697573368276,True
baseline,stationary,19,SINDy-STLSQ,70.0,-0.3131531056178307,-0.002849016258834547,True
baseline,stationary,19,SINDy-STLSQ,78.0,-0.3591841661746755,-0.018833928780804143,True
baseline,stationary,20,Bayesian SINDy (spike-slab),30.0,0.12991962085926084,0.019839805367848518,True
baseline,stationary,20,Bayesian SINDy (spike-slab),38.0,0.26050857081601353,0.01610835760726534,True
baseline,stationary,20,Bayesian SINDy (spike-slab),46.0,-0.23033202738917985,0.01566896375700083,True
baseline,stationary,20,Bayesian SINDy (spike-slab),54.0,-1.0080403397066489,-0.0063338755885591624,True
baseline,stationary,20,Bayesian SINDy (spike-slab),62.0,-0.6792503459576136,-0.012187786783123933,True
baseline,stationary,20,Bayesian SINDy (spike-slab),70.0,-1.5868877706171953,-0.004696474913695653,True
baseline,stationary,20,Bayesian SINDy (spike-slab),78.0,-0.6229924490090673,-0.016280065602064436,True
baseline,stationary,20,Kalman OU,30.0,0.23661905767987979,0.004193440775657864,True
baseline,stationary,20,Kalman OU,38.0,0.31017518691324064,0.010296413717967301,True
baseline,stationary,20,Kalman OU,46.0,0.36803401375624556,-0.03933723709804163,True
baseline,stationary,20,Kalman OU,54.0,-0.43515771708060924,-0.011807458277421357,True
baseline,stationary,20,Kalman OU,62.0,-0.5907017030515119,0.011802079894910389,True
baseline,stationary,20,Kalman OU,70.0,-1.336243572039192,0.015133784102269093,True
baseline,stationary,20,Kalman OU,78.0,0.005374831830596505,-0.04599254145203749,True
baseline,stationary,20,Latent Neural SDE (VI),30.0,0.052744269371032715,0.015131532393149627,True
baseline,stationary,20,Latent Neural SDE (VI),38.0,0.9016476273536682,0.001983611499976029,True
baseline,stationary,20,Latent Neural SDE (VI),46.0,0.4483538866043091,-0.020782860917697238,True
baseline,stationary,20,Latent Neural SDE (VI),54.0,0.024277329444885254,-0.009842717230647141,True
baseline,stationary,20,Latent Neural SDE (VI),62.0,0.29940176010131836,-0.016702381051153486,True
baseline,stationary,20,Latent Neural SDE (VI),70.0,-0.42797231674194336,-0.01812375683985068,True
baseline,stationary,20,Latent Neural SDE (VI),78.0,-0.3045309782028198,-0.012572371787671066,True
baseline,stationary,20,Moment OU,30.0,0.17489911919693824,0.01880242306080046,True
baseline,stationary,20,Moment OU,38.0,0.3481889517544634,0.008739214464112577,True
baseline,stationary,20,Moment OU,46.0,0.016646584682307286,0.018079614122256338,True
baseline,stationary,20,Moment OU,54.0,-0.5270230391032288,0.0036401930172225427,True
baseline,stationary,20,Moment OU,62.0,-0.4286887172181141,-0.001223245567112341,True
baseline,stationary,20,Moment OU,70.0,-1.441986849956514,0.027718257850138983,True
baseline,stationary,20,Moment OU,78.0,-0.2453196562634551,-0.014980609443678128,True
baseline,stationary,20,Neural SDE (Euler),30.0,0.01470935344696045,0.013101632597122742,True
baseline,stationary,20,Neural SDE (Euler),38.0,0.8073871731758118,-0.004650516444486441,True
baseline,stationary,20,Neural SDE (Euler),46.0,0.3371150493621826,-0.026633742427239787,True
baseline,stationary,20,Neural SDE (Euler),54.0,-0.09536075592041016,-0.01934346775766399,True
baseline,stationary,20,Neural SDE (Euler),62.0,0.011388897895812988,-0.02209258113886023,True
baseline,stationary,20,Neural SDE (Euler),70.0,-0.5140613317489624,-0.025450409821871633,True
baseline,stationary,20,Neural SDE (Euler),78.0,-0.40202319622039795,-0.016861615722422396,True
baseline,stationary,20,SINDy-STLSQ,30.0,0.12373108484354645,0.022444561184860462,True
baseline,stationary,20,SINDy-STLSQ,38.0,1.0208642905589675,0.019883881261833963,True
baseline,stationary,20,SINDy-STLSQ,46.0,0.44144667481278377,0.017826239099653335,True
baseline,stationary,20,SINDy-STLSQ,54.0,-0.11428280860503293,0.001042047295413795,True
baseline,stationary,20,SINDy-STLSQ,62.0,0.675825759395839,-0.007261506585287708,True
baseline,stationary,20,SINDy-STLSQ,70.0,0.08593574572645002,0.0013993896905057368,True
baseline,stationary,20,SINDy-STLSQ,78.0,-0.634089907841134,-0.013636197151417784,True
baseline,stationary,21,Bayesian SINDy (spike-slab),30.0,-0.39855668110590525,0.013019550877515107,True
baseline,stationary,21,Bayesian SINDy (spike-slab),38.0,0.13284245236482717,0.007948437000906944,True
baseline,stationary,21,Bayesian SINDy (spike-slab),46.0,-0.2598725217055289,-0.003804730321073979,True
baseline,stationary,21,Bayesian SINDy (spike-slab),54.0,-0.5998271650293097,-0.006833154802056568,True
baseline,stationary,21,Bayesian SINDy (spike-slab),62.0,0.10499441684144595,0.011568679921950403,True
baseline,stationary,21,Bayesian SINDy (spike-slab),70.0,0.4243853138075827,0.011463446483007622,True
baseline,stationary,21,Bayesian SINDy (spike-slab),78.0,0.17115734207117356,0.012172698186669328,True
baseline,stationary,21,Kalman OU,30.0,-0.18135362534502897,0.013160893061523737,True
baseline,stationary,21,Kalman OU,38.0,0.2683559952061745,0.005219040915685341,True
baseline,stationary,21,Kalman OU,46.0,0.323536092828416,-0.02790994609787198,True
baseline,stationary,21,Kalman OU,54.0,0.4589122826097626,-0.06402327903108115,True
baseline,stationary,21,Kalman OU,62.0,0.16173324661072241,0.00684334514784446,True
baseline,stationary,21,Kalman OU,70.0,0.48302088042278424,0.002837404817872091,True
baseline,stationary,21,Kalman OU,78.0,0.4563692276318597,-0.03343088442144479,True
baseline,stationary,21,Latent Neural SDE (VI),30.0,-0.22719520330429077,0.007967374865947757,True
baseline,stationary,21,Latent Neural SDE (VI),38.0,0.16674023866653442,0.001921161634766494,True
baseline,stationary,21,Latent Neural SDE (VI),46.0,-0.40590816736221313,-0.008314969194404248,True
baseline,stationary,21,Latent Neural SDE (VI),54.0,-0.177548348903656,-0.00299929199930013,True
baseline,stationary,21,Latent Neural SDE (VI),62.0,-0.6540748476982117,0.011795229646715116,True
baseline,stationary,21,Latent Neural SDE (VI),70.0,0.27132922410964966,0.0409459811164293,True
baseline,stationary,21,Latent Neural SDE (VI),78.0,-0.6387779116630554,0.007662052736863406,True
baseline,stationary,21,Moment OU,30.0,-0.2042287522630759,0.02056763245428353,True
baseline,stationary,21,Moment OU,38.0,0.13767928544354735,0.014203719386358504,True
baseline,stationary,21,Moment OU,46.0,0.11366984754153608,0.0027332761717105414,True
baseline,stationary,21,Moment OU,54.0,-0.18022624328467884,0.007520728853810166,True
baseline,stationary,21,Moment OU,62.0,0.11230403161688218,0.011069084642734761,True
baseline,stationary,21,Moment OU,70.0,0.43883047364229044,0.0036652372338446815,True
baseline,stationary,21,Moment OU,78.0,0.18219630055712643,0.0058349711992200515,True
baseline,stationary,21,Neural SDE (Euler),30.0,-0.175520658493042,0.004062712483176328,True
baseline,stationary,21,Neural SDE (Euler),38.0,0.1523505449295044,0.0059409572680284295,True
baseline,stationary,21,Neural SDE (Euler),46.0,-0.5945534706115723,0.0020717472658563774,True
baseline,stationary,21,Neural SDE (Euler),54.0,-0.2670559883117676,0.002610476488158847,True
baseline,stationary,21,Neural SDE (Euler),62.0,-0.614393949508667,0.017260787866756833,True
baseline,stationary,21,Neural SDE (Euler),70.0,0.26749658584594727,0.04682924263069069,True
baseline,stationary,21,Neural SDE (Euler),78.0,-0.5317401885986328,0.012422150036469237,True
baseline,stationary,21,SINDy-STLSQ,30.0,-0.09672366243028396,0.013574598606483301,True
baseline,stationary,21,SINDy-STLSQ,38.0,0.39498137464903804,0.006182049742397583,True
baseline,stationary,21,SINDy-STLSQ,46.0,0.27357768794955584,-0.002087450833473503,True
baseline,stationary,21,SINDy-STLSQ,54.0,-0.2980887782881245,-0.007012699845722781,True
baseline,stationary,21,SINDy-STLSQ,62.0,-0.17716404869192492,0.010201745113956301,True
baseline,stationary,21,SINDy-STLSQ,70.0,-0.199703879180388,0.010681588802106484,True
baseline,stationary,21,SINDy-STLSQ,78.0,-0.7842449346457422,0.009159488849577208,True
baseline,stationary,22,Bayesian SINDy (spike-slab),30.0,-0.33012968249677455,0.005921534749188384,True
baseline,stationary,22,Bayesian SINDy (spike-slab),38.0,0.07553620857469423,-0.012379424747932993,True
baseline,stationary,22,Bayesian SINDy (spike-slab),46.0,0.7293081927418215,0.003365571194805961,True
baseline,stationary,22,Bayesian SINDy (spike-slab),54.0,0.6846209100589704,-0.0042953801405743175,True
baseline,stationary,22,Bayesian SINDy (spike-slab),62.0,0.3149368229870899,-0.013173961294694558,True
baseline,stationary,22,Bayesian SINDy (spike-slab),70.0,-0.31391691505436237,0.016138114322656105,True
baseline,stationary,22,Bayesian SINDy (spike-slab),78.0,1.3196227636906717,0.03820764279529534,True
baseline,stationary,22,Kalman OU,30.0,-0.15289757100698864,0.013449153892183319,True
baseline,stationary,22,Kalman OU,38.0,-0.25566658867699354,-0.047589223885130455,True
baseline,stationary,22,Kalman OU,46.0,0.2886854368381546,-0.05056281483537495,True
baseline,stationary,22,Kalman OU,54.0,0.22570745182381358,-0.05691262990091836,True
baseline,stationary,22,Kalman OU,62.0,-0.0023573164949615144,-0.04093640816739269,True
baseline,stationary,22,Kalman OU,70.0,-1.5083495111191827,0.04829583731597356,True
baseline,stationary,22,Kalman OU,78.0,0.2783460283232708,0.006496830327116315,True
baseline,stationary,22,Latent Neural SDE (VI),30.0,-1.014986276626587,0.022174676612450317,True
baseline,stationary,22,Latent Neural SDE (VI),38.0,-0.6479036808013916,-0.006126329699127714,True
baseline,stationary,22,Latent Neural SDE (VI),46.0,0.7478771209716797,0.01576684198340661,True
baseline,stationary,22,Latent Neural SDE (VI),54.0,-0.38344740867614746,-0.004808377027666733,True
baseline,stationary,22,Latent Neural SDE (VI),62.0,-0.3010828495025635,-0.006429556537200454,True
baseline,stationary,22,Latent Neural SDE (VI),70.0,-0.9117307662963867,0.022166883549910643,True
baseline,stationary,22,Latent Neural SDE (VI),78.0,1.0853559374809265,0.025687157854942744,True
baseline,stationary,22,Moment OU,30.0,-0.14863344369929243,0.013991260271302042,True
baseline,stationary,22,Moment OU,38.0,-0.7571196375960243,-0.0036490149475894573,True
baseline,stationary,22,Moment OU,46.0,-0.394297848275837,0.01189815796366947,True
baseline,stationary,22,Moment OU,54.0,-0.1769077665436931,-0.010948796703238117,True
baseline,stationary,22,Moment OU,62.0,-0.44770940413102633,-0.0036355737945691635,True
baseline,stationary,22,Moment OU,70.0,-1.4275885077967145,0.048025047626134576,True
baseline,stationary,22,Moment OU,78.0,-0.2390455044234605,0.05372714918556032,True
baseline,stationary,22,Neural SDE (Euler),30.0,-1.0166614055633545,0.019362012760346325,True
baseline,stationary,22,Neural SDE (Euler),38.0,-0.6755681037902832,-0.007079722717672682,True
baseline,stationary,22,Neural SDE (Euler),46.0,0.604536771774292,0.010144937993993713,True
baseline,stationary,22,Neural SDE (Euler),54.0,-0.7411909103393555,-0.0032978320961075946,True
baseline,stationary,22,Neural SDE (Euler),62.0,-0.40555453300476074,-0.005157083135061469,True
baseline,stationary,22,Neural SDE (Euler),70.0,-0.8236453533172607,0.02009824950472397,True
baseline,stationary,22,Neural SDE (Euler),78.0,0.9494388699531555,0.019407596497756918,True
baseline,stationary,22,SINDy-STLSQ,30.0,0.016019156904354404,0.008849827496859475,True
baseline,stationary,22,SINDy-STLSQ,38.0,1.6654012069349946,-0.004790929182732578,True
baseline,stationary,22,SINDy-STLSQ,46.0,1.9275149772402829,0.010438315908580104,True
baseline,stationary,22,SINDy-STLSQ,54.0,0.550135895210004,-0.0005455461896141933,True
baseline,stationary,22,SINDy-STLSQ,62.0,0.9057234697990806,-0.005431991908664197,True
baseline,stationary,22,SINDy-STLSQ,70.0,1.3840549001598432,0.022645572137147185,True
baseline,stationary,22,SINDy-STLSQ,78.0,2.5508804289896876,0.04078351497229055,True
baseline,stationary,23,Bayesian SINDy (spike-slab),30.0,0.30770416417037894,-0.012996637377904657,True
baseline,stationary,23,Bayesian SINDy (spike-slab),38.0,-0.031737201546957694,-0.024011371502353634,True
baseline,stationary,23,Bayesian SINDy (spike-slab),46.0,-0.007958055263582953,-0.033550089709298736,True
baseline,stationary,23,Bayesian SINDy (spike-slab),54.0,-0.41458010808800505,-0.003994652819961503,True
baseline,stationary,23,Bayesian SINDy (spike-slab),62.0,0.04752925168728683,0.000936560457832275,True
baseline,stationary,23,Bayesian SINDy (spike-slab),70.0,-0.0022133634233385546,-0.0312579539370782,True
baseline,stationary,23,Bayesian SINDy (spike-slab),78.0,0.3140566150351155,-0.028596481743483504,True
baseline,stationary,23,Kalman OU,30.0,0.31968642679719217,-0.043036505656470186,True
baseline,stationary,23,Kalman OU,38.0,-0.23205914462483945,-0.012115409855075476,True
baseline,stationary,23,Kalman OU,46.0,-0.41572840287600443,-0.02280829606831533,True
baseline,stationary,23,Kalman OU,54.0,-0.1106001258647209,-0.028231605812596622,True
baseline,stationary,23,Kalman OU,62.0,0.11006326095200725,-0.03868877341759833,True
baseline,stationary,23,Kalman OU,70.0,-0.06564750495493987,-0.020991553268780355,True
baseline,stationary,23,Kalman OU,78.0,0.12207598194583336,-0.02387865988857696,True
baseline,stationary,23,Latent Neural SDE (VI),30.0,0.3614186644554138,-0.009949891218881707,True
baseline,stationary,23,Latent Neural SDE (VI),38.0,0.1898033618927002,0.004571314766996543,True
baseline,stationary,23,Latent Neural SDE (VI),46.0,-0.6974111795425415,-0.0029542782253074995,True
baseline,stationary,23,Latent Neural SDE (VI),54.0,-0.7169173955917358,0.01830109354269377,True
baseline,stationary,23,Latent Neural SDE (VI),62.0,0.12068486213684082,0.016984834736961357,True
baseline,stationary,23,Latent Neural SDE (VI),70.0,0.5851243138313293,-0.03642935800282174,True
baseline,stationary,23,Latent Neural SDE (VI),78.0,0.4261823892593384,0.007390229662056658,True
baseline,stationary,23,Moment OU,30.0,0.34347731554022487,-0.040682104286289295,True
baseline,stationary,23,Moment OU,38.0,-0.011864085123236112,-0.0418132048910225,True
baseline,stationary,23,Moment OU,46.0,-0.03666469812161921,-0.060982641473448534,True
baseline,stationary,23,Moment OU,54.0,-0.6349174880964221,0.00590060601762854,True
baseline,stationary,23,Moment OU,62.0,-0.1252865883872969,-0.010710819416860112,True
baseline,stationary,23,Moment OU,70.0,0.023143418271189153,-0.043145379355956026,True
baseline,stationary,23,Moment OU,78.0,0.09579126953170847,-0.03790772752774638,True
baseline,stationary,23,Neural SDE (Euler),30.0,0.48237311840057373,-0.014344222439772292,True
baseline,stationary,23,Neural SDE (Euler),38.0,0.23745089769363403,-0.00046359890549094174,True
baseline,stationary,23,Neural SDE (Euler),46.0,-0.5897576808929443,-0.005245075404996774,True
baseline,stationary,23,Neural SDE (Euler),54.0,-0.6221030950546265,0.01649360526049981,True
baseline,stationary,23,Neural SDE (Euler),62.0,0.13587045669555664,0.010683512964382913,True
baseline,stationary,23,Neural SDE (Euler),70.0,0.627010703086853,-0.043099868957925225,True
baseline,stationary,23,Neural SDE (Euler),78.0,0.4947664737701416,0.0023469661048531876,True
baseline,stationary,23,SINDy-STLSQ,30.0,-0.7451052872739479,-0.01800551467927808,True
baseline,stationary,23,SINDy-STLSQ,38.0,-1.051945233641997,-0.02687396528424968,True
baseline,stationary,23,SINDy-STLSQ,46.0,-1.4935467249767864,-0.03821759383083018,True
baseline,stationary,23,SINDy-STLSQ,54.0,-1.1972751221654898,-0.0038842153808697766,True
baseline,stationary,23,SINDy-STLSQ,62.0,-1.0342019710822794,-0.003987345684327626,True
baseline,stationary,23,SINDy-STLSQ,70.0,-1.096315466187591,-0.03582503428106201,True
baseline,stationary,23,SINDy-STLSQ,78.0,-0.513444303523096,-0.032610793604827104,True
baseline,stationary,24,Bayesian SINDy (spike-slab),30.0,-0.04400705081400075,0.021705363276558837,True
baseline,stationary,24,Bayesian SINDy (spike-slab),38.0,-0.15987077607030345,0.021197864726500953,True
baseline,stationary,24,Bayesian SINDy (spike-slab),46.0,0.0072200322082837665,-0.021887827685935057,True
baseline,stationary,24,Bayesian SINDy (spike-slab),54.0,0.12421122002697335,-0.019190270929492215,True
baseline,stationary,24,Bayesian SINDy (spike-slab),62.0,-1.4189282045407865,-0.023502238386280044,True
baseline,stationary,24,Bayesian SINDy (spike-slab),70.0,-0.41028844815067644,-0.013091451925833164,True
baseline,stationary,24,Bayesian SINDy (spike-slab),78.0,-0.7900767448906164,-0.011830688230966724,True
baseline,stationary,24,Kalman OU,30.0,0.0032007232610096192,0.021597622057241583,True
baseline,stationary,24,Kalman OU,38.0,-0.1285092562542221,0.03542893005758879,True
baseline,stationary,24,Kalman OU,46.0,0.04930025944974353,0.022759975197450544,True
baseline,stationary,24,Kalman OU,54.0,-0.03403562365660967,0.029543219842138202,True
baseline,stationary,24,Kalman OU,62.0,-1.672006601930596,0.07456375891518985,True
baseline,stationary,24,Kalman OU,70.0,-0.8234461052626687,0.06321804811587997,True
baseline,stationary,24,Kalman OU,78.0,-0.662823150086802,0.032047158753552046,True
baseline,stationary,24,Latent Neural SDE (VI),30.0,0.3779350519180298,0.04077724387948539,True
baseline,stationary,24,Latent Neural SDE (VI),38.0,0.4256944954395294,0.02753517132685543,True
baseline,stationary,24,Latent Neural SDE (VI),46.0,0.33707195520401,-0.01254870904161312,True
baseline,stationary,24,Latent Neural SDE (VI),54.0,0.3797670602798462,-0.010673100497227972,True
baseline,stationary,24,Latent Neural SDE (VI),62.0,-2.2376058101654053,-0.005019904820309867,True
baseline,stationary,24,Latent Neural SDE (VI),70.0,-0.4060933589935303,0.010410164177306364,True
baseline,stationary,24,Latent Neural SDE (VI),78.0,-0.647653341293335,-0.0009455422958100368,True
baseline,stationary,24,Moment OU,30.0,0.2207857807468101,0.019526862469196854,True
baseline,stationary,24,Moment OU,38.0,0.38101227564869333,-1.6751142755344617e-05,True
baseline,stationary,24,Moment OU,46.0,0.5586319467322087,-0.02905048815637304,True
baseline,stationary,24,Moment OU,54.0,0.6188940664711473,-0.04097377791414927,True
baseline,stationary,24,Moment OU,62.0,-0.6035135427697265,-0.026900638547935285,True
baseline,stationary,24,Moment OU,70.0,0.0820698684110861,-0.03369980666910255,True
baseline,stationary,24,Moment OU,78.0,-0.07945836617495416,-0.02700869871744535,True
baseline,stationary,24,Neural SDE (Euler),30.0,0.43184053897857666,0.039479982511029826,True
baseline,stationary,24,Neural SDE (Euler),38.0,0.453122079372406,0.01972906746088207,True
baseline,stationary,24,Neural SDE (Euler),46.0,0.348880410194397,-0.024720648591700728,True
baseline,stationary,24,Neural SDE (Euler),54.0,0.41892141103744507,-0.000978683321442797,True
baseline,stationary,24,Neural SDE (Euler),62.0,-2.1030690670013428,-0.013826138759564233,True
baseline,stationary,24,Neural SDE (Euler),70.0,-0.34497880935668945,0.0021105967899643086,True
baseline,stationary,24,Neural SDE (Euler),78.0,-0.5434701442718506,-0.013642824563458666,True
baseline,stationary,24,SINDy-STLSQ,30.0,0.5637563584710934,0.02677907010994493,True
baseline,stationary,24,SINDy-STLSQ,38.0,0.7466104172281258,0.023453388308655704,True
baseline,stationary,24,SINDy-STLSQ,46.0,0.42839873473791834,-0.02018585375507928,True
baseline,stationary,24,SINDy-STLSQ,54.0,0.34376169450054883,-0.017004543535900668,True
baseline,stationary,24,SINDy-STLSQ,62.0,-0.05611258569293365,-0.014273802343236386,True
baseline,stationary,24,SINDy-STLSQ,70.0,0.1071286396929656,-0.008278878483789526,True
baseline,stationary,24,SINDy-STLSQ,78.0,-0.049414942120554306,-0.004520885509966988,True
baseline,stationary,25,Bayesian SINDy (spike-slab),30.0,-0.22755194602164597,-0.0010075775105833906,True
baseline,stationary,25,Bayesian SINDy (spike-slab),38.0,-1.355685431066345,-0.004613397308381756,True
baseline,stationary,25,Bayesian SINDy (spike-slab),46.0,-1.6033870349991237,0.010560736536938259,True
baseline,stationary,25,Bayesian SINDy (spike-slab),54.0,-1.0668213318398652,0.0061386475069208635,True
baseline,stationary,25,Bayesian SINDy (spike-slab),62.0,0.16767739240049734,0.029301565638018223,True
baseline,stationary,25,Bayesian SINDy (spike-slab),70.0,-0.29835462922042966,0.02053160662332157,True
baseline,stationary,25,Bayesian SINDy (spike-slab),78.0,-0.2911766983161439,0.019286120073392893,True
baseline,stationary,25,Kalman OU,30.0,-0.22640633559371426,-0.007631401261041559,True
baseline,stationary,25,Kalman OU,38.0,-0.3867878063673702,-0.04862226916788734,True
baseline,stationary,25,Kalman OU,46.0,-0.6014559706506624,-0.03185554777931726,True
baseline,stationary,25,Kalman OU,54.0,-0.5077281304065218,-0.016651605604931563,True
baseline,stationary,25,Kalman OU,62.0,0.47482369077422837,-0.04016587944319219,True
baseline,stationary,25,Kalman OU,70.0,-0.2069923074715092,0.03709162345868028,True
baseline,stationary,25,Kalman OU,78.0,0.03774030176154364,0.014383375560760109,True
baseline,stationary,25,Latent Neural SDE (VI),30.0,-0.12709510326385498,-0.0005360770331971909,True
baseline,stationary,25,Latent Neural SDE (VI),38.0,-0.8812735080718994,0.017377240296018337,True
baseline,stationary,25,Latent Neural SDE (VI),46.0,-1.4573769569396973,0.024869755157540335,True
baseline,stationary,25,Latent Neural SDE (VI),54.0,-0.6991446018218994,0.018837921738120517,True
baseline,stationary,25,Latent Neural SDE (VI),62.0,0.6499550342559814,0.014194922619514938,True
baseline,stationary,25,Latent Neural SDE (VI),70.0,0.561664342880249,0.03722285281497148,True
baseline,stationary,25,Latent Neural SDE (VI),78.0,0.07835853099822998,0.02914064787683887,True
baseline,stationary,25,Moment OU,30.0,-0.31739488144049244,0.003328309435126381,True
baseline,stationary,25,Moment OU,38.0,-1.3427692279671075,0.02375353081589504,True
baseline,stationary,25,Moment OU,46.0,-1.6676335409159915,0.05083065010976767,True
baseline,stationary,25,Moment OU,54.0,-0.8944359448406672,0.024919792033192417,True
baseline,stationary,25,Moment OU,62.0,-0.03306178796683412,0.03382605210254411,True
baseline,stationary,25,Moment OU,70.0,-0.24212210494765396,0.04103917244909738,True
baseline,stationary,25,Moment OU,78.0,-0.15667308472763575,0.03624122505828914,True
baseline,stationary,25,Neural SDE (Euler),30.0,-0.20120024681091309,0.00017378375779958377,True
baseline,stationary,25,Neural SDE (Euler),38.0,-0.9310986995697021,0.016445742111438844,True
baseline,stationary,25,Neural SDE (Euler),46.0,-1.437471628189087,0.026252211631779543,True
baseline,stationary,25,Neural SDE (Euler),54.0,-0.7495553493499756,0.02081240419368549,True
baseline,stationary,25,Neural SDE (Euler),62.0,0.5162116289138794,0.020135624396632024,True
baseline,stationary,25,Neural SDE (Euler),70.0,0.43449240922927856,0.03623562003395889,True
baseline,stationary,25,Neural SDE (Euler),78.0,0.053365230560302734,0.026170334030173825,True
baseline,stationary,25,SINDy-STLSQ,30.0,-0.21341883704529685,-0.0024123341602651782,True
baseline,stationary,25,SINDy-STLSQ,38.0,-0.27150404412229123,-0.0027991007760572173,True
baseline,stationary,25,SINDy-STLSQ,46.0,-1.0024451645214145,0.01404600829485217,True
baseline,stationary,25,SINDy-STLSQ,54.0,-1.1254492254077744,0.009617763751987446,True
baseline,stationary,25,SINDy-STLSQ,62.0,0.7304701252691399,0.025209132183441063,True
baseline,stationary,25,SINDy-STLSQ,70.0,0.2224363122308186,0.022419429913662497,True
baseline,stationary,25,SINDy-STLSQ,78.0,0.8314149293390447,0.020729266735384416,True
baseline,stationary,26,Bayesian SINDy (spike-slab),30.0,-0.45943292856832935,-0.0002167901428161978,True
baseline,stationary,26,Bayesian SINDy (spike-slab),38.0,0.15805533405402164,-0.00458805020592179,True
baseline,stationary,26,Bayesian SINDy (spike-slab),46.0,0.15934969503329832,-0.019985232376283746,True
baseline,stationary,26,Bayesian SINDy (spike-slab),54.0,-0.09664803186269522,-0.03712062353504683,True
baseline,stationary,26,Bayesian SINDy (spike-slab),62.0,-0.38551989334298215,-0.032102303182980435,True
baseline,stationary,26,Bayesian SINDy (spike-slab),70.0,-0.9539616150390131,-0.036256484726036625,True
baseline,stationary,26,Bayesian SINDy (spike-slab),78.0,-0.7949806918704403,-0.035416078750002467,True
baseline,stationary,26,Kalman OU,30.0,-0.28473676477708754,0.011227178100784801,True
baseline,stationary,26,Kalman OU,38.0,0.35045303533401406,-0.032971033605735,True
baseline,stationary,26,Kalman OU,46.0,0.314156026054196,-0.026527026996522207,True
baseline,stationary,26,Kalman OU,54.0,0.2781427633958842,-0.03855388753876976,True
baseline,stationary,26,Kalman OU,62.0,-0.16882078739452422,-0.028155662029733325,True
baseline,stationary,26,Kalman OU,70.0,-0.7121031811510001,-0.02386669702558611,True
baseline,stationary,26,Kalman OU,78.0,-0.188211945251769,-0.06068623479980251,True
baseline,stationary,26,Latent Neural SDE (VI),30.0,0.1765209436416626,0.008011674201981345,True
baseline,stationary,26,Latent Neural SDE (VI),38.0,0.3538855314254761,-0.03483540464940152,True
baseline,stationary,26,Latent Neural SDE (VI),46.0,1.028007984161377,-0.07266435503862093,True
baseline,stationary,26,Latent Neural SDE (VI),54.0,1.0375604629516602,-0.05936152230033506,True
baseline,stationary,26,Latent Neural SDE (VI),62.0,0.4352554678916931,-0.011925203637110665,True
baseline,stationary,26,Latent Neural SDE (VI),70.0,-0.023296117782592773,-0.04498984402719575,True
baseline,stationary,26,Latent Neural SDE (VI),78.0,0.2204970121383667,-0.042694400175571995,True
baseline,stationary,26,Moment OU,30.0,-0.33303447672894626,0.01670780772226671,True
baseline,stationary,26,Moment OU,38.0,-0.052991480650156575,0.014658020217711953,True
baseline,stationary,26,Moment OU,46.0,0.2743446286598258,-0.02657853984417957,True
baseline,stationary,26,Moment OU,54.0,0.19848538383958148,-0.034052709808105375,True
baseline,stationary,26,Moment OU,62.0,-0.25884943083222234,-0.021608561980634156,True
baseline,stationary,26,Moment OU,70.0,-0.6181202912368869,-0.023937801150738874,True
baseline,stationary,26,Moment OU,78.0,-0.5049051892157529,-0.02427852978672354,True
baseline,stationary,26,Neural SDE (Euler),30.0,0.044980764389038086,0.011756577461286138,True
baseline,stationary,26,Neural SDE (Euler),38.0,0.28268933296203613,-0.02371891007113508,True
baseline,stationary,26,Neural SDE (Euler),46.0,0.9546321034431458,-0.0629880885365903,True
baseline,stationary,26,Neural SDE (Euler),54.0,0.9777988791465759,-0.06147725241554214,True
baseline,stationary,26,Neural SDE (Euler),62.0,0.36504125595092773,-0.013700467630883006,True
baseline,stationary,26,Neural SDE (Euler),70.0,-0.08402502536773682,-0.04305064409036993,True
baseline,stationary,26,Neural SDE (Euler),78.0,0.13192963600158691,-0.04295021153114009,True
baseline,stationary,26,SINDy-STLSQ,30.0,-0.12781922285049385,0.0038146821795813912,True
baseline,stationary,26,SINDy-STLSQ,38.0,-0.0906176188736848,-0.003619296820018214,True
baseline,stationary,26,SINDy-STLSQ,46.0,0.36814707853740514,-0.021252789624102764,True
baseline,stationary,26,SINDy-STLSQ,54.0,0.07946035477171576,-0.0368947867915114,True
baseline,stationary,26,SINDy-STLSQ,62.0,-0.006811157999502715,-0.03035327785998637,True
baseline,stationary,26,SINDy-STLSQ,70.0,-0.45391108159986315,-0.031265379744085386,True
baseline,stationary,26,SINDy-STLSQ,78.0,-0.37712616621548223,-0.033879444585628,True
baseline,stationary,27,Bayesian SINDy (spike-slab),30.0,-0.6969844568609442,0.020949931301580654,True
baseline,stationary,27,Bayesian SINDy (spike-slab),38.0,-0.179355495738724,0.009964810910998101,True
baseline,stationary,27,Bayesian SINDy (spike-slab),46.0,0.1901168748786014,0.010927361862343915,True
baseline,stationary,27,Bayesian SINDy (spike-slab),54.0,0.2762036672113769,0.02526396618299523,True
baseline,stationary,27,Bayesian SINDy (spike-slab),62.0,-0.7046724241198687,0.006353905938612986,True
baseline,stationary,27,Bayesian SINDy (spike-slab),70.0,-1.3127625190450616,0.014115460233241589,True
baseline,stationary,27,Bayesian SINDy (spike-slab),78.0,0.3426343188474563,0.042698210472111114,True
baseline,stationary,27,Kalman OU,30.0,0.009930120195210224,-0.028723249236811632,True
baseline,stationary,27,Kalman OU,38.0,0.5177893906413983,-0.05097842066800637,True
baseline,stationary,27,Kalman OU,46.0,0.7719203595003885,-0.026249182774636615,True
baseline,stationary,27,Kalman OU,54.0,0.7080174414951232,-0.04327737932430889,True
baseline,stationary,27,Kalman OU,62.0,0.2956773527036378,-0.05831772200691848,True
baseline,stationary,27,Kalman OU,70.0,-1.5783590282728257,0.05068815361343812,True
baseline,stationary,27,Kalman OU,78.0,0.815557576738467,-0.04051875549757747,True
baseline,stationary,27,Latent Neural SDE (VI),30.0,-1.3673580884933472,0.034743324536544884,True
baseline,stationary,27,Latent Neural SDE (VI),38.0,-1.0165168046951294,0.010716506730104547,True
baseline,stationary,27,Latent Neural SDE (VI),46.0,0.1327570676803589,-0.017225388945596498,True
baseline,stationary,27,Latent Neural SDE (VI),54.0,-0.5933524370193481,-0.01573238915657904,True
baseline,stationary,27,Latent Neural SDE (VI),62.0,-0.6989558935165405,-0.018281092955547057,True
baseline,stationary,27,Latent Neural SDE (VI),70.0,-2.381074070930481,-0.012274729026891362,True
baseline,stationary,27,Latent Neural SDE (VI),78.0,-0.28841233253479004,-0.00835291244814601,True
baseline,stationary,27,Moment OU,30.0,-1.144986738882016,0.05461981837837454,True
baseline,stationary,27,Moment OU,38.0,-0.2638215076908814,0.018623071315776035,True
baseline,stationary,27,Moment OU,46.0,0.1154882827730268,0.03389783841739466,True
baseline,stationary,27,Moment OU,54.0,-0.01177817493501121,0.0328095831302288,True
baseline,stationary,27,Moment OU,62.0,-0.8034572678876313,0.025267702657744,True
baseline,stationary,27,Moment OU,70.0,-1.747105409575174,0.057400430876743846,True
baseline,stationary,27,Moment OU,78.0,-0.41393544283305794,0.0709604073224735,True
baseline,stationary,27,Neural SDE (Euler),30.0,-1.2656433582305908,0.03730102481253411,True
baseline,stationary,27,Neural SDE (Euler),38.0,-1.0698552131652832,0.01965327819362464,True
baseline,stationary,27,Neural SDE (Euler),46.0,0.11699843406677246,-0.011107124783657524,True
baseline,stationary,27,Neural SDE (Euler),54.0,-0.6315853595733643,-0.01385682540518185,True
baseline,stationary,27,Neural SDE (Euler),62.0,-0.7238988876342773,-0.02004675303964429,True
baseline,stationary,27,Neural SDE (Euler),70.0,-2.1903390884399414,-0.016839447144741365,True
baseline,stationary,27,Neural SDE (Euler),78.0,-0.2629115581512451,-0.00784959865195875,True
baseline,stationary,27,SINDy-STLSQ,30.0,-0.351117978787405,0.022668380066499988,True
baseline,stationary,27,SINDy-STLSQ,38.0,-0.3578514263811463,0.011805833556556983,True
baseline,stationary,27,SINDy-STLSQ,46.0,0.17403745945764748,0.011788936513613013,True
baseline,stationary,27,SINDy-STLSQ,54.0,0.23157139704262164,0.023229860723531115,True
baseline,stationary,27,SINDy-STLSQ,62.0,-0.9603440727095689,0.00854356389893407,True
baseline,stationary,27,SINDy-STLSQ,70.0,-2.37867098298672,0.011377366467885786,True
baseline,stationary,27,SINDy-STLSQ,78.0,-0.8095701173342553,0.03180474535014821,True
baseline,stationary,28,Bayesian SINDy (spike-slab),30.0,-0.09597434647973391,-0.015818739674403365,True
baseline,stationary,28,Bayesian SINDy (spike-slab),38.0,-0.5606099310131555,-0.013305309084660905,True
baseline,stationary,28,Bayesian SINDy (spike-slab),46.0,0.8689177522016666,0.014400245029790315,True
baseline,stationary,28,Bayesian SINDy (spike-slab),54.0,0.6973946025690652,-0.002208265625910172,True
baseline,stationary,28,Bayesian SINDy (spike-slab),62.0,0.358052054605725,-0.02878117827222948,True
baseline,stationary,28,Bayesian SINDy (spike-slab),70.0,0.3207046009175982,0.00820023162198208,True
baseline,stationary,28,Bayesian SINDy (spike-slab),78.0,0.3100230341826731,0.011293478590292505,True
baseline,stationary,28,Kalman OU,30.0,-0.5048252359785643,0.010837774755451612,True
baseline,stationary,28,Kalman OU,38.0,-0.6932096107873318,0.003920486398642092,True
baseline,stationary,28,Kalman OU,46.0,0.12478250288546844,0.03794206552923174,True
baseline,stationary,28,Kalman OU,54.0,-0.056207051622984006,0.029358293013923925,True
baseline,stationary,28,Kalman OU,62.0,-0.30004042238592077,0.007402267511971372,True
baseline,stationary,28,Kalman OU,70.0,-0.48326668497849723,0.05001047743902623,True
baseline,stationary,28,Kalman OU,78.0,-0.237502837904636,0.04292260969767611,True
baseline,stationary,28,Latent Neural SDE (VI),30.0,-0.19772255420684814,0.001852299842052041,True
baseline,stationary,28,Latent Neural SDE (VI),38.0,-0.20535218715667725,-0.03184736927197723,True
baseline,stationary,28,Latent Neural SDE (VI),46.0,0.488277792930603,-0.012764034947815445,True
baseline,stationary,28,Latent Neural SDE (VI),54.0,0.221136212348938,0.03616331631975869,True
baseline,stationary,28,Latent Neural SDE (VI),62.0,0.10407066345214844,-0.0026819355450359017,True
baseline,stationary,28,Latent Neural SDE (VI),70.0,0.3715862035751343,0.05910236493768836,True
baseline,stationary,28,Latent Neural SDE (VI),78.0,0.16657483577728271,0.039629908986713674,True
baseline,stationary,28,Moment OU,30.0,-0.031582085694114026,-0.03552720542360077,True
baseline,stationary,28,Moment OU,38.0,-0.4880795722756144,-0.01861580859255141,True
baseline,stationary,28,Moment OU,46.0,0.5928266216687647,-0.016476104802607527,True
baseline,stationary,28,Moment OU,54.0,0.41410590695914784,-0.02637045589772971,True
baseline,stationary,28,Moment OU,62.0,0.17154733260355548,-0.04868107871965302,True
baseline,stationary,28,Moment OU,70.0,0.02227091539527004,-0.006459981570125478,True
baseline,stationary,28,Moment OU,78.0,0.14793938478227298,-0.000879417532727661,True
baseline,stationary,28,Neural SDE (Euler),30.0,-0.2279607057571411,-0.0010685433977853653,True
baseline,stationary,28,Neural SDE (Euler),38.0,-0.24398207664489746,-0.03490735720352495,True
baseline,stationary,28,Neural SDE (Euler),46.0,0.5080564022064209,-0.025047444248186584,True
baseline,stationary,28,Neural SDE (Euler),54.0,0.29143524169921875,0.03584598031274,True
baseline,stationary,28,Neural SDE (Euler),62.0,0.13134396076202393,-0.0018092779434514261,True
baseline,stationary,28,Neural SDE (Euler),70.0,0.3148488998413086,0.06324415592519639,True
baseline,stationary,28,Neural SDE (Euler),78.0,0.46995580196380615,0.04230411260692446,True
baseline,stationary,28,SINDy-STLSQ,30.0,-0.7264914574371033,-0.021628729297696547,True
baseline,stationary,28,SINDy-STLSQ,38.0,-0.27402085806720233,-0.01265268769148184,True
baseline,stationary,28,SINDy-STLSQ,46.0,0.8461935455925315,0.010721548285212795,True
baseline,stationary,28,SINDy-STLSQ,54.0,0.38588807257841307,-0.006067771495919472,True
baseline,stationary,28,SINDy-STLSQ,62.0,0.2581799437800516,-0.03116966177281824,True
baseline,stationary,28,SINDy-STLSQ,70.0,0.29871659702293774,0.0056473553293077405,True
baseline,stationary,28,SINDy-STLSQ,78.0,0.6523474108350906,0.008136266671504161,True
baseline,stationary,29,Bayesian SINDy (spike-slab),30.0,-0.17743604025025184,-0.00530580753556345,True
baseline,stationary,29,Bayesian SINDy (spike-slab),38.0,-0.9965511003988996,-0.023691207779018786,True
baseline,stationary,29,Bayesian SINDy (spike-slab),46.0,-0.84917179085392,0.012173970549860497,True
baseline,stationary,29,Bayesian SINDy (spike-slab),54.0,-0.6527446597426725,0.017684977685710784,True
baseline,stationary,29,Bayesian SINDy (spike-slab),62.0,-0.5423595470795972,0.008783172787923121,True
baseline,stationary,29,Bayesian SINDy (spike-slab),70.0,-1.0903616445613624,0.005939712551975146,True
baseline,stationary,29,Bayesian SINDy (spike-slab),78.0,-0.7587853719092272,0.028928727933988707,True
baseline,stationary,29,Kalman OU,30.0,-0.09865193328953814,0.006993259676014579,True
baseline,stationary,29,Kalman OU,38.0,-1.212503183621545,0.03200449872780081,True
baseline,stationary,29,Kalman OU,46.0,-1.0210734370733192,0.06873277085303431,True
baseline,stationary,29,Kalman OU,54.0,-1.0213312860766064,0.07106940383854352,True
baseline,stationary,29,Kalman OU,62.0,-0.6875504588479284,0.03364592843660749,True
baseline,stationary,29,Kalman OU,70.0,-0.763368102966896,-0.0022379593633516937,True
baseline,stationary,29,Kalman OU,78.0,-0.6287138755468002,0.038593849054320783,True
baseline,stationary,29,Latent Neural SDE (VI),30.0,-0.16700628399848938,0.0003375304869928375,True
baseline,stationary,29,Latent Neural SDE (VI),38.0,-0.9083448946475983,0.010692139756849683,True
baseline,stationary,29,Latent Neural SDE (VI),46.0,-1.4740430414676666,0.0393099988679472,True
baseline,stationary,29,Latent Neural SDE (VI),54.0,-0.7942775785923004,0.0552503370532656,True
baseline,stationary,29,Latent Neural SDE (VI),62.0,-0.7023502886295319,0.03125310668488651,True
baseline,stationary,29,Latent Neural SDE (VI),70.0,-0.8876749575138092,0.03903959642788182,True
baseline,stationary,29,Latent Neural SDE (VI),78.0,-0.6283213198184967,0.0609353067972688,True
baseline,stationary,29,Moment OU,30.0,-0.09626038550676941,-0.00020844338345649138,True
baseline,stationary,29,Moment OU,38.0,-0.8320677674864245,-0.011531467793756578,True
baseline,stationary,29,Moment OU,46.0,-0.713746272382886,0.029022473679217453,True
baseline,stationary,29,Moment OU,54.0,-0.7649941298086775,0.03417897932422542,True
baseline,stationary,29,Moment OU,62.0,-0.6239510394838064,0.018643890360697996,True
baseline,stationary,29,Moment OU,70.0,-1.6697064619409192,0.05983909189617723,True
baseline,stationary,29,Moment OU,78.0,-0.7701081263061944,0.04748987304824415,True
baseline,stationary,29,Neural SDE (Euler),30.0,-0.15804904699325562,0.009232250563122324,True
baseline,stationary,29,Neural SDE (Euler),38.0,-0.8582755923271179,0.003924011689950435,True
baseline,stationary,29,Neural SDE (Euler),46.0,-1.4503957629203796,0.042078536752929246,True
baseline,stationary,29,Neural SDE (Euler),54.0,-0.76978999376297,0.0542227893872074,True
baseline,stationary,29,Neural SDE (Euler),62.0,-0.6023158431053162,0.028380189496938102,True
baseline,stationary,29,Neural SDE (Euler),70.0,-0.8010181784629822,0.035355643259222136,True
baseline,stationary,29,Neural SDE (Euler),78.0,-0.699528157711029,0.05716165980791649,True
baseline,stationary,29,SINDy-STLSQ,30.0,0.7901076676224239,-0.0032902758500338025,True
baseline,stationary,29,SINDy-STLSQ,38.0,-0.03983645860726026,-0.017386344028665318,True
baseline,stationary,29,SINDy-STLSQ,46.0,-0.7375931469834699,0.01850022354075584,True
baseline,stationary,29,SINDy-STLSQ,54.0,-0.4248863699065354,0.022804780064905633,True
baseline,stationary,29,SINDy-STLSQ,62.0,0.11224802498502628,0.01330433440540077,True
baseline,stationary,29,SINDy-STLSQ,70.0,0.631713168164416,0.015063339020671362,True
baseline,stationary,29,SINDy-STLSQ,78.0,-0.38852325546523814,0.0349265611491221,True
baseline,stationary,30,Bayesian SINDy (spike-slab),30.0,0.14745316549605045,0.0008934534102520708,True
baseline,stationary,30,Bayesian SINDy (spike-slab),38.0,0.20112262793347802,0.010847718297780279,True
baseline,stationary,30,Bayesian SINDy (spike-slab),46.0,-0.7888165238436395,0.03825419683947123,True
baseline,stationary,30,Bayesian SINDy (spike-slab),54.0,-2.025245346554789,0.017285542266562065,True
baseline,stationary,30,Bayesian SINDy (spike-slab),62.0,-1.3209970102117137,0.02463943786506259,True
baseline,stationary,30,Bayesian SINDy (spike-slab),70.0,0.3060196077843052,0.04758216498725218,True
baseline,stationary,30,Bayesian SINDy (spike-slab),78.0,0.23384546068942597,0.026178571643842213,True
baseline,stationary,30,Kalman OU,30.0,0.25386229028042107,-0.012723547531676899,True
baseline,stationary,30,Kalman OU,38.0,0.25036260080793604,-0.021586600938009265,True
baseline,stationary,30,Kalman OU,46.0,0.2540804590555791,-0.05025629746505314,True
baseline,stationary,30,Kalman OU,54.0,-1.0765255139409267,-0.004052323563669441,True
baseline,stationary,30,Kalman OU,62.0,-1.1047011123393005,0.06210604188193425,True
baseline,stationary,30,Kalman OU,70.0,0.2542298933900481,0.046784467890471665,True
baseline,stationary,30,Kalman OU,78.0,0.047515120676537625,0.02757349323972122,True
baseline,stationary,30,Latent Neural SDE (VI),30.0,0.47736912965774536,-0.012193265774992523,True
baseline,stationary,30,Latent Neural SDE (VI),38.0,0.23218834400177002,0.005754265395089914,True
baseline,stationary,30,Latent Neural SDE (VI),46.0,-1.3750165700912476,0.04869981081032454,True
baseline,stationary,30,Latent Neural SDE (VI),54.0,-2.69186532497406,0.03000071250175171,True
baseline,stationary,30,Latent Neural SDE (VI),62.0,-1.8985177278518677,0.017600813220374656,True
baseline,stationary,30,Latent Neural SDE (VI),70.0,0.46514737606048584,0.02878425382018282,True
baseline,stationary,30,Latent Neural SDE (VI),78.0,-1.2252002954483032,0.01725108537002154,True
baseline,stationary,30,Moment OU,30.0,0.18982043699992235,-0.0040651057335385765,True
baseline,stationary,30,Moment OU,38.0,0.07045272805796376,0.007186655334672637,True
baseline,stationary,30,Moment OU,46.0,-0.6962433778959183,0.05992252614462468,True
baseline,stationary,30,Moment OU,54.0,-1.9819678653424226,0.06560688165940831,True
baseline,stationary,30,Moment OU,62.0,-1.3472483563483202,0.07293511933581165,True
baseline,stationary,30,Moment OU,70.0,0.2623172652505532,0.04294724631423552,True
baseline,stationary,30,Moment OU,78.0,0.11499626032825083,0.020209780195745236,True
baseline,stationary,30,Neural SDE (Euler),30.0,0.28754979372024536,-0.007266386381372447,True
baseline,stationary,30,Neural SDE (Euler),38.0,-0.09133535623550415,0.00439014037689317,True
baseline,stationary,30,Neural SDE (Euler),46.0,-1.6924205422401428,0.04642332662023005,True
baseline,stationary,30,Neural SDE (Euler),54.0,-2.860699236392975,0.025740662014656496,True
baseline,stationary,30,Neural SDE (Euler),62.0,-2.1567664742469788,0.013591092964623769,True
baseline,stationary,30,Neural SDE (Euler),70.0,0.18358224630355835,0.019715260376366006,True
baseline,stationary,30,Neural SDE (Euler),78.0,-1.8139403462409973,0.0029868768050907712,True
baseline,stationary,30,SINDy-STLSQ,30.0,0.5719487375218186,0.00027651811649506697,True
baseline,stationary,30,SINDy-STLSQ,38.0,-0.3394913231382666,0.009527572202462586,True
baseline,stationary,30,SINDy-STLSQ,46.0,-1.4599729050580363,0.039607970732635694,True
baseline,stationary,30,SINDy-STLSQ,54.0,-2.6070584211071486,0.01758515808197006,True
baseline,stationary,30,SINDy-STLSQ,62.0,-2.3073395025733987,0.02683166102996054,True
baseline,stationary,30,SINDy-STLSQ,70.0,-0.025529243717512418,0.045035513972503355,True
baseline,stationary,30,SINDy-STLSQ,78.0,-0.4156325775614085,0.023654309712060895,True
baseline,stationary,31,Bayesian SINDy (spike-slab),30.0,-0.038784121608655076,-0.012857893521234814,True
baseline,stationary,31,Bayesian SINDy (spike-slab),38.0,0.8870740508676533,-0.02107989645330957,True
baseline,stationary,31,Bayesian SINDy (spike-slab),46.0,0.9619020657454653,-0.010114213669343786,True
baseline,stationary,31,Bayesian SINDy (spike-slab),54.0,0.29430092672743347,-0.003159744028454703,True
baseline,stationary,31,Bayesian SINDy (spike-slab),62.0,-0.8916358580613135,-0.012218146893687248,True
baseline,stationary,31,Bayesian SINDy (spike-slab),70.0,-0.48626942556046737,-0.012940000272565616,True
baseline,stationary,31,Bayesian SINDy (spike-slab),78.0,-0.3481055509609823,-0.02300365739131313,True
baseline,stationary,31,Kalman OU,30.0,-0.1354795697430129,0.0015444926936402092,True
baseline,stationary,31,Kalman OU,38.0,0.6155036464049245,-0.025768098931951422,True
baseline,stationary,31,Kalman OU,46.0,0.8307770545262572,-0.014888368425183957,True
baseline,stationary,31,Kalman OU,54.0,0.2375745242750924,-0.00426962325568736,True
baseline,stationary,31,Kalman OU,62.0,0.1687894233985574,-0.02175944871346247,True
baseline,stationary,31,Kalman OU,70.0,0.05115305257311231,-0.0416684768981484,True
baseline,stationary,31,Kalman OU,78.0,-0.41110627523255605,-0.0037138523641363497,True
baseline,stationary,31,Latent Neural SDE (VI),30.0,-0.2427459955215454,-0.01722616791525544,True
baseline,stationary,31,Latent Neural SDE (VI),38.0,0.8405323624610901,-0.04725005868193477,True
baseline,stationary,31,Latent Neural SDE (VI),46.0,0.8643108606338501,-0.04172109374619409,True
baseline,stationary,31,Latent Neural SDE (VI),54.0,-0.7364883422851562,-0.03373543071576998,True
baseline,stationary,31,Latent Neural SDE (VI),62.0,-1.3579881191253662,-0.014644106583331457,True
baseline,stationary,31,Latent Neural SDE (VI),70.0,-0.0530245304107666,-0.011294387763563146,True
baseline,stationary,31,Latent Neural SDE (VI),78.0,-0.4769752025604248,-0.03736562566328713,True
baseline,stationary,31,Moment OU,30.0,-0.050606361816441625,-0.011094454789270458,True
baseline,stationary,31,Moment OU,38.0,0.6843984232617669,-0.041588740951054276,True
baseline,stationary,31,Moment OU,46.0,0.4466222712836321,0.012748449436653209,True
baseline,stationary,31,Moment OU,54.0,0.24272324460111916,-0.008145747982008872,True
baseline,stationary,31,Moment OU,62.0,-1.0309671286022153,0.044889894489104104,True
baseline,stationary,31,Moment OU,70.0,-0.4111505376479261,-0.0022485222641855374,True
baseline,stationary,31,Moment OU,78.0,-0.18998283106114844,-0.022465894339783438,True
baseline,stationary,31,Neural SDE (Euler),30.0,-0.22762179374694824,-0.01813424824069726,True
baseline,stationary,31,Neural SDE (Euler),38.0,0.9103380441665649,-0.04483308935286401,True
baseline,stationary,31,Neural SDE (Euler),46.0,0.7580264806747437,-0.03134789359011031,True
baseline,stationary,31,Neural SDE (Euler),54.0,-0.7618753910064697,-0.03540572708438197,True
baseline,stationary,31,Neural SDE (Euler),62.0,-1.3126373291015625,-0.016500650481725943,True
baseline,stationary,31,Neural SDE (Euler),70.0,-0.10780525207519531,-0.010329611517957055,True
baseline,stationary,31,Neural SDE (Euler),78.0,-0.35752367973327637,-0.04074761244122818,True
baseline,stationary,31,SINDy-STLSQ,30.0,-0.24908907062931673,-0.013294694678409519,True
baseline,stationary,31,SINDy-STLSQ,38.0,0.6900268864960485,-0.020800233259237355,True
baseline,stationary,31,SINDy-STLSQ,46.0,0.9160296433588461,-0.008474697150994442,True
baseline,stationary,31,SINDy-STLSQ,54.0,-0.6424025615074433,-0.010573873024830316,True
baseline,stationary,31,SINDy-STLSQ,62.0,-0.8998118774317614,-0.007921124679461738,True
baseline,stationary,31,SINDy-STLSQ,70.0,0.06530491328131371,-0.01026269224747589,True
baseline,stationary,31,SINDy-STLSQ,78.0,-0.3369038219023046,-0.0206187044947099,True
baseline,stationary,32,Bayesian SINDy (spike-slab),30.0,-0.07467056332290362,-0.01637086803702656,True
baseline,stationary,32,Bayesian SINDy (spike-slab),38.0,-0.23360899707869934,-0.03958850258996399,True
baseline,stationary,32,Bayesian SINDy (spike-slab),46.0,-0.07018000092269114,-0.03411961523011148,True
baseline,stationary,32,Bayesian SINDy (spike-slab),54.0,-0.1815823484384317,-0.003152444438047325,True
baseline,stationary,32,Bayesian SINDy (spike-slab),62.0,-0.32089746940270825,-0.02173163562707156,True
baseline,stationary,32,Bayesian SINDy (spike-slab),70.0,-0.3350230971737026,-0.012329992333210915,True
baseline,stationary,32,Bayesian SINDy (spike-slab),78.0,-0.3845411534822254,0.0035659400081825,True
baseline,stationary,32,Kalman OU,30.0,-0.21553691338251285,0.014418158775494294,True
baseline,stationary,32,Kalman OU,38.0,-0.22845185333201085,-0.026281230937280603,True
baseline,stationary,32,Kalman OU,46.0,-0.1322548579207224,-0.03082676247739688,True
baseline,stationary,32,Kalman OU,54.0,-0.20388801227714964,0.003869572766753121,True
baseline,stationary,32,Kalman OU,62.0,-0.18416038071930257,-0.022550200742568804,True
baseline,stationary,32,Kalman OU,70.0,-0.2456366408718374,-0.008890765467388734,True
baseline,stationary,32,Kalman OU,78.0,-0.5633033692433387,0.022993911648234527,True
baseline,stationary,32,Latent Neural SDE (VI),30.0,-0.1196976900100708,-0.007362611870961627,True
baseline,stationary,32,Latent Neural SDE (VI),38.0,-1.5856741070747375,-0.04336910592322182,True
baseline,stationary,32,Latent Neural SDE (VI),46.0,-1.3921539187431335,-0.03663024778400786,True
baseline,stationary,32,Latent Neural SDE (VI),54.0,-0.28877705335617065,0.03004892213532734,True
baseline,stationary,32,Latent Neural SDE (VI),62.0,-0.4040793776512146,0.0014344992784588728,True
baseline,stationary,32,Latent Neural SDE (VI),70.0,-0.2945266366004944,0.007309784176799061,True
baseline,stationary,32,Latent Neural SDE (VI),78.0,-0.7845428586006165,0.016440906637069597,True
baseline,stationary,32,Moment OU,30.0,-0.21328427464310395,-0.005218152684759836,True
baseline,stationary,32,Moment OU,38.0,-0.21533598948054178,-0.041401002161461864,True
baseline,stationary,32,Moment OU,46.0,-0.3016094269329891,-0.02603086149478609,True
baseline,stationary,32,Moment OU,54.0,-0.20221128822702839,-0.0012056104580180638,True
baseline,stationary,32,Moment OU,62.0,-0.2840777844098533,-0.018597240359990497,True
baseline,stationary,32,Moment OU,70.0,-0.2712300817523683,-0.011648818829486679,True
baseline,stationary,32,Moment OU,78.0,-0.9674464180201677,0.03664677732327529,True
baseline,stationary,32,Neural SDE (Euler),30.0,-0.08719569444656372,-0.019499256646090507,True
baseline,stationary,32,Neural SDE (Euler),38.0,-1.7630441188812256,-0.05290858772162241,True
baseline,stationary,32,Neural SDE (Euler),46.0,-1.5361533164978027,-0.06186939792744589,True
baseline,stationary,32,Neural SDE (Euler),54.0,-0.25746476650238037,0.023003405920476477,True
baseline,stationary,32,Neural SDE (Euler),62.0,-0.3020530343055725,-0.002449952070204542,True
baseline,stationary,32,Neural SDE (Euler),70.0,-0.2500407099723816,-0.002188439779529344,True
baseline,stationary,32,Neural SDE (Euler),78.0,-0.6800930500030518,0.0023645980526484645,True
baseline,stationary,32,SINDy-STLSQ,30.0,-0.9986552992649773,-0.019252804312164945,True
baseline,stationary,32,SINDy-STLSQ,38.0,-2.163057006987527,-0.047453175476718124,True
baseline,stationary,32,SINDy-STLSQ,46.0,-0.8776605671885418,-0.03461879446959404,True
baseline,stationary,32,SINDy-STLSQ,54.0,-0.8228968521646849,-0.0049970293843651925,True
baseline,stationary,32,SINDy-STLSQ,62.0,-0.035200437885698765,-0.02144084427214049,True
baseline,stationary,32,SINDy-STLSQ,70.0,-0.43744150357271855,-0.01343566398086496,True
baseline,stationary,32,SINDy-STLSQ,78.0,-1.256442110597955,0.00019347435205788188,True
baseline,stationary,33,Bayesian SINDy (spike-slab),30.0,0.28754583761423064,0.003188245386034072,True
baseline,stationary,33,Bayesian SINDy (spike-slab),38.0,-0.1524177688767761,-0.0006436351327530343,True
baseline,stationary,33,Bayesian SINDy (spike-slab),46.0,-0.6070087548294598,-0.0010984138514587016,True
baseline,stationary,33,Bayesian SINDy (spike-slab),54.0,-0.9866829326751845,-0.01311510941923108,True
baseline,stationary,33,Bayesian SINDy (spike-slab),62.0,-0.07782313795232537,-0.0072140883686251656,True
baseline,stationary,33,Bayesian SINDy (spike-slab),70.0,0.3450982478702488,0.009453730599815968,True
baseline,stationary,33,Bayesian SINDy (spike-slab),78.0,-0.1256161056314285,0.026235008210516775,True
baseline,stationary,33,Kalman OU,30.0,0.02509957707937127,-0.00012329011006054214,True
baseline,stationary,33,Kalman OU,38.0,-0.4789402796975072,0.007899828526339164,True
baseline,stationary,33,Kalman OU,46.0,-0.2175849278555021,-0.04007188636403666,True
baseline,stationary,33,Kalman OU,54.0,-0.6160586798845461,-0.009931234596867233,True
baseline,stationary,33,Kalman OU,62.0,-0.12849001040289498,-0.001868611477671589,True
baseline,stationary,33,Kalman OU,70.0,0.05526944134624601,0.0077800049108420755,True
baseline,stationary,33,Kalman OU,78.0,0.1676235897750452,-0.003832939495340304,True
baseline,stationary,33,Latent Neural SDE (VI),30.0,-0.7904545068740845,-0.020101741582950916,True
baseline,stationary,33,Latent Neural SDE (VI),38.0,-0.10398149490356445,0.04095010175892824,True
baseline,stationary,33,Latent Neural SDE (VI),46.0,-0.5715464353561401,0.023707204282750388,True
baseline,stationary,33,Latent Neural SDE (VI),54.0,-0.48450028896331787,0.015876096104382564,True
baseline,stationary,33,Latent Neural SDE (VI),62.0,-0.16656064987182617,0.03236868886738298,True
baseline,stationary,33,Latent Neural SDE (VI),70.0,0.33255690336227417,0.05433394673115774,True
baseline,stationary,33,Latent Neural SDE (VI),78.0,0.13809454441070557,0.04184431003588798,True
baseline,stationary,33,Moment OU,30.0,0.2185816784994249,-0.01900570169876395,True
baseline,stationary,33,Moment OU,38.0,-0.331275065135452,-0.003789464025414857,True
baseline,stationary,33,Moment OU,46.0,-0.5118601400153889,-0.0016714257224001994,True
baseline,stationary,33,Moment OU,54.0,-0.7346629156434542,0.0005344507480521121,True
baseline,stationary,33,Moment OU,62.0,-0.28577014161405556,0.004790590667042349,True
baseline,stationary,33,Moment OU,70.0,0.12590416356494172,0.0009242619988308609,True
baseline,stationary,33,Moment OU,78.0,0.0004272169916673674,0.033393733941490866,True
baseline,stationary,33,Neural SDE (Euler),30.0,-1.2370444536209106,-0.035766760726288885,True
baseline,stationary,33,Neural SDE (Euler),38.0,-0.15175819396972656,0.05395056080825275,True
baseline,stationary,33,Neural SDE (Euler),46.0,-0.5943102836608887,0.03663632664671937,True
baseline,stationary,33,Neural SDE (Euler),54.0,-0.5508766174316406,0.03034242834001119,True
baseline,stationary,33,Neural SDE (Euler),62.0,-0.13717961311340332,0.04509662296835518,True
baseline,stationary,33,Neural SDE (Euler),70.0,0.3770085573196411,0.07367571069185946,True
baseline,stationary,33,Neural SDE (Euler),78.0,0.06113070249557495,0.05817271356154127,True
baseline,stationary,33,SINDy-STLSQ,30.0,0.14751087334887414,0.0008540675595025693,True
baseline,stationary,33,SINDy-STLSQ,38.0,-0.32910699718768854,0.000471885929780147,True
baseline,stationary,33,SINDy-STLSQ,46.0,-0.9690619734758471,0.000381219355560819,True
baseline,stationary,33,SINDy-STLSQ,54.0,-0.6376159487291976,-0.00947300454020003,True
baseline,stationary,33,SINDy-STLSQ,62.0,-0.28302507929779497,-0.006752186778130748,True
baseline,stationary,33,SINDy-STLSQ,70.0,-0.031574661139165405,0.010443975009982065,True
baseline,stationary,33,SINDy-STLSQ,78.0,0.25655075997707544,0.026435843179265922,True
baseline,stationary,34,Bayesian SINDy (spike-slab),30.0,-0.14602384045537842,-0.012996729859345996,True
baseline,stationary,34,Bayesian SINDy (spike-slab),38.0,0.9792523886749196,-0.029332193859142208,True
baseline,stationary,34,Bayesian SINDy (spike-slab),46.0,0.6116602017124506,0.0020017304328377727,True
baseline,stationary,34,Bayesian SINDy (spike-slab),54.0,1.2608757501271055,0.01113745953044859,True
baseline,stationary,34,Bayesian SINDy (spike-slab),62.0,1.3693226300284407,-0.018893875723574843,True
baseline,stationary,34,Bayesian SINDy (spike-slab),70.0,1.177121827215095,-0.014149063025909375,True
baseline,stationary,34,Bayesian SINDy (spike-slab),78.0,0.5745226326524951,-0.02645299900106607,True
baseline,stationary,34,Kalman OU,30.0,0.3446683225499323,-0.05479290295837616,True
baseline,stationary,34,Kalman OU,38.0,1.2666249216187249,-0.07294953657719397,True
baseline,stationary,34,Kalman OU,46.0,1.175374401896895,-0.049067556149643504,True
baseline,stationary,34,Kalman OU,54.0,1.4370572397353518,-0.05494828856826975,True
baseline,stationary,34,Kalman OU,62.0,1.638663822361114,-0.06553319397515947,True
baseline,stationary,34,Kalman OU,70.0,1.5133793291457835,-0.04924275291518426,True
baseline,stationary,34,Kalman OU,78.0,0.8696282537251661,-0.045632622074976315,True
baseline,stationary,34,Latent Neural SDE (VI),30.0,-0.06425881385803223,-0.005214447720775145,True
baseline,stationary,34,Latent Neural SDE (VI),38.0,0.17756354808807373,-0.010293546157500555,True
baseline,stationary,34,Latent Neural SDE (VI),46.0,0.9423523545265198,-0.0025852081952156825,True
baseline,stationary,34,Latent Neural SDE (VI),54.0,1.0499520897865295,-0.017926602977758888,True
baseline,stationary,34,Latent Neural SDE (VI),62.0,1.3221429288387299,-0.07445601586260808,True
baseline,stationary,34,Latent Neural SDE (VI),70.0,0.735174834728241,-0.050209442289048084,True
baseline,stationary,34,Latent Neural SDE (VI),78.0,-0.47273707389831543,-0.034057717334484455,True
baseline,stationary,34,Moment OU,30.0,-0.14357512869512123,-0.013285293986193242,True
baseline,stationary,34,Moment OU,38.0,0.6056417720271694,-0.03129749878906307,True
baseline,stationary,34,Moment OU,46.0,0.7864314456087684,-0.009021235750527684,True
baseline,stationary,34,Moment OU,54.0,0.7433354328747188,0.010459354660436793,True
baseline,stationary,34,Moment OU,62.0,1.1690766912772672,-0.023381037145657008,True
baseline,stationary,34,Moment OU,70.0,1.0733034127224146,-0.01758024691003096,True
baseline,stationary,34,Moment OU,78.0,0.5793228672520556,-0.03413142888256951,True
baseline,stationary,34,Neural SDE (Euler),30.0,-0.0405116081237793,-0.00546579293631827,True
baseline,stationary,34,Neural SDE (Euler),38.0,0.22977983951568604,-0.009828894523106091,True
baseline,stationary,34,Neural SDE (Euler),46.0,0.94957435131073,0.00242978123712298,True
baseline,stationary,34,Neural SDE (Euler),54.0,1.0896676182746887,-0.014771277308061936,True
baseline,stationary,34,Neural SDE (Euler),62.0,1.260924071073532,-0.08232330841234606,True
baseline,stationary,34,Neural SDE (Euler),70.0,0.7993050813674927,-0.047948169838575166,True
baseline,stationary,34,Neural SDE (Euler),78.0,-0.3847167491912842,-0.03338850706509655,True
baseline,stationary,34,SINDy-STLSQ,30.0,-0.22222172921207695,-0.012185788081525178,True
baseline,stationary,34,SINDy-STLSQ,38.0,-0.4036103791098973,-0.03446853097849284,True
baseline,stationary,34,SINDy-STLSQ,46.0,-0.09227992977227428,0.0013639925218857651,True
baseline,stationary,34,SINDy-STLSQ,54.0,-0.23137301211532302,0.0033421233400812156,True
baseline,stationary,34,SINDy-STLSQ,62.0,0.38194473093596315,-0.019355837186554814,True
baseline,stationary,34,SINDy-STLSQ,70.0,-0.07261176239324718,-0.02220011283854509,True
baseline,stationary,34,SINDy-STLSQ,78.0,-0.029820554772936103,-0.02736390437043032,True
baseline,stationary,35,Bayesian SINDy (spike-slab),30.0,-0.3447602734466986,0.0021363936438847375,True
baseline,stationary,35,Bayesian SINDy (spike-slab),38.0,-0.3596550252539159,0.013481095940221982,True
baseline,stationary,35,Bayesian SINDy (spike-slab),46.0,-1.4056002770956333,0.019242062676618876,True
baseline,stationary,35,Bayesian SINDy (spike-slab),54.0,-0.1460378965835143,0.03746858559782823,True
baseline,stationary,35,Bayesian SINDy (spike-slab),62.0,-1.1999702076776289,0.01509449546128852,True
baseline,stationary,35,Bayesian SINDy (spike-slab),70.0,-2.0289793116920753,0.011579057397974685,True
baseline,stationary,35,Bayesian SINDy (spike-slab),78.0,-1.5429005106500933,0.02032679975493923,True
baseline,stationary,35,Kalman OU,30.0,-0.2280099633321343,0.008963177793771482,True
baseline,stationary,35,Kalman OU,38.0,-0.319326638369989,0.023666196254024885,True
baseline,stationary,35,Kalman OU,46.0,-1.4658866908035741,0.052626393569481095,True
baseline,stationary,35,Kalman OU,54.0,0.14034487065891188,-0.012117591532007504,True
baseline,stationary,35,Kalman OU,62.0,-0.2566166017659871,-0.03637190050672323,True
baseline,stationary,35,Kalman OU,70.0,-1.6571357441333037,0.01936147783016609,True
baseline,stationary,35,Kalman OU,78.0,-1.306893233604165,0.030452880642259622,True
baseline,stationary,35,Latent Neural SDE (VI),30.0,0.09786474704742432,-0.01328000349933292,True
baseline,stationary,35,Latent Neural SDE (VI),38.0,0.10488677024841309,0.025123636756579748,True
baseline,stationary,35,Latent Neural SDE (VI),46.0,-1.5545703172683716,0.01767124352220245,True
baseline,stationary,35,Latent Neural SDE (VI),54.0,0.2835031747817993,0.015232010412859792,True
baseline,stationary,35,Latent Neural SDE (VI),62.0,-0.4790455102920532,0.013054435698554412,True
baseline,stationary,35,Latent Neural SDE (VI),70.0,-1.3513010740280151,0.015838490870922317,True
baseline,stationary,35,Latent Neural SDE (VI),78.0,-0.3049839735031128,0.04049971327637078,True
baseline,stationary,35,Moment OU,30.0,-0.3528628955020947,0.016339580859649955,True
baseline,stationary,35,Moment OU,38.0,-0.18700126134235362,0.016350355772863423,True
baseline,stationary,35,Moment OU,46.0,-1.3155181823678603,0.04745238726793413,True
baseline,stationary,35,Moment OU,54.0,-0.23435049233423122,0.04372900255952028,True
baseline,stationary,35,Moment OU,62.0,-0.9163228503996952,0.03230593554287545,True
baseline,stationary,35,Moment OU,70.0,-2.1102654415544984,0.058525238034575405,True
baseline,stationary,35,Moment OU,78.0,-1.412573693718595,0.050696477298664805,True
baseline,stationary,35,Neural SDE (Euler),30.0,0.18765294551849365,-0.017402292136015185,True
baseline,stationary,35,Neural SDE (Euler),38.0,0.08635151386260986,0.024229487152148205,True
baseline,stationary,35,Neural SDE (Euler),46.0,-1.5931949615478516,0.009429146182880072,True
baseline,stationary,35,Neural SDE (Euler),54.0,0.2704956531524658,0.016828889227591515,True
baseline,stationary,35,Neural SDE (Euler),62.0,-0.4227597713470459,0.009586175941860925,True
baseline,stationary,35,Neural SDE (Euler),70.0,-1.2356173992156982,0.014087524652184269,True
baseline,stationary,35,Neural SDE (Euler),78.0,-0.34038472175598145,0.03940908838722634,True
baseline,stationary,35,SINDy-STLSQ,30.0,0.1034793859941685,0.004198634630814435,True
baseline,stationary,35,SINDy-STLSQ,38.0,0.7314750334416424,0.015362517043278345,True
baseline,stationary,35,SINDy-STLSQ,46.0,-0.37836759151619814,0.022483546631817036,True
baseline,stationary,35,SINDy-STLSQ,54.0,0.5733895816915956,0.03685382678217333,True
baseline,stationary,35,SINDy-STLSQ,62.0,-1.0477973446855093,0.01316069179560539,True
baseline,stationary,35,SINDy-STLSQ,70.0,-1.6901033406893424,0.01563901272348528,True
baseline,stationary,35,SINDy-STLSQ,78.0,-0.4781027187835263,0.024566816701511424,True
combined,noise_growth,24,Bayesian SINDy (spike-slab),30.0,0.5079757484522844,0.024735247363042473,True
combined,noise_growth,24,Bayesian SINDy (spike-slab),38.0,,,False
combined,noise_growth,24,Bayesian SINDy (spike-slab),46.0,0.6972662688146618,0.11255175678508675,True
combined,noise_growth,24,Bayesian SINDy (spike-slab),54.0,-0.24002431666517676,0.04830209391543472,True
combined,noise_growth,24,Bayesian SINDy (spike-slab),62.0,-0.20674538092053862,0.1530709826595044,True
combined,noise_growth,24,Bayesian SINDy (spike-slab),70.0,0.40866080248486575,0.20590166408529045,True
combined,noise_growth,24,Bayesian SINDy (spike-slab),78.0,0.05092017858428688,0.18587879507885394,True
combined,noise_growth,24,Kalman OU,30.0,-0.5029975049194564,-0.049017259458774276,True
combined,noise_growth,24,Kalman OU,38.0,-1.6872462001424866,0.21615457934403398,True
combined,noise_growth,24,Kalman OU,46.0,0.5642064585910787,-0.13635301263282346,True
combined,noise_growth,24,Kalman OU,54.0,0.40772043113285905,-0.13699175707384154,True
combined,noise_growth,24,Kalman OU,62.0,0.19060214753848193,-0.1485295117844925,True
combined,noise_growth,24,Kalman OU,70.0,-0.2776927361093564,0.251515459961625,True
combined,noise_growth,24,Kalman OU,78.0,-0.7479488295408812,0.37093133582314314,True
combined,noise_growth,24,Latent Neural SDE (VI),30.0,0.12711435556411743,-0.01060576633620297,True
combined,noise_growth,24,Latent Neural SDE (VI),38.0,0.3998672068119049,0.04306244438569343,True
combined,noise_growth,24,Latent Neural SDE (VI),46.0,0.24348926544189453,0.11461473567278926,True
combined,noise_growth,24,Latent Neural SDE (VI),54.0,0.03442889451980591,0.1175952835014282,True
combined,noise_growth,24,Latent Neural SDE (VI),62.0,-0.17280268669128418,0.19026154942006004,True
combined,noise_growth,24,Latent Neural SDE (VI),70.0,-0.0068378448486328125,0.286956554087758,True
combined,noise_growth,24,Latent Neural SDE (VI),78.0,-0.3333553075790405,0.1227904757894642,True
combined,noise_growth,24,Moment OU,30.0,0.7838625718327306,-0.19086191850533268,True
combined,noise_growth,24,Moment OU,38.0,,,False
combined,noise_growth,24,Moment OU,46.0,-0.005075447738798866,0.04091154788452783,True
combined,noise_growth,24,Moment OU,54.0,-0.9448589643569143,0.11383860818356678,True
combined,noise_growth,24,Moment OU,62.0,-2.52576343337013,0.47162797482612173,True
combined,noise_growth,24,Moment OU,70.0,-0.00989776159818212,0.2532088187747077,True
combined,noise_growth,24,Moment OU,78.0,-0.7416640863660215,0.40356415265880985,True
combined,noise_growth,24,Neural SDE (Euler),30.0,-0.05649149417877197,0.062337611760826556,True
combined,noise_growth,24,Neural SDE (Euler),38.0,,,False
combined,noise_growth,24,Neural SDE (Euler),46.0,0.2885397672653198,0.07340053988680387,True
combined,noise_growth,24,Neural SDE (Euler),54.0,0.24681496620178223,0.2733786847078452,True
combined,noise_growth,24,Neural SDE (Euler),62.0,-0.9058312773704529,0.4143484625080045,True
combined,noise_growth,24,Neural SDE (Euler),70.0,-1.4709938168525696,0.15263514703762435,True
combined,noise_growth,24,Neural SDE (Euler),78.0,-0.47332292795181274,0.07596144735837404,True
combined,noise_growth,24,SINDy-STLSQ,30.0,0.22396322879455832,0.012686146452669161,True
combined,noise_growth,24,SINDy-STLSQ,38.0,,,False
combined,noise_growth,24,SINDy-STLSQ,46.0,-0.5081525690044595,0.11769906506263769,True
combined,noise_growth,24,SINDy-STLSQ,54.0,-2.1398718439289097,-0.024116359780561536,True
combined,noise_growth,24,SINDy-STLSQ,62.0,-0.07822602311112747,0.14501779251585298,True
combined,noise_growth,24,SINDy-STLSQ,70.0,-1.3519435142974632,0.14475508586565947,True
combined,noise_growth,24,SINDy-STLSQ,78.0,-0.8580796208623065,0.15259212167167455,True
combined,noise_growth,25,Bayesian SINDy (spike-slab),30.0,1.2528601769396093,0.04246444775026298,True
combined,noise_growth,25,Bayesian SINDy (spike-slab),38.0,,,False
combined,noise_growth,25,Bayesian SINDy (spike-slab),46.0,,,False
combined,noise_growth,25,Bayesian SINDy (spike-slab),54.0,,,False
combined,noise_growth,25,Bayesian SINDy (spike-slab),62.0,1.0581838728195772,0.036536921531770294,True
combined,noise_growth,25,Bayesian SINDy (spike-slab),70.0,,,False
combined,noise_growth,25,Bayesian SINDy (spike-slab),78.0,,,False
combined,noise_growth,25,Kalman OU,30.0,1.4249604405364023,0.3865317907114126,True
combined,noise_growth,25,Kalman OU,38.0,0.0,0.0,True
combined,noise_growth,25,Kalman OU,46.0,1.5231948470963321,0.23910377625173665,True
combined,noise_growth,25,Kalman OU,54.0,0.0,0.0,True
combined,noise_growth,25,Kalman OU,62.0,2.6485091253117794,0.14829735549147066,True
combined,noise_growth,25,Kalman OU,70.0,2.3535496727886693,0.3149393514577164,True
combined,noise_growth,25,Kalman OU,78.0,2.317547614465868,0.3390258585495399,True
combined,noise_growth,25,Latent Neural SDE (VI),30.0,0.947310209274292,-0.02460503990974708,True
combined,noise_growth,25,Latent Neural SDE (VI),38.0,1.4556697607040405,-0.1550748156353906,True
combined,noise_growth,25,Latent Neural SDE (VI),46.0,1.3123363852500916,-0.13046307195243792,True
combined,noise_growth,25,Latent Neural SDE (VI),54.0,0.7627913951873779,-0.07598737122439167,True
combined,noise_growth,25,Latent Neural SDE (VI),62.0,0.8000955581665039,-0.042296605403643495,True
combined,noise_growth,25,Latent Neural SDE (VI),70.0,1.1643657684326172,0.00012997609698656154,True
combined,noise_growth,25,Latent Neural SDE (VI),78.0,1.947829782962799,0.11215464239642797,True
combined,noise_growth,25,Moment OU,30.0,,,False
combined,noise_growth,25,Moment OU,38.0,,,False
combined,noise_growth,25,Moment OU,46.0,,,False
combined,noise_growth,25,Moment OU,54.0,,,False
combined,noise_growth,25,Moment OU,62.0,,,False
combined,noise_growth,25,Moment OU,70.0,,,False
combined,noise_growth,25,Moment OU,78.0,,,False
combined,noise_growth,25,Neural SDE (Euler),30.0,0.6075654029846191,-0.08980524878169746,True
combined,noise_growth,25,Neural SDE (Euler),38.0,,,False
combined,noise_growth,25,Neural SDE (Euler),46.0,,,False
combined,noise_growth,25,Neural SDE (Euler),54.0,,,False
combined,noise_growth,25,Neural SDE (Euler),62.0,0.9143567085266113,-0.09870694437421407,True
combined,noise_growth,25,Neural SDE (Euler),70.0,,,False
combined,noise_growth,25,Neural SDE (Euler),78.0,,,False
combined,noise_growth,25,SINDy-STLSQ,30.0,1.624542399276972,0.059627647000247974,True
combined,noise_growth,25,SINDy-STLSQ,38.0,,,False
combined,noise_growth,25,SINDy-STLSQ,46.0,,,False
combined,noise_growth,25,SINDy-STLSQ,54.0,,,False
combined,noise_growth,25,SINDy-STLSQ,62.0,1.9591678333288878,0.05236491021202419,True
combined,noise_growth,25,SINDy-STLSQ,70.0,,,False
combined,noise_growth,25,SINDy-STLSQ,78.0,,,False
combined,noise_growth,26,Bayesian SINDy (spike-slab),30.0,-0.004380043058219818,-0.016059906653621225,True
combined,noise_growth,26,Bayesian SINDy (spike-slab),38.0,-0.7982801311455314,-0.0683003018517914,True
combined,noise_growth,26,Bayesian SINDy (spike-slab),46.0,0.2084764673975048,-0.009327116779555888,True
combined,noise_growth,26,Bayesian SINDy (spike-slab),54.0,0.512084466173061,-0.04795282667340292,True
combined,noise_growth,26,Bayesian SINDy (spike-slab),62.0,,,False
combined,noise_growth,26,Bayesian SINDy (spike-slab),70.0,,,False
combined,noise_growth,26,Bayesian SINDy (spike-slab),78.0,,,False
combined,noise_growth,26,Kalman OU,30.0,-0.1352087739942444,0.0031404003578348327,True
combined,noise_growth,26,Kalman OU,38.0,-2.8636765914754063,-0.07592386451834708,True
combined,noise_growth,26,Kalman OU,46.0,-1.5867770562092993,0.36977149164929946,True
combined,noise_growth,26,Kalman OU,54.0,-0.18335057515376824,0.017558771928315925,True
combined,noise_growth,26,Kalman OU,62.0,-0.2442155432746233,0.12673346581617656,True
combined,noise_growth,26,Kalman OU,70.0,-0.729345255074866,0.3042238892904113,True
combined,noise_growth,26,Kalman OU,78.0,-2.8636765914754063,-0.07592386451834708,True
combined,noise_growth,26,Latent Neural SDE (VI),30.0,-1.012459635734558,-0.06091139709170176,True
combined,noise_growth,26,Latent Neural SDE (VI),38.0,-0.7619482278823853,-0.1241607086049486,True
combined,noise_growth,26,Latent Neural SDE (VI),46.0,-0.5749154090881348,-0.052503511993720636,True
combined,noise_growth,26,Latent Neural SDE (VI),54.0,-0.4688868522644043,-0.04418541339414056,True
combined,noise_growth,26,Latent Neural SDE (VI),62.0,0.24687790870666504,-0.1436963929011868,True
combined,noise_growth,26,Latent Neural SDE (VI),70.0,0.2356189489364624,0.01648027805515767,True
combined,noise_growth,26,Latent Neural SDE (VI),78.0,-1.0018229484558105,-0.12807172081112855,True
combined,noise_growth,26,Moment OU,30.0,0.036157222328808025,-0.0797322377451023,True
combined,noise_growth,26,Moment OU,38.0,,,False
combined,noise_growth,26,Moment OU,46.0,1.2319519586447196,-0.06677522322220991,True
combined,noise_growth,26,Moment OU,54.0,0.8981555859772801,-0.1240105752723697,True
combined,noise_growth,26,Moment OU,62.0,,,False
combined,noise_growth,26,Moment OU,70.0,,,False
combined,noise_growth,26,Moment OU,78.0,,,False
combined,noise_growth,26,Neural SDE (Euler),30.0,-1.564597249031067,-0.10644204182410119,True
combined,noise_growth,26,Neural SDE (Euler),38.0,-1.475122332572937,-0.05338181945736423,True
combined,noise_growth,26,Neural SDE (Euler),46.0,0.1458677053451538,-0.05164432167955435,True
combined,noise_growth,26,Neural SDE (Euler),54.0,-0.6238914728164673,-0.07763114365984689,True
combined,noise_growth,26,Neural SDE (Euler),62.0,,,False
combined,noise_growth,26,Neural SDE (Euler),70.0,,,False
combined,noise_growth,26,Neural SDE (Euler),78.0,,,False
combined,noise_growth,26,SINDy-STLSQ,30.0,-0.2434964242081481,-0.015013071349472717,True
combined,noise_growth,26,SINDy-STLSQ,38.0,-0.2293542523271701,-0.0663220231923474,True
combined,noise_growth,26,SINDy-STLSQ,46.0,-0.03711618817416351,-0.033493703819589826,True
combined,noise_growth,26,SINDy-STLSQ,54.0,0.3412570420477876,-0.043293161384161116,True
combined,noise_growth,26,SINDy-STLSQ,62.0,,,False
combined,noise_growth,26,SINDy-STLSQ,70.0,,,False
combined,noise_growth,26,SINDy-STLSQ,78.0,,,False
combined,noise_growth,27,Bayesian SINDy (spike-slab),30.0,-0.5738737211013695,-0.01903485922914039,True
combined,noise_growth,27,Bayesian SINDy (spike-slab),38.0,0.06668202239831966,0.059547948563550224,True
combined,noise_growth,27,Bayesian SINDy (spike-slab),46.0,0.45899442084974545,-0.06505528786877204,True
combined,noise_growth,27,Bayesian SINDy (spike-slab),54.0,0.07759693232224685,-0.16724607646270628,True
combined,noise_growth,27,Bayesian SINDy (spike-slab),62.0,0.7546519826836968,-0.06819438002260633,True
combined,noise_growth,27,Bayesian SINDy (spike-slab),70.0,0.6951437367862681,0.03770244430074987,True
combined,noise_growth,27,Bayesian SINDy (spike-slab),78.0,0.8128620633595218,0.10850738798531578,True
combined,noise_growth,27,Kalman OU,30.0,-2.542221229201675,-0.07245554103249643,True
combined,noise_growth,27,Kalman OU,38.0,-2.542221229201675,0.5354895466629465,True
combined,noise_growth,27,Kalman OU,46.0,-0.7748972932958371,0.23788876727200356,True
combined,noise_growth,27,Kalman OU,54.0,-0.13039119836077567,0.14881612452893028,True
combined,noise_growth,27,Kalman OU,62.0,0.011760169281458177,0.21205094850333953,True
combined,noise_growth,27,Kalman OU,70.0,-0.4579820556999475,0.34180124838053183,True
combined,noise_growth,27,Kalman OU,78.0,-0.21214576402486301,0.4575138993747335,True
combined,noise_growth,27,Latent Neural SDE (VI),30.0,-0.31620335578918457,-0.05988728505207577,True
combined,noise_growth,27,Latent Neural SDE (VI),38.0,-0.8550260066986084,-0.0037161089150680726,True
combined,noise_growth,27,Latent Neural SDE (VI),46.0,0.9868621826171875,0.05205045444970821,True
combined,noise_growth,27,Latent Neural SDE (VI),54.0,1.7332769632339478,-0.05372162495963523,True
combined,noise_growth,27,Latent Neural SDE (VI),62.0,2.0717859268188477,0.02971121715731964,True
combined,noise_growth,27,Latent Neural SDE (VI),70.0,1.307183861732483,0.05566522189522624,True
combined,noise_growth,27,Latent Neural SDE (VI),78.0,1.6985211372375488,0.15841885304179829,True
combined,noise_growth,27,Moment OU,30.0,,,False
combined,noise_growth,27,Moment OU,38.0,-0.037400135439976445,0.09734748187102649,True
combined,noise_growth,27,Moment OU,46.0,1.9056314889156276,-0.25067403207265826,True
combined,noise_growth,27,Moment OU,54.0,2.212102023539596,-0.2969981791209717,True
combined,noise_growth,27,Moment OU,62.0,1.9738888864751816,-0.12296095474464797,True
combined,noise_growth,27,Moment OU,70.0,1.5478911212905593,-0.02987990171920135,True
combined,noise_growth,27,Moment OU,78.0,1.768110654571867,0.12847986523972788,True
combined,noise_growth,27,Neural SDE (Euler),30.0,0.4373440742492676,-0.1157132122264711,True
combined,noise_growth,27,Neural SDE (Euler),38.0,0.218949556350708,0.010214667297933744,True
combined,noise_growth,27,Neural SDE (Euler),46.0,1.2186510562896729,-0.052939363312654586,True
combined,noise_growth,27,Neural SDE (Euler),54.0,1.0176093578338623,-0.24416257076912762,True
combined,noise_growth,27,Neural SDE (Euler),62.0,2.9283232390880585,-0.10673593252667823,True
combined,noise_growth,27,Neural SDE (Euler),70.0,2.4661835432052612,0.20253352191955148,True
combined,noise_growth,27,Neural SDE (Euler),78.0,2.7393559217453003,0.25186882043780406,True
combined,noise_growth,27,SINDy-STLSQ,30.0,-0.6206660741469334,-0.016521385113052484,True
combined,noise_growth,27,SINDy-STLSQ,38.0,-0.5421944561949266,0.03910809540692739,True
combined,noise_growth,27,SINDy-STLSQ,46.0,0.10389101283605884,-0.08066281589027455,True
combined,noise_growth,27,SINDy-STLSQ,54.0,-0.1358095184921322,-0.17641274322733846,True
combined,noise_growth,27,SINDy-STLSQ,62.0,1.5295956327477827,-0.058733765319843756,True
combined,noise_growth,27,SINDy-STLSQ,70.0,0.6870725948630945,0.026995574558448254,True
combined,noise_growth,27,SINDy-STLSQ,78.0,0.05175007357856387,0.11125928417491832,True
combined,noise_growth,28,Bayesian SINDy (spike-slab),30.0,0.4382234540589194,0.0025372152283691107,True
combined,noise_growth,28,Bayesian SINDy (spike-slab),38.0,-0.3387923762704961,-0.05507508278773951,True
combined,noise_growth,28,Bayesian SINDy (spike-slab),46.0,0.9478092838341785,-0.0050503408028116925,True
combined,noise_growth,28,Bayesian SINDy (spike-slab),54.0,1.3365182727206761,0.06347990493725392,True
combined,noise_growth,28,Bayesian SINDy (spike-slab),62.0,,,False
combined,noise_growth,28,Bayesian SINDy (spike-slab),70.0,,,False
combined,noise_growth,28,Bayesian SINDy (spike-slab),78.0,,,False
combined,noise_growth,28,Kalman OU,30.0,0.0,0.0,True
combined,noise_growth,28,Kalman OU,38.0,0.0,0.0,True
combined,noise_growth,28,Kalman OU,46.0,1.4572643541434271,0.404872638095895,True
combined,noise_growth,28,Kalman OU,54.0,2.247660160832636,0.3678673491176979,True
combined,noise_growth,28,Kalman OU,62.0,2.1192213091535774,0.36005117265323183,True
combined,noise_growth,28,Kalman OU,70.0,0.0,0.0,True
combined,noise_growth,28,Kalman OU,78.0,0.9239339761143199,0.6246642199327864,True
combined,noise_growth,28,Latent Neural SDE (VI),30.0,0.33622199296951294,-0.0054159926302878025,True
combined,noise_growth,28,Latent Neural SDE (VI),38.0,-1.068831205368042,-0.008137401811956851,True
combined,noise_growth,28,Latent Neural SDE (VI),46.0,0.13979864120483398,0.18170307622877638,True
combined,noise_growth,28,Latent Neural SDE (VI),54.0,0.4496031403541565,0.1669995180035266,True
combined,noise_growth,28,Latent Neural SDE (VI),62.0,1.0074153244495392,0.030658041185821577,True
combined,noise_growth,28,Latent Neural SDE (VI),70.0,0.5761160850524902,-0.030760524528626043,True
combined,noise_growth,28,Latent Neural SDE (VI),78.0,-0.907724142074585,0.10746122746898154,True
combined,noise_growth,28,Moment OU,30.0,,,False
combined,noise_growth,28,Moment OU,38.0,,,False
combined,noise_growth,28,Moment OU,46.0,,,False
combined,noise_growth,28,Moment OU,54.0,,,False
combined,noise_growth,28,Moment OU,62.0,,,False
combined,noise_growth,28,Moment OU,70.0,,,False
combined,noise_growth,28,Moment OU,78.0,,,False
combined,noise_growth,28,Neural SDE (Euler),30.0,-0.4662827253341675,-0.01909756122881101,True
combined,noise_growth,28,Neural SDE (Euler),38.0,-0.9665100574493408,-0.17372418066499618,True
combined,noise_growth,28,Neural SDE (Euler),46.0,-1.1668457984924316,-0.03331438609401588,True
combined,noise_growth,28,Neural SDE (Euler),54.0,-0.09373712539672852,0.09646439767631523,True
combined,noise_growth,28,Neural SDE (Euler),62.0,,,False
combined,noise_growth,28,Neural SDE (Euler),70.0,,,False
combined,noise_growth,28,Neural SDE (Euler),78.0,,,False
combined,noise_growth,28,SINDy-STLSQ,30.0,-0.18877701944652425,0.004236492082257043,True
combined,noise_growth,28,SINDy-STLSQ,38.0,-1.5447675142208372,-0.04673488762849351,True
combined,noise_growth,28,SINDy-STLSQ,46.0,-1.8679198225246538,-0.052828139598749074,True
combined,noise_growth,28,SINDy-STLSQ,54.0,-1.276453568905458,0.014283504492712734,True
combined,noise_growth,28,SINDy-STLSQ,62.0,,,False
combined,noise_growth,28,SINDy-STLSQ,70.0,,,False
combined,noise_growth,28,SINDy-STLSQ,78.0,,,False
combined,noise_growth,29,Bayesian SINDy (spike-slab),30.0,-0.3153424177921941,-0.008985079217878361,True
combined,noise_growth,29,Bayesian SINDy (spike-slab),38.0,0.36194854254237585,0.04974984164013327,True
combined,noise_growth,29,Bayesian SINDy (spike-slab),46.0,0.09027825046292903,-0.010356039289754093,True
combined,noise_growth,29,Bayesian SINDy (spike-slab),54.0,0.3958681885574942,0.08018456429418347,True
combined,noise_growth,29,Bayesian SINDy (spike-slab),62.0,0.28494270613302597,0.048940989396275,True
combined,noise_growth,29,Bayesian SINDy (spike-slab),70.0,0.6617588741457645,0.06658146570314794,True
combined,noise_growth,29,Bayesian SINDy (spike-slab),78.0,0.7858945170969459,0.1184024233189234,True
combined,noise_growth,29,Kalman OU,30.0,0.0,0.052424481781386534,True
combined,noise_growth,29,Kalman OU,38.0,0.3111762627758514,0.0760182067486243,True
combined,noise_growth,29,Kalman OU,46.0,1.3137744814205774,-0.004207673562250824,True
combined,noise_growth,29,Kalman OU,54.0,2.756118544186515,-0.21674478464089433,True
combined,noise_growth,29,Kalman OU,62.0,1.240698804824797,0.0231372784881248,True
combined,noise_growth,29,Kalman OU,70.0,1.9820449570440521,-0.011198726024547911,True
combined,noise_growth,29,Kalman OU,78.0,2.2218271656552178,0.022983975603290463,True
combined,noise_growth,29,Latent Neural SDE (VI),30.0,1.0302581787109375,0.0843384457081687,True
combined,noise_growth,29,Latent Neural SDE (VI),38.0,0.08010101318359375,0.023685427423181415,True
combined,noise_growth,29,Latent Neural SDE (VI),46.0,0.643691897392273,-0.053330353096296246,True
combined,noise_growth,29,Latent Neural SDE (VI),54.0,1.8039057850837708,0.10837288269112022,True
combined,noise_growth,29,Latent Neural SDE (VI),62.0,1.5287466049194336,0.05072686901757967,True
combined,noise_growth,29,Latent Neural SDE (VI),70.0,1.8056702613830566,0.09297361047102407,True
combined,noise_growth,29,Latent Neural SDE (VI),78.0,2.3035601675510406,0.12486785718120014,True
combined,noise_growth,29,Moment OU,30.0,-0.9759486162444675,0.10427115340802513,True
combined,noise_growth,29,Moment OU,38.0,-0.5637228860081396,0.13452566926962573,True
combined,noise_growth,29,Moment OU,46.0,-0.6030177830064465,0.13642838146573033,True
combined,noise_growth,29,Moment OU,54.0,0.10273329338257309,0.151852745376791,True
combined,noise_growth,29,Moment OU,62.0,0.1505071375741318,0.09893111474170622,True
combined,noise_growth,29,Moment OU,70.0,0.5563575734403783,0.095090687380373,True
combined,noise_growth,29,Moment OU,78.0,0.4347279524547971,0.19542725061129923,True
combined,noise_growth,29,Neural SDE (Euler),30.0,0.14624643325805664,0.045608469027396376,True
combined,noise_growth,29,Neural SDE (Euler),38.0,-0.46848273277282715,-0.009143242412744751,True
combined,noise_growth,29,Neural SDE (Euler),46.0,-0.6903386116027832,-0.10677554983084325,True
combined,noise_growth,29,Neural SDE (Euler),54.0,1.3663654327392578,0.07175201856745256,True
combined,noise_growth,29,Neural SDE (Euler),62.0,1.863666296005249,0.0391805169066364,True
combined,noise_growth,29,Neural SDE (Euler),70.0,2.072766423225403,0.06213599155860089,True
combined,noise_growth,29,Neural SDE (Euler),78.0,1.850882887840271,0.17821073120265368,True
combined,noise_growth,29,SINDy-STLSQ,30.0,-0.42584615719797014,-0.014930549000286536,True
combined,noise_growth,29,SINDy-STLSQ,38.0,0.04465123629071854,0.036975283669603204,True
combined,noise_growth,29,SINDy-STLSQ,46.0,-0.4540066417920854,-0.03382155527419532,True
combined,noise_growth,29,SINDy-STLSQ,54.0,1.0598655954999787,0.08791249122844952,True
combined,noise_growth,29,SINDy-STLSQ,62.0,1.5231525061555589,0.06643245560723848,True
combined,noise_growth,29,SINDy-STLSQ,70.0,1.595075382098218,0.08328548728607035,True
combined,noise_growth,29,SINDy-STLSQ,78.0,1.5626398773581358,0.14330806278679642,True
combined,noise_growth,30,Bayesian SINDy (spike-slab),30.0,,,False
combined,noise_growth,30,Bayesian SINDy (spike-slab),38.0,,,False
combined,noise_growth,30,Bayesian SINDy (spike-slab),46.0,-0.9768145252052018,-0.019382263532985194,True
combined,noise_growth,30,Bayesian SINDy (spike-slab),54.0,,,False
combined,noise_growth,30,Bayesian SINDy (spike-slab),62.0,-0.27542386437400485,-0.0868870721272745,True
combined,noise_growth,30,Bayesian SINDy (spike-slab),70.0,,,False
combined,noise_growth,30,Bayesian SINDy (spike-slab),78.0,-0.3583393686501915,0.26941577142714346,True
combined,noise_growth,30,Kalman OU,30.0,0.07244268307400947,-0.04289786659169592,True
combined,noise_growth,30,Kalman OU,38.0,-1.7719755896150984,-0.30232738133050985,True
combined,noise_growth,30,Kalman OU,46.0,-1.7719755896150984,-0.30232738133050985,True
combined,noise_growth,30,Kalman OU,54.0,0.5549020715242231,-0.1760670878383515,True
combined,noise_growth,30,Kalman OU,62.0,0.47423958671551014,-0.08266329792635255,True
combined,noise_growth,30,Kalman OU,70.0,0.5915990259200409,-0.19118943136276906,True
combined,noise_growth,30,Kalman OU,78.0,0.2833659315934486,0.032376771365996315,True
combined,noise_growth,30,Latent Neural SDE (VI),30.0,-0.06960314512252808,0.012710744151880587,True
combined,noise_growth,30,Latent Neural SDE (VI),38.0,-0.6791634559631348,0.03239992020244528,True
combined,noise_growth,30,Latent Neural SDE (VI),46.0,-0.4016261100769043,-0.025912397549970434,True
combined,noise_growth,30,Latent Neural SDE (VI),54.0,0.12151402235031128,-0.05877366913577284,True
combined,noise_growth,30,Latent Neural SDE (VI),62.0,0.057109832763671875,-0.030988725593437794,True
combined,noise_growth,30,Latent Neural SDE (VI),70.0,-0.08788853883743286,0.005081305943891973,True
combined,noise_growth,30,Latent Neural SDE (VI),78.0,-0.8409678936004639,0.20927564243309324,True
combined,noise_growth,30,Moment OU,30.0,,,False
combined,noise_growth,30,Moment OU,38.0,,,False
combined,noise_growth,30,Moment OU,46.0,,,False
combined,noise_growth,30,Moment OU,54.0,,,False
combined,noise_growth,30,Moment OU,62.0,0.5183279649688417,-0.09107959127196008,True
combined,noise_growth,30,Moment OU,70.0,,,False
combined,noise_growth,30,Moment OU,78.0,-2.120749886354443,0.8311708308430379,True
combined,noise_growth,30,Neural SDE (Euler),30.0,,,False
combined,noise_growth,30,Neural SDE (Euler),38.0,,,False
combined,noise_growth,30,Neural SDE (Euler),46.0,-1.1075162589550018,0.0051462926665703235,True
combined,noise_growth,30,Neural SDE (Euler),54.0,,,False
combined,noise_growth,30,Neural SDE (Euler),62.0,-2.3828079402446747,-0.09680190285349871,True
combined,noise_growth,30,Neural SDE (Euler),70.0,,,False
combined,noise_growth,30,Neural SDE (Euler),78.0,-2.7252850234508514,0.17512661862286627,True
combined,noise_growth,30,SINDy-STLSQ,30.0,,,False
combined,noise_growth,30,SINDy-STLSQ,38.0,,,False
combined,noise_growth,30,SINDy-STLSQ,46.0,-0.22889533375701498,-0.0004532010396062214,True
combined,noise_growth,30,SINDy-STLSQ,54.0,,,False
combined,noise_growth,30,SINDy-STLSQ,62.0,-0.13606523200861143,-0.0811116828743843,True
combined,noise_growth,30,SINDy-STLSQ,70.0,,,False
combined,noise_growth,30,SINDy-STLSQ,78.0,-0.11775832341944137,0.24188011853605604,True
combined,noise_growth,31,Bayesian SINDy (spike-slab),30.0,,,False
combined,noise_growth,31,Bayesian SINDy (spike-slab),38.0,0.9401073797722845,0.018274657698052144,True
combined,noise_growth,31,Bayesian SINDy (spike-slab),46.0,1.1838072235271957,0.03899646287126471,True
combined,noise_growth,31,Bayesian SINDy (spike-slab),54.0,,,False
combined,noise_growth,31,Bayesian SINDy (spike-slab),62.0,,,False
combined,noise_growth,31,Bayesian SINDy (spike-slab),70.0,1.1306590343625833,0.0718763380959569,True
combined,noise_growth,31,Bayesian SINDy (spike-slab),78.0,0.9223309205685544,0.034076663198702645,True
combined,noise_growth,31,Kalman OU,30.0,0.3709063000454037,0.06973194167668598,True
combined,noise_growth,31,Kalman OU,38.0,0.4121731404414425,0.019488930283813433,True
combined,noise_growth,31,Kalman OU,46.0,0.3023645392342732,0.026463221551219385,True
combined,noise_growth,31,Kalman OU,54.0,-1.9715277560937026,-0.20030316459078004,True
combined,noise_growth,31,Kalman OU,62.0,0.46213798604867307,-0.044937370289062695,True
combined,noise_growth,31,Kalman OU,70.0,0.6162479603219584,0.008758843233426516,True
combined,noise_growth,31,Kalman OU,78.0,-0.22687740817239632,0.1810708615766812,True
combined,noise_growth,31,Latent Neural SDE (VI),30.0,0.7453006207942963,-0.01736774047648204,True
combined,noise_growth,31,Latent Neural SDE (VI),38.0,0.9269531965255737,0.152959931647554,True
combined,noise_growth,31,Latent Neural SDE (VI),46.0,0.5150718688964844,0.04183236069004309,True
combined,noise_growth,31,Latent Neural SDE (VI),54.0,-1.2780086994171143,-0.051639891399788446,True
combined,noise_growth,31,Latent Neural SDE (VI),62.0,-0.6446695327758789,-0.009795598895354973,True
combined,noise_growth,31,Latent Neural SDE (VI),70.0,0.8091806471347809,0.15678984331745055,True
combined,noise_growth,31,Latent Neural SDE (VI),78.0,0.38284653425216675,0.05559698238608479,True
combined,noise_growth,31,Moment OU,30.0,,,False
combined,noise_growth,31,Moment OU,38.0,0.38514043504166706,0.024575973603642526,True
combined,noise_growth,31,Moment OU,46.0,0.8039462208250342,-0.0937102586994113,True
combined,noise_growth,31,Moment OU,54.0,,,False
combined,noise_growth,31,Moment OU,62.0,,,False
combined,noise_growth,31,Moment OU,70.0,-0.23830368620342313,0.16609027904943544,True
combined,noise_growth,31,Moment OU,78.0,-0.08347414098029016,0.10788533359261168,True
combined,noise_growth,31,Neural SDE (Euler),30.0,,,False
combined,noise_growth,31,Neural SDE (Euler),38.0,2.1863489151000977,0.24687220167387683,True
combined,noise_growth,31,Neural SDE (Euler),46.0,2.0655031204223633,0.11953637480339477,True
combined,noise_growth,31,Neural SDE (Euler),54.0,,,False
combined,noise_growth,31,Neural SDE (Euler),62.0,,,False
combined,noise_growth,31,Neural SDE (Euler),70.0,2.364621162414551,0.17416682674574488,True
combined,noise_growth,31,Neural SDE (Euler),78.0,2.2561450004577637,0.019489779066518442,True
combined,noise_growth,31,SINDy-STLSQ,30.0,,,False
combined,noise_growth,31,SINDy-STLSQ,38.0,1.5837852043152818,0.02530515772386993,True
combined,noise_growth,31,SINDy-STLSQ,46.0,-1.8383425519220569,0.003475543433798467,True
combined,noise_growth,31,SINDy-STLSQ,54.0,,,False
combined,noise_growth,31,SINDy-STLSQ,62.0,,,False
combined,noise_growth,31,SINDy-STLSQ,70.0,0.1994456469502004,0.07243174581800815,True
combined,noise_growth,31,SINDy-STLSQ,78.0,1.075209561317516,0.0412678539460177,True
combined,noise_growth,32,Bayesian SINDy (spike-slab),30.0,,,False
combined,noise_growth,32,Bayesian SINDy (spike-slab),38.0,,,False
combined,noise_growth,32,Bayesian SINDy (spike-slab),46.0,,,False
combined,noise_growth,32,Bayesian SINDy (spike-slab),54.0,,,False
combined,noise_growth,32,Bayesian SINDy (spike-slab),62.0,,,False
combined,noise_growth,32,Bayesian SINDy (spike-slab),70.0,,,False
combined,noise_growth,32,Bayesian SINDy (spike-slab),78.0,,,False
combined,noise_growth,32,Kalman OU,30.0,1.5859523057704379,0.2147600511284315,True
combined,noise_growth,32,Kalman OU,38.0,1.9184742388696285,0.26945810056634806,True
combined,noise_growth,32,Kalman OU,46.0,2.3972722528838335,0.2388676132039209,True
combined,noise_growth,32,Kalman OU,54.0,2.141708017486816,0.3171524835100131,True
combined,noise_growth,32,Kalman OU,62.0,1.9066444083588452,0.42483044766785144,True
combined,noise_growth,32,Kalman OU,70.0,2.2551523114324663,0.2828454256365372,True
combined,noise_growth,32,Kalman OU,78.0,2.755652400500816,0.19168404202160993,True
combined,noise_growth,32,Latent Neural SDE (VI),30.0,1.3531092405319214,0.03326970557487302,True
combined,noise_growth,32,Latent Neural SDE (VI),38.0,1.0876809358596802,0.03890348329825101,True
combined,noise_growth,32,Latent Neural SDE (VI),46.0,2.0018834471702576,0.14545141432883174,True
combined,noise_growth,32,Latent Neural SDE (VI),54.0,0.9765905141830444,0.0941794658112499,True
combined,noise_growth,32,Latent Neural SDE (VI),62.0,1.520873785018921,0.3069784040480136,True
combined,noise_growth,32,Latent Neural SDE (VI),70.0,0.8755427598953247,0.23111357507324276,True
combined,noise_growth,32,Latent Neural SDE (VI),78.0,1.7089036703109741,0.2543146021027609,True
combined,noise_growth,32,Moment OU,30.0,,,False
combined,noise_growth,32,Moment OU,38.0,,,False
combined,noise_growth,32,Moment OU,46.0,,,False
combined,noise_growth,32,Moment OU,54.0,,,False
combined,noise_growth,32,Moment OU,62.0,,,False
combined,noise_growth,32,Moment OU,70.0,,,False
combined,noise_growth,32,Moment OU,78.0,,,False
combined,noise_growth,32,Neural SDE (Euler),30.0,,,False
combined,noise_growth,32,Neural SDE (Euler),38.0,,,False
combined,noise_growth,32,Neural SDE (Euler),46.0,,,False
combined,noise_growth,32,Neural SDE (Euler),54.0,,,False
combined,noise_growth,32,Neural SDE (Euler),62.0,,,False
combined,noise_growth,32,Neural SDE (Euler),70.0,,,False
combined,noise_growth,32,Neural SDE (Euler),78.0,,,False
combined,noise_growth,32,SINDy-STLSQ,30.0,,,False
combined,noise_growth,32,SINDy-STLSQ,38.0,,,False
combined,noise_growth,32,SINDy-STLSQ,46.0,,,False
combined,noise_growth,32,SINDy-STLSQ,54.0,,,False
combined,noise_growth,32,SINDy-STLSQ,62.0,,,False
combined,noise_growth,32,SINDy-STLSQ,70.0,,,False
combined,noise_growth,32,SINDy-STLSQ,78.0,,,False
combined,noise_growth,33,Bayesian SINDy (spike-slab),30.0,0.09819184190410868,2.3603751430900655e-05,True
combined,noise_growth,33,Bayesian SINDy (spike-slab),38.0,0.18322997526712342,0.1128470309415836,True
combined,noise_growth,33,Bayesian SINDy (spike-slab),46.0,0.04104041216143034,0.1480894790686929,True
combined,noise_growth,33,Bayesian SINDy (spike-slab),54.0,-0.643308763008502,0.13039560751549906,True
combined,noise_growth,33,Bayesian SINDy (spike-slab),62.0,-0.9015417518991691,0.10970267744181361,True
combined,noise_growth,33,Bayesian SINDy (spike-slab),70.0,-1.4112947209010602,0.005802859348478601,True
combined,noise_growth,33,Bayesian SINDy (spike-slab),78.0,,,False
combined,noise_growth,33,Kalman OU,30.0,0.6517625744083555,-0.061405778313882844,True
combined,noise_growth,33,Kalman OU,38.0,-0.020099173640536927,0.18279343378626117,True
combined,noise_growth,33,Kalman OU,46.0,0.07481836002462028,0.2352382680379334,True
combined,noise_growth,33,Kalman OU,54.0,-0.17305610281650607,0.191891927272973,True
combined,noise_growth,33,Kalman OU,62.0,-0.6709673733758643,0.12374134084982569,True
combined,noise_growth,33,Kalman OU,70.0,-1.9528491674096944,-0.14266988459738933,True
combined,noise_growth,33,Kalman OU,78.0,0.2450710934140521,0.34411981189624696,True
combined,noise_growth,33,Latent Neural SDE (VI),30.0,-0.9605648517608643,0.008313212451690935,True
combined,noise_growth,33,Latent Neural SDE (VI),38.0,-0.18112808465957642,0.12233191328443703,True
combined,noise_growth,33,Latent Neural SDE (VI),46.0,-0.24364280700683594,0.19789612714684024,True
combined,noise_growth,33,Latent Neural SDE (VI),54.0,-0.21334266662597656,0.18317068511291745,True
combined,noise_growth,33,Latent Neural SDE (VI),62.0,-0.7908940315246582,0.11653946209127307,True
combined,noise_growth,33,Latent Neural SDE (VI),70.0,-1.2007173299789429,0.10228351245499172,True
combined,noise_growth,33,Latent Neural SDE (VI),78.0,0.12863421440124512,0.20786908452784375,True
combined,noise_growth,33,Moment OU,30.0,,,False
combined,noise_growth,33,Moment OU,38.0,,,False
combined,noise_growth,33,Moment OU,46.0,,,False
combined,noise_growth,33,Moment OU,54.0,,,False
combined,noise_growth,33,Moment OU,62.0,,,False
combined,noise_growth,33,Moment OU,70.0,,,False
combined,noise_growth,33,Moment OU,78.0,,,False
combined,noise_growth,33,Neural SDE (Euler),30.0,-1.613450288772583,0.08420749631269496,True
combined,noise_growth,33,Neural SDE (Euler),38.0,0.9351564645767212,0.2569917757871934,True
combined,noise_growth,33,Neural SDE (Euler),46.0,0.027240753173828125,0.35425922713662633,True
combined,noise_growth,33,Neural SDE (Euler),54.0,0.5866580009460449,0.3838996134477714,True
combined,noise_growth,33,Neural SDE (Euler),62.0,0.19657301902770996,0.20953455214422853,True
combined,noise_growth,33,Neural SDE (Euler),70.0,-0.26141679286956787,0.2384881005098162,True
combined,noise_growth,33,Neural SDE (Euler),78.0,,,False
combined,noise_growth,33,SINDy-STLSQ,30.0,1.2198649906896417,-0.020535283406777613,True
combined,noise_growth,33,SINDy-STLSQ,38.0,2.4634632823222766,0.1005721967015222,True
combined,noise_growth,33,SINDy-STLSQ,46.0,4.212317538545945,0.1394968282640656,True
combined,noise_growth,33,SINDy-STLSQ,54.0,3.8666810175897783,0.1474684543397208,True
combined,noise_growth,33,SINDy-STLSQ,62.0,3.481629145017833,0.121589364792796,True
combined,noise_growth,33,SINDy-STLSQ,70.0,2.776585246141013,0.024009330503608373,True
combined,noise_growth,33,SINDy-STLSQ,78.0,,,False
combined,noise_growth,34,Bayesian SINDy (spike-slab),30.0,,,False
combined,noise_growth,34,Bayesian SINDy (spike-slab),38.0,,,False
combined,noise_growth,34,Bayesian SINDy (spike-slab),46.0,,,False
combined,noise_growth,34,Bayesian SINDy (spike-slab),54.0,,,False
combined,noise_growth,34,Bayesian SINDy (spike-slab),62.0,,,False
combined,noise_growth,34,Bayesian SINDy (spike-slab),70.0,,,False
combined,noise_growth,34,Bayesian SINDy (spike-slab),78.0,,,False
combined,noise_growth,34,Kalman OU,30.0,0.07410437079136145,-0.047753750243064164,True
combined,noise_growth,34,Kalman OU,38.0,-0.1807117021749305,-0.030768017534747172,True
combined,noise_growth,34,Kalman OU,46.0,-0.3695235028213232,-0.018303722721485033,True
combined,noise_growth,34,Kalman OU,54.0,-1.3853017082661219,0.26832094038574383,True
combined,noise_growth,34,Kalman OU,62.0,-0.9495132359281601,0.24801028104477366,True
combined,noise_growth,34,Kalman OU,70.0,0.19019360737888413,0.11098330208396726,True
combined,noise_growth,34,Kalman OU,78.0,0.16845048901024517,0.25636843219234184,True
combined,noise_growth,34,Latent Neural SDE (VI),30.0,-0.3863913118839264,0.05913374241577826,True
combined,noise_growth,34,Latent Neural SDE (VI),38.0,-0.5672902166843414,0.03899799313222119,True
combined,noise_growth,34,Latent Neural SDE (VI),46.0,-0.6774940192699432,-0.012130637948533862,True
combined,noise_growth,34,Latent Neural SDE (VI),54.0,-0.4037987291812897,0.032232016189725515,True
combined,noise_growth,34,Latent Neural SDE (VI),62.0,-0.29587480425834656,0.06373671215890811,True
combined,noise_growth,34,Latent Neural SDE (VI),70.0,-0.18271473050117493,0.11660647661108914,True
combined,noise_growth,34,Latent Neural SDE (VI),78.0,0.03807881474494934,0.27371773961432727,True
combined,noise_growth,34,Moment OU,30.0,,,False
combined,noise_growth,34,Moment OU,38.0,,,False
combined,noise_growth,34,Moment OU,46.0,,,False
combined,noise_growth,34,Moment OU,54.0,,,False
combined,noise_growth,34,Moment OU,62.0,,,False
combined,noise_growth,34,Moment OU,70.0,,,False
combined,noise_growth,34,Moment OU,78.0,,,False
combined,noise_growth,34,Neural SDE (Euler),30.0,,,False
combined,noise_growth,34,Neural SDE (Euler),38.0,,,False
combined,noise_growth,34,Neural SDE (Euler),46.0,,,False
combined,noise_growth,34,Neural SDE (Euler),54.0,,,False
combined,noise_growth,34,Neural SDE (Euler),62.0,,,False
combined,noise_growth,34,Neural SDE (Euler),70.0,,,False
combined,noise_growth,34,Neural SDE (Euler),78.0,,,False
combined,noise_growth,34,SINDy-STLSQ,30.0,,,False
combined,noise_growth,34,SINDy-STLSQ,38.0,,,False
combined,noise_growth,34,SINDy-STLSQ,46.0,,,False
combined,noise_growth,34,SINDy-STLSQ,54.0,,,False
combined,noise_growth,34,SINDy-STLSQ,62.0,,,False
combined,noise_growth,34,SINDy-STLSQ,70.0,,,False
combined,noise_growth,34,SINDy-STLSQ,78.0,,,False
combined,noise_growth,35,Bayesian SINDy (spike-slab),30.0,,,False
combined,noise_growth,35,Bayesian SINDy (spike-slab),38.0,,,False
combined,noise_growth,35,Bayesian SINDy (spike-slab),46.0,,,False
combined,noise_growth,35,Bayesian SINDy (spike-slab),54.0,,,False
combined,noise_growth,35,Bayesian SINDy (spike-slab),62.0,,,False
combined,noise_growth,35,Bayesian SINDy (spike-slab),70.0,,,False
combined,noise_growth,35,Bayesian SINDy (spike-slab),78.0,,,False
combined,noise_growth,35,Kalman OU,30.0,-1.492904378186104,-0.3021898129996725,True
combined,noise_growth,35,Kalman OU,38.0,-1.492904378186104,-0.3021898129996725,True
combined,noise_growth,35,Kalman OU,46.0,1.2169488140863018,-0.23440890303398698,True
combined,noise_growth,35,Kalman OU,54.0,0.39868197711407705,-0.043323209624189285,True
combined,noise_growth,35,Kalman OU,62.0,1.1020285461567465,-0.1463345322110442,True
combined,noise_growth,35,Kalman OU,70.0,-0.13913879666478102,0.11458975867546906,True
combined,noise_growth,35,Kalman OU,78.0,-0.3729603340553054,0.2860303106877461,True
combined,noise_growth,35,Latent Neural SDE (VI),30.0,-0.25227558612823486,-0.022280855649207065,True
combined,noise_growth,35,Latent Neural SDE (VI),38.0,-1.263551115989685,-0.0524679873886536,True
combined,noise_growth,35,Latent Neural SDE (VI),46.0,0.4201098382472992,0.019047847697694242,True
combined,noise_growth,35,Latent Neural SDE (VI),54.0,0.2148510217666626,0.004898138011333986,True
combined,noise_growth,35,Latent Neural SDE (VI),62.0,0.0749860405921936,0.030038297873081293,True
combined,noise_growth,35,Latent Neural SDE (VI),70.0,-0.15155893564224243,0.025819666154645537,True
combined,noise_growth,35,Latent Neural SDE (VI),78.0,-0.6584535837173462,0.14497516253937953,True
combined,noise_growth,35,Moment OU,30.0,,,False
combined,noise_growth,35,Moment OU,38.0,,,False
combined,noise_growth,35,Moment OU,46.0,,,False
combined,noise_growth,35,Moment OU,54.0,,,False
combined,noise_growth,35,Moment OU,62.0,,,False
combined,noise_growth,35,Moment OU,70.0,,,False
combined,noise_growth,35,Moment OU,78.0,,,False
combined,noise_growth,35,Neural SDE (Euler),30.0,,,False
combined,noise_growth,35,Neural SDE (Euler),38.0,,,False
combined,noise_growth,35,Neural SDE (Euler),46.0,,,False
combined,noise_growth,35,Neural SDE (Euler),54.0,,,False
combined,noise_growth,35,Neural SDE (Euler),62.0,,,False
combined,noise_growth,35,Neural SDE (Euler),70.0,,,False
combined,noise_growth,35,Neural SDE (Euler),78.0,,,False
combined,noise_growth,35,SINDy-STLSQ,30.0,,,False
combined,noise_growth,35,SINDy-STLSQ,38.0,,,False
combined,noise_growth,35,SINDy-STLSQ,46.0,,,False
combined,noise_growth,35,SINDy-STLSQ,54.0,,,False
combined,noise_growth,35,SINDy-STLSQ,62.0,,,False
combined,noise_growth,35,SINDy-STLSQ,70.0,,,False
combined,noise_growth,35,SINDy-STLSQ,78.0,,,False
combined,stability_loss,24,Bayesian SINDy (spike-slab),30.0,,,False
combined,stability_loss,24,Bayesian SINDy (spike-slab),38.0,,,False
combined,stability_loss,24,Bayesian SINDy (spike-slab),46.0,,,False
combined,stability_loss,24,Bayesian SINDy (spike-slab),54.0,-0.26486753300998456,-0.031894766239198735,True
combined,stability_loss,24,Bayesian SINDy (spike-slab),62.0,0.08746679977763204,-0.05632174134785642,True
combined,stability_loss,24,Bayesian SINDy (spike-slab),70.0,0.08955682264720471,-0.03191392649402308,True
combined,stability_loss,24,Bayesian SINDy (spike-slab),78.0,-0.12412886166254311,-0.08264691958024845,True
combined,stability_loss,24,Kalman OU,30.0,0.11937045218073261,0.018864893177426567,True
combined,stability_loss,24,Kalman OU,38.0,0.3080494227445536,-0.0682297168396806,True
combined,stability_loss,24,Kalman OU,46.0,-1.2860758264160042,-0.36758095235637056,True
combined,stability_loss,24,Kalman OU,54.0,0.6490212064226457,-0.17422071870495942,True
combined,stability_loss,24,Kalman OU,62.0,1.0958122748858372,-0.18365133646670626,True
combined,stability_loss,24,Kalman OU,70.0,1.4577720835253638,-0.1655014619020423,True
combined,stability_loss,24,Kalman OU,78.0,1.6550285615587554,-0.19747418915933188,True
combined,stability_loss,24,Latent Neural SDE (VI),30.0,0.32637977600097656,0.037744140599482334,True
combined,stability_loss,24,Latent Neural SDE (VI),38.0,-0.2404543161392212,0.03453593248593664,True
combined,stability_loss,24,Latent Neural SDE (VI),46.0,-2.1292003393173218,-0.05542601277514811,True
combined,stability_loss,24,Latent Neural SDE (VI),54.0,-1.2967625856399536,-0.017438035692794923,True
combined,stability_loss,24,Latent Neural SDE (VI),62.0,0.41329240798950195,-0.026057857455372424,True
combined,stability_loss,24,Latent Neural SDE (VI),70.0,0.9221686869859695,0.0256726073811549,True
combined,stability_loss,24,Latent Neural SDE (VI),78.0,0.43047845363616943,-0.09303395653505445,True
combined,stability_loss,24,Moment OU,30.0,,,False
combined,stability_loss,24,Moment OU,38.0,,,False
combined,stability_loss,24,Moment OU,46.0,,,False
combined,stability_loss,24,Moment OU,54.0,0.6875678443596382,-0.1438590745991965,True
combined,stability_loss,24,Moment OU,62.0,,,False
combined,stability_loss,24,Moment OU,70.0,0.8811912897243239,-0.06808227582709028,True
combined,stability_loss,24,Moment OU,78.0,0.9094003523980141,0.0068346490583353625,True
combined,stability_loss,24,Neural SDE (Euler),30.0,,,False
combined,stability_loss,24,Neural SDE (Euler),38.0,,,False
combined,stability_loss,24,Neural SDE (Euler),46.0,,,False
combined,stability_loss,24,Neural SDE (Euler),54.0,-0.048229217529296875,-0.0867615501198932,True
combined,stability_loss,24,Neural SDE (Euler),62.0,1.103417158126831,0.014929994083535791,True
combined,stability_loss,24,Neural SDE (Euler),70.0,3.0645346641540527,0.09180244955641101,True
combined,stability_loss,24,Neural SDE (Euler),78.0,2.6654754281044006,-0.1366355701562204,True
combined,stability_loss,24,SINDy-STLSQ,30.0,,,False
combined,stability_loss,24,SINDy-STLSQ,38.0,,,False
combined,stability_loss,24,SINDy-STLSQ,46.0,,,False
combined,stability_loss,24,SINDy-STLSQ,54.0,-2.8734629805073477,-0.0824085998782087,True
combined,stability_loss,24,SINDy-STLSQ,62.0,-1.7985320879510946,-0.07462780144013587,True
combined,stability_loss,24,SINDy-STLSQ,70.0,0.8243044209553521,-0.036421982678988996,True
combined,stability_loss,24,SINDy-STLSQ,78.0,0.32336164740300666,-0.10169726226336309,True
combined,stability_loss,25,Bayesian SINDy (spike-slab),30.0,,,False
combined,stability_loss,25,Bayesian SINDy (spike-slab),38.0,,,False
combined,stability_loss,25,Bayesian SINDy (spike-slab),46.0,-2.625183314445925,-0.03195807941741689,True
combined,stability_loss,25,Bayesian SINDy (spike-slab),54.0,-0.7184691152974515,0.02402962996679213,True
combined,stability_loss,25,Bayesian SINDy (spike-slab),62.0,-0.08427430091640231,0.051223564119266166,True
combined,stability_loss,25,Bayesian SINDy (spike-slab),70.0,-0.3996937116865821,0.05790131619580545,True
combined,stability_loss,25,Bayesian SINDy (spike-slab),78.0,0.8862527789163797,0.12158304240012695,True
combined,stability_loss,25,Kalman OU,30.0,-0.5425125967252683,-0.002919196206318281,True
combined,stability_loss,25,Kalman OU,38.0,0.049434159212629614,0.032147603902278055,True
combined,stability_loss,25,Kalman OU,46.0,-0.8741793858198083,0.1592368185944954,True
combined,stability_loss,25,Kalman OU,54.0,0.3090813692294041,-0.05509222917040621,True
combined,stability_loss,25,Kalman OU,62.0,-0.04809748480833953,-0.04783675603435966,True
combined,stability_loss,25,Kalman OU,70.0,-2.2245750883030504,-0.1918330296935261,True
combined,stability_loss,25,Kalman OU,78.0,0.38970488387141566,0.07351947345587101,True
combined,stability_loss,25,Latent Neural SDE (VI),30.0,-0.10137718915939331,-0.006832237648454698,True
combined,stability_loss,25,Latent Neural SDE (VI),38.0,0.29506027698516846,0.03078388557030895,True
combined,stability_loss,25,Latent Neural SDE (VI),46.0,-1.644715428352356,-0.042050738548730815,True
combined,stability_loss,25,Latent Neural SDE (VI),54.0,-1.9957841634750366,0.002616261699390221,True
combined,stability_loss,25,Latent Neural SDE (VI),62.0,-1.2619569301605225,-0.011724401352472963,True
combined,stability_loss,25,Latent Neural SDE (VI),70.0,-1.0760000944137573,-0.024239970335477534,True
combined,stability_loss,25,Latent Neural SDE (VI),78.0,-0.046987056732177734,0.01776706667806524,True
combined,stability_loss,25,Moment OU,30.0,,,False
combined,stability_loss,25,Moment OU,38.0,,,False
combined,stability_loss,25,Moment OU,46.0,-0.4338432004538588,0.1132944876381304,True
combined,stability_loss,25,Moment OU,54.0,-0.2748426106420163,0.08097229742699662,True
combined,stability_loss,25,Moment OU,62.0,-1.5369371331197248,0.17976164732767846,True
combined,stability_loss,25,Moment OU,70.0,,,False
combined,stability_loss,25,Moment OU,78.0,0.36805009313213183,0.05031850404095688,True
combined,stability_loss,25,Neural SDE (Euler),30.0,,,False
combined,stability_loss,25,Neural SDE (Euler),38.0,,,False
combined,stability_loss,25,Neural SDE (Euler),46.0,-1.4077038764953613,-0.05128412038346125,True
combined,stability_loss,25,Neural SDE (Euler),54.0,-1.8893604278564453,0.02190501036044798,True
combined,stability_loss,25,Neural SDE (Euler),62.0,-0.7441549301147461,-0.0031735973732826273,True
combined,stability_loss,25,Neural SDE (Euler),70.0,-0.009522557258605957,0.016696836177161806,True
combined,stability_loss,25,Neural SDE (Euler),78.0,0.7496679425239563,-0.0869423216553942,True
combined,stability_loss,25,SINDy-STLSQ,30.0,,,False
combined,stability_loss,25,SINDy-STLSQ,38.0,,,False
combined,stability_loss,25,SINDy-STLSQ,46.0,-1.206074922555218,-0.02315186051136159,True
combined,stability_loss,25,SINDy-STLSQ,54.0,-0.2650961735888506,0.016514972456108834,True
combined,stability_loss,25,SINDy-STLSQ,62.0,0.5111411245893616,0.05552678529313204,True
combined,stability_loss,25,SINDy-STLSQ,70.0,1.4708987584384134,0.0722933058415011,True
combined,stability_loss,25,SINDy-STLSQ,78.0,1.7785012599662329,0.11580129734575648,True
combined,stability_loss,26,Bayesian SINDy (spike-slab),30.0,,,False
combined,stability_loss,26,Bayesian SINDy (spike-slab),38.0,,,False
combined,stability_loss,26,Bayesian SINDy (spike-slab),46.0,,,False
combined,stability_loss,26,Bayesian SINDy (spike-slab),54.0,,,False
combined,stability_loss,26,Bayesian SINDy (spike-slab),62.0,,,False
combined,stability_loss,26,Bayesian SINDy (spike-slab),70.0,-0.048722074853264866,-0.0003474854319128612,True
combined,stability_loss,26,Bayesian SINDy (spike-slab),78.0,,,False
combined,stability_loss,26,Kalman OU,30.0,-0.6922122226104674,0.037465682352399554,True
combined,stability_loss,26,Kalman OU,38.0,-2.6364196311668966,-0.1304170656056118,True
combined,stability_loss,26,Kalman OU,46.0,-2.6364196311668966,-0.1304170656056118,True
combined,stability_loss,26,Kalman OU,54.0,-2.6364196311668966,-0.1304170656056118,True
combined,stability_loss,26,Kalman OU,62.0,-2.6364196311668966,-0.1304170656056118,True
combined,stability_loss,26,Kalman OU,70.0,-0.025354779757574886,0.02472230500634401,True
combined,stability_loss,26,Kalman OU,78.0,0.3007443919567499,0.03214682001709851,True
combined,stability_loss,26,Latent Neural SDE (VI),30.0,-0.2708367705345154,-0.001978302932333559,True
combined,stability_loss,26,Latent Neural SDE (VI),38.0,-0.9426855444908142,0.010735529679540487,True
combined,stability_loss,26,Latent Neural SDE (VI),46.0,-1.1200225949287415,0.021806731385602476,True
combined,stability_loss,26,Latent Neural SDE (VI),54.0,0.18974357843399048,0.0003237555674232284,True
combined,stability_loss,26,Latent Neural SDE (VI),62.0,-0.9686394333839417,0.0292918716943827,True
combined,stability_loss,26,Latent Neural SDE (VI),70.0,0.3226498067378998,0.05092194458772829,True
combined,stability_loss,26,Latent Neural SDE (VI),78.0,1.0972093343734741,-0.029057949111496117,True
combined,stability_loss,26,Moment OU,30.0,,,False
combined,stability_loss,26,Moment OU,38.0,,,False
combined,stability_loss,26,Moment OU,46.0,,,False
combined,stability_loss,26,Moment OU,54.0,,,False
combined,stability_loss,26,Moment OU,62.0,,,False
combined,stability_loss,26,Moment OU,70.0,0.01723480397857892,-0.0038713168636007184,True
combined,stability_loss,26,Moment OU,78.0,,,False
combined,stability_loss,26,Neural SDE (Euler),30.0,,,False
combined,stability_loss,26,Neural SDE (Euler),38.0,,,False
combined,stability_loss,26,Neural SDE (Euler),46.0,,,False
combined,stability_loss,26,Neural SDE (Euler),54.0,,,False
combined,stability_loss,26,Neural SDE (Euler),62.0,,,False
combined,stability_loss,26,Neural SDE (Euler),70.0,-0.2709522843360901,-0.04175036406459165,True
combined,stability_loss,26,Neural SDE (Euler),78.0,,,False
combined,stability_loss,26,SINDy-STLSQ,30.0,,,False
combined,stability_loss,26,SINDy-STLSQ,38.0,,,False
combined,stability_loss,26,SINDy-STLSQ,46.0,,,False
combined,stability_loss,26,SINDy-STLSQ,54.0,,,False
combined,stability_loss,26,SINDy-STLSQ,62.0,,,False
combined,stability_loss,26,SINDy-STLSQ,70.0,0.4252506087245511,-0.02506769753260686,True
combined,stability_loss,26,SINDy-STLSQ,78.0,,,False
combined,stability_loss,27,Bayesian SINDy (spike-slab),30.0,,,False
combined,stability_loss,27,Bayesian SINDy (spike-slab),38.0,,,False
combined,stability_loss,27,Bayesian SINDy (spike-slab),46.0,,,False
combined,stability_loss,27,Bayesian SINDy (spike-slab),54.0,,,False
combined,stability_loss,27,Bayesian SINDy (spike-slab),62.0,,,False
combined,stability_loss,27,Bayesian SINDy (spike-slab),70.0,,,False
combined,stability_loss,27,Bayesian SINDy (spike-slab),78.0,,,False
combined,stability_loss,27,Kalman OU,30.0,0.0,0.0,True
combined,stability_loss,27,Kalman OU,38.0,2.0354401558784505,0.24445471729637708,True
combined,stability_loss,27,Kalman OU,46.0,1.8399787950134805,0.32356557515756956,True
combined,stability_loss,27,Kalman OU,54.0,2.766326961878195,0.1533612543313628,True
combined,stability_loss,27,Kalman OU,62.0,1.2517670552899662,0.42990043518582427,True
combined,stability_loss,27,Kalman OU,70.0,2.6904106205427425,0.316785826361155,True
combined,stability_loss,27,Kalman OU,78.0,2.881396079508297,0.11864205499013311,True
combined,stability_loss,27,Latent Neural SDE (VI),30.0,0.6452336311340332,-0.03315663666402455,True
combined,stability_loss,27,Latent Neural SDE (VI),38.0,0.3767486810684204,-0.0333145087385856,True
combined,stability_loss,27,Latent Neural SDE (VI),46.0,0.8672508597373962,0.15470973388615877,True
combined,stability_loss,27,Latent Neural SDE (VI),54.0,0.7787376642227173,0.04822279340232227,True
combined,stability_loss,27,Latent Neural SDE (VI),62.0,0.7444868683815002,-0.027826293190343326,True
combined,stability_loss,27,Latent Neural SDE (VI),70.0,0.6212177276611328,0.1922160052696319,True
combined,stability_loss,27,Latent Neural SDE (VI),78.0,1.134575068950653,0.08455515201544517,True
combined,stability_loss,27,Moment OU,30.0,,,False
combined,stability_loss,27,Moment OU,38.0,,,False
combined,stability_loss,27,Moment OU,46.0,,,False
combined,stability_loss,27,Moment OU,54.0,,,False
combined,stability_loss,27,Moment OU,62.0,,,False
combined,stability_loss,27,Moment OU,70.0,,,False
combined,stability_loss,27,Moment OU,78.0,,,False
combined,stability_loss,27,Neural SDE (Euler),30.0,,,False
combined,stability_loss,27,Neural SDE (Euler),38.0,,,False
combined,stability_loss,27,Neural SDE (Euler),46.0,,,False
combined,stability_loss,27,Neural SDE (Euler),54.0,,,False
combined,stability_loss,27,Neural SDE (Euler),62.0,,,False
combined,stability_loss,27,Neural SDE (Euler),70.0,,,False
combined,stability_loss,27,Neural SDE (Euler),78.0,,,False
combined,stability_loss,27,SINDy-STLSQ,30.0,,,False
combined,stability_loss,27,SINDy-STLSQ,38.0,,,False
combined,stability_loss,27,SINDy-STLSQ,46.0,,,False
combined,stability_loss,27,SINDy-STLSQ,54.0,,,False
combined,stability_loss,27,SINDy-STLSQ,62.0,,,False
combined,stability_loss,27,SINDy-STLSQ,70.0,,,False
combined,stability_loss,27,SINDy-STLSQ,78.0,,,False
combined,stability_loss,28,Bayesian SINDy (spike-slab),30.0,0.9756303628181804,0.00861692128738828,True
combined,stability_loss,28,Bayesian SINDy (spike-slab),38.0,,,False
combined,stability_loss,28,Bayesian SINDy (spike-slab),46.0,,,False
combined,stability_loss,28,Bayesian SINDy (spike-slab),54.0,,,False
combined,stability_loss,28,Bayesian SINDy (spike-slab),62.0,0.815668434078803,0.04721984813666681,True
combined,stability_loss,28,Bayesian SINDy (spike-slab),70.0,-0.27600988278607685,0.07662532079214492,True
combined,stability_loss,28,Bayesian SINDy (spike-slab),78.0,0.8839235616103246,0.14570598685599795,True
combined,stability_loss,28,Kalman OU,30.0,2.380519803119143,-0.2538509453585531,True
combined,stability_loss,28,Kalman OU,38.0,2.429079993890021,-0.2795077176047842,True
combined,stability_loss,28,Kalman OU,46.0,1.9100922015638409,-0.2323465188230286,True
combined,stability_loss,28,Kalman OU,54.0,-0.08875120358804134,-0.3878178292636634,True
combined,stability_loss,28,Kalman OU,62.0,1.6145432853592256,-0.12456399762627601,True
combined,stability_loss,28,Kalman OU,70.0,2.4509550256032355,-0.2553390546199119,True
combined,stability_loss,28,Kalman OU,78.0,1.8260866305952899,-0.02853485516004156,True
combined,stability_loss,28,Latent Neural SDE (VI),30.0,0.2826009690761566,-0.05557946625616329,True
combined,stability_loss,28,Latent Neural SDE (VI),38.0,0.3282795250415802,-0.07815768954907844,True
combined,stability_loss,28,Latent Neural SDE (VI),46.0,0.045945703983306885,-0.06998528817540141,True
combined,stability_loss,28,Latent Neural SDE (VI),54.0,-0.4235982894897461,-0.09132498662957254,True
combined,stability_loss,28,Latent Neural SDE (VI),62.0,-0.9312509298324585,-0.03298006119641439,True
combined,stability_loss,28,Latent Neural SDE (VI),70.0,0.4513579308986664,-0.057883068134895244,True
combined,stability_loss,28,Latent Neural SDE (VI),78.0,0.10979026556015015,0.06060770541394972,True
combined,stability_loss,28,Moment OU,30.0,,,False
combined,stability_loss,28,Moment OU,38.0,,,False
combined,stability_loss,28,Moment OU,46.0,,,False
combined,stability_loss,28,Moment OU,54.0,,,False
combined,stability_loss,28,Moment OU,62.0,0.29528249796565853,-0.015484544115940524,True
combined,stability_loss,28,Moment OU,70.0,0.24363156738243918,0.049862356133474256,True
combined,stability_loss,28,Moment OU,78.0,0.1868650591002894,0.1861820450840427,True
combined,stability_loss,28,Neural SDE (Euler),30.0,1.8217068910598755,-0.022009028585458862,True
combined,stability_loss,28,Neural SDE (Euler),38.0,,,False
combined,stability_loss,28,Neural SDE (Euler),46.0,,,False
combined,stability_loss,28,Neural SDE (Euler),54.0,,,False
combined,stability_loss,28,Neural SDE (Euler),62.0,0.3418920040130615,0.012237150022443632,True
combined,stability_loss,28,Neural SDE (Euler),70.0,0.7660715579986572,-0.01198101125936099,True
combined,stability_loss,28,Neural SDE (Euler),78.0,1.695507526397705,-0.056905705155065434,True
combined,stability_loss,28,SINDy-STLSQ,30.0,-1.1183117672053156,-0.011434918456401419,True
combined,stability_loss,28,SINDy-STLSQ,38.0,,,False
combined,stability_loss,28,SINDy-STLSQ,46.0,,,False
combined,stability_loss,28,SINDy-STLSQ,54.0,,,False
combined,stability_loss,28,SINDy-STLSQ,62.0,-1.1662725052844602,0.031094206124301527,True
combined,stability_loss,28,SINDy-STLSQ,70.0,-2.100853793639552,0.048793698928231516,True
combined,stability_loss,28,SINDy-STLSQ,78.0,-0.12440224895621288,0.12441793307605648,True
combined,stability_loss,29,Bayesian SINDy (spike-slab),30.0,0.6295762314519315,0.06234629301166941,True
combined,stability_loss,29,Bayesian SINDy (spike-slab),38.0,0.7567140033299642,0.08471531909504545,True
combined,stability_loss,29,Bayesian SINDy (spike-slab),46.0,,,False
combined,stability_loss,29,Bayesian SINDy (spike-slab),54.0,0.07045153173727414,-0.045042738668142596,True
combined,stability_loss,29,Bayesian SINDy (spike-slab),62.0,0.6742456028626906,-0.03108173997522598,True
combined,stability_loss,29,Bayesian SINDy (spike-slab),70.0,,,False
combined,stability_loss,29,Bayesian SINDy (spike-slab),78.0,-0.16874309649977115,-0.06197535695114176,True
combined,stability_loss,29,Kalman OU,30.0,1.259480295200381,0.2983190723004847,True
combined,stability_loss,29,Kalman OU,38.0,1.096937429692087,0.3664483063717996,True
combined,stability_loss,29,Kalman OU,46.0,0.6808016616745087,0.336929100072114,True
combined,stability_loss,29,Kalman OU,54.0,1.1462143920276278,0.14538309419237938,True
combined,stability_loss,29,Kalman OU,62.0,2.3006706208041616,0.1346610571797952,True
combined,stability_loss,29,Kalman OU,70.0,2.5957964611515374,0.15988407651555225,True
combined,stability_loss,29,Kalman OU,78.0,2.7979843360107783,0.10494233897238839,True
combined,stability_loss,29,Latent Neural SDE (VI),30.0,0.5832345485687256,0.06841533396687086,True
combined,stability_loss,29,Latent Neural SDE (VI),38.0,-0.029418349266052246,0.06344051278080187,True
combined,stability_loss,29,Latent Neural SDE (VI),46.0,0.4179057478904724,-0.00749092323038264,True
combined,stability_loss,29,Latent Neural SDE (VI),54.0,0.2631126642227173,-0.02798901870584411,True
combined,stability_loss,29,Latent Neural SDE (VI),62.0,0.8532730042934418,-0.01392088404551381,True
combined,stability_loss,29,Latent Neural SDE (VI),70.0,0.39637482166290283,0.12611738811898174,True
combined,stability_loss,29,Latent Neural SDE (VI),78.0,0.14237761497497559,-0.03986869397722595,True
combined,stability_loss,29,Moment OU,30.0,2.834973126290427,-0.08352773685830256,True
combined,stability_loss,29,Moment OU,38.0,2.8292242396148515,-0.03208017801682017,True
combined,stability_loss,29,Moment OU,46.0,,,False
combined,stability_loss,29,Moment OU,54.0,2.1206929178847456,-0.15289804462627227,True
combined,stability_loss,29,Moment OU,62.0,3.596313302078984,-0.22542554272033555,True
combined,stability_loss,29,Moment OU,70.0,,,False
combined,stability_loss,29,Moment OU,78.0,3.3012121812526143,-0.03560947403476594,True
combined,stability_loss,29,Neural SDE (Euler),30.0,0.8312743902206421,0.09460676978138655,True
combined,stability_loss,29,Neural SDE (Euler),38.0,1.1464125514030457,0.046190188858316855,True
combined,stability_loss,29,Neural SDE (Euler),46.0,,,False
combined,stability_loss,29,Neural SDE (Euler),54.0,-0.9607279300689697,-0.127684947884534,True
combined,stability_loss,29,Neural SDE (Euler),62.0,-0.03615760803222656,-0.03991562306118879,True
combined,stability_loss,29,Neural SDE (Euler),70.0,,,False
combined,stability_loss,29,Neural SDE (Euler),78.0,-0.09255695343017578,-0.1879199271826608,True
combined,stability_loss,29,SINDy-STLSQ,30.0,-0.5029031168272577,0.03898433922332267,True
combined,stability_loss,29,SINDy-STLSQ,38.0,-1.1953997577966342,0.04905650138508641,True
combined,stability_loss,29,SINDy-STLSQ,46.0,,,False
combined,stability_loss,29,SINDy-STLSQ,54.0,0.5351176677260948,-0.035404172401891726,True
combined,stability_loss,29,SINDy-STLSQ,62.0,0.5237546758075506,-0.032772070238200474,True
combined,stability_loss,29,SINDy-STLSQ,70.0,,,False
combined,stability_loss,29,SINDy-STLSQ,78.0,-0.566601143125548,-0.06925861438681072,True
combined,stability_loss,30,Bayesian SINDy (spike-slab),30.0,0.1477571614818618,0.02903006637676306,True
combined,stability_loss,30,Bayesian SINDy (spike-slab),38.0,-0.871942164697505,0.07080699448028394,True
combined,stability_loss,30,Bayesian SINDy (spike-slab),46.0,0.9694644885848573,0.12423408399794333,True
combined,stability_loss,30,Bayesian SINDy (spike-slab),54.0,1.357826214536099,0.056127347012159184,True
combined,stability_loss,30,Bayesian SINDy (spike-slab),62.0,1.0588637128384866,0.06874695507736381,True
combined,stability_loss,30,Bayesian SINDy (spike-slab),70.0,1.3556439697650289,0.022505797187053034,True
combined,stability_loss,30,Bayesian SINDy (spike-slab),78.0,,,False
combined,stability_loss,30,Kalman OU,30.0,0.0,0.0,True
combined,stability_loss,30,Kalman OU,38.0,0.0,0.0,True
combined,stability_loss,30,Kalman OU,46.0,1.814294966817218,0.2298033131923356,True
combined,stability_loss,30,Kalman OU,54.0,2.7595864051525956,0.141070133815955,True
combined,stability_loss,30,Kalman OU,62.0,2.672289694094325,0.22940054609746874,True
combined,stability_loss,30,Kalman OU,70.0,2.660957660202601,0.20592901256123242,True
combined,stability_loss,30,Kalman OU,78.0,2.2489612281499536,0.26307958369485146,True
combined,stability_loss,30,Latent Neural SDE (VI),30.0,-0.05671489238739014,0.10325581388709028,True
combined,stability_loss,30,Latent Neural SDE (VI),38.0,-0.2565370798110962,0.10994776356748524,True
combined,stability_loss,30,Latent Neural SDE (VI),46.0,0.2265169620513916,0.09947186420118902,True
combined,stability_loss,30,Latent Neural SDE (VI),54.0,-0.21212446689605713,0.08438689725881403,True
combined,stability_loss,30,Latent Neural SDE (VI),62.0,0.658072829246521,0.16502578672586937,True
combined,stability_loss,30,Latent Neural SDE (VI),70.0,0.773396760225296,0.07920326364546261,True
combined,stability_loss,30,Latent Neural SDE (VI),78.0,0.6455516815185547,0.12061190298529074,True
combined,stability_loss,30,Moment OU,30.0,,,False
combined,stability_loss,30,Moment OU,38.0,,,False
combined,stability_loss,30,Moment OU,46.0,,,False
combined,stability_loss,30,Moment OU,54.0,,,False
combined,stability_loss,30,Moment OU,62.0,,,False
combined,stability_loss,30,Moment OU,70.0,,,False
combined,stability_loss,30,Moment OU,78.0,,,False
combined,stability_loss,30,Neural SDE (Euler),30.0,0.15288186073303223,0.11959509885254282,True
combined,stability_loss,30,Neural SDE (Euler),38.0,-2.5477406978607178,-0.00891450409550755,True
combined,stability_loss,30,Neural SDE (Euler),46.0,0.7186248302459717,0.07065840376865809,True
combined,stability_loss,30,Neural SDE (Euler),54.0,-1.2236013412475586,0.04842423403335565,True
combined,stability_loss,30,Neural SDE (Euler),62.0,-1.103846788406372,0.11922395651175838,True
combined,stability_loss,30,Neural SDE (Euler),70.0,2.4541192650794983,0.052117778095382664,True
combined,stability_loss,30,Neural SDE (Euler),78.0,,,False
combined,stability_loss,30,SINDy-STLSQ,30.0,0.34907086856751257,0.02433306440845187,True
combined,stability_loss,30,SINDy-STLSQ,38.0,-5.353557687558295,0.025902033950932324,True
combined,stability_loss,30,SINDy-STLSQ,46.0,0.7340297924757349,0.10932248946407802,True
combined,stability_loss,30,SINDy-STLSQ,54.0,0.0501106881590172,0.03944826519214298,True
combined,stability_loss,30,SINDy-STLSQ,62.0,-0.1073933903777653,0.051006248145913896,True
combined,stability_loss,30,SINDy-STLSQ,70.0,1.8186195086567953,0.0063321762553048,True
combined,stability_loss,30,SINDy-STLSQ,78.0,,,False
combined,stability_loss,31,Bayesian SINDy (spike-slab),30.0,,,False
combined,stability_loss,31,Bayesian SINDy (spike-slab),38.0,,,False
combined,stability_loss,31,Bayesian SINDy (spike-slab),46.0,,,False
combined,stability_loss,31,Bayesian SINDy (spike-slab),54.0,0.022843711143298084,0.07836872432082792,True
combined,stability_loss,31,Bayesian SINDy (spike-slab),62.0,0.17629725658002254,0.07944437878626895,True
combined,stability_loss,31,Bayesian SINDy (spike-slab),70.0,0.22718538912611502,0.0814400137947299,True
combined,stability_loss,31,Bayesian SINDy (spike-slab),78.0,0.24327262529161875,0.09318648029649065,True
combined,stability_loss,31,Kalman OU,30.0,-0.24400509964837985,0.003437905879418335,True
combined,stability_loss,31,Kalman OU,38.0,-1.1216854776579352,0.017770157611793125,True
combined,stability_loss,31,Kalman OU,46.0,-2.7431517993414745,-0.09280736913288658,True
combined,stability_loss,31,Kalman OU,54.0,-0.33555231979495465,0.21034244157225807,True
combined,stability_loss,31,Kalman OU,62.0,-0.2283453619169507,0.22049995703692943,True
combined,stability_loss,31,Kalman OU,70.0,-0.1682513901058521,0.19406154345255638,True
combined,stability_loss,31,Kalman OU,78.0,-0.3344894800863281,0.18804293228819002,True
combined,stability_loss,31,Latent Neural SDE (VI),30.0,0.1365128457546234,0.015859274546284843,True
combined,stability_loss,31,Latent Neural SDE (VI),38.0,-0.5549186170101166,0.029298595402631883,True
combined,stability_loss,31,Latent Neural SDE (VI),46.0,-0.6368589699268341,0.08415855964115437,True
combined,stability_loss,31,Latent Neural SDE (VI),54.0,-0.1257927119731903,0.13012356094901634,True
combined,stability_loss,31,Latent Neural SDE (VI),62.0,-0.33253827691078186,0.19817210035539498,True
combined,stability_loss,31,Latent Neural SDE (VI),70.0,-0.5477663576602936,0.127487646448934,True
combined,stability_loss,31,Latent Neural SDE (VI),78.0,-0.061204761266708374,0.2086189915565473,True
combined,stability_loss,31,Moment OU,30.0,,,False
combined,stability_loss,31,Moment OU,38.0,,,False
combined,stability_loss,31,Moment OU,46.0,,,False
combined,stability_loss,31,Moment OU,54.0,,,False
combined,stability_loss,31,Moment OU,62.0,,,False
combined,stability_loss,31,Moment OU,70.0,,,False
combined,stability_loss,31,Moment OU,78.0,,,False
combined,stability_loss,31,Neural SDE (Euler),30.0,,,False
combined,stability_loss,31,Neural SDE (Euler),38.0,,,False
combined,stability_loss,31,Neural SDE (Euler),46.0,,,False
combined,stability_loss,31,Neural SDE (Euler),54.0,-0.5656336545944214,0.07295533319820668,True
combined,stability_loss,31,Neural SDE (Euler),62.0,-1.1495903730392456,-0.1456569145786661,True
combined,stability_loss,31,Neural SDE (Euler),70.0,-0.6919704675674438,-0.14478889632866693,True
combined,stability_loss,31,Neural SDE (Euler),78.0,-0.11187487840652466,0.32134099903577157,True
combined,stability_loss,31,SINDy-STLSQ,30.0,,,False
combined,stability_loss,31,SINDy-STLSQ,38.0,,,False
combined,stability_loss,31,SINDy-STLSQ,46.0,,,False
combined,stability_loss,31,SINDy-STLSQ,54.0,0.39952799952482443,0.07874492329597557,True
combined,stability_loss,31,SINDy-STLSQ,62.0,0.12683846602746862,0.0473911731236393,True
combined,stability_loss,31,SINDy-STLSQ,70.0,0.5443114695556002,0.07705470475203494,True
combined,stability_loss,31,SINDy-STLSQ,78.0,0.8615267338906297,0.10785642410864504,True
combined,stability_loss,32,Bayesian SINDy (spike-slab),30.0,,,False
combined,stability_loss,32,Bayesian SINDy (spike-slab),38.0,,,False
combined,stability_loss,32,Bayesian SINDy (spike-slab),46.0,,,False
combined,stability_loss,32,Bayesian SINDy (spike-slab),54.0,,,False
combined,stability_loss,32,Bayesian SINDy (spike-slab),62.0,,,False
combined,stability_loss,32,Bayesian SINDy (spike-slab),70.0,,,False
combined,stability_loss,32,Bayesian SINDy (spike-slab),78.0,,,False
combined,stability_loss,32,Kalman OU,30.0,-0.8647574107481157,0.013357304839851813,True
combined,stability_loss,32,Kalman OU,38.0,-1.2048578827955498,0.06888728685774184,True
combined,stability_loss,32,Kalman OU,46.0,-0.6531385332722734,0.06073504532106597,True
combined,stability_loss,32,Kalman OU,54.0,-0.4011285094978773,0.052551227746783225,True
combined,stability_loss,32,Kalman OU,62.0,-0.8512484460654668,0.09303189798627956,True
combined,stability_loss,32,Kalman OU,70.0,0.06004522904219223,-0.04070798454723426,True
combined,stability_loss,32,Kalman OU,78.0,0.1986069100850224,0.026542615177667928,True
combined,stability_loss,32,Latent Neural SDE (VI),30.0,0.3054300546646118,0.054221840324596995,True
combined,stability_loss,32,Latent Neural SDE (VI),38.0,-0.3048613667488098,0.08754901359078121,True
combined,stability_loss,32,Latent Neural SDE (VI),46.0,0.1326446533203125,0.15234016586954796,True
combined,stability_loss,32,Latent Neural SDE (VI),54.0,0.5908859968185425,0.131337078581517,True
combined,stability_loss,32,Latent Neural SDE (VI),62.0,0.4276936948299408,0.03540610120133482,True
combined,stability_loss,32,Latent Neural SDE (VI),70.0,0.25169605016708374,0.16113389752442783,True
combined,stability_loss,32,Latent Neural SDE (VI),78.0,0.23021048307418823,0.20647201632435294,True
combined,stability_loss,32,Moment OU,30.0,,,False
combined,stability_loss,32,Moment OU,38.0,,,False
combined,stability_loss,32,Moment OU,46.0,,,False
combined,stability_loss,32,Moment OU,54.0,,,False
combined,stability_loss,32,Moment OU,62.0,,,False
combined,stability_loss,32,Moment OU,70.0,,,False
combined,stability_loss,32,Moment OU,78.0,,,False
combined,stability_loss,32,Neural SDE (Euler),30.0,,,False
combined,stability_loss,32,Neural SDE (Euler),38.0,,,False
combined,stability_loss,32,Neural SDE (Euler),46.0,,,False
combined,stability_loss,32,Neural SDE (Euler),54.0,,,False
combined,stability_loss,32,Neural SDE (Euler),62.0,,,False
combined,stability_loss,32,Neural SDE (Euler),70.0,,,False
combined,stability_loss,32,Neural SDE (Euler),78.0,,,False
combined,stability_loss,32,SINDy-STLSQ,30.0,,,False
combined,stability_loss,32,SINDy-STLSQ,38.0,,,False
combined,stability_loss,32,SINDy-STLSQ,46.0,,,False
combined,stability_loss,32,SINDy-STLSQ,54.0,,,False
combined,stability_loss,32,SINDy-STLSQ,62.0,,,False
combined,stability_loss,32,SINDy-STLSQ,70.0,,,False
combined,stability_loss,32,SINDy-STLSQ,78.0,,,False
combined,stability_loss,33,Bayesian SINDy (spike-slab),30.0,0.3768476529271474,0.043356321432024114,True
combined,stability_loss,33,Bayesian SINDy (spike-slab),38.0,1.4341437268205426,0.06804262822024865,True
combined,stability_loss,33,Bayesian SINDy (spike-slab),46.0,1.4153557995180228,0.07174484686280827,True
combined,stability_loss,33,Bayesian SINDy (spike-slab),54.0,0.0240441818421262,-0.012317550007148334,True
combined,stability_loss,33,Bayesian SINDy (spike-slab),62.0,1.505996640257525,0.04287729129044204,True
combined,stability_loss,33,Bayesian SINDy (spike-slab),70.0,1.31412228710056,0.12088796892525641,True
combined,stability_loss,33,Bayesian SINDy (spike-slab),78.0,,,False
combined,stability_loss,33,Kalman OU,30.0,0.0,0.0,True
combined,stability_loss,33,Kalman OU,38.0,2.059978064591353,0.27127691276445975,True
combined,stability_loss,33,Kalman OU,46.0,1.7447230862888083,0.31229953595720217,True
combined,stability_loss,33,Kalman OU,54.0,0.0,0.0,True
combined,stability_loss,33,Kalman OU,62.0,2.6794593341697084,0.24234827062304898,True
combined,stability_loss,33,Kalman OU,70.0,2.2620600860881592,0.3187448564515417,True
combined,stability_loss,33,Kalman OU,78.0,2.8612734475689026,0.1697829876233892,True
combined,stability_loss,33,Latent Neural SDE (VI),30.0,0.4734872579574585,0.05287810689264738,True
combined,stability_loss,33,Latent Neural SDE (VI),38.0,0.7398039102554321,0.056065574594047374,True
combined,stability_loss,33,Latent Neural SDE (VI),46.0,0.6895771026611328,0.0680956480995551,True
combined,stability_loss,33,Latent Neural SDE (VI),54.0,0.9025537967681885,-0.029299303591884318,True
combined,stability_loss,33,Latent Neural SDE (VI),62.0,1.4341743290424347,0.0705806886759898,True
combined,stability_loss,33,Latent Neural SDE (VI),70.0,1.1556416749954224,0.130550379740476,True
combined,stability_loss,33,Latent Neural SDE (VI),78.0,1.4303642213344574,0.05971891829330844,True
combined,stability_loss,33,Moment OU,30.0,,,False
combined,stability_loss,33,Moment OU,38.0,,,False
combined,stability_loss,33,Moment OU,46.0,,,False
combined,stability_loss,33,Moment OU,54.0,,,False
combined,stability_loss,33,Moment OU,62.0,,,False
combined,stability_loss,33,Moment OU,70.0,,,False
combined,stability_loss,33,Moment OU,78.0,,,False
combined,stability_loss,33,Neural SDE (Euler),30.0,0.8067611455917358,0.07346731793384478,True
combined,stability_loss,33,Neural SDE (Euler),38.0,1.237278163433075,0.06755495486844523,True
combined,stability_loss,33,Neural SDE (Euler),46.0,1.653502881526947,0.2714280597656362,True
combined,stability_loss,33,Neural SDE (Euler),54.0,1.1652303338050842,-0.025988808197329877,True
combined,stability_loss,33,Neural SDE (Euler),62.0,1.8933314830064774,0.27025108082529875,True
combined,stability_loss,33,Neural SDE (Euler),70.0,1.3303149938583374,0.04546815287613301,True
combined,stability_loss,33,Neural SDE (Euler),78.0,,,False
combined,stability_loss,33,SINDy-STLSQ,30.0,0.6296003491373405,0.054436225652957165,True
combined,stability_loss,33,SINDy-STLSQ,38.0,1.2918791983304163,0.05538210131270055,True
combined,stability_loss,33,SINDy-STLSQ,46.0,0.9178822226967605,0.07198621279907033,True
combined,stability_loss,33,SINDy-STLSQ,54.0,-0.0314112890795315,-0.023655190591372208,True
combined,stability_loss,33,SINDy-STLSQ,62.0,1.2170681919683797,0.05552521172947056,True
combined,stability_loss,33,SINDy-STLSQ,70.0,0.9716677011691678,0.12428838005274356,True
combined,stability_loss,33,SINDy-STLSQ,78.0,,,False
combined,stability_loss,34,Bayesian SINDy (spike-slab),30.0,-0.412663290849633,0.05325773380094048,True
combined,stability_loss,34,Bayesian SINDy (spike-slab),38.0,-0.7470705963003627,0.02098886284943846,True
combined,stability_loss,34,Bayesian SINDy (spike-slab),46.0,-0.6362700721432484,-0.004302203569767821,True
combined,stability_loss,34,Bayesian SINDy (spike-slab),54.0,0.06825867823764858,-0.03770171568346983,True
combined,stability_loss,34,Bayesian SINDy (spike-slab),62.0,,,False
combined,stability_loss,34,Bayesian SINDy (spike-slab),70.0,-1.7879224352715755,-0.09842147317594842,True
combined,stability_loss,34,Bayesian SINDy (spike-slab),78.0,-0.03977221854290107,0.04500128113873017,True
combined,stability_loss,34,Kalman OU,30.0,-0.5466301700296605,0.12065896980470509,True
combined,stability_loss,34,Kalman OU,38.0,1.6934733252384253,-0.1968246338240325,True
combined,stability_loss,34,Kalman OU,46.0,1.6519971722541944,-0.19867545259691416,True
combined,stability_loss,34,Kalman OU,54.0,1.6212419022926754,-0.21808774732739558,True
combined,stability_loss,34,Kalman OU,62.0,1.146332580001551,-0.19501073221660067,True
combined,stability_loss,34,Kalman OU,70.0,-1.0970446144222468,-0.12278081016624148,True
combined,stability_loss,34,Kalman OU,78.0,1.4342697860016453,-0.12862629693913785,True
combined,stability_loss,34,Latent Neural SDE (VI),30.0,0.5578035116195679,0.1410763834599678,True
combined,stability_loss,34,Latent Neural SDE (VI),38.0,0.5736705660820007,0.06130489422456947,True
combined,stability_loss,34,Latent Neural SDE (VI),46.0,0.8605389297008514,0.05166492424226016,True
combined,stability_loss,34,Latent Neural SDE (VI),54.0,0.9620180428028107,-0.020765638376963547,True
combined,stability_loss,34,Latent Neural SDE (VI),62.0,0.5918657183647156,-0.11530428915745575,True
combined,stability_loss,34,Latent Neural SDE (VI),70.0,0.37394726276397705,-0.1234782997403855,True
combined,stability_loss,34,Latent Neural SDE (VI),78.0,0.7024090886116028,0.023306495591683213,True
combined,stability_loss,34,Moment OU,30.0,-0.6981862280513442,0.14120866229299378,True
combined,stability_loss,34,Moment OU,38.0,-0.3420229013505447,0.24956356758373727,True
combined,stability_loss,34,Moment OU,46.0,1.0889530916039611,-0.17677107783391754,True
combined,stability_loss,34,Moment OU,54.0,0.6008977283899554,-0.05743764506914828,True
combined,stability_loss,34,Moment OU,62.0,,,False
combined,stability_loss,34,Moment OU,70.0,-0.7296960616854709,-0.13471831042369276,True
combined,stability_loss,34,Moment OU,78.0,0.8668743822951601,-0.06739484795468925,True
combined,stability_loss,34,Neural SDE (Euler),30.0,0.5707118511199951,0.07290328767168455,True
combined,stability_loss,34,Neural SDE (Euler),38.0,1.4122612476348877,0.02118764192175862,True
combined,stability_loss,34,Neural SDE (Euler),46.0,-0.11528754234313965,0.0133682706473707,True
combined,stability_loss,34,Neural SDE (Euler),54.0,2.202220156788826,-0.018821066056111918,True
combined,stability_loss,34,Neural SDE (Euler),62.0,,,False
combined,stability_loss,34,Neural SDE (Euler),70.0,-0.3679015636444092,-0.18866602570105667,True
combined,stability_loss,34,Neural SDE (Euler),78.0,1.5406640768051147,0.031254381002527004,True
combined,stability_loss,34,SINDy-STLSQ,30.0,-0.7869857195225223,0.035274268349680005,True
combined,stability_loss,34,SINDy-STLSQ,38.0,0.2727796082266194,0.009490433028321837,True
combined,stability_loss,34,SINDy-STLSQ,46.0,-1.8540496142468108,-0.03645786399659695,True
combined,stability_loss,34,SINDy-STLSQ,54.0,0.40543839790966485,-0.03291279988578408,True
combined,stability_loss,34,SINDy-STLSQ,62.0,,,False
combined,stability_loss,34,SINDy-STLSQ,70.0,-1.4679782533342316,-0.11362766495409364,True
combined,stability_loss,34,SINDy-STLSQ,78.0,0.7560981732056716,0.02683324796026046,True
combined,stability_loss,35,Bayesian SINDy (spike-slab),30.0,-0.6626014627675423,0.014913503097542663,True
combined,stability_loss,35,Bayesian SINDy (spike-slab),38.0,0.30483855324327974,0.06115856608792228,True
combined,stability_loss,35,Bayesian SINDy (spike-slab),46.0,-0.010689293688846857,0.06771788587300565,True
combined,stability_loss,35,Bayesian SINDy (spike-slab),54.0,0.05019920087288682,0.05864644104861233,True
combined,stability_loss,35,Bayesian SINDy (spike-slab),62.0,0.2827292963088407,0.0683277191753848,True
combined,stability_loss,35,Bayesian SINDy (spike-slab),70.0,-0.6590909079368084,-0.010956576845640026,True
combined,stability_loss,35,Bayesian SINDy (spike-slab),78.0,-0.8447368184413726,0.006184655322960059,True
combined,stability_loss,35,Kalman OU,30.0,-1.167855803712337,0.13462156352566873,True
combined,stability_loss,35,Kalman OU,38.0,-0.05711010576699449,0.016846602085028695,True
combined,stability_loss,35,Kalman OU,46.0,0.1670771708340641,-0.15754319119447463,True
combined,stability_loss,35,Kalman OU,54.0,-1.0639200176926131,0.14439529996676864,True
combined,stability_loss,35,Kalman OU,62.0,0.06213724348779548,0.021098635763491247,True
combined,stability_loss,35,Kalman OU,70.0,-0.19327975384857543,-0.07075377111666181,True
combined,stability_loss,35,Kalman OU,78.0,0.2602173987559916,-0.17252916982690628,True
combined,stability_loss,35,Latent Neural SDE (VI),30.0,-0.17270511388778687,-0.026844445269243594,True
combined,stability_loss,35,Latent Neural SDE (VI),38.0,-0.13374930620193481,0.062069364602706456,True
combined,stability_loss,35,Latent Neural SDE (VI),46.0,-0.45219385623931885,0.012116633417598083,True
combined,stability_loss,35,Latent Neural SDE (VI),54.0,-0.00460168719291687,-0.03417165371016695,True
combined,stability_loss,35,Latent Neural SDE (VI),62.0,-0.32746267318725586,0.0005037231846485579,True
combined,stability_loss,35,Latent Neural SDE (VI),70.0,-0.49329042434692383,0.05665183533069837,True
combined,stability_loss,35,Latent Neural SDE (VI),78.0,-0.5873357057571411,0.06472849529417812,True
combined,stability_loss,35,Moment OU,30.0,-2.3891269982665997,0.25534804015872237,True
combined,stability_loss,35,Moment OU,38.0,-0.4664479776152753,0.12062961425619476,True
combined,stability_loss,35,Moment OU,46.0,-1.3023456527859574,0.12764277090822865,True
combined,stability_loss,35,Moment OU,54.0,-1.1068534292076382,0.17399562302048768,True
combined,stability_loss,35,Moment OU,62.0,-0.3602305247277546,0.14762902075111142,True
combined,stability_loss,35,Moment OU,70.0,-1.9157086965086751,0.2421917565003989,True
combined,stability_loss,35,Moment OU,78.0,,,False
combined,stability_loss,35,Neural SDE (Euler),30.0,-1.0016965866088867,-0.06540737052275607,True
combined,stability_loss,35,Neural SDE (Euler),38.0,-0.12899160385131836,0.050662672836876116,True
combined,stability_loss,35,Neural SDE (Euler),46.0,-0.3546186685562134,0.019253201977899148,True
combined,stability_loss,35,Neural SDE (Euler),54.0,-0.32267677783966064,-0.01785414067966798,True
combined,stability_loss,35,Neural SDE (Euler),62.0,0.18975013494491577,-0.12163622160072468,True
combined,stability_loss,35,Neural SDE (Euler),70.0,-0.19328880310058594,0.11598259085308296,True
combined,stability_loss,35,Neural SDE (Euler),78.0,-0.41089487075805664,0.04356216955225939,True
combined,stability_loss,35,SINDy-STLSQ,30.0,-0.2100838690316258,0.03348457732628449,True
combined,stability_loss,35,SINDy-STLSQ,38.0,0.24426883955301415,0.07639255018485958,True
combined,stability_loss,35,SINDy-STLSQ,46.0,-0.8035502508218304,0.0483063326915287,True
combined,stability_loss,35,SINDy-STLSQ,54.0,-0.5042189559335204,0.05782477269000952,True
combined,stability_loss,35,SINDy-STLSQ,62.0,0.04603496993642242,0.07595298932937494,True
combined,stability_loss,35,SINDy-STLSQ,70.0,-0.3601392133005539,0.008223123304718916,True
combined,stability_loss,35,SINDy-STLSQ,78.0,-0.12963577398137893,0.03609131606985744,True
combined,stationary,0,Bayesian SINDy (spike-slab),30.0,0.416112263384131,0.00829822281138394,True
combined,stationary,0,Bayesian SINDy (spike-slab),38.0,1.6024679945268274,0.04079413387064225,True
combined,stationary,0,Bayesian SINDy (spike-slab),46.0,1.305329803577377,0.11668146671246539,True
combined,stationary,0,Bayesian SINDy (spike-slab),54.0,1.0242558072405152,0.08240751746428836,True
combined,stationary,0,Bayesian SINDy (spike-slab),62.0,0.5295729597219525,0.04564896108621512,True
combined,stationary,0,Bayesian SINDy (spike-slab),70.0,1.3227031800084381,0.10569956424552625,True
combined,stationary,0,Bayesian SINDy (spike-slab),78.0,2.051850552454646,0.04706112673635855,True
combined,stationary,0,Kalman OU,30.0,0.0,0.0,True
combined,stationary,0,Kalman OU,38.0,0.6155020494157761,0.2992958626891435,True
combined,stationary,0,Kalman OU,46.0,0.0,0.0,True
combined,stationary,0,Kalman OU,54.0,0.0,0.0,True
combined,stationary,0,Kalman OU,62.0,0.0,0.0,True
combined,stationary,0,Kalman OU,70.0,0.0,0.0,True
combined,stationary,0,Kalman OU,78.0,2.0308556787523777,0.24479531879594285,True
combined,stationary,0,Latent Neural SDE (VI),30.0,0.7490522861480713,-0.015292077540362145,True
combined,stationary,0,Latent Neural SDE (VI),38.0,2.884197473526001,0.016173083980550312,True
combined,stationary,0,Latent Neural SDE (VI),46.0,2.663427948951721,0.05301460859773903,True
combined,stationary,0,Latent Neural SDE (VI),54.0,2.2818323373794556,0.03209490801496327,True
combined,stationary,0,Latent Neural SDE (VI),62.0,2.866357207298279,0.04350555769771679,True
combined,stationary,0,Latent Neural SDE (VI),70.0,2.9520493149757385,0.061840131970392356,True
combined,stationary,0,Latent Neural SDE (VI),78.0,3.3806312680244446,0.09299189501982368,True
combined,stationary,0,Moment OU,30.0,,,False
combined,stationary,0,Moment OU,38.0,,,False
combined,stationary,0,Moment OU,46.0,,,False
combined,stationary,0,Moment OU,54.0,,,False
combined,stationary,0,Moment OU,62.0,,,False
combined,stationary,0,Moment OU,70.0,,,False
combined,stationary,0,Moment OU,78.0,,,False
combined,stationary,0,Neural SDE (Euler),30.0,1.8380708694458008,-0.002150787382653313,True
combined,stationary,0,Neural SDE (Euler),38.0,3.8678479194641113,0.044169911771577766,True
combined,stationary,0,Neural SDE (Euler),46.0,3.8465806245803833,0.1423906950228377,True
combined,stationary,0,Neural SDE (Euler),54.0,3.5023218393325806,0.09194183078219596,True
combined,stationary,0,Neural SDE (Euler),62.0,3.0226502418518066,-0.07849408353323614,True
combined,stationary,0,Neural SDE (Euler),70.0,4.2041624784469604,0.04029992015760957,True
combined,stationary,0,Neural SDE (Euler),78.0,4.3976510763168335,0.10586500322150606,True
combined,stationary,0,SINDy-STLSQ,30.0,-0.3581501733006416,0.008145407303486688,True
combined,stationary,0,SINDy-STLSQ,38.0,2.2077479153113595,0.0419850843963811,True
combined,stationary,0,SINDy-STLSQ,46.0,1.9011329082663773,0.11996372815225542,True
combined,stationary,0,SINDy-STLSQ,54.0,1.6338238703252168,0.10024074753841036,True
combined,stationary,0,SINDy-STLSQ,62.0,-1.2980030356232888,0.04083356500299859,True
combined,stationary,0,SINDy-STLSQ,70.0,2.27294022788787,0.11024861043921938,True
combined,stationary,0,SINDy-STLSQ,78.0,2.4759660248288387,0.043933547181629395,True
combined,stationary,1,Bayesian SINDy (spike-slab),30.0,1.467923785188697,0.10080195575925686,True
combined,stationary,1,Bayesian SINDy (spike-slab),38.0,0.7944633841093764,0.028050582551103917,True
combined,stationary,1,Bayesian SINDy (spike-slab),46.0,1.16796856225193,-0.03109639385202745,True
combined,stationary,1,Bayesian SINDy (spike-slab),54.0,0.7553366390579694,0.00810762376779088,True
combined,stationary,1,Bayesian SINDy (spike-slab),62.0,1.8524425014437025,0.09132196360833277,True
combined,stationary,1,Bayesian SINDy (spike-slab),70.0,1.618500318079094,0.029290688218238395,True
combined,stationary,1,Bayesian SINDy (spike-slab),78.0,1.4221964459215055,-0.0026441056551153863,True
combined,stationary,1,Kalman OU,30.0,2.5743111394961957,0.07687332245478405,True
combined,stationary,1,Kalman OU,38.0,2.605854457071732,0.079818809263592,True
combined,stationary,1,Kalman OU,46.0,0.0,0.0,True
combined,stationary,1,Kalman OU,54.0,0.0,0.19927454866889463,True
combined,stationary,1,Kalman OU,62.0,1.971921447536391,0.27213234749281767,True
combined,stationary,1,Kalman OU,70.0,2.3471247043241634,0.2192117435767177,True
combined,stationary,1,Kalman OU,78.0,0.8152133555246892,0.21955339935782664,True
combined,stationary,1,Latent Neural SDE (VI),30.0,0.1365041732788086,0.06483715225077759,True
combined,stationary,1,Latent Neural SDE (VI),38.0,0.4912795126438141,0.05638829800880653,True
combined,stationary,1,Latent Neural SDE (VI),46.0,0.7027327418327332,0.0006546500002578143,True
combined,stationary,1,Latent Neural SDE (VI),54.0,0.5964206457138062,0.06021327712294754,True
combined,stationary,1,Latent Neural SDE (VI),62.0,-0.052359163761138916,0.07988387786268343,True
combined,stationary,1,Latent Neural SDE (VI),70.0,0.36170947551727295,0.047612079460867054,True
combined,stationary,1,Latent Neural SDE (VI),78.0,0.24682849645614624,0.008474747300223961,True
combined,stationary,1,Moment OU,30.0,,,False
combined,stationary,1,Moment OU,38.0,,,False
combined,stationary,1,Moment OU,46.0,,,False
combined,stationary,1,Moment OU,54.0,,,False
combined,stationary,1,Moment OU,62.0,,,False
combined,stationary,1,Moment OU,70.0,,,False
combined,stationary,1,Moment OU,78.0,,,False
combined,stationary,1,Neural SDE (Euler),30.0,2.2719706296920776,0.19785883465556442,True
combined,stationary,1,Neural SDE (Euler),38.0,1.8375943899154663,0.11596124560137826,True
combined,stationary,1,Neural SDE (Euler),46.0,1.9626408815383911,0.013913836188131662,True
combined,stationary,1,Neural SDE (Euler),54.0,-0.13205599784851074,-0.02153710235387376,True
combined,stationary,1,Neural SDE (Euler),62.0,2.2844598293304443,0.16408030280503666,True
combined,stationary,1,Neural SDE (Euler),70.0,2.6617199778556824,0.09855773094061053,True
combined,stationary,1,Neural SDE (Euler),78.0,1.7845008373260498,0.017841009824069956,True
combined,stationary,1,SINDy-STLSQ,30.0,0.7350970577882567,0.07553086097104972,True
combined,stationary,1,SINDy-STLSQ,38.0,0.3623416607368235,0.019941657581738326,True
combined,stationary,1,SINDy-STLSQ,46.0,0.8901643398036851,-0.04386787310476384,True
combined,stationary,1,SINDy-STLSQ,54.0,-0.3946471566634382,0.0008454883974432781,True
combined,stationary,1,SINDy-STLSQ,62.0,0.9626901117080491,0.06622227014661508,True
combined,stationary,1,SINDy-STLSQ,70.0,0.8791553575024184,0.011942822857527291,True
combined,stationary,1,SINDy-STLSQ,78.0,0.3942634664571376,-0.019243952105835682,True
combined,stationary,2,Bayesian SINDy (spike-slab),30.0,,,False
combined,stationary,2,Bayesian SINDy (spike-slab),38.0,,,False
combined,stationary,2,Bayesian SINDy (spike-slab),46.0,,,False
combined,stationary,2,Bayesian SINDy (spike-slab),54.0,,,False
combined,stationary,2,Bayesian SINDy (spike-slab),62.0,,,False
combined,stationary,2,Bayesian SINDy (spike-slab),70.0,,,False
combined,stationary,2,Bayesian SINDy (spike-slab),78.0,,,False
combined,stationary,2,Kalman OU,30.0,0.6755955474251276,-0.1019319036094331,True
combined,stationary,2,Kalman OU,38.0,0.8331578588610542,-0.027436616101519873,True
combined,stationary,2,Kalman OU,46.0,-0.1661967745211781,0.07364634399028108,True
combined,stationary,2,Kalman OU,54.0,-0.2907572030720451,0.06929802357883763,True
combined,stationary,2,Kalman OU,62.0,1.32706590716445,-0.12340495889763653,True
combined,stationary,2,Kalman OU,70.0,-0.13032948660185362,0.09208961547302769,True
combined,stationary,2,Kalman OU,78.0,0.8591935321522205,0.029668756239501104,True
combined,stationary,2,Latent Neural SDE (VI),30.0,-0.4322742223739624,-0.0964323626267545,True
combined,stationary,2,Latent Neural SDE (VI),38.0,0.2145172357559204,-0.0024869920929540823,True
combined,stationary,2,Latent Neural SDE (VI),46.0,-0.4744032621383667,-0.022014341958758288,True
combined,stationary,2,Latent Neural SDE (VI),54.0,0.6878435611724854,0.1258658249746799,True
combined,stationary,2,Latent Neural SDE (VI),62.0,1.2174180150032043,0.09594415542444948,True
combined,stationary,2,Latent Neural SDE (VI),70.0,0.23368346691131592,-0.10048580996603029,True
combined,stationary,2,Latent Neural SDE (VI),78.0,0.6195064187049866,0.05013211419960617,True
combined,stationary,2,Moment OU,30.0,,,False
combined,stationary,2,Moment OU,38.0,,,False
combined,stationary,2,Moment OU,46.0,,,False
combined,stationary,2,Moment OU,54.0,,,False
combined,stationary,2,Moment OU,62.0,,,False
combined,stationary,2,Moment OU,70.0,,,False
combined,stationary,2,Moment OU,78.0,,,False
combined,stationary,2,Neural SDE (Euler),30.0,,,False
combined,stationary,2,Neural SDE (Euler),38.0,,,False
combined,stationary,2,Neural SDE (Euler),46.0,,,False
combined,stationary,2,Neural SDE (Euler),54.0,,,False
combined,stationary,2,Neural SDE (Euler),62.0,,,False
combined,stationary,2,Neural SDE (Euler),70.0,,,False
combined,stationary,2,Neural SDE (Euler),78.0,,,False
combined,stationary,2,SINDy-STLSQ,30.0,,,False
combined,stationary,2,SINDy-STLSQ,38.0,,,False
combined,stationary,2,SINDy-STLSQ,46.0,,,False
combined,stationary,2,SINDy-STLSQ,54.0,,,False
combined,stationary,2,SINDy-STLSQ,62.0,,,False
combined,stationary,2,SINDy-STLSQ,70.0,,,False
combined,stationary,2,SINDy-STLSQ,78.0,,,False
combined,stationary,3,Bayesian SINDy (spike-slab),30.0,,,False
combined,stationary,3,Bayesian SINDy (spike-slab),38.0,,,False
combined,stationary,3,Bayesian SINDy (spike-slab),46.0,,,False
combined,stationary,3,Bayesian SINDy (spike-slab),54.0,3.4325070973518965,-0.018228136306360748,True
combined,stationary,3,Bayesian SINDy (spike-slab),62.0,4.185028211072725,0.01861054656167241,True
combined,stationary,3,Bayesian SINDy (spike-slab),70.0,4.046127032102403,0.09586039026520049,True
combined,stationary,3,Bayesian SINDy (spike-slab),78.0,3.7339585891386013,0.1100356814425123,True
combined,stationary,3,Kalman OU,30.0,0.5133547053814271,-0.06221491388105699,True
combined,stationary,3,Kalman OU,38.0,0.0,-0.5363839317272414,True
combined,stationary,3,Kalman OU,46.0,0.0,-0.18832888155481392,True
combined,stationary,3,Kalman OU,54.0,1.385064886883228,-0.2562977870640461,True
combined,stationary,3,Kalman OU,62.0,1.4853809788863064,-0.31106078861046893,True
combined,stationary,3,Kalman OU,70.0,1.5740802863323398,-0.21051342826299269,True
combined,stationary,3,Kalman OU,78.0,0.3684159202451114,-0.10330307671190259,True
combined,stationary,3,Latent Neural SDE (VI),30.0,0.1939241886138916,-0.01607021266567804,True
combined,stationary,3,Latent Neural SDE (VI),38.0,-0.6016738414764404,-0.14030267152374715,True
combined,stationary,3,Latent Neural SDE (VI),46.0,1.3792884945869446,-0.10618017957048921,True
combined,stationary,3,Latent Neural SDE (VI),54.0,1.302689552307129,-0.07736602758917971,True
combined,stationary,3,Latent Neural SDE (VI),62.0,1.3472597002983093,-0.07705963715853156,True
combined,stationary,3,Latent Neural SDE (VI),70.0,1.4931074380874634,-0.02217304201869627,True
combined,stationary,3,Latent Neural SDE (VI),78.0,1.0108351707458496,-0.016448245425937258,True
combined,stationary,3,Moment OU,30.0,,,False
combined,stationary,3,Moment OU,38.0,,,False
combined,stationary,3,Moment OU,46.0,,,False
combined,stationary,3,Moment OU,54.0,1.5824411152626385,-0.29100487730576535,True
combined,stationary,3,Moment OU,62.0,,,False
combined,stationary,3,Moment OU,70.0,1.9635929500565803,-0.25541061292001654,True
combined,stationary,3,Moment OU,78.0,0.8810626762906477,-0.1582283760293568,True
combined,stationary,3,Neural SDE (Euler),30.0,,,False
combined,stationary,3,Neural SDE (Euler),38.0,,,False
combined,stationary,3,Neural SDE (Euler),46.0,,,False
combined,stationary,3,Neural SDE (Euler),54.0,0.5594658851623535,-0.1385253834959001,True
combined,stationary,3,Neural SDE (Euler),62.0,0.29468274116516113,-0.147685017453687,True
combined,stationary,3,Neural SDE (Euler),70.0,0.6257022023200989,-0.052496188174578795,True
combined,stationary,3,Neural SDE (Euler),78.0,0.3090359568595886,-0.034901119947296694,True
combined,stationary,3,SINDy-STLSQ,30.0,,,False
combined,stationary,3,SINDy-STLSQ,38.0,,,False
combined,stationary,3,SINDy-STLSQ,46.0,,,False
combined,stationary,3,SINDy-STLSQ,54.0,2.792430861341485,-0.01938774986195567,True
combined,stationary,3,SINDy-STLSQ,62.0,2.537214865921575,-0.00018594532092586213,True
combined,stationary,3,SINDy-STLSQ,70.0,3.5014161441408014,0.0856811974667776,True
combined,stationary,3,SINDy-STLSQ,78.0,3.2026975307338876,0.10066197053790113,True
combined,stationary,4,Bayesian SINDy (spike-slab),30.0,-0.07538095122535365,-0.01767830158902678,True
combined,stationary,4,Bayesian SINDy (spike-slab),38.0,,,False
combined,stationary,4,Bayesian SINDy (spike-slab),46.0,,,False
combined,stationary,4,Bayesian SINDy (spike-slab),54.0,,,False
combined,stationary,4,Bayesian SINDy (spike-slab),62.0,,,False
combined,stationary,4,Bayesian SINDy (spike-slab),70.0,,,False
combined,stationary,4,Bayesian SINDy (spike-slab),78.0,,,False
combined,stationary,4,Kalman OU,30.0,0.01836706181879988,0.011221396541574169,True
combined,stationary,4,Kalman OU,38.0,1.5918648309770773,-0.16806052123221615,True
combined,stationary,4,Kalman OU,46.0,1.6397733781110213,-0.17280552080801542,True
combined,stationary,4,Kalman OU,54.0,1.246369885292757,-0.1893566008988351,True
combined,stationary,4,Kalman OU,62.0,0.9552407277559307,-0.22161155690849552,True
combined,stationary,4,Kalman OU,70.0,1.889733534465397,-0.37085507257137174,True
combined,stationary,4,Kalman OU,78.0,-0.9157722096406817,-0.45045325879411996,True
combined,stationary,4,Latent Neural SDE (VI),30.0,0.3436086177825928,0.014301223149311704,True
combined,stationary,4,Latent Neural SDE (VI),38.0,1.6609353721141815,0.01970100775416414,True
combined,stationary,4,Latent Neural SDE (VI),46.0,1.7115383446216583,0.12043774021173514,True
combined,stationary,4,Latent Neural SDE (VI),54.0,1.5740613043308258,-0.015174046840555927,True
combined,stationary,4,Latent Neural SDE (VI),62.0,1.5574136972427368,-0.04157040457027181,True
combined,stationary,4,Latent Neural SDE (VI),70.0,0.8382540941238403,-0.0153524502694945,True
combined,stationary,4,Latent Neural SDE (VI),78.0,0.2647508382797241,-0.12826844807126922,True
combined,stationary,4,Moment OU,30.0,-0.27610967785165386,0.04908225802856703,True
combined,stationary,4,Moment OU,38.0,,,False
combined,stationary,4,Moment OU,46.0,,,False
combined,stationary,4,Moment OU,54.0,,,False
combined,stationary,4,Moment OU,62.0,,,False
combined,stationary,4,Moment OU,70.0,,,False
combined,stationary,4,Moment OU,78.0,,,False
combined,stationary,4,Neural SDE (Euler),30.0,1.0343053340911865,-0.014520306237077563,True
combined,stationary,4,Neural SDE (Euler),38.0,,,False
combined,stationary,4,Neural SDE (Euler),46.0,,,False
combined,stationary,4,Neural SDE (Euler),54.0,,,False
combined,stationary,4,Neural SDE (Euler),62.0,,,False
combined,stationary,4,Neural SDE (Euler),70.0,,,False
combined,stationary,4,Neural SDE (Euler),78.0,,,False
combined,stationary,4,SINDy-STLSQ,30.0,0.07759884061471678,-0.012156287767695395,True
combined,stationary,4,SINDy-STLSQ,38.0,,,False
combined,stationary,4,SINDy-STLSQ,46.0,,,False
combined,stationary,4,SINDy-STLSQ,54.0,,,False
combined,stationary,4,SINDy-STLSQ,62.0,,,False
combined,stationary,4,SINDy-STLSQ,70.0,,,False
combined,stationary,4,SINDy-STLSQ,78.0,,,False
combined,stationary,5,Bayesian SINDy (spike-slab),30.0,,,False
combined,stationary,5,Bayesian SINDy (spike-slab),38.0,,,False
combined,stationary,5,Bayesian SINDy (spike-slab),46.0,,,False
combined,stationary,5,Bayesian SINDy (spike-slab),54.0,,,False
combined,stationary,5,Bayesian SINDy (spike-slab),62.0,,,False
combined,stationary,5,Bayesian SINDy (spike-slab),70.0,,,False
combined,stationary,5,Bayesian SINDy (spike-slab),78.0,,,False
combined,stationary,5,Kalman OU,30.0,-0.23827118417200932,-0.31953034959439197,True
combined,stationary,5,Kalman OU,38.0,-0.23823569414354084,-0.31953034959439197,True
combined,stationary,5,Kalman OU,46.0,2.549339581746079,-0.28412999749409185,True
combined,stationary,5,Kalman OU,54.0,-0.23827118417200932,-0.31953034959439197,True
combined,stationary,5,Kalman OU,62.0,-0.23827118417200932,0.027571599837159122,True
combined,stationary,5,Kalman OU,70.0,2.010936067494062,-0.1952680916742017,True
combined,stationary,5,Kalman OU,78.0,0.6154597264799757,0.07043178564165015,True
combined,stationary,5,Latent Neural SDE (VI),30.0,-0.39415693283081055,0.0747887400189804,True
combined,stationary,5,Latent Neural SDE (VI),38.0,0.18578433990478516,0.06561249911619797,True
combined,stationary,5,Latent Neural SDE (VI),46.0,-0.28441929817199707,-0.057186333484905594,True
combined,stationary,5,Latent Neural SDE (VI),54.0,-0.24482274055480957,-0.04953667638291556,True
combined,stationary,5,Latent Neural SDE (VI),62.0,-0.16798090934753418,0.005273507997308011,True
combined,stationary,5,Latent Neural SDE (VI),70.0,0.5211634039878845,0.046427597338081036,True
combined,stationary,5,Latent Neural SDE (VI),78.0,0.35878682136535645,0.08744324578627986,True
combined,stationary,5,Moment OU,30.0,,,False
combined,stationary,5,Moment OU,38.0,,,False
combined,stationary,5,Moment OU,46.0,,,False
combined,stationary,5,Moment OU,54.0,,,False
combined,stationary,5,Moment OU,62.0,,,False
combined,stationary,5,Moment OU,70.0,,,False
combined,stationary,5,Moment OU,78.0,,,False
combined,stationary,5,Neural SDE (Euler),30.0,,,False
combined,stationary,5,Neural SDE (Euler),38.0,,,False
combined,stationary,5,Neural SDE (Euler),46.0,,,False
combined,stationary,5,Neural SDE (Euler),54.0,,,False
combined,stationary,5,Neural SDE (Euler),62.0,,,False
combined,stationary,5,Neural SDE (Euler),70.0,,,False
combined,stationary,5,Neural SDE (Euler),78.0,,,False
combined,stationary,5,SINDy-STLSQ,30.0,,,False
combined,stationary,5,SINDy-STLSQ,38.0,,,False
combined,stationary,5,SINDy-STLSQ,46.0,,,False
combined,stationary,5,SINDy-STLSQ,54.0,,,False
combined,stationary,5,SINDy-STLSQ,62.0,,,False
combined,stationary,5,SINDy-STLSQ,70.0,,,False
combined,stationary,5,SINDy-STLSQ,78.0,,,False
combined,stationary,6,Bayesian SINDy (spike-slab),30.0,,,False
combined,stationary,6,Bayesian SINDy (spike-slab),38.0,,,False
combined,stationary,6,Bayesian SINDy (spike-slab),46.0,,,False
combined,stationary,6,Bayesian SINDy (spike-slab),54.0,,,False
combined,stationary,6,Bayesian SINDy (spike-slab),62.0,,,False
combined,stationary,6,Bayesian SINDy (spike-slab),70.0,,,False
combined,stationary,6,Bayesian SINDy (spike-slab),78.0,,,False
combined,stationary,6,Kalman OU,30.0,-0.15496154865140987,0.006408701921111787,True
combined,stationary,6,Kalman OU,38.0,-1.1146087119141084,0.12349831009440904,True
combined,stationary,6,Kalman OU,46.0,-0.21201622633688255,0.014024365905727393,True
combined,stationary,6,Kalman OU,54.0,-0.4381655340405781,0.04309438252749659,True
combined,stationary,6,Kalman OU,62.0,-0.5094403426061227,0.08509121746599457,True
combined,stationary,6,Kalman OU,70.0,-1.1792178747239705,0.13393523629705983,True
combined,stationary,6,Kalman OU,78.0,-0.018344637066550096,-0.11389450786757206,True
combined,stationary,6,Latent Neural SDE (VI),30.0,0.2957195043563843,0.012926637864683121,True
combined,stationary,6,Latent Neural SDE (VI),38.0,0.2763296961784363,-0.07888127658473958,True
combined,stationary,6,Latent Neural SDE (VI),46.0,0.15615582466125488,-0.009259127451171523,True
combined,stationary,6,Latent Neural SDE (VI),54.0,0.41504931449890137,0.03604220590125673,True
combined,stationary,6,Latent Neural SDE (VI),62.0,0.43084007501602173,0.06036206974375216,True
combined,stationary,6,Latent Neural SDE (VI),70.0,-0.2634221315383911,-0.037920583307987935,True
combined,stationary,6,Latent Neural SDE (VI),78.0,0.3342429995536804,0.0187832223334235,True
combined,stationary,6,Moment OU,30.0,,,False
combined,stationary,6,Moment OU,38.0,,,False
combined,stationary,6,Moment OU,46.0,,,False
combined,stationary,6,Moment OU,54.0,,,False
combined,stationary,6,Moment OU,62.0,,,False
combined,stationary,6,Moment OU,70.0,,,False
combined,stationary,6,Moment OU,78.0,,,False
combined,stationary,6,Neural SDE (Euler),30.0,,,False
combined,stationary,6,Neural SDE (Euler),38.0,,,False
combined,stationary,6,Neural SDE (Euler),46.0,,,False
combined,stationary,6,Neural SDE (Euler),54.0,,,False
combined,stationary,6,Neural SDE (Euler),62.0,,,False
combined,stationary,6,Neural SDE (Euler),70.0,,,False
combined,stationary,6,Neural SDE (Euler),78.0,,,False
combined,stationary,6,SINDy-STLSQ,30.0,,,False
combined,stationary,6,SINDy-STLSQ,38.0,,,False
combined,stationary,6,SINDy-STLSQ,46.0,,,False
combined,stationary,6,SINDy-STLSQ,54.0,,,False
combined,stationary,6,SINDy-STLSQ,62.0,,,False
combined,stationary,6,SINDy-STLSQ,70.0,,,False
combined,stationary,6,SINDy-STLSQ,78.0,,,False
combined,stationary,7,Bayesian SINDy (spike-slab),30.0,0.2537005257941838,0.07900061824213306,True
combined,stationary,7,Bayesian SINDy (spike-slab),38.0,1.1730623669171776,0.10133311214602767,True
combined,stationary,7,Bayesian SINDy (spike-slab),46.0,,,False
combined,stationary,7,Bayesian SINDy (spike-slab),54.0,1.0690820458155001,0.0843995170844801,True
combined,stationary,7,Bayesian SINDy (spike-slab),62.0,-0.1414235964957371,0.015711988029874432,True
combined,stationary,7,Bayesian SINDy (spike-slab),70.0,-3.6632792882407124,-0.020992812219842047,True
combined,stationary,7,Bayesian SINDy (spike-slab),78.0,-1.4489603050887,-0.013705656970774707,True
combined,stationary,7,Kalman OU,30.0,-0.16898506051505657,0.060306585624081116,True
combined,stationary,7,Kalman OU,38.0,-0.818320291709086,0.1723446577281105,True
combined,stationary,7,Kalman OU,46.0,-1.6771920810818646,0.24213154760703312,True
combined,stationary,7,Kalman OU,54.0,-0.27592247101178546,0.03181968651532238,True
combined,stationary,7,Kalman OU,62.0,0.14021596575163275,-0.014622183230087654,True
combined,stationary,7,Kalman OU,70.0,-0.3625913993992643,0.11968787389783406,True
combined,stationary,7,Kalman OU,78.0,-0.24156366596418566,0.06940831016457774,True
combined,stationary,7,Latent Neural SDE (VI),30.0,-0.012167036533355713,0.08842276841565888,True
combined,stationary,7,Latent Neural SDE (VI),38.0,-0.44296836853027344,0.17605850429983183,True
combined,stationary,7,Latent Neural SDE (VI),46.0,-1.8339409828186035,0.012652883326655456,True
combined,stationary,7,Latent Neural SDE (VI),54.0,-0.7910478115081787,0.029822819724732663,True
combined,stationary,7,Latent Neural SDE (VI),62.0,0.056610703468322754,0.02084348800878763,True
combined,stationary,7,Latent Neural SDE (VI),70.0,0.07175743579864502,0.10888435060242735,True
combined,stationary,7,Latent Neural SDE (VI),78.0,-0.7288546562194824,0.02481342853945387,True
combined,stationary,7,Moment OU,30.0,-0.1699287998197525,0.06082106454928374,True
combined,stationary,7,Moment OU,38.0,-0.3056324915944586,0.12484399387801767,True
combined,stationary,7,Moment OU,46.0,,,False
combined,stationary,7,Moment OU,54.0,0.6863135552210762,-0.08083909740804028,True
combined,stationary,7,Moment OU,62.0,,,False
combined,stationary,7,Moment OU,70.0,0.3348518561228322,0.04388794314096897,True
combined,stationary,7,Moment OU,78.0,0.6910231383218819,-0.052074177165378766,True
combined,stationary,7,Neural SDE (Euler),30.0,0.500238299369812,0.13953260727212236,True
combined,stationary,7,Neural SDE (Euler),38.0,0.4741581678390503,0.26367846772946824,True
combined,stationary,7,Neural SDE (Euler),46.0,,,False
combined,stationary,7,Neural SDE (Euler),54.0,1.004991054534912,0.3527280759414018,True
combined,stationary,7,Neural SDE (Euler),62.0,2.179921865463257,0.1109953822833388,True
combined,stationary,7,Neural SDE (Euler),70.0,3.131567597389221,0.030205527216888347,True
combined,stationary,7,Neural SDE (Euler),78.0,-0.6493610143661499,0.22372635757005624,True
combined,stationary,7,SINDy-STLSQ,30.0,-0.13553139180478113,0.0653770710095426,True
combined,stationary,7,SINDy-STLSQ,38.0,0.305100449534333,0.0905347285959632,True
combined,stationary,7,SINDy-STLSQ,46.0,,,False
combined,stationary,7,SINDy-STLSQ,54.0,0.21619660890477466,0.0793671234691212,True
combined,stationary,7,SINDy-STLSQ,62.0,-2.1058311570973975,-0.015177507813046429,True
combined,stationary,7,SINDy-STLSQ,70.0,0.984371413216456,-0.02883651494295221,True
combined,stationary,7,SINDy-STLSQ,78.0,-1.1073337214623327,-0.0074112879056499464,True
combined,stationary,8,Bayesian SINDy (spike-slab),30.0,-0.07994554454897562,-0.03188558132615357,True
combined,stationary,8,Bayesian SINDy (spike-slab),38.0,,,False
combined,stationary,8,Bayesian SINDy (spike-slab),46.0,,,False
combined,stationary,8,Bayesian SINDy (spike-slab),54.0,,,False
combined,stationary,8,Bayesian SINDy (spike-slab),62.0,,,False
combined,stationary,8,Bayesian SINDy (spike-slab),70.0,,,False
combined,stationary,8,Bayesian SINDy (spike-slab),78.0,-0.5240192404390374,0.003118566882111651,True
combined,stationary,8,Kalman OU,30.0,1.92521196434371,0.31696908317116623,True
combined,stationary,8,Kalman OU,38.0,2.2969849329785617,0.14366407459473077,True
combined,stationary,8,Kalman OU,46.0,0.0,0.0,True
combined,stationary,8,Kalman OU,54.0,0.0,0.0,True
combined,stationary,8,Kalman OU,62.0,1.8460468045982805,0.1503178098851377,True
combined,stationary,8,Kalman OU,70.0,2.5880552942891035,0.11341430052534344,True
combined,stationary,8,Kalman OU,78.0,0.0,0.0,True
combined,stationary,8,Latent Neural SDE (VI),30.0,0.5728080570697784,-0.03766196672197056,True
combined,stationary,8,Latent Neural SDE (VI),38.0,0.5431433916091919,-0.13462980096985083,True
combined,stationary,8,Latent Neural SDE (VI),46.0,-1.0110220313072205,-0.11402790201181616,True
combined,stationary,8,Latent Neural SDE (VI),54.0,-0.7436227202415466,-0.11631440103670723,True
combined,stationary,8,Latent Neural SDE (VI),62.0,0.468437135219574,-0.12216578225234716,True
combined,stationary,8,Latent Neural SDE (VI),70.0,0.6502317786216736,-0.026730493703079672,True
combined,stationary,8,Latent Neural SDE (VI),78.0,0.37316298484802246,-0.010025431543302127,True
combined,stationary,8,Moment OU,30.0,,,False
combined,stationary,8,Moment OU,38.0,,,False
combined,stationary,8,Moment OU,46.0,,,False
combined,stationary,8,Moment OU,54.0,,,False
combined,stationary,8,Moment OU,62.0,,,False
combined,stationary,8,Moment OU,70.0,,,False
combined,stationary,8,Moment OU,78.0,,,False
combined,stationary,8,Neural SDE (Euler),30.0,1.1357503533363342,-0.11624008810523859,True
combined,stationary,8,Neural SDE (Euler),38.0,,,False
combined,stationary,8,Neural SDE (Euler),46.0,,,False
combined,stationary,8,Neural SDE (Euler),54.0,,,False
combined,stationary,8,Neural SDE (Euler),62.0,,,False
combined,stationary,8,Neural SDE (Euler),70.0,,,False
combined,stationary,8,Neural SDE (Euler),78.0,1.1759788691997528,0.1117431168326608,True
combined,stationary,8,SINDy-STLSQ,30.0,-1.0589365403310689,-0.0851908295440844,True
combined,stationary,8,SINDy-STLSQ,38.0,,,False
combined,stationary,8,SINDy-STLSQ,46.0,,,False
combined,stationary,8,SINDy-STLSQ,54.0,,,False
combined,stationary,8,SINDy-STLSQ,62.0,,,False
combined,stationary,8,SINDy-STLSQ,70.0,,,False
combined,stationary,8,SINDy-STLSQ,78.0,-2.712218826932282,-0.045158293367012325,True
combined,stationary,9,Bayesian SINDy (spike-slab),30.0,0.19438286360830226,-0.009597248183404503,True
combined,stationary,9,Bayesian SINDy (spike-slab),38.0,,,False
combined,stationary,9,Bayesian SINDy (spike-slab),46.0,1.3622810221557702,-0.0023353344227432238,True
combined,stationary,9,Bayesian SINDy (spike-slab),54.0,1.2439631750576279,0.022346621030081393,True
combined,stationary,9,Bayesian SINDy (spike-slab),62.0,,,False
combined,stationary,9,Bayesian SINDy (spike-slab),70.0,,,False
combined,stationary,9,Bayesian SINDy (spike-slab),78.0,-0.1483660065046113,0.03953770232285017,True
combined,stationary,9,Kalman OU,30.0,0.0,0.0,True
combined,stationary,9,Kalman OU,38.0,2.1254173143928647,0.1108413470969918,True
combined,stationary,9,Kalman OU,46.0,2.3035689013336387,0.20402474909260343,True
combined,stationary,9,Kalman OU,54.0,2.179225673199852,0.2273965019646329,True
combined,stationary,9,Kalman OU,62.0,2.656274149551682,0.13247319121796022,True
combined,stationary,9,Kalman OU,70.0,0.0,0.0,True
combined,stationary,9,Kalman OU,78.0,0.0,0.0,True
combined,stationary,9,Latent Neural SDE (VI),30.0,0.09435802698135376,-0.027486787664121576,True
combined,stationary,9,Latent Neural SDE (VI),38.0,-0.8581951260566711,-0.0030977147086327095,True
combined,stationary,9,Latent Neural SDE (VI),46.0,-0.012763679027557373,-0.02319480411656391,True
combined,stationary,9,Latent Neural SDE (VI),54.0,0.28846925497055054,-0.00868339466978535,True
combined,stationary,9,Latent Neural SDE (VI),62.0,-0.8608666062355042,-0.0611860396792611,True
combined,stationary,9,Latent Neural SDE (VI),70.0,-1.0212190747261047,-0.018255390146333816,True
combined,stationary,9,Latent Neural SDE (VI),78.0,-1.6258419156074524,-0.05018055910313493,True
combined,stationary,9,Moment OU,30.0,,,False
combined,stationary,9,Moment OU,38.0,,,False
combined,stationary,9,Moment OU,46.0,,,False
combined,stationary,9,Moment OU,54.0,,,False
combined,stationary,9,Moment OU,62.0,,,False
combined,stationary,9,Moment OU,70.0,,,False
combined,stationary,9,Moment OU,78.0,,,False
combined,stationary,9,Neural SDE (Euler),30.0,0.4326455593109131,0.043016141828319115,True
combined,stationary,9,Neural SDE (Euler),38.0,,,False
combined,stationary,9,Neural SDE (Euler),46.0,-0.5073935985565186,-0.023928528896028367,True
combined,stationary,9,Neural SDE (Euler),54.0,0.40692853927612305,0.04971553191910821,True
combined,stationary,9,Neural SDE (Euler),62.0,,,False
combined,stationary,9,Neural SDE (Euler),70.0,,,False
combined,stationary,9,Neural SDE (Euler),78.0,-2.8612935543060303,-0.06847611576725984,True
combined,stationary,9,SINDy-STLSQ,30.0,-0.6517084694027302,-0.017848572421513234,True
combined,stationary,9,SINDy-STLSQ,38.0,,,False
combined,stationary,9,SINDy-STLSQ,46.0,0.3475147060734074,-0.027431153887488458,True
combined,stationary,9,SINDy-STLSQ,54.0,-0.10124023174128038,0.0035976416261264965,True
combined,stationary,9,SINDy-STLSQ,62.0,,,False
combined,stationary,9,SINDy-STLSQ,70.0,,,False
combined,stationary,9,SINDy-STLSQ,78.0,-0.7706187930141426,0.04032339881246777,True
combined,stationary,10,Bayesian SINDy (spike-slab),30.0,-0.7817435790989842,0.015330578635273373,True
combined,stationary,10,Bayesian SINDy (spike-slab),38.0,-0.3765045577246033,0.02396746716248796,True
combined,stationary,10,Bayesian SINDy (spike-slab),46.0,-0.24281125080731358,0.03996218227728282,True
combined,stationary,10,Bayesian SINDy (spike-slab),54.0,-2.2938970926043964,-0.04682103921370165,True
combined,stationary,10,Bayesian SINDy (spike-slab),62.0,,,False
combined,stationary,10,Bayesian SINDy (spike-slab),70.0,-0.1592517983315161,0.011947147164348082,True
combined,stationary,10,Bayesian SINDy (spike-slab),78.0,,,False
combined,stationary,10,Kalman OU,30.0,-2.3402362760680395,-0.15545065390494325,True
combined,stationary,10,Kalman OU,38.0,-2.2682645035473916,0.32296889320705424,True
combined,stationary,10,Kalman OU,46.0,-0.6238037901786828,0.13305451988094177,True
combined,stationary,10,Kalman OU,54.0,-2.3402362760680395,-0.15545065390494325,True
combined,stationary,10,Kalman OU,62.0,-2.3402362760680395,-0.15545065390494325,True
combined,stationary,10,Kalman OU,70.0,-0.4824880157759883,0.17365067764330036,True
combined,stationary,10,Kalman OU,78.0,-0.1496659585714688,0.20277751636263022,True
combined,stationary,10,Latent Neural SDE (VI),30.0,-0.5900624990463257,-0.006547466592859319,True
combined,stationary,10,Latent Neural SDE (VI),38.0,-0.4123307466506958,0.006987472343806755,True
combined,stationary,10,Latent Neural SDE (VI),46.0,-0.24982589483261108,0.04968972851077125,True
combined,stationary,10,Latent Neural SDE (VI),54.0,-1.5307379961013794,-0.07609235134262379,True
combined,stationary,10,Latent Neural SDE (VI),62.0,-1.8207842111587524,-0.16654111944879874,True
combined,stationary,10,Latent Neural SDE (VI),70.0,-0.03142493963241577,-0.047332616332187105,True
combined,stationary,10,Latent Neural SDE (VI),78.0,0.08738535642623901,-0.052478286249032446,True
combined,stationary,10,Moment OU,30.0,-6.5239851025091005,0.38232816819045423,True
combined,stationary,10,Moment OU,38.0,-1.6802763148251894,0.17720287691646366,True
combined,stationary,10,Moment OU,46.0,-1.141425983335412,0.2286149071288511,True
combined,stationary,10,Moment OU,54.0,,,False
combined,stationary,10,Moment OU,62.0,,,False
combined,stationary,10,Moment OU,70.0,0.4676077746708353,-0.039401555489812445,True
combined,stationary,10,Moment OU,78.0,,,False
combined,stationary,10,Neural SDE (Euler),30.0,-0.05503499507904053,0.01493180134138139,True
combined,stationary,10,Neural SDE (Euler),38.0,-0.3299983739852905,-0.018353844328017177,True
combined,stationary,10,Neural SDE (Euler),46.0,0.2997528314590454,0.058469089552932785,True
combined,stationary,10,Neural SDE (Euler),54.0,-0.16664016246795654,-0.1668030719021229,True
combined,stationary,10,Neural SDE (Euler),62.0,,,False
combined,stationary,10,Neural SDE (Euler),70.0,0.06353914737701416,-0.02718934396704198,True
combined,stationary,10,Neural SDE (Euler),78.0,,,False
combined,stationary,10,SINDy-STLSQ,30.0,-0.21186450461156037,0.012056506127571975,True
combined,stationary,10,SINDy-STLSQ,38.0,0.35493039278280447,0.024493944405908574,True
combined,stationary,10,SINDy-STLSQ,46.0,0.9008470242412183,0.04999255992098653,True
combined,stationary,10,SINDy-STLSQ,54.0,-2.9342901355569126,-0.04749361902774843,True
combined,stationary,10,SINDy-STLSQ,62.0,,,False
combined,stationary,10,SINDy-STLSQ,70.0,0.9734254462202054,-0.0036649334294500124,True
combined,stationary,10,SINDy-STLSQ,78.0,,,False
combined,stationary,11,Bayesian SINDy (spike-slab),30.0,1.1954531270638251,0.08886469352958407,True
combined,stationary,11,Bayesian SINDy (spike-slab),38.0,,,False
combined,stationary,11,Bayesian SINDy (spike-slab),46.0,,,False
combined,stationary,11,Bayesian SINDy (spike-slab),54.0,,,False
combined,stationary,11,Bayesian SINDy (spike-slab),62.0,1.829184955718622,-0.0013525997613340612,True
combined,stationary,11,Bayesian SINDy (spike-slab),70.0,1.538199492502989,-0.0017158932478910927,True
combined,stationary,11,Bayesian SINDy (spike-slab),78.0,0.5263062910752137,0.004072519092502114,True
combined,stationary,11,Kalman OU,30.0,-0.23401339381672925,0.3312583859932643,True
combined,stationary,11,Kalman OU,38.0,0.2465880181643163,0.24814129726599501,True
combined,stationary,11,Kalman OU,46.0,0.9531712589292054,0.016737359453754555,True
combined,stationary,11,Kalman OU,54.0,-0.5592254559481764,0.25151528258993106,True
combined,stationary,11,Kalman OU,62.0,0.8396944732118443,0.15969246340366097,True
combined,stationary,11,Kalman OU,70.0,0.1476430052904676,0.15594169743686356,True
combined,stationary,11,Kalman OU,78.0,-1.2745918384946997,-0.08549260218695617,True
combined,stationary,11,Latent Neural SDE (VI),30.0,-0.3472188711166382,0.06422875492901957,True
combined,stationary,11,Latent Neural SDE (VI),38.0,-1.0413193702697754,-0.017422277511570036,True
combined,stationary,11,Latent Neural SDE (VI),46.0,-0.5168746709823608,-0.007111771861929614,True
combined,stationary,11,Latent Neural SDE (VI),54.0,-0.045783400535583496,0.042551732569971176,True
combined,stationary,11,Latent Neural SDE (VI),62.0,0.24902305006980896,0.07770159206847825,True
combined,stationary,11,Latent Neural SDE (VI),70.0,-0.4187171459197998,0.09637205714718373,True
combined,stationary,11,Latent Neural SDE (VI),78.0,-0.8081274032592773,0.07855762113863655,True
combined,stationary,11,Moment OU,30.0,,,False
combined,stationary,11,Moment OU,38.0,,,False
combined,stationary,11,Moment OU,46.0,,,False
combined,stationary,11,Moment OU,54.0,,,False
combined,stationary,11,Moment OU,62.0,,,False
combined,stationary,11,Moment OU,70.0,,,False
combined,stationary,11,Moment OU,78.0,,,False
combined,stationary,11,Neural SDE (Euler),30.0,-0.0709579586982727,0.04705722593328254,True
combined,stationary,11,Neural SDE (Euler),38.0,,,False
combined,stationary,11,Neural SDE (Euler),46.0,,,False
combined,stationary,11,Neural SDE (Euler),54.0,,,False
combined,stationary,11,Neural SDE (Euler),62.0,0.2877025604248047,0.05450414547569174,True
combined,stationary,11,Neural SDE (Euler),70.0,-0.059872567653656006,0.04926631728219985,True
combined,stationary,11,Neural SDE (Euler),78.0,-0.53492271900177,0.01781235099691708,True
combined,stationary,11,SINDy-STLSQ,30.0,1.3304372471483115,0.08962155434983435,True
combined,stationary,11,SINDy-STLSQ,38.0,,,False
combined,stationary,11,SINDy-STLSQ,46.0,,,False
combined,stationary,11,SINDy-STLSQ,54.0,,,False
combined,stationary,11,SINDy-STLSQ,62.0,0.7466097103546752,-0.012612369191564596,True
combined,stationary,11,SINDy-STLSQ,70.0,1.5869173025318266,0.012503254766350141,True
combined,stationary,11,SINDy-STLSQ,78.0,2.3335170297111296,0.02396467417679063,True
combined,stationary,12,Bayesian SINDy (spike-slab),30.0,0.29318464238871256,-0.05125914470024087,True
combined,stationary,12,Bayesian SINDy (spike-slab),38.0,-0.3404587275796179,-0.051248003366796,True
combined,stationary,12,Bayesian SINDy (spike-slab),46.0,-1.9525287286330042,-0.06265551024088656,True
combined,stationary,12,Bayesian SINDy (spike-slab),54.0,,,False
combined,stationary,12,Bayesian SINDy (spike-slab),62.0,,,False
combined,stationary,12,Bayesian SINDy (spike-slab),70.0,-0.6975555000764596,-0.040797172249889296,True
combined,stationary,12,Bayesian SINDy (spike-slab),78.0,0.06648177794220311,-0.012058333741537919,True
combined,stationary,12,Kalman OU,30.0,2.871431957802442,0.07039219263854453,True
combined,stationary,12,Kalman OU,38.0,2.562958450951604,0.06126305742158418,True
combined,stationary,12,Kalman OU,46.0,0.0,0.0,True
combined,stationary,12,Kalman OU,54.0,0.0,0.0,True
combined,stationary,12,Kalman OU,62.0,0.0,0.0,True
combined,stationary,12,Kalman OU,70.0,0.0,0.0,True
combined,stationary,12,Kalman OU,78.0,2.259122656565651,0.12460798741579951,True
combined,stationary,12,Latent Neural SDE (VI),30.0,-1.8732601404190063,0.01612937582498894,True
combined,stationary,12,Latent Neural SDE (VI),38.0,-0.34583884477615356,0.01999035925281467,True
combined,stationary,12,Latent Neural SDE (VI),46.0,-1.4586149454116821,-0.025523966958259953,True
combined,stationary,12,Latent Neural SDE (VI),54.0,-0.07955944538116455,-0.02749037357720252,True
combined,stationary,12,Latent Neural SDE (VI),62.0,-0.890366792678833,-0.054195942422274296,True
combined,stationary,12,Latent Neural SDE (VI),70.0,-1.852120280265808,-0.018309102228887986,True
combined,stationary,12,Latent Neural SDE (VI),78.0,-0.42676985263824463,0.02060842086453049,True
combined,stationary,12,Moment OU,30.0,,,False
combined,stationary,12,Moment OU,38.0,,,False
combined,stationary,12,Moment OU,46.0,,,False
combined,stationary,12,Moment OU,54.0,,,False
combined,stationary,12,Moment OU,62.0,,,False
combined,stationary,12,Moment OU,70.0,,,False
combined,stationary,12,Moment OU,78.0,,,False
combined,stationary,12,Neural SDE (Euler),30.0,-1.8431043028831482,-0.005160811216302574,True
combined,stationary,12,Neural SDE (Euler),38.0,-0.9526358246803284,-0.022432672585388697,True
combined,stationary,12,Neural SDE (Euler),46.0,-1.9105965495109558,-0.09102124333588864,True
combined,stationary,12,Neural SDE (Euler),54.0,,,False
combined,stationary,12,Neural SDE (Euler),62.0,,,False
combined,stationary,12,Neural SDE (Euler),70.0,-2.1076645255088806,-0.016962586295090537,True
combined,stationary,12,Neural SDE (Euler),78.0,-0.2821580767631531,0.03946533383745174,True
combined,stationary,12,SINDy-STLSQ,30.0,-0.13905045516911008,-0.04750642202688923,True
combined,stationary,12,SINDy-STLSQ,38.0,1.0318282142789321,-0.023191025826294343,True
combined,stationary,12,SINDy-STLSQ,46.0,-1.7478793785179598,-0.038596743241333414,True
combined,stationary,12,SINDy-STLSQ,54.0,,,False
combined,stationary,12,SINDy-STLSQ,62.0,,,False
combined,stationary,12,SINDy-STLSQ,70.0,0.004038920334749951,0.0004606864535147692,True
combined,stationary,12,SINDy-STLSQ,78.0,0.36114487262573336,0.005096701076891225,True
combined,stationary,13,Bayesian SINDy (spike-slab),30.0,,,False
combined,stationary,13,Bayesian SINDy (spike-slab),38.0,,,False
combined,stationary,13,Bayesian SINDy (spike-slab),46.0,,,False
combined,stationary,13,Bayesian SINDy (spike-slab),54.0,,,False
combined,stationary,13,Bayesian SINDy (spike-slab),62.0,,,False
combined,stationary,13,Bayesian SINDy (spike-slab),70.0,,,False
combined,stationary,13,Bayesian SINDy (spike-slab),78.0,,,False
combined,stationary,13,Kalman OU,30.0,0.0,-0.43154350037340394,True
combined,stationary,13,Kalman OU,38.0,0.0,-0.43154350037340394,True
combined,stationary,13,Kalman OU,46.0,1.8317555946595423,-0.2318338992501297,True
combined,stationary,13,Kalman OU,54.0,0.18181507126842167,-0.06620787608210338,True
combined,stationary,13,Kalman OU,62.0,0.0,-0.43154350037340394,True
combined,stationary,13,Kalman OU,70.0,2.4577311467299183,-0.2925279698984321,True
combined,stationary,13,Kalman OU,78.0,2.575515104000254,-0.2995432713532734,True
combined,stationary,13,Latent Neural SDE (VI),30.0,-0.5088066458702087,0.027698919667577898,True
combined,stationary,13,Latent Neural SDE (VI),38.0,-0.6069641709327698,-0.005079600318181582,True
combined,stationary,13,Latent Neural SDE (VI),46.0,-0.5444734692573547,-0.03519724232535379,True
combined,stationary,13,Latent Neural SDE (VI),54.0,-0.9977486729621887,-0.07462626683342297,True
combined,stationary,13,Latent Neural SDE (VI),62.0,-0.7593191266059875,-0.04928615529340291,True
combined,stationary,13,Latent Neural SDE (VI),70.0,-0.22373825311660767,-0.10266667211313288,True
combined,stationary,13,Latent Neural SDE (VI),78.0,-0.05193603038787842,-0.059795773922589945,True
combined,stationary,13,Moment OU,30.0,,,False
combined,stationary,13,Moment OU,38.0,,,False
combined,stationary,13,Moment OU,46.0,,,False
combined,stationary,13,Moment OU,54.0,,,False
combined,stationary,13,Moment OU,62.0,,,False
combined,stationary,13,Moment OU,70.0,,,False
combined,stationary,13,Moment OU,78.0,,,False
combined,stationary,13,Neural SDE (Euler),30.0,,,False
combined,stationary,13,Neural SDE (Euler),38.0,,,False
combined,stationary,13,Neural SDE (Euler),46.0,,,False
combined,stationary,13,Neural SDE (Euler),54.0,,,False
combined,stationary,13,Neural SDE (Euler),62.0,,,False
combined,stationary,13,Neural SDE (Euler),70.0,,,False
combined,stationary,13,Neural SDE (Euler),78.0,,,False
combined,stationary,13,SINDy-STLSQ,30.0,,,False
combined,stationary,13,SINDy-STLSQ,38.0,,,False
combined,stationary,13,SINDy-STLSQ,46.0,,,False
combined,stationary,13,SINDy-STLSQ,54.0,,,False
combined,stationary,13,SINDy-STLSQ,62.0,,,False
combined,stationary,13,SINDy-STLSQ,70.0,,,False
combined,stationary,13,SINDy-STLSQ,78.0,,,False
combined,stationary,14,Bayesian SINDy (spike-slab),30.0,,,False
combined,stationary,14,Bayesian SINDy (spike-slab),38.0,,,False
combined,stationary,14,Bayesian SINDy (spike-slab),46.0,,,False
combined,stationary,14,Bayesian SINDy (spike-slab),54.0,,,False
combined,stationary,14,Bayesian SINDy (spike-slab),62.0,,,False
combined,stationary,14,Bayesian SINDy (spike-slab),70.0,,,False
combined,stationary,14,Bayesian SINDy (spike-slab),78.0,,,False
combined,stationary,14,Kalman OU,30.0,-0.252941124676374,0.032979006942910005,True
combined,stationary,14,Kalman OU,38.0,-1.8902309188806719,-0.16225887536346048,True
combined,stationary,14,Kalman OU,46.0,-0.22580794692645112,0.07543079113801082,True
combined,stationary,14,Kalman OU,54.0,0.05732043329459735,0.037087798406990224,True
combined,stationary,14,Kalman OU,62.0,-1.0657303602096766,0.12078384528166738,True
combined,stationary,14,Kalman OU,70.0,0.49151693387863815,-0.03778961272935688,True
combined,stationary,14,Kalman OU,78.0,-1.8902309188806719,-0.16225887536346048,True
combined,stationary,14,Latent Neural SDE (VI),30.0,-0.4508960545063019,0.04614811275016818,True
combined,stationary,14,Latent Neural SDE (VI),38.0,-1.05377396941185,0.10989016655511294,True
combined,stationary,14,Latent Neural SDE (VI),46.0,-0.2652863562107086,0.05113174650800868,True
combined,stationary,14,Latent Neural SDE (VI),54.0,-0.6546591222286224,0.11637669942332485,True
combined,stationary,14,Latent Neural SDE (VI),62.0,-0.6229797303676605,0.05275886311605199,True
combined,stationary,14,Latent Neural SDE (VI),70.0,-0.6516488492488861,0.032397517208889004,True
combined,stationary,14,Latent Neural SDE (VI),78.0,-0.7068358361721039,0.05567983575060534,True
combined,stationary,14,Moment OU,30.0,,,False
combined,stationary,14,Moment OU,38.0,,,False
combined,stationary,14,Moment OU,46.0,,,False
combined,stationary,14,Moment OU,54.0,,,False
combined,stationary,14,Moment OU,62.0,,,False
combined,stationary,14,Moment OU,70.0,,,False
combined,stationary,14,Moment OU,78.0,,,False
combined,stationary,14,Neural SDE (Euler),30.0,,,False
combined,stationary,14,Neural SDE (Euler),38.0,,,False
combined,stationary,14,Neural SDE (Euler),46.0,,,False
combined,stationary,14,Neural SDE (Euler),54.0,,,False
combined,stationary,14,Neural SDE (Euler),62.0,,,False
combined,stationary,14,Neural SDE (Euler),70.0,,,False
combined,stationary,14,Neural SDE (Euler),78.0,,,False
combined,stationary,14,SINDy-STLSQ,30.0,,,False
combined,stationary,14,SINDy-STLSQ,38.0,,,False
combined,stationary,14,SINDy-STLSQ,46.0,,,False
combined,stationary,14,SINDy-STLSQ,54.0,,,False
combined,stationary,14,SINDy-STLSQ,62.0,,,False
combined,stationary,14,SINDy-STLSQ,70.0,,,False
combined,stationary,14,SINDy-STLSQ,78.0,,,False
combined,stationary,15,Bayesian SINDy (spike-slab),30.0,,,False
combined,stationary,15,Bayesian SINDy (spike-slab),38.0,,,False
combined,stationary,15,Bayesian SINDy (spike-slab),46.0,,,False
combined,stationary,15,Bayesian SINDy (spike-slab),54.0,,,False
combined,stationary,15,Bayesian SINDy (spike-slab),62.0,,,False
combined,stationary,15,Bayesian SINDy (spike-slab),70.0,,,False
combined,stationary,15,Bayesian SINDy (spike-slab),78.0,,,False
combined,stationary,15,Kalman OU,30.0,0.09235704178174395,-0.03693577093661078,True
combined,stationary,15,Kalman OU,38.0,-2.0118132666513038,0.1245714184839764,True
combined,stationary,15,Kalman OU,46.0,-2.7422491482614353,0.32638972536183936,True
combined,stationary,15,Kalman OU,54.0,-2.5173723147584353,0.3353628176216777,True
combined,stationary,15,Kalman OU,62.0,-2.7422491482614353,-0.15036273837106723,True
combined,stationary,15,Kalman OU,70.0,-2.7422491482614353,-0.15036273837106723,True
combined,stationary,15,Kalman OU,78.0,-0.3709809564511451,0.009161712554948881,True
combined,stationary,15,Latent Neural SDE (VI),30.0,-0.3155032992362976,-0.05404158018070995,True
combined,stationary,15,Latent Neural SDE (VI),38.0,-0.7760615348815918,-0.0435388958058566,True
combined,stationary,15,Latent Neural SDE (VI),46.0,-1.0783474445343018,0.00800466919326559,True
combined,stationary,15,Latent Neural SDE (VI),54.0,-0.6810667514801025,0.018314481753980844,True
combined,stationary,15,Latent Neural SDE (VI),62.0,-2.0033897161483765,-0.05034325799834824,True
combined,stationary,15,Latent Neural SDE (VI),70.0,-0.5920816659927368,-0.08182965318535416,True
combined,stationary,15,Latent Neural SDE (VI),78.0,-0.09787172079086304,0.038006966169184114,True
combined,stationary,15,Moment OU,30.0,,,False
combined,stationary,15,Moment OU,38.0,,,False
combined,stationary,15,Moment OU,46.0,,,False
combined,stationary,15,Moment OU,54.0,,,False
combined,stationary,15,Moment OU,62.0,,,False
combined,stationary,15,Moment OU,70.0,,,False
combined,stationary,15,Moment OU,78.0,,,False
combined,stationary,15,Neural SDE (Euler),30.0,,,False
combined,stationary,15,Neural SDE (Euler),38.0,,,False
combined,stationary,15,Neural SDE (Euler),46.0,,,False
combined,stationary,15,Neural SDE (Euler),54.0,,,False
combined,stationary,15,Neural SDE (Euler),62.0,,,False
combined,stationary,15,Neural SDE (Euler),70.0,,,False
combined,stationary,15,Neural SDE (Euler),78.0,,,False
combined,stationary,15,SINDy-STLSQ,30.0,,,False
combined,stationary,15,SINDy-STLSQ,38.0,,,False
combined,stationary,15,SINDy-STLSQ,46.0,,,False
combined,stationary,15,SINDy-STLSQ,54.0,,,False
combined,stationary,15,SINDy-STLSQ,62.0,,,False
combined,stationary,15,SINDy-STLSQ,70.0,,,False
combined,stationary,15,SINDy-STLSQ,78.0,,,False
combined,stationary,16,Bayesian SINDy (spike-slab),30.0,,,False
combined,stationary,16,Bayesian SINDy (spike-slab),38.0,,,False
combined,stationary,16,Bayesian SINDy (spike-slab),46.0,-0.5380598103191732,-0.10051951742308182,True
combined,stationary,16,Bayesian SINDy (spike-slab),54.0,-0.8028283744296731,-0.10184495775182781,True
combined,stationary,16,Bayesian SINDy (spike-slab),62.0,,,False
combined,stationary,16,Bayesian SINDy (spike-slab),70.0,,,False
combined,stationary,16,Bayesian SINDy (spike-slab),78.0,,,False
combined,stationary,16,Kalman OU,30.0,-0.7582730988402484,-0.38244865684591034,True
combined,stationary,16,Kalman OU,38.0,-0.7582730988402484,-0.5331099682029095,True
combined,stationary,16,Kalman OU,46.0,1.5805396078907687,-0.20591111946500795,True
combined,stationary,16,Kalman OU,54.0,1.6349160418212567,-0.2646941827216291,True
combined,stationary,16,Kalman OU,62.0,-0.7582730988402484,-0.5331099682029095,True
combined,stationary,16,Kalman OU,70.0,-0.7582730988402484,-0.5331099682029095,True
combined,stationary,16,Kalman OU,78.0,-0.7582730988402484,-0.5331099682029095,True
combined,stationary,16,Latent Neural SDE (VI),30.0,0.20290040969848633,-0.03584095908040219,True
combined,stationary,16,Latent Neural SDE (VI),38.0,0.5018125772476196,-0.15400169083585588,True
combined,stationary,16,Latent Neural SDE (VI),46.0,0.1870126724243164,-0.14144686403892595,True
combined,stationary,16,Latent Neural SDE (VI),54.0,0.7412967681884766,-0.09030104252960283,True
combined,stationary,16,Latent Neural SDE (VI),62.0,-1.2189688682556152,-0.17633817439748684,True
combined,stationary,16,Latent Neural SDE (VI),70.0,-0.259884238243103,-0.1896875186704784,True
combined,stationary,16,Latent Neural SDE (VI),78.0,0.4885983467102051,-0.09040384432680298,True
combined,stationary,16,Moment OU,30.0,,,False
combined,stationary,16,Moment OU,38.0,,,False
combined,stationary,16,Moment OU,46.0,1.2158959047790607,-0.14812721971763226,True
combined,stationary,16,Moment OU,54.0,1.451045865520571,-0.2747787971704622,True
combined,stationary,16,Moment OU,62.0,,,False
combined,stationary,16,Moment OU,70.0,,,False
combined,stationary,16,Moment OU,78.0,,,False
combined,stationary,16,Neural SDE (Euler),30.0,,,False
combined,stationary,16,Neural SDE (Euler),38.0,,,False
combined,stationary,16,Neural SDE (Euler),46.0,0.8548895120620728,-0.1305389441430037,True
combined,stationary,16,Neural SDE (Euler),54.0,0.5298029184341431,0.08396674922202552,True
combined,stationary,16,Neural SDE (Euler),62.0,,,False
combined,stationary,16,Neural SDE (Euler),70.0,,,False
combined,stationary,16,Neural SDE (Euler),78.0,,,False
combined,stationary,16,SINDy-STLSQ,30.0,,,False
combined,stationary,16,SINDy-STLSQ,38.0,,,False
combined,stationary,16,SINDy-STLSQ,46.0,0.001408948243346586,-0.07670807012035075,True
combined,stationary,16,SINDy-STLSQ,54.0,-0.7558315737979124,-0.08129027325094826,True
combined,stationary,16,SINDy-STLSQ,62.0,,,False
combined,stationary,16,SINDy-STLSQ,70.0,,,False
combined,stationary,16,SINDy-STLSQ,78.0,,,False
combined,stationary,17,Bayesian SINDy (spike-slab),30.0,,,False
combined,stationary,17,Bayesian SINDy (spike-slab),38.0,,,False
combined,stationary,17,Bayesian SINDy (spike-slab),46.0,,,False
combined,stationary,17,Bayesian SINDy (spike-slab),54.0,1.4626204172643682,0.08348559901042293,True
combined,stationary,17,Bayesian SINDy (spike-slab),62.0,1.3922786883516927,0.06833261379986205,True
combined,stationary,17,Bayesian SINDy (spike-slab),70.0,,,False
combined,stationary,17,Bayesian SINDy (spike-slab),78.0,,,False
combined,stationary,17,Kalman OU,30.0,0.2573955939393161,-0.043967287965057944,True
combined,stationary,17,Kalman OU,38.0,-0.9470692905963392,0.11077671678711287,True
combined,stationary,17,Kalman OU,46.0,-0.40894768749727956,0.012499060898389591,True
combined,stationary,17,Kalman OU,54.0,-0.9520707051464761,0.10661227573522969,True
combined,stationary,17,Kalman OU,62.0,-0.6367451956764425,0.09353040649395614,True
combined,stationary,17,Kalman OU,70.0,-2.52334610856694,-0.12150143227860302,True
combined,stationary,17,Kalman OU,78.0,-0.7370666989500418,0.1196725535694019,True
combined,stationary,17,Latent Neural SDE (VI),30.0,0.07564091682434082,-0.007027623672381161,True
combined,stationary,17,Latent Neural SDE (VI),38.0,0.24340277910232544,-0.10109806287351986,True
combined,stationary,17,Latent Neural SDE (VI),46.0,0.18998953700065613,-0.11699549699632472,True
combined,stationary,17,Latent Neural SDE (VI),54.0,-0.3799007534980774,-0.024444015504890615,True
combined,stationary,17,Latent Neural SDE (VI),62.0,-0.6620610356330872,-0.07121878054221453,True
combined,stationary,17,Latent Neural SDE (VI),70.0,0.03654825687408447,-0.13886352902876764,True
combined,stationary,17,Latent Neural SDE (VI),78.0,0.2008213996887207,-0.11994573900938026,True
combined,stationary,17,Moment OU,30.0,,,False
combined,stationary,17,Moment OU,38.0,,,False
combined,stationary,17,Moment OU,46.0,,,False
combined,stationary,17,Moment OU,54.0,,,False
combined,stationary,17,Moment OU,62.0,,,False
combined,stationary,17,Moment OU,70.0,,,False
combined,stationary,17,Moment OU,78.0,,,False
combined,stationary,17,Neural SDE (Euler),30.0,,,False
combined,stationary,17,Neural SDE (Euler),38.0,,,False
combined,stationary,17,Neural SDE (Euler),46.0,,,False
combined,stationary,17,Neural SDE (Euler),54.0,0.4479637145996094,0.11195580465800603,True
combined,stationary,17,Neural SDE (Euler),62.0,-1.471374750137329,0.03166044044175126,True
combined,stationary,17,Neural SDE (Euler),70.0,,,False
combined,stationary,17,Neural SDE (Euler),78.0,,,False
combined,stationary,17,SINDy-STLSQ,30.0,,,False
combined,stationary,17,SINDy-STLSQ,38.0,,,False
combined,stationary,17,SINDy-STLSQ,46.0,,,False
combined,stationary,17,SINDy-STLSQ,54.0,1.0117302878148013,0.07429008877587998,True
combined,stationary,17,SINDy-STLSQ,62.0,-1.1449542229991787,0.03099237694093314,True
combined,stationary,17,SINDy-STLSQ,70.0,,,False
combined,stationary,17,SINDy-STLSQ,78.0,,,False
combined,stationary,18,Bayesian SINDy (spike-slab),30.0,0.9365705113648983,0.06064977873368638,True
combined,stationary,18,Bayesian SINDy (spike-slab),38.0,-1.280527002069887,0.034836833429319675,True
combined,stationary,18,Bayesian SINDy (spike-slab),46.0,-1.4319493969915815,0.020616089319080044,True
combined,stationary,18,Bayesian SINDy (spike-slab),54.0,-1.0730523336032693,0.022059858316909153,True
combined,stationary,18,Bayesian SINDy (spike-slab),62.0,-1.1527472901996167,-0.010160522358913723,True
combined,stationary,18,Bayesian SINDy (spike-slab),70.0,0.2671781639293025,0.05133651717075993,True
combined,stationary,18,Bayesian SINDy (spike-slab),78.0,-0.32037538068297056,0.06933166610197836,True
combined,stationary,18,Kalman OU,30.0,1.5640140819893014,0.24033576054105,True
combined,stationary,18,Kalman OU,38.0,0.0,0.0,True
combined,stationary,18,Kalman OU,46.0,0.0,0.0,True
combined,stationary,18,Kalman OU,54.0,0.0,0.0,True
combined,stationary,18,Kalman OU,62.0,0.0,0.0,True
combined,stationary,18,Kalman OU,70.0,0.2430842137403264,0.31511641601949814,True
combined,stationary,18,Kalman OU,78.0,0.0,0.0,True
combined,stationary,18,Latent Neural SDE (VI),30.0,0.15068912506103516,0.07924158899153827,True
combined,stationary,18,Latent Neural SDE (VI),38.0,-1.5364997386932373,0.09043946863548658,True
combined,stationary,18,Latent Neural SDE (VI),46.0,-1.7149548530578613,0.02965652244457287,True
combined,stationary,18,Latent Neural SDE (VI),54.0,-1.723449468612671,-0.0017557437801656028,True
combined,stationary,18,Latent Neural SDE (VI),62.0,-1.6274418830871582,-0.010332430318777189,True
combined,stationary,18,Latent Neural SDE (VI),70.0,0.20507597923278809,0.02086402770681821,True
combined,stationary,18,Latent Neural SDE (VI),78.0,0.2921767234802246,0.10408810329366394,True
combined,stationary,18,Moment OU,30.0,,,False
combined,stationary,18,Moment OU,38.0,,,False
combined,stationary,18,Moment OU,46.0,,,False
combined,stationary,18,Moment OU,54.0,,,False
combined,stationary,18,Moment OU,62.0,,,False
combined,stationary,18,Moment OU,70.0,,,False
combined,stationary,18,Moment OU,78.0,,,False
combined,stationary,18,Neural SDE (Euler),30.0,1.5878758430480957,0.12548107306994588,True
combined,stationary,18,Neural SDE (Euler),38.0,-1.0323314666748047,0.05093024252729818,True
combined,stationary,18,Neural SDE (Euler),46.0,-0.6414895057678223,0.04423474063975093,True
combined,stationary,18,Neural SDE (Euler),54.0,-3.1207854747772217,-0.017748051022917904,True
combined,stationary,18,Neural SDE (Euler),62.0,0.28312158584594727,0.061116898324119664,True
combined,stationary,18,Neural SDE (Euler),70.0,1.6925435066223145,0.03625952145280416,True
combined,stationary,18,Neural SDE (Euler),78.0,1.5295884609222412,0.08618099785138315,True
combined,stationary,18,SINDy-STLSQ,30.0,0.8887132805108829,0.044241728708800165,True
combined,stationary,18,SINDy-STLSQ,38.0,-1.700915924208101,0.0169753958265694,True
combined,stationary,18,SINDy-STLSQ,46.0,-2.1730980029102045,0.005376166059460508,True
combined,stationary,18,SINDy-STLSQ,54.0,-2.0891392114693286,0.009128706111796142,True
combined,stationary,18,SINDy-STLSQ,62.0,-3.703542312082401,-0.03462821115703965,True
combined,stationary,18,SINDy-STLSQ,70.0,-0.07827599224750537,0.013855875665811368,True
combined,stationary,18,SINDy-STLSQ,78.0,0.13618116969826355,0.08053679991425597,True
combined,stationary,19,Bayesian SINDy (spike-slab),30.0,0.10253039483098716,-0.03269614001030541,True
combined,stationary,19,Bayesian SINDy (spike-slab),38.0,,,False
combined,stationary,19,Bayesian SINDy (spike-slab),46.0,-0.2850124939064252,0.017807027637930878,True
combined,stationary,19,Bayesian SINDy (spike-slab),54.0,-0.8791464631772803,0.00239757890786943,True
combined,stationary,19,Bayesian SINDy (spike-slab),62.0,-1.022361725230002,-0.0250973353330306,True
combined,stationary,19,Bayesian SINDy (spike-slab),70.0,-2.270198701155081,-0.08968349596848724,True
combined,stationary,19,Bayesian SINDy (spike-slab),78.0,-0.1153631593038148,0.07378695476457614,True
combined,stationary,19,Kalman OU,30.0,0.14242277634575384,-0.01674366944272085,True
combined,stationary,19,Kalman OU,38.0,-0.5204861434659741,-0.0060213980981899395,True
combined,stationary,19,Kalman OU,46.0,-1.5784205221657537,0.13656164037925736,True
combined,stationary,19,Kalman OU,54.0,-1.7218631295886628,0.05486709285245897,True
combined,stationary,19,Kalman OU,62.0,-0.7665420865215207,-0.0878199138086089,True
combined,stationary,19,Kalman OU,70.0,-1.655896591230344,0.1282160100328766,True
combined,stationary,19,Kalman OU,78.0,-1.1939969219893618,0.12871334260081205,True
combined,stationary,19,Latent Neural SDE (VI),30.0,-0.12661436200141907,0.007045166711557027,True
combined,stationary,19,Latent Neural SDE (VI),38.0,-0.06348499655723572,-0.024327430196084895,True
combined,stationary,19,Latent Neural SDE (VI),46.0,-1.3355373740196228,0.034112444074174714,True
combined,stationary,19,Latent Neural SDE (VI),54.0,-0.8291060328483582,0.0848798540500135,True
combined,stationary,19,Latent Neural SDE (VI),62.0,-0.423989474773407,0.10952609831174681,True
combined,stationary,19,Latent Neural SDE (VI),70.0,-0.36155420541763306,0.02057179404813192,True
combined,stationary,19,Latent Neural SDE (VI),78.0,-0.4580548405647278,0.1181315449804454,True
combined,stationary,19,Moment OU,30.0,0.045579813248379474,-0.027350262729792733,True
combined,stationary,19,Moment OU,38.0,,,False
combined,stationary,19,Moment OU,46.0,-1.0180296295239937,0.12423642959938046,True
combined,stationary,19,Moment OU,54.0,-1.6935645439296718,0.14100947849111672,True
combined,stationary,19,Moment OU,62.0,-2.4732271605713634,0.17936287084765196,True
combined,stationary,19,Moment OU,70.0,-1.1456208037960005,0.1187591452513591,True
combined,stationary,19,Moment OU,78.0,-0.6467174565063156,0.11202048601099439,True
combined,stationary,19,Neural SDE (Euler),30.0,-0.08685189485549927,0.004189889969506637,True
combined,stationary,19,Neural SDE (Euler),38.0,,,False
combined,stationary,19,Neural SDE (Euler),46.0,-2.421743094921112,0.2533903574767438,True
combined,stationary,19,Neural SDE (Euler),54.0,-0.48114264011383057,0.32857891447555754,True
combined,stationary,19,Neural SDE (Euler),62.0,-0.6298112273216248,0.30724925774942063,True
combined,stationary,19,Neural SDE (Euler),70.0,-1.8165165781974792,0.09831965911448323,True
combined,stationary,19,Neural SDE (Euler),78.0,-0.827882707118988,0.3037285861542578,True
combined,stationary,19,SINDy-STLSQ,30.0,-1.51147224628445,-0.013697470514071969,True
combined,stationary,19,SINDy-STLSQ,38.0,,,False
combined,stationary,19,SINDy-STLSQ,46.0,-0.43341550525510386,0.020850113258858244,True
combined,stationary,19,SINDy-STLSQ,54.0,-0.9388488420555725,0.00734281952919974,True
combined,stationary,19,SINDy-STLSQ,62.0,-0.6755138521420063,-0.0206825006256805,True
combined,stationary,19,SINDy-STLSQ,70.0,-1.7351918018958132,-0.07141639235526875,True
combined,stationary,19,SINDy-STLSQ,78.0,-0.1838799105789879,0.07907025681254848,True
combined,stationary,20,Bayesian SINDy (spike-slab),30.0,0.19859303568872977,0.02434682036158045,True
combined,stationary,20,Bayesian SINDy (spike-slab),38.0,0.11539083205526834,-0.004503748145402164,True
combined,stationary,20,Bayesian SINDy (spike-slab),46.0,,,False
combined,stationary,20,Bayesian SINDy (spike-slab),54.0,0.7005980353940753,0.046275613128951676,True
combined,stationary,20,Bayesian SINDy (spike-slab),62.0,-0.38539332934727544,-0.009595987404176276,True
combined,stationary,20,Bayesian SINDy (spike-slab),70.0,-0.17640447907800227,0.026283564319286662,True
combined,stationary,20,Bayesian SINDy (spike-slab),78.0,0.6852598189293699,0.025887992964315404,True
combined,stationary,20,Kalman OU,30.0,1.1959499241985108,0.3223416496889053,True
combined,stationary,20,Kalman OU,38.0,1.35057644213155,0.3333166475987939,True
combined,stationary,20,Kalman OU,46.0,1.5171297462477606,0.4071126934641958,True
combined,stationary,20,Kalman OU,54.0,2.303626481753653,0.281357202825054,True
combined,stationary,20,Kalman OU,62.0,0.0,0.0,True
combined,stationary,20,Kalman OU,70.0,2.0237720123926883,0.08084107550448875,True
combined,stationary,20,Kalman OU,78.0,2.1762043378093177,0.16268781611370436,True
combined,stationary,20,Latent Neural SDE (VI),30.0,0.4315926432609558,0.002555607959321138,True
combined,stationary,20,Latent Neural SDE (VI),38.0,-0.31824445724487305,0.017080394740899646,True
combined,stationary,20,Latent Neural SDE (VI),46.0,0.5556371212005615,0.08180955367032239,True
combined,stationary,20,Latent Neural SDE (VI),54.0,0.9975719153881073,0.10434628420003861,True
combined,stationary,20,Latent Neural SDE (VI),62.0,-0.025028705596923828,0.07788145782843614,True
combined,stationary,20,Latent Neural SDE (VI),70.0,-0.12077772617340088,0.040490066324282786,True
combined,stationary,20,Latent Neural SDE (VI),78.0,0.020194053649902344,0.042406433946747146,True
combined,stationary,20,Moment OU,30.0,,,False
combined,stationary,20,Moment OU,38.0,,,False
combined,stationary,20,Moment OU,46.0,,,False
combined,stationary,20,Moment OU,54.0,,,False
combined,stationary,20,Moment OU,62.0,,,False
combined,stationary,20,Moment OU,70.0,,,False
combined,stationary,20,Moment OU,78.0,,,False
combined,stationary,20,Neural SDE (Euler),30.0,0.6179099678993225,-0.02646422842703902,True
combined,stationary,20,Neural SDE (Euler),38.0,-0.3638317584991455,-0.030117680107538652,True
combined,stationary,20,Neural SDE (Euler),46.0,,,False
combined,stationary,20,Neural SDE (Euler),54.0,-1.4469019174575806,-0.17467404888960394,True
combined,stationary,20,Neural SDE (Euler),62.0,-0.4018930196762085,-0.036660911675138685,True
combined,stationary,20,Neural SDE (Euler),70.0,-0.028372526168823242,0.00386732237491047,True
combined,stationary,20,Neural SDE (Euler),78.0,-0.3618687391281128,0.010439493907386216,True
combined,stationary,20,SINDy-STLSQ,30.0,-0.26335055468995505,0.015325691570046429,True
combined,stationary,20,SINDy-STLSQ,38.0,0.047337966424390476,8.361052818725567e-05,True
combined,stationary,20,SINDy-STLSQ,46.0,,,False
combined,stationary,20,SINDy-STLSQ,54.0,-1.1115764613097219,0.03664824459127661,True
combined,stationary,20,SINDy-STLSQ,62.0,-0.38864569903460744,-0.012354005256506762,True
combined,stationary,20,SINDy-STLSQ,70.0,0.12212604524254767,0.031198624279361514,True
combined,stationary,20,SINDy-STLSQ,78.0,-0.01760226283878441,0.011169407654540359,True
combined,stationary,21,Bayesian SINDy (spike-slab),30.0,-0.2409886088409574,-0.013207266956846153,True
combined,stationary,21,Bayesian SINDy (spike-slab),38.0,-0.6469868845059936,-0.08658109820973281,True
combined,stationary,21,Bayesian SINDy (spike-slab),46.0,,,False
combined,stationary,21,Bayesian SINDy (spike-slab),54.0,,,False
combined,stationary,21,Bayesian SINDy (spike-slab),62.0,,,False
combined,stationary,21,Bayesian SINDy (spike-slab),70.0,,,False
combined,stationary,21,Bayesian SINDy (spike-slab),78.0,,,False
combined,stationary,21,Kalman OU,30.0,-0.5586472721421174,0.06826365227550169,True
combined,stationary,21,Kalman OU,38.0,-0.590724864786909,-0.016275181157964003,True
combined,stationary,21,Kalman OU,46.0,-0.05343865011278082,-0.2620512243790834,True
combined,stationary,21,Kalman OU,54.0,-0.590724864786909,-0.5025645457021746,True
combined,stationary,21,Kalman OU,62.0,-0.590724864786909,-0.5025645457021746,True
combined,stationary,21,Kalman OU,70.0,0.39591397713476795,-0.29100925644247444,True
combined,stationary,21,Kalman OU,78.0,-0.590724864786909,-0.5025645457021746,True
combined,stationary,21,Latent Neural SDE (VI),30.0,-0.07585155963897705,-0.02122805843704273,True
combined,stationary,21,Latent Neural SDE (VI),38.0,0.2304067611694336,-0.07874238264812136,True
combined,stationary,21,Latent Neural SDE (VI),46.0,0.6155532598495483,-0.16539632809606797,True
combined,stationary,21,Latent Neural SDE (VI),54.0,0.16707026958465576,-0.11317559590900243,True
combined,stationary,21,Latent Neural SDE (VI),62.0,0.1308962106704712,-0.08540581985369058,True
combined,stationary,21,Latent Neural SDE (VI),70.0,1.4146207720041275,-0.1696859111012534,True
combined,stationary,21,Latent Neural SDE (VI),78.0,-0.15740978717803955,-0.1395324978195938,True
combined,stationary,21,Moment OU,30.0,-0.8468559471366361,0.10381442229694338,True
combined,stationary,21,Moment OU,38.0,-0.7524209130898998,0.016114885715682425,True
combined,stationary,21,Moment OU,46.0,,,False
combined,stationary,21,Moment OU,54.0,,,False
combined,stationary,21,Moment OU,62.0,,,False
combined,stationary,21,Moment OU,70.0,,,False
combined,stationary,21,Moment OU,78.0,,,False
combined,stationary,21,Neural SDE (Euler),30.0,-1.247397541999817,-0.07404076847235891,True
combined,stationary,21,Neural SDE (Euler),38.0,-1.7175434827804565,-0.23718484341845208,True
combined,stationary,21,Neural SDE (Euler),46.0,,,False
combined,stationary,21,Neural SDE (Euler),54.0,,,False
combined,stationary,21,Neural SDE (Euler),62.0,,,False
combined,stationary,21,Neural SDE (Euler),70.0,,,False
combined,stationary,21,Neural SDE (Euler),78.0,,,False
combined,stationary,21,SINDy-STLSQ,30.0,-0.10471636928124028,-0.013778280309664714,True
combined,stationary,21,SINDy-STLSQ,38.0,-0.5389169942486045,-0.0951205809643281,True
combined,stationary,21,SINDy-STLSQ,46.0,,,False
combined,stationary,21,SINDy-STLSQ,54.0,,,False
combined,stationary,21,SINDy-STLSQ,62.0,,,False
combined,stationary,21,SINDy-STLSQ,70.0,,,False
combined,stationary,21,SINDy-STLSQ,78.0,,,False
combined,stationary,22,Bayesian SINDy (spike-slab),30.0,0.48090450053247036,0.019289977689382037,True
combined,stationary,22,Bayesian SINDy (spike-slab),38.0,1.4981303655287967,0.06293549068137355,True
combined,stationary,22,Bayesian SINDy (spike-slab),46.0,1.5623744843599807,-0.042124016241909354,True
combined,stationary,22,Bayesian SINDy (spike-slab),54.0,,,False
combined,stationary,22,Bayesian SINDy (spike-slab),62.0,,,False
combined,stationary,22,Bayesian SINDy (spike-slab),70.0,,,False
combined,stationary,22,Bayesian SINDy (spike-slab),78.0,,,False
combined,stationary,22,Kalman OU,30.0,0.0,0.0,True
combined,stationary,22,Kalman OU,38.0,2.2858288857434017,0.19284040757571175,True
combined,stationary,22,Kalman OU,46.0,2.461783884421413,0.15935714573350507,True
combined,stationary,22,Kalman OU,54.0,2.5451713732911143,0.13229500271542416,True
combined,stationary,22,Kalman OU,62.0,2.6741696072263004,0.10644036958569718,True
combined,stationary,22,Kalman OU,70.0,1.1418009451301587,0.29785885051735694,True
combined,stationary,22,Kalman OU,78.0,1.0757881217148528,0.22874797445781195,True
combined,stationary,22,Latent Neural SDE (VI),30.0,1.0934592485427856,0.01948330189630154,True
combined,stationary,22,Latent Neural SDE (VI),38.0,1.380251407623291,0.07750282944631828,True
combined,stationary,22,Latent Neural SDE (VI),46.0,1.7566059231758118,-0.006548475344154814,True
combined,stationary,22,Latent Neural SDE (VI),54.0,1.7673395872116089,0.006126252932519838,True
combined,stationary,22,Latent Neural SDE (VI),62.0,1.1062990427017212,-0.05721068868744085,True
combined,stationary,22,Latent Neural SDE (VI),70.0,1.354001760482788,0.03304290609491173,True
combined,stationary,22,Latent Neural SDE (VI),78.0,1.2724050879478455,0.008957410388324233,True
combined,stationary,22,Moment OU,30.0,,,False
combined,stationary,22,Moment OU,38.0,,,False
combined,stationary,22,Moment OU,46.0,,,False
combined,stationary,22,Moment OU,54.0,,,False
combined,stationary,22,Moment OU,62.0,,,False
combined,stationary,22,Moment OU,70.0,,,False
combined,stationary,22,Moment OU,78.0,,,False
combined,stationary,22,Neural SDE (Euler),30.0,0.8126659393310547,0.08207753665758552,True
combined,stationary,22,Neural SDE (Euler),38.0,1.0534088611602783,0.115838488283793,True
combined,stationary,22,Neural SDE (Euler),46.0,1.6837583482265472,-0.0955022115406032,True
combined,stationary,22,Neural SDE (Euler),54.0,,,False
combined,stationary,22,Neural SDE (Euler),62.0,,,False
combined,stationary,22,Neural SDE (Euler),70.0,,,False
combined,stationary,22,Neural SDE (Euler),78.0,,,False
combined,stationary,22,SINDy-STLSQ,30.0,0.8808184341630464,0.01534583572057488,True
combined,stationary,22,SINDy-STLSQ,38.0,0.991095485119895,0.05276692112496559,True
combined,stationary,22,SINDy-STLSQ,46.0,-0.40843845822758706,-0.07052694353082872,True
combined,stationary,22,SINDy-STLSQ,54.0,,,False
combined,stationary,22,SINDy-STLSQ,62.0,,,False
combined,stationary,22,SINDy-STLSQ,70.0,,,False
combined,stationary,22,SINDy-STLSQ,78.0,,,False
combined,stationary,23,Bayesian SINDy (spike-slab),30.0,-0.11067912101444166,0.05608787080738453,True
combined,stationary,23,Bayesian SINDy (spike-slab),38.0,-0.6242341199345671,0.029124666402656513,True
combined,stationary,23,Bayesian SINDy (spike-slab),46.0,,,False
combined,stationary,23,Bayesian SINDy (spike-slab),54.0,,,False
combined,stationary,23,Bayesian SINDy (spike-slab),62.0,,,False
combined,stationary,23,Bayesian SINDy (spike-slab),70.0,0.3597979946739585,0.02989472106475327,True
combined,stationary,23,Bayesian SINDy (spike-slab),78.0,-1.325974540273114,-0.0032217745176043033,True
combined,stationary,23,Kalman OU,30.0,-1.2505019503187458,0.1305686293751181,True
combined,stationary,23,Kalman OU,38.0,-1.7910601590909008,-0.34161679638476605,True
combined,stationary,23,Kalman OU,46.0,0.5631840506941765,-0.14422928303436325,True
combined,stationary,23,Kalman OU,54.0,0.5228243438263367,-0.12394758517936671,True
combined,stationary,23,Kalman OU,62.0,0.6203364623280672,-0.221678047877934,True
combined,stationary,23,Kalman OU,70.0,-0.5591600563499708,-0.024071748848203678,True
combined,stationary,23,Kalman OU,78.0,-1.7910601590909008,0.08871530227480545,True
combined,stationary,23,Latent Neural SDE (VI),30.0,-0.21991151571273804,-0.0036370604028883036,True
combined,stationary,23,Latent Neural SDE (VI),38.0,-0.19885635375976562,-0.044669636743545876,True
combined,stationary,23,Latent Neural SDE (VI),46.0,0.5072723627090454,-0.09543863765302109,True
combined,stationary,23,Latent Neural SDE (VI),54.0,0.7680618297308683,-0.06818346624492302,True
combined,stationary,23,Latent Neural SDE (VI),62.0,0.08642315864562988,-0.05594650690712752,True
combined,stationary,23,Latent Neural SDE (VI),70.0,-0.17380517721176147,-0.016203592573454606,True
combined,stationary,23,Latent Neural SDE (VI),78.0,-1.5217406153678894,-0.10435865260028215,True
combined,stationary,23,Moment OU,30.0,-1.0946456142565797,0.10872277780165862,True
combined,stationary,23,Moment OU,38.0,,,False
combined,stationary,23,Moment OU,46.0,,,False
combined,stationary,23,Moment OU,54.0,,,False
combined,stationary,23,Moment OU,62.0,,,False
combined,stationary,23,Moment OU,70.0,0.12176407712186343,-0.10084248502655699,True
combined,stationary,23,Moment OU,78.0,-1.7029911987279478,0.053368275300324786,True
combined,stationary,23,Neural SDE (Euler),30.0,-0.14921319484710693,0.01743556825552997,True
combined,stationary,23,Neural SDE (Euler),38.0,-0.3652018904685974,0.014860191184601579,True
combined,stationary,23,Neural SDE (Euler),46.0,,,False
combined,stationary,23,Neural SDE (Euler),54.0,,,False
combined,stationary,23,Neural SDE (Euler),62.0,,,False
combined,stationary,23,Neural SDE (Euler),70.0,-0.32708507776260376,0.04988241841401053,True
combined,stationary,23,Neural SDE (Euler),78.0,-3.7391013503074646,-0.11729176286085859,True
combined,stationary,23,SINDy-STLSQ,30.0,0.6885653916080754,0.04949105962747438,True
combined,stationary,23,SINDy-STLSQ,38.0,0.27101299165085424,0.013687227789393602,True
combined,stationary,23,SINDy-STLSQ,46.0,,,False
combined,stationary,23,SINDy-STLSQ,54.0,,,False
combined,stationary,23,SINDy-STLSQ,62.0,,,False
combined,stationary,23,SINDy-STLSQ,70.0,-0.2227175435196891,0.02271371492698085,True
combined,stationary,23,SINDy-STLSQ,78.0,-1.4576697731576296,-0.02144531725851412,True
combined,stationary,24,Bayesian SINDy (spike-slab),30.0,0.21551100202223017,0.01989103498419101,True
combined,stationary,24,Bayesian SINDy (spike-slab),38.0,-0.07703649707107496,0.012949575900981475,True
combined,stationary,24,Bayesian SINDy (spike-slab),46.0,,,False
combined,stationary,24,Bayesian SINDy (spike-slab),54.0,-1.695648525912151,-0.01383466933095237,True
combined,stationary,24,Bayesian SINDy (spike-slab),62.0,0.46551782035734546,0.06512240787305174,True
combined,stationary,24,Bayesian SINDy (spike-slab),70.0,,,False
combined,stationary,24,Bayesian SINDy (spike-slab),78.0,,,False
combined,stationary,24,Kalman OU,30.0,-0.4150780699461494,0.08015708647293013,True
combined,stationary,24,Kalman OU,38.0,-1.4490104505922137,-0.20782773133130755,True
combined,stationary,24,Kalman OU,46.0,-1.2516421804990832,0.17019529847137488,True
combined,stationary,24,Kalman OU,54.0,-1.4490104505922137,-0.20782773133130755,True
combined,stationary,24,Kalman OU,62.0,-0.2130864760353739,0.13395296866456147,True
combined,stationary,24,Kalman OU,70.0,-1.4490104505922137,-0.20782773133130755,True
combined,stationary,24,Kalman OU,78.0,0.03558791355938018,0.0607064207694305,True
combined,stationary,24,Latent Neural SDE (VI),30.0,0.744745671749115,0.038792324452745275,True
combined,stationary,24,Latent Neural SDE (VI),38.0,0.7111117839813232,-0.01269698141738615,True
combined,stationary,24,Latent Neural SDE (VI),46.0,0.5917428731918335,0.016661198158539448,True
combined,stationary,24,Latent Neural SDE (VI),54.0,0.3410724401473999,-0.02788913945537133,True
combined,stationary,24,Latent Neural SDE (VI),62.0,0.8483659029006958,-0.007782802690433188,True
combined,stationary,24,Latent Neural SDE (VI),70.0,-1.1859824657440186,0.001443356423804526,True
combined,stationary,24,Latent Neural SDE (VI),78.0,0.20846688747406006,0.004510840373926017,True
combined,stationary,24,Moment OU,30.0,-0.22438244129983387,0.03450485201699202,True
combined,stationary,24,Moment OU,38.0,,,False
combined,stationary,24,Moment OU,46.0,,,False
combined,stationary,24,Moment OU,54.0,,,False
combined,stationary,24,Moment OU,62.0,0.38935439401073635,0.05624953085655679,True
combined,stationary,24,Moment OU,70.0,,,False
combined,stationary,24,Moment OU,78.0,,,False
combined,stationary,24,Neural SDE (Euler),30.0,0.16525483131408691,-0.01181543797540674,True
combined,stationary,24,Neural SDE (Euler),38.0,0.3868834972381592,0.10173982353904476,True
combined,stationary,24,Neural SDE (Euler),46.0,,,False
combined,stationary,24,Neural SDE (Euler),54.0,2.623599410057068,-0.06584991403555333,True
combined,stationary,24,Neural SDE (Euler),62.0,3.1756577491760254,0.04716397638820308,True
combined,stationary,24,Neural SDE (Euler),70.0,,,False
combined,stationary,24,Neural SDE (Euler),78.0,,,False
combined,stationary,24,SINDy-STLSQ,30.0,-0.112626681066613,0.01802135347684017,True
combined,stationary,24,SINDy-STLSQ,38.0,1.2865966314490092,0.011409435013241542,True
combined,stationary,24,SINDy-STLSQ,46.0,,,False
combined,stationary,24,SINDy-STLSQ,54.0,-0.7909032585616638,-0.0043544901405476455,True
combined,stationary,24,SINDy-STLSQ,62.0,-0.34134648210097707,0.038968758951838045,True
combined,stationary,24,SINDy-STLSQ,70.0,,,False
combined,stationary,24,SINDy-STLSQ,78.0,,,False
combined,stationary,25,Bayesian SINDy (spike-slab),30.0,0.24123309509183377,-0.03672861260325616,True
combined,stationary,25,Bayesian SINDy (spike-slab),38.0,,,False
combined,stationary,25,Bayesian SINDy (spike-slab),46.0,1.907952137420308,-0.03296619001182785,True
combined,stationary,25,Bayesian SINDy (spike-slab),54.0,1.3417235491274488,-0.036199137311617335,True
combined,stationary,25,Bayesian SINDy (spike-slab),62.0,1.6391487535555744,-0.015207108043423179,True
combined,stationary,25,Bayesian SINDy (spike-slab),70.0,,,False
combined,stationary,25,Bayesian SINDy (spike-slab),78.0,,,False
combined,stationary,25,Kalman OU,30.0,0.0,0.0,True
combined,stationary,25,Kalman OU,38.0,0.0,0.0,True
combined,stationary,25,Kalman OU,46.0,1.7652262597314854,0.1877634310000764,True
combined,stationary,25,Kalman OU,54.0,1.4489708748649217,0.20004392612439265,True
combined,stationary,25,Kalman OU,62.0,1.4615746627916597,0.21087979076936522,True
combined,stationary,25,Kalman OU,70.0,0.0,0.34236086600982035,True
combined,stationary,25,Kalman OU,78.0,0.0,0.0,True
combined,stationary,25,Latent Neural SDE (VI),30.0,0.8787281513214111,0.0021661801682809206,True
combined,stationary,25,Latent Neural SDE (VI),38.0,1.3568542003631592,0.015075251686054295,True
combined,stationary,25,Latent Neural SDE (VI),46.0,1.4810283184051514,0.01986013961272423,True
combined,stationary,25,Latent Neural SDE (VI),54.0,1.0058993101119995,-0.011319223570197129,True
combined,stationary,25,Latent Neural SDE (VI),62.0,1.8020710945129395,0.015338800781722214,True
combined,stationary,25,Latent Neural SDE (VI),70.0,1.6360117197036743,0.05751988378674848,True
combined,stationary,25,Latent Neural SDE (VI),78.0,1.604948878288269,0.05368326354913504,True
combined,stationary,25,Moment OU,30.0,,,False
combined,stationary,25,Moment OU,38.0,,,False
combined,stationary,25,Moment OU,46.0,,,False
combined,stationary,25,Moment OU,54.0,,,False
combined,stationary,25,Moment OU,62.0,,,False
combined,stationary,25,Moment OU,70.0,,,False
combined,stationary,25,Moment OU,78.0,,,False
combined,stationary,25,Neural SDE (Euler),30.0,0.6221408843994141,0.033018062146506044,True
combined,stationary,25,Neural SDE (Euler),38.0,,,False
combined,stationary,25,Neural SDE (Euler),46.0,1.8442764282226562,0.04314174078066457,True
combined,stationary,25,Neural SDE (Euler),54.0,-0.6933486461639404,0.07055794891114373,True
combined,stationary,25,Neural SDE (Euler),62.0,1.3765650987625122,0.11663825432619884,True
combined,stationary,25,Neural SDE (Euler),70.0,,,False
combined,stationary,25,Neural SDE (Euler),78.0,,,False
combined,stationary,25,SINDy-STLSQ,30.0,0.36584850966546867,-0.0296917664185231,True
combined,stationary,25,SINDy-STLSQ,38.0,,,False
combined,stationary,25,SINDy-STLSQ,46.0,1.623545957319401,-0.018714192992723228,True
combined,stationary,25,SINDy-STLSQ,54.0,1.5950714982324663,-0.03765909588322658,True
combined,stationary,25,SINDy-STLSQ,62.0,1.9868605826045052,-0.018800945268641706,True
combined,stationary,25,SINDy-STLSQ,70.0,,,False
combined,stationary,25,SINDy-STLSQ,78.0,,,False
combined,stationary,26,Bayesian SINDy (spike-slab),30.0,-0.4092125779145711,0.06989042173241547,True
combined,stationary,26,Bayesian SINDy (spike-slab),38.0,,,False
combined,stationary,26,Bayesian SINDy (spike-slab),46.0,,,False
combined,stationary,26,Bayesian SINDy (spike-slab),54.0,-1.2233053694762837,0.0058338478020641266,True
combined,stationary,26,Bayesian SINDy (spike-slab),62.0,-1.042384646923504,-0.03242433234179984,True
combined,stationary,26,Bayesian SINDy (spike-slab),70.0,-1.0592959128234662,0.004843971507937611,True
combined,stationary,26,Bayesian SINDy (spike-slab),78.0,-1.4489467276313652,0.041330541526382936,True
combined,stationary,26,Kalman OU,30.0,-0.8132833002328694,0.13837863985819449,True
combined,stationary,26,Kalman OU,38.0,-2.133798388331601,-0.20122450772095318,True
combined,stationary,26,Kalman OU,46.0,-0.8797357313065557,0.2249220244584879,True
combined,stationary,26,Kalman OU,54.0,-0.3620781239921811,0.19307249505917867,True
combined,stationary,26,Kalman OU,62.0,-0.1523767271707397,0.04773466497495504,True
combined,stationary,26,Kalman OU,70.0,0.07776477548685146,-0.07823095781474682,True
combined,stationary,26,Kalman OU,78.0,-2.133798388331601,-0.20122450772095318,True
combined,stationary,26,Latent Neural SDE (VI),30.0,-0.1855241060256958,-0.015651341020202353,True
combined,stationary,26,Latent Neural SDE (VI),38.0,0.2048664093017578,-0.044483286365963146,True
combined,stationary,26,Latent Neural SDE (VI),46.0,0.11529076099395752,-0.025830307561826443,True
combined,stationary,26,Latent Neural SDE (VI),54.0,0.43317413330078125,0.027003201100004204,True
combined,stationary,26,Latent Neural SDE (VI),62.0,0.13717830181121826,-0.059736460921424414,True
combined,stationary,26,Latent Neural SDE (VI),70.0,0.40566229820251465,0.0005136503647448221,True
combined,stationary,26,Latent Neural SDE (VI),78.0,-0.6138395071029663,0.08370975852225435,True
combined,stationary,26,Moment OU,30.0,,,False
combined,stationary,26,Moment OU,38.0,,,False
combined,stationary,26,Moment OU,46.0,,,False
combined,stationary,26,Moment OU,54.0,,,False
combined,stationary,26,Moment OU,62.0,,,False
combined,stationary,26,Moment OU,70.0,,,False
combined,stationary,26,Moment OU,78.0,,,False
combined,stationary,26,Neural SDE (Euler),30.0,0.1609100103378296,-0.09601742839738255,True
combined,stationary,26,Neural SDE (Euler),38.0,,,False
combined,stationary,26,Neural SDE (Euler),46.0,,,False
combined,stationary,26,Neural SDE (Euler),54.0,-0.12035882472991943,-0.09137167729473165,True
combined,stationary,26,Neural SDE (Euler),62.0,-0.296614408493042,-0.088603943336963,True
combined,stationary,26,Neural SDE (Euler),70.0,-0.2605931758880615,0.0299954196742373,True
combined,stationary,26,Neural SDE (Euler),78.0,-0.41899561882019043,0.22095601127808326,True
combined,stationary,26,SINDy-STLSQ,30.0,-1.6622663700492568,0.04761059141644297,True
combined,stationary,26,SINDy-STLSQ,38.0,,,False
combined,stationary,26,SINDy-STLSQ,46.0,,,False
combined,stationary,26,SINDy-STLSQ,54.0,0.7745630888649049,0.0011405139560173722,True
combined,stationary,26,SINDy-STLSQ,62.0,1.4248576050636002,-0.017845782755034345,True
combined,stationary,26,SINDy-STLSQ,70.0,1.2348708482873745,0.01752697442119347,True
combined,stationary,26,SINDy-STLSQ,78.0,-0.2863693731700887,0.03492038859845742,True
combined,stationary,27,Bayesian SINDy (spike-slab),30.0,,,False
combined,stationary,27,Bayesian SINDy (spike-slab),38.0,-0.446708509354523,-0.037522518415237155,True
combined,stationary,27,Bayesian SINDy (spike-slab),46.0,-0.031273278416406314,-0.05673939171051265,True
combined,stationary,27,Bayesian SINDy (spike-slab),54.0,0.03815173251280954,-0.1251190888966563,True
combined,stationary,27,Bayesian SINDy (spike-slab),62.0,,,False
combined,stationary,27,Bayesian SINDy (spike-slab),70.0,,,False
combined,stationary,27,Bayesian SINDy (spike-slab),78.0,-0.6910510528270601,-0.01906943885772508,True
combined,stationary,27,Kalman OU,30.0,-0.38639241013369696,0.08780725036489878,True
combined,stationary,27,Kalman OU,38.0,0.06697808982781589,-0.04160167641288212,True
combined,stationary,27,Kalman OU,46.0,-0.11693172582200084,-0.12757546323421637,True
combined,stationary,27,Kalman OU,54.0,-0.13566937624723263,0.007855585458065695,True
combined,stationary,27,Kalman OU,62.0,-0.6654507602364306,0.12709641817447653,True
combined,stationary,27,Kalman OU,70.0,-2.5543183926062722,-0.18764665875113246,True
combined,stationary,27,Kalman OU,78.0,-2.5543183926062722,0.02834588381456074,True
combined,stationary,27,Latent Neural SDE (VI),30.0,-0.28129565715789795,-0.0072156822257183895,True
combined,stationary,27,Latent Neural SDE (VI),38.0,-2.24614018201828,-0.08887236798288414,True
combined,stationary,27,Latent Neural SDE (VI),46.0,-0.32008200883865356,-0.0837775077038169,True
combined,stationary,27,Latent Neural SDE (VI),54.0,-0.06453293561935425,-0.10780027322166119,True
combined,stationary,27,Latent Neural SDE (VI),62.0,-0.9424259066581726,-0.07512588319940536,True
combined,stationary,27,Latent Neural SDE (VI),70.0,-0.187899649143219,-0.006299054363264167,True
combined,stationary,27,Latent Neural SDE (VI),78.0,-0.7445816397666931,-0.07631857767485128,True
combined,stationary,27,Moment OU,30.0,,,False
combined,stationary,27,Moment OU,38.0,0.354981155994159,-0.09659973964363994,True
combined,stationary,27,Moment OU,46.0,0.6147865330848599,-0.24574648525427562,True
combined,stationary,27,Moment OU,54.0,,,False
combined,stationary,27,Moment OU,62.0,,,False
combined,stationary,27,Moment OU,70.0,,,False
combined,stationary,27,Moment OU,78.0,-1.5016188795404712,-0.06457296367097479,True
combined,stationary,27,Neural SDE (Euler),30.0,,,False
combined,stationary,27,Neural SDE (Euler),38.0,-2.523458242416382,-0.014831659035932032,True
combined,stationary,27,Neural SDE (Euler),46.0,-0.4345839023590088,-0.051889390563891524,True
combined,stationary,27,Neural SDE (Euler),54.0,-0.27895307540893555,-0.15841468231299588,True
combined,stationary,27,Neural SDE (Euler),62.0,,,False
combined,stationary,27,Neural SDE (Euler),70.0,,,False
combined,stationary,27,Neural SDE (Euler),78.0,-0.9389874935150146,-0.020755584553304618,True
combined,stationary,27,SINDy-STLSQ,30.0,,,False
combined,stationary,27,SINDy-STLSQ,38.0,-0.6523283809356561,-0.05442174848318376,True
combined,stationary,27,SINDy-STLSQ,46.0,0.12278609584736477,-0.03660936362800121,True
combined,stationary,27,SINDy-STLSQ,54.0,-0.1439340092763457,-0.10631079996397363,True
combined,stationary,27,SINDy-STLSQ,62.0,,,False
combined,stationary,27,SINDy-STLSQ,70.0,,,False
combined,stationary,27,SINDy-STLSQ,78.0,-0.8645675602432399,-0.020255516628832737,True
combined,stationary,28,Bayesian SINDy (spike-slab),30.0,0.6131015764790488,-0.018163196559178196,True
combined,stationary,28,Bayesian SINDy (spike-slab),38.0,,,False
combined,stationary,28,Bayesian SINDy (spike-slab),46.0,,,False
combined,stationary,28,Bayesian SINDy (spike-slab),54.0,0.740841126537609,0.0995457863847786,True
combined,stationary,28,Bayesian SINDy (spike-slab),62.0,,,False
combined,stationary,28,Bayesian SINDy (spike-slab),70.0,,,False
combined,stationary,28,Bayesian SINDy (spike-slab),78.0,0.8180278979916269,-0.014510301366285422,True
combined,stationary,28,Kalman OU,30.0,0.23268330739980292,-0.00012994357666046286,True
combined,stationary,28,Kalman OU,38.0,0.18694986707682842,0.03672070931597829,True
combined,stationary,28,Kalman OU,46.0,-0.21303392161683288,0.23646691599299083,True
combined,stationary,28,Kalman OU,54.0,-0.2954573521949707,0.2217584845991267,True
combined,stationary,28,Kalman OU,62.0,-1.808425857790914,0.08442383963999531,True
combined,stationary,28,Kalman OU,70.0,-0.33978269065606403,0.10448346405710637,True
combined,stationary,28,Kalman OU,78.0,-0.09435311655006928,0.07217101209105825,True
combined,stationary,28,Latent Neural SDE (VI),30.0,0.14254474639892578,0.014414272902919328,True
combined,stationary,28,Latent Neural SDE (VI),38.0,0.4663954973220825,-0.026987749890254667,True
combined,stationary,28,Latent Neural SDE (VI),46.0,0.05990999937057495,0.11315082453809569,True
combined,stationary,28,Latent Neural SDE (VI),54.0,0.2666585445404053,-0.08202788632344583,True
combined,stationary,28,Latent Neural SDE (VI),62.0,0.1596354842185974,-0.07349811280100961,True
combined,stationary,28,Latent Neural SDE (VI),70.0,0.05692321062088013,0.05507076761330368,True
combined,stationary,28,Latent Neural SDE (VI),78.0,0.3955128788948059,0.021557286304435735,True
combined,stationary,28,Moment OU,30.0,,,False
combined,stationary,28,Moment OU,38.0,,,False
combined,stationary,28,Moment OU,46.0,,,False
combined,stationary,28,Moment OU,54.0,2.1645811596850093,0.014821946834615768,True
combined,stationary,28,Moment OU,62.0,,,False
combined,stationary,28,Moment OU,70.0,,,False
combined,stationary,28,Moment OU,78.0,,,False
combined,stationary,28,Neural SDE (Euler),30.0,0.2694634199142456,-0.0008433579017707027,True
combined,stationary,28,Neural SDE (Euler),38.0,,,False
combined,stationary,28,Neural SDE (Euler),46.0,,,False
combined,stationary,28,Neural SDE (Euler),54.0,0.40084028244018555,-0.11573960693116854,True
combined,stationary,28,Neural SDE (Euler),62.0,,,False
combined,stationary,28,Neural SDE (Euler),70.0,,,False
combined,stationary,28,Neural SDE (Euler),78.0,0.5808190405368805,0.0834740291661639,True
combined,stationary,28,SINDy-STLSQ,30.0,-0.36800439870025126,-0.024541585878073743,True
combined,stationary,28,SINDy-STLSQ,38.0,,,False
combined,stationary,28,SINDy-STLSQ,46.0,,,False
combined,stationary,28,SINDy-STLSQ,54.0,-3.9907372134906884,0.034667748262799725,True
combined,stationary,28,SINDy-STLSQ,62.0,,,False
combined,stationary,28,SINDy-STLSQ,70.0,,,False
combined,stationary,28,SINDy-STLSQ,78.0,-1.4246994492674,-0.022433949463942754,True
combined,stationary,29,Bayesian SINDy (spike-slab),30.0,,,False
combined,stationary,29,Bayesian SINDy (spike-slab),38.0,,,False
combined,stationary,29,Bayesian SINDy (spike-slab),46.0,1.848327062051176,0.0670779198816836,True
combined,stationary,29,Bayesian SINDy (spike-slab),54.0,1.856136384391749,0.007238076684474598,True
combined,stationary,29,Bayesian SINDy (spike-slab),62.0,1.2944789901583391,-0.004344034930376717,True
combined,stationary,29,Bayesian SINDy (spike-slab),70.0,0.5047032461947378,0.04920886370156893,True
combined,stationary,29,Bayesian SINDy (spike-slab),78.0,1.630900685726143,0.10834259926463263,True
combined,stationary,29,Kalman OU,30.0,0.0,0.0,True
combined,stationary,29,Kalman OU,38.0,0.0,0.0,True
combined,stationary,29,Kalman OU,46.0,2.427354054617473,0.2232580917951362,True
combined,stationary,29,Kalman OU,54.0,2.4597748770126238,0.15240619342057019,True
combined,stationary,29,Kalman OU,62.0,1.100223027172521,0.21128635728478348,True
combined,stationary,29,Kalman OU,70.0,0.0,0.44145373023070145,True
combined,stationary,29,Kalman OU,78.0,2.004442500092768,0.3209108036159485,True
combined,stationary,29,Latent Neural SDE (VI),30.0,0.8362624049186707,0.015213714922899274,True
combined,stationary,29,Latent Neural SDE (VI),38.0,0.6661574840545654,0.06318298141736062,True
combined,stationary,29,Latent Neural SDE (VI),46.0,0.6297612190246582,0.005099786338866652,True
combined,stationary,29,Latent Neural SDE (VI),54.0,1.4142624139785767,-0.08553513135741267,True
combined,stationary,29,Latent Neural SDE (VI),62.0,0.7526186108589172,-0.03908200931486258,True
combined,stationary,29,Latent Neural SDE (VI),70.0,0.23214638233184814,-0.03689231216246522,True
combined,stationary,29,Latent Neural SDE (VI),78.0,1.005235493183136,-0.03598828128118661,True
combined,stationary,29,Moment OU,30.0,,,False
combined,stationary,29,Moment OU,38.0,,,False
combined,stationary,29,Moment OU,46.0,,,False
combined,stationary,29,Moment OU,54.0,,,False
combined,stationary,29,Moment OU,62.0,,,False
combined,stationary,29,Moment OU,70.0,,,False
combined,stationary,29,Moment OU,78.0,,,False
combined,stationary,29,Neural SDE (Euler),30.0,,,False
combined,stationary,29,Neural SDE (Euler),38.0,,,False
combined,stationary,29,Neural SDE (Euler),46.0,2.0124377012252808,0.08737503617699335,True
combined,stationary,29,Neural SDE (Euler),54.0,2.312176138162613,-0.03047724312439906,True
combined,stationary,29,Neural SDE (Euler),62.0,1.812051773071289,0.0006982474432802033,True
combined,stationary,29,Neural SDE (Euler),70.0,1.497024416923523,-0.01099589591663705,True
combined,stationary,29,Neural SDE (Euler),78.0,1.918455958366394,0.04501135112886914,True
combined,stationary,29,SINDy-STLSQ,30.0,,,False
combined,stationary,29,SINDy-STLSQ,38.0,,,False
combined,stationary,29,SINDy-STLSQ,46.0,-3.092089064275556,0.02199219283103168,True
combined,stationary,29,SINDy-STLSQ,54.0,0.1369504713844163,-0.025032196015845137,True
combined,stationary,29,SINDy-STLSQ,62.0,0.23045010280411626,-0.01712212206502406,True
combined,stationary,29,SINDy-STLSQ,70.0,-0.865702780371715,0.02562914094121685,True
combined,stationary,29,SINDy-STLSQ,78.0,-0.605802759150655,0.0650738678035413,True
combined,stationary,30,Bayesian SINDy (spike-slab),30.0,-0.3115178552334896,-0.015665961388515448,True
combined,stationary,30,Bayesian SINDy (spike-slab),38.0,-0.4350395657297532,-0.05791095696065554,True
combined,stationary,30,Bayesian SINDy (spike-slab),46.0,,,False
combined,stationary,30,Bayesian SINDy (spike-slab),54.0,,,False
combined,stationary,30,Bayesian SINDy (spike-slab),62.0,,,False
combined,stationary,30,Bayesian SINDy (spike-slab),70.0,,,False
combined,stationary,30,Bayesian SINDy (spike-slab),78.0,0.6728128094362161,-0.07866697413396191,True
combined,stationary,30,Kalman OU,30.0,-0.5534347642192636,0.025549601761889806,True
combined,stationary,30,Kalman OU,38.0,-0.9698170133410109,-0.08742812069146727,True
combined,stationary,30,Kalman OU,46.0,1.017931315805533,-0.2626815910151147,True
combined,stationary,30,Kalman OU,54.0,1.4273575890311263,-0.3296733091489504,True
combined,stationary,30,Kalman OU,62.0,1.2028664135546485,-0.2996021229918028,True
combined,stationary,30,Kalman OU,70.0,0.70858723981104,-0.21441581122161418,True
combined,stationary,30,Kalman OU,78.0,0.6338969686445344,-0.1571383454935612,True
combined,stationary,30,Latent Neural SDE (VI),30.0,-0.24774599075317383,0.02373237268965539,True
combined,stationary,30,Latent Neural SDE (VI),38.0,-0.6123105883598328,0.01990292798315471,True
combined,stationary,30,Latent Neural SDE (VI),46.0,-0.12030363082885742,-0.05513332336140382,True
combined,stationary,30,Latent Neural SDE (VI),54.0,-0.5645796656608582,0.03817289308359281,True
combined,stationary,30,Latent Neural SDE (VI),62.0,-0.8761655688285828,0.06465654960871098,True
combined,stationary,30,Latent Neural SDE (VI),70.0,-0.2284533977508545,0.002009697451042486,True
combined,stationary,30,Latent Neural SDE (VI),78.0,-0.39173197746276855,0.07132125111300666,True
combined,stationary,30,Moment OU,30.0,-0.5848377325990033,0.01655642750537828,True
combined,stationary,30,Moment OU,38.0,0.11350572005024495,-0.2019634084807768,True
combined,stationary,30,Moment OU,46.0,,,False
combined,stationary,30,Moment OU,54.0,,,False
combined,stationary,30,Moment OU,62.0,,,False
combined,stationary,30,Moment OU,70.0,,,False
combined,stationary,30,Moment OU,78.0,1.5327604869587201,-0.26602961639797984,True
combined,stationary,30,Neural SDE (Euler),30.0,0.2710287570953369,0.06992019896650171,True
combined,stationary,30,Neural SDE (Euler),38.0,0.28712761402130127,0.08045658240346946,True
combined,stationary,30,Neural SDE (Euler),46.0,,,False
combined,stationary,30,Neural SDE (Euler),54.0,,,False
combined,stationary,30,Neural SDE (Euler),62.0,,,False
combined,stationary,30,Neural SDE (Euler),70.0,,,False
combined,stationary,30,Neural SDE (Euler),78.0,0.7850837707519531,0.02438722777264017,True
combined,stationary,30,SINDy-STLSQ,30.0,-0.41884719535465054,-0.01274343622907026,True
combined,stationary,30,SINDy-STLSQ,38.0,-2.438924959610085,-0.06514566331790313,True
combined,stationary,30,SINDy-STLSQ,46.0,,,False
combined,stationary,30,SINDy-STLSQ,54.0,,,False
combined,stationary,30,SINDy-STLSQ,62.0,,,False
combined,stationary,30,SINDy-STLSQ,70.0,,,False
combined,stationary,30,SINDy-STLSQ,78.0,-4.026846150040336,-0.08617792715487248,True
combined,stationary,31,Bayesian SINDy (spike-slab),30.0,0.05312439049007078,0.03207344485641647,True
combined,stationary,31,Bayesian SINDy (spike-slab),38.0,-0.5163644555702684,0.06751625363548056,True
combined,stationary,31,Bayesian SINDy (spike-slab),46.0,-0.8315263064369174,0.003939376792758437,True
combined,stationary,31,Bayesian SINDy (spike-slab),54.0,,,False
combined,stationary,31,Bayesian SINDy (spike-slab),62.0,0.41367185105469284,0.0025794663777767013,True
combined,stationary,31,Bayesian SINDy (spike-slab),70.0,-1.3746665666058806,-0.07214678545953551,True
combined,stationary,31,Bayesian SINDy (spike-slab),78.0,0.36292587808622884,0.020371428467301195,True
combined,stationary,31,Kalman OU,30.0,-0.46445933518636373,0.10339443713755248,True
combined,stationary,31,Kalman OU,38.0,-0.6595702097638112,0.22023325058770432,True
combined,stationary,31,Kalman OU,46.0,-0.7859717039843734,-0.3617332410557312,True
combined,stationary,31,Kalman OU,54.0,0.8575748926336222,-0.10672708554882976,True
combined,stationary,31,Kalman OU,62.0,1.2176233038287845,-0.10984772860360947,True
combined,stationary,31,Kalman OU,70.0,1.5418948646929596,-0.18558533515546907,True
combined,stationary,31,Kalman OU,78.0,0.8675890481594482,-0.036060493248625314,True
combined,stationary,31,Latent Neural SDE (VI),30.0,-0.4667450785636902,0.08639646602002865,True
combined,stationary,31,Latent Neural SDE (VI),38.0,-0.48294752836227417,0.13527592874687064,True
combined,stationary,31,Latent Neural SDE (VI),46.0,-0.21468430757522583,-0.014707222687163166,True
combined,stationary,31,Latent Neural SDE (VI),54.0,-1.3512700200080872,-0.043803523485006296,True
combined,stationary,31,Latent Neural SDE (VI),62.0,-0.21006327867507935,0.0620925041534455,True
combined,stationary,31,Latent Neural SDE (VI),70.0,-1.0347169041633606,0.007935709025881976,True
combined,stationary,31,Latent Neural SDE (VI),78.0,0.39164265990257263,0.10980367991317733,True
combined,stationary,31,Moment OU,30.0,-0.9734554597676943,0.15066560485430913,True
combined,stationary,31,Moment OU,38.0,-0.9571967759945366,0.2616148176380184,True
combined,stationary,31,Moment OU,46.0,,,False
combined,stationary,31,Moment OU,54.0,,,False
combined,stationary,31,Moment OU,62.0,,,False
combined,stationary,31,Moment OU,70.0,-0.7484284541667876,0.16421729946037655,True
combined,stationary,31,Moment OU,78.0,1.0235225915828987,-0.06652038832208676,True
combined,stationary,31,Neural SDE (Euler),30.0,-1.6618127822875977,-0.002966596397818516,True
combined,stationary,31,Neural SDE (Euler),38.0,0.5459308624267578,0.20467602368270565,True
combined,stationary,31,Neural SDE (Euler),46.0,0.548516035079956,0.025001689125263404,True
combined,stationary,31,Neural SDE (Euler),54.0,,,False
combined,stationary,31,Neural SDE (Euler),62.0,0.3599696159362793,0.0960375994838347,True
combined,stationary,31,Neural SDE (Euler),70.0,-3.1834394931793213,0.031812269708480445,True
combined,stationary,31,Neural SDE (Euler),78.0,1.3038151264190674,0.18095038881852338,True
combined,stationary,31,SINDy-STLSQ,30.0,-0.9988821362458755,0.02732993636813924,True
combined,stationary,31,SINDy-STLSQ,38.0,0.20417475255704898,0.0934463811547207,True
combined,stationary,31,SINDy-STLSQ,46.0,-0.06788418172577226,0.02649204910576511,True
combined,stationary,31,SINDy-STLSQ,54.0,,,False
combined,stationary,31,SINDy-STLSQ,62.0,0.6320871269272781,0.031220539258936808,True
combined,stationary,31,SINDy-STLSQ,70.0,-0.8290913219643432,-0.05752634352735275,True
combined,stationary,31,SINDy-STLSQ,78.0,-0.35857249973588345,0.0351456804735234,True
combined,stationary,32,Bayesian SINDy (spike-slab),30.0,,,False
combined,stationary,32,Bayesian SINDy (spike-slab),38.0,0.6349768019519716,-0.011322680615534458,True
combined,stationary,32,Bayesian SINDy (spike-slab),46.0,1.255124371278649,0.07920469277403502,True
combined,stationary,32,Bayesian SINDy (spike-slab),54.0,0.6094068957727823,0.07329079018349693,True
combined,stationary,32,Bayesian SINDy (spike-slab),62.0,-0.6630871962153864,-0.05910326987958839,True
combined,stationary,32,Bayesian SINDy (spike-slab),70.0,1.0612937702050644,0.05070046858113128,True
combined,stationary,32,Bayesian SINDy (spike-slab),78.0,1.4670698431393412,0.013593796511702116,True
combined,stationary,32,Kalman OU,30.0,0.0,0.0,True
combined,stationary,32,Kalman OU,38.0,2.501673459998174,0.10568442529617875,True
combined,stationary,32,Kalman OU,46.0,2.005951605639329,0.23228796713215266,True
combined,stationary,32,Kalman OU,54.0,0.18799400473100114,0.15876978056199068,True
combined,stationary,32,Kalman OU,62.0,0.0,0.0,True
combined,stationary,32,Kalman OU,70.0,0.6704057587152725,0.33302222260690434,True
combined,stationary,32,Kalman OU,78.0,1.9132901131767643,0.19392683086820428,True
combined,stationary,32,Latent Neural SDE (VI),30.0,0.3862946033477783,0.01286966455328431,True
combined,stationary,32,Latent Neural SDE (VI),38.0,1.1899859607219696,-0.06665065612019815,True
combined,stationary,32,Latent Neural SDE (VI),46.0,1.1364656686782837,0.003463245149916444,True
combined,stationary,32,Latent Neural SDE (VI),54.0,0.03042292594909668,0.04275366434860842,True
combined,stationary,32,Latent Neural SDE (VI),62.0,-0.7350572347640991,-0.10886474621628801,True
combined,stationary,32,Latent Neural SDE (VI),70.0,-0.40681707859039307,-0.0026484602173575678,True
combined,stationary,32,Latent Neural SDE (VI),78.0,0.3242834806442261,-0.04974855592615808,True
combined,stationary,32,Moment OU,30.0,,,False
combined,stationary,32,Moment OU,38.0,,,False
combined,stationary,32,Moment OU,46.0,,,False
combined,stationary,32,Moment OU,54.0,,,False
combined,stationary,32,Moment OU,62.0,,,False
combined,stationary,32,Moment OU,70.0,,,False
combined,stationary,32,Moment OU,78.0,,,False
combined,stationary,32,Neural SDE (Euler),30.0,,,False
combined,stationary,32,Neural SDE (Euler),38.0,2.3861483335494995,-0.0704564093471001,True
combined,stationary,32,Neural SDE (Euler),46.0,2.557865858078003,0.02943653835862306,True
combined,stationary,32,Neural SDE (Euler),54.0,2.4497451782226562,0.2723196601221155,True
combined,stationary,32,Neural SDE (Euler),62.0,0.3257265090942383,-0.10235001374797663,True
combined,stationary,32,Neural SDE (Euler),70.0,1.6531643867492676,0.005735915869266389,True
combined,stationary,32,Neural SDE (Euler),78.0,3.118924379348755,-0.019872560873630457,True
combined,stationary,32,SINDy-STLSQ,30.0,,,False
combined,stationary,32,SINDy-STLSQ,38.0,-0.07222825546853784,-0.057026660404292745,True
combined,stationary,32,SINDy-STLSQ,46.0,-1.0469483192689297,0.04527457765900114,True
combined,stationary,32,SINDy-STLSQ,54.0,0.18245592131698873,0.031882906810326794,True
combined,stationary,32,SINDy-STLSQ,62.0,-1.2146260800514364,-0.08402563847391473,True
combined,stationary,32,SINDy-STLSQ,70.0,0.23009559358468357,0.027254239167554706,True
combined,stationary,32,SINDy-STLSQ,78.0,1.00278291718067,-0.0053617910320306605,True
combined,stationary,33,Bayesian SINDy (spike-slab),30.0,-0.3083011513572105,-0.04270243019098996,True
combined,stationary,33,Bayesian SINDy (spike-slab),38.0,0.15822805753459424,0.024551185566919542,True
combined,stationary,33,Bayesian SINDy (spike-slab),46.0,-0.3557670084621496,0.03678206277952331,True
combined,stationary,33,Bayesian SINDy (spike-slab),54.0,0.29084065943289494,0.06467695016884564,True
combined,stationary,33,Bayesian SINDy (spike-slab),62.0,-0.46180329586185254,0.04110754998263508,True
combined,stationary,33,Bayesian SINDy (spike-slab),70.0,0.47895073086965745,0.06801229447075086,True
combined,stationary,33,Bayesian SINDy (spike-slab),78.0,,,False
combined,stationary,33,Kalman OU,30.0,-1.3461843047805264,-0.12253127540521708,True
combined,stationary,33,Kalman OU,38.0,1.468558827753138,-0.09416185980151526,True
combined,stationary,33,Kalman OU,46.0,-1.3461843047805264,-0.12253127540521708,True
combined,stationary,33,Kalman OU,54.0,1.52430906639192,-0.08006914992441733,True
combined,stationary,33,Kalman OU,62.0,-1.3461843047805264,-0.12253127540521708,True
combined,stationary,33,Kalman OU,70.0,-0.8814440483692969,0.25001227852932545,True
combined,stationary,33,Kalman OU,78.0,1.2511531030578313,-0.027574058759906192,True
combined,stationary,33,Latent Neural SDE (VI),30.0,-0.19601225852966309,-0.08603738823291913,True
combined,stationary,33,Latent Neural SDE (VI),38.0,-0.1839146614074707,-0.0790363023243135,True
combined,stationary,33,Latent Neural SDE (VI),46.0,-0.4258143901824951,-0.11543609313484103,True
combined,stationary,33,Latent Neural SDE (VI),54.0,-0.4102504253387451,0.006483790483684054,True
combined,stationary,33,Latent Neural SDE (VI),62.0,0.03295719623565674,-0.019266540532342197,True
combined,stationary,33,Latent Neural SDE (VI),70.0,0.22895938158035278,-0.05103914156413242,True
combined,stationary,33,Latent Neural SDE (VI),78.0,0.5981735587120056,0.09578443980795343,True
combined,stationary,33,Moment OU,30.0,,,False
combined,stationary,33,Moment OU,38.0,,,False
combined,stationary,33,Moment OU,46.0,,,False
combined,stationary,33,Moment OU,54.0,,,False
combined,stationary,33,Moment OU,62.0,,,False
combined,stationary,33,Moment OU,70.0,0.8719324326030973,-0.02300055968986739,True
combined,stationary,33,Moment OU,78.0,,,False
combined,stationary,33,Neural SDE (Euler),30.0,0.06159090995788574,-0.2744739487494686,True
combined,stationary,33,Neural SDE (Euler),38.0,0.1276029348373413,-0.20321557078637303,True
combined,stationary,33,Neural SDE (Euler),46.0,-0.12292814254760742,-0.17542782061763976,True
combined,stationary,33,Neural SDE (Euler),54.0,0.058971285820007324,-0.14320765739005073,True
combined,stationary,33,Neural SDE (Euler),62.0,-0.509082555770874,-0.14957637864367587,True
combined,stationary,33,Neural SDE (Euler),70.0,0.39388537406921387,-0.13889197303507061,True
combined,stationary,33,Neural SDE (Euler),78.0,,,False
combined,stationary,33,SINDy-STLSQ,30.0,-0.4066736826460139,-0.041150935010303646,True
combined,stationary,33,SINDy-STLSQ,38.0,-0.06361724795088464,0.017550604670337283,True
combined,stationary,33,SINDy-STLSQ,46.0,-0.11659189310015783,0.037355548597299115,True
combined,stationary,33,SINDy-STLSQ,54.0,-0.6401426163369986,0.053712482046072846,True
combined,stationary,33,SINDy-STLSQ,62.0,-2.9503690997269625,-0.010676832045466336,True
combined,stationary,33,SINDy-STLSQ,70.0,-0.08272166668771985,0.0514041963717283,True
combined,stationary,33,SINDy-STLSQ,78.0,,,False
combined,stationary,34,Bayesian SINDy (spike-slab),30.0,,,False
combined,stationary,34,Bayesian SINDy (spike-slab),38.0,,,False
combined,stationary,34,Bayesian SINDy (spike-slab),46.0,,,False
combined,stationary,34,Bayesian SINDy (spike-slab),54.0,1.4896585161789129,0.0021753984975135254,True
combined,stationary,34,Bayesian SINDy (spike-slab),62.0,,,False
combined,stationary,34,Bayesian SINDy (spike-slab),70.0,0.8057418341656601,-0.021572485350107085,True
combined,stationary,34,Bayesian SINDy (spike-slab),78.0,1.5883706328632796,-0.03050357912536586,True
combined,stationary,34,Kalman OU,30.0,1.582126494820638,0.16911278777612332,True
combined,stationary,34,Kalman OU,38.0,1.15320913937447,0.15942493376571043,True
combined,stationary,34,Kalman OU,46.0,0.25289820135791796,0.22129764164688898,True
combined,stationary,34,Kalman OU,54.0,0.0,-0.1304275840040376,True
combined,stationary,34,Kalman OU,62.0,0.0,-0.1304275840040376,True
combined,stationary,34,Kalman OU,70.0,0.0,-0.1304275840040376,True
combined,stationary,34,Kalman OU,78.0,2.360178727437887,-0.06657787047876351,True
combined,stationary,34,Latent Neural SDE (VI),30.0,0.3841767907142639,0.044578312330576186,True
combined,stationary,34,Latent Neural SDE (VI),38.0,0.35043078660964966,-0.020654230395152906,True
combined,stationary,34,Latent Neural SDE (VI),46.0,0.4492053985595703,-0.023054411939129188,True
combined,stationary,34,Latent Neural SDE (VI),54.0,-0.4108232259750366,-0.018753278549411223,True
combined,stationary,34,Latent Neural SDE (VI),62.0,0.08635973930358887,-0.010539808680783164,True
combined,stationary,34,Latent Neural SDE (VI),70.0,-0.2044154405593872,-0.08029846309638192,True
combined,stationary,34,Latent Neural SDE (VI),78.0,-0.10613584518432617,-0.06789135244143985,True
combined,stationary,34,Moment OU,30.0,,,False
combined,stationary,34,Moment OU,38.0,,,False
combined,stationary,34,Moment OU,46.0,,,False
combined,stationary,34,Moment OU,54.0,-1.4237694460197385,-0.08845801545977078,True
combined,stationary,34,Moment OU,62.0,,,False
combined,stationary,34,Moment OU,70.0,,,False
combined,stationary,34,Moment OU,78.0,3.9626934072421625,-0.4530330975816529,True
combined,stationary,34,Neural SDE (Euler),30.0,,,False
combined,stationary,34,Neural SDE (Euler),38.0,,,False
combined,stationary,34,Neural SDE (Euler),46.0,,,False
combined,stationary,34,Neural SDE (Euler),54.0,0.18002140522003174,0.12352017665427259,True
combined,stationary,34,Neural SDE (Euler),62.0,,,False
combined,stationary,34,Neural SDE (Euler),70.0,-0.4061812162399292,0.10166151324438391,True
combined,stationary,34,Neural SDE (Euler),78.0,-0.43815577030181885,-0.03664142227304232,True
combined,stationary,34,SINDy-STLSQ,30.0,,,False
combined,stationary,34,SINDy-STLSQ,38.0,,,False
combined,stationary,34,SINDy-STLSQ,46.0,,,False
combined,stationary,34,SINDy-STLSQ,54.0,-0.034566661640278884,0.022172810508666263,True
combined,stationary,34,SINDy-STLSQ,62.0,,,False
combined,stationary,34,SINDy-STLSQ,70.0,1.2876647962059609,0.008458125157815216,True
combined,stationary,34,SINDy-STLSQ,78.0,2.3113296348052486,-0.018021939895148067,True
combined,stationary,35,Bayesian SINDy (spike-slab),30.0,-0.31151654419387326,0.004952246283519313,True
combined,stationary,35,Bayesian SINDy (spike-slab),38.0,0.08521971769761943,0.0428688281212429,True
combined,stationary,35,Bayesian SINDy (spike-slab),46.0,0.05993174619601299,0.015094465743328705,True
combined,stationary,35,Bayesian SINDy (spike-slab),54.0,-0.6021695996270944,0.005967409951736724,True
combined,stationary,35,Bayesian SINDy (spike-slab),62.0,-0.9031632165480508,-0.001618248678290246,True
combined,stationary,35,Bayesian SINDy (spike-slab),70.0,-1.1696486889104742,-0.05919287282722038,True
combined,stationary,35,Bayesian SINDy (spike-slab),78.0,,,False
combined,stationary,35,Kalman OU,30.0,-0.33558355414995167,-0.1186472139472512,True
combined,stationary,35,Kalman OU,38.0,-0.9985466793743631,0.1129851547972292,True
combined,stationary,35,Kalman OU,46.0,-0.768431018429417,0.05534415322981401,True
combined,stationary,35,Kalman OU,54.0,-1.7839912507214337,-0.2824723252948453,True
combined,stationary,35,Kalman OU,62.0,-1.7839912507214337,-0.2824723252948453,True
combined,stationary,35,Kalman OU,70.0,-1.7839912507214337,-0.2824723252948453,True
combined,stationary,35,Kalman OU,78.0,-1.7839912507214337,-0.2824723252948453,True
combined,stationary,35,Latent Neural SDE (VI),30.0,0.07777082920074463,-0.020852549226993894,True
combined,stationary,35,Latent Neural SDE (VI),38.0,0.2668030261993408,0.06523202662895605,True
combined,stationary,35,Latent Neural SDE (VI),46.0,0.4309101104736328,0.09574019830694389,True
combined,stationary,35,Latent Neural SDE (VI),54.0,0.48344093561172485,0.02878222151194193,True
combined,stationary,35,Latent Neural SDE (VI),62.0,0.1781013011932373,0.04618899963682255,True
combined,stationary,35,Latent Neural SDE (VI),70.0,0.578027606010437,0.0031195630952267073,True
combined,stationary,35,Latent Neural SDE (VI),78.0,0.3291436433792114,0.008201031021735194,True
combined,stationary,35,Moment OU,30.0,-0.7061970060820675,-0.03791459927986826,True
combined,stationary,35,Moment OU,38.0,-0.7106797204838964,0.08117135989781665,True
combined,stationary,35,Moment OU,46.0,-0.38563565726974347,0.009542339490945712,True
combined,stationary,35,Moment OU,54.0,,,False
combined,stationary,35,Moment OU,62.0,,,False
combined,stationary,35,Moment OU,70.0,,,False
combined,stationary,35,Moment OU,78.0,,,False
combined,stationary,35,Neural SDE (Euler),30.0,-0.45218944549560547,-0.02306288993502892,True
combined,stationary,35,Neural SDE (Euler),38.0,1.3066152334213257,0.09961077366649115,True
combined,stationary,35,Neural SDE (Euler),46.0,1.2160658240318298,0.08229140766577867,True
combined,stationary,35,Neural SDE (Euler),54.0,0.9992493391036987,0.01430234140087372,True
combined,stationary,35,Neural SDE (Euler),62.0,-0.46895837783813477,0.020248581410658606,True
combined,stationary,35,Neural SDE (Euler),70.0,0.6260824203491211,0.0033173632844239187,True
combined,stationary,35,Neural SDE (Euler),78.0,,,False
combined,stationary,35,SINDy-STLSQ,30.0,-2.592283914633052,0.013681947992616683,True
combined,stationary,35,SINDy-STLSQ,38.0,-2.2139832767080545,0.06522814119353004,True
combined,stationary,35,SINDy-STLSQ,46.0,-1.0740968382406664,0.021781761926048165,True
combined,stationary,35,SINDy-STLSQ,54.0,0.16746855875875766,0.005368743629795336,True
combined,stationary,35,SINDy-STLSQ,62.0,-1.4540844940463546,-0.01903353636242805,True
combined,stationary,35,SINDy-STLSQ,70.0,-0.12917726003367602,-0.0408779248151936,True
combined,stationary,35,SINDy-STLSQ,78.0,,,False
