condition,system,scenario,repetition,method,kappa_early,kappa_late,sigma_early,sigma_late,tau_late,kappa_decline,sigma_growth,kappa_lower_late,kappa_upper_late,sigma_lower_late,sigma_upper_late,pip_x_late,pip_x2_late,pip_x3_late,active_terms_late,converged,kappa_true_late,sigma_true_late,tau_true,clip_fraction
baseline,bistable,noise_growth,0,Bayesian SINDy (spike-slab),4.761419229695658,2.181578747721494,0.07450072179529223,0.10332678058055246,,2.579840481974164,0.028826058785260233,0.987293873798785,3.1303986616746156,0.08928728268545313,0.12214244814096403,0.9719311955023849,0.010839902677514408,0.03429907837924552,2.0,True,0.7999999999999999,0.07420292019719328,0.03,0.0
baseline,bistable,noise_growth,0,Kalman OU,3.0000000000000004,0.7757816727830122,0.011705975730063708,0.05871952553832912,0.03245499224469195,2.224218327216988,0.047013549808265415,,,,,,,,,True,0.7999999999999999,0.07420292019719328,0.03,0.0
baseline,bistable,noise_growth,0,Latent Neural SDE (VI),6.121936798095703,2.546631336212158,0.07018897051703864,0.10689460907832418,0.006723921473050446,3.575305461883545,0.036705638561285545,,,,,,,,,True,0.7999999999999999,0.07420292019719328,0.03,0.0
baseline,bistable,noise_growth,0,Moment OU,7.386991803443978,1.2883816186879968,0.06056488299697736,0.07818750125817667,,6.098610184755981,0.017622618261199305,,,,,,,,,True,0.7999999999999999,0.07420292019719328,0.03,0.0
baseline,bistable,noise_growth,0,Neural SDE (Euler),6.238643646240234,2.5610909461975098,0.07078410300500744,0.10880611423238375,,3.6775527000427246,0.03802201122737631,,,,,,,,,True,0.7999999999999999,0.07420292019719328,0.03,0.0
baseline,bistable,noise_growth,0,SINDy-STLSQ,4.925440781666219,2.1856278854149522,0.07532061514813652,0.10513073204920427,,2.7398128962512667,0.029810116901067746,,,,,,,,2.0,True,0.7999999999999999,0.07420292019719328,0.03,0.0
baseline,bistable,noise_growth,1,Bayesian SINDy (spike-slab),3.9442940962295974,1.6528089633838496,0.08159466349010355,0.11496483165434918,,2.2914851328457475,0.03337016816424562,0.17887410595284653,2.760006734945215,0.09835404884129495,0.13396292662968928,0.6967263728492709,0.03168917367959651,0.30931726379767444,2.0,True,0.7999999999999999,0.07403794422181284,0.03,0.0
baseline,bistable,noise_growth,1,Kalman OU,1.083003498076028,1.374173749154191,0.03137587267440939,0.10044691017924748,0.028244220475689346,-0.2911702510781631,0.06907103750483809,,,,,,,,,True,0.7999999999999999,0.07403794422181284,0.03,0.0
baseline,bistable,noise_growth,1,Latent Neural SDE (VI),5.743566036224365,2.241529941558838,0.08599348735988101,0.11547664974443077,0.008100496798898755,3.5020360946655273,0.02948316238454976,,,,,,,,,True,0.7999999999999999,0.07403794422181284,0.03,0.0
baseline,bistable,noise_growth,1,Moment OU,2.7207884147794306,1.2851000651101507,0.055447129319559675,0.09685066989806068,,1.4356883496692798,0.04140354057850101,,,,,,,,,True,0.7999999999999999,0.07403794422181284,0.03,0.0
baseline,bistable,noise_growth,1,Neural SDE (Euler),5.6454691886901855,2.167567729949951,0.0868000069316419,0.11817493214485555,,3.4779014587402344,0.03137492521321365,,,,,,,,,True,0.7999999999999999,0.07403794422181284,0.03,0.0
baseline,bistable,noise_growth,1,SINDy-STLSQ,5.281047264553227,1.4097155982529952,0.08039847132874518,0.11361812628669987,,3.8713316663002324,0.03321965495795469,,,,,,,,4.0,True,0.7999999999999999,0.07403794422181284,0.03,0.0
baseline,bistable,noise_growth,2,Bayesian SINDy (spike-slab),4.0922402119224435,1.12689546573058,0.08813445879274528,0.11798729242300122,,2.9653447461918634,0.02985283363025594,-0.0,2.097350320065239,0.1002812964286415,0.14137935002003285,0.8121842464037986,0.02836751445094337,0.02502952770652407,2.0,True,0.7999999999999999,0.07359687847696644,0.03,0.0
baseline,bistable,noise_growth,2,Kalman OU,0.5026129555876656,0.6101514549261932,0.020314843838015125,0.07511928686141552,0.03172406298377274,-0.10753849933852755,0.05480444302340039,,,,,,,,,True,0.7999999999999999,0.07359687847696644,0.03,0.0
baseline,bistable,noise_growth,2,Latent Neural SDE (VI),4.571227550506592,2.264906406402588,0.09495139674339684,0.11283409655229049,0.009226247734548727,2.306321144104004,0.01788269980889365,,,,,,,,,True,0.7999999999999999,0.07359687847696644,0.03,0.0
baseline,bistable,noise_growth,2,Moment OU,4.707116638867805,0.7251690326978224,0.08437939577959422,0.08656201866739772,,3.9819476061699826,0.0021826228878035064,,,,,,,,,True,0.7999999999999999,0.07359687847696644,0.03,0.0
baseline,bistable,noise_growth,2,Neural SDE (Euler),4.511516571044922,2.4494497776031494,0.09667850044867395,0.1158938793034534,,2.0620667934417725,0.01921537885477946,,,,,,,,,True,0.7999999999999999,0.07359687847696644,0.03,0.0
baseline,bistable,noise_growth,2,SINDy-STLSQ,4.463449483959092,1.676841065855694,0.08938799120900341,0.11573007104773361,,2.7866084181033983,0.0263420798387302,,,,,,,,4.0,True,0.7999999999999999,0.07359687847696644,0.03,0.0
baseline,bistable,noise_growth,3,Bayesian SINDy (spike-slab),3.6072160020360013,1.8815136774891283,0.08118782749961045,0.09432832069229949,,1.725702324546873,0.013140493192689034,-0.0,2.8580983603277463,0.08180834265520809,0.10913899546895438,0.9599736665140003,0.010655829218106741,0.014962344526839573,2.0,True,0.7999999999999999,0.07435112382759848,0.03,0.0
baseline,bistable,noise_growth,3,Kalman OU,0.4445198692687863,1.5218750428418673,0.022401857489997356,0.08589563990903509,0.022114636382587708,-1.077355173573081,0.06349378241903773,,,,,,,,,True,0.7999999999999999,0.07435112382759848,0.03,0.0
baseline,bistable,noise_growth,3,Latent Neural SDE (VI),4.480973720550537,2.4282867908477783,0.08364551502108745,0.09539647322507737,0.006296440275741326,2.052686929702759,0.011750958203989914,,,,,,,,,True,0.7999999999999999,0.07435112382759848,0.03,0.0
baseline,bistable,noise_growth,3,Moment OU,2.0602333554724677,0.9953028164878522,0.05277874112352551,0.06083175258545782,,1.0649305389846155,0.008053011461932304,,,,,,,,,True,0.7999999999999999,0.07435112382759848,0.03,0.0
baseline,bistable,noise_growth,3,Neural SDE (Euler),4.496887683868408,2.4396612644195557,0.08353793510419781,0.09726535115750465,,2.0572264194488525,0.013727416053306837,,,,,,,,,True,0.7999999999999999,0.07435112382759848,0.03,0.0
baseline,bistable,noise_growth,3,SINDy-STLSQ,3.576188929946652,2.5157098561329763,0.08267863241796582,0.09500094004558528,,1.0604790738136756,0.012322307627619461,,,,,,,,4.0,True,0.7999999999999999,0.07435112382759848,0.03,0.0
baseline,bistable,noise_growth,4,Bayesian SINDy (spike-slab),4.09197778455958,2.711274121090388,0.07282061835407157,0.10131875429678246,,1.380703663469192,0.02849813594271089,1.6706893543531178,3.706447885448614,0.08764627284784308,0.11785755073832259,0.9715030406774408,0.010542899271172301,0.04024352519266232,2.0,True,0.7999999999999999,0.0742382454775569,0.03,0.0
baseline,bistable,noise_growth,4,Kalman OU,1.7932606075456037,2.4412677584908775,0.036226796640215456,0.09767342040207032,0.026028641293225956,-0.6480071509452738,0.06144662376185486,,,,,,,,,True,0.7999999999999999,0.0742382454775569,0.03,0.0
baseline,bistable,noise_growth,4,Latent Neural SDE (VI),5.161856174468994,3.039963722229004,0.0826411163245493,0.09813558877732768,0.006215875764755719,2.1218924522399902,0.01549447245277838,,,,,,,,,True,0.7999999999999999,0.0742382454775569,0.03,0.0
baseline,bistable,noise_growth,4,Moment OU,0.45983208531624203,1.9689571803609476,0.014685224143682837,0.08361387252029111,,-1.5091250950447055,0.06892864837660827,,,,,,,,,True,0.7999999999999999,0.0742382454775569,0.03,0.0
baseline,bistable,noise_growth,4,Neural SDE (Euler),5.1157636642456055,2.8510594367980957,0.08341288508696638,0.10064054525428812,,2.2647042274475098,0.01722766016732173,,,,,,,,,True,0.7999999999999999,0.0742382454775569,0.03,0.0
baseline,bistable,noise_growth,4,SINDy-STLSQ,6.419624253576788,1.9560087637073105,0.07091050056711602,0.1014949663221092,,4.463615489869477,0.030584465754993184,,,,,,,,4.0,True,0.7999999999999999,0.0742382454775569,0.03,0.0
baseline,bistable,noise_growth,5,Bayesian SINDy (spike-slab),4.6743121303026065,3.173971923197903,0.07529596753346576,0.07944758295312294,,1.5003402071047036,0.004151615419657181,2.1254425991715022,4.205614898774743,0.06797221696900257,0.09359191297898861,0.9999759313970373,0.023910983656488322,0.008760104789718413,2.0,True,0.7999999999999999,0.07430075290471184,0.03,0.0
baseline,bistable,noise_growth,5,Kalman OU,3.0000000000000004,2.366806948165914,0.02138826715047672,0.07184091233470324,0.024341689334147862,0.6331930518340863,0.05045264518422653,,,,,,,,,True,0.7999999999999999,0.07430075290471184,0.03,0.0
baseline,bistable,noise_growth,5,Latent Neural SDE (VI),4.580412864685059,4.248065948486328,0.0827403797140333,0.07743998148200391,0.004922302070785557,0.33234691619873047,-0.00530039823202938,,,,,,,,,True,0.7999999999999999,0.07430075290471184,0.03,0.0
baseline,bistable,noise_growth,5,Moment OU,6.1202948712183565,1.1692033341545658,0.058428564453612476,0.042358961275587734,,4.951091537063791,-0.016069603178024743,,,,,,,,,True,0.7999999999999999,0.07430075290471184,0.03,0.0
baseline,bistable,noise_growth,5,Neural SDE (Euler),4.640101432800293,4.268928527832031,0.08452365401536717,0.0783137369779577,,0.3711729049682617,-0.006209917037409474,,,,,,,,,True,0.7999999999999999,0.07430075290471184,0.03,0.0
baseline,bistable,noise_growth,5,SINDy-STLSQ,4.48131750955522,3.538325690366002,0.076486539472245,0.07968080723167817,,0.9429918191892179,0.0031942677594331698,,,,,,,,3.0,True,0.7999999999999999,0.07430075290471184,0.03,0.0
baseline,bistable,noise_growth,6,Bayesian SINDy (spike-slab),4.788875719098607,2.1588465235206393,0.07607596030681091,0.1090161449554078,,2.630029195577968,0.032940184648596896,1.2802162513409583,3.080433480701392,0.09396543955375,0.1270197926303786,0.9906980190913824,0.041073444052723375,0.018076837064903983,2.0,True,0.7999999999999999,0.07389467002394834,0.03,0.0
baseline,bistable,noise_growth,6,Kalman OU,3.0000000000000004,1.3475353196507671,0.010000000000000005,0.08680884927459026,0.029849384087758866,1.6524646803492333,0.07680884927459025,,,,,,,,,True,0.7999999999999999,0.07389467002394834,0.03,0.0
baseline,bistable,noise_growth,6,Latent Neural SDE (VI),4.2147746086120605,2.891171455383301,0.08571412004324755,0.11144355249552973,0.007281952172023298,1.3236031532287598,0.02572943245228218,,,,,,,,,True,0.7999999999999999,0.07389467002394834,0.03,0.0
baseline,bistable,noise_growth,6,Moment OU,8.281474373041041,1.4488474959716369,0.07282687111138114,0.09064520678065112,,6.832626877069404,0.017818335669269977,,,,,,,,,True,0.7999999999999999,0.07389467002394834,0.03,0.0
baseline,bistable,noise_growth,6,Neural SDE (Euler),4.243523597717285,2.8199336528778076,0.08687713201917058,0.11446378299684147,,1.4235899448394775,0.027586650977670893,,,,,,,,,True,0.7999999999999999,0.07389467002394834,0.03,0.0
baseline,bistable,noise_growth,6,SINDy-STLSQ,5.44191387324231,2.577531019858348,0.07498567815454886,0.10916616892630322,,2.864382853383962,0.03418049077175436,,,,,,,,3.0,True,0.7999999999999999,0.07389467002394834,0.03,0.0
baseline,bistable,noise_growth,7,Bayesian SINDy (spike-slab),3.4711755745051143,1.7556254877974116,0.08218671558541527,0.11089001154329303,,1.7155500867077027,0.028703295957877767,0.2783743543938202,2.878798301443796,0.09464547526790457,0.13158780094069678,0.6864616478841342,0.011115333729571481,0.32583413661642274,2.0,True,0.7999999999999999,0.07460750678564618,0.03,0.0
baseline,bistable,noise_growth,7,Kalman OU,0.7778181180459194,1.2637494039791586,0.029913698301213997,0.08782891213932961,0.030059620855114676,-0.4859312859332392,0.05791521383811561,,,,,,,,,True,0.7999999999999999,0.07460750678564618,0.03,0.0
baseline,bistable,noise_growth,7,Latent Neural SDE (VI),4.245499610900879,1.4432952404022217,0.08691120453229631,0.11133739011737838,0.007330587761325639,2.8022043704986572,0.02442618558508207,,,,,,,,,True,0.7999999999999999,0.07460750678564618,0.03,0.0
baseline,bistable,noise_growth,7,Moment OU,1.6331352321822414,1.5116452770797861,0.04564147384570874,0.09545993024369276,,0.1214899551024553,0.04981845639798402,,,,,,,,,True,0.7999999999999999,0.07460750678564618,0.03,0.0
baseline,bistable,noise_growth,7,Neural SDE (Euler),4.320072650909424,1.439121961593628,0.08747568739964331,0.11297027270548807,,2.880950689315796,0.025494585305844752,,,,,,,,,True,0.7999999999999999,0.07460750678564618,0.03,0.0
baseline,bistable,noise_growth,7,SINDy-STLSQ,3.3514977963141726,1.0736153099887524,0.08293305682502289,0.11045003337808634,,2.27788248632542,0.027516976553063455,,,,,,,,4.0,True,0.7999999999999999,0.07460750678564618,0.03,0.0
baseline,bistable,noise_growth,8,Bayesian SINDy (spike-slab),2.512471454913998,2.4945774693009675,0.07060376328969119,0.08275824996552199,,0.017893985613030683,0.0121544866758308,1.5356275325898916,3.347918661119623,0.07124473971355268,0.09686760030856838,0.9971899130442049,0.015035824975524654,0.008211310263785587,2.0,True,0.7999999999999999,0.07381333305037978,0.03,0.0
baseline,bistable,noise_growth,8,Kalman OU,0.9581325546522398,1.8039894521209825,0.03883852869569694,0.06989105146929589,0.022841632934950635,-0.8458568974687427,0.031052522773598948,,,,,,,,,True,0.7999999999999999,0.07381333305037978,0.03,0.0
baseline,bistable,noise_growth,8,Latent Neural SDE (VI),3.561753988265991,4.2813801765441895,0.07116070829100495,0.08253204899773774,0.005340945813939228,-0.7196261882781982,0.011371340706732791,,,,,,,,,True,0.7999999999999999,0.07381333305037978,0.03,0.0
baseline,bistable,noise_growth,8,Moment OU,,0.2966242428696548,,0.024565449373742755,,,,,,,,,,,,False,0.7999999999999999,0.07381333305037978,0.03,0.0
baseline,bistable,noise_growth,8,Neural SDE (Euler),3.397326707839966,4.392168998718262,0.07209971871752711,0.08337021271540167,,-0.9948422908782959,0.011270493997874553,,,,,,,,,True,0.7999999999999999,0.07381333305037978,0.03,0.0
baseline,bistable,noise_growth,8,SINDy-STLSQ,3.16059905484441,2.356909533497427,0.07116485667524539,0.08363662134887748,,0.8036895213469828,0.01247176467363209,,,,,,,,4.0,True,0.7999999999999999,0.07381333305037978,0.03,0.0
baseline,bistable,noise_growth,9,Bayesian SINDy (spike-slab),4.032687129894802,2.0522552781627623,0.08338739360407697,0.09588049110116849,,1.9804318517320394,0.012493097497091515,1.1413063596211344,2.9003194248179525,0.08276001114417025,0.1121533316290496,0.9927632500425797,0.008900421784900171,0.009687462196166917,2.0,True,0.7999999999999999,0.07311712188573243,0.03,0.0
baseline,bistable,noise_growth,9,Kalman OU,1.3815781594966423,2.276678007459589,0.03759926232048658,0.10933162305999651,0.014524547750161751,-0.8950998479629466,0.07173236073950992,,,,,,,,,True,0.7999999999999999,0.07311712188573243,0.03,0.0
baseline,bistable,noise_growth,9,Latent Neural SDE (VI),5.266829490661621,3.828420877456665,0.08875225887800473,0.09544823667074986,0.006411846305103123,1.438408613204956,0.006695977792745139,,,,,,,,,True,0.7999999999999999,0.07311712188573243,0.03,0.0
baseline,bistable,noise_growth,9,Moment OU,3.2940266260030695,0.7518957034484107,0.06385151245458871,0.05501787970978063,,2.5421309225546587,-0.008833632744808084,,,,,,,,,True,0.7999999999999999,0.07311712188573243,0.03,0.0
baseline,bistable,noise_growth,9,Neural SDE (Euler),5.337546348571777,3.8567874431610107,0.08889301030625262,0.09575494560312804,,1.4807589054107666,0.006861935296875427,,,,,,,,,True,0.7999999999999999,0.07311712188573243,0.03,0.0
baseline,bistable,noise_growth,9,SINDy-STLSQ,5.120875756071228,2.6203862789250842,0.0815966769209853,0.09644510827018433,,2.5004894771461434,0.01484843134919904,,,,,,,,3.0,True,0.7999999999999999,0.07311712188573243,0.03,0.0
baseline,bistable,noise_growth,10,Bayesian SINDy (spike-slab),3.5130461467562277,1.8332774102002218,0.09021925696467248,0.10157581954652344,,1.679768736556006,0.011356562581850957,0.35797694793591095,2.754465616685662,0.08725131905891616,0.11806656195027339,0.8759133983453408,0.011774058867824393,0.1272993747802655,2.0,True,0.7999999999999999,0.07370436638591965,0.03,0.0
baseline,bistable,noise_growth,10,Kalman OU,0.9347432901474082,1.4421825325796414,0.03949487419605343,0.08961944959624736,0.02507304330546455,-0.5074392424322332,0.05012457540019393,,,,,,,,,True,0.7999999999999999,0.07370436638591965,0.03,0.0
baseline,bistable,noise_growth,10,Latent Neural SDE (VI),4.763317108154297,2.07643723487854,0.09126845267753778,0.0986569256144102,0.007288408106288871,2.686879873275757,0.00738847293687242,,,,,,,,,True,0.7999999999999999,0.07370436638591965,0.03,0.0
baseline,bistable,noise_growth,10,Moment OU,2.6899687379584702,1.044287124612555,0.07290072368484142,0.07312436729879364,,1.6456816133459153,0.000223643613952218,,,,,,,,,True,0.7999999999999999,0.07370436638591965,0.03,0.0
baseline,bistable,noise_growth,10,Neural SDE (Euler),4.7755303382873535,1.983528971672058,0.09248187794937535,0.10022409185948288,,2.7920013666152954,0.007742213910107529,,,,,,,,,True,0.7999999999999999,0.07370436638591965,0.03,0.0
baseline,bistable,noise_growth,10,SINDy-STLSQ,3.9993445822659814,1.2310427852530148,0.09000129031058808,0.10179935967107412,,2.768301797012967,0.011798069360486038,,,,,,,,4.0,True,0.7999999999999999,0.07370436638591965,0.03,0.0
baseline,bistable,noise_growth,11,Bayesian SINDy (spike-slab),4.01395045400862,3.0742156376576184,0.08564563807531807,0.08887192660249983,,0.939734816351002,0.0032262885271817643,1.9817060257592962,4.079935526828875,0.07628544037612833,0.10261321296010487,0.9991923849275652,0.007979449480552531,0.006232913930650081,2.0,True,0.7999999999999999,0.07314510863549059,0.03,0.0
baseline,bistable,noise_growth,11,Kalman OU,0.1391776031439793,3.0000000000000004,0.010822673888221997,0.0952674632408878,0.022066761591997663,-2.860822396856021,0.0844447893526658,,,,,,,,,True,0.7999999999999999,0.07314510863549059,0.03,0.0
baseline,bistable,noise_growth,11,Latent Neural SDE (VI),4.1764655113220215,4.291786193847656,0.08704835476863802,0.09324880563820495,0.0050218332230611,-0.11532068252563477,0.006200450869566929,,,,,,,,,True,0.7999999999999999,0.07314510863549059,0.03,0.0
baseline,bistable,noise_growth,11,Moment OU,3.4698360407955904,1.6265630191070053,0.07142037856433199,0.05769521609953748,,1.843273021688585,-0.013725162464794508,,,,,,,,,True,0.7999999999999999,0.07314510863549059,0.03,0.0
baseline,bistable,noise_growth,11,Neural SDE (Euler),4.140291213989258,4.211940765380859,0.0885799435738992,0.095232019462755,,-0.07164955139160156,0.006652075888855802,,,,,,,,,True,0.7999999999999999,0.07314510863549059,0.03,0.0
baseline,bistable,noise_growth,11,SINDy-STLSQ,4.4398014012224545,2.4758800751512537,0.08360162703883686,0.08991585843700858,,1.9639213260712007,0.006314231398171721,,,,,,,,4.0,True,0.7999999999999999,0.07314510863549059,0.03,0.0
baseline,bistable,noise_growth,12,Bayesian SINDy (spike-slab),3.5667745642884823,2.1438518513110387,0.08216620366217167,0.10462281000840949,,1.4229227129774435,0.02245660634623782,0.9864393465180306,3.218704357376709,0.08982063626642839,0.12288013875671965,0.9734647197115438,0.01284249413428589,0.017877729442648586,2.0,True,0.7999999999999999,0.07361549980497932,0.03,0.0
baseline,bistable,noise_growth,12,Kalman OU,1.7110809017267188,0.7372533317871718,0.047856194311039664,0.06293389451518226,0.03074957651090473,0.973827569939547,0.015077700204142598,,,,,,,,,True,0.7999999999999999,0.07361549980497932,0.03,0.0
baseline,bistable,noise_growth,12,Latent Neural SDE (VI),4.379108905792236,3.5037667751312256,0.08662905430346948,0.09145500268117475,0.006643728069339193,0.8753421306610107,0.004825948377705266,,,,,,,,,True,0.7999999999999999,0.07361549980497932,0.03,0.0
baseline,bistable,noise_growth,12,Moment OU,1.9577398322643431,1.8015872831781765,0.049898865219257627,0.09023086539431308,,0.1561525490861666,0.04033200017505545,,,,,,,,,True,0.7999999999999999,0.07361549980497932,0.03,0.0
baseline,bistable,noise_growth,12,Neural SDE (Euler),4.338016510009766,3.569005012512207,0.087846821271358,0.08227424370670143,,0.7690114974975586,-0.005572577564656567,,,,,,,,,True,0.7999999999999999,0.07361549980497932,0.03,0.0
baseline,bistable,noise_growth,12,SINDy-STLSQ,3.616876232265108,1.5780249386256842,0.08334390166396013,0.10291477805472334,,2.038851293639424,0.0195708763907632,,,,,,,,4.0,True,0.7999999999999999,0.07361549980497932,0.03,0.0
baseline,bistable,noise_growth,13,Bayesian SINDy (spike-slab),2.167942617731465,1.7348984235062859,0.08159209418494436,0.10588933738524865,,0.43304419422517926,0.024297243200304297,0.5576283773907514,2.591878700639738,0.09037461240690856,0.12303807225222185,0.9302153850258161,0.03318109070585147,0.06679312606696187,2.0,True,0.7999999999999999,0.07425602675482228,0.03,0.0
baseline,bistable,noise_growth,13,Kalman OU,0.7761043074008992,0.9489127731271979,0.04670288252046583,0.07886958458601208,0.0289627175979764,-0.1728084657262987,0.03216670206554625,,,,,,,,,True,0.7999999999999999,0.07425602675482228,0.03,0.0
baseline,bistable,noise_growth,13,Latent Neural SDE (VI),3.0172433853149414,2.753291130065918,0.09060929210350964,0.1026139235778414,0.007832355965583234,0.26395225524902344,0.012004631474331756,,,,,,,,,True,0.7999999999999999,0.07425602675482228,0.03,0.0
baseline,bistable,noise_growth,13,Moment OU,,1.026790952898094,,0.08093886405974265,,,,,,,,,,,,False,0.7999999999999999,0.07425602675482228,0.03,0.0
baseline,bistable,noise_growth,13,Neural SDE (Euler),2.962719440460205,2.8628995418548584,0.09180910463206324,0.10597031531153604,,0.09981989860534668,0.014161210679472805,,,,,,,,,True,0.7999999999999999,0.07425602675482228,0.03,0.0
baseline,bistable,noise_growth,13,SINDy-STLSQ,3.2625223818696125,2.1193450650926122,0.08049890057176981,0.10574515011538427,,1.1431773167770003,0.025246249543614457,,,,,,,,3.0,True,0.7999999999999999,0.07425602675482228,0.03,0.0
baseline,bistable,noise_growth,14,Bayesian SINDy (spike-slab),3.7774934985888753,2.764792569805211,0.0700722502952471,0.1101480511378595,,1.0127009287836644,0.040075800842612405,1.7736423206789713,3.668676703586691,0.09430913964690127,0.1278968889489358,0.997264055881795,0.023543692596109927,0.009618854051090434,2.0,True,0.7999999999999999,0.0742663598899043,0.03,0.0
baseline,bistable,noise_growth,14,Kalman OU,3.0000000000000004,1.0779810606597084,0.05519659431145667,0.06279423559347432,0.036532163286351206,1.922018939340292,0.0075976412820176475,,,,,,,,,True,0.7999999999999999,0.0742663598899043,0.03,0.0
baseline,bistable,noise_growth,14,Latent Neural SDE (VI),3.145496129989624,2.987473487854004,0.07298097802540766,0.10885194737047915,0.0072078869803658095,0.15802264213562012,0.03587096934507149,,,,,,,,,True,0.7999999999999999,0.0742663598899043,0.03,0.0
baseline,bistable,noise_growth,14,Moment OU,,2.462539601971812,,0.10741100370038073,,,,,,,,,,,,False,0.7999999999999999,0.0742663598899043,0.03,0.0
baseline,bistable,noise_growth,14,Neural SDE (Euler),3.2237048149108887,2.940690517425537,0.07397536695985654,0.11070379699941975,,0.28301429748535156,0.036728430039563206,,,,,,,,,True,0.7999999999999999,0.0742663598899043,0.03,0.0
baseline,bistable,noise_growth,14,SINDy-STLSQ,2.7745154043345295,2.5053774798539385,0.07026256047619443,0.10980520018584465,,0.26913792448059093,0.03954263970965022,,,,,,,,4.0,True,0.7999999999999999,0.0742663598899043,0.03,0.0
baseline,bistable,noise_growth,15,Bayesian SINDy (spike-slab),3.8323448325489755,2.267500580221629,0.07853372980622181,0.124209002789019,,1.5648442523273465,0.045675272982797194,1.3252462567450969,3.2667186926010627,0.1077399787950456,0.1447213143667558,0.9978273365493975,0.013366325186398112,0.009477365586605453,2.0,True,0.7999999999999999,0.07397674197759244,0.03,0.0
baseline,bistable,noise_growth,15,Kalman OU,2.8845151998919847,1.1366350829723442,0.056897368512693676,0.0858933901042124,0.037689889650443335,1.7478801169196405,0.028996021591518727,,,,,,,,,True,0.7999999999999999,0.07397674197759244,0.03,0.0
baseline,bistable,noise_growth,15,Latent Neural SDE (VI),4.631433963775635,2.8275339603424072,0.08171435288780149,0.12486594126530949,0.00828707921893761,1.8039000034332275,0.043151588377508,,,,,,,,,True,0.7999999999999999,0.07397674197759244,0.03,0.0
baseline,bistable,noise_growth,15,Moment OU,2.20586302195587,2.014023464401553,0.045160552649594,0.12320918975453869,,0.1918395575543168,0.0780486371049447,,,,,,,,,True,0.7999999999999999,0.07397674197759244,0.03,0.0
baseline,bistable,noise_growth,15,Neural SDE (Euler),4.675703048706055,2.7595372200012207,0.08394648167827568,0.12699227694788162,,1.916165828704834,0.043045795269605946,,,,,,,,,True,0.7999999999999999,0.07397674197759244,0.03,0.0
baseline,bistable,noise_growth,15,SINDy-STLSQ,4.154079166275489,2.705020448000675,0.0799022671948172,0.12626185521477873,,1.4490587182748138,0.046359588019961526,,,,,,,,4.0,True,0.7999999999999999,0.07397674197759244,0.03,0.0
baseline,bistable,noise_growth,16,Bayesian SINDy (spike-slab),2.6583234736850705,1.4379459463698552,0.08018421664852457,0.10436340006048365,,1.2203775273152153,0.024179183411959085,-0.0,2.4028903865674267,0.08892215978919975,0.1215185489147567,0.8925771249487509,0.01845429626672567,0.027668131043266,2.0,True,0.7999999999999999,0.07398734402665133,0.03,0.0
baseline,bistable,noise_growth,16,Kalman OU,0.45619263439708974,0.7566427761832196,0.02800409164939269,0.07344906511914667,0.02831852745191911,-0.3004501417861299,0.045444973469753985,,,,,,,,,True,0.7999999999999999,0.07398734402665133,0.03,0.0
baseline,bistable,noise_growth,16,Latent Neural SDE (VI),3.518221378326416,2.639084815979004,0.07932528597724006,0.10636715939248663,0.007762364827769343,0.8791365623474121,0.027041873415246567,,,,,,,,,True,0.7999999999999999,0.07398734402665133,0.03,0.0
baseline,bistable,noise_growth,16,Moment OU,,0.9531684649086553,,0.07739281175653769,,,,,,,,,,,,False,0.7999999999999999,0.07398734402665133,0.03,0.0
baseline,bistable,noise_growth,16,Neural SDE (Euler),3.4471614360809326,2.6070027351379395,0.08010616645491951,0.10909064652402489,,0.8401587009429932,0.02898448006910538,,,,,,,,,True,0.7999999999999999,0.07398734402665133,0.03,0.0
baseline,bistable,noise_growth,16,SINDy-STLSQ,3.2199300206621553,1.6525739448822694,0.07882141803117779,0.10445638800106988,,1.567356075779886,0.02563496996989209,,,,,,,,4.0,True,0.7999999999999999,0.07398734402665133,0.03,0.0
baseline,bistable,noise_growth,17,Bayesian SINDy (spike-slab),4.216269117552889,2.7332076416561266,0.07627928261264659,0.09568714815521162,,1.4830614758967622,0.01940786554256503,1.7071462504956763,3.6357897492686764,0.08299456345476303,0.11123729366575105,0.9976953197841066,0.010803350282026674,0.00901683375900648,2.0,True,0.7999999999999999,0.07395628108798392,0.03,0.0
baseline,bistable,noise_growth,17,Kalman OU,1.2976112348371305,1.9962427362971433,0.029177641711404394,0.08059133252948893,0.027410984617728215,-0.6986315014600128,0.05141369081808453,,,,,,,,,True,0.7999999999999999,0.07395628108798392,0.03,0.0
baseline,bistable,noise_growth,17,Latent Neural SDE (VI),5.237600803375244,2.961695671081543,0.07805394516728682,0.0981281619625609,0.005925295521970146,2.275905132293701,0.020074216795274075,,,,,,,,,True,0.7999999999999999,0.07395628108798392,0.03,0.0
baseline,bistable,noise_growth,17,Moment OU,2.703391710098668,1.6495906036021315,0.04264935582242449,0.07058983165760854,,1.0538011064965367,0.027940475835184053,,,,,,,,,True,0.7999999999999999,0.07395628108798392,0.03,0.0
baseline,bistable,noise_growth,17,Neural SDE (Euler),5.173749923706055,2.9430971145629883,0.07865898838444528,0.10000196015478029,,2.2306528091430664,0.021342971770335006,,,,,,,,,True,0.7999999999999999,0.07395628108798392,0.03,0.0
baseline,bistable,noise_growth,17,SINDy-STLSQ,4.20615034961523,2.3062408133285492,0.07717745973745392,0.09659188014172151,,1.899909536286681,0.019414420404267593,,,,,,,,4.0,True,0.7999999999999999,0.07395628108798392,0.03,0.0
baseline,bistable,noise_growth,18,Bayesian SINDy (spike-slab),3.6859970055078803,1.0891572378792338,0.08031068262537783,0.10399583475423324,,2.5968397676286465,0.023685152128855413,-0.0,2.1950375756927025,0.08882822492704003,0.12268926869229402,0.6605515254288794,0.03098003190224227,0.16429342766178512,2.0,True,0.7999999999999999,0.07426839218065111,0.03,0.0
baseline,bistable,noise_growth,18,Kalman OU,0.15667871542115697,0.6696979432063939,0.014703577474618895,0.07257149885665555,0.027446888106398996,-0.5130192277852369,0.057867921382036655,,,,,,,,,True,0.7999999999999999,0.07426839218065111,0.03,0.0
baseline,bistable,noise_growth,18,Latent Neural SDE (VI),4.521401405334473,1.9886832237243652,0.0843548505006167,0.11223687959034422,0.007830992927302124,2.5327181816101074,0.02788202908972752,,,,,,,,,True,0.7999999999999999,0.07426839218065111,0.03,0.0
baseline,bistable,noise_growth,18,Moment OU,2.0783480022591534,0.6264534527983879,0.04982736011005,0.06735412410035965,,1.4518945494607656,0.017526763990309654,,,,,,,,,True,0.7999999999999999,0.07426839218065111,0.03,0.0
baseline,bistable,noise_growth,18,Neural SDE (Euler),4.370573043823242,1.9946327209472656,0.08529056380466125,0.1146814017341696,,2.3759403228759766,0.02939083792950835,,,,,,,,,True,0.7999999999999999,0.07426839218065111,0.03,0.0
baseline,bistable,noise_growth,18,SINDy-STLSQ,3.802072787328869,1.343542654553724,0.08132049014723071,0.10263624075848912,,2.458530132775145,0.021315750611258413,,,,,,,,4.0,True,0.7999999999999999,0.07426839218065111,0.03,0.0
baseline,bistable,noise_growth,19,Bayesian SINDy (spike-slab),3.1965025967298457,1.8133156948212041,0.0870849304269535,0.09406995359534029,,1.3831869019086416,0.006985023168386784,0.7381836174956412,2.6258898634803556,0.08114648711553533,0.10971787354904253,0.9773908859828618,0.00928829675841582,0.005664122589646095,2.0,True,0.7999999999999999,0.07449818676170357,0.03,0.0
baseline,bistable,noise_growth,19,Kalman OU,1.063246311045468,1.4100216924353235,0.04259610562601116,0.08274759281976347,0.02290307879136694,-0.34677538138985553,0.04015148719375231,,,,,,,,,True,0.7999999999999999,0.07449818676170357,0.03,0.0
baseline,bistable,noise_growth,19,Latent Neural SDE (VI),4.2996392250061035,2.9576690196990967,0.08867254145310022,0.09437043813157167,0.006400091243670068,1.3419702053070068,0.0056978966784714535,,,,,,,,,True,0.7999999999999999,0.07449818676170357,0.03,0.0
baseline,bistable,noise_growth,19,Moment OU,1.6166028041639238,0.6031505559280672,0.05410465611568986,0.050336589353851054,,1.0134522482358566,-0.003768066761838808,,,,,,,,,True,0.7999999999999999,0.07449818676170357,0.03,0.0
baseline,bistable,noise_growth,19,Neural SDE (Euler),4.350530624389648,2.8516528606414795,0.09008583057728137,0.09509126813226737,,1.498877763748169,0.005005437554986003,,,,,,,,,True,0.7999999999999999,0.07449818676170357,0.03,0.0
baseline,bistable,noise_growth,19,SINDy-STLSQ,2.9992399906788485,1.8307841441439157,0.08840798191186892,0.0953332266017971,,1.1684558465349328,0.006925244689928181,,,,,,,,2.0,True,0.7999999999999999,0.07449818676170357,0.03,0.0
baseline,bistable,noise_growth,20,Bayesian SINDy (spike-slab),3.6067328782731147,1.9861468121588262,0.07572033550612071,0.10777296054408224,,1.6205860661142886,0.032052625037961524,1.024109001446729,2.8487140525915855,0.09127069008601861,0.1260830685100947,0.9508962411386754,0.012599986242148274,0.0512903821679834,2.0,True,0.7999999999999999,0.0741917516641585,0.03,0.0
baseline,bistable,noise_growth,20,Kalman OU,0.9424032184424889,1.2595032584572357,0.028958637008163556,0.08256286549277257,0.030060633734805952,-0.3171000400147468,0.053604228484609016,,,,,,,,,True,0.7999999999999999,0.0741917516641585,0.03,0.0
baseline,bistable,noise_growth,20,Latent Neural SDE (VI),5.327836513519287,2.123999834060669,0.07738887014829905,0.10917329213342694,0.0076068644260396355,3.203836679458618,0.03178442198512789,,,,,,,,,True,0.7999999999999999,0.0741917516641585,0.03,0.0
baseline,bistable,noise_growth,20,Moment OU,0.6746022916956611,1.1976793720810228,0.022643634518789674,0.08213393252116157,,-0.5230770803853617,0.05949029800237189,,,,,,,,,True,0.7999999999999999,0.0741917516641585,0.03,0.0
baseline,bistable,noise_growth,20,Neural SDE (Euler),5.320254325866699,2.1481826305389404,0.07874741963283796,0.11148538543933371,,3.172071695327759,0.03273796580649575,,,,,,,,,True,0.7999999999999999,0.0741917516641585,0.03,0.0
baseline,bistable,noise_growth,20,SINDy-STLSQ,3.627706762134012,1.5358247519826511,0.07695121284719446,0.10795195914815382,,2.091882010151361,0.031000746300959364,,,,,,,,4.0,True,0.7999999999999999,0.0741917516641585,0.03,0.0
baseline,bistable,noise_growth,21,Bayesian SINDy (spike-slab),4.909661606943108,2.209017716692172,0.07360928392705754,0.10634292712031428,,2.700643890250936,0.03273364319325674,1.2219659103761025,3.1540456080755486,0.09145818638152531,0.12436135509873865,0.990568654200411,0.019870389502462456,0.016544785113602547,2.0,True,0.7999999999999999,0.07430100521706155,0.03,0.0
baseline,bistable,noise_growth,21,Kalman OU,1.102244605529937,1.0079654653041201,0.011700590646461898,0.07064352881637344,0.032660498040315095,0.09427914022581696,0.05894293816991154,,,,,,,,,True,0.7999999999999999,0.07430100521706155,0.03,0.0
baseline,bistable,noise_growth,21,Latent Neural SDE (VI),5.564876556396484,2.398745536804199,0.08066047293811711,0.11736822172731419,0.007096953786480436,3.166131019592285,0.03670774878919708,,,,,,,,,True,0.7999999999999999,0.07430100521706155,0.03,0.0
baseline,bistable,noise_growth,21,Moment OU,13.190196998893105,1.5524318282417873,0.07450188796305354,0.08893485954976016,,11.637765170651319,0.014432971586706617,,,,,,,,,True,0.7999999999999999,0.07430100521706155,0.03,0.0
baseline,bistable,noise_growth,21,Neural SDE (Euler),5.69557523727417,2.4874792098999023,0.08159996411096546,0.11978470443794394,,3.2080960273742676,0.03818474032697848,,,,,,,,,True,0.7999999999999999,0.07430100521706155,0.03,0.0
baseline,bistable,noise_growth,21,SINDy-STLSQ,5.7564410191261155,2.41032966725126,0.07339480909971192,0.10701877640777817,,3.3461113518748555,0.033623967308066244,,,,,,,,3.0,True,0.7999999999999999,0.07430100521706155,0.03,0.0
baseline,bistable,noise_growth,22,Bayesian SINDy (spike-slab),2.272876809278708,1.7444667407532668,0.08154947134986809,0.10298189500898972,,0.5284100685254414,0.021432423659121624,0.4144934352555725,2.7089702150547037,0.08820390643357628,0.12000930568971493,0.8928909885629384,0.01022512839620308,0.09969093611250207,2.0,True,0.7999999999999999,0.07345602242959678,0.03,0.0
baseline,bistable,noise_growth,22,Kalman OU,0.677360568702699,1.5550978684985133,0.04028999869417889,0.0970828939709807,0.023056266108589445,-0.8777372997958143,0.056792895276801814,,,,,,,,,True,0.7999999999999999,0.07345602242959678,0.03,0.0
baseline,bistable,noise_growth,22,Latent Neural SDE (VI),2.8220064640045166,1.5240604877471924,0.08367334063383183,0.09751303418284224,0.007502637652856123,1.2979459762573242,0.013839693549010407,,,,,,,,,True,0.7999999999999999,0.07345602242959678,0.03,0.0
baseline,bistable,noise_growth,22,Moment OU,,0.8687613281671012,,0.06954674418828756,,,,,,,,,,,,False,0.7999999999999999,0.07345602242959678,0.03,0.0
baseline,bistable,noise_growth,22,Neural SDE (Euler),2.746628999710083,1.5111902952194214,0.08500065655595282,0.09960072434558341,,1.2354387044906616,0.014600067789630591,,,,,,,,,True,0.7999999999999999,0.07345602242959678,0.03,0.0
baseline,bistable,noise_growth,22,SINDy-STLSQ,2.7329534649368195,1.1297594726884876,0.0821297356725756,0.10395773459248933,,1.6031939922483318,0.02182799891991373,,,,,,,,4.0,True,0.7999999999999999,0.07345602242959678,0.03,0.0
baseline,bistable,noise_growth,23,Bayesian SINDy (spike-slab),2.437586089765974,2.922749566637196,0.09955574237697938,0.10745840583518235,,-0.4851634768712221,0.007902663458202966,1.8533840900741696,4.090002419892347,0.0930692774118722,0.12653655670901726,0.9942386140395203,0.0785830618096753,0.015418144290844215,2.0,True,0.7999999999999999,0.0743824458679946,0.03,0.0
baseline,bistable,noise_growth,23,Kalman OU,0.9463038896118677,1.4079432213745073,0.059791662404245584,0.07425517424907421,0.035059135841994216,-0.4616393317626396,0.014463511844828629,,,,,,,,,True,0.7999999999999999,0.0743824458679946,0.03,0.0
baseline,bistable,noise_growth,23,Latent Neural SDE (VI),3.3630433082580566,3.8628549575805664,0.10594767041981769,0.10917117315441739,0.006938666985392099,-0.49981164932250977,0.0032235027345997036,,,,,,,,,True,0.7999999999999999,0.0743824458679946,0.03,0.0
baseline,bistable,noise_growth,23,Moment OU,1.54794319898987,2.8640000371444505,0.07936058680106776,0.11320253846347307,,-1.3160568381545805,0.033841951662405306,,,,,,,,,True,0.7999999999999999,0.0743824458679946,0.03,0.0
baseline,bistable,noise_growth,23,Neural SDE (Euler),3.383760690689087,3.8982486724853516,0.10787759699203238,0.11196485252772682,,-0.5144879817962646,0.004087255535694445,,,,,,,,,True,0.7999999999999999,0.0743824458679946,0.03,0.0
baseline,bistable,noise_growth,23,SINDy-STLSQ,3.3839262742830765,3.3219760645449217,0.09964966175735217,0.10648314629329202,,0.06195020973815479,0.006833484535939849,,,,,,,,3.0,True,0.7999999999999999,0.0743824458679946,0.03,0.0
baseline,bistable,noise_growth,24,Bayesian SINDy (spike-slab),2.13787159126242,1.5910417546215911,0.08236480077341582,0.09402432404423877,,0.5468298366408288,0.011659523270822952,-0.0,4.164983289399728,0.08099779448722053,0.11161379806699152,0.31511629513497585,0.2586322842417328,0.6398555495783156,2.0,True,0.7999999999999999,0.0748638282737553,0.03,0.0
baseline,bistable,noise_growth,24,Kalman OU,0.7784965666750128,0.22689830840733363,0.044969450614925,0.036737107886518294,0.031217285670731783,0.5515982582676792,-0.008232342728406707,,,,,,,,,True,0.7999999999999999,0.0748638282737553,0.03,0.0
baseline,bistable,noise_growth,24,Latent Neural SDE (VI),1.9981474876403809,1.2489826679229736,0.08019446845440918,0.10895392857091071,0.007647608916070583,0.7491648197174072,0.02875946011650153,,,,,,,,,True,0.7999999999999999,0.0748638282737553,0.03,0.0
baseline,bistable,noise_growth,24,Moment OU,0.052074693594206474,0.3556584556245382,0.010861133620030569,0.04740946490681366,,-0.3035837620303317,0.03654833128678309,,,,,,,,,True,0.7999999999999999,0.0748638282737553,0.03,0.0
baseline,bistable,noise_growth,24,Neural SDE (Euler),2.052903652191162,1.4046812057495117,0.08186985578551019,0.11184922555382572,,0.6482224464416504,0.029979369768315528,,,,,,,,,True,0.7999999999999999,0.0748638282737553,0.03,0.0
baseline,bistable,noise_growth,24,SINDy-STLSQ,2.1419235350738943,2.585102900870931,0.08118963793891347,0.09179567358190542,,-0.4431793657970369,0.010606035642991951,,,,,,,,4.0,True,0.7999999999999999,0.0748638282737553,0.03,0.0
baseline,bistable,noise_growth,25,Bayesian SINDy (spike-slab),3.642794499308386,2.036912179168879,0.07171471939019443,0.09644514597395096,,1.6058823201395072,0.02473042658375653,0.6353959886988029,3.047488607577234,0.08311277580065655,0.11213389027145222,0.8948703263351161,0.015280251344185095,0.10865828489364197,2.0,True,0.7999999999999999,0.07414482529433844,0.03,0.0
baseline,bistable,noise_growth,25,Kalman OU,3.0000000000000004,1.87401323631836,0.058768285774769974,0.09426648711157544,0.021441396439284457,1.1259867636816405,0.035498201336805466,,,,,,,,,True,0.7999999999999999,0.07414482529433844,0.03,0.0
baseline,bistable,noise_growth,25,Latent Neural SDE (VI),4.278683185577393,2.4547088146209717,0.07660786835299739,0.09802340067505753,0.00637270087564047,1.823974370956421,0.021415532322060143,,,,,,,,,True,0.7999999999999999,0.07414482529433844,0.03,0.0
baseline,bistable,noise_growth,25,Moment OU,,1.1486746132632433,,0.06587995860798683,,,,,,,,,,,,False,0.7999999999999999,0.07414482529433844,0.03,0.0
baseline,bistable,noise_growth,25,Neural SDE (Euler),4.338457107543945,2.3218326568603516,0.07797719221146891,0.09928116806847688,,2.0166244506835938,0.021303975857007967,,,,,,,,,True,0.7999999999999999,0.07414482529433844,0.03,0.0
baseline,bistable,noise_growth,25,SINDy-STLSQ,3.1515247519888216,1.6934885313620263,0.07245926892066906,0.0974517082540945,,1.4580362206267954,0.02499243933342543,,,,,,,,4.0,True,0.7999999999999999,0.07414482529433844,0.03,0.0
baseline,bistable,noise_growth,26,Bayesian SINDy (spike-slab),2.252041334622063,1.8528602960732912,0.07378940190024288,0.11473641801505931,,0.39918103854877196,0.04094701611481642,0.47354027079842503,2.767646450433169,0.09936063190042288,0.13389853787718037,0.9530497265551883,0.01903179017895016,0.04468508924299223,2.0,True,0.7999999999999999,0.07460143901597056,0.03,0.0
baseline,bistable,noise_growth,26,Kalman OU,0.5532830347164438,0.5397774185380918,0.033964762116578215,0.05929366753010953,0.035518813708515465,0.013505616178351998,0.025328905413531312,,,,,,,,,True,0.7999999999999999,0.07460143901597056,0.03,0.0
baseline,bistable,noise_growth,26,Latent Neural SDE (VI),2.731855630874634,2.3702783584594727,0.07467062448501886,0.12275227558900899,0.007761318789799292,0.36157727241516113,0.048081651103990125,,,,,,,,,True,0.7999999999999999,0.07460143901597056,0.03,0.0
baseline,bistable,noise_growth,26,Moment OU,,1.3256472928743834,,0.0961653383183896,,,,,,,,,,,,False,0.7999999999999999,0.07460143901597056,0.03,0.0
baseline,bistable,noise_growth,26,Neural SDE (Euler),2.7236406803131104,2.3122031688690186,0.0756060422447531,0.127663291155714,,0.4114375114440918,0.052057248910960904,,,,,,,,,True,0.7999999999999999,0.07460143901597056,0.03,0.0
baseline,bistable,noise_growth,26,SINDy-STLSQ,2.1010490735215157,1.9528222110740823,0.0749057524504531,0.11569547124485453,,0.14822686244743344,0.040789718794401436,,,,,,,,3.0,True,0.7999999999999999,0.07460143901597056,0.03,0.0
baseline,bistable,noise_growth,27,Bayesian SINDy (spike-slab),3.4469524969382705,2.6908684182141744,0.07655204705081806,0.10621814083819647,,0.7560840787240961,0.029666093787378417,1.327481507391997,3.6901225131698245,0.09111064546378776,0.12438021003539747,0.9504194248074602,0.017427095632625664,0.06183523884666762,2.0,True,0.7999999999999999,0.07458299991906858,0.03,0.0
baseline,bistable,noise_growth,27,Kalman OU,2.1506547891659338,2.4515622433482136,0.05383776722721002,0.1039723642083883,0.027337859352729355,-0.3009074541822798,0.05013459698117828,,,,,,,,,True,0.7999999999999999,0.07458299991906858,0.03,0.0
baseline,bistable,noise_growth,27,Latent Neural SDE (VI),4.352865219116211,3.259291172027588,0.0808422215440678,0.11235223021217325,0.00685923781171006,1.093574047088623,0.03151000866810545,,,,,,,,,True,0.7999999999999999,0.07458299991906858,0.03,0.0
baseline,bistable,noise_growth,27,Moment OU,0.3264544697925601,2.326309258908884,0.016861198062423612,0.09791711320978282,,-1.9998547891163239,0.0810559151473592,,,,,,,,,True,0.7999999999999999,0.07458299991906858,0.03,0.0
baseline,bistable,noise_growth,27,Neural SDE (Euler),4.375578880310059,3.236644983291626,0.0815042194658798,0.11358896830247005,,1.1389338970184326,0.03208474883659025,,,,,,,,,True,0.7999999999999999,0.07458299991906858,0.03,0.0
baseline,bistable,noise_growth,27,SINDy-STLSQ,3.402160644741383,2.242047305313946,0.07761049418145892,0.10707385221679884,,1.1601133394274368,0.02946335803533992,,,,,,,,4.0,True,0.7999999999999999,0.07458299991906858,0.03,0.0
baseline,bistable,noise_growth,28,Bayesian SINDy (spike-slab),2.6350469427011136,1.9653886229023556,0.07785212548586228,0.09146177926988491,,0.669658319798758,0.013609653784022638,0.5094517901194551,3.075627053645427,0.07873554655201569,0.10669061496903931,0.8013839208825146,0.013128895474249305,0.21094468155368434,2.0,True,0.7999999999999999,0.07440768218448639,0.03,0.0
baseline,bistable,noise_growth,28,Kalman OU,0.6207011154281298,2.750313018528772,0.023361617570363463,0.11964338135725273,0.0010000000000000002,-2.1296119031006424,0.09628176378688927,,,,,,,,,True,0.7999999999999999,0.07440768218448639,0.03,0.0
baseline,bistable,noise_growth,28,Latent Neural SDE (VI),3.5810418128967285,3.378790855407715,0.0768146196033895,0.08746576458414797,0.006202510670984676,0.20225095748901367,0.010651144980758462,,,,,,,,,True,0.7999999999999999,0.07440768218448639,0.03,0.0
baseline,bistable,noise_growth,28,Moment OU,0.6687528592607561,0.7008623634361816,0.026433727081029045,0.04946256769409794,,-0.03210950417542546,0.023028840613068893,,,,,,,,,True,0.7999999999999999,0.07440768218448639,0.03,0.0
baseline,bistable,noise_growth,28,Neural SDE (Euler),3.484952926635742,3.4722790718078613,0.0760667944231912,0.08740768867526377,,0.01267385482788086,0.011340894252072575,,,,,,,,,True,0.7999999999999999,0.07440768218448639,0.03,0.0
baseline,bistable,noise_growth,28,SINDy-STLSQ,1.6833151787618623,1.4041860366365233,0.07750441635926592,0.09188930101430867,,0.279129142125339,0.014384884655042757,,,,,,,,4.0,True,0.7999999999999999,0.07440768218448639,0.03,0.0
baseline,bistable,noise_growth,29,Bayesian SINDy (spike-slab),2.9526360446568445,0.554854940876737,0.08577310915136067,0.10821158736617577,,2.3977811037801073,0.022438478214815094,-0.0,1.5943144192599195,0.0924887739885556,0.12673965007793475,0.516477585715544,0.0164886495216695,0.021118202751560095,2.0,True,0.7999999999999999,0.07276096560192527,0.03,0.0
baseline,bistable,noise_growth,29,Kalman OU,2.4220253469759405,0.9096534918770292,0.07451808990116351,0.10335274971933434,0.017150958204377564,1.5123718550989114,0.02883465981817082,,,,,,,,,True,0.7999999999999999,0.07276096560192527,0.03,0.0
baseline,bistable,noise_growth,29,Latent Neural SDE (VI),3.791469097137451,1.2804228067398071,0.08693533908574076,0.10966178287302891,0.008885471599767209,2.511046290397644,0.02272644378728815,,,,,,,,,True,0.7999999999999999,0.07276096560192527,0.03,0.0
baseline,bistable,noise_growth,29,Moment OU,1.2434958181865812,0.375369618321967,0.04715257463466351,0.06464497447562395,,0.8681261998646141,0.01749239984096044,,,,,,,,,True,0.7999999999999999,0.07276096560192527,0.03,0.0
baseline,bistable,noise_growth,29,Neural SDE (Euler),3.660935878753662,1.354362964630127,0.08887799183935861,0.11948356435792974,,2.306572914123535,0.030605572518571128,,,,,,,,,True,0.7999999999999999,0.07276096560192527,0.03,0.0
baseline,bistable,noise_growth,29,SINDy-STLSQ,2.6928457220828412,1.2280412242968026,0.08658898726561896,0.10652526126444957,,1.4648044977860386,0.019936273998830606,,,,,,,,3.0,True,0.7999999999999999,0.07276096560192527,0.03,0.0
baseline,bistable,stability_loss,0,Bayesian SINDy (spike-slab),3.127992075661274,4.484046112375755,0.07160950796260222,0.08161027911603683,,-1.356054036714481,0.010000771153434604,3.40945784979069,5.7330902098101655,0.07013488556217616,0.09505022551428706,0.9999992678181824,0.02645091965862307,0.011026037922469575,2.0,True,0.13477304687499997,0.02980357593375867,0.03,0.0
baseline,bistable,stability_loss,0,Kalman OU,2.5115295442273275,0.7363777017861766,0.06107225216766856,0.021719196199152236,0.03245053958197121,1.775151842441151,-0.03935305596851632,,,,,,,,,True,0.13477304687499997,0.02980357593375867,0.03,0.0
baseline,bistable,stability_loss,0,Latent Neural SDE (VI),4.3732147216796875,5.476454734802246,0.07455670801612993,0.07824123132073256,0.004855394484353451,-1.1032400131225586,0.00368452330460263,,,,,,,,,True,0.13477304687499997,0.02980357593375867,0.03,0.0
baseline,bistable,stability_loss,0,Moment OU,,6.0911186539481275,,0.07739972377065431,,,,,,,,,,,,False,0.13477304687499997,0.02980357593375867,0.03,0.0
baseline,bistable,stability_loss,0,Neural SDE (Euler),4.308579921722412,5.3928608894348145,0.07570081519654921,0.07982722025529428,,-1.0842809677124023,0.004126405058745064,,,,,,,,,True,0.13477304687499997,0.02980357593375867,0.03,0.0
baseline,bistable,stability_loss,0,SINDy-STLSQ,3.9984663757062426,5.281756933939523,0.07147112762987785,0.08119637438502754,,-1.28329055823328,0.009725246755149686,,,,,,,,4.0,True,0.13477304687499997,0.02980357593375867,0.03,0.0
baseline,bistable,stability_loss,1,Bayesian SINDy (spike-slab),3.8154646005870005,2.2454374333311575,0.08002270666805167,0.09535332271987769,,1.570027167255843,0.015330616051826021,0.1416721743152957,4.02356150246915,0.08268122513804273,0.11113101067203375,0.9999953437321205,0.987333275916385,0.9999852103127284,4.0,True,0.13477304687499997,0.027477244678095127,0.03,0.0
baseline,bistable,stability_loss,1,Kalman OU,2.1549093435208584,0.02,0.0498902802400196,0.13977665288315094,0.0010000000000000002,2.1349093435208584,0.08988637264313135,,,,,,,,,True,0.13477304687499997,0.027477244678095127,0.03,0.0
baseline,bistable,stability_loss,1,Latent Neural SDE (VI),4.4597296714782715,0.49171966314315796,0.0854653275617409,0.13205854813529896,0.04295764218571735,3.9680100083351135,0.04659322057355807,,,,,,,,,True,0.13477304687499997,0.027477244678095127,0.03,0.0
baseline,bistable,stability_loss,1,Moment OU,2.216584449976124,0.21326351890119952,0.048712104615005115,0.38535568546363835,,2.0033209310749247,0.3366435808486332,,,,,,,,,True,0.13477304687499997,0.027477244678095127,0.03,0.0
baseline,bistable,stability_loss,1,Neural SDE (Euler),4.461963653564453,0.5384774208068848,0.08679323866995098,0.09928525133844492,,3.9234862327575684,0.012492012668493938,,,,,,,,,True,0.13477304687499997,0.027477244678095127,0.03,0.0
baseline,bistable,stability_loss,1,SINDy-STLSQ,4.654633233028027,3.4578851713530065,0.0797460089762156,0.09438101968441591,,1.1967480616750201,0.014635010708200308,,,,,,,,4.0,True,0.13477304687499997,0.027477244678095127,0.03,0.0
baseline,bistable,stability_loss,2,Bayesian SINDy (spike-slab),3.4431770317451673,1.6207350826418088,0.07448286342192742,0.08118064298203652,,1.8224419491033585,0.006697779560109099,0.18785321385755915,2.8692399092420606,0.07060207459526395,0.09527460450542603,0.5133720351141099,0.01695298339802334,0.49073073929097855,2.0,True,0.13477304687499997,0.030364465103118653,0.03,0.0
baseline,bistable,stability_loss,2,Kalman OU,1.3881518673807178,0.28757083885682116,0.036590117049728754,0.031393333156881725,0.026912896850592994,1.1005810285238966,-0.005196783892847029,,,,,,,,,True,0.13477304687499997,0.030364465103118653,0.03,0.0
baseline,bistable,stability_loss,2,Latent Neural SDE (VI),3.468571186065674,1.975535273551941,0.08145011532145444,0.08111207761409224,0.005584046534282684,1.493035912513733,-0.00033803770736219596,,,,,,,,,True,0.13477304687499997,0.030364465103118653,0.03,0.0
baseline,bistable,stability_loss,2,Moment OU,,0.013469059571681602,,0.005715810778271518,,,,,,,,,,,,False,0.13477304687499997,0.030364465103118653,0.03,0.0
baseline,bistable,stability_loss,2,Neural SDE (Euler),3.352694272994995,1.9581925868988037,0.08368030698284867,0.08345260862347849,,1.3945016860961914,-0.0002276983593701848,,,,,,,,,True,0.13477304687499997,0.030364465103118653,0.03,0.0
baseline,bistable,stability_loss,2,SINDy-STLSQ,3.813287516174408,0.7992411465634646,0.0752698015611177,0.08080409508295223,,3.014046369610943,0.00553429352183453,,,,,,,,4.0,True,0.13477304687499997,0.030364465103118653,0.03,0.0
baseline,bistable,stability_loss,3,Bayesian SINDy (spike-slab),3.182147928257823,2.3289056229016913,0.08238334809758278,0.09506759324654392,,0.8532423053561318,0.012684245148961132,1.405100324910139,3.19239872411732,0.08163923826151369,0.11146450030305972,0.9885005684297292,0.01917185523721869,0.017469765672366643,2.0,True,0.13477304687499997,0.03044726611674049,0.03,0.0
baseline,bistable,stability_loss,3,Kalman OU,0.13255300102063164,1.4999897593355445,0.014829254560999691,0.07478568426750822,0.026855607147242926,-1.3674367583149127,0.059956429706508524,,,,,,,,,True,0.13477304687499997,0.03044726611674049,0.03,0.0
baseline,bistable,stability_loss,3,Latent Neural SDE (VI),3.5157885551452637,2.714719295501709,0.08714293924319476,0.09676418938761427,0.006121264559025406,0.8010692596435547,0.009621250144419516,,,,,,,,,True,0.13477304687499997,0.03044726611674049,0.03,0.0
baseline,bistable,stability_loss,3,Moment OU,1.1642862239171716,1.0391447334075865,0.041437117389864456,0.06029704863222029,,0.12514149050958512,0.018859931242355833,,,,,,,,,True,0.13477304687499997,0.03044726611674049,0.03,0.0
baseline,bistable,stability_loss,3,Neural SDE (Euler),3.434748411178589,2.744563102722168,0.08841001175484918,0.098413469229351,,0.6901853084564209,0.01000345747450182,,,,,,,,,True,0.13477304687499997,0.03044726611674049,0.03,0.0
baseline,bistable,stability_loss,3,SINDy-STLSQ,3.1154687886246974,2.262014334251705,0.08242006412254918,0.09585387814342088,,0.8534544543729923,0.013433814020871696,,,,,,,,4.0,True,0.13477304687499997,0.03044726611674049,0.03,0.0
baseline,bistable,stability_loss,4,Bayesian SINDy (spike-slab),3.0338938558611996,2.5901095442686404,0.0841071517075972,0.081176358639353,,0.44378431159255927,-0.002930793068244189,1.5551420711692132,3.6545993012158458,0.06978655206313182,0.09494433840665735,0.978506453364249,0.011994914322729342,0.031129530775836543,2.0,True,0.13477304687499997,0.0304102147720857,0.03,0.0
baseline,bistable,stability_loss,4,Kalman OU,1.8088282646075307,0.3355711428158472,0.059393102423628,0.022746366034263478,0.030342253274746097,1.4732571217916834,-0.03664673638936452,,,,,,,,,True,0.13477304687499997,0.0304102147720857,0.03,0.0
baseline,bistable,stability_loss,4,Latent Neural SDE (VI),4.051486492156982,3.129121780395508,0.08798484745112466,0.08032944028190539,0.005298597415752264,0.9223647117614746,-0.0076554071692192666,,,,,,,,,True,0.13477304687499997,0.0304102147720857,0.03,0.0
baseline,bistable,stability_loss,4,Moment OU,1.1256060126772158,0.12979056812224343,0.04344741647497743,0.01500529386035676,,0.9958154445549724,-0.028442122614620667,,,,,,,,,True,0.13477304687499997,0.0304102147720857,0.03,0.0
baseline,bistable,stability_loss,4,Neural SDE (Euler),4.034913063049316,3.122530937194824,0.08980723902030252,0.08214939888544795,,0.9123821258544922,-0.007657840134854571,,,,,,,,,True,0.13477304687499997,0.0304102147720857,0.03,0.0
baseline,bistable,stability_loss,4,SINDy-STLSQ,3.3077757815217117,2.267012324555669,0.08571646255319715,0.08211729562517184,,1.0407634569660429,-0.0035991669280253102,,,,,,,,4.0,True,0.13477304687499997,0.0304102147720857,0.03,0.0
baseline,bistable,stability_loss,5,Bayesian SINDy (spike-slab),3.211768635952985,2.2774758730749562,0.07320625690977431,0.0983491407142095,,0.9342927628780289,0.02514288380443519,0.43357984667603583,3.454981575359517,0.08415038642308277,0.11529813135153233,0.7198119423977395,0.021918651226783416,0.29947388160889227,2.0,True,0.13477304687499997,0.030228016492773912,0.03,0.0
baseline,bistable,stability_loss,5,Kalman OU,3.0000000000000004,0.42394547096748697,0.07311069664191552,0.03444888361032441,0.03326180954490668,2.5760545290325134,-0.038661813031591115,,,,,,,,,True,0.13477304687499997,0.030228016492773912,0.03,0.0
baseline,bistable,stability_loss,5,Latent Neural SDE (VI),4.360230445861816,3.079298496246338,0.07147445622242952,0.10772497692945686,0.0064320763569010505,1.2809319496154785,0.036250520707027334,,,,,,,,,True,0.13477304687499997,0.030228016492773912,0.03,0.0
baseline,bistable,stability_loss,5,Moment OU,,1.4596499636960674,,0.07182691383681244,,,,,,,,,,,,False,0.13477304687499997,0.030228016492773912,0.03,0.0
baseline,bistable,stability_loss,5,Neural SDE (Euler),4.327625274658203,3.246602773666382,0.07275982126802329,0.10904911463544266,,1.0810225009918213,0.03628929336741937,,,,,,,,,True,0.13477304687499997,0.030228016492773912,0.03,0.0
baseline,bistable,stability_loss,5,SINDy-STLSQ,3.283332463131927,1.630182239591761,0.07366474918715583,0.09851978773674551,,1.6531502235401663,0.024855038549589675,,,,,,,,4.0,True,0.13477304687499997,0.030228016492773912,0.03,0.0
baseline,bistable,stability_loss,6,Bayesian SINDy (spike-slab),3.0148622988886156,3.4113759292881793,0.08257172880748595,0.08837670725548129,,-0.3965136303995638,0.005804978447995338,2.5211431527681096,4.245830797370611,0.07526577564532254,0.10451374593694017,0.9979839243218221,0.9999999991550339,0.9997069392624152,4.0,True,0.13477304687499997,0.024461116573912207,0.03,0.0
baseline,bistable,stability_loss,6,Kalman OU,1.0547947004033884,0.02,0.04067491443970215,0.13621564812832157,0.0010000000000000002,1.0347947004033884,0.09554073368861943,,,,,,,,,True,0.13477304687499997,0.024461116573912207,0.03,0.0
baseline,bistable,stability_loss,6,Latent Neural SDE (VI),4.184953212738037,0.7451255321502686,0.08540943468354677,0.1850224932650658,0.050917733278417185,3.4398276805877686,0.09961305858151905,,,,,,,,,True,0.13477304687499997,0.024461116573912207,0.03,0.0
baseline,bistable,stability_loss,6,Moment OU,0.8853472931270108,0.09183800201948666,0.03691328245952341,0.3150343297054889,,0.7935092911075241,0.2781210472459655,,,,,,,,,True,0.13477304687499997,0.024461116573912207,0.03,0.0
baseline,bistable,stability_loss,6,Neural SDE (Euler),4.165122985839844,0.5893821716308594,0.08701296324143087,0.19345022547055318,,3.5757408142089844,0.10643726222912231,,,,,,,,,True,0.13477304687499997,0.024461116573912207,0.03,0.0
baseline,bistable,stability_loss,6,SINDy-STLSQ,2.6477663444866537,3.551496412828386,0.0837506737673428,0.08395785257719826,,-0.9037300683417322,0.00020717880985546278,,,,,,,,4.0,True,0.13477304687499997,0.024461116573912207,0.03,0.0
baseline,bistable,stability_loss,7,Bayesian SINDy (spike-slab),2.4778468865063745,1.3711950963986883,0.08373323992441709,0.10220843956989664,,1.1066517901076862,0.018475199645479556,0.16484635123825211,3.5981865953070784,0.08849281303412472,0.1189212142099555,0.9999560300373024,0.4938778141448036,0.9981786798644882,3.0,True,0.13477304687499997,0.02723459767266182,0.03,0.0
baseline,bistable,stability_loss,7,Kalman OU,1.2053269723600093,0.02,0.055102114010013824,0.13848185676308583,0.0010000000000000002,1.1853269723600093,0.083379742753072,,,,,,,,,True,0.13477304687499997,0.02723459767266182,0.03,0.0
baseline,bistable,stability_loss,7,Latent Neural SDE (VI),3.6074423789978027,-0.11582250148057938,0.08674471750824533,0.158881318394144,0.04275663059224611,3.723264880478382,0.07213660088589866,,,,,,,,,True,0.13477304687499997,0.02723459767266182,0.03,0.0
baseline,bistable,stability_loss,7,Moment OU,0.5243485194528784,0.17031441134653408,0.03257341537290122,0.3489107943949285,,0.35403410810634434,0.3163373790220273,,,,,,,,,True,0.13477304687499997,0.02723459767266182,0.03,0.0
baseline,bistable,stability_loss,7,Neural SDE (Euler),3.6327762603759766,1.4048066139221191,0.08841096934434048,0.11875327004678748,,2.2279696464538574,0.030342300702447006,,,,,,,,,True,0.13477304687499997,0.02723459767266182,0.03,0.0
baseline,bistable,stability_loss,7,SINDy-STLSQ,2.4653106550524777,3.109079246286083,0.08465687504667485,0.10002224814702503,,-0.6437685912336053,0.015365373100350174,,,,,,,,4.0,True,0.13477304687499997,0.02723459767266182,0.03,0.0
baseline,bistable,stability_loss,8,Bayesian SINDy (spike-slab),2.9436347589943934,3.1687737891369743,0.07173109420170531,0.08293548851787247,,-0.22513903014258085,0.011204394316167154,2.10817167454875,4.309320328702163,0.07210727330548869,0.09581953687363737,0.9993742231183425,0.0140578556865947,0.022979384362260994,2.0,True,0.13477304687499997,0.02986131054104344,0.03,0.0
baseline,bistable,stability_loss,8,Kalman OU,0.4067280952112308,3.0000000000000004,0.019791079256306868,0.08912342316982398,0.020725275479425317,-2.59327190478877,0.06933234391351711,,,,,,,,,True,0.13477304687499997,0.02986131054104344,0.03,0.0
baseline,bistable,stability_loss,8,Latent Neural SDE (VI),3.9310007095336914,4.494175910949707,0.07210300583614912,0.08813147427930206,0.00480139601446364,-0.5631752014160156,0.016028468443152935,,,,,,,,,True,0.13477304687499997,0.02986131054104344,0.03,0.0
baseline,bistable,stability_loss,8,Moment OU,,1.2904416934720064,,0.044358927567160304,,,,,,,,,,,,False,0.13477304687499997,0.02986131054104344,0.03,0.0
baseline,bistable,stability_loss,8,Neural SDE (Euler),3.9469425678253174,4.377082824707031,0.07325254154423,0.08831566753085136,,-0.43014025688171387,0.015063125986621365,,,,,,,,,True,0.13477304687499997,0.02986131054104344,0.03,0.0
baseline,bistable,stability_loss,8,SINDy-STLSQ,2.3020008626747726,4.210570253489074,0.072321552458347,0.08339383525244534,,-1.9085693908143013,0.011072282794098345,,,,,,,,4.0,True,0.13477304687499997,0.02986131054104344,0.03,0.0
baseline,bistable,stability_loss,9,Bayesian SINDy (spike-slab),4.475881793940924,1.893845828031093,0.08719659803774164,0.07570961566798917,,2.5820359659098306,-0.011486982369752471,0.7981951716634634,2.794170546491518,0.06545958673908199,0.08826792565923111,0.9849202064128659,0.019089796183733635,0.011935349850838035,2.0,True,0.13477304687499997,0.029992588760604965,0.03,0.0
baseline,bistable,stability_loss,9,Kalman OU,0.8794275914294879,0.42792987846952807,0.023272250637720048,0.03466208267783614,0.025672294569311947,0.45149771295995983,0.01138983204011609,,,,,,,,,True,0.13477304687499997,0.029992588760604965,0.03,0.0
baseline,bistable,stability_loss,9,Latent Neural SDE (VI),5.786887168884277,3.084562063217163,0.09024658312145431,0.07513671144153464,0.005213480129225927,2.7023251056671143,-0.015109871679919673,,,,,,,,,True,0.13477304687499997,0.029992588760604965,0.03,0.0
baseline,bistable,stability_loss,9,Moment OU,7.247600756955002,,0.09988423027798438,,,,,,,,,,,,,False,0.13477304687499997,0.029992588760604965,0.03,0.0
baseline,bistable,stability_loss,9,Neural SDE (Euler),5.675772666931152,3.1889166831970215,0.09091822535767836,0.07539887260227011,,2.486855983734131,-0.01551935275540825,,,,,,,,,True,0.13477304687499997,0.029992588760604965,0.03,0.0
baseline,bistable,stability_loss,9,SINDy-STLSQ,4.542843485295136,2.5873381461381326,0.08824283913084482,0.07596968069019264,,1.9555053391570034,-0.012273158440652188,,,,,,,,4.0,True,0.13477304687499997,0.029992588760604965,0.03,0.0
baseline,bistable,stability_loss,10,Bayesian SINDy (spike-slab),3.3791022978334913,1.5417899360513974,0.06973244913294924,0.08830338352785201,,1.837312361782094,0.018570934394902774,0.10490217425852852,3.479128421400763,0.07580099858454041,0.1039690769877643,0.9999998212007454,0.4334435187682732,0.999980881980315,3.0,True,0.13477304687499997,0.02724908118617833,0.03,0.0
baseline,bistable,stability_loss,10,Kalman OU,2.0170484870793484,0.02,0.04375986741715008,0.12980328726399015,0.0010000000000000002,1.9970484870793483,0.08604341984684008,,,,,,,,,True,0.13477304687499997,0.02724908118617833,0.03,0.0
baseline,bistable,stability_loss,10,Latent Neural SDE (VI),4.23283576965332,0.727118730545044,0.07374100929758817,0.15577569437746558,0.04693429774175505,3.5057170391082764,0.0820346850798774,,,,,,,,,True,0.13477304687499997,0.02724908118617833,0.03,0.0
baseline,bistable,stability_loss,10,Moment OU,,0.1468500258891379,,0.370350023543261,,,,,,,,,,,,False,0.13477304687499997,0.02724908118617833,0.03,0.0
baseline,bistable,stability_loss,10,Neural SDE (Euler),4.2598557472229,0.6355727314949036,0.07509362907997652,0.13517999515641185,,3.624283015727997,0.06008636607643533,,,,,,,,,True,0.13477304687499997,0.02724908118617833,0.03,0.0
baseline,bistable,stability_loss,10,SINDy-STLSQ,2.419095300560108,3.0196883164958694,0.06994672983687698,0.08350494472662656,,-0.6005930159357615,0.013558214889749579,,,,,,,,4.0,True,0.13477304687499997,0.02724908118617833,0.03,0.0
baseline,bistable,stability_loss,11,Bayesian SINDy (spike-slab),5.090395912635139,2.080745906440679,0.07161979311676885,0.08016947912023355,,3.00965000619446,0.008549686003464702,0.9908877767761691,3.066643816622467,0.06879599804839588,0.09311693846002551,0.9685930185833072,0.019960498830788403,0.037050029004822835,2.0,True,0.13477304687499997,0.030383079475410246,0.03,0.0
baseline,bistable,stability_loss,11,Kalman OU,1.2282065261207324,0.33532953868061505,0.01914165729516645,0.02818623442839398,0.027400957355619784,0.8928769874401175,0.009044577133227531,,,,,,,,,True,0.13477304687499997,0.030383079475410246,0.03,0.0
baseline,bistable,stability_loss,11,Latent Neural SDE (VI),5.248659610748291,3.2786853313446045,0.07803771642187211,0.08269263794934155,0.005438226317302355,1.9699742794036865,0.0046549215274694355,,,,,,,,,True,0.13477304687499997,0.030383079475410246,0.03,0.0
baseline,bistable,stability_loss,11,Moment OU,,,,,,,,,,,,,,,,False,0.13477304687499997,0.030383079475410246,0.03,0.0
baseline,bistable,stability_loss,11,Neural SDE (Euler),5.226454734802246,3.1726043224334717,0.07892444068924183,0.08466430325810814,,2.0538504123687744,0.0057398625688663135,,,,,,,,,True,0.13477304687499997,0.030383079475410246,0.03,0.0
baseline,bistable,stability_loss,11,SINDy-STLSQ,5.099190347502646,2.171818126126508,0.07290374206920842,0.0808269555398595,,2.9273722213761384,0.007923213470651072,,,,,,,,3.0,True,0.13477304687499997,0.030383079475410246,0.03,0.0
baseline,bistable,stability_loss,12,Bayesian SINDy (spike-slab),4.111071387962588,2.3401780114073683,0.07859150854672695,0.10059005217586875,,1.77089337655522,0.021998543629141804,1.3243126111620627,3.2964384785805,0.0866180611262591,0.1172136408737272,0.9793651208733443,0.00960604053793279,0.028314783755819983,2.0,True,0.13477304687499997,0.029995926106267355,0.03,0.0
baseline,bistable,stability_loss,12,Kalman OU,0.34399865033117455,0.25428920791894316,0.016749560193146183,0.02754736150425275,0.0363795585044735,0.08970944241223139,0.010797801311106567,,,,,,,,,True,0.13477304687499997,0.029995926106267355,0.03,0.0
baseline,bistable,stability_loss,12,Latent Neural SDE (VI),4.047281742095947,2.573781728744507,0.08595439770694939,0.10299478115805544,0.00721822041059764,1.4735000133514404,0.017040383451106048,,,,,,,,,True,0.13477304687499997,0.029995926106267355,0.03,0.0
baseline,bistable,stability_loss,12,Moment OU,2.9869459618113017,1.406218103184922,0.0506526331604122,0.07508343116143318,,1.5807278586263798,0.02443079800102098,,,,,,,,,True,0.13477304687499997,0.029995926106267355,0.03,0.0
baseline,bistable,stability_loss,12,Neural SDE (Euler),4.074273109436035,2.560136556625366,0.08738334012603229,0.10571845517953113,,1.514136552810669,0.018335115053498843,,,,,,,,,True,0.13477304687499997,0.029995926106267355,0.03,0.0
baseline,bistable,stability_loss,12,SINDy-STLSQ,4.107511129624977,1.8215005756518983,0.07971982280547588,0.1015067357436369,,2.286010553973079,0.021786912938161027,,,,,,,,3.0,True,0.13477304687499997,0.029995926106267355,0.03,0.0
baseline,bistable,stability_loss,13,Bayesian SINDy (spike-slab),3.919117067471434,1.3104142260364176,0.06658351326976321,0.09238325820118458,,2.608702841435017,0.02579974493142137,0.08674636327549747,2.479604666373537,0.08030784923427702,0.10803034306154352,0.4286997889188388,0.0291198782315116,0.5771690957241046,2.0,True,0.13477304687499997,0.029612928398463946,0.03,0.0
baseline,bistable,stability_loss,13,Kalman OU,0.26518805437984777,0.14424511857284988,0.010000000000000005,0.025697114274016285,0.032952402467489754,0.12094293580699789,0.01569711427401628,,,,,,,,,True,0.13477304687499997,0.029612928398463946,0.03,0.0
baseline,bistable,stability_loss,13,Latent Neural SDE (VI),4.887409210205078,1.4913909435272217,0.06947081674266016,0.08531513852996223,0.006672267766718212,3.3960182666778564,0.015844321787302065,,,,,,,,,True,0.13477304687499997,0.029612928398463946,0.03,0.0
baseline,bistable,stability_loss,13,Moment OU,,0.5885992000141214,,0.05047723978262314,,,,,,,,,,,,False,0.13477304687499997,0.029612928398463946,0.03,0.0
baseline,bistable,stability_loss,13,Neural SDE (Euler),4.869424819946289,1.5114492177963257,0.07039205712970242,0.08959060503179905,,3.3579756021499634,0.01919854790209663,,,,,,,,,True,0.13477304687499997,0.029612928398463946,0.03,0.0
baseline,bistable,stability_loss,13,SINDy-STLSQ,3.9356222718339,1.1319789187195983,0.06707128605672509,0.09113344325268487,,2.8036433531143015,0.024062157195959777,,,,,,,,4.0,True,0.13477304687499997,0.029612928398463946,0.03,0.0
baseline,bistable,stability_loss,14,Bayesian SINDy (spike-slab),4.617466482585072,3.9758081774286613,0.07747403223110572,0.07515062068806136,,0.6416583051564104,-0.002323411543044357,2.902673829144289,4.927807496104928,0.06438608703015554,0.08815294327214526,0.9998727068313816,0.013473636596280631,0.007406606192556231,2.0,True,0.13477304687499997,0.030141009399157738,0.03,0.0
baseline,bistable,stability_loss,14,Kalman OU,1.274652339147967,1.3833536445963976,0.0254414713360704,0.033480117211945735,0.028890698737293427,-0.10870130544843071,0.008038645875875335,,,,,,,,,True,0.13477304687499997,0.030141009399157738,0.03,0.0
baseline,bistable,stability_loss,14,Latent Neural SDE (VI),4.973546028137207,4.484847068786621,0.08293393653406303,0.0795212611960939,0.004443409267038513,0.48869895935058594,-0.003412675337969129,,,,,,,,,True,0.13477304687499997,0.030141009399157738,0.03,0.0
baseline,bistable,stability_loss,14,Moment OU,6.236642924772988,1.6016352370627154,0.06709734668543636,0.03307203834952768,,4.635007687710273,-0.03402530833590868,,,,,,,,,True,0.13477304687499997,0.030141009399157738,0.03,0.0
baseline,bistable,stability_loss,14,Neural SDE (Euler),4.952670097351074,4.533454895019531,0.08345282758894824,0.08057406162978811,,0.41921520233154297,-0.0028787659591601317,,,,,,,,,True,0.13477304687499997,0.030141009399157738,0.03,0.0
baseline,bistable,stability_loss,14,SINDy-STLSQ,4.588621550201808,3.5730026903767014,0.07887973119875197,0.07564285013575571,,1.015618859825107,-0.003236881062996258,,,,,,,,4.0,True,0.13477304687499997,0.030141009399157738,0.03,0.0
baseline,bistable,stability_loss,15,Bayesian SINDy (spike-slab),3.1041387942497916,2.468410485087605,0.08430117980792588,0.09620758456733153,,0.6357283091621864,0.011906404759405645,0.1532617980388724,3.5219017695854387,0.08272700285738672,0.1132624028981981,0.9999974363147073,0.0473069338452495,0.9999202890243764,3.0,True,0.13477304687499997,0.026103825071919596,0.03,0.0
baseline,bistable,stability_loss,15,Kalman OU,0.8932762405084055,0.02,0.03928433351247747,0.13339591757082797,0.0010000000000000002,0.8732762405084055,0.0941115840583505,,,,,,,,,True,0.13477304687499997,0.026103825071919596,0.03,0.0
baseline,bistable,stability_loss,15,Latent Neural SDE (VI),3.547858238220215,1.1943434476852417,0.08578384402387418,0.15605175946958627,0.05079212798989113,2.353514790534973,0.07026791544571209,,,,,,,,,True,0.13477304687499997,0.026103825071919596,0.03,0.0
baseline,bistable,stability_loss,15,Moment OU,1.1995017423753043,0.10612437161005252,0.044576099916839154,0.3405481995824664,,1.0933773707652517,0.29597209966562726,,,,,,,,,True,0.13477304687499997,0.026103825071919596,0.03,0.0
baseline,bistable,stability_loss,15,Neural SDE (Euler),3.4645915031433105,1.7156596183776855,0.08760610192956622,0.12161160308989484,,1.748931884765625,0.03400550116032862,,,,,,,,,True,0.13477304687499997,0.026103825071919596,0.03,0.0
baseline,bistable,stability_loss,15,SINDy-STLSQ,3.2569491082011055,2.9143876330745195,0.08524094270512925,0.09331204018601066,,0.34256147512658597,0.008071097480881417,,,,,,,,3.0,True,0.13477304687499997,0.026103825071919596,0.03,0.0
baseline,bistable,stability_loss,16,Bayesian SINDy (spike-slab),3.2761891503167595,3.22571567828805,0.08521148509813688,0.09649383856571404,,0.050473472028709665,0.011282353467577166,2.1015562582280367,4.286962188183121,0.08337228786923144,0.11335553348029473,0.9938157130086119,0.021395343493119594,0.016447546530959947,2.0,True,0.13477304687499997,0.030293288025629066,0.03,0.0
baseline,bistable,stability_loss,16,Kalman OU,0.24982530320902485,0.29642225730902544,0.019639476244056726,0.022795775502739323,0.03424654838336639,-0.04659695410000059,0.0031562992586825975,,,,,,,,,True,0.13477304687499997,0.030293288025629066,0.03,0.0
baseline,bistable,stability_loss,16,Latent Neural SDE (VI),3.890986919403076,3.3010706901550293,0.08471792899587569,0.10071567853262292,0.005727569034521672,0.5899162292480469,0.015997749536747236,,,,,,,,,True,0.13477304687499997,0.030293288025629066,0.03,0.0
baseline,bistable,stability_loss,16,Moment OU,1.4363175310865457,2.6270751966826813,0.049716815912384575,0.08232453475403537,,-1.1907576655961356,0.03260771884165079,,,,,,,,,True,0.13477304687499997,0.030293288025629066,0.03,0.0
baseline,bistable,stability_loss,16,Neural SDE (Euler),3.8816685676574707,3.3681745529174805,0.08556640604016673,0.10227155057945614,,0.5134940147399902,0.01670514453928941,,,,,,,,,True,0.13477304687499997,0.030293288025629066,0.03,0.0
baseline,bistable,stability_loss,16,SINDy-STLSQ,3.806307422842777,3.0579121016189617,0.0842768834971188,0.09693429687047124,,0.7483953212238155,0.012657413373352439,,,,,,,,4.0,True,0.13477304687499997,0.030293288025629066,0.03,0.0
baseline,bistable,stability_loss,17,Bayesian SINDy (spike-slab),2.512360363035468,4.011644190286141,0.07558503724944547,0.08331390715358813,,-1.499283827250673,0.007728869904142663,2.8880998350117606,5.04728271841831,0.07165872241338239,0.09756853559884066,0.9995374935199758,0.015302712113763585,0.008320823861086284,2.0,True,0.13477304687499997,0.030110455535328734,0.03,0.0
baseline,bistable,stability_loss,17,Kalman OU,2.4579056146894027,0.6851922828777873,0.08021817111868162,0.020881937410817158,0.03381152422123203,1.7727133318116155,-0.059336233707864464,,,,,,,,,True,0.13477304687499997,0.030110455535328734,0.03,0.0
baseline,bistable,stability_loss,17,Latent Neural SDE (VI),4.005986213684082,4.521434783935547,0.07634326492027371,0.08875221284210451,0.004962805558628162,-0.5154485702514648,0.012408947921830796,,,,,,,,,True,0.13477304687499997,0.030110455535328734,0.03,0.0
baseline,bistable,stability_loss,17,Moment OU,,3.83541966985918,,0.06729265921021753,,,,,,,,,,,,False,0.13477304687499997,0.030110455535328734,0.03,0.0
baseline,bistable,stability_loss,17,Neural SDE (Euler),3.9613208770751953,4.428068161010742,0.07819111504075421,0.08962809244114187,,-0.4667472839355469,0.011436977400387655,,,,,,,,,True,0.13477304687499997,0.030110455535328734,0.03,0.0
baseline,bistable,stability_loss,17,SINDy-STLSQ,3.6104050477747003,3.6797178541072157,0.07504468946643772,0.08417504240614583,,-0.06931280633251546,0.009130352939708111,,,,,,,,4.0,True,0.13477304687499997,0.030110455535328734,0.03,0.0
baseline,bistable,stability_loss,18,Bayesian SINDy (spike-slab),4.145558327607259,0.14338277622080572,0.0777003522939234,0.09237637934085846,,4.002175551386453,0.014676027046935061,-0.24832753727563303,0.7502279649973714,0.079711172679559,0.10763871903617125,0.0424201688686598,0.9355011105391916,0.058395957425498045,2.0,True,0.13477304687499997,0.029056301331344535,0.03,0.0
baseline,bistable,stability_loss,18,Kalman OU,2.0351333474430957,0.02648202852933942,0.03923371110930592,0.10572596355136257,0.0027254681281812633,2.0086513189137563,0.06649225244205664,,,,,,,,,True,0.13477304687499997,0.029056301331344535,0.03,0.0
baseline,bistable,stability_loss,18,Latent Neural SDE (VI),3.604485273361206,-0.2983633875846863,0.08337333809515475,0.06384181567194051,0.020937080119225862,3.9028486609458923,-0.019531522423214237,,,,,,,,,True,0.13477304687499997,0.029056301331344535,0.03,0.0
baseline,bistable,stability_loss,18,Moment OU,3.467844536733351,0.5902215575945378,0.05093304740610033,0.2018541941683091,,2.8776229791388133,0.15092114676220877,,,,,,,,,True,0.13477304687499997,0.029056301331344535,0.03,0.0
baseline,bistable,stability_loss,18,Neural SDE (Euler),3.5129103660583496,-0.2668098509311676,0.0844550122538735,0.0876844665698144,,3.779720216989517,0.003229454315940905,,,,,,,,,True,0.13477304687499997,0.029056301331344535,0.03,0.0
baseline,bistable,stability_loss,18,SINDy-STLSQ,3.507983051264796,0.6971204236717274,0.07849390609155672,0.09104040631161359,,2.8108626275930684,0.012546500220056864,,,,,,,,3.0,True,0.13477304687499997,0.029056301331344535,0.03,0.0
baseline,bistable,stability_loss,19,Bayesian SINDy (spike-slab),4.021337325467272,0.3822433885632284,0.08833817708755022,0.09929001614310654,,3.639093936904043,0.010951839055556314,-0.0,1.47703179015039,0.08397657365172824,0.11605098052075981,0.3923253348773303,0.015326541160726834,0.021080513629016803,1.0,True,0.13477304687499997,0.028888892955201313,0.03,0.0
baseline,bistable,stability_loss,19,Kalman OU,1.2384346719203685,0.04057068973663409,0.030782658567538746,0.030459022959721024,0.030220006760070098,1.1978639821837345,-0.00032363560781772244,,,,,,,,,True,0.13477304687499997,0.028888892955201313,0.03,0.0
baseline,bistable,stability_loss,19,Latent Neural SDE (VI),4.471090316772461,0.8662744164466858,0.09239634298405834,0.09730898048698855,0.009170160843053554,3.604815900325775,0.004912637502930209,,,,,,,,,True,0.13477304687499997,0.028888892955201313,0.03,0.0
baseline,bistable,stability_loss,19,Moment OU,4.45587447475964,0.43665876396162684,0.08368726345609809,0.06266874259191574,,4.019215710798013,-0.02101852086418235,,,,,,,,,True,0.13477304687499997,0.028888892955201313,0.03,0.0
baseline,bistable,stability_loss,19,Neural SDE (Euler),4.376852512359619,1.03874933719635,0.09330249304935172,0.10441153082950036,,3.338103175163269,0.011109037780148642,,,,,,,,,True,0.13477304687499997,0.028888892955201313,0.03,0.0
baseline,bistable,stability_loss,19,SINDy-STLSQ,3.632808043871695,1.085889852479489,0.08951798224678317,0.0969992456789967,,2.546918191392206,0.007481263432213531,,,,,,,,3.0,True,0.13477304687499997,0.028888892955201313,0.03,0.0
baseline,bistable,stability_loss,20,Bayesian SINDy (spike-slab),3.110985472354837,2.6975625792275206,0.07922493972050747,0.08582510692693787,,0.4134228931273163,0.0066001672064304046,1.618950871786248,3.612040738177998,0.07390203570367355,0.09945963143136415,0.9884246307964512,0.013167737773858814,0.022147423309401587,2.0,True,0.13477304687499997,0.02997517248701843,0.03,0.0
baseline,bistable,stability_loss,20,Kalman OU,0.5767689421156856,3.0000000000000004,0.0375152863908213,0.10515431701325283,0.013141999762221634,-2.4232310578843146,0.06763903062243153,,,,,,,,,True,0.13477304687499997,0.02997517248701843,0.03,0.0
baseline,bistable,stability_loss,20,Latent Neural SDE (VI),3.485236644744873,3.630701780319214,0.07943584529294713,0.09055098464045243,0.005084820764965475,-0.14546513557434082,0.011115139347505298,,,,,,,,,True,0.13477304687499997,0.02997517248701843,0.03,0.0
baseline,bistable,stability_loss,20,Moment OU,0.7929440919573525,0.8624620352125956,0.037764297232999934,0.041302363461601294,,-0.06951794325524308,0.0035380662286013595,,,,,,,,,True,0.13477304687499997,0.02997517248701843,0.03,0.0
baseline,bistable,stability_loss,20,Neural SDE (Euler),3.416242837905884,3.524963140487671,0.08077940828400422,0.09086259657080913,,-0.10872030258178711,0.010083188286804906,,,,,,,,,True,0.13477304687499997,0.02997517248701843,0.03,0.0
baseline,bistable,stability_loss,20,SINDy-STLSQ,3.7349027084514814,2.732703126797416,0.07788627049167164,0.08665808369729643,,1.0021995816540654,0.008771813205624784,,,,,,,,3.0,True,0.13477304687499997,0.02997517248701843,0.03,0.0
baseline,bistable,stability_loss,21,Bayesian SINDy (spike-slab),2.766702273713716,-0.21354427690868177,0.07811823665051962,0.11306102400020247,,2.980246550622398,0.034942787349682855,-0.6128483480688853,1.2705750222001506,0.09667027453178229,0.1314064534810755,0.8964731167558362,0.14594127308728716,0.13540072945439252,2.0,True,0.13477304687499997,0.02854454609064383,0.03,0.0
baseline,bistable,stability_loss,21,Kalman OU,1.7037922431555583,0.02,0.05857710436030228,0.1410389095656871,0.0010000000000000002,1.6837922431555583,0.08246180520538482,,,,,,,,,True,0.13477304687499997,0.02854454609064383,0.03,0.0
baseline,bistable,stability_loss,21,Latent Neural SDE (VI),4.454625606536865,-0.5113428831100464,0.07769481535979728,0.11240290579718183,0.030738756103719497,4.965968489646912,0.034708090437384556,,,,,,,,,True,0.13477304687499997,0.02854454609064383,0.03,0.0
baseline,bistable,stability_loss,21,Moment OU,,0.5170228639163391,,0.3751043719256342,,,,,,,,,,,,False,0.13477304687499997,0.02854454609064383,0.03,0.0
baseline,bistable,stability_loss,21,Neural SDE (Euler),4.408564567565918,-0.32250380516052246,0.07861149210125393,0.12883638289548371,,4.73106837272644,0.05022489079422979,,,,,,,,,True,0.13477304687499997,0.02854454609064383,0.03,0.0
baseline,bistable,stability_loss,21,SINDy-STLSQ,3.3656583432111202,3.4105711153049834,0.07806467674451775,0.10666152331610876,,-0.04491277209386313,0.028596846571591006,,,,,,,,4.0,True,0.13477304687499997,0.02854454609064383,0.03,0.0
baseline,bistable,stability_loss,22,Bayesian SINDy (spike-slab),3.0347318006086605,2.4517369489287133,0.07097729648497354,0.07862468250090562,,0.5829948516799472,0.007647386015932081,1.5247342798083312,3.411877088513811,0.06792018483941543,0.09107484870325991,0.994403388914347,0.04369312848510073,0.011281037802249635,2.0,True,0.13477304687499997,0.03030559530108109,0.03,0.0
baseline,bistable,stability_loss,22,Kalman OU,0.9523840341844251,0.7249104278164911,0.03167550773980265,0.03604312925395022,0.02722105294979934,0.227473606367934,0.004367621514147574,,,,,,,,,True,0.13477304687499997,0.03030559530108109,0.03,0.0
baseline,bistable,stability_loss,22,Latent Neural SDE (VI),3.6324069499969482,2.6010541915893555,0.07197335756465288,0.0789848078056959,0.005068967579620719,1.0313527584075928,0.007011450241043021,,,,,,,,,True,0.13477304687499997,0.03030559530108109,0.03,0.0
baseline,bistable,stability_loss,22,Moment OU,,,,,,,,,,,,,,,,False,0.13477304687499997,0.03030559530108109,0.03,0.0
baseline,bistable,stability_loss,22,Neural SDE (Euler),3.697683334350586,2.626282215118408,0.0733164822344614,0.07952568680729671,,1.0714011192321777,0.006209204572835317,,,,,,,,,True,0.13477304687499997,0.03030559530108109,0.03,0.0
baseline,bistable,stability_loss,22,SINDy-STLSQ,2.0539376637359186,2.5584324805022414,0.07092089364840433,0.07735017554146803,,-0.5044948167663228,0.006429281893063701,,,,,,,,4.0,True,0.13477304687499997,0.03030559530108109,0.03,0.0
baseline,bistable,stability_loss,23,Bayesian SINDy (spike-slab),4.8253712553197055,3.456457332657821,0.07741309951087663,0.07365499213220111,,1.3689139226618843,-0.003758107378675518,2.482023194726085,4.4877790929554235,0.06321553215886422,0.08550524679671608,0.999623019378767,0.01397405847659707,0.006308124122668948,2.0,True,0.13477304687499997,0.030570326381646078,0.03,0.0
baseline,bistable,stability_loss,23,Kalman OU,1.2583144186722264,0.23483809663612204,0.016659918851580118,0.017975587851651674,0.02835943430405955,1.0234763220361043,0.0013156690000715558,,,,,,,,,True,0.13477304687499997,0.030570326381646078,0.03,0.0
baseline,bistable,stability_loss,23,Latent Neural SDE (VI),5.622097492218018,4.727139949798584,0.08508997852295662,0.07634265654142285,0.0047714361692708825,0.8949575424194336,-0.008747321981533773,,,,,,,,,True,0.13477304687499997,0.030570326381646078,0.03,0.0
baseline,bistable,stability_loss,23,Moment OU,5.514946854319179,0.21525965903153088,0.06401078617783952,0.01366538592167969,,5.299687195287648,-0.05034540025615983,,,,,,,,,True,0.13477304687499997,0.030570326381646078,0.03,0.0
baseline,bistable,stability_loss,23,Neural SDE (Euler),5.720373630523682,4.627767562866211,0.08533196479455615,0.07813190190895587,,1.0926060676574707,-0.007200062885600281,,,,,,,,,True,0.13477304687499997,0.030570326381646078,0.03,0.0
baseline,bistable,stability_loss,23,SINDy-STLSQ,6.5441984736470955,3.563068744340335,0.07493227280913366,0.07451476371541156,,2.9811297293067605,-0.000417509093722096,,,,,,,,3.0,True,0.13477304687499997,0.030570326381646078,0.03,0.0
baseline,bistable,stability_loss,24,Bayesian SINDy (spike-slab),4.446844251915874,2.7914072185264356,0.07446357296694385,0.0885388397588337,,1.6554370333894388,0.014075266791889848,1.6392948097415811,3.788441271507757,0.07660760595785165,0.10355576822673518,0.9795425070926226,0.020593947732095094,0.031182426437940437,2.0,True,0.13477304687499997,0.03029967546394736,0.03,0.0
baseline,bistable,stability_loss,24,Kalman OU,0.8249028785897154,1.1639063656275819,0.012828054417220314,0.05223459415896739,0.028698268114594323,-0.3390034870378664,0.03940653974174708,,,,,,,,,True,0.13477304687499997,0.03029967546394736,0.03,0.0
baseline,bistable,stability_loss,24,Latent Neural SDE (VI),4.164783477783203,2.561297655105591,0.07415527714948057,0.09387674154075502,0.0054162909940696545,1.6034858226776123,0.01972146439127445,,,,,,,,,True,0.13477304687499997,0.03029967546394736,0.03,0.0
baseline,bistable,stability_loss,24,Moment OU,5.3906629550357845,1.267252774799006,0.053856222123385186,0.05294784254249116,,4.123410180236778,-0.0009083795808940281,,,,,,,,,True,0.13477304687499997,0.03029967546394736,0.03,0.0
baseline,bistable,stability_loss,24,Neural SDE (Euler),4.05772590637207,2.4756898880004883,0.07366503686285572,0.09494728232903013,,1.582036018371582,0.02128224546617441,,,,,,,,,True,0.13477304687499997,0.03029967546394736,0.03,0.0
baseline,bistable,stability_loss,24,SINDy-STLSQ,2.7702315892700433,2.6800680431469504,0.07360523163497175,0.08922499046088324,,0.09016354612309296,0.01561975882591149,,,,,,,,4.0,True,0.13477304687499997,0.03029967546394736,0.03,0.0
baseline,bistable,stability_loss,25,Bayesian SINDy (spike-slab),3.448291239645519,2.134461362169671,0.0761786580778741,0.07889523549457544,,1.3138298774758481,0.002716577416701338,1.2522244234558593,3.0216319561492258,0.06815751264503228,0.09141351269121398,0.9972118210965598,0.012933111234085373,0.011640774857630796,2.0,True,0.13477304687499997,0.029602715065971612,0.03,0.0
baseline,bistable,stability_loss,25,Kalman OU,0.27741720019402927,0.5410888348877673,0.01547264493113599,0.03911353095654555,0.026590616409458364,-0.263671634693738,0.023640886025409563,,,,,,,,,True,0.13477304687499997,0.029602715065971612,0.03,0.0
baseline,bistable,stability_loss,25,Latent Neural SDE (VI),4.236243724822998,4.132767677307129,0.07766476125303418,0.07883126016375658,0.005446539563907932,0.10347604751586914,0.0011664989107224022,,,,,,,,,True,0.13477304687499997,0.029602715065971612,0.03,0.0
baseline,bistable,stability_loss,25,Moment OU,0.24414780765517827,,0.014513598391385248,,,,,,,,,,,,,False,0.13477304687499997,0.029602715065971612,0.03,0.0
baseline,bistable,stability_loss,25,Neural SDE (Euler),4.171241283416748,4.162296772003174,0.07844558130065157,0.08103046460300047,,0.008944511413574219,0.002584883302348892,,,,,,,,,True,0.13477304687499997,0.029602715065971612,0.03,0.0
baseline,bistable,stability_loss,25,SINDy-STLSQ,3.424198561552872,2.7982401162199286,0.07753332558396536,0.08008185730965953,,0.6259584453329432,0.002548531725694164,,,,,,,,3.0,True,0.13477304687499997,0.029602715065971612,0.03,0.0
baseline,bistable,stability_loss,26,Bayesian SINDy (spike-slab),4.152583901777391,2.7754613686321736,0.07967334528382271,0.09191554036221337,,1.3771225331452177,0.012242195078390666,1.6282728381685632,3.7737458742186774,0.0795883999325422,0.10769136729618693,0.9692415175740291,0.024685523121168916,0.04162845095636321,2.0,True,0.13477304687499997,0.029433401206577413,0.03,0.0
baseline,bistable,stability_loss,26,Kalman OU,1.0412362353381885,0.5225286485569871,0.027112077279025763,0.0349241901694553,0.03133288606975589,0.5187075867812014,0.007812112890429535,,,,,,,,,True,0.13477304687499997,0.029433401206577413,0.03,0.0
baseline,bistable,stability_loss,26,Latent Neural SDE (VI),5.532530784606934,3.216618537902832,0.08478974155100877,0.09570706547014854,0.006163800917277381,2.3159122467041016,0.01091732391913977,,,,,,,,,True,0.13477304687499997,0.029433401206577413,0.03,0.0
baseline,bistable,stability_loss,26,Moment OU,3.4724036446173425,1.5776868920557425,0.05574342616742308,0.06207421053409884,,1.8947167525616,0.006330784366675758,,,,,,,,,True,0.13477304687499997,0.029433401206577413,0.03,0.0
baseline,bistable,stability_loss,26,Neural SDE (Euler),5.612646579742432,3.1633777618408203,0.087018595220426,0.09818310553747236,,2.4492688179016113,0.011164510317046364,,,,,,,,,True,0.13477304687499997,0.029433401206577413,0.03,0.0
baseline,bistable,stability_loss,26,SINDy-STLSQ,4.177824526156652,2.5698746377666506,0.08041943247307334,0.09189958132996122,,1.6079498883900012,0.011480148856887876,,,,,,,,4.0,True,0.13477304687499997,0.029433401206577413,0.03,0.0
baseline,bistable,stability_loss,27,Bayesian SINDy (spike-slab),3.382691102518626,0.023602464337563252,0.07363749701567912,0.09050991095594295,,3.3590886381810625,0.016872413940263828,-0.0,0.4426675564860128,0.07724636178379914,0.10571171032168503,0.04304514346969278,0.011229116953301133,0.006240200532893309,1.0,True,0.13477304687499997,0.02973061431859263,0.03,0.0
baseline,bistable,stability_loss,27,Kalman OU,3.0000000000000004,0.034863508105759174,0.06735671674705858,0.03756467710169507,0.02619203515430248,2.965136491894241,-0.029792039645363512,,,,,,,,,True,0.13477304687499997,0.02973061431859263,0.03,0.0
baseline,bistable,stability_loss,27,Latent Neural SDE (VI),3.8429083824157715,0.3097992241382599,0.07689362387380468,0.08043719135918703,0.010933589606064139,3.5331091582775116,0.0035435674853823568,,,,,,,,,True,0.13477304687499997,0.02973061431859263,0.03,0.0
baseline,bistable,stability_loss,27,Moment OU,,0.3383423660244937,,0.06426777104984749,,,,,,,,,,,,False,0.13477304687499997,0.02973061431859263,0.03,0.0
baseline,bistable,stability_loss,27,Neural SDE (Euler),3.80793833732605,0.47416725754737854,0.07785532893153567,0.09224739588695,,3.3337710797786713,0.014392066955414326,,,,,,,,,True,0.13477304687499997,0.02973061431859263,0.03,0.0
baseline,bistable,stability_loss,27,SINDy-STLSQ,2.805071001780115,1.020805200495309,0.07368529292728386,0.08892022988450579,,1.784265801284806,0.015234936957221931,,,,,,,,3.0,True,0.13477304687499997,0.02973061431859263,0.03,0.0
baseline,bistable,stability_loss,28,Bayesian SINDy (spike-slab),2.708018529896815,1.4479825286047747,0.07416901041458278,0.07890802273473001,,1.2600360012920402,0.004739012320147229,-0.0,2.625200353076903,0.06741618404616523,0.09282896564753142,0.6553376300807482,0.01470783717969505,0.27458695376807624,2.0,True,0.13477304687499997,0.030468618230506495,0.03,0.0
baseline,bistable,stability_loss,28,Kalman OU,0.8222405043989215,0.26831666502087204,0.03820444522129714,0.028166494800567637,0.027120151376533827,0.5539238393780495,-0.0100379504207295,,,,,,,,,True,0.13477304687499997,0.030468618230506495,0.03,0.0
baseline,bistable,stability_loss,28,Latent Neural SDE (VI),3.68715238571167,1.6653918027877808,0.07632962086042118,0.08204429310525485,0.005223067616740071,2.021760582923889,0.005714672244833671,,,,,,,,,True,0.13477304687499997,0.030468618230506495,0.03,0.0
baseline,bistable,stability_loss,28,Moment OU,,,,,,,,,,,,,,,,False,0.13477304687499997,0.030468618230506495,0.03,0.0
baseline,bistable,stability_loss,28,Neural SDE (Euler),3.6004767417907715,1.7254455089569092,0.07785131183661392,0.08342760132607345,,1.8750312328338623,0.005576289489459527,,,,,,,,,True,0.13477304687499997,0.030468618230506495,0.03,0.0
baseline,bistable,stability_loss,28,SINDy-STLSQ,3.649887825013611,0.9681732310880566,0.07395390379689931,0.07901738208627165,,2.6817145939255544,0.005063478289372342,,,,,,,,3.0,True,0.13477304687499997,0.030468618230506495,0.03,0.0
baseline,bistable,stability_loss,29,Bayesian SINDy (spike-slab),2.291182522728645,2.654015305917503,0.08617545583757164,0.06372581057526801,,-0.36283278318885825,-0.022449645262303627,1.7373915125472699,3.6897494020529407,0.05479012101811893,0.07524892006585789,0.9967074416432847,0.03421954465723529,0.00879828219350869,2.0,True,0.13477304687499997,0.029763422151885422,0.03,0.0
baseline,bistable,stability_loss,29,Kalman OU,0.893171819908037,0.8340129914960319,0.04806039702366065,0.03050082427373314,0.022502213062966736,0.05915882841200504,-0.017559572749927508,,,,,,,,,True,0.13477304687499997,0.029763422151885422,0.03,0.0
baseline,bistable,stability_loss,29,Latent Neural SDE (VI),2.435359001159668,3.241664171218872,0.08517565210306331,0.059093962057282144,0.0038749334378840447,-0.8063051700592041,-0.026081690045781168,,,,,,,,,True,0.13477304687499997,0.029763422151885422,0.03,0.0
baseline,bistable,stability_loss,29,Moment OU,0.48843683150579714,,0.03419297258527147,,,,,,,,,,,,,False,0.13477304687499997,0.029763422151885422,0.03,0.0
baseline,bistable,stability_loss,29,Neural SDE (Euler),2.470567464828491,3.1997954845428467,0.08828712380293037,0.06073898130841015,,-0.7292280197143555,-0.02754814249452022,,,,,,,,,True,0.13477304687499997,0.029763422151885422,0.03,0.0
baseline,bistable,stability_loss,29,SINDy-STLSQ,1.4940373821069866,2.7349058263006896,0.08543367390338995,0.06331315639192467,,-1.240868444193703,-0.02212051751146528,,,,,,,,4.0,True,0.13477304687499997,0.029763422151885422,0.03,0.0
baseline,bistable,stationary,0,Bayesian SINDy (spike-slab),2.946476615639512,3.6017902466814165,0.07754895809901949,0.07423984756227205,,-0.6553136310419045,-0.003309110536747442,2.4995957385950254,4.680069037187246,0.06395713612790103,0.0869660633411767,0.9999957965491664,0.007254996477444216,0.0028688491915883473,2.0,True,0.7999999999999999,0.030182448465929677,0.03,0.0
baseline,bistable,stationary,0,Kalman OU,3.0000000000000004,3.0000000000000004,0.05188723859732236,0.06010587842735656,0.02491550124811824,0.0,0.008218639830034201,,,,,,,,,True,0.7999999999999999,0.030182448465929677,0.03,0.0
baseline,bistable,stationary,0,Latent Neural SDE (VI),3.432091236114502,3.0648460388183594,0.07915799172315767,0.06935681049987616,0.004396737985215509,0.3672451972961426,-0.00980118122328151,,,,,,,,,True,0.7999999999999999,0.030182448465929677,0.03,0.0
baseline,bistable,stationary,0,Moment OU,2.4114342702631113,,0.04477965507219326,,,,,,,,,,,,,False,0.7999999999999999,0.030182448465929677,0.03,0.0
baseline,bistable,stationary,0,Neural SDE (Euler),3.3931174278259277,3.049118995666504,0.08286819719304343,0.06941270587846689,,0.34399843215942383,-0.013455491314576545,,,,,,,,,True,0.7999999999999999,0.030182448465929677,0.03,0.0
baseline,bistable,stationary,0,SINDy-STLSQ,1.890948126326242,3.619942405978795,0.0773452274346699,0.07562916381004803,,-1.728994279652553,-0.001716063624621872,,,,,,,,2.0,True,0.7999999999999999,0.030182448465929677,0.03,0.0
baseline,bistable,stationary,1,Bayesian SINDy (spike-slab),3.5278152747179012,3.1736203157601,0.08277105098455846,0.06846571542720448,,0.3541949589578013,-0.014305335557353985,1.9707733060456853,4.165613903452356,0.05971409507665244,0.07934921351839382,0.9851099343478305,0.01463442245978898,0.032858889073651275,2.0,True,0.7999999999999999,0.029963884544078955,0.03,0.0
baseline,bistable,stationary,1,Kalman OU,0.7360737510384405,3.0000000000000004,0.029674679249928806,0.069809345636108,0.018990380816326712,-2.26392624896156,0.040134666386179185,,,,,,,,,True,0.7999999999999999,0.029963884544078955,0.03,0.0
baseline,bistable,stationary,1,Latent Neural SDE (VI),5.328243732452393,2.7292096614837646,0.08358148182835685,0.06872929815272247,0.00435014661178643,2.599034070968628,-0.014852183675634387,,,,,,,,,True,0.7999999999999999,0.029963884544078955,0.03,0.0
baseline,bistable,stationary,1,Moment OU,1.8369374840578354,,0.04939711783483741,,,,,,,,,,,,,False,0.7999999999999999,0.029963884544078955,0.03,0.0
baseline,bistable,stationary,1,Neural SDE (Euler),5.33236026763916,2.7385644912719727,0.0844114347938317,0.06974188034058529,,2.5937957763671875,-0.014669554453246414,,,,,,,,,True,0.7999999999999999,0.029963884544078955,0.03,0.0
baseline,bistable,stationary,1,SINDy-STLSQ,3.751715412368217,2.105342376709355,0.08167999529953991,0.06844565174720903,,1.6463730356588617,-0.013234343552330885,,,,,,,,4.0,True,0.7999999999999999,0.029963884544078955,0.03,0.0
baseline,bistable,stationary,2,Bayesian SINDy (spike-slab),3.8393619519375566,4.804460938556519,0.08305335692974498,0.07092543684425005,,-0.9650989866189628,-0.012127920085494931,3.642659158321481,5.893833948251688,0.061026819232832416,0.0823272124844657,0.9999999939153186,0.011476401509080993,0.006537601080121614,2.0,True,0.7999999999999999,0.029852731152987377,0.03,0.0
baseline,bistable,stationary,2,Kalman OU,2.246172612233995,2.708888870356761,0.053834513121489326,0.023746106803218852,0.030775424752414224,-0.46271625812276573,-0.030088406318270474,,,,,,,,,True,0.7999999999999999,0.029852731152987377,0.03,0.0
baseline,bistable,stationary,2,Latent Neural SDE (VI),5.421268939971924,7.012804985046387,0.08443633554815001,0.06973698338600544,0.0038368264503789652,-1.591536045074463,-0.014699352162144574,,,,,,,,,True,0.7999999999999999,0.029852731152987377,0.03,0.0
baseline,bistable,stationary,2,Moment OU,2.94906046755362,7.335048145643066,0.06273448578816063,0.049111051937515006,,-4.385987678089446,-0.01362343385064562,,,,,,,,,True,0.7999999999999999,0.029852731152987377,0.03,0.0
baseline,bistable,stationary,2,Neural SDE (Euler),5.573467254638672,7.184135437011719,0.08539773160286009,0.06992260886984134,,-1.6106681823730469,-0.01547512273301875,,,,,,,,,True,0.7999999999999999,0.029852731152987377,0.03,0.0
baseline,bistable,stationary,2,SINDy-STLSQ,5.786880359175398,5.318829049127753,0.08152705790350838,0.07169834800574512,,0.46805131004764533,-0.009828709897763258,,,,,,,,4.0,True,0.7999999999999999,0.029852731152987377,0.03,0.0
baseline,bistable,stationary,3,Bayesian SINDy (spike-slab),3.5413663387596683,3.4112686650702257,0.07331615098720849,0.0733504444705643,,0.13009767368944258,3.429348335580451e-05,2.3632511472634112,4.518306775676683,0.0631347609054282,0.08714307575353128,0.9992944601219319,0.03631753795223593,0.011080993897250885,2.0,True,0.7999999999999999,0.029940509735126148,0.03,0.0
baseline,bistable,stationary,3,Kalman OU,1.2324550365856897,3.0000000000000004,0.03314157037147926,0.06621971189884777,0.022471684219840672,-1.7675449634143108,0.033078141527368515,,,,,,,,,True,0.7999999999999999,0.029940509735126148,0.03,0.0
baseline,bistable,stationary,3,Latent Neural SDE (VI),4.4048285484313965,4.143055438995361,0.07866065927027749,0.07565600709001961,0.004336590294652629,0.26177310943603516,-0.0030046521802578746,,,,,,,,,True,0.7999999999999999,0.029940509735126148,0.03,0.0
baseline,bistable,stationary,3,Moment OU,,,,,,,,,,,,,,,,False,0.7999999999999999,0.029940509735126148,0.03,0.0
baseline,bistable,stationary,3,Neural SDE (Euler),4.312826156616211,4.08713960647583,0.08058095179945687,0.07651347099132552,,0.22568655014038086,-0.004067480808131352,,,,,,,,,True,0.7999999999999999,0.029940509735126148,0.03,0.0
baseline,bistable,stationary,3,SINDy-STLSQ,4.124935388499231,4.225276377495778,0.0739916185672821,0.07304049670142329,,-0.10034098899654698,-0.0009511218658588144,,,,,,,,4.0,True,0.7999999999999999,0.029940509735126148,0.03,0.0
baseline,bistable,stationary,4,Bayesian SINDy (spike-slab),3.939959888193371,3.08272089214975,0.07537970092846007,0.0755688185867918,,0.8572389960436206,0.00018911765833173888,1.8132635312705185,4.1535498890195,0.06488509333561887,0.08902897114948381,0.96381691563873,0.010927551417839274,0.050732553957817304,2.0,True,0.7999999999999999,0.03010923116299837,0.03,0.0
baseline,bistable,stationary,4,Kalman OU,1.6021455227717902,1.0315631690427838,0.03691601815822566,0.03690517876167515,0.027682498246869035,0.5705823537290065,-1.0839396550506308e-05,,,,,,,,,True,0.7999999999999999,0.03010923116299837,0.03,0.0
baseline,bistable,stationary,4,Latent Neural SDE (VI),4.669334888458252,2.9844706058502197,0.08111075787467684,0.06988734715635284,0.004479890848336046,1.6848642826080322,-0.011223410718324,,,,,,,,,True,0.7999999999999999,0.03010923116299837,0.03,0.0
baseline,bistable,stationary,4,Moment OU,1.5293826386789802,0.09810093184858655,0.032242478608775604,0.010177335459648875,,1.4312817068303936,-0.022065143149126727,,,,,,,,,True,0.7999999999999999,0.03010923116299837,0.03,0.0
baseline,bistable,stationary,4,Neural SDE (Euler),4.691380977630615,2.8829736709594727,0.08172328398734599,0.06914045744800551,,1.8084073066711426,-0.01258282653934048,,,,,,,,,True,0.7999999999999999,0.03010923116299837,0.03,0.0
baseline,bistable,stationary,4,SINDy-STLSQ,4.243294730316095,2.21086156754873,0.07587852744436109,0.07591889731382817,,2.032433162767365,4.03698694670801e-05,,,,,,,,3.0,True,0.7999999999999999,0.03010923116299837,0.03,0.0
baseline,bistable,stationary,5,Bayesian SINDy (spike-slab),4.998373318450582,3.7150253408418723,0.07382534179172998,0.08265035664753274,,1.28334797760871,0.008825014855802768,0.8406972072960968,5.280136463255173,0.0712478554282829,0.09719984170547251,0.8675195456142323,0.1148908393969295,0.18608221062568334,2.0,True,0.7999999999999999,0.02996650870464985,0.03,0.0
baseline,bistable,stationary,5,Kalman OU,0.9152104079219199,3.0000000000000004,0.014014760952881096,0.056317044345034,0.030749298397775217,-2.0847895920780806,0.0423022833921529,,,,,,,,,True,0.7999999999999999,0.02996650870464985,0.03,0.0
baseline,bistable,stationary,5,Latent Neural SDE (VI),4.268517971038818,4.074700832366943,0.08580552293709492,0.08879477107140751,0.004722611909296939,0.193817138671875,0.0029892481343125887,,,,,,,,,True,0.7999999999999999,0.02996650870464985,0.03,0.0
baseline,bistable,stationary,5,Moment OU,,3.04367727282591,,0.05983088987748387,,,,,,,,,,,,False,0.7999999999999999,0.02996650870464985,0.03,0.0
baseline,bistable,stationary,5,Neural SDE (Euler),4.338058948516846,4.07299280166626,0.08732953339098679,0.08899305114215145,,0.26506614685058594,0.0016635177511646615,,,,,,,,,True,0.7999999999999999,0.02996650870464985,0.03,0.0
baseline,bistable,stationary,5,SINDy-STLSQ,4.200013396915832,3.26068677242155,0.07401519545338818,0.08015469655156175,,0.939326624494282,0.006139501098173572,,,,,,,,4.0,True,0.7999999999999999,0.02996650870464985,0.03,0.0
baseline,bistable,stationary,6,Bayesian SINDy (spike-slab),4.100511614481151,3.211688982273208,0.07089991062178477,0.07062150740984822,,0.8888226322079431,-0.00027840321193654816,0.47824688315716896,4.976515912415918,0.061140101300000596,0.08437269251610809,0.617980863471298,0.013706591440576527,0.4710326520036765,2.0,True,0.7999999999999999,0.02995804395277648,0.03,0.0
baseline,bistable,stationary,6,Kalman OU,0.6316772543568606,1.4998269729291775,0.01631286528281467,0.029801817552492626,0.02803736318556452,-0.8681497185723169,0.013488952269677956,,,,,,,,,True,0.7999999999999999,0.02995804395277648,0.03,0.0
baseline,bistable,stationary,6,Latent Neural SDE (VI),3.2262701988220215,4.2618231773376465,0.07114579765655775,0.07285539796403029,0.004026379955129406,-1.035552978515625,0.001709600307472539,,,,,,,,,True,0.7999999999999999,0.02995804395277648,0.03,0.0
baseline,bistable,stationary,6,Moment OU,,,,,,,,,,,,,,,,False,0.7999999999999999,0.02995804395277648,0.03,0.0
baseline,bistable,stationary,6,Neural SDE (Euler),3.137467861175537,4.2675700187683105,0.07223068829673486,0.07434742504098979,,-1.1301021575927734,0.0021167367442549295,,,,,,,,,True,0.7999999999999999,0.02995804395277648,0.03,0.0
baseline,bistable,stationary,6,SINDy-STLSQ,3.852402161093332,2.0763092915034074,0.06958369244215155,0.06951714917351874,,1.7760928695899247,-6.654326863281268e-05,,,,,,,,3.0,True,0.7999999999999999,0.02995804395277648,0.03,0.0
baseline,bistable,stationary,7,Bayesian SINDy (spike-slab),4.2237443074395005,3.5824324550606343,0.07411732000548071,0.07872683706329688,,0.6413118523788661,0.004609517057816162,2.519038781214581,4.5959216360111155,0.06807755726623714,0.09272651395804105,0.9992034290635395,0.012568953264623059,0.012743417575577858,2.0,True,0.7999999999999999,0.030084254985393383,0.03,0.0
baseline,bistable,stationary,7,Kalman OU,0.7163789812516592,0.7852396056614689,0.0239423489446438,0.030396251250089268,0.029090498160632666,-0.06886062440980967,0.0064539023054454685,,,,,,,,,True,0.7999999999999999,0.030084254985393383,0.03,0.0
baseline,bistable,stationary,7,Latent Neural SDE (VI),3.4574406147003174,4.056421279907227,0.0723247586325845,0.08510754505882243,0.004750132819585756,-0.5989806652069092,0.012782786426237924,,,,,,,,,True,0.7999999999999999,0.030084254985393383,0.03,0.0
baseline,bistable,stationary,7,Moment OU,3.055780371265945,1.4935470149471322,0.04581508207527722,0.04044448029304805,,1.5622333563188129,-0.005370601782229173,,,,,,,,,True,0.7999999999999999,0.030084254985393383,0.03,0.0
baseline,bistable,stationary,7,Neural SDE (Euler),3.632772207260132,4.135406017303467,0.07319695292174591,0.08717612722329189,,-0.502633810043335,0.01397917430154598,,,,,,,,,True,0.7999999999999999,0.030084254985393383,0.03,0.0
baseline,bistable,stationary,7,SINDy-STLSQ,5.012597208544928,3.9295036630583797,0.07452188134128776,0.08006271309607312,,1.0830935454865487,0.005540831754785355,,,,,,,,3.0,True,0.7999999999999999,0.030084254985393383,0.03,0.0
baseline,bistable,stationary,8,Bayesian SINDy (spike-slab),3.9908912884154586,4.1448393836441975,0.07464236539660518,0.07348186030118059,,-0.15394809522873887,-0.001160505095424591,3.0911888271117016,5.268346878353604,0.06272262255705974,0.08669037777008419,0.9994148808101381,0.03565624200048759,0.011323829472717798,2.0,True,0.7999999999999999,0.030005953432036585,0.03,0.0
baseline,bistable,stationary,8,Kalman OU,0.11811685634115043,0.3975746500718038,0.010000000000000005,0.012903234310899632,0.030958964467358092,-0.2794577937306534,0.0029032343108996266,,,,,,,,,True,0.7999999999999999,0.030005953432036585,0.03,0.0
baseline,bistable,stationary,8,Latent Neural SDE (VI),3.8751957416534424,4.761436939239502,0.07738745498762212,0.07639109660314909,0.004199466979821491,-0.8862411975860596,-0.0009963583844730256,,,,,,,,,True,0.7999999999999999,0.030005953432036585,0.03,0.0
baseline,bistable,stationary,8,Moment OU,1.5828724308242288,1.6518177159037,0.03203408275349373,0.030373828656802396,,-0.06894528507947117,-0.0016602540966913354,,,,,,,,,True,0.7999999999999999,0.030005953432036585,0.03,0.0
baseline,bistable,stationary,8,Neural SDE (Euler),3.8747689723968506,4.731604099273682,0.07915900320253817,0.07666865679470276,,-0.856835126876831,-0.0024903464078354087,,,,,,,,,True,0.7999999999999999,0.030005953432036585,0.03,0.0
baseline,bistable,stationary,8,SINDy-STLSQ,3.2493666599332127,4.362166730574466,0.07381529179254043,0.07368005368508032,,-1.1128000706412533,-0.00013523810746010612,,,,,,,,3.0,True,0.7999999999999999,0.030005953432036585,0.03,0.0
baseline,bistable,stationary,9,Bayesian SINDy (spike-slab),3.611795761476265,3.6579377972984486,0.07471772273989992,0.08863075714770552,,-0.04614203582218357,0.0139130344078056,2.567050445163587,4.703459365122916,0.07584229325225667,0.10289558388653255,0.9991987971010804,0.04366440720193583,0.006637710236604534,2.0,True,0.7999999999999999,0.029943822036643263,0.03,0.0
baseline,bistable,stationary,9,Kalman OU,3.0000000000000004,1.4946302440819745,0.062280088093135434,0.0471632550811024,0.031197248506565006,1.505369755918026,-0.015116833012033037,,,,,,,,,True,0.7999999999999999,0.029943822036643263,0.03,0.0
baseline,bistable,stationary,9,Latent Neural SDE (VI),3.4817376136779785,4.082766056060791,0.07785005109042112,0.09066655955334198,0.005387613248938071,-0.6010284423828125,0.012816508462920859,,,,,,,,,True,0.7999999999999999,0.029943822036643263,0.03,0.0
baseline,bistable,stationary,9,Moment OU,0.5008184904908607,3.0093585436803694,0.019722362066810984,0.07146414113876377,,-2.508540053189509,0.05174177907195279,,,,,,,,,True,0.7999999999999999,0.029943822036643263,0.03,0.0
baseline,bistable,stationary,9,Neural SDE (Euler),3.363515853881836,4.036896228790283,0.07924046422865336,0.09226475685940345,,-0.6733803749084473,0.013024292630750098,,,,,,,,,True,0.7999999999999999,0.029943822036643263,0.03,0.0
baseline,bistable,stationary,9,SINDy-STLSQ,3.273581234047206,3.8002569896470986,0.07609471362221124,0.08804150100207885,,-0.5266757555998924,0.01194678737986761,,,,,,,,3.0,True,0.7999999999999999,0.029943822036643263,0.03,0.0
baseline,bistable,stationary,10,Bayesian SINDy (spike-slab),3.780845338525453,3.6805147091490857,0.08771440700481278,0.0860232259463218,,0.10033062937636705,-0.0016911810584909898,2.4596242240924737,4.787669182936027,0.07334057467875955,0.10131039219403574,0.9946591855746476,0.021748345536663216,0.01939385743100035,2.0,True,0.7999999999999999,0.03012418006565004,0.03,0.0
baseline,bistable,stationary,10,Kalman OU,2.3968388391330424,1.1273591319269802,0.0536085403950947,0.03544516357632153,0.03236414696113621,1.2694797072060622,-0.018163376818773176,,,,,,,,,True,0.7999999999999999,0.03012418006565004,0.03,0.0
baseline,bistable,stationary,10,Latent Neural SDE (VI),3.8323137760162354,3.1733436584472656,0.09387077735900518,0.08837935227558709,0.004889911991964138,0.6589701175689697,-0.005491425083418086,,,,,,,,,True,0.7999999999999999,0.03012418006565004,0.03,0.0
baseline,bistable,stationary,10,Moment OU,3.2758533930065052,2.7034828708429948,0.07181833483734953,0.06290848111330465,,0.5723705221635105,-0.008909853724044889,,,,,,,,,True,0.7999999999999999,0.03012418006565004,0.03,0.0
baseline,bistable,stationary,10,Neural SDE (Euler),3.704840660095215,3.196444272994995,0.09646195686750521,0.08956322570838875,,0.5083963871002197,-0.006898731159116461,,,,,,,,,True,0.7999999999999999,0.03012418006565004,0.03,0.0
baseline,bistable,stationary,10,SINDy-STLSQ,3.3332087833577235,3.201750173206414,0.08800329924173705,0.08618907813578593,,0.13145861015130933,-0.0018142211059511276,,,,,,,,4.0,True,0.7999999999999999,0.03012418006565004,0.03,0.0
baseline,bistable,stationary,11,Bayesian SINDy (spike-slab),3.755366152661261,2.7597800824098773,0.07512160905198659,0.08389735008867018,,0.9955860702513837,0.00877574103668359,1.7367323627269056,3.810915788058668,0.07282551648860133,0.09612923301487114,0.9997221174407376,0.016435290447293093,0.015072692946345343,2.0,True,0.7999999999999999,0.029950790847819132,0.03,0.0
baseline,bistable,stationary,11,Kalman OU,1.262417819677386,0.11884705408163056,0.033076599235598005,0.01821188712273317,0.030674254662649794,1.1435707655957554,-0.014864712112864834,,,,,,,,,True,0.7999999999999999,0.029950790847819132,0.03,0.0
baseline,bistable,stationary,11,Latent Neural SDE (VI),4.539268493652344,4.741875648498535,0.0808305773896747,0.08253546608019102,0.0055919608503936895,-0.2026071548461914,0.0017048886905163263,,,,,,,,,True,0.7999999999999999,0.029950790847819132,0.03,0.0
baseline,bistable,stationary,11,Moment OU,1.121884087465033,0.6929334142473493,0.02959808197583378,0.03578963315828616,,0.42895067321768376,0.006191551182452383,,,,,,,,,True,0.7999999999999999,0.029950790847819132,0.03,0.0
baseline,bistable,stationary,11,Neural SDE (Euler),4.683699607849121,4.8816986083984375,0.08190214013126983,0.08438774471376723,,-0.1979990005493164,0.0024856045824974,,,,,,,,,True,0.7999999999999999,0.029950790847819132,0.03,0.0
baseline,bistable,stationary,11,SINDy-STLSQ,4.011644571795505,3.540280720251598,0.0765974820947789,0.08412973627445551,,0.4713638515439067,0.007532254179676609,,,,,,,,4.0,True,0.7999999999999999,0.029950790847819132,0.03,0.0
baseline,bistable,stationary,12,Bayesian SINDy (spike-slab),3.990913507849641,3.10643853687497,0.08110546858576637,0.07938919473766527,,0.8844749709746709,-0.0017162738481010936,1.9897028249961524,4.333424659067413,0.06829532667937865,0.09312285125077559,0.9998416491967405,0.0271052674811524,0.04193194156998566,2.0,True,0.7999999999999999,0.02990971421282639,0.03,0.0
baseline,bistable,stationary,12,Kalman OU,0.2616858831746853,0.746779558319458,0.013482012988371787,0.03125583565616221,0.028777701357439702,-0.4850936751447727,0.017773822667790422,,,,,,,,,True,0.7999999999999999,0.02990971421282639,0.03,0.0
baseline,bistable,stationary,12,Latent Neural SDE (VI),6.237259864807129,4.391427516937256,0.08252907053320643,0.0846513464972085,0.004581529004990042,1.845832347869873,0.0021222759640020655,,,,,,,,,True,0.7999999999999999,0.02990971421282639,0.03,0.0
baseline,bistable,stationary,12,Moment OU,3.147277190343798,0.31528314239475186,0.05770271231787103,0.01988108088328131,,2.831994047949046,-0.03782163143458972,,,,,,,,,True,0.7999999999999999,0.02990971421282639,0.03,0.0
baseline,bistable,stationary,12,Neural SDE (Euler),6.375516891479492,4.3008222579956055,0.08324935900544433,0.08518100549323475,,2.0746946334838867,0.0019316464877904144,,,,,,,,,True,0.7999999999999999,0.02990971421282639,0.03,0.0
baseline,bistable,stationary,12,SINDy-STLSQ,3.7235604564191003,4.574581770791151,0.08238845640438754,0.07891154152659331,,-0.8510213143720509,-0.003476914877794224,,,,,,,,4.0,True,0.7999999999999999,0.02990971421282639,0.03,0.0
baseline,bistable,stationary,13,Bayesian SINDy (spike-slab),3.4364948561633777,1.604319708991712,0.07817508454850752,0.08424683171428157,,1.8321751471716656,0.00607174716577405,0.1915626599712982,3.1022690479399837,0.072504161888713,0.09822068357912211,0.3130970236154519,0.04033802801819346,0.7094362269550685,2.0,True,0.7999999999999999,0.029990909460346143,0.03,0.0
baseline,bistable,stationary,13,Kalman OU,0.9675781376609388,0.7617930989220975,0.030521707683959093,0.0458910513886064,0.02718670094284839,0.20578503873884135,0.015369343704647306,,,,,,,,,True,0.7999999999999999,0.029990909460346143,0.03,0.0
baseline,bistable,stationary,13,Latent Neural SDE (VI),4.617664337158203,1.953084945678711,0.08184554309306603,0.08603352178873876,0.005594639842644817,2.664579391479492,0.004187978695672723,,,,,,,,,True,0.7999999999999999,0.029990909460346143,0.03,0.0
baseline,bistable,stationary,13,Moment OU,0.7045352096932479,0.34411624472958857,0.02678842955738115,0.029696370718596,,0.3604189649636593,0.0029079411612148477,,,,,,,,,True,0.7999999999999999,0.029990909460346143,0.03,0.0
baseline,bistable,stationary,13,Neural SDE (Euler),4.561667442321777,1.9446245431900024,0.08338224537803036,0.08808819995755988,,2.617042899131775,0.00470595457952952,,,,,,,,,True,0.7999999999999999,0.029990909460346143,0.03,0.0
baseline,bistable,stationary,13,SINDy-STLSQ,3.520537999897078,1.6861272488990942,0.07959949518481083,0.08385429105341792,,1.834410750997984,0.004254795868607095,,,,,,,,4.0,True,0.7999999999999999,0.029990909460346143,0.03,0.0
baseline,bistable,stationary,14,Bayesian SINDy (spike-slab),3.819486830902846,3.9807803986063446,0.08750572947095055,0.08318227036949541,,-0.16129356770349856,-0.004323459101455138,2.972270642259208,5.036785500676406,0.07113687263069898,0.09758722793771343,0.9999369970484576,0.008680368171414578,0.005535892075331429,2.0,True,0.7999999999999999,0.02996213114203967,0.03,0.0
baseline,bistable,stationary,14,Kalman OU,1.1802207776784517,1.3460307708342396,0.037002393265070224,0.03238237928210274,0.03348978056962915,-0.16580999315578793,-0.004620013982967484,,,,,,,,,True,0.7999999999999999,0.02996213114203967,0.03,0.0
baseline,bistable,stationary,14,Latent Neural SDE (VI),4.682960033416748,4.140737056732178,0.0927594695479621,0.08707345651898188,0.0049228497439678855,0.5422229766845703,-0.005686013028980225,,,,,,,,,True,0.7999999999999999,0.02996213114203967,0.03,0.0
baseline,bistable,stationary,14,Moment OU,3.2967448242669235,3.6197539512793826,0.07190883623418257,0.06759743486476925,,-0.3230091270124591,-0.004311401369413312,,,,,,,,,True,0.7999999999999999,0.02996213114203967,0.03,0.0
baseline,bistable,stationary,14,Neural SDE (Euler),4.772221088409424,4.1014251708984375,0.09396725837475121,0.08876881033144685,,0.6707959175109863,-0.005198448043304368,,,,,,,,,True,0.7999999999999999,0.02996213114203967,0.03,0.0
baseline,bistable,stationary,14,SINDy-STLSQ,3.818033001909734,3.4817731617907515,0.08864109274431822,0.08391513546900067,,0.33625984011898247,-0.004725957275317549,,,,,,,,4.0,True,0.7999999999999999,0.02996213114203967,0.03,0.0
baseline,bistable,stationary,15,Bayesian SINDy (spike-slab),4.113569047083618,3.2898994902115226,0.07359280165872625,0.07509967143244861,,0.8236695568720953,0.001506869773722358,2.174327768230083,4.355604479600875,0.06457838613692281,0.08758230775681243,0.9972910835522457,0.012523680241962824,0.012475341221452793,2.0,True,0.7999999999999999,0.029739937605583334,0.03,0.0
baseline,bistable,stationary,15,Kalman OU,0.43759107534629715,1.3207125978122312,0.012887474092117327,0.041416435472738336,0.026833434940136805,-0.883121522465934,0.02852896138062101,,,,,,,,,True,0.7999999999999999,0.029739937605583334,0.03,0.0
baseline,bistable,stationary,15,Latent Neural SDE (VI),3.877668857574463,3.6996703147888184,0.07223041909186387,0.07835371325815046,0.004596054661341102,0.17799854278564453,0.006123294166286597,,,,,,,,,True,0.7999999999999999,0.029739937605583334,0.03,0.0
baseline,bistable,stationary,15,Moment OU,1.0067076637421009,0.09156339306116049,0.022682355971830565,0.009355036269449911,,0.9151442706809404,-0.013327319702380654,,,,,,,,,True,0.7999999999999999,0.029739937605583334,0.03,0.0
baseline,bistable,stationary,15,Neural SDE (Euler),3.7786760330200195,3.6616764068603516,0.07095860696322008,0.07928950755066105,,0.11699962615966797,0.008330900587440973,,,,,,,,,True,0.7999999999999999,0.029739937605583334,0.03,0.0
baseline,bistable,stationary,15,SINDy-STLSQ,3.175664603776106,3.3102015255830173,0.0739898442194043,0.0763402489988445,,-0.13453692180691146,0.002350404779440207,,,,,,,,3.0,True,0.7999999999999999,0.029739937605583334,0.03,0.0
baseline,bistable,stationary,16,Bayesian SINDy (spike-slab),4.264200090486218,3.0208254617375063,0.07748359209337052,0.0917491746000939,,1.243374628748712,0.01426558250672337,1.9802672000572703,4.066361435593982,0.07898357689320824,0.10790074713092176,0.9903769832301159,0.010060478515234965,0.023068406282498115,2.0,True,0.7999999999999999,0.03001007183990615,0.03,0.0
baseline,bistable,stationary,16,Kalman OU,1.777379957252495,0.3157438676052453,0.036968980047863365,0.022494060453734175,0.034187273701875014,1.4616360896472498,-0.01447491959412919,,,,,,,,,True,0.7999999999999999,0.03001007183990615,0.03,0.0
baseline,bistable,stationary,16,Latent Neural SDE (VI),4.773924350738525,4.123533725738525,0.08463405468751274,0.09384619525433441,0.005613495546679743,0.650390625,0.009212140566821667,,,,,,,,,True,0.7999999999999999,0.03001007183990615,0.03,0.0
baseline,bistable,stationary,16,Moment OU,3.13187406439145,1.7786592189829242,0.04852019059440009,0.06331689061998602,,1.353214845408526,0.014796700025585932,,,,,,,,,True,0.7999999999999999,0.03001007183990615,0.03,0.0
baseline,bistable,stationary,16,Neural SDE (Euler),4.777231693267822,4.196575164794922,0.0860878504161987,0.09470751941438546,,0.5806565284729004,0.008619668998186766,,,,,,,,,True,0.7999999999999999,0.03001007183990615,0.03,0.0
baseline,bistable,stationary,16,SINDy-STLSQ,5.504993185798166,2.1658556449245556,0.07755681398120977,0.09122164770269643,,3.3391375408736104,0.013664833721486663,,,,,,,,4.0,True,0.7999999999999999,0.03001007183990615,0.03,0.0
baseline,bistable,stationary,17,Bayesian SINDy (spike-slab),4.260781019197546,3.147894023972504,0.0688367695868082,0.08814255739669472,,1.1128869952250424,0.01930578780988651,2.0342942436335503,4.2001423830573055,0.0761015850338839,0.10245645047784913,0.9981406862179052,0.013873200109556047,0.008394654404387275,2.0,True,0.7999999999999999,0.030010938351603057,0.03,0.0
baseline,bistable,stationary,17,Kalman OU,0.3187699128057303,0.806532246142934,0.010000000000000005,0.03771563664402329,0.03103864314680473,-0.48776233333720365,0.027715636644023284,,,,,,,,,True,0.7999999999999999,0.030010938351603057,0.03,0.0
baseline,bistable,stationary,17,Latent Neural SDE (VI),4.794315338134766,3.1708405017852783,0.07118689788505843,0.08885954275389323,0.0053017747125639406,1.6234748363494873,0.017672644868834797,,,,,,,,,True,0.7999999999999999,0.030010938351603057,0.03,0.0
baseline,bistable,stationary,17,Moment OU,,1.6343405865149847,,0.05664223279297548,,,,,,,,,,,,False,0.7999999999999999,0.030010938351603057,0.03,0.0
baseline,bistable,stationary,17,Neural SDE (Euler),4.707839488983154,3.1550793647766113,0.07234114711991138,0.0900828039434526,,1.552760124206543,0.017741656823541216,,,,,,,,,True,0.7999999999999999,0.030010938351603057,0.03,0.0
baseline,bistable,stationary,17,SINDy-STLSQ,4.4506184654247845,3.099258477091569,0.06951370974787607,0.08927005633564468,,1.3513599883332152,0.019756346587768606,,,,,,,,3.0,True,0.7999999999999999,0.030010938351603057,0.03,0.0
baseline,bistable,stationary,18,Bayesian SINDy (spike-slab),3.9607007632330906,3.6866530061676808,0.08661351437946924,0.08278279006951916,,0.27404775706540985,-0.003830724309950073,2.598765564670199,4.765006332654957,0.07075268609070934,0.09744525652537647,0.9998058599550925,0.011111495609790197,0.0067722481100199045,2.0,True,0.7999999999999999,0.03001449346552758,0.03,0.0
baseline,bistable,stationary,18,Kalman OU,0.578232946111377,0.5526579758857423,0.023910166754447286,0.025064491753700364,0.032337839292325345,0.025574970225634708,0.0011543249992530778,,,,,,,,,True,0.7999999999999999,0.03001449346552758,0.03,0.0
baseline,bistable,stationary,18,Latent Neural SDE (VI),4.363192558288574,4.267951965332031,0.0911031861827442,0.08622176005301303,0.0052134051127898555,0.09524059295654297,-0.0048814261297311645,,,,,,,,,True,0.7999999999999999,0.03001449346552758,0.03,0.0
baseline,bistable,stationary,18,Moment OU,4.00138312614952,2.8777781471469073,0.07769894649032402,0.06347770263794557,,1.1236049790026126,-0.014221243852378454,,,,,,,,,True,0.7999999999999999,0.03001449346552758,0.03,0.0
baseline,bistable,stationary,18,Neural SDE (Euler),4.37234354019165,4.2431488037109375,0.09271820984807479,0.08712800557976846,,0.1291947364807129,-0.005590204268306323,,,,,,,,,True,0.7999999999999999,0.03001449346552758,0.03,0.0
baseline,bistable,stationary,18,SINDy-STLSQ,4.068672197144704,3.71701533465178,0.08743048603639374,0.08349794446150176,,0.3516568624929244,-0.003932541574891979,,,,,,,,3.0,True,0.7999999999999999,0.03001449346552758,0.03,0.0
baseline,bistable,stationary,19,Bayesian SINDy (spike-slab),3.010080067185566,2.030748384545346,0.08492425738683604,0.07361222741238807,,0.9793316826402201,-0.011312029974447968,0.5184214984453028,3.5473454822917687,0.06373502788980655,0.08587044374107133,0.8316637849966033,0.19039272340102764,0.17560063318999905,2.0,True,0.7999999999999999,0.030057752099829648,0.03,0.0
baseline,bistable,stationary,19,Kalman OU,1.3112870318321845,0.5047820776220571,0.04645110000192999,0.03884531427362283,0.023558155164792843,0.8065049542101275,-0.007605785728307161,,,,,,,,,True,0.7999999999999999,0.030057752099829648,0.03,0.0
baseline,bistable,stationary,19,Latent Neural SDE (VI),4.552186965942383,1.96697998046875,0.08404371346138505,0.07287169646425536,0.00531756892759816,2.585206985473633,-0.011172016997129691,,,,,,,,,True,0.7999999999999999,0.030057752099829648,0.03,0.0
baseline,bistable,stationary,19,Moment OU,1.0754738993857653,,0.04272062314432353,,,,,,,,,,,,,False,0.7999999999999999,0.030057752099829648,0.03,0.0
baseline,bistable,stationary,19,Neural SDE (Euler),4.477774620056152,2.0304269790649414,0.08603483251622383,0.07445977854777334,,2.447347640991211,-0.011575053968450488,,,,,,,,,True,0.7999999999999999,0.030057752099829648,0.03,0.0
baseline,bistable,stationary,19,SINDy-STLSQ,3.3330111439343564,2.7013875270908136,0.08533590060300998,0.0723329469590333,,0.6316236168435427,-0.013002953643976675,,,,,,,,3.0,True,0.7999999999999999,0.030057752099829648,0.03,0.0
baseline,bistable,stationary,20,Bayesian SINDy (spike-slab),2.476127269804416,2.9594885872855343,0.08505798824526739,0.06955352649051445,,-0.4833613174811182,-0.015504461754752938,1.9497882525764278,3.9082176736290877,0.05982110950145492,0.08167482898076081,0.9968671747446703,0.009801510556615604,0.01184009600384174,2.0,True,0.7999999999999999,0.03003280466225943,0.03,0.0
baseline,bistable,stationary,20,Kalman OU,0.44627330073994703,1.9284114796452998,0.030349736025115443,0.05195227631764052,0.022159686552802278,-1.4821381789053527,0.021602540292525074,,,,,,,,,True,0.7999999999999999,0.03003280466225943,0.03,0.0
baseline,bistable,stationary,20,Latent Neural SDE (VI),2.2666800022125244,2.9840235710144043,0.08704898345029108,0.07027525854702867,0.004045029167276074,-0.7173435688018799,-0.016773724903262413,,,,,,,,,True,0.7999999999999999,0.03003280466225943,0.03,0.0
baseline,bistable,stationary,20,Moment OU,1.0180510176224427,,0.04468706920389944,,,,,,,,,,,,,False,0.7999999999999999,0.03003280466225943,0.03,0.0
baseline,bistable,stationary,20,Neural SDE (Euler),2.2475314140319824,2.9587349891662598,0.08857375562025242,0.07045574671505513,,-0.7112035751342773,-0.018118008905197297,,,,,,,,,True,0.7999999999999999,0.03003280466225943,0.03,0.0
baseline,bistable,stationary,20,SINDy-STLSQ,2.203693985422886,2.3141031393168587,0.08442230356094373,0.0699708532713445,,-0.11040915389397288,-0.014451450289599224,,,,,,,,4.0,True,0.7999999999999999,0.03003280466225943,0.03,0.0
baseline,bistable,stationary,21,Bayesian SINDy (spike-slab),2.7752978667715062,2.883972777328996,0.07431496482789092,0.0704192555155908,,-0.10867491055748957,-0.0038957093123001135,1.872501211467483,3.850937496906334,0.06082657791218653,0.08252942543288865,0.9974673223646554,0.010298359462765522,0.009350064593531063,2.0,True,0.7999999999999999,0.03007671779598276,0.03,0.0
baseline,bistable,stationary,21,Kalman OU,0.4073816311730647,3.0000000000000004,0.022807232774064556,0.07732297023592904,0.016248005073813212,-2.592618368826936,0.054515737461864486,,,,,,,,,True,0.7999999999999999,0.03007671779598276,0.03,0.0
baseline,bistable,stationary,21,Latent Neural SDE (VI),2.902637481689453,4.262951374053955,0.07505132212500318,0.06925718211492726,0.00423254866795398,-1.360313892364502,-0.0057941400100759155,,,,,,,,,True,0.7999999999999999,0.03007671779598276,0.03,0.0
baseline,bistable,stationary,21,Moment OU,,,,,,,,,,,,,,,,False,0.7999999999999999,0.03007671779598276,0.03,0.0
baseline,bistable,stationary,21,Neural SDE (Euler),2.8594653606414795,4.309589862823486,0.07632672883207273,0.0701112340272755,,-1.4501245021820068,-0.006215494804797231,,,,,,,,,True,0.7999999999999999,0.03007671779598276,0.03,0.0
baseline,bistable,stationary,21,SINDy-STLSQ,2.116280853548834,2.891316526682053,0.07495383767100668,0.07137162067289204,,-0.7750356731332189,-0.003582216998114632,,,,,,,,2.0,True,0.7999999999999999,0.03007671779598276,0.03,0.0
baseline,bistable,stationary,22,Bayesian SINDy (spike-slab),3.389368799613783,3.8832490392853236,0.08374491215978849,0.06841120357913516,,-0.4938802396715407,-0.015333708580653332,2.832111305792736,4.873595089166693,0.05915883777328963,0.0798162652742443,0.9988620310496125,0.01212180864816566,0.010300182525428057,2.0,True,0.7999999999999999,0.029909469938419087,0.03,0.0
baseline,bistable,stationary,22,Kalman OU,0.15535299451887327,0.7911146780791654,0.015563118008607511,0.01996130190594449,0.027455638432870744,-0.6357616835602921,0.004398183897336979,,,,,,,,,True,0.7999999999999999,0.029909469938419087,0.03,0.0
baseline,bistable,stationary,22,Latent Neural SDE (VI),3.900878429412842,4.669527530670166,0.0863889873938677,0.07349956409259606,0.003919392698452489,-0.7686491012573242,-0.012889423301271644,,,,,,,,,True,0.7999999999999999,0.029909469938419087,0.03,0.0
baseline,bistable,stationary,22,Moment OU,1.7494088272784145,,0.05150355427721393,,,,,,,,,,,,,False,0.7999999999999999,0.029909469938419087,0.03,0.0
baseline,bistable,stationary,22,Neural SDE (Euler),3.9157333374023438,4.640217304229736,0.08814330121227569,0.07408530871417121,,-0.7244839668273926,-0.01405799249810448,,,,,,,,,True,0.7999999999999999,0.029909469938419087,0.03,0.0
baseline,bistable,stationary,22,SINDy-STLSQ,2.699931075135669,3.8848826971718924,0.0849080033220131,0.06974718331259482,,-1.1849516220362233,-0.015160820009418291,,,,,,,,3.0,True,0.7999999999999999,0.029909469938419087,0.03,0.0
baseline,bistable,stationary,23,Bayesian SINDy (spike-slab),3.6744568485451845,4.064364475957079,0.0673323375267546,0.08065347537845216,,-0.3899076274118949,0.013321137851697556,2.984148408368537,5.205594325546237,0.06876773086673052,0.09369393513962904,0.999958366078051,0.011212601640443963,0.006491890711522916,2.0,True,0.7999999999999999,0.02992181840360577,0.03,0.0
baseline,bistable,stationary,23,Kalman OU,3.0000000000000004,0.6529876445973353,0.05331922874875924,0.02260932790801858,0.03167131550810778,2.347012355402665,-0.03070990084074066,,,,,,,,,True,0.7999999999999999,0.02992181840360577,0.03,0.0
baseline,bistable,stationary,23,Latent Neural SDE (VI),4.433856964111328,5.0213422775268555,0.06857808263236771,0.0833345020020171,0.0043261656579869755,-0.5874853134155273,0.014756419369649387,,,,,,,,,True,0.7999999999999999,0.02992181840360577,0.03,0.0
baseline,bistable,stationary,23,Moment OU,,3.3295851001560215,,0.05674715222299696,,,,,,,,,,,,False,0.7999999999999999,0.02992181840360577,0.03,0.0
baseline,bistable,stationary,23,Neural SDE (Euler),4.3551177978515625,4.982400417327881,0.06968871001496603,0.0839989621399165,,-0.6272826194763184,0.014310252124950476,,,,,,,,,True,0.7999999999999999,0.02992181840360577,0.03,0.0
baseline,bistable,stationary,23,SINDy-STLSQ,3.635165853200172,3.8800445218989985,0.06604159551116073,0.08146017617361463,,-0.24487866869882646,0.015418580662453898,,,,,,,,4.0,True,0.7999999999999999,0.02992181840360577,0.03,0.0
baseline,bistable,stationary,24,Bayesian SINDy (spike-slab),3.7628037292530503,4.342643535639957,0.08211977523041558,0.0721646863677406,,-0.5798398063869068,-0.009955088862674988,3.3215045615295264,5.368035905677476,0.061941214350597504,0.08586069481780129,0.999350594104378,0.013223415690720008,0.010706567670776625,2.0,True,0.7999999999999999,0.03005618229506034,0.03,0.0
baseline,bistable,stationary,24,Kalman OU,1.7795781011589207,2.0097973362134858,0.04860076320054684,0.030448979471460802,0.029179328010328517,-0.2302192350545651,-0.01815178372908604,,,,,,,,,True,0.7999999999999999,0.03005618229506034,0.03,0.0
baseline,bistable,stationary,24,Latent Neural SDE (VI),3.901719570159912,4.346891403198242,0.083247377507895,0.07983134210094141,0.004101371084176225,-0.4451718330383301,-0.0034160354069535936,,,,,,,,,True,0.7999999999999999,0.03005618229506034,0.03,0.0
baseline,bistable,stationary,24,Moment OU,2.0844425734148624,1.7685123706950205,0.051824607168728984,0.026321341652830742,,0.31593020271984185,-0.02550326551589824,,,,,,,,,True,0.7999999999999999,0.03005618229506034,0.03,0.0
baseline,bistable,stationary,24,Neural SDE (Euler),3.852815866470337,4.286169528961182,0.08242317675213337,0.08118228027731678,,-0.4333536624908447,-0.001240896474816594,,,,,,,,,True,0.7999999999999999,0.03005618229506034,0.03,0.0
baseline,bistable,stationary,24,SINDy-STLSQ,3.796623771042516,3.8414803793226016,0.08080940447807336,0.07303877024630753,,-0.04485660828008564,-0.007770634231765827,,,,,,,,4.0,True,0.7999999999999999,0.03005618229506034,0.03,0.0
baseline,bistable,stationary,25,Bayesian SINDy (spike-slab),3.241203344756052,4.05625642023262,0.0762319393020519,0.07214725887851038,,-0.8150530754765675,-0.004084680423541515,2.9792251666734075,5.03571481370006,0.06221394872259797,0.0844883763920752,0.9999988134060448,0.011145952699719838,0.007394667808281439,2.0,True,0.7999999999999999,0.029993577627567325,0.03,0.0
baseline,bistable,stationary,25,Kalman OU,2.6099231968311933,0.23912118706899926,0.06591671864003329,0.012136805716835815,0.02859017606642815,2.370802009762194,-0.053779912923197476,,,,,,,,,True,0.7999999999999999,0.029993577627567325,0.03,0.0
baseline,bistable,stationary,25,Latent Neural SDE (VI),3.753858804702759,4.108024597167969,0.07957186758625188,0.07839221594142726,0.004509732133326297,-0.35416579246520996,-0.001179651644824628,,,,,,,,,True,0.7999999999999999,0.029993577627567325,0.03,0.0
baseline,bistable,stationary,25,Moment OU,0.44497665758930854,,0.020916559122779507,,,,,,,,,,,,,False,0.7999999999999999,0.029993577627567325,0.03,0.0
baseline,bistable,stationary,25,Neural SDE (Euler),3.6081225872039795,4.0588765144348145,0.08030543653020747,0.08056244156421116,,-0.45075392723083496,0.00025700503400369334,,,,,,,,,True,0.7999999999999999,0.029993577627567325,0.03,0.0
baseline,bistable,stationary,25,SINDy-STLSQ,2.7090268066664924,4.912040714046526,0.07660953642656002,0.07178563417520113,,-2.2030139073800337,-0.004823902251358883,,,,,,,,4.0,True,0.7999999999999999,0.029993577627567325,0.03,0.0
baseline,bistable,stationary,26,Bayesian SINDy (spike-slab),4.025592356057874,4.619975422905627,0.08821624346062634,0.08426921758513439,,-0.5943830668477528,-0.00394702587549195,3.431972478159071,5.981747865382579,0.07299512249856964,0.09968567738438587,0.9999999281527288,0.014058762703286726,0.03875795254108695,2.0,True,0.7999999999999999,0.03003397978386837,0.03,0.0
baseline,bistable,stationary,26,Kalman OU,3.0000000000000004,1.6243897427895304,0.05984729054782645,0.02755731566885951,0.03512195698786081,1.37561025721047,-0.03228997487896694,,,,,,,,,True,0.7999999999999999,0.03003397978386837,0.03,0.0
baseline,bistable,stationary,26,Latent Neural SDE (VI),5.105925559997559,4.964399814605713,0.0924904512507499,0.08322444390718273,0.004875002057560232,0.1415257453918457,-0.009266007343567167,,,,,,,,,True,0.7999999999999999,0.03003397978386837,0.03,0.0
baseline,bistable,stationary,26,Moment OU,4.266644085564956,7.159325750416527,0.08085090657476945,0.09163083652241788,,-2.8926816648515707,0.010779929947648426,,,,,,,,,True,0.7999999999999999,0.03003397978386837,0.03,0.0
baseline,bistable,stationary,26,Neural SDE (Euler),5.102168083190918,4.965559482574463,0.0935107390427334,0.08352341054574586,,0.13660860061645508,-0.009987328496987538,,,,,,,,,True,0.7999999999999999,0.03003397978386837,0.03,0.0
baseline,bistable,stationary,26,SINDy-STLSQ,4.556197541463906,5.978752277046464,0.08902762130896495,0.08357019930664324,,-1.4225547355825583,-0.005457422002321716,,,,,,,,4.0,True,0.7999999999999999,0.03003397978386837,0.03,0.0
baseline,bistable,stationary,27,Bayesian SINDy (spike-slab),3.7002248466438616,3.8938573856524865,0.07112428687312755,0.06618121403777139,,-0.19363253900862487,-0.004943072835356166,2.82708867900818,4.960170324550962,0.056277908201353886,0.07747813075601653,0.9999959187308393,0.012311262388014606,0.004695398041886464,2.0,True,0.7999999999999999,0.029914266676151803,0.03,0.0
baseline,bistable,stationary,27,Kalman OU,3.0000000000000004,3.0000000000000004,0.059770697236772787,0.04567420035429881,0.02460084158767392,0.0,-0.014096496882473976,,,,,,,,,True,0.7999999999999999,0.029914266676151803,0.03,0.0
baseline,bistable,stationary,27,Latent Neural SDE (VI),4.2193603515625,4.984427452087402,0.07651590903130441,0.06926261217463238,0.0036859483586583635,-0.7650671005249023,-0.007253296856672031,,,,,,,,,True,0.7999999999999999,0.029914266676151803,0.03,0.0
baseline,bistable,stationary,27,Moment OU,,,,,,,,,,,,,,,,False,0.7999999999999999,0.029914266676151803,0.03,0.0
baseline,bistable,stationary,27,Neural SDE (Euler),4.143815040588379,5.064149856567383,0.07821837126936787,0.06966944458048832,,-0.9203348159790039,-0.008548926688879549,,,,,,,,,True,0.7999999999999999,0.029914266676151803,0.03,0.0
baseline,bistable,stationary,27,SINDy-STLSQ,4.536605016777121,4.047581985262538,0.07132694837361113,0.06688692344903918,,0.4890230315145825,-0.0044400249245719475,,,,,,,,3.0,True,0.7999999999999999,0.029914266676151803,0.03,0.0
baseline,bistable,stationary,28,Bayesian SINDy (spike-slab),2.946837301631082,1.4937211649851134,0.07615609085833565,0.07373142044604462,,1.4531161366459684,-0.0024246704122910245,0.21032208878379402,3.1543255829631502,0.06348509385325607,0.08616953453717895,0.1181784164467993,0.033170505657811745,0.9079257693938406,2.0,True,0.7999999999999999,0.0299333486089582,0.03,0.0
baseline,bistable,stationary,28,Kalman OU,1.090240873351415,1.2212363541935527,0.03965090291550543,0.0511003384751061,0.02364334830513884,-0.13099548084213763,0.011449435559600672,,,,,,,,,True,0.7999999999999999,0.0299333486089582,0.03,0.0
baseline,bistable,stationary,28,Latent Neural SDE (VI),4.042105197906494,2.008528709411621,0.07421991555658894,0.07893245063225052,0.005092193968514673,2.033576488494873,0.004712535075661578,,,,,,,,,True,0.7999999999999999,0.0299333486089582,0.03,0.0
baseline,bistable,stationary,28,Moment OU,,,,,,,,,,,,,,,,False,0.7999999999999999,0.0299333486089582,0.03,0.0
baseline,bistable,stationary,28,Neural SDE (Euler),4.029509544372559,2.114196300506592,0.07601126819681643,0.08071266859076309,,1.9153132438659668,0.004701400393946661,,,,,,,,,True,0.7999999999999999,0.0299333486089582,0.03,0.0
baseline,bistable,stationary,28,SINDy-STLSQ,2.7434735383525872,2.5743432529363206,0.07666472986715508,0.0737652251840847,,0.16913028541626662,-0.002899504683070389,,,,,,,,4.0,True,0.7999999999999999,0.0299333486089582,0.03,0.0
baseline,bistable,stationary,29,Bayesian SINDy (spike-slab),3.410905431036723,3.804857735857821,0.0755088747613747,0.07460323894909818,,-0.3939523048210982,-0.0009056358122765257,2.6113431178215833,4.931974646150504,0.06434781020723666,0.08735639440080914,0.9997996326434799,0.9746978038650814,0.004461720225781711,3.0,True,0.7999999999999999,0.029957320927898122,0.03,0.0
baseline,bistable,stationary,29,Kalman OU,3.0000000000000004,1.7308729811624755,0.06687334601725384,0.05592245090106395,0.026987982272803832,1.269127018837525,-0.010950895116189886,,,,,,,,,True,0.7999999999999999,0.029957320927898122,0.03,0.0
baseline,bistable,stationary,29,Latent Neural SDE (VI),4.446392059326172,3.5017707347869873,0.07864460085080352,0.08756868233389176,0.004969633468080219,0.9446213245391846,0.008924081483088236,,,,,,,,,True,0.7999999999999999,0.029957320927898122,0.03,0.0
baseline,bistable,stationary,29,Moment OU,0.015503887405158196,0.927104390077089,0.0035690085700736253,0.03749776919146047,,-0.9116005026719308,0.03392876062138685,,,,,,,,,True,0.7999999999999999,0.029957320927898122,0.03,0.0
baseline,bistable,stationary,29,Neural SDE (Euler),4.457683563232422,3.5099658966064453,0.08001915638442865,0.08984471308383742,,0.9477176666259766,0.009825556699408766,,,,,,,,,True,0.7999999999999999,0.029957320927898122,0.03,0.0
baseline,bistable,stationary,29,SINDy-STLSQ,3.116415926843547,3.7655354523989386,0.07656599860725477,0.07555196254086166,,-0.6491195255553914,-0.0010140360663931092,,,,,,,,3.0,True,0.7999999999999999,0.029957320927898122,0.03,0.0
baseline,saddle_node,noise_growth,0,Bayesian SINDy (spike-slab),2.243681916904265,2.769595360036009,0.07431012741913864,0.11503517894728259,,-0.5259134431317438,0.04072505152814394,1.81491886452936,3.742681739074273,0.0986649388765711,0.13491170953804033,0.9996296984573205,0.011123709066760277,0.010338865895674645,2.0,True,0.7999999999999999,0.074990471925156,0.03,0.0
baseline,saddle_node,noise_growth,0,Kalman OU,0.6419520989641622,1.3663435605603211,0.03675165659163628,0.07437974027604431,0.03726748340983247,-0.724391461596159,0.03762808368440803,,,,,,,,,True,0.7999999999999999,0.074990471925156,0.03,0.0
baseline,saddle_node,noise_growth,0,Latent Neural SDE (VI),2.197479248046875,4.585731506347656,0.07048156179368731,0.13100925387254098,0.006972866315389171,-2.3882522583007812,0.06052769207885367,,,,,,,,,True,0.7999999999999999,0.074990471925156,0.03,0.0
baseline,saddle_node,noise_growth,0,Moment OU,,2.541275008371362,,0.11443294606924283,,,,,,,,,,,,False,0.7999999999999999,0.074990471925156,0.03,0.0
baseline,saddle_node,noise_growth,0,Neural SDE (Euler),2.1837992668151855,4.624502182006836,0.07135787720893319,0.13032818276988095,,-2.4407029151916504,0.05897030556094776,,,,,,,,,True,0.7999999999999999,0.074990471925156,0.03,0.0
baseline,saddle_node,noise_growth,0,SINDy-STLSQ,1.8727952805006634,3.346900094837623,0.07411259878338709,0.11681117973171365,,-1.4741048143369595,0.042698580948326556,,,,,,,,4.0,True,0.7999999999999999,0.074990471925156,0.03,0.0
baseline,saddle_node,noise_growth,1,Bayesian SINDy (spike-slab),3.302191758500564,1.131559277456128,0.07954707860325347,0.1304665722727574,,2.1706324810444357,0.050919493669503935,-0.0,2.053227349031195,0.11073087428793403,0.15442826488344646,0.8260046967300633,0.019210965983729414,0.029990566160292713,2.0,True,0.7999999999999999,0.07510953730136485,0.03,0.0
baseline,saddle_node,noise_growth,1,Kalman OU,1.7635033937441313,0.6102731275397706,0.0446543766315872,0.08649884255685829,0.0347778921393705,1.1532302662043608,0.041844465925271086,,,,,,,,,True,0.7999999999999999,0.07510953730136485,0.03,0.0
baseline,saddle_node,noise_growth,1,Latent Neural SDE (VI),3.0818371772766113,1.4567874670028687,0.08329304416041317,0.12163436461452139,0.009994621411249795,1.6250497102737427,0.03834132045410822,,,,,,,,,True,0.7999999999999999,0.07510953730136485,0.03,0.0
baseline,saddle_node,noise_growth,1,Moment OU,1.1565603715227335,0.9946193730148407,0.03526688143309485,0.11358116831357147,,0.16194099850789279,0.07831428688047662,,,,,,,,,True,0.7999999999999999,0.07510953730136485,0.03,0.0
baseline,saddle_node,noise_growth,1,Neural SDE (Euler),3.0466806888580322,1.5341644287109375,0.0844183111448956,0.12486530673357062,,1.5125162601470947,0.04044699558867501,,,,,,,,,True,0.7999999999999999,0.07510953730136485,0.03,0.0
baseline,saddle_node,noise_growth,1,SINDy-STLSQ,2.3075469699541853,1.4624032133924512,0.07755179875452876,0.12922058233702716,,0.8451437565617341,0.05166878358249839,,,,,,,,4.0,True,0.7999999999999999,0.07510953730136485,0.03,0.0
baseline,saddle_node,noise_growth,2,Bayesian SINDy (spike-slab),4.189818756228725,1.107770193691083,0.064400655600749,0.09908626093813339,,3.0820485625376417,0.03468560533738439,-0.0,2.3550411918585894,0.08429126920300739,0.11640888862282092,0.23009287014885846,0.029295585148034344,0.7586522090715357,2.0,True,0.7999999999999999,0.07365461961455111,0.03,0.0
baseline,saddle_node,noise_growth,2,Kalman OU,0.3882844881993295,0.9515704113861946,0.013908290407874396,0.08270484875038858,0.024114044583474985,-0.5632859231868651,0.06879655834251419,,,,,,,,,True,0.7999999999999999,0.07365461961455111,0.03,0.0
baseline,saddle_node,noise_growth,2,Latent Neural SDE (VI),4.315770626068115,1.1348366737365723,0.07086913071918942,0.10243686242241058,0.008032886013182782,3.180933952331543,0.031567731703221164,,,,,,,,,True,0.7999999999999999,0.07365461961455111,0.03,0.0
baseline,saddle_node,noise_growth,2,Moment OU,,0.5208916754715357,,0.05976793848175033,,,,,,,,,,,,False,0.7999999999999999,0.07365461961455111,0.03,0.0
baseline,saddle_node,noise_growth,2,Neural SDE (Euler),4.262118339538574,1.215268850326538,0.0714492266980831,0.10464636820759664,,3.046849489212036,0.03319714150951354,,,,,,,,,True,0.7999999999999999,0.07365461961455111,0.03,0.0
baseline,saddle_node,noise_growth,2,SINDy-STLSQ,4.40229345659947,1.7530920786372988,0.0649862554325595,0.09826239854885094,,2.6492013779621706,0.03327614311629144,,,,,,,,4.0,True,0.7999999999999999,0.07365461961455111,0.03,0.0
baseline,saddle_node,noise_growth,3,Bayesian SINDy (spike-slab),4.440717911100746,2.36412028353587,0.07265845809545965,0.1032845285461995,,2.076597627564876,0.030626070450739853,0.5249921627593935,3.567365689913544,0.08956957489144782,0.12139009300858937,0.825782491762454,0.013613028130850163,0.19927305764923708,2.0,True,0.7999999999999999,0.07492628380522023,0.03,0.0
baseline,saddle_node,noise_growth,3,Kalman OU,0.9325724575461557,2.0475271908192823,0.019959160006718064,0.09090715211670487,0.028079146292055653,-1.1149547332731267,0.07094799210998681,,,,,,,,,True,0.7999999999999999,0.07492628380522023,0.03,0.0
baseline,saddle_node,noise_growth,3,Latent Neural SDE (VI),5.878852367401123,2.2449047565460205,0.07418442397442465,0.1017910238978529,0.006354245627710491,3.6339476108551025,0.027606599923428246,,,,,,,,,True,0.7999999999999999,0.07492628380522023,0.03,0.0
baseline,saddle_node,noise_growth,3,Moment OU,2.728398861654307,1.9372818435768566,0.03648180269219781,0.08662748323331011,,0.7911170180774503,0.050145680541112306,,,,,,,,,True,0.7999999999999999,0.07492628380522023,0.03,0.0
baseline,saddle_node,noise_growth,3,Neural SDE (Euler),5.8582611083984375,2.2375612258911133,0.07450483514938999,0.10365721612997235,,3.620699882507324,0.029152380980582357,,,,,,,,,True,0.7999999999999999,0.07492628380522023,0.03,0.0
baseline,saddle_node,noise_growth,3,SINDy-STLSQ,6.232996211207764,1.5630587076234497,0.0721012546166478,0.1015098659216269,,4.669937503584315,0.0294086113049791,,,,,,,,4.0,True,0.7999999999999999,0.07492628380522023,0.03,0.0
baseline,saddle_node,noise_growth,4,Bayesian SINDy (spike-slab),3.479553540625537,2.316131293686717,0.08725601948214426,0.09143689606208535,,1.1634222469388198,0.004180876579941095,1.3108573916806852,3.249604214647938,0.07876821697521987,0.105958337555477,0.9964531337586436,0.010501980130419655,0.00790018307514651,2.0,True,0.7999999999999999,0.0739466882167698,0.03,0.0
baseline,saddle_node,noise_growth,4,Kalman OU,0.8800265701621045,1.42907736324586,0.034324782342720545,0.06949300932181192,0.025972971060220704,-0.5490507930837555,0.035168226979091374,,,,,,,,,True,0.7999999999999999,0.0739466882167698,0.03,0.0
baseline,saddle_node,noise_growth,4,Latent Neural SDE (VI),3.023160457611084,3.026644706726074,0.0885441831346059,0.09282395996080901,0.00584810851734731,-0.0034842491149902344,0.004279776826203119,,,,,,,,,True,0.7999999999999999,0.0739466882167698,0.03,0.0
baseline,saddle_node,noise_growth,4,Moment OU,2.76546809900073,0.8946473548809263,0.07084925295858843,0.05184676097847992,,1.8708207441198037,-0.01900249198010851,,,,,,,,,True,0.7999999999999999,0.0739466882167698,0.03,0.0
baseline,saddle_node,noise_growth,4,Neural SDE (Euler),3.048532485961914,2.991760015487671,0.0906745796779108,0.09516676999321626,,0.056772470474243164,0.004492190315305455,,,,,,,,,True,0.7999999999999999,0.0739466882167698,0.03,0.0
baseline,saddle_node,noise_growth,4,SINDy-STLSQ,2.3648340443669853,2.3914252772878397,0.08626460368488201,0.0925150723150789,,-0.026591232920854413,0.00625046863019689,,,,,,,,3.0,True,0.7999999999999999,0.0739466882167698,0.03,0.0
baseline,saddle_node,noise_growth,5,Bayesian SINDy (spike-slab),3.166765047494701,3.152336702750776,0.0788414112368438,0.09217639513554612,,0.01442834474392507,0.01333498389870233,2.0648315234908243,4.314962704217472,0.07914803735764925,0.10855586447308889,0.9936148222408492,0.42809776471897804,0.01353056618949109,2.0,True,0.7999999999999999,0.07439568758741291,0.03,0.0
baseline,saddle_node,noise_growth,5,Kalman OU,0.3869753620517479,0.6440034198104112,0.021084466647372728,0.039868263812365336,0.033767467335300894,-0.25702805775866333,0.018783797164992608,,,,,,,,,True,0.7999999999999999,0.07439568758741291,0.03,0.0
baseline,saddle_node,noise_growth,5,Latent Neural SDE (VI),3.2209246158599854,2.986509323120117,0.07871116282895503,0.09173544284666703,0.005698663723183264,0.23441529273986816,0.013024280017711998,,,,,,,,,True,0.7999999999999999,0.07439568758741291,0.03,0.0
baseline,saddle_node,noise_growth,5,Moment OU,0.3717262417579598,2.450984012051818,0.020705177077238766,0.07866476580508985,,-2.079257770293858,0.05795958872785109,,,,,,,,,True,0.7999999999999999,0.07439568758741291,0.03,0.0
baseline,saddle_node,noise_growth,5,Neural SDE (Euler),3.3125452995300293,2.8870339393615723,0.0791402523592944,0.0937932021983937,,0.42551136016845703,0.014652949839099302,,,,,,,,,True,0.7999999999999999,0.07439568758741291,0.03,0.0
baseline,saddle_node,noise_growth,5,SINDy-STLSQ,2.649663697357764,3.4194491065685484,0.07895209227938255,0.09070965939409034,,-0.7697854092107845,0.011757567114707795,,,,,,,,4.0,True,0.7999999999999999,0.07439568758741291,0.03,0.0
baseline,saddle_node,noise_growth,6,Bayesian SINDy (spike-slab),3.34776545205185,1.9495729986329207,0.09275555864126239,0.10926797522799582,,1.3981924534189294,0.016512416586733428,0.3947345112800841,3.106466618655493,0.09514808569441256,0.12757671646300842,0.6934254499019867,0.0358636195655187,0.32425198500288227,2.0,True,0.7999999999999999,0.07436694864666038,0.03,0.0
baseline,saddle_node,noise_growth,6,Kalman OU,0.2508375349767189,1.0035126103014536,0.020521950332946026,0.07084255710103517,0.032696890951112285,-0.7526750753247347,0.05032060676808914,,,,,,,,,True,0.7999999999999999,0.07436694864666038,0.03,0.0
baseline,saddle_node,noise_growth,6,Latent Neural SDE (VI),3.602303981781006,2.1931252479553223,0.10446573265925933,0.109087196327617,0.007376873001964849,1.4091787338256836,0.004621463668357667,,,,,,,,,True,0.7999999999999999,0.07436694864666038,0.03,0.0
baseline,saddle_node,noise_growth,6,Moment OU,2.5162429032254097,1.481983840879485,0.07481019278733986,0.09029194565238546,,1.0342590623459247,0.015481752865045606,,,,,,,,,True,0.7999999999999999,0.07436694864666038,0.03,0.0
baseline,saddle_node,noise_growth,6,Neural SDE (Euler),3.75338077545166,2.143411159515381,0.10525889582270546,0.11088054329875885,,1.6099696159362793,0.005621647476053385,,,,,,,,,True,0.7999999999999999,0.07436694864666038,0.03,0.0
baseline,saddle_node,noise_growth,6,SINDy-STLSQ,4.0623387089740195,1.8781708689168555,0.09222944980925935,0.10805888261587494,,2.184167840057164,0.015829432806615598,,,,,,,,4.0,True,0.7999999999999999,0.07436694864666038,0.03,0.0
baseline,saddle_node,noise_growth,7,Bayesian SINDy (spike-slab),3.2697000227245216,1.6773093758518636,0.07683855446547022,0.12345723140489508,,1.592390646872658,0.046618676939424855,0.2633553486346259,2.7164913222970686,0.10514411530599106,0.14708996570344918,0.7815810185604235,0.012636980409392158,0.2132544023358339,2.0,True,0.7999999999999999,0.073926738548868,0.03,0.0
baseline,saddle_node,noise_growth,7,Kalman OU,0.710612033998769,0.7003879687232613,0.027428770732074087,0.07330946412099557,0.036299741522728295,0.010224065275507788,0.04588069338892148,,,,,,,,,True,0.7999999999999999,0.073926738548868,0.03,0.0
baseline,saddle_node,noise_growth,7,Latent Neural SDE (VI),4.005724906921387,1.7680366039276123,0.07694241166286406,0.1429247979849537,0.008612285486361967,2.2376883029937744,0.06598238632208964,,,,,,,,,True,0.7999999999999999,0.073926738548868,0.03,0.0
baseline,saddle_node,noise_growth,7,Moment OU,0.12294426384466255,1.450428156878623,0.01067363065822366,0.11210045880778485,,-1.3274838930339605,0.1014268281495612,,,,,,,,,True,0.7999999999999999,0.073926738548868,0.03,0.0
baseline,saddle_node,noise_growth,7,Neural SDE (Euler),4.075185775756836,1.853718876838684,0.07751671387748824,0.14526763267157913,,2.221466898918152,0.0677509187940909,,,,,,,,,True,0.7999999999999999,0.073926738548868,0.03,0.0
baseline,saddle_node,noise_growth,7,SINDy-STLSQ,2.491236786779981,1.0530790509683197,0.07607645512071132,0.12431229386608146,,1.4381577358116613,0.048235838745370144,,,,,,,,4.0,True,0.7999999999999999,0.073926738548868,0.03,0.0
baseline,saddle_node,noise_growth,8,Bayesian SINDy (spike-slab),3.683449581289168,2.1526222424617374,0.06943495538294447,0.12167706506126968,,1.5308273388274305,0.05224210967832521,0.41765555553956657,3.204583286534831,0.10529253438198813,0.13957039181578745,0.8450110750693184,0.013318491613027549,0.1680856794353233,2.0,True,0.7999999999999999,0.07435446656470421,0.03,0.0
baseline,saddle_node,noise_growth,8,Kalman OU,1.1420182656215865,1.5687392045549857,0.028654536338543625,0.09789711213415568,0.033783469129823454,-0.42672093893339924,0.06924257579561205,,,,,,,,,True,0.7999999999999999,0.07435446656470421,0.03,0.0
baseline,saddle_node,noise_growth,8,Latent Neural SDE (VI),5.222109794616699,2.709203004837036,0.07090807890411568,0.12458690317501091,0.0079227028977205,2.512906789779663,0.05367882427089522,,,,,,,,,True,0.7999999999999999,0.07435446656470421,0.03,0.0
baseline,saddle_node,noise_growth,8,Moment OU,,2.0596182984474734,,0.11716492093631911,,,,,,,,,,,,False,0.7999999999999999,0.07435446656470421,0.03,0.0
baseline,saddle_node,noise_growth,8,Neural SDE (Euler),5.177831649780273,2.6598236560821533,0.07195765832231946,0.12762940020961044,,2.51800799369812,0.05567174188729099,,,,,,,,,True,0.7999999999999999,0.07435446656470421,0.03,0.0
baseline,saddle_node,noise_growth,8,SINDy-STLSQ,5.168932324190342,1.5481187985708567,0.06876572506328936,0.12252436663380642,,3.6208135256194853,0.05375864157051706,,,,,,,,4.0,True,0.7999999999999999,0.07435446656470421,0.03,0.0
baseline,saddle_node,noise_growth,9,Bayesian SINDy (spike-slab),3.243401550388495,1.4495618149824236,0.07012954465259064,0.08386445817482988,,1.7938397354060716,0.01373491352223924,0.22649295883527185,2.6109466028110977,0.07205115807426846,0.09741350875879268,0.45305392294393615,0.011933705812642116,0.5584547066143289,2.0,True,0.7999999999999999,0.07444564870161674,0.03,0.0
baseline,saddle_node,noise_growth,9,Kalman OU,0.9351184737934367,1.2506379029620796,0.03569202577845906,0.07114683078774779,0.020935438595817767,-0.31551942916864284,0.03545480500928873,,,,,,,,,True,0.7999999999999999,0.07444564870161674,0.03,0.0
baseline,saddle_node,noise_growth,9,Latent Neural SDE (VI),5.419180393218994,1.818617582321167,0.06810808990542985,0.0839725846896766,0.006372314997220297,3.600562810897827,0.015864494784246744,,,,,,,,,True,0.7999999999999999,0.07444564870161674,0.03,0.0
baseline,saddle_node,noise_growth,9,Moment OU,,0.07724809584465431,,0.015841851142870563,,,,,,,,,,,,False,0.7999999999999999,0.07444564870161674,0.03,0.0
baseline,saddle_node,noise_growth,9,Neural SDE (Euler),5.6100664138793945,1.7948353290557861,0.06812855486515383,0.08683516358794013,,3.8152310848236084,0.018706608722786303,,,,,,,,,True,0.7999999999999999,0.07444564870161674,0.03,0.0
baseline,saddle_node,noise_growth,9,SINDy-STLSQ,4.703497115598217,0.8956954361389463,0.06836697608423518,0.08382139921879862,,3.8078016794592706,0.015454423134563439,,,,,,,,4.0,True,0.7999999999999999,0.07444564870161674,0.03,0.0
baseline,saddle_node,noise_growth,10,Bayesian SINDy (spike-slab),3.6853247959462494,1.0668875796032926,0.07146904198206497,0.11846551100303468,,2.618437216342957,0.04699646902096971,-0.0,2.0796203180838044,0.1001627113287767,0.14237119531112702,0.8000384715648468,0.026551853631838682,0.011704745748409694,2.0,True,0.7999999999999999,0.07374262163054035,0.03,0.0
baseline,saddle_node,noise_growth,10,Kalman OU,1.0197341390933865,0.47627314896567313,0.02798882921148397,0.06627668133766784,0.03384240532023001,0.5434609901277134,0.03828785212618387,,,,,,,,,True,0.7999999999999999,0.07374262163054035,0.03,0.0
baseline,saddle_node,noise_growth,10,Latent Neural SDE (VI),5.0227203369140625,1.931039810180664,0.06953906093600265,0.1203462144228696,0.009478254381515804,3.0916805267333984,0.05080715348686694,,,,,,,,,True,0.7999999999999999,0.07374262163054035,0.03,0.0
baseline,saddle_node,noise_growth,10,Moment OU,,0.7508588207522161,,0.08858608802181338,,,,,,,,,,,,False,0.7999999999999999,0.07374262163054035,0.03,0.0
baseline,saddle_node,noise_growth,10,Neural SDE (Euler),5.01828145980835,1.9087599515914917,0.07080591979336129,0.12015254912067541,,3.109521508216858,0.04934662932731412,,,,,,,,,True,0.7999999999999999,0.07374262163054035,0.03,0.0
baseline,saddle_node,noise_growth,10,SINDy-STLSQ,4.394637365041226,1.8467104643449979,0.0720989632750652,0.11669706279395665,,2.547926900696228,0.04459809951889146,,,,,,,,3.0,True,0.7999999999999999,0.07374262163054035,0.03,0.0
baseline,saddle_node,noise_growth,11,Bayesian SINDy (spike-slab),4.373223901128215,2.3379173141858103,0.0838390362999125,0.10876977272165891,,2.0353065869424047,0.02493073642174641,1.357430678365456,3.31149406545538,0.09417453468203503,0.12679100763724444,0.9795473775725522,0.012240564502320733,0.02731070620478698,2.0,True,0.7999999999999999,0.07451637064821637,0.03,0.0
baseline,saddle_node,noise_growth,11,Kalman OU,1.7098326359075422,1.0964473274041535,0.034952146102982966,0.07288002404153675,0.033556180210636416,0.6133853085033887,0.03792787793855378,,,,,,,,,True,0.7999999999999999,0.07451637064821637,0.03,0.0
baseline,saddle_node,noise_growth,11,Latent Neural SDE (VI),5.620040416717529,3.2065014839172363,0.08472359842409795,0.11201533032565837,0.007164861075527159,2.413538932800293,0.027291731901560423,,,,,,,,,True,0.7999999999999999,0.07451637064821637,0.03,0.0
baseline,saddle_node,noise_growth,11,Moment OU,5.216395759112012,1.842753242182668,0.07728908738433646,0.096714232382333,,3.373642516929344,0.019425144997996538,,,,,,,,,True,0.7999999999999999,0.07451637064821637,0.03,0.0
baseline,saddle_node,noise_growth,11,Neural SDE (Euler),5.536947250366211,2.9714698791503906,0.08576361585844815,0.1141873873022585,,2.5654773712158203,0.02842377144381035,,,,,,,,,True,0.7999999999999999,0.07451637064821637,0.03,0.0
baseline,saddle_node,noise_growth,11,SINDy-STLSQ,5.939978730834805,2.418628337549015,0.08358529618515911,0.11028791444127296,,3.52135039328579,0.02670261825611385,,,,,,,,3.0,True,0.7999999999999999,0.07451637064821637,0.03,0.0
baseline,saddle_node,noise_growth,12,Bayesian SINDy (spike-slab),3.344526114174544,1.9452065536375167,0.07148495942108775,0.09993733632098843,,1.3993195605370274,0.028452376899900683,0.985934998938579,2.8742383148266724,0.08615862863090566,0.11793501667188228,0.9885304676225787,0.015961959050465345,0.015026051410589058,2.0,True,0.7999999999999999,0.07456225348735501,0.03,0.0
baseline,saddle_node,noise_growth,12,Kalman OU,2.0128926405115464,1.518623680393752,0.05201513461760133,0.09312731275219688,0.022933032290118203,0.4942689601177943,0.04111217813459555,,,,,,,,,True,0.7999999999999999,0.07456225348735501,0.03,0.0
baseline,saddle_node,noise_growth,12,Latent Neural SDE (VI),4.6604814529418945,3.3370423316955566,0.07203291573085878,0.0974407239451202,0.0069763140800861495,1.323439121246338,0.025407808214261418,,,,,,,,,True,0.7999999999999999,0.07456225348735501,0.03,0.0
baseline,saddle_node,noise_growth,12,Moment OU,,1.1000818453800207,,0.07283231838876077,,,,,,,,,,,,False,0.7999999999999999,0.07456225348735501,0.03,0.0
baseline,saddle_node,noise_growth,12,Neural SDE (Euler),4.740265846252441,3.2171452045440674,0.07314427855169901,0.09535543554683333,,1.523120641708374,0.022211156995134318,,,,,,,,,True,0.7999999999999999,0.07456225348735501,0.03,0.0
baseline,saddle_node,noise_growth,12,SINDy-STLSQ,3.842706782430274,2.707628509578272,0.07095254917709666,0.10005374663579844,,1.135078272852002,0.02910119745870178,,,,,,,,3.0,True,0.7999999999999999,0.07456225348735501,0.03,0.0
baseline,saddle_node,noise_growth,13,Bayesian SINDy (spike-slab),4.5484253998778,1.8561371458064477,0.06791027291753349,0.09786023776602852,,2.6922882540713524,0.029949964848495034,0.41326325350643583,2.8269376631491383,0.08355148760840037,0.11487596083534476,0.9278814152652555,0.024148278203516404,0.06793909005268153,2.0,True,0.7999999999999999,0.0729997112543766,0.03,0.0
baseline,saddle_node,noise_growth,13,Kalman OU,2.020493421738285,2.494211104785113,0.026011368979603353,0.12439666877798002,0.0010000000000000002,-0.47371768304682815,0.09838529979837667,,,,,,,,,True,0.7999999999999999,0.0729997112543766,0.03,0.0
baseline,saddle_node,noise_growth,13,Latent Neural SDE (VI),4.440456390380859,2.1854333877563477,0.07702289668794864,0.09627354755525516,0.006391863621318927,2.2550230026245117,0.019250650867306526,,,,,,,,,True,0.7999999999999999,0.0729997112543766,0.03,0.0
baseline,saddle_node,noise_growth,13,Moment OU,,0.9478669400340027,,0.06468990792620963,,,,,,,,,,,,False,0.7999999999999999,0.0729997112543766,0.03,0.0
baseline,saddle_node,noise_growth,13,Neural SDE (Euler),4.459826946258545,2.177257537841797,0.07854967105530317,0.09733070009720947,,2.282569408416748,0.018781029041906303,,,,,,,,,True,0.7999999999999999,0.0729997112543766,0.03,0.0
baseline,saddle_node,noise_growth,13,SINDy-STLSQ,3.453897727729202,1.7582500162475125,0.06806730365045902,0.09797069727864915,,1.6956477114816892,0.02990339362819014,,,,,,,,4.0,True,0.7999999999999999,0.0729997112543766,0.03,0.0
baseline,saddle_node,noise_growth,14,Bayesian SINDy (spike-slab),3.5745435610853877,2.1943327675949003,0.08272655764019515,0.09764169686662959,,1.3802107934904875,0.014915139226434435,1.200994584244183,3.166678074685036,0.08432174535810516,0.1144659727068128,0.9865838401652571,0.021394807549527498,0.01757043290757219,2.0,True,0.7999999999999999,0.07438423407184605,0.03,0.0
baseline,saddle_node,noise_growth,14,Kalman OU,3.0000000000000004,2.164090737275801,0.06779371590577968,0.10277846421469422,0.020141768808555557,0.8359092627241993,0.03498474830891454,,,,,,,,,True,0.7999999999999999,0.07438423407184605,0.03,0.0
baseline,saddle_node,noise_growth,14,Latent Neural SDE (VI),3.371744155883789,2.1985034942626953,0.07986521890218529,0.09769570091819221,0.006234561397883742,1.1732406616210938,0.017830482016006927,,,,,,,,,True,0.7999999999999999,0.07438423407184605,0.03,0.0
baseline,saddle_node,noise_growth,14,Moment OU,2.597984188349543,1.1982966189319089,0.056065633940545055,0.06843025148541647,,1.399687569417634,0.012364617544871413,,,,,,,,,True,0.7999999999999999,0.07438423407184605,0.03,0.0
baseline,saddle_node,noise_growth,14,Neural SDE (Euler),3.3909683227539062,2.1744844913482666,0.0821220157345737,0.08652143248336559,,1.2164838314056396,0.004399416748791893,,,,,,,,,True,0.7999999999999999,0.07438423407184605,0.03,0.0
baseline,saddle_node,noise_growth,14,SINDy-STLSQ,2.626051577892357,2.447069690820842,0.08196749678609198,0.09834615673518532,,0.1789818870715152,0.016378659949093335,,,,,,,,3.0,True,0.7999999999999999,0.07438423407184605,0.03,0.0
baseline,saddle_node,noise_growth,15,Bayesian SINDy (spike-slab),4.015728785040207,3.5228700208354677,0.07132893732720896,0.11210206983995138,,0.4928587642047395,0.04077313251274242,2.416253280540574,4.611960191082823,0.0964606730503187,0.13322734471050268,0.9998853670367708,0.008414711761218682,0.005479419896436882,2.0,True,0.7999999999999999,0.07382380071872978,0.03,0.0
baseline,saddle_node,noise_growth,15,Kalman OU,1.260582654142069,3.0000000000000004,0.02798968730244068,0.09980714917634717,0.03488053028224554,-1.7394173458579314,0.07181746187390649,,,,,,,,,True,0.7999999999999999,0.07382380071872978,0.03,0.0
baseline,saddle_node,noise_growth,15,Latent Neural SDE (VI),3.7105929851531982,3.280839443206787,0.07111946082687638,0.11792451031286871,0.007103806689801911,0.42975354194641113,0.04680504948599233,,,,,,,,,True,0.7999999999999999,0.07382380071872978,0.03,0.0
baseline,saddle_node,noise_growth,15,Moment OU,1.2088906434397273,4.226722932877249,0.026036364115744413,0.12839057124637773,,-3.0178322894375214,0.10235420713063331,,,,,,,,,True,0.7999999999999999,0.07382380071872978,0.03,0.0
baseline,saddle_node,noise_growth,15,Neural SDE (Euler),3.6752572059631348,3.2940187454223633,0.06957800528306934,0.11943605508833825,,0.3812384605407715,0.04985804980526891,,,,,,,,,True,0.7999999999999999,0.07382380071872978,0.03,0.0
baseline,saddle_node,noise_growth,15,SINDy-STLSQ,2.8264552576439446,3.5175690348038477,0.07155311870057039,0.11399688678850918,,-0.6911137771599032,0.04244376808793879,,,,,,,,2.0,True,0.7999999999999999,0.07382380071872978,0.03,0.0
baseline,saddle_node,noise_growth,16,Bayesian SINDy (spike-slab),3.4527937162600124,2.01519660096225,0.08319982601549608,0.10225167972955929,,1.4375971152977622,0.019051853714063205,1.0817272182489377,3.0236793783594758,0.0872728204061748,0.11842996541995998,0.993238029173276,0.027142492725419656,0.016678641845088903,2.0,True,0.7999999999999999,0.0746330735435569,0.03,0.0
baseline,saddle_node,noise_growth,16,Kalman OU,1.0673585282651288,0.9832506804630242,0.03633570448447141,0.06871353583170119,0.03011426559816514,0.08410784780210456,0.032377831347229775,,,,,,,,,True,0.7999999999999999,0.0746330735435569,0.03,0.0
baseline,saddle_node,noise_growth,16,Latent Neural SDE (VI),3.635706663131714,3.4106507301330566,0.08395369707053464,0.101677540759654,0.006674533042902322,0.22505593299865723,0.017723843689119362,,,,,,,,,True,0.7999999999999999,0.0746330735435569,0.03,0.0
baseline,saddle_node,noise_growth,16,Moment OU,1.8724801490539265,1.0122019508494853,0.05184712736562054,0.07143375083442688,,0.8602781982044412,0.01958662346880634,,,,,,,,,True,0.7999999999999999,0.0746330735435569,0.03,0.0
baseline,saddle_node,noise_growth,16,Neural SDE (Euler),3.562711715698242,3.4634385108947754,0.08581779809694629,0.1036797595311471,,0.0992732048034668,0.01786196143420081,,,,,,,,,True,0.7999999999999999,0.0746330735435569,0.03,0.0
baseline,saddle_node,noise_growth,16,SINDy-STLSQ,2.6227884510712363,2.7452160739061715,0.0835667445384561,0.10168940548800007,,-0.12242762283493525,0.01812266094954397,,,,,,,,4.0,True,0.7999999999999999,0.0746330735435569,0.03,0.0
baseline,saddle_node,noise_growth,17,Bayesian SINDy (spike-slab),3.237552066049679,0.1783100576545786,0.0811770152558709,0.09981475300392822,,3.0592420083951004,0.018637737748057326,-0.0,1.0943936106338528,0.08466585123299619,0.11658414885768627,0.12200790268014701,0.02049649903357097,0.14431564381203804,1.0,True,0.7999999999999999,0.07393617576177156,0.03,0.0
baseline,saddle_node,noise_growth,17,Kalman OU,1.1945714422810756,0.5529555634560602,0.04143121360982716,0.09069217161963038,0.01606686543917636,0.6416158788250154,0.049260958009803214,,,,,,,,,True,0.7999999999999999,0.07393617576177156,0.03,0.0
baseline,saddle_node,noise_growth,17,Latent Neural SDE (VI),4.508852958679199,0.507817268371582,0.08654926961830886,0.08394841790409906,0.010760761574974933,4.001035690307617,-0.0026008517142098037,,,,,,,,,True,0.7999999999999999,0.07393617576177156,0.03,0.0
baseline,saddle_node,noise_growth,17,Moment OU,1.154320045466363,0.1414468828653675,0.03897789378612102,0.04516846892588082,,1.0128731626009955,0.006190575139759798,,,,,,,,,True,0.7999999999999999,0.07393617576177156,0.03,0.0
baseline,saddle_node,noise_growth,17,Neural SDE (Euler),4.594598293304443,0.5446571111679077,0.08708214815684928,0.08921802760449356,,4.049941182136536,0.002135879447644276,,,,,,,,,True,0.7999999999999999,0.07393617576177156,0.03,0.0
baseline,saddle_node,noise_growth,17,SINDy-STLSQ,3.3907786744451625,0.673917518692979,0.08243966246364799,0.09613980465283033,,2.7168611557521833,0.013700142189182335,,,,,,,,3.0,True,0.7999999999999999,0.07393617576177156,0.03,0.0
baseline,saddle_node,noise_growth,18,Bayesian SINDy (spike-slab),2.885207997006122,2.0358308904488074,0.08109953538740018,0.10077974861718433,,0.8493771065573146,0.019680213229784152,0.9771951553220228,2.8605300234240905,0.08625497171201763,0.1184509746438281,0.9652403909913033,0.01062375478664063,0.03803384282457758,2.0,True,0.7999999999999999,0.07398883337257872,0.03,0.0
baseline,saddle_node,noise_growth,18,Kalman OU,0.33982502046240093,2.2465509889098048,0.020687465291507154,0.11321549678143834,0.01651124022337695,-1.9067259684474038,0.09252803148993119,,,,,,,,,True,0.7999999999999999,0.07398883337257872,0.03,0.0
baseline,saddle_node,noise_growth,18,Latent Neural SDE (VI),3.3571298122406006,1.983285903930664,0.08594438303507052,0.10028073374122351,0.007026034047036385,1.3738439083099365,0.014336350706152995,,,,,,,,,True,0.7999999999999999,0.07398883337257872,0.03,0.0
baseline,saddle_node,noise_growth,18,Moment OU,0.4586505297352876,1.0153209114349357,0.026853203170071355,0.06834088422568015,,-0.5566703816996481,0.041487681055608794,,,,,,,,,True,0.7999999999999999,0.07398883337257872,0.03,0.0
baseline,saddle_node,noise_growth,18,Neural SDE (Euler),3.3349714279174805,2.0331952571868896,0.08820624324007081,0.10231049228928439,,1.3017761707305908,0.014104249049213577,,,,,,,,,True,0.7999999999999999,0.07398883337257872,0.03,0.0
baseline,saddle_node,noise_growth,18,SINDy-STLSQ,3.5008155999202653,1.5311596319508822,0.08175920666919688,0.1012546143790815,,1.969655967969383,0.019495407709884616,,,,,,,,3.0,True,0.7999999999999999,0.07398883337257872,0.03,0.0
baseline,saddle_node,noise_growth,19,Bayesian SINDy (spike-slab),3.491339939605538,1.8787747602289933,0.07638249488826043,0.09990868935296174,,1.6125651793765445,0.023526194464701305,0.9031309156719483,3.077082564055413,0.08643547723722794,0.1156671598355014,0.9835950346484298,0.01202903304620584,0.02843105093207143,2.0,True,0.7999999999999999,0.07401887249652003,0.03,0.0
baseline,saddle_node,noise_growth,19,Kalman OU,1.077398915941771,1.061487442849643,0.032592806521120544,0.07268417369145908,0.027717695125950636,0.015911473092127926,0.04009136717033853,,,,,,,,,True,0.7999999999999999,0.07401887249652003,0.03,0.0
baseline,saddle_node,noise_growth,19,Latent Neural SDE (VI),4.2237749099731445,3.7834417819976807,0.08061521034633239,0.11143853990002624,0.007466525264985358,0.44033312797546387,0.03082332955369385,,,,,,,,,True,0.7999999999999999,0.07401887249652003,0.03,0.0
baseline,saddle_node,noise_growth,19,Moment OU,0.3729856581051222,0.7999485886575822,0.017633134821033222,0.06312108323158545,,-0.42696293055246004,0.04548794841055223,,,,,,,,,True,0.7999999999999999,0.07401887249652003,0.03,0.0
baseline,saddle_node,noise_growth,19,Neural SDE (Euler),4.1902055740356445,3.9059553146362305,0.08103082937350105,0.1150729853697563,,0.28425025939941406,0.03404215599625525,,,,,,,,,True,0.7999999999999999,0.07401887249652003,0.03,0.0
baseline,saddle_node,noise_growth,19,SINDy-STLSQ,3.4815122724318406,2.9416381824553772,0.07565890047288824,0.09981184454161643,,0.5398740899764634,0.024152944068728185,,,,,,,,3.0,True,0.7999999999999999,0.07401887249652003,0.03,0.0
baseline,saddle_node,noise_growth,20,Bayesian SINDy (spike-slab),3.2373364127538675,2.02638548603545,0.07229173244909952,0.11429528211528776,,1.2109509267184175,0.042003549666188245,1.0510369374652475,2.953080205115157,0.09802861854072181,0.13383334986992443,0.9891465253792677,0.01233732545875321,0.009909238418966614,2.0,True,0.7999999999999999,0.07413226649080787,0.03,0.0
baseline,saddle_node,noise_growth,20,Kalman OU,0.5323289161550513,1.5245005620513754,0.023349109352913802,0.09926775611243376,0.028645699503137435,-0.9921716458963241,0.07591864675951995,,,,,,,,,True,0.7999999999999999,0.07413226649080787,0.03,0.0
baseline,saddle_node,noise_growth,20,Latent Neural SDE (VI),4.13707971572876,2.8171145915985107,0.07299622279158373,0.1264362945015996,0.0075309938870811366,1.319965124130249,0.05344007171001587,,,,,,,,,True,0.7999999999999999,0.07413226649080787,0.03,0.0
baseline,saddle_node,noise_growth,20,Moment OU,,1.5734851586238232,,0.09921535189335304,,,,,,,,,,,,False,0.7999999999999999,0.07413226649080787,0.03,0.0
baseline,saddle_node,noise_growth,20,Neural SDE (Euler),4.12502908706665,2.7616734504699707,0.07510868940409009,0.1285476639598575,,1.3633556365966797,0.05343897455576742,,,,,,,,,True,0.7999999999999999,0.07413226649080787,0.03,0.0
baseline,saddle_node,noise_growth,20,SINDy-STLSQ,3.288026394306811,2.0593934121304898,0.07304925208349682,0.11538899177134428,,1.2286329821763213,0.04233973968784746,,,,,,,,2.0,True,0.7999999999999999,0.07413226649080787,0.03,0.0
baseline,saddle_node,noise_growth,21,Bayesian SINDy (spike-slab),3.1317195645779696,2.8184509283920303,0.07859543129600388,0.10681745790420756,,0.31326863618593936,0.02822202660820368,1.8732837201922772,3.732673095038693,0.09172885017163993,0.12473562597971215,0.9995413143810853,0.013700786299840813,0.013170758944135278,2.0,True,0.7999999999999999,0.07318962794370362,0.03,0.0
baseline,saddle_node,noise_growth,21,Kalman OU,3.0000000000000004,1.9104633179422625,0.0852226187103587,0.08501149788221317,0.03157159573297446,1.089536682057738,-0.00021112082814553346,,,,,,,,,True,0.7999999999999999,0.07318962794370362,0.03,0.0
baseline,saddle_node,noise_growth,21,Latent Neural SDE (VI),5.284130096435547,3.779413938522339,0.07644976848597801,0.11826220514301658,0.006519514213281161,1.504716157913208,0.04181243665703857,,,,,,,,,True,0.7999999999999999,0.07318962794370362,0.03,0.0
baseline,saddle_node,noise_growth,21,Moment OU,0.3973949826918684,2.353697934345208,0.021112683619051234,0.09805513354889835,,-1.9563029516533395,0.07694244992984711,,,,,,,,,True,0.7999999999999999,0.07318962794370362,0.03,0.0
baseline,saddle_node,noise_growth,21,Neural SDE (Euler),5.261231422424316,3.7375640869140625,0.07693126722255579,0.1196413878582267,,1.523667335510254,0.04271012063567091,,,,,,,,,True,0.7999999999999999,0.07318962794370362,0.03,0.0
baseline,saddle_node,noise_growth,21,SINDy-STLSQ,3.7801917903792175,3.533551937441845,0.07882425989273277,0.10792086243467512,,0.24663985293737234,0.02909660254194235,,,,,,,,4.0,True,0.7999999999999999,0.07318962794370362,0.03,0.0
baseline,saddle_node,noise_growth,22,Bayesian SINDy (spike-slab),3.123439329845311,2.169349383688269,0.08218761837379394,0.08767920410644763,,0.9540899461570418,0.005491585732653681,1.1095865903946032,3.1745189886835194,0.0755426685754614,0.10162994561810872,0.9803713646423299,0.09692590145332022,0.024239304713916884,2.0,True,0.7999999999999999,0.07402658874406129,0.03,0.0
baseline,saddle_node,noise_growth,22,Kalman OU,0.76360638432581,1.20954511585715,0.030771212121813253,0.06357859446583819,0.024680414644806574,-0.44593873153134,0.032807382344024937,,,,,,,,,True,0.7999999999999999,0.07402658874406129,0.03,0.0
baseline,saddle_node,noise_growth,22,Latent Neural SDE (VI),3.3822121620178223,2.110137701034546,0.08478831436343666,0.08347208857382143,0.005817236022722519,1.2720744609832764,-0.0013162257896152246,,,,,,,,,True,0.7999999999999999,0.07402658874406129,0.03,0.0
baseline,saddle_node,noise_growth,22,Moment OU,1.7601761870928914,0.409516324277785,0.04757333995214397,0.03445294309743713,,1.3506598628151063,-0.01312039685470684,,,,,,,,,True,0.7999999999999999,0.07402658874406129,0.03,0.0
baseline,saddle_node,noise_growth,22,Neural SDE (Euler),3.4304046630859375,2.1862282752990723,0.08621006422419404,0.08625157614217746,,1.2441763877868652,4.1511917983419466e-05,,,,,,,,,True,0.7999999999999999,0.07402658874406129,0.03,0.0
baseline,saddle_node,noise_growth,22,SINDy-STLSQ,2.1294652843162973,2.6344022893431225,0.08072931467974795,0.08648030756801318,,-0.5049370050268251,0.005750992888265236,,,,,,,,3.0,True,0.7999999999999999,0.07402658874406129,0.03,0.0
baseline,saddle_node,noise_growth,23,Bayesian SINDy (spike-slab),2.734774735089891,1.5704008825599434,0.07783677129247785,0.08858431513109107,,1.1643738525299476,0.010747543838613219,0.18018416924973635,2.5247490629396396,0.07499980861859393,0.10364834423279735,0.6777630695005391,0.011832539072689682,0.3229355185409144,2.0,True,0.7999999999999999,0.07336743429572233,0.03,0.0
baseline,saddle_node,noise_growth,23,Kalman OU,0.6078394951380461,0.8649286500650555,0.035770238158807297,0.05875836399901282,0.02595771917803024,-0.25708915492700934,0.02298812584020552,,,,,,,,,True,0.7999999999999999,0.07336743429572233,0.03,0.0
baseline,saddle_node,noise_growth,23,Latent Neural SDE (VI),2.5950093269348145,1.5239536762237549,0.08609749808981818,0.09038317692033802,0.006204564168132653,1.0710556507110596,0.0042856788305198484,,,,,,,,,True,0.7999999999999999,0.07336743429572233,0.03,0.0
baseline,saddle_node,noise_growth,23,Moment OU,0.3466266810749255,0.28571445014926833,0.023842689553454893,0.032372202000027224,,0.060912230925657174,0.00852951244657233,,,,,,,,,True,0.7999999999999999,0.07336743429572233,0.03,0.0
baseline,saddle_node,noise_growth,23,Neural SDE (Euler),2.7370691299438477,1.5807923078536987,0.08738789286237507,0.09310267558223849,,1.156276822090149,0.0057147827198634205,,,,,,,,,True,0.7999999999999999,0.07336743429572233,0.03,0.0
baseline,saddle_node,noise_growth,23,SINDy-STLSQ,2.2308755528262805,0.8999533289827879,0.0785046824122773,0.08832800420741149,,1.3309222238434926,0.00982332179513419,,,,,,,,4.0,True,0.7999999999999999,0.07336743429572233,0.03,0.0
baseline,saddle_node,noise_growth,24,Bayesian SINDy (spike-slab),3.174830883858314,0.9137312858884306,0.07551127408615992,0.10765030840280362,,2.2610995979698836,0.03213903431664371,-0.0,1.8498512250523962,0.09202100794500978,0.12606654142305235,0.644291203138982,0.012199001153965884,0.1610216214628881,2.0,True,0.7999999999999999,0.07397826681321402,0.03,0.0
baseline,saddle_node,noise_growth,24,Kalman OU,1.1757583700234502,0.7078278765571916,0.03741861283626883,0.07807220663500399,0.027122136194568682,0.4679304934662586,0.040653593798735156,,,,,,,,,True,0.7999999999999999,0.07397826681321402,0.03,0.0
baseline,saddle_node,noise_growth,24,Latent Neural SDE (VI),3.79789137840271,1.1725001335144043,0.07636935231130601,0.10964639423796829,0.0088212544009665,2.6253912448883057,0.03327704192666228,,,,,,,,,True,0.7999999999999999,0.07397826681321402,0.03,0.0
baseline,saddle_node,noise_growth,24,Moment OU,,0.5095517359584916,,0.06762642712317594,,,,,,,,,,,,False,0.7999999999999999,0.07397826681321402,0.03,0.0
baseline,saddle_node,noise_growth,24,Neural SDE (Euler),3.7627429962158203,1.2665393352508545,0.07746488447097612,0.11396583087082099,,2.496203660964966,0.03650094639984487,,,,,,,,,True,0.7999999999999999,0.07397826681321402,0.03,0.0
baseline,saddle_node,noise_growth,24,SINDy-STLSQ,3.2311015353427717,0.8637797800015286,0.07561707015079541,0.10782359184068083,,2.3673217553412433,0.032206521689885415,,,,,,,,3.0,True,0.7999999999999999,0.07397826681321402,0.03,0.0
baseline,saddle_node,noise_growth,25,Bayesian SINDy (spike-slab),3.4680433565157798,2.378599528972474,0.08563109619039568,0.1094865864174123,,1.0894438275433056,0.02385549022701662,1.357635750595619,3.3936201275169298,0.0946248282240826,0.12671169111948907,0.997091611750438,0.014315650547914961,0.011784048540154666,2.0,True,0.7999999999999999,0.07390497545072508,0.03,0.0
baseline,saddle_node,noise_growth,25,Kalman OU,0.9742294763382462,1.3756782874488085,0.03541397935673373,0.08009829725695544,0.0321542601465048,-0.4014488111105623,0.04468431790022171,,,,,,,,,True,0.7999999999999999,0.07390497545072508,0.03,0.0
baseline,saddle_node,noise_growth,25,Latent Neural SDE (VI),3.612898349761963,3.47774338722229,0.08890047905683805,0.10748856052790265,0.00703877988233314,0.13515496253967285,0.018588081471064596,,,,,,,,,True,0.7999999999999999,0.07390497545072508,0.03,0.0
baseline,saddle_node,noise_growth,25,Moment OU,2.4360857907682467,1.7680658171134236,0.0632866644245717,0.09349351020888133,,0.6680199736548231,0.030206845784309627,,,,,,,,,True,0.7999999999999999,0.07390497545072508,0.03,0.0
baseline,saddle_node,noise_growth,25,Neural SDE (Euler),3.647578239440918,3.4485158920288086,0.09028290240735312,0.109587594656561,,0.19906234741210938,0.019304692249207875,,,,,,,,,True,0.7999999999999999,0.07390497545072508,0.03,0.0
baseline,saddle_node,noise_growth,25,SINDy-STLSQ,3.055054976060156,2.950631141790304,0.08695403446629522,0.11013423448481373,,0.10442383426985202,0.023180200018518504,,,,,,,,4.0,True,0.7999999999999999,0.07390497545072508,0.03,0.0
baseline,saddle_node,noise_growth,26,Bayesian SINDy (spike-slab),3.477238302747909,2.983131368596762,0.0821867523695186,0.10065227148443183,,0.4941069341511466,0.01846551911491323,1.9695585083755578,3.97242351462166,0.08687023470881876,0.1181318488246196,0.9997211476563853,0.016774760563616896,0.00599095684189815,2.0,True,0.7999999999999999,0.07493268358650772,0.03,0.0
baseline,saddle_node,noise_growth,26,Kalman OU,0.7048528614049553,3.0000000000000004,0.03301148168413698,0.10840330001074262,0.024358640650113724,-2.2951471385950453,0.07539181832660564,,,,,,,,,True,0.7999999999999999,0.07493268358650772,0.03,0.0
baseline,saddle_node,noise_growth,26,Latent Neural SDE (VI),3.827091932296753,4.174204349517822,0.08264722560025817,0.10248551512529296,0.006250176674914108,-0.34711241722106934,0.01983828952503479,,,,,,,,,True,0.7999999999999999,0.07493268358650772,0.03,0.0
baseline,saddle_node,noise_growth,26,Moment OU,1.8759358990099473,2.7205739669698246,0.05017484933685235,0.09266586127832112,,-0.8446380679598773,0.042491011941468766,,,,,,,,,True,0.7999999999999999,0.07493268358650772,0.03,0.0
baseline,saddle_node,noise_growth,26,Neural SDE (Euler),3.746865749359131,4.051950454711914,0.08454244663231356,0.10437328353947281,,-0.3050847053527832,0.019830836907159255,,,,,,,,,True,0.7999999999999999,0.07493268358650772,0.03,0.0
baseline,saddle_node,noise_growth,26,SINDy-STLSQ,3.24376457833041,3.2692933510772697,0.08342237775024121,0.10172237057069884,,-0.02552877274685983,0.018299992820457633,,,,,,,,3.0,True,0.7999999999999999,0.07493268358650772,0.03,0.0
baseline,saddle_node,noise_growth,27,Bayesian SINDy (spike-slab),3.947164894131961,2.0947618705178757,0.0724723014911177,0.10954778213111195,,1.8524030236140852,0.037075480639994246,1.0411862263971676,3.172937831623377,0.09404141675524072,0.12721649293992326,0.9814698598017658,0.02376751485430163,0.026600581267506737,2.0,True,0.7999999999999999,0.07429047967388624,0.03,0.0
baseline,saddle_node,noise_growth,27,Kalman OU,3.0000000000000004,2.6535609155856057,0.04771840178566619,0.1421500668382402,0.0010000000000000002,0.34643908441439475,0.094431665052574,,,,,,,,,True,0.7999999999999999,0.07429047967388624,0.03,0.0
baseline,saddle_node,noise_growth,27,Latent Neural SDE (VI),4.025763988494873,2.725703716278076,0.07735153083147744,0.11993277819447117,0.007321270653270879,1.3000602722167969,0.04258124736299372,,,,,,,,,True,0.7999999999999999,0.07429047967388624,0.03,0.0
baseline,saddle_node,noise_growth,27,Moment OU,,1.6977905487707567,,0.0978711178463424,,,,,,,,,,,,False,0.7999999999999999,0.07429047967388624,0.03,0.0
baseline,saddle_node,noise_growth,27,Neural SDE (Euler),3.9145212173461914,2.719886541366577,0.07910701064783153,0.12295554297457999,,1.1946346759796143,0.04384853232674846,,,,,,,,,True,0.7999999999999999,0.07429047967388624,0.03,0.0
baseline,saddle_node,noise_growth,27,SINDy-STLSQ,4.254083733262831,2.947620197666475,0.07318179158395083,0.10995105609042052,,1.3064635355963565,0.036769264506469695,,,,,,,,4.0,True,0.7999999999999999,0.07429047967388624,0.03,0.0
baseline,saddle_node,noise_growth,28,Bayesian SINDy (spike-slab),2.4293920936858844,1.911570217136167,0.07529337392840135,0.10216091914183184,,0.5178218765497173,0.026867545213430488,0.8622139320453261,2.8397864230656222,0.08782766547794238,0.11981337895297033,0.9856831137652441,0.02008751791802751,0.009464614954640434,2.0,True,0.7999999999999999,0.07377639749997907,0.03,0.0
baseline,saddle_node,noise_growth,28,Kalman OU,0.3999434695974486,1.3518523443966328,0.02973300881970961,0.08546808825005117,0.02611435741762098,-0.9519088747991842,0.05573507943034156,,,,,,,,,True,0.7999999999999999,0.07377639749997907,0.03,0.0
baseline,saddle_node,noise_growth,28,Latent Neural SDE (VI),2.5297200679779053,1.9645466804504395,0.07395816909836793,0.10215880849088314,0.007134931792475982,0.5651733875274658,0.028200639392515214,,,,,,,,,True,0.7999999999999999,0.07377639749997907,0.03,0.0
baseline,saddle_node,noise_growth,28,Moment OU,,0.9470052888098878,,0.0701078194198456,,,,,,,,,,,,False,0.7999999999999999,0.07377639749997907,0.03,0.0
baseline,saddle_node,noise_growth,28,Neural SDE (Euler),2.55387282371521,1.9986281394958496,0.0765230411648249,0.10360005496354965,,0.5552446842193604,0.02707701379872475,,,,,,,,,True,0.7999999999999999,0.07377639749997907,0.03,0.0
baseline,saddle_node,noise_growth,28,SINDy-STLSQ,2.8010103319740325,2.020583084473895,0.07498543164447433,0.10302211414419904,,0.7804272475001377,0.028036682499724713,,,,,,,,4.0,True,0.7999999999999999,0.07377639749997907,0.03,0.0
baseline,saddle_node,noise_growth,29,Bayesian SINDy (spike-slab),3.1818894714206785,1.9802239708502258,0.07545679081350402,0.09289554212489476,,1.2016655005704526,0.017438751311390735,0.9297601238567129,2.9538546871886155,0.07998842652107906,0.10804284852746009,0.9893966381181757,0.026056783321392496,0.007777712605214594,2.0,True,0.7999999999999999,0.07415812532193497,0.03,0.0
baseline,saddle_node,noise_growth,29,Kalman OU,1.531613021361141,2.179628895698326,0.045988005546124346,0.10428029322335233,0.014494163965848957,-0.6480158743371849,0.05829228767722799,,,,,,,,,True,0.7999999999999999,0.07415812532193497,0.03,0.0
baseline,saddle_node,noise_growth,29,Latent Neural SDE (VI),4.444681644439697,2.3988406658172607,0.07647829610946721,0.09182336989649877,0.006161247313743516,2.0458409786224365,0.015345073787031552,,,,,,,,,True,0.7999999999999999,0.07415812532193497,0.03,0.0
baseline,saddle_node,noise_growth,29,Moment OU,,0.5871104102287122,,0.04686019161284312,,,,,,,,,,,,False,0.7999999999999999,0.07415812532193497,0.03,0.0
baseline,saddle_node,noise_growth,29,Neural SDE (Euler),4.492832183837891,2.41792893409729,0.07776456689992288,0.09251472593133822,,2.0749032497406006,0.014750159031415341,,,,,,,,,True,0.7999999999999999,0.07415812532193497,0.03,0.0
baseline,saddle_node,noise_growth,29,SINDy-STLSQ,3.20912418740398,2.347849484877899,0.07640958110702516,0.092683056288465,,0.8612747025260812,0.016273475181439845,,,,,,,,3.0,True,0.7999999999999999,0.07415812532193497,0.03,0.0
baseline,saddle_node,stability_loss,0,Bayesian SINDy (spike-slab),3.105801226767877,1.8843421100529494,0.08256408910529878,0.09276010832465716,,1.2214591167149276,0.01019601921935838,0.9823130202858338,2.7073924549862,0.08044766098712268,0.10944818172567794,0.9727111426858827,0.011001235946624667,0.02674982616143281,2.0,True,0.13477304687499997,0.030107507501397745,0.03,0.0
baseline,saddle_node,stability_loss,0,Kalman OU,0.9029361110673331,0.2234748211163967,0.035297676758414095,0.031053649542264146,0.03279210575772504,0.6794612899509364,-0.0042440272161499495,,,,,,,,,True,0.13477304687499997,0.030107507501397745,0.03,0.0
baseline,saddle_node,stability_loss,0,Latent Neural SDE (VI),3.3636860847473145,1.981176495552063,0.08294372432289772,0.0909355095441697,0.006777630592809083,1.3825095891952515,0.007991785221271974,,,,,,,,,True,0.13477304687499997,0.030107507501397745,0.03,0.0
baseline,saddle_node,stability_loss,0,Moment OU,0.9758487672014637,0.6298394502018726,0.03789460592236374,0.052298425618694216,,0.34600931699959114,0.014403819696330478,,,,,,,,,True,0.13477304687499997,0.030107507501397745,0.03,0.0
baseline,saddle_node,stability_loss,0,Neural SDE (Euler),3.3153727054595947,2.0648069381713867,0.08413240636621636,0.09343433923613988,,1.250565767288208,0.009301932869923521,,,,,,,,,True,0.13477304687499997,0.030107507501397745,0.03,0.0
baseline,saddle_node,stability_loss,0,SINDy-STLSQ,2.7199636839021357,1.8798065699997375,0.08180236721937073,0.09411472903740124,,0.8401571139023982,0.012312361818030512,,,,,,,,2.0,True,0.13477304687499997,0.030107507501397745,0.03,0.0
baseline,saddle_node,stability_loss,1,Bayesian SINDy (spike-slab),2.291812023222439,3.0222599668978627,0.08092718331270751,0.07383612931872456,,-0.7304479436754239,-0.0070910539939829514,2.0526172492275827,3.921871653023263,0.0634039023274123,0.08660603074486627,0.9997551956033132,0.009616921746996222,0.008175453520485002,2.0,True,0.13477304687499997,0.02993156911979561,0.03,0.0
baseline,saddle_node,stability_loss,1,Kalman OU,0.818053107544511,0.8857834700543187,0.044928970429885536,0.03378505032925042,0.025904137480571666,-0.06773036250980768,-0.011143920100635113,,,,,,,,,True,0.13477304687499997,0.02993156911979561,0.03,0.0
baseline,saddle_node,stability_loss,1,Latent Neural SDE (VI),3.5310068130493164,4.052189826965332,0.09008611314404574,0.07849154362884697,0.004442569871931224,-0.5211830139160156,-0.011594569515198772,,,,,,,,,True,0.13477304687499997,0.02993156911979561,0.03,0.0
baseline,saddle_node,stability_loss,1,Moment OU,0.01830565153524626,,0.005974254375276236,,,,,,,,,,,,,False,0.13477304687499997,0.02993156911979561,0.03,0.0
baseline,saddle_node,stability_loss,1,Neural SDE (Euler),3.576209545135498,3.9379968643188477,0.0923533403525697,0.0796083989432088,,-0.3617873191833496,-0.012744941409360902,,,,,,,,,True,0.13477304687499997,0.02993156911979561,0.03,0.0
baseline,saddle_node,stability_loss,1,SINDy-STLSQ,2.6906429508374368,3.5267463353951447,0.0816383289808041,0.07478340919879503,,-0.8361033845577079,-0.00685491978200907,,,,,,,,3.0,True,0.13477304687499997,0.02993156911979561,0.03,0.0
baseline,saddle_node,stability_loss,2,Bayesian SINDy (spike-slab),3.6038707419070786,4.633216283663344,0.07320320736403574,0.07402201193356422,,-1.0293455417562658,0.0008188045695284862,3.5170857087512593,5.796298792250679,0.06431304423506497,0.08735020888509039,0.9999963250856039,0.022895539070640864,0.007790617094077014,2.0,True,0.13477304687499997,0.030171473578933995,0.03,0.0
baseline,saddle_node,stability_loss,2,Kalman OU,1.3015460144792461,2.034231304359409,0.034704588020626446,0.02400569802852081,0.03146793048527143,-0.7326852898801628,-0.010698889992105637,,,,,,,,,True,0.13477304687499997,0.030171473578933995,0.03,0.0
baseline,saddle_node,stability_loss,2,Latent Neural SDE (VI),3.039534091949463,5.622702598571777,0.06922269064044928,0.08096477870555363,0.004194031370768733,-2.5831685066223145,0.01174208806510435,,,,,,,,,True,0.13477304687499997,0.030171473578933995,0.03,0.0
baseline,saddle_node,stability_loss,2,Moment OU,,5.729785528321028,,0.05307872558838741,,,,,,,,,,,,False,0.13477304687499997,0.030171473578933995,0.03,0.0
baseline,saddle_node,stability_loss,2,Neural SDE (Euler),3.08296799659729,5.592703342437744,0.06997097727411827,0.08026103302572589,,-2.509735345840454,0.010290055751607616,,,,,,,,,True,0.13477304687499997,0.030171473578933995,0.03,0.0
baseline,saddle_node,stability_loss,2,SINDy-STLSQ,2.9626440161558314,4.950821868967509,0.07208059723639769,0.0741112752158501,,-1.9881778528116776,0.0020306779794524166,,,,,,,,4.0,True,0.13477304687499997,0.030171473578933995,0.03,0.0
baseline,saddle_node,stability_loss,3,Bayesian SINDy (spike-slab),3.673363339327617,1.5550005228371242,0.07937087555865185,0.08475545573437654,,2.1183628164904924,0.005384580175724685,0.20015730331138248,3.1163974546202073,0.07249725837944165,0.09851139523700053,0.16925750377992568,0.015316507922182242,0.8567417581559533,2.0,True,0.13477304687499997,0.03015930701549648,0.03,0.0
baseline,saddle_node,stability_loss,3,Kalman OU,0.43648709207685754,0.3010777250697926,0.020795342868163057,0.027251603498229804,0.02988750386864123,0.13540936700706496,0.006456260630066747,,,,,,,,,True,0.13477304687499997,0.03015930701549648,0.03,0.0
baseline,saddle_node,stability_loss,3,Latent Neural SDE (VI),4.189168453216553,1.7354263067245483,0.08158520864357575,0.08602627837450978,0.005610192583169253,2.4537421464920044,0.0044410697309340275,,,,,,,,,True,0.13477304687499997,0.03015930701549648,0.03,0.0
baseline,saddle_node,stability_loss,3,Moment OU,1.784666043435176,0.40865436249346104,0.04262727334917988,0.032917033765998784,,1.3760116809417149,-0.009710239583181096,,,,,,,,,True,0.13477304687499997,0.03015930701549648,0.03,0.0
baseline,saddle_node,stability_loss,3,Neural SDE (Euler),4.303711891174316,1.8381856679916382,0.08287839502495059,0.08801629071823404,,2.4655262231826782,0.005137895693283448,,,,,,,,,True,0.13477304687499997,0.03015930701549648,0.03,0.0
baseline,saddle_node,stability_loss,3,SINDy-STLSQ,2.553467752648672,0.7510749137533264,0.07957723913386731,0.0849055524251047,,1.8023928388953459,0.005328313291237383,,,,,,,,4.0,True,0.13477304687499997,0.03015930701549648,0.03,0.0
baseline,saddle_node,stability_loss,4,Bayesian SINDy (spike-slab),1.1552392423999918,1.9836986508553494,0.0797932467188167,0.09161299566852836,,-0.8284594084553576,0.011819748949711661,0.9709787660004952,2.985462252085657,0.07957741154629078,0.10839451103553177,0.9668183766555302,0.013883859783885788,0.033061527216342604,2.0,True,0.13477304687499997,0.029975217339272654,0.03,0.0
baseline,saddle_node,stability_loss,4,Kalman OU,0.13376034737709083,0.04454000170920873,0.02775487323240316,0.017807887716442972,0.03048134223549664,0.0892203456678821,-0.009946985515960186,,,,,,,,,True,0.13477304687499997,0.029975217339272654,0.03,0.0
baseline,saddle_node,stability_loss,4,Latent Neural SDE (VI),1.5508686304092407,3.4586994647979736,0.08045850659545431,0.09451412491753156,0.006063424093101837,-1.907830834388733,0.014055618322077246,,,,,,,,,True,0.13477304687499997,0.029975217339272654,0.03,0.0
baseline,saddle_node,stability_loss,4,Moment OU,,0.716353471132838,,0.05060699684193307,,,,,,,,,,,,False,0.13477304687499997,0.029975217339272654,0.03,0.0
baseline,saddle_node,stability_loss,4,Neural SDE (Euler),1.5986042022705078,3.565965414047241,0.08160319969751885,0.09576383720108636,,-1.9673612117767334,0.01416063750356751,,,,,,,,,True,0.13477304687499997,0.029975217339272654,0.03,0.0
baseline,saddle_node,stability_loss,4,SINDy-STLSQ,1.7225949415158335,2.0346716779709033,0.07744291417057923,0.09303644896757263,,-0.31207673645506984,0.015593534796993394,,,,,,,,3.0,True,0.13477304687499997,0.029975217339272654,0.03,0.0
baseline,saddle_node,stability_loss,5,Bayesian SINDy (spike-slab),2.140007337498495,2.5651021538578807,0.08946672193194657,0.09123399417741405,,-0.4250948163593855,0.00176727224546748,0.24480661270866505,5.13062105712651,0.07788547353930739,0.10901962205022583,0.07687999975829465,0.851333867514881,0.9533321537533105,3.0,True,0.13477304687499997,0.029942430305347635,0.03,0.0
baseline,saddle_node,stability_loss,5,Kalman OU,0.3530223383448435,0.05523106996976644,0.03191357977003206,0.024340001636115285,0.03167228024455328,0.297791268375077,-0.007573578133916778,,,,,,,,,True,0.13477304687499997,0.029942430305347635,0.03,0.0
baseline,saddle_node,stability_loss,5,Latent Neural SDE (VI),2.4208552837371826,2.528550624847412,0.08458024049598627,0.10698292910728885,0.008067080168137043,-0.10769534111022949,0.022402688611302582,,,,,,,,,True,0.13477304687499997,0.029942430305347635,0.03,0.0
baseline,saddle_node,stability_loss,5,Moment OU,0.9567984379683285,0.5700812322881689,0.050436534659069415,0.06395883512352352,,0.38671720568015966,0.013522300464454101,,,,,,,,,True,0.13477304687499997,0.029942430305347635,0.03,0.0
baseline,saddle_node,stability_loss,5,Neural SDE (Euler),2.397282123565674,2.1707592010498047,0.08730139807639428,0.11151868950306143,,0.22652292251586914,0.024217291426667148,,,,,,,,,True,0.13477304687499997,0.029942430305347635,0.03,0.0
baseline,saddle_node,stability_loss,5,SINDy-STLSQ,1.6135407492516156,3.2433625760800955,0.08908372622446233,0.09076973790766889,,-1.6298218268284799,0.001686011683206562,,,,,,,,4.0,True,0.13477304687499997,0.029942430305347635,0.03,0.0
baseline,saddle_node,stability_loss,6,Bayesian SINDy (spike-slab),3.243329921750119,1.5327609741830814,0.06331676778717239,0.0889784763873263,,1.7105689475670376,0.025661708600153904,0.2600852479991795,2.6932108365699836,0.07760424424339425,0.10424913869971934,0.5059183193705751,0.011806530249727701,0.5086140947719096,3.0,True,0.13477304687499997,0.02966436239629997,0.03,0.0
baseline,saddle_node,stability_loss,6,Kalman OU,0.6821101918285952,0.452295289291403,0.022770790581553634,0.039550909229296195,0.028685705003205643,0.22981490253719222,0.01678011864774256,,,,,,,,,True,0.13477304687499997,0.02966436239629997,0.03,0.0
baseline,saddle_node,stability_loss,6,Latent Neural SDE (VI),5.4623870849609375,1.632218599319458,0.0643625123621503,0.08904251266251811,0.006393636731946777,3.8301684856414795,0.024680000300367808,,,,,,,,,True,0.13477304687499997,0.02966436239629997,0.03,0.0
baseline,saddle_node,stability_loss,6,Moment OU,,0.39856927355199007,,0.03836106515436394,,,,,,,,,,,,False,0.13477304687499997,0.02966436239629997,0.03,0.0
baseline,saddle_node,stability_loss,6,Neural SDE (Euler),5.5589704513549805,1.7240049839019775,0.06459897882912863,0.09149835033132726,,3.834965467453003,0.026899371502198635,,,,,,,,,True,0.13477304687499997,0.02966436239629997,0.03,0.0
baseline,saddle_node,stability_loss,6,SINDy-STLSQ,4.436286048661906,0.737810004545726,0.06329989966044129,0.0895972029662705,,3.6984760441161795,0.026297303305829203,,,,,,,,4.0,True,0.13477304687499997,0.02966436239629997,0.03,0.0
baseline,saddle_node,stability_loss,7,Bayesian SINDy (spike-slab),1.981076222626339,2.707056343778279,0.08120481343505553,0.07151773871657253,,-0.7259801211519399,-0.009687074718483,1.7583835977870172,3.697545044600446,0.06167806697903959,0.08333635278665538,0.9972377124853584,0.014445085253264557,0.010110558388968916,2.0,True,0.13477304687499997,0.030290586649357652,0.03,0.0
baseline,saddle_node,stability_loss,7,Kalman OU,0.20991303709241624,3.0000000000000004,0.02281146815853325,0.09066231519826776,0.009974487036636889,-2.7900869629075844,0.06785084703973451,,,,,,,,,True,0.13477304687499997,0.030290586649357652,0.03,0.0
baseline,saddle_node,stability_loss,7,Latent Neural SDE (VI),2.0069541931152344,2.977074146270752,0.08585604392057845,0.07306232503371679,0.004394198726204612,-0.9701199531555176,-0.012793718886861663,,,,,,,,,True,0.13477304687499997,0.030290586649357652,0.03,0.0
baseline,saddle_node,stability_loss,7,Moment OU,0.2442308169395593,,0.022985568972412444,,,,,,,,,,,,,False,0.13477304687499997,0.030290586649357652,0.03,0.0
baseline,saddle_node,stability_loss,7,Neural SDE (Euler),2.060180902481079,2.893392324447632,0.08726552092446255,0.07403330854973378,,-0.8332114219665527,-0.013232212374728769,,,,,,,,,True,0.13477304687499997,0.030290586649357652,0.03,0.0
baseline,saddle_node,stability_loss,7,SINDy-STLSQ,2.068260884035368,2.734747173458991,0.08064880529331817,0.07281114997878171,,-0.6664862894236232,-0.007837655314536451,,,,,,,,3.0,True,0.13477304687499997,0.030290586649357652,0.03,0.0
baseline,saddle_node,stability_loss,8,Bayesian SINDy (spike-slab),2.8167689906270232,2.132109628657076,0.06873300010673879,0.09418903001244544,,0.6846593619699473,0.025456029905706654,0.4614271623873867,3.1499511128292483,0.08080103291427933,0.10955274154793139,0.8312438070217101,0.011801072770596036,0.19303315395160342,2.0,True,0.13477304687499997,0.0300657535169781,0.03,0.0
baseline,saddle_node,stability_loss,8,Kalman OU,0.9669325945090644,0.688244206575512,0.026009424321725417,0.04632826088804469,0.031108363917390438,0.27868838793355244,0.020318836566319273,,,,,,,,,True,0.13477304687499997,0.0300657535169781,0.03,0.0
baseline,saddle_node,stability_loss,8,Latent Neural SDE (VI),3.328885555267334,2.091723918914795,0.070589542409531,0.09791100853691233,0.006149819901361294,1.237161636352539,0.02732146612738133,,,,,,,,,True,0.13477304687499997,0.0300657535169781,0.03,0.0
baseline,saddle_node,stability_loss,8,Moment OU,,0.987204463362077,,0.05758720472132281,,,,,,,,,,,,False,0.13477304687499997,0.0300657535169781,0.03,0.0
baseline,saddle_node,stability_loss,8,Neural SDE (Euler),3.3634324073791504,2.1146929264068604,0.07147421422199787,0.10088934053643689,,1.24873948097229,0.029415126314439016,,,,,,,,,True,0.13477304687499997,0.0300657535169781,0.03,0.0
baseline,saddle_node,stability_loss,8,SINDy-STLSQ,2.0365721518871376,1.2779755592193034,0.06718048288413646,0.09325884846677877,,0.7585965926678342,0.026078365582642316,,,,,,,,4.0,True,0.13477304687499997,0.0300657535169781,0.03,0.0
baseline,saddle_node,stability_loss,9,Bayesian SINDy (spike-slab),3.4877130838943358,2.5936695341169855,0.07509866834190324,0.08602216484581283,,0.8940435497773502,0.0109234965039096,1.5897908387600783,3.67866886275923,0.07501091997596171,0.10044571005119793,0.9931450114349065,0.06024557845194469,0.015616561115860406,2.0,True,0.13477304687499997,0.03010732651190625,0.03,0.0
baseline,saddle_node,stability_loss,9,Kalman OU,3.0000000000000004,0.5813818412457439,0.06667683243760732,0.036564063882702606,0.030907193866375797,2.4186181587542563,-0.03011276855490471,,,,,,,,,True,0.13477304687499997,0.03010732651190625,0.03,0.0
baseline,saddle_node,stability_loss,9,Latent Neural SDE (VI),3.9581689834594727,3.7016704082489014,0.07961827104599419,0.08703541850126147,0.0055306832196003845,0.2564985752105713,0.007417147455267281,,,,,,,,,True,0.13477304687499997,0.03010732651190625,0.03,0.0
baseline,saddle_node,stability_loss,9,Moment OU,,0.8296454435593302,,0.04489784764646786,,,,,,,,,,,,False,0.13477304687499997,0.03010732651190625,0.03,0.0
baseline,saddle_node,stability_loss,9,Neural SDE (Euler),3.8482136726379395,3.603241443634033,0.08074867128370111,0.08916929377404884,,0.24497222900390625,0.008420622490347723,,,,,,,,,True,0.13477304687499997,0.03010732651190625,0.03,0.0
baseline,saddle_node,stability_loss,9,SINDy-STLSQ,3.016437341006594,2.8460955388506335,0.07577219312185407,0.08535547703104972,,0.1703418021559604,0.009583283909195647,,,,,,,,4.0,True,0.13477304687499997,0.03010732651190625,0.03,0.0
baseline,saddle_node,stability_loss,10,Bayesian SINDy (spike-slab),3.132340825662482,2.97077653960219,0.07822971556043233,0.07705423369872653,,0.16156428606029216,-0.001175481861705796,1.9368026874890039,3.9161248538207674,0.06653310864227223,0.08925672827914252,0.9984088459382291,0.04494410317084637,0.009605518793043897,2.0,True,0.13477304687499997,0.029240388113579634,0.03,0.0
baseline,saddle_node,stability_loss,10,Kalman OU,2.1893337913828543,0.7460778109921132,0.05905712726547245,0.03665018313038064,0.027804056015714465,1.4432559803907412,-0.02240694413509181,,,,,,,,,True,0.13477304687499997,0.029240388113579634,0.03,0.0
baseline,saddle_node,stability_loss,10,Latent Neural SDE (VI),3.851593017578125,3.6850616931915283,0.0833606839434924,0.07667646736044591,0.0048584580908043705,0.16653132438659668,-0.006684216583046493,,,,,,,,,True,0.13477304687499997,0.029240388113579634,0.03,0.0
baseline,saddle_node,stability_loss,10,Moment OU,0.2722708728828443,0.452420631183416,0.017192621079496727,0.025068702577855234,,-0.18014975830057173,0.007876081498358507,,,,,,,,,True,0.13477304687499997,0.029240388113579634,0.03,0.0
baseline,saddle_node,stability_loss,10,Neural SDE (Euler),3.7389416694641113,3.7501094341278076,0.0831812445480908,0.07766444986036772,,-0.011167764663696289,-0.005516794687723078,,,,,,,,,True,0.13477304687499997,0.029240388113579634,0.03,0.0
baseline,saddle_node,stability_loss,10,SINDy-STLSQ,2.787378090398451,3.1454332691153457,0.07857782212598426,0.07691594626837228,,-0.35805517871689485,-0.0016618758576119746,,,,,,,,3.0,True,0.13477304687499997,0.029240388113579634,0.03,0.0
baseline,saddle_node,stability_loss,11,Bayesian SINDy (spike-slab),3.5030559091774047,1.2828055510726,0.0834698455745475,0.09904324411039742,,2.2202503581048045,0.015573398535849922,-0.0,2.1403610753645577,0.08553784871632011,0.114779945672605,0.8098849560000317,0.01652454713727938,0.09715551702037499,2.0,True,0.13477304687499997,0.029552547500998012,0.03,0.0
baseline,saddle_node,stability_loss,11,Kalman OU,0.14743648741385743,0.36447393326760036,0.014038472298495802,0.0452711831342387,0.03033364722148189,-0.21703744585374293,0.031232710835742902,,,,,,,,,True,0.13477304687499997,0.029552547500998012,0.03,0.0
baseline,saddle_node,stability_loss,11,Latent Neural SDE (VI),5.323551177978516,1.267669677734375,0.08320549217821799,0.1003516994721826,0.007736416316548612,4.055881500244141,0.017146207293964613,,,,,,,,,True,0.13477304687499997,0.029552547500998012,0.03,0.0
baseline,saddle_node,stability_loss,11,Moment OU,2.053001984869817,0.4589962370297212,0.05303128837861612,0.05339070220980893,,1.5940057478400957,0.0003594138311928119,,,,,,,,,True,0.13477304687499997,0.029552547500998012,0.03,0.0
baseline,saddle_node,stability_loss,11,Neural SDE (Euler),5.29925537109375,1.3800469636917114,0.08499335239845801,0.10342694466886607,,3.9192084074020386,0.018433592270408056,,,,,,,,,True,0.13477304687499997,0.029552547500998012,0.03,0.0
baseline,saddle_node,stability_loss,11,SINDy-STLSQ,3.903801088857345,0.8637396960929475,0.08389951198252903,0.09856332510409083,,3.0400613927643976,0.0146638131215618,,,,,,,,4.0,True,0.13477304687499997,0.029552547500998012,0.03,0.0
baseline,saddle_node,stability_loss,12,Bayesian SINDy (spike-slab),3.8570118524856367,3.955024856949673,0.07325400401024315,0.07631678918497163,,-0.09801300446403616,0.00306278517472848,2.9808568710742236,4.948318829489188,0.06631834447910301,0.08824205584048034,0.9994768480953079,0.010458075430121654,0.010100621284962105,2.0,True,0.13477304687499997,0.030261502962122044,0.03,0.0
baseline,saddle_node,stability_loss,12,Kalman OU,1.209451133700758,0.6318582306668182,0.028468955803217105,0.02299680203173253,0.031107922711508237,0.5775929030339398,-0.005472153771484575,,,,,,,,,True,0.13477304687499997,0.030261502962122044,0.03,0.0
baseline,saddle_node,stability_loss,12,Latent Neural SDE (VI),4.064539909362793,4.341860771179199,0.0795649411059061,0.08093059894671877,0.00468717063629969,-0.27732086181640625,0.0013656578408126618,,,,,,,,,True,0.13477304687499997,0.030261502962122044,0.03,0.0
baseline,saddle_node,stability_loss,12,Moment OU,0.4294685707770896,2.584809279806166,0.015279152799224953,0.05020844192831996,,-2.1553407090290766,0.03492928912909501,,,,,,,,,True,0.13477304687499997,0.030261502962122044,0.03,0.0
baseline,saddle_node,stability_loss,12,Neural SDE (Euler),3.945030927658081,4.285334587097168,0.08100025636890881,0.08235564299069474,,-0.3403036594390869,0.0013553866217859284,,,,,,,,,True,0.13477304687499997,0.030261502962122044,0.03,0.0
baseline,saddle_node,stability_loss,12,SINDy-STLSQ,3.4234046036124908,3.3350658572877503,0.07302434219623731,0.07714466727114709,,0.08833874632474048,0.004120325074909781,,,,,,,,4.0,True,0.13477304687499997,0.030261502962122044,0.03,0.0
baseline,saddle_node,stability_loss,13,Bayesian SINDy (spike-slab),3.265378066602649,2.569856852191034,0.08238583444599541,0.08683845690329971,,0.695521214411615,0.004452622457304295,1.333434926193512,3.579789425090424,0.07461525486144177,0.10195160782206342,0.9639481780829353,0.014931666212075694,0.046580772836476755,2.0,True,0.13477304687499997,0.029781139811368956,0.03,0.0
baseline,saddle_node,stability_loss,13,Kalman OU,0.5726044538946016,0.4473572271455495,0.02700183064213697,0.028684854134027202,0.031689144116850046,0.1252472267490521,0.0016830234918902322,,,,,,,,,True,0.13477304687499997,0.029781139811368956,0.03,0.0
baseline,saddle_node,stability_loss,13,Latent Neural SDE (VI),3.765925884246826,3.4854226112365723,0.08728412142280885,0.09089276288365485,0.00532026056677888,0.2805032730102539,0.003608641460845996,,,,,,,,,True,0.13477304687499997,0.029781139811368956,0.03,0.0
baseline,saddle_node,stability_loss,13,Moment OU,1.3039464424501337,0.7531298428877907,0.04163350829204825,0.040979521313832055,,0.550816599562343,-0.0006539869782161978,,,,,,,,,True,0.13477304687499997,0.029781139811368956,0.03,0.0
baseline,saddle_node,stability_loss,13,Neural SDE (Euler),3.723445177078247,3.448296070098877,0.08848906881853025,0.09207432084533215,,0.2751491069793701,0.003585252026801905,,,,,,,,,True,0.13477304687499997,0.029781139811368956,0.03,0.0
baseline,saddle_node,stability_loss,13,SINDy-STLSQ,3.267268561175081,2.126805694466875,0.08320557985412647,0.08734895316695279,,1.140462866708206,0.004143373312826326,,,,,,,,4.0,True,0.13477304687499997,0.029781139811368956,0.03,0.0
baseline,saddle_node,stability_loss,14,Bayesian SINDy (spike-slab),3.902422318761122,4.536196569011442,0.07428001164726675,0.08455161113957814,,-0.6337742502503199,0.010271599492311392,3.4477638736280043,5.624584957507526,0.07279868571065216,0.09869461860458417,0.9999998380726719,0.010930410903241346,0.029234464471252775,2.0,True,0.13477304687499997,0.03023123088311124,0.03,0.0
baseline,saddle_node,stability_loss,14,Kalman OU,1.576884960087234,2.0936496119274866,0.03128703689682666,0.03603401069291992,0.03516395648695387,-0.5167646518402524,0.004746973796093262,,,,,,,,,True,0.13477304687499997,0.03023123088311124,0.03,0.0
baseline,saddle_node,stability_loss,14,Latent Neural SDE (VI),4.892251968383789,6.966855049133301,0.07754812068642505,0.08358628883816417,0.0047040818583944915,-2.0746030807495117,0.006038168151739118,,,,,,,,,True,0.13477304687499997,0.03023123088311124,0.03,0.0
baseline,saddle_node,stability_loss,14,Moment OU,1.339546369730443,7.039761250542753,0.028817228724344262,0.09646928405290296,,-5.70021488081231,0.0676520553285587,,,,,,,,,True,0.13477304687499997,0.03023123088311124,0.03,0.0
baseline,saddle_node,stability_loss,14,Neural SDE (Euler),5.066269874572754,7.049448013305664,0.07872022009378866,0.08414237408182819,,-1.9831781387329102,0.005422153988039524,,,,,,,,,True,0.13477304687499997,0.03023123088311124,0.03,0.0
baseline,saddle_node,stability_loss,14,SINDy-STLSQ,4.981356823373404,6.015657372009943,0.0745103591394851,0.08383099298721987,,-1.0343005486365389,0.009320633847734766,,,,,,,,4.0,True,0.13477304687499997,0.03023123088311124,0.03,0.0
baseline,saddle_node,stability_loss,15,Bayesian SINDy (spike-slab),2.433482166718029,2.9134233781373546,0.0721644704719369,0.07335209514081814,,-0.4799412114193258,0.0011876246688812403,1.7848300176952503,4.545156027396045,0.06312504018003381,0.08647190363303532,0.9984532898975274,0.1165840162278918,0.01340619626550144,2.0,True,0.13477304687499997,0.030112952963711737,0.03,0.0
baseline,saddle_node,stability_loss,15,Kalman OU,1.1625862757231378,0.997886885605551,0.030602615597780304,0.04035399159043406,0.024918950793029134,0.16469939011758672,0.009751375992653757,,,,,,,,,True,0.13477304687499997,0.030112952963711737,0.03,0.0
baseline,saddle_node,stability_loss,15,Latent Neural SDE (VI),4.077285289764404,3.4981024265289307,0.07254882179169152,0.075207967183912,0.004374666458057377,0.5791828632354736,0.00265914539222048,,,,,,,,,True,0.13477304687499997,0.030112952963711737,0.03,0.0
baseline,saddle_node,stability_loss,15,Moment OU,,,,,,,,,,,,,,,,False,0.13477304687499997,0.030112952963711737,0.03,0.0
baseline,saddle_node,stability_loss,15,Neural SDE (Euler),3.998041868209839,3.4795966148376465,0.07388114131686216,0.07626766283291303,,0.5184452533721924,0.0023865215160508713,,,,,,,,,True,0.13477304687499997,0.030112952963711737,0.03,0.0
baseline,saddle_node,stability_loss,15,SINDy-STLSQ,1.9183312823764571,3.8735040605484827,0.07155062393727672,0.07245369505983976,,-1.9551727781720256,0.0009030711225630345,,,,,,,,4.0,True,0.13477304687499997,0.030112952963711737,0.03,0.0
baseline,saddle_node,stability_loss,16,Bayesian SINDy (spike-slab),2.974449080646693,2.9512873279298146,0.08109371883987496,0.09445416610096297,,0.023161752716878592,0.01336044726108801,1.8509580491024213,4.021819364905881,0.08063465792948847,0.11029082802141156,0.9993036996225054,0.01605685462165325,0.014467773527085014,2.0,True,0.13477304687499997,0.029571672306894226,0.03,0.0
baseline,saddle_node,stability_loss,16,Kalman OU,0.46617022000746666,0.0875120088853732,0.030653914466298487,0.0197837097361498,0.03479590825879366,0.37865821112209347,-0.010870204730148686,,,,,,,,,True,0.13477304687499997,0.029571672306894226,0.03,0.0
baseline,saddle_node,stability_loss,16,Latent Neural SDE (VI),3.327882766723633,5.152892589569092,0.0824874562591905,0.09900401268210424,0.005760301688656043,-1.825009822845459,0.016516556422913733,,,,,,,,,True,0.13477304687499997,0.029571672306894226,0.03,0.0
baseline,saddle_node,stability_loss,16,Moment OU,1.0024717342940597,2.8681888787706873,0.03825289319860897,0.0879637785400406,,-1.8657171444766276,0.04971088534143163,,,,,,,,,True,0.13477304687499997,0.029571672306894226,0.03,0.0
baseline,saddle_node,stability_loss,16,Neural SDE (Euler),3.2753748893737793,5.244009971618652,0.0835037967115745,0.10058620003169691,,-1.968635082244873,0.01708240332012241,,,,,,,,,True,0.13477304687499997,0.029571672306894226,0.03,0.0
baseline,saddle_node,stability_loss,16,SINDy-STLSQ,3.300071829510935,3.8573788494207113,0.0810392924525842,0.09481485051711658,,-0.5573070199097763,0.013775558064532373,,,,,,,,4.0,True,0.13477304687499997,0.029571672306894226,0.03,0.0
baseline,saddle_node,stability_loss,17,Bayesian SINDy (spike-slab),2.4792336331885485,0.6788898402088159,0.07519714269379829,0.09181821497255069,,1.8003437929797326,0.016621072278752397,-0.0,1.7697808345448915,0.07844067966279292,0.10844212139176156,0.36366393113138346,0.013268478763896478,0.33942896119719357,1.0,True,0.13477304687499997,0.030259309512437153,0.03,0.0
baseline,saddle_node,stability_loss,17,Kalman OU,0.42506963575406354,0.2429894615594771,0.03170858166491012,0.04507274491525618,0.026667488655535865,0.18208017419458644,0.013364163250346062,,,,,,,,,True,0.13477304687499997,0.030259309512437153,0.03,0.0
baseline,saddle_node,stability_loss,17,Latent Neural SDE (VI),2.830928325653076,1.6030278205871582,0.07789303010907728,0.08097441466795723,0.008123322155753331,1.227900505065918,0.0030813845588799488,,,,,,,,,True,0.13477304687499997,0.030259309512437153,0.03,0.0
baseline,saddle_node,stability_loss,17,Moment OU,0.08408594386012358,0.20176712703408367,0.01241628499078012,0.03606995857949729,,-0.11768118317396009,0.02365367358871717,,,,,,,,,True,0.13477304687499997,0.030259309512437153,0.03,0.0
baseline,saddle_node,stability_loss,17,Neural SDE (Euler),2.7470006942749023,1.6539088487625122,0.07912495811575838,0.08795043029937548,,1.0930918455123901,0.008825472183617095,,,,,,,,,True,0.13477304687499997,0.030259309512437153,0.03,0.0
baseline,saddle_node,stability_loss,17,SINDy-STLSQ,2.3994525810501814,0.44768613603798285,0.0762234753105686,0.09044067617958136,,1.9517664450121985,0.014217200869012764,,,,,,,,4.0,True,0.13477304687499997,0.030259309512437153,0.03,0.0
baseline,saddle_node,stability_loss,18,Bayesian SINDy (spike-slab),2.75662978925947,2.0962730958037237,0.07410391432155021,0.10970979999334814,,0.6603566934557463,0.03560588567179793,0.7164456213222555,3.1118743694298474,0.09442020697663935,0.12810917329563495,0.8533221677360122,0.024776380980763346,0.1612177922777423,2.0,True,0.13477304687499997,0.03016733893416442,0.03,0.0
baseline,saddle_node,stability_loss,18,Kalman OU,0.10970549012029895,0.06975599950256048,0.015114959789072834,0.02068782006020793,0.03828319355448391,0.039949490617738476,0.005572860271135098,,,,,,,,,True,0.13477304687499997,0.03016733893416442,0.03,0.0
baseline,saddle_node,stability_loss,18,Latent Neural SDE (VI),4.856276512145996,2.714826822280884,0.07101072219337691,0.10848461353075396,0.0073685433408367425,2.1414496898651123,0.03747389133737705,,,,,,,,,True,0.13477304687499997,0.03016733893416442,0.03,0.0
baseline,saddle_node,stability_loss,18,Moment OU,,1.4586859996096675,,0.08891426417748455,,,,,,,,,,,,False,0.13477304687499997,0.03016733893416442,0.03,0.0
baseline,saddle_node,stability_loss,18,Neural SDE (Euler),4.806539535522461,2.8119325637817383,0.0723312571268354,0.11128849586219819,,1.9946069717407227,0.03895723873536279,,,,,,,,,True,0.13477304687499997,0.03016733893416442,0.03,0.0
baseline,saddle_node,stability_loss,18,SINDy-STLSQ,2.5986321227660962,1.6485343974009132,0.07464495163583935,0.10768406894088893,,0.950097725365183,0.033039117305049576,,,,,,,,4.0,True,0.13477304687499997,0.03016733893416442,0.03,0.0
baseline,saddle_node,stability_loss,19,Bayesian SINDy (spike-slab),2.319119608857018,0.6970504204292018,0.07761342924461881,0.09615017021438206,,1.622069188427816,0.018536740969763252,-0.0,1.753901702439441,0.08184306983618994,0.11281970348522091,0.5677873319757927,0.02338962241570106,0.10000605675004355,2.0,True,0.13477304687499997,0.0302601747520011,0.03,0.0
baseline,saddle_node,stability_loss,19,Kalman OU,1.0888780784172045,0.13792041362798188,0.05103324136983952,0.03368400834569756,0.03046999868306285,0.9509576647892226,-0.017349233024141958,,,,,,,,,True,0.13477304687499997,0.0302601747520011,0.03,0.0
baseline,saddle_node,stability_loss,19,Latent Neural SDE (VI),2.6449778079986572,1.030152440071106,0.07622461502832104,0.09503039199063855,0.007675892021818947,1.6148253679275513,0.018805776962317514,,,,,,,,,True,0.13477304687499997,0.0302601747520011,0.03,0.0
baseline,saddle_node,stability_loss,19,Moment OU,,0.2491408251326261,,0.04180011657222409,,,,,,,,,,,,False,0.13477304687499997,0.0302601747520011,0.03,0.0
baseline,saddle_node,stability_loss,19,Neural SDE (Euler),2.7476918697357178,1.1380751132965088,0.07737604861029686,0.10125912720010449,,1.609616756439209,0.023883078589807635,,,,,,,,,True,0.13477304687499997,0.0302601747520011,0.03,0.0
baseline,saddle_node,stability_loss,19,SINDy-STLSQ,2.7300535321063886,1.175002989623964,0.07696327825272334,0.09396301961482728,,1.5550505424824246,0.016999741362103943,,,,,,,,4.0,True,0.13477304687499997,0.0302601747520011,0.03,0.0
baseline,saddle_node,stability_loss,20,Bayesian SINDy (spike-slab),2.7438447261634344,0.5886575654115273,0.07799993920940737,0.09020847479512085,,2.155187160751907,0.012208535585713484,-0.0,1.6565512568955598,0.07752643770739727,0.10550199317506631,0.4304092850197152,0.015556958525149892,0.21989092385542855,1.0,True,0.13477304687499997,0.029973395364085265,0.03,0.0
baseline,saddle_node,stability_loss,20,Kalman OU,1.9445427672242908,0.2486878080336643,0.06105424281092699,0.04051855119620663,0.02683883475671039,1.6958549591906265,-0.02053569161472036,,,,,,,,,True,0.13477304687499997,0.029973395364085265,0.03,0.0
baseline,saddle_node,stability_loss,20,Latent Neural SDE (VI),3.738755226135254,0.8815412521362305,0.08168358437617654,0.08895041801848756,0.007918029083412782,2.8572139739990234,0.007266833642311024,,,,,,,,,True,0.13477304687499997,0.029973395364085265,0.03,0.0
baseline,saddle_node,stability_loss,20,Moment OU,,0.02402434992278655,,0.013250727139581947,,,,,,,,,,,,False,0.13477304687499997,0.029973395364085265,0.03,0.0
baseline,saddle_node,stability_loss,20,Neural SDE (Euler),3.9556283950805664,0.9800133109092712,0.08296757862636542,0.09407013300173032,,2.975615084171295,0.011102554375364906,,,,,,,,,True,0.13477304687499997,0.029973395364085265,0.03,0.0
baseline,saddle_node,stability_loss,20,SINDy-STLSQ,2.136684856940843,0.4524646040172064,0.07899787679568107,0.08898338537783161,,1.6842202529236365,0.00998550858215054,,,,,,,,3.0,True,0.13477304687499997,0.029973395364085265,0.03,0.0
baseline,saddle_node,stability_loss,21,Bayesian SINDy (spike-slab),1.54376083714429,2.224178341269379,0.0789905924585886,0.0871023626379509,,-0.6804175041250893,0.008111770179362307,0.2939859529152319,3.895247008394654,0.07476561605930192,0.10191086541872559,0.4117846810519812,0.07464866963384204,0.6465961329620151,2.0,True,0.13477304687499997,0.02990460474931906,0.03,0.0
baseline,saddle_node,stability_loss,21,Kalman OU,0.3241561186185188,0.3681529616125536,0.034429672546897924,0.029156021577407567,0.03350232998550632,-0.043996842994034835,-0.005273650969490357,,,,,,,,,True,0.13477304687499997,0.02990460474931906,0.03,0.0
baseline,saddle_node,stability_loss,21,Latent Neural SDE (VI),1.7328357696533203,2.166348695755005,0.08591139054571079,0.0914773802367893,0.005810572024638328,-0.43351292610168457,0.005565989691078507,,,,,,,,,True,0.13477304687499997,0.02990460474931906,0.03,0.0
baseline,saddle_node,stability_loss,21,Moment OU,,2.0986622750514874,,0.07045931272577541,,,,,,,,,,,,False,0.13477304687499997,0.02990460474931906,0.03,0.0
baseline,saddle_node,stability_loss,21,Neural SDE (Euler),1.816688895225525,2.187758207321167,0.08720307253097723,0.09208342049633662,,-0.3710693120956421,0.004880347965359397,,,,,,,,,True,0.13477304687499997,0.02990460474931906,0.03,0.0
baseline,saddle_node,stability_loss,21,SINDy-STLSQ,1.5445260750499346,1.8611598185594742,0.0793979043745481,0.08512542903488637,,-0.31663374350953966,0.005727524660338268,,,,,,,,4.0,True,0.13477304687499997,0.02990460474931906,0.03,0.0
baseline,saddle_node,stability_loss,22,Bayesian SINDy (spike-slab),2.3510735603420314,1.8754513236009864,0.0753259472313648,0.08566126824423788,,0.475622236741045,0.010335321012873072,0.9383681896233139,2.8071168339551145,0.07411208115031438,0.09893653554806069,0.9747051907197728,0.06931581957985812,0.01884692255644378,2.0,True,0.13477304687499997,0.02982521538955387,0.03,0.0
baseline,saddle_node,stability_loss,22,Kalman OU,1.4159634273604451,0.05181797141756786,0.05897733914423241,0.0220790541040114,0.030206292516036404,1.3641454559428772,-0.03689828504022101,,,,,,,,,True,0.13477304687499997,0.02982521538955387,0.03,0.0
baseline,saddle_node,stability_loss,22,Latent Neural SDE (VI),2.537595272064209,2.690103530883789,0.0782591054482075,0.08400494861349911,0.006236793458116253,-0.15250825881958008,0.005745843165291614,,,,,,,,,True,0.13477304687499997,0.02982521538955387,0.03,0.0
baseline,saddle_node,stability_loss,22,Moment OU,,0.7846096378235659,,0.05271215353995925,,,,,,,,,,,,False,0.13477304687499997,0.02982521538955387,0.03,0.0
baseline,saddle_node,stability_loss,22,Neural SDE (Euler),2.5292346477508545,2.6596550941467285,0.08008038282067027,0.08527433847419062,,-0.13042044639587402,0.005193955653520349,,,,,,,,,True,0.13477304687499997,0.02982521538955387,0.03,0.0
baseline,saddle_node,stability_loss,22,SINDy-STLSQ,2.262177680645594,2.0720949178218455,0.0755089336239047,0.08511863665002371,,0.19008276282374847,0.009609703026119007,,,,,,,,4.0,True,0.13477304687499997,0.02982521538955387,0.03,0.0
baseline,saddle_node,stability_loss,23,Bayesian SINDy (spike-slab),3.6445157855336845,2.28679322075028,0.07247055622626948,0.08904857381306769,,1.3577225647834044,0.016578017586798208,0.7139118371131046,3.248971123079415,0.07623167524791266,0.10422907402557212,0.9314185469254646,0.013121197803451213,0.07835011324621431,2.0,True,0.13477304687499997,0.02974613824088492,0.03,0.0
baseline,saddle_node,stability_loss,23,Kalman OU,1.2358031625014074,0.5869218612182898,0.036916516831245326,0.038891496806725157,0.03000541033248159,0.6488813012831176,0.0019749799754798306,,,,,,,,,True,0.13477304687499997,0.02974613824088492,0.03,0.0
baseline,saddle_node,stability_loss,23,Latent Neural SDE (VI),4.639538288116455,3.2305164337158203,0.07428695716822553,0.0915751247763569,0.005658099017989461,1.4090218544006348,0.017288167608131372,,,,,,,,,True,0.13477304687499997,0.02974613824088492,0.03,0.0
baseline,saddle_node,stability_loss,23,Moment OU,0.6955465996299136,0.6902824800973314,0.024116942111473662,0.04350784415272305,,0.005264119532582212,0.01939090204124939,,,,,,,,,True,0.13477304687499997,0.02974613824088492,0.03,0.0
baseline,saddle_node,stability_loss,23,Neural SDE (Euler),4.721675872802734,3.158621311187744,0.07516376327670014,0.09297547150524657,,1.5630545616149902,0.017811708228546427,,,,,,,,,True,0.13477304687499997,0.02974613824088492,0.03,0.0
baseline,saddle_node,stability_loss,23,SINDy-STLSQ,3.4951411816704963,1.5305823431914303,0.07280858641077839,0.08903645673320701,,1.964558838479066,0.016227870322428617,,,,,,,,4.0,True,0.13477304687499997,0.02974613824088492,0.03,0.0
baseline,saddle_node,stability_loss,24,Bayesian SINDy (spike-slab),1.3989000468434958,0.24757668379380404,0.08421976559667325,0.08968578770806318,,1.1513233630496917,0.005466022111389926,-0.0,1.2558211082125343,0.0758432044452032,0.10616447652909038,0.1493615540911254,0.01941277529342201,0.19656922813314034,1.0,True,0.13477304687499997,0.030046094832748414,0.03,0.0
baseline,saddle_node,stability_loss,24,Kalman OU,0.09177521223520708,0.06272080841422761,0.02234867277640516,0.031788873466412425,0.028852891798766277,0.02905440382097947,0.009440200690007266,,,,,,,,,True,0.13477304687499997,0.030046094832748414,0.03,0.0
baseline,saddle_node,stability_loss,24,Latent Neural SDE (VI),1.6581032276153564,0.7220926284790039,0.08875749708139952,0.10013112786665668,0.009771268790387078,0.9360105991363525,0.01137363078525716,,,,,,,,,True,0.13477304687499997,0.030046094832748414,0.03,0.0
baseline,saddle_node,stability_loss,24,Moment OU,0.403460917480568,0.08995295137221293,0.039337118913690385,0.032209261430924875,,0.3135079661083551,-0.0071278574827655095,,,,,,,,,True,0.13477304687499997,0.030046094832748414,0.03,0.0
baseline,saddle_node,stability_loss,24,Neural SDE (Euler),1.738850474357605,0.8866097927093506,0.09187530950380737,0.10821455681923912,,0.8522406816482544,0.01633924731543175,,,,,,,,,True,0.13477304687499997,0.030046094832748414,0.03,0.0
baseline,saddle_node,stability_loss,24,SINDy-STLSQ,2.192525123919716,1.0008633816892702,0.08388979993285513,0.08829786912459356,,1.1916617422304459,0.004408069191738431,,,,,,,,4.0,True,0.13477304687499997,0.030046094832748414,0.03,0.0
baseline,saddle_node,stability_loss,25,Bayesian SINDy (spike-slab),4.17394194441155,4.080587319685529,0.07266069640747537,0.07958987172271986,,0.09335462472602085,0.006929175315244493,2.965775195305865,5.140558505740063,0.06897477945757671,0.09162688797797555,0.9999717552212449,0.016308430122128976,0.0072160703486921305,2.0,True,0.13477304687499997,0.03019115765668825,0.03,0.0
baseline,saddle_node,stability_loss,25,Kalman OU,1.4296077164853631,1.4213743106460963,0.027429313724666643,0.028372021572975175,0.032731403378002864,0.008233405839266794,0.000942707848308532,,,,,,,,,True,0.13477304687499997,0.03019115765668825,0.03,0.0
baseline,saddle_node,stability_loss,25,Latent Neural SDE (VI),4.956749439239502,5.02280855178833,0.07409228492194965,0.08062206934082466,0.004769363325488259,-0.06605911254882812,0.006529784418875015,,,,,,,,,True,0.13477304687499997,0.03019115765668825,0.03,0.0
baseline,saddle_node,stability_loss,25,Moment OU,1.093616644681523,3.161546483722253,0.02246880824407607,0.05431377239935389,,-2.0679298390407297,0.03184496415527782,,,,,,,,,True,0.13477304687499997,0.03019115765668825,0.03,0.0
baseline,saddle_node,stability_loss,25,Neural SDE (Euler),4.975039482116699,5.1265549659729,0.0747481600008691,0.08160653553632079,,-0.15151548385620117,0.006858375535451683,,,,,,,,,True,0.13477304687499997,0.03019115765668825,0.03,0.0
baseline,saddle_node,stability_loss,25,SINDy-STLSQ,3.6817295206550567,4.5112445230565354,0.07367807123346969,0.08053347652725028,,-0.8295150024014788,0.006855405293780592,,,,,,,,4.0,True,0.13477304687499997,0.03019115765668825,0.03,0.0
baseline,saddle_node,stability_loss,26,Bayesian SINDy (spike-slab),2.5292831740431523,2.3128911165144603,0.0994666638773478,0.08579183446581524,,0.21639205752869195,-0.013674829411532557,1.129773150849814,3.3095393022109927,0.07421691434768544,0.10021330240317101,0.945501786368901,0.014050723080826954,0.06529478521252224,2.0,True,0.13477304687499997,0.029653421142720356,0.03,0.0
baseline,saddle_node,stability_loss,26,Kalman OU,0.5557712395906572,0.3282950916792537,0.044884822511937976,0.02831043601815029,0.03118924351172633,0.22747614791140353,-0.016574386493787684,,,,,,,,,True,0.13477304687499997,0.029653421142720356,0.03,0.0
baseline,saddle_node,stability_loss,26,Latent Neural SDE (VI),2.5710902214050293,2.438666820526123,0.1206875209293344,0.0875081530402614,0.005705740714299518,0.13242340087890625,-0.033179367889073,,,,,,,,,True,0.13477304687499997,0.029653421142720356,0.03,0.0
baseline,saddle_node,stability_loss,26,Moment OU,1.800781042504751,0.5595494786236287,0.08147876577758556,0.03668269845775924,,1.2412315638811222,-0.04479606731982632,,,,,,,,,True,0.13477304687499997,0.029653421142720356,0.03,0.0
baseline,saddle_node,stability_loss,26,Neural SDE (Euler),2.6691439151763916,2.4746103286743164,0.12399132830324072,0.09023199499838867,,0.1945335865020752,-0.03375933330485205,,,,,,,,,True,0.13477304687499997,0.029653421142720356,0.03,0.0
baseline,saddle_node,stability_loss,26,SINDy-STLSQ,2.549999207661134,1.6240979387771877,0.10066623141595951,0.0859547780792057,,0.9259012688839465,-0.014711453336753819,,,,,,,,4.0,True,0.13477304687499997,0.029653421142720356,0.03,0.0
baseline,saddle_node,stability_loss,27,Bayesian SINDy (spike-slab),3.688766057716667,0.19462397866492373,0.07918512810177109,0.09525782779935854,,3.4941420790517435,0.016072699697587456,-0.0,1.1898170053714885,0.08153919292451138,0.11058088002667375,0.1929361669197942,0.0145808827383395,0.04910778408169706,1.0,True,0.13477304687499997,0.02926540130617463,0.03,0.0
baseline,saddle_node,stability_loss,27,Kalman OU,0.1423617436843459,0.07156229587289893,0.010945028286981344,0.037770733484227284,0.02893210763413948,0.07079944781144697,0.02682570519724594,,,,,,,,,True,0.13477304687499997,0.02926540130617463,0.03,0.0
baseline,saddle_node,stability_loss,27,Latent Neural SDE (VI),4.964427947998047,0.6905112862586975,0.0813023826582141,0.10856842741611185,0.009850521685388932,4.273916661739349,0.027266044757897748,,,,,,,,,True,0.13477304687499997,0.02926540130617463,0.03,0.0
baseline,saddle_node,stability_loss,27,Moment OU,1.6099463989207297,0.2971272142220521,0.03976541299937924,0.05607241422407973,,1.3128191846986774,0.01630700122470049,,,,,,,,,True,0.13477304687499997,0.02926540130617463,0.03,0.0
baseline,saddle_node,stability_loss,27,Neural SDE (Euler),4.934469699859619,0.7537633180618286,0.08241190574935417,0.11759569817431384,,4.1807063817977905,0.03518379242495967,,,,,,,,,True,0.13477304687499997,0.02926540130617463,0.03,0.0
baseline,saddle_node,stability_loss,27,SINDy-STLSQ,4.076202375609253,0.7422207343500478,0.07904407872855795,0.09452226967204615,,3.3339816412592054,0.015478190943488193,,,,,,,,2.0,True,0.13477304687499997,0.02926540130617463,0.03,0.0
baseline,saddle_node,stability_loss,28,Bayesian SINDy (spike-slab),3.180469388669861,1.6448084645666847,0.08708653302697947,0.0825169290298426,,1.5356609241031765,-0.004569603997136865,0.22386205512478435,2.7960612942487724,0.07156811095600246,0.09616855272858672,0.5717087002542072,0.02020334238959033,0.4375492515131203,2.0,True,0.13477304687499997,0.02946623397709283,0.03,0.0
baseline,saddle_node,stability_loss,28,Kalman OU,0.4609320600327206,0.3259021372502363,0.02718099076138394,0.02929218234460404,0.028232849577112598,0.13502992278248427,0.002111191583220099,,,,,,,,,True,0.13477304687499997,0.02946623397709283,0.03,0.0
baseline,saddle_node,stability_loss,28,Latent Neural SDE (VI),3.81160044670105,1.9246819019317627,0.09138971063267734,0.09325540498491958,0.005265546025806976,1.886918544769287,0.0018656943522422365,,,,,,,,,True,0.13477304687499997,0.02946623397709283,0.03,0.0
baseline,saddle_node,stability_loss,28,Moment OU,1.7224349925981586,0.10269047954342844,0.05644725029955076,0.01611027726330976,,1.61974451305473,-0.040336973036240995,,,,,,,,,True,0.13477304687499997,0.02946623397709283,0.03,0.0
baseline,saddle_node,stability_loss,28,Neural SDE (Euler),3.8657779693603516,1.996401309967041,0.093534992746472,0.09479511213882583,,1.8693766593933105,0.00126011939235382,,,,,,,,,True,0.13477304687499997,0.02946623397709283,0.03,0.0
baseline,saddle_node,stability_loss,28,SINDy-STLSQ,2.6474293682004104,1.23374867937597,0.08788352123820553,0.0822201405410392,,1.4136806888244404,-0.005663380697166334,,,,,,,,4.0,True,0.13477304687499997,0.02946623397709283,0.03,0.0
baseline,saddle_node,stability_loss,29,Bayesian SINDy (spike-slab),3.036363153425725,2.5366697001314495,0.07914744949379568,0.08168903140257262,,0.4996934532942756,0.0025415819087769437,1.5067023845931315,3.568268508946132,0.07027888779750666,0.09666199543033459,0.9790947932955955,0.02002454507781265,0.031085394192084108,2.0,True,0.13477304687499997,0.029942565186816927,0.03,0.0
baseline,saddle_node,stability_loss,29,Kalman OU,0.38515064538435356,0.2665609376020865,0.022331597248661617,0.02320183889830687,0.0295524290352769,0.11858970778226707,0.0008702416496452516,,,,,,,,,True,0.13477304687499997,0.029942565186816927,0.03,0.0
baseline,saddle_node,stability_loss,29,Latent Neural SDE (VI),2.9325220584869385,3.202864170074463,0.08384998787516956,0.0861098642519119,0.005395771925680381,-0.2703421115875244,0.0022598763767423397,,,,,,,,,True,0.13477304687499997,0.029942565186816927,0.03,0.0
baseline,saddle_node,stability_loss,29,Moment OU,0.20718561335823224,0.25956599645852585,0.015960646594397495,0.022254237056555576,,-0.05238038310029361,0.006293590462158081,,,,,,,,,True,0.13477304687499997,0.029942565186816927,0.03,0.0
baseline,saddle_node,stability_loss,29,Neural SDE (Euler),2.904451608657837,3.231759786605835,0.08435374943196843,0.08781160796697737,,-0.32730817794799805,0.003457858535008948,,,,,,,,,True,0.13477304687499997,0.029942565186816927,0.03,0.0
baseline,saddle_node,stability_loss,29,SINDy-STLSQ,2.5387122992868383,2.5337768589046243,0.07978002151655923,0.0825393296082564,,0.00493544038221394,0.0027593080916971657,,,,,,,,4.0,True,0.13477304687499997,0.029942565186816927,0.03,0.0
baseline,saddle_node,stationary,0,Bayesian SINDy (spike-slab),4.352788079367929,3.8752037828754533,0.07703559053916567,0.08011211820195992,,0.47758429649247613,0.0030765276627942456,2.78665822778211,5.037858811076437,0.0692593588970684,0.09364321782120749,0.9999775097371709,0.0761114477338003,0.0066566441724571455,2.0,True,0.7999999999999999,0.02991965851091174,0.03,0.0
baseline,saddle_node,stationary,0,Kalman OU,1.0250588979340758,0.2522736213119332,0.026596720828533715,0.012028927142822313,0.03290032632872961,0.7727852766221426,-0.014567793685711402,,,,,,,,,True,0.7999999999999999,0.02991965851091174,0.03,0.0
baseline,saddle_node,stationary,0,Latent Neural SDE (VI),5.667996406555176,4.648919582366943,0.07310038444905005,0.08340053679863565,0.004703785768157643,1.0190768241882324,0.010300152349585603,,,,,,,,,True,0.7999999999999999,0.02991965851091174,0.03,0.0
baseline,saddle_node,stationary,0,Moment OU,2.89113735203306,2.3077448319149907,0.04866214744878343,0.048213491136099136,,0.5833925201180694,-0.0004486563126842938,,,,,,,,,True,0.7999999999999999,0.02991965851091174,0.03,0.0
baseline,saddle_node,stationary,0,Neural SDE (Euler),5.7363128662109375,4.593696594238281,0.07395968241005237,0.0846400313535875,,1.1426162719726562,0.010680348943535131,,,,,,,,,True,0.7999999999999999,0.02991965851091174,0.03,0.0
baseline,saddle_node,stationary,0,SINDy-STLSQ,5.232755400007811,4.663115750291333,0.07558582969233253,0.07927749367996251,,0.5696396497164775,0.0036916639876299756,,,,,,,,4.0,True,0.7999999999999999,0.02991965851091174,0.03,0.0
baseline,saddle_node,stationary,1,Bayesian SINDy (spike-slab),3.835385497779987,3.000651307378636,0.0780122368344391,0.07127042880952056,,0.8347341904013512,-0.006741808024918541,0.7588141621703017,4.374518301260044,0.06115641201800832,0.08343539938470211,0.8637890700430205,0.13585090832897223,0.18060701971296683,2.0,True,0.7999999999999999,0.029915272185329033,0.03,0.0
baseline,saddle_node,stationary,1,Kalman OU,1.480745897729798,3.0000000000000004,0.03556855407582965,0.07755073855195213,0.01802477978399697,-1.5192541022702024,0.04198218447612248,,,,,,,,,True,0.7999999999999999,0.029915272185329033,0.03,0.0
baseline,saddle_node,stationary,1,Latent Neural SDE (VI),4.279499053955078,2.8804140090942383,0.08205889682567602,0.06985514788652795,0.004147085981509529,1.3990850448608398,-0.012203748939148065,,,,,,,,,True,0.7999999999999999,0.029915272185329033,0.03,0.0
baseline,saddle_node,stationary,1,Moment OU,1.5586134855474623,,0.036333655739408624,,,,,,,,,,,,,False,0.7999999999999999,0.029915272185329033,0.03,0.0
baseline,saddle_node,stationary,1,Neural SDE (Euler),4.141672134399414,2.873241424560547,0.08355895981364274,0.07064220563129366,,1.2684307098388672,-0.012916754182349083,,,,,,,,,True,0.7999999999999999,0.029915272185329033,0.03,0.0
baseline,saddle_node,stationary,1,SINDy-STLSQ,3.3130518445307837,2.650119538503819,0.07864277379083834,0.0687981490596464,,0.6629323060269647,-0.009844624731191937,,,,,,,,4.0,True,0.7999999999999999,0.029915272185329033,0.03,0.0
baseline,saddle_node,stationary,2,Bayesian SINDy (spike-slab),2.255210564716229,3.1381807770508603,0.07463664526305187,0.07361988337633846,,-0.8829702123346315,-0.001016761886713416,2.1366021106991493,4.2167827026473885,0.06317417090776317,0.08640502919567146,0.9972376313877951,0.019333951121593335,0.010181947205309475,2.0,True,0.7999999999999999,0.030026517154593944,0.03,0.0
baseline,saddle_node,stationary,2,Kalman OU,1.4932415270092705,0.5903114837432694,0.058341326235103616,0.02704635219511397,0.029411950734559985,0.9029300432660011,-0.03129497403998965,,,,,,,,,True,0.7999999999999999,0.030026517154593944,0.03,0.0
baseline,saddle_node,stationary,2,Latent Neural SDE (VI),3.660153865814209,3.402927875518799,0.07174234607520821,0.07985966920979036,0.004534792550923255,0.25722599029541016,0.008117323134582147,,,,,,,,,True,0.7999999999999999,0.030026517154593944,0.03,0.0
baseline,saddle_node,stationary,2,Moment OU,,0.10008769794312451,,0.010417780808525484,,,,,,,,,,,,False,0.7999999999999999,0.030026517154593944,0.03,0.0
baseline,saddle_node,stationary,2,Neural SDE (Euler),3.7196197509765625,3.3343617916107178,0.0725415076162307,0.08159725688984733,,0.3852579593658447,0.009055749273616631,,,,,,,,,True,0.7999999999999999,0.030026517154593944,0.03,0.0
baseline,saddle_node,stationary,2,SINDy-STLSQ,2.5338884149603444,3.0977226648760685,0.07547876390252585,0.07405327026735009,,-0.5638342499157241,-0.0014254936351757591,,,,,,,,3.0,True,0.7999999999999999,0.030026517154593944,0.03,0.0
baseline,saddle_node,stationary,3,Bayesian SINDy (spike-slab),4.975780458715443,2.3234322160059793,0.08745685696151671,0.0787570329365671,,2.6523482427094636,-0.008699824024949607,1.3557236863003843,3.2925985723028406,0.06815813393509092,0.09022782527896976,0.9932543577575004,0.022586836778009826,0.014388339007873976,2.0,True,0.7999999999999999,0.030009134830756113,0.03,0.0
baseline,saddle_node,stationary,3,Kalman OU,0.8052906844981722,0.46908204983464763,0.01455109438642127,0.03290216610544411,0.026916384077076336,0.3362086346635246,0.018351071719022838,,,,,,,,,True,0.7999999999999999,0.030009134830756113,0.03,0.0
baseline,saddle_node,stationary,3,Latent Neural SDE (VI),4.239981651306152,2.6543924808502197,0.09964196532262141,0.08543217286868791,0.004955789059660745,1.5855891704559326,-0.0142097924539335,,,,,,,,,True,0.7999999999999999,0.030009134830756113,0.03,0.0
baseline,saddle_node,stationary,3,Moment OU,22.395247197843343,,0.17218543059981034,,,,,,,,,,,,,False,0.7999999999999999,0.030009134830756113,0.03,0.0
baseline,saddle_node,stationary,3,Neural SDE (Euler),4.252250671386719,2.7475666999816895,0.10123776390403053,0.08705182800349263,,1.5046839714050293,-0.014185935900537891,,,,,,,,,True,0.7999999999999999,0.030009134830756113,0.03,0.0
baseline,saddle_node,stationary,3,SINDy-STLSQ,4.009624258888188,2.8372704396346213,0.08718238585092572,0.07898780743943998,,1.1723538192535665,-0.008194578411485742,,,,,,,,4.0,True,0.7999999999999999,0.030009134830756113,0.03,0.0
baseline,saddle_node,stationary,4,Bayesian SINDy (spike-slab),3.5852137086689306,3.4148293048203344,0.06672731416750066,0.08492751913765977,,0.1703844038485962,0.018200204970159103,1.2785519975859,4.610207706589932,0.07329905126576157,0.0994022127665918,0.9171354563684025,0.011973174435529909,0.11047137729180107,2.0,True,0.7999999999999999,0.030053664698137084,0.03,0.0
baseline,saddle_node,stationary,4,Kalman OU,3.0000000000000004,0.8241239552220408,0.05452757038400946,0.03068852006726768,0.03237313406403388,2.1758760447779597,-0.02383905031674178,,,,,,,,,True,0.7999999999999999,0.030053664698137084,0.03,0.0
baseline,saddle_node,stationary,4,Latent Neural SDE (VI),4.083841323852539,3.8552491664886475,0.06901465598521599,0.09284894741223972,0.005087868489273079,0.2285921573638916,0.02383429142702373,,,,,,,,,True,0.7999999999999999,0.030053664698137084,0.03,0.0
baseline,saddle_node,stationary,4,Moment OU,,2.3406914836874155,,0.05913874474877041,,,,,,,,,,,,False,0.7999999999999999,0.030053664698137084,0.03,0.0
baseline,saddle_node,stationary,4,Neural SDE (Euler),4.122250556945801,3.8718624114990234,0.06949472545665655,0.0938369495288404,,0.25038814544677734,0.024342224072183852,,,,,,,,,True,0.7999999999999999,0.030053664698137084,0.03,0.0
baseline,saddle_node,stationary,4,SINDy-STLSQ,2.8394983919787444,2.270929008315224,0.06732257919485478,0.08496703498583444,,0.5685693836635206,0.01764445579097966,,,,,,,,4.0,True,0.7999999999999999,0.030053664698137084,0.03,0.0
baseline,saddle_node,stationary,5,Bayesian SINDy (spike-slab),4.740897791131229,4.196159808155312,0.08381634176497332,0.06930783587862605,,0.5447379829759171,-0.014508505886347278,2.4706839189629797,5.262108276544353,0.05901646664277156,0.08238375477335574,0.966370388129701,0.013508097204664445,0.058608552764772844,2.0,True,0.7999999999999999,0.02999934886786417,0.03,0.0
baseline,saddle_node,stationary,5,Kalman OU,0.5990558086696949,0.933015339020056,0.015043483010688644,0.019955309803297617,0.02833819772896484,-0.3339595303503611,0.004911826792608973,,,,,,,,,True,0.7999999999999999,0.02999934886786417,0.03,0.0
baseline,saddle_node,stationary,5,Latent Neural SDE (VI),4.345949172973633,3.832369089126587,0.09128930740452519,0.07156928999569254,0.004047866078827704,0.5135800838470459,-0.019720017408832655,,,,,,,,,True,0.7999999999999999,0.02999934886786417,0.03,0.0
baseline,saddle_node,stationary,5,Moment OU,9.698634212959316,,0.10395363891495782,,,,,,,,,,,,,False,0.7999999999999999,0.02999934886786417,0.03,0.0
baseline,saddle_node,stationary,5,Neural SDE (Euler),4.349390029907227,3.606292247772217,0.09318109077919864,0.07069858679257465,,0.7430977821350098,-0.022482503986623992,,,,,,,,,True,0.7999999999999999,0.02999934886786417,0.03,0.0
baseline,saddle_node,stationary,5,SINDy-STLSQ,4.7834628692635,2.851908443200974,0.08484163261459218,0.06946041263899,,1.9315544260625264,-0.015381219975602184,,,,,,,,4.0,True,0.7999999999999999,0.02999934886786417,0.03,0.0
baseline,saddle_node,stationary,6,Bayesian SINDy (spike-slab),3.178838913324096,3.0592766624518704,0.07520707659627017,0.06948898041233824,,0.11956225087222583,-0.005718096183931931,2.0089080268200212,4.1461738598402755,0.05977107789714066,0.08232173001638927,0.9996385965061788,0.010228523616212638,0.015403578864003462,2.0,True,0.7999999999999999,0.030045056146676963,0.03,0.0
baseline,saddle_node,stationary,6,Kalman OU,0.6126797870057968,1.1366334873204194,0.028084487868174614,0.035677829996117794,0.024399251592699872,-0.5239537003146225,0.00759334212794318,,,,,,,,,True,0.7999999999999999,0.030045056146676963,0.03,0.0
baseline,saddle_node,stationary,6,Latent Neural SDE (VI),4.65930700302124,3.8616530895233154,0.07688198584372602,0.07189135963477906,0.004380992300712017,0.7976539134979248,-0.004990626208946955,,,,,,,,,True,0.7999999999999999,0.030045056146676963,0.03,0.0
baseline,saddle_node,stationary,6,Moment OU,,,,,,,,,,,,,,,,False,0.7999999999999999,0.030045056146676963,0.03,0.0
baseline,saddle_node,stationary,6,Neural SDE (Euler),4.7536749839782715,3.8722219467163086,0.07720032020045539,0.07323927192331316,,0.8814530372619629,-0.0039610482771422345,,,,,,,,,True,0.7999999999999999,0.030045056146676963,0.03,0.0
baseline,saddle_node,stationary,6,SINDy-STLSQ,4.58631673465385,4.0025866373389265,0.07404888033985424,0.07004877144465105,,0.5837300973149233,-0.004000108895203192,,,,,,,,4.0,True,0.7999999999999999,0.030045056146676963,0.03,0.0
baseline,saddle_node,stationary,7,Bayesian SINDy (spike-slab),2.777749586087172,4.476290157277907,0.07376512212992005,0.07173967293584002,,-1.6985405711907346,-0.0020254491940800284,3.3446474093072345,5.578004645036413,0.061820142179908825,0.08351719527426596,0.9999986991885834,0.01233014173036444,0.007407744295991034,2.0,True,0.7999999999999999,0.029977865190762832,0.03,0.0
baseline,saddle_node,stationary,7,Kalman OU,0.6339247577676115,3.0000000000000004,0.029717055746013122,0.024125087510276064,0.031476418697651845,-2.366075242232389,-0.005591968235737058,,,,,,,,,True,0.7999999999999999,0.029977865190762832,0.03,0.0
baseline,saddle_node,stationary,7,Latent Neural SDE (VI),2.8431854248046875,4.659146308898926,0.07499585327900155,0.08030892288988735,0.004593675379200381,-1.8159608840942383,0.005313069610885804,,,,,,,,,True,0.7999999999999999,0.029977865190762832,0.03,0.0
baseline,saddle_node,stationary,7,Moment OU,,2.760634167750874,,0.033212264684890656,,,,,,,,,,,,False,0.7999999999999999,0.029977865190762832,0.03,0.0
baseline,saddle_node,stationary,7,Neural SDE (Euler),2.8856735229492188,4.6486968994140625,0.07704235925065593,0.0821679705390185,,-1.7630233764648438,0.005125611288362572,,,,,,,,,True,0.7999999999999999,0.029977865190762832,0.03,0.0
baseline,saddle_node,stationary,7,SINDy-STLSQ,2.8471333491497015,5.070661546362476,0.07440921461871057,0.0724511536302442,,-2.223528197212774,-0.0019580609884663758,,,,,,,,4.0,True,0.7999999999999999,0.029977865190762832,0.03,0.0
baseline,saddle_node,stationary,8,Bayesian SINDy (spike-slab),3.131556433457797,2.953703340854947,0.07231533425439422,0.08134753380740874,,0.1778530926028501,0.009032199553014514,1.9281658915613382,4.011248646729981,0.0695787627823754,0.09402113588864239,0.9981627979394095,0.023958256454187546,0.007940968218201174,2.0,True,0.7999999999999999,0.02991792350865292,0.03,0.0
baseline,saddle_node,stationary,8,Kalman OU,1.8157126205677667,2.230306879427971,0.05207085135469532,0.06923501990620866,0.02438339010310853,-0.4145942588602043,0.017164168551513335,,,,,,,,,True,0.7999999999999999,0.02991792350865292,0.03,0.0
baseline,saddle_node,stationary,8,Latent Neural SDE (VI),4.9581193923950195,3.686861038208008,0.07075420422843046,0.08265979509790823,0.004810127938139811,1.2712583541870117,0.011905590869477775,,,,,,,,,True,0.7999999999999999,0.02991792350865292,0.03,0.0
baseline,saddle_node,stationary,8,Moment OU,,0.6008639891889033,,0.030790292846906403,,,,,,,,,,,,False,0.7999999999999999,0.02991792350865292,0.03,0.0
baseline,saddle_node,stationary,8,Neural SDE (Euler),4.817364692687988,3.4494810104370117,0.07211470250553864,0.08300375746282834,,1.3678836822509766,0.010889054957289701,,,,,,,,,True,0.7999999999999999,0.02991792350865292,0.03,0.0
baseline,saddle_node,stationary,8,SINDy-STLSQ,3.967263543867315,2.840893228176172,0.07177738471089966,0.0810792326508455,,1.126370315691143,0.009301847939945845,,,,,,,,4.0,True,0.7999999999999999,0.02991792350865292,0.03,0.0
baseline,saddle_node,stationary,9,Bayesian SINDy (spike-slab),5.381580242502668,3.595607083396895,0.06835948974972778,0.07100732416850768,,1.7859731591057733,0.0026478344187799013,2.4727073558009347,4.603787500135288,0.06088160800907405,0.0832277623104003,0.999594282722179,0.02247959191985226,0.007894564127326273,2.0,True,0.7999999999999999,0.029916802054238634,0.03,0.0
baseline,saddle_node,stationary,9,Kalman OU,0.4304290194271512,2.2478580528664573,0.010000000000000005,0.046542854071949524,0.025530253730319204,-1.8174290334393062,0.036542854071949515,,,,,,,,,True,0.7999999999999999,0.029916802054238634,0.03,0.0
baseline,saddle_node,stationary,9,Latent Neural SDE (VI),4.4372148513793945,4.959909439086914,0.07533084842167134,0.07499308600262267,0.0041659092485480985,-0.5226945877075195,-0.0003377624190486761,,,,,,,,,True,0.7999999999999999,0.029916802054238634,0.03,0.0
baseline,saddle_node,stationary,9,Moment OU,,,,,,,,,,,,,,,,False,0.7999999999999999,0.029916802054238634,0.03,0.0
baseline,saddle_node,stationary,9,Neural SDE (Euler),4.450272083282471,5.071115970611572,0.07765989415772005,0.07582805729369703,,-0.6208438873291016,-0.0018318368640230231,,,,,,,,,True,0.7999999999999999,0.029916802054238634,0.03,0.0
baseline,saddle_node,stationary,9,SINDy-STLSQ,5.900966047811747,3.63340317633252,0.06826835509892881,0.07154261929075731,,2.267562871479227,0.0032742641918284965,,,,,,,,3.0,True,0.7999999999999999,0.029916802054238634,0.03,0.0
baseline,saddle_node,stationary,10,Bayesian SINDy (spike-slab),4.377979722927662,3.586418470521827,0.06778314312123702,0.08321210552558768,,0.7915612524058346,0.015428962404350655,2.4984544166695364,4.644443368239947,0.07232765631509833,0.0968952421466121,0.9989780149179978,0.019412872241277315,0.006199348212418795,2.0,True,0.7999999999999999,0.030090029817579668,0.03,0.0
baseline,saddle_node,stationary,10,Kalman OU,1.4915652024770503,1.2805121190902493,0.029983440513844797,0.04222298963911193,0.029349106739677527,0.21105308338680095,0.012239549125267136,,,,,,,,,True,0.7999999999999999,0.030090029817579668,0.03,0.0
baseline,saddle_node,stationary,10,Latent Neural SDE (VI),5.041257381439209,3.139864444732666,0.0683981909834879,0.08199403018951915,0.004885294683798381,1.901392936706543,0.013595839206031246,,,,,,,,,True,0.7999999999999999,0.030090029817579668,0.03,0.0
baseline,saddle_node,stationary,10,Moment OU,0.646569399320363,1.9096131475416294,0.014649499305843616,0.050739112503642644,,-1.2630437482212664,0.03608961319779903,,,,,,,,,True,0.7999999999999999,0.030090029817579668,0.03,0.0
baseline,saddle_node,stationary,10,Neural SDE (Euler),5.146509647369385,3.1367979049682617,0.06919606474058912,0.08310295765223119,,2.009711742401123,0.013906892911642071,,,,,,,,,True,0.7999999999999999,0.030090029817579668,0.03,0.0
baseline,saddle_node,stationary,10,SINDy-STLSQ,5.081813497347041,2.88509261873561,0.06699608636814307,0.08239362481337902,,2.196720878611431,0.015397538445235948,,,,,,,,4.0,True,0.7999999999999999,0.030090029817579668,0.03,0.0
baseline,saddle_node,stationary,11,Bayesian SINDy (spike-slab),3.300549809647525,3.8144366453468876,0.0777286260297369,0.0777899715091544,,-0.5138868356993624,6.134547941749613e-05,2.7653935229001707,4.870938823640247,0.06655505445647797,0.09238369448027527,0.9988448571439253,0.009973271347558453,0.009008969213715178,2.0,True,0.7999999999999999,0.02991786817957448,0.03,0.0
baseline,saddle_node,stationary,11,Kalman OU,2.6981022472636127,3.0000000000000004,0.06561980974863016,0.05846221433460369,0.027466714749500253,-0.30189775273638775,-0.007157595414026469,,,,,,,,,True,0.7999999999999999,0.02991786817957448,0.03,0.0
baseline,saddle_node,stationary,11,Latent Neural SDE (VI),5.162108898162842,3.850294351577759,0.08135250601496347,0.08301867781704214,0.0044601585786554565,1.311814546585083,0.0016661718020786753,,,,,,,,,True,0.7999999999999999,0.02991786817957448,0.03,0.0
baseline,saddle_node,stationary,11,Moment OU,0.40247258301509387,1.3926219469105738,0.020301242062906472,0.0336508582154796,,-0.9901493638954799,0.013349616152573126,,,,,,,,,True,0.7999999999999999,0.02991786817957448,0.03,0.0
baseline,saddle_node,stationary,11,Neural SDE (Euler),5.107037544250488,3.853844404220581,0.08237204807510974,0.08316565745880893,,1.2531931400299072,0.0007936093836991842,,,,,,,,,True,0.7999999999999999,0.02991786817957448,0.03,0.0
baseline,saddle_node,stationary,11,SINDy-STLSQ,3.9412045002995213,3.3101116571885525,0.07879630744311168,0.07830406461622089,,0.6310928431109688,-0.0004922428268907958,,,,,,,,3.0,True,0.7999999999999999,0.02991786817957448,0.03,0.0
baseline,saddle_node,stationary,12,Bayesian SINDy (spike-slab),2.178708037711027,3.6750093960365797,0.07364649959369839,0.0737724283984395,,-1.4963013583255527,0.00012592880474111834,2.578158121269927,4.778112296823812,0.06471516680247909,0.0855808759693994,0.991829782357047,0.009804217828927125,0.01870052970007186,2.0,True,0.7999999999999999,0.029979299293923,0.03,0.0
baseline,saddle_node,stationary,12,Kalman OU,1.0777407289978878,2.06911257764625,0.046862905965340367,0.04594811421105603,0.02631230417317324,-0.9913718486483623,-0.0009147917542843345,,,,,,,,,True,0.7999999999999999,0.029979299293923,0.03,0.0
baseline,saddle_node,stationary,12,Latent Neural SDE (VI),2.096522331237793,3.703056573867798,0.07217076951914433,0.0765020423071685,0.004121294229218049,-1.6065342426300049,0.004331272788024171,,,,,,,,,True,0.7999999999999999,0.029979299293923,0.03,0.0
baseline,saddle_node,stationary,12,Moment OU,,,,,,,,,,,,,,,,False,0.7999999999999999,0.029979299293923,0.03,0.0
baseline,saddle_node,stationary,12,Neural SDE (Euler),2.1519856452941895,3.615663528442383,0.0718950837797254,0.07748007903242235,,-1.4636778831481934,0.005584995252696956,,,,,,,,,True,0.7999999999999999,0.029979299293923,0.03,0.0
baseline,saddle_node,stationary,12,SINDy-STLSQ,1.4347487672691384,2.861866121029416,0.07269495250437584,0.0744925676566751,,-1.4271173537602775,0.001797615152299259,,,,,,,,3.0,True,0.7999999999999999,0.029979299293923,0.03,0.0
baseline,saddle_node,stationary,13,Bayesian SINDy (spike-slab),3.5610712278576773,3.6793211886854946,0.07666206495161788,0.07860670047243726,,-0.11824996082781736,0.0019446355208193739,2.595950200969941,4.756304451069604,0.06810092320759399,0.09172478194787975,0.9936081748023591,0.011125873247920243,0.01882264807980022,2.0,True,0.7999999999999999,0.029924098248641413,0.03,0.0
baseline,saddle_node,stationary,13,Kalman OU,3.0000000000000004,1.5394552132010926,0.06544188510629002,0.039304712184316776,0.029359167322714007,1.4605447867989079,-0.026137172921973248,,,,,,,,,True,0.7999999999999999,0.029924098248641413,0.03,0.0
baseline,saddle_node,stationary,13,Latent Neural SDE (VI),3.743898868560791,4.243917465209961,0.07843942949703828,0.08248121295302709,0.004364505673100114,-0.5000185966491699,0.004041783455988809,,,,,,,,,True,0.7999999999999999,0.029924098248641413,0.03,0.0
baseline,saddle_node,stationary,13,Moment OU,0.6219437237884197,1.5540902038885676,0.02376390499853437,0.038437454155078876,,-0.9321464801001479,0.014673549156544508,,,,,,,,,True,0.7999999999999999,0.029924098248641413,0.03,0.0
baseline,saddle_node,stationary,13,Neural SDE (Euler),3.4925713539123535,4.089383125305176,0.07955635798733005,0.08301475886511128,,-0.5968117713928223,0.003458400877781237,,,,,,,,,True,0.7999999999999999,0.029924098248641413,0.03,0.0
baseline,saddle_node,stationary,13,SINDy-STLSQ,3.1148608715095962,2.9643410510015484,0.07773787419610234,0.07956455565317488,,0.1505198205080478,0.0018266814570725431,,,,,,,,3.0,True,0.7999999999999999,0.029924098248641413,0.03,0.0
baseline,saddle_node,stationary,14,Bayesian SINDy (spike-slab),4.718004934385277,3.93149904839043,0.07456146497013266,0.07458979756693732,,0.7865058859948473,2.8332596804653276e-05,2.7669310082748684,5.138463767866485,0.06468679467656856,0.08708252638103245,0.9993914610472584,0.03171539085398906,0.00873633134583212,2.0,True,0.7999999999999999,0.029798492987648577,0.03,0.0
baseline,saddle_node,stationary,14,Kalman OU,1.5543364341970305,1.565095853192606,0.025934800406316186,0.033506259674520325,0.02907041899738923,-0.010759418995575531,0.007571459268204139,,,,,,,,,True,0.7999999999999999,0.029798492987648577,0.03,0.0
baseline,saddle_node,stationary,14,Latent Neural SDE (VI),5.346748352050781,4.281013011932373,0.07861613876067258,0.07688266944827704,0.004354940533774313,1.0657353401184082,-0.0017334693123955414,,,,,,,,,True,0.7999999999999999,0.029798492987648577,0.03,0.0
baseline,saddle_node,stationary,14,Moment OU,7.724960370340535,1.623279299327399,0.0633069437600078,0.03157705605414157,,6.101681071013136,-0.031729887705866225,,,,,,,,,True,0.7999999999999999,0.029798492987648577,0.03,0.0
baseline,saddle_node,stationary,14,Neural SDE (Euler),5.3020710945129395,4.129096984863281,0.07915623977192411,0.07844120402632966,,1.1729741096496582,-0.00071503574559445,,,,,,,,,True,0.7999999999999999,0.029798492987648577,0.03,0.0
baseline,saddle_node,stationary,14,SINDy-STLSQ,4.752391347859277,3.4117677049905186,0.07577279297911473,0.07417872001770544,,1.3406236428687581,-0.0015940729614092874,,,,,,,,4.0,True,0.7999999999999999,0.029798492987648577,0.03,0.0
baseline,saddle_node,stationary,15,Bayesian SINDy (spike-slab),3.0896169958287545,3.415116315775979,0.06735307214106723,0.07101961170889577,,-0.3254993199472245,0.0036665395678285445,2.379554327395554,4.386865870017332,0.061215478333789014,0.08265156931960553,0.9972033740849906,0.011782255931696371,0.012014925466329006,2.0,True,0.7999999999999999,0.02996740127324914,0.03,0.0
baseline,saddle_node,stationary,15,Kalman OU,2.695314616901031,2.347484854119259,0.06314496032198053,0.053437324533794926,0.023036660382168606,0.3478297627817719,-0.0097076357881856,,,,,,,,,True,0.7999999999999999,0.02996740127324914,0.03,0.0
baseline,saddle_node,stationary,15,Latent Neural SDE (VI),3.291774272918701,3.933764934539795,0.06968395713847315,0.06951129041516967,0.004185470032458631,-0.6419906616210938,-0.00017266672330348842,,,,,,,,,True,0.7999999999999999,0.02996740127324914,0.03,0.0
baseline,saddle_node,stationary,15,Moment OU,,,,,,,,,,,,,,,,False,0.7999999999999999,0.02996740127324914,0.03,0.0
baseline,saddle_node,stationary,15,Neural SDE (Euler),3.191305637359619,4.02071475982666,0.07047461096132612,0.07114152750382721,,-0.829409122467041,0.0006669165425010892,,,,,,,,,True,0.7999999999999999,0.02996740127324914,0.03,0.0
baseline,saddle_node,stationary,15,SINDy-STLSQ,3.0697109051057607,2.839374271810341,0.0683828280359598,0.07158478120894916,,0.23033663329541954,0.0032019531729893663,,,,,,,,3.0,True,0.7999999999999999,0.02996740127324914,0.03,0.0
baseline,saddle_node,stationary,16,Bayesian SINDy (spike-slab),4.645811423223114,4.049714908806984,0.061198959562005495,0.08217135586339619,,0.5960965144161294,0.020972396301390694,2.925196979622275,5.1262633713403245,0.07087396086860469,0.09624563438688974,0.9999204989918056,0.04014051361334636,0.009471693264545864,2.0,True,0.7999999999999999,0.029957162215614275,0.03,0.0
baseline,saddle_node,stationary,16,Kalman OU,0.7854629566296751,0.4443559144693906,0.010699477599822047,0.01638414914791136,0.03380687522299128,0.34110704216028453,0.005684671548089314,,,,,,,,,True,0.7999999999999999,0.029957162215614275,0.03,0.0
baseline,saddle_node,stationary,16,Latent Neural SDE (VI),5.567196846008301,5.096532821655273,0.06410340066222894,0.08791165036684553,0.004816465221765291,0.47066402435302734,0.02380824970461659,,,,,,,,,True,0.7999999999999999,0.029957162215614275,0.03,0.0
baseline,saddle_node,stationary,16,Moment OU,,3.278160878846745,,0.059636388932270294,,,,,,,,,,,,False,0.7999999999999999,0.029957162215614275,0.03,0.0
baseline,saddle_node,stationary,16,Neural SDE (Euler),5.60460090637207,5.181067943572998,0.06473645842565451,0.08876842135447052,,0.42353296279907227,0.024031962928816014,,,,,,,,,True,0.7999999999999999,0.029957162215614275,0.03,0.0
baseline,saddle_node,stationary,16,SINDy-STLSQ,5.312802496894613,4.547854009294705,0.06178669203272075,0.08187029874214936,,0.7649484875999084,0.020083606709428617,,,,,,,,4.0,True,0.7999999999999999,0.029957162215614275,0.03,0.0
baseline,saddle_node,stationary,17,Bayesian SINDy (spike-slab),4.663617040687521,3.261992331907858,0.0627320138925367,0.06932344546174657,,1.4016247087796634,0.0065914315692098685,1.4786495561794184,5.218341186450922,0.05895883555707413,0.08191876648579385,0.9615960446673104,0.6044832056913285,0.050745494469800506,3.0,True,0.7999999999999999,0.029978366112028514,0.03,0.0
baseline,saddle_node,stationary,17,Kalman OU,3.0000000000000004,1.8118402920266254,0.027158306264679764,0.05851634929591633,0.020728877218958847,1.188159707973375,0.031358043031236564,,,,,,,,,True,0.7999999999999999,0.029978366112028514,0.03,0.0
baseline,saddle_node,stationary,17,Latent Neural SDE (VI),5.163437366485596,3.2463760375976562,0.07109340581443349,0.07602985036921589,0.004491006434600705,1.9170613288879395,0.004936444554782399,,,,,,,,,True,0.7999999999999999,0.029978366112028514,0.03,0.0
baseline,saddle_node,stationary,17,Moment OU,,,,,,,,,,,,,,,,False,0.7999999999999999,0.029978366112028514,0.03,0.0
baseline,saddle_node,stationary,17,Neural SDE (Euler),5.228139877319336,3.258176326751709,0.07199680378862566,0.07702377872471998,,1.969963550567627,0.005026974936094317,,,,,,,,,True,0.7999999999999999,0.029978366112028514,0.03,0.0
baseline,saddle_node,stationary,17,SINDy-STLSQ,5.626608829982165,3.7549589648596804,0.06310522654603373,0.06890437589701484,,1.8716498651224844,0.005799149350981109,,,,,,,,3.0,True,0.7999999999999999,0.029978366112028514,0.03,0.0
baseline,saddle_node,stationary,18,Bayesian SINDy (spike-slab),5.173453552992173,3.6837239670570305,0.0700878815831696,0.07845655706310327,,1.4897295859351427,0.008368675479933668,2.659136804422282,4.769207031847645,0.06788483387378663,0.09193628443254151,0.9999836994512452,0.0134186029638096,0.0043962798412052004,2.0,True,0.7999999999999999,0.02993467160668062,0.03,0.0
baseline,saddle_node,stationary,18,Kalman OU,0.7581979238028356,1.489207014159692,0.010000000000000005,0.03893317212210487,0.028925080452734602,-0.7310090903568565,0.028933172122104864,,,,,,,,,True,0.7999999999999999,0.02993467160668062,0.03,0.0
baseline,saddle_node,stationary,18,Latent Neural SDE (VI),5.035211086273193,4.199714660644531,0.08060985869747728,0.08170503278082622,0.004617334941043294,0.8354964256286621,0.0010951740833489432,,,,,,,,,True,0.7999999999999999,0.02993467160668062,0.03,0.0
baseline,saddle_node,stationary,18,Moment OU,,1.3350135992004148,,0.035396903008437855,,,,,,,,,,,,False,0.7999999999999999,0.02993467160668062,0.03,0.0
baseline,saddle_node,stationary,18,Neural SDE (Euler),5.080510139465332,4.258784294128418,0.08160115078345129,0.08189241023992418,,0.8217258453369141,0.0002912594564728893,,,,,,,,,True,0.7999999999999999,0.02993467160668062,0.03,0.0
baseline,saddle_node,stationary,18,SINDy-STLSQ,6.002525329444965,3.786068002836636,0.07070647112932375,0.07934321766033849,,2.216457326608329,0.008636746531014733,,,,,,,,3.0,True,0.7999999999999999,0.02993467160668062,0.03,0.0
baseline,saddle_node,stationary,19,Bayesian SINDy (spike-slab),3.262873669031287,2.69071961568486,0.0758745399488714,0.08418947327890165,,0.5721540533464271,0.00831493333003025,1.7213199892278868,3.673251180426409,0.07310047486682894,0.09935395957141556,0.9992953879881507,0.014368793776034582,0.014531271586995778,2.0,True,0.7999999999999999,0.03016348456909041,0.03,0.0
baseline,saddle_node,stationary,19,Kalman OU,1.4382539169537116,1.0805550088687448,0.042069415828977,0.04861637296128947,0.027839972697330344,0.35769890808496685,0.0065469571323124726,,,,,,,,,True,0.7999999999999999,0.03016348456909041,0.03,0.0
baseline,saddle_node,stationary,19,Latent Neural SDE (VI),3.7951645851135254,4.245314598083496,0.07621199447547651,0.08847001464721746,0.005165220479705296,-0.4501500129699707,0.01225802017174095,,,,,,,,,True,0.7999999999999999,0.03016348456909041,0.03,0.0
baseline,saddle_node,stationary,19,Moment OU,0.10123314098619146,0.6021853199154239,0.009827060040450399,0.034458211628034426,,-0.5009521789292324,0.024631151587584027,,,,,,,,,True,0.7999999999999999,0.03016348456909041,0.03,0.0
baseline,saddle_node,stationary,19,Neural SDE (Euler),3.6654202938079834,4.241981506347656,0.07666698522480714,0.08939945995071964,,-0.5765612125396729,0.012732474725912504,,,,,,,,,True,0.7999999999999999,0.03016348456909041,0.03,0.0
baseline,saddle_node,stationary,19,SINDy-STLSQ,3.2958177984489985,3.392923981705833,0.07685715653874846,0.08454221565469024,,-0.09710618325683473,0.007685059115941778,,,,,,,,4.0,True,0.7999999999999999,0.03016348456909041,0.03,0.0
baseline,saddle_node,stationary,20,Bayesian SINDy (spike-slab),4.227222531779128,2.960158978238761,0.07332004038371624,0.06701075922998116,,1.2670635535403667,-0.00630928115373508,1.9096317944885346,4.1135118729598386,0.05717108925985031,0.07787434551547602,0.9867870834665723,0.015861065940340063,0.02442870822859762,2.0,True,0.7999999999999999,0.03010266895196566,0.03,0.0
baseline,saddle_node,stationary,20,Kalman OU,0.7761594966744798,1.1908140238596583,0.017843454436189773,0.03906356484232422,0.02258830442383123,-0.4146545271851785,0.021220110406134446,,,,,,,,,True,0.7999999999999999,0.03010266895196566,0.03,0.0
baseline,saddle_node,stationary,20,Latent Neural SDE (VI),4.413564205169678,3.271267890930176,0.07591932737854047,0.06853691528068717,0.004326644994981746,1.142296314239502,-0.0073824120978533,,,,,,,,,True,0.7999999999999999,0.03010266895196566,0.03,0.0
baseline,saddle_node,stationary,20,Moment OU,1.516864716640315,,0.02689222434616097,,,,,,,,,,,,,False,0.7999999999999999,0.03010266895196566,0.03,0.0
baseline,saddle_node,stationary,20,Neural SDE (Euler),4.344892501831055,3.141887664794922,0.07657649263687488,0.06839907469725563,,1.2030048370361328,-0.00817741793961925,,,,,,,,,True,0.7999999999999999,0.03010266895196566,0.03,0.0
baseline,saddle_node,stationary,20,SINDy-STLSQ,4.33269363386197,2.6504222329859624,0.073702249025438,0.06773656850607823,,1.6822714008760076,-0.0059656805193597645,,,,,,,,4.0,True,0.7999999999999999,0.03010266895196566,0.03,0.0
baseline,saddle_node,stationary,21,Bayesian SINDy (spike-slab),4.823446069610433,3.5960253986211215,0.07327863458726998,0.0683186788873469,,1.2274206709893112,-0.00495995569992308,2.474852132290294,4.683754046029797,0.05898209102123196,0.07915908945567941,0.995913988774151,0.015429601188614559,0.015421045520764507,2.0,True,0.7999999999999999,0.02999338847323667,0.03,0.0
baseline,saddle_node,stationary,21,Kalman OU,2.80784820114016,1.4378278873296981,0.0335094627141483,0.03602294889912797,0.02494226457146764,1.3700203138104619,0.0025134861849796727,,,,,,,,,True,0.7999999999999999,0.02999338847323667,0.03,0.0
baseline,saddle_node,stationary,21,Latent Neural SDE (VI),4.6524152755737305,3.8835439682006836,0.08014744731893776,0.07414843390341756,0.0039612240172350625,0.7688713073730469,-0.005999013415520199,,,,,,,,,True,0.7999999999999999,0.02999338847323667,0.03,0.0
baseline,saddle_node,stationary,21,Moment OU,8.286560892298093,,0.05986222105694051,,,,,,,,,,,,,False,0.7999999999999999,0.02999338847323667,0.03,0.0
baseline,saddle_node,stationary,21,Neural SDE (Euler),4.742025375366211,3.8794548511505127,0.0802685156455982,0.07521498839335171,,0.8625705242156982,-0.00505352725224649,,,,,,,,,True,0.7999999999999999,0.02999338847323667,0.03,0.0
baseline,saddle_node,stationary,21,SINDy-STLSQ,4.534952001776058,3.3713961227586213,0.07431091626498727,0.06945855844429738,,1.1635558790174367,-0.004852357820689893,,,,,,,,4.0,True,0.7999999999999999,0.02999338847323667,0.03,0.0
baseline,saddle_node,stationary,22,Bayesian SINDy (spike-slab),3.57490394416792,4.039792354600478,0.08503906691279331,0.0755912949849337,,-0.46488841043255835,-0.009447771927859616,2.9437144361043015,5.0584269341646975,0.06529119366889205,0.08872699075088347,0.999894995315228,0.012276217979626953,0.00849564517460834,2.0,True,0.7999999999999999,0.030088257902361228,0.03,0.0
baseline,saddle_node,stationary,22,Kalman OU,0.6604360745887249,2.1441425006739205,0.026790870761045242,0.03994049527614984,0.02981365361663304,-1.4837064260851958,0.013149624515104597,,,,,,,,,True,0.7999999999999999,0.030088257902361228,0.03,0.0
baseline,saddle_node,stationary,22,Latent Neural SDE (VI),4.624342918395996,4.659470558166504,0.08983586587514981,0.08009516736226945,0.00446985562066428,-0.03512763977050781,-0.00974069851288037,,,,,,,,,True,0.7999999999999999,0.030088257902361228,0.03,0.0
baseline,saddle_node,stationary,22,Moment OU,2.1949005684241762,2.2726717421117826,0.056458317282779794,0.041209123659357486,,-0.07777117368760633,-0.015249193623422308,,,,,,,,,True,0.7999999999999999,0.030088257902361228,0.03,0.0
baseline,saddle_node,stationary,22,Neural SDE (Euler),4.6285929679870605,4.5765533447265625,0.09152100961192321,0.08145243510462588,,0.05203962326049805,-0.010068574507297326,,,,,,,,,True,0.7999999999999999,0.030088257902361228,0.03,0.0
baseline,saddle_node,stationary,22,SINDy-STLSQ,3.910650867794629,4.020523542437763,0.08620179517129598,0.07664473048982819,,-0.109872674643134,-0.009557064681467789,,,,,,,,3.0,True,0.7999999999999999,0.030088257902361228,0.03,0.0
baseline,saddle_node,stationary,23,Bayesian SINDy (spike-slab),5.894125435319411,3.7620989224257153,0.07414218325729294,0.08009089746639143,,2.1320265128936953,0.005948714209098496,1.858332327871173,5.003383402142177,0.06918513039865613,0.09310586160715155,0.958426725253103,0.05269902652922809,0.07117154923256361,2.0,True,0.7999999999999999,0.030121443346993647,0.03,0.0
baseline,saddle_node,stationary,23,Kalman OU,0.880319693067576,1.7056319125000645,0.010697627879409597,0.03889300196043034,0.03140955166801946,-0.8253122194324886,0.028195374081020748,,,,,,,,,True,0.7999999999999999,0.030121443346993647,0.03,0.0
baseline,saddle_node,stationary,23,Latent Neural SDE (VI),6.8369832038879395,4.0808939933776855,0.08129863753828917,0.08597433599448205,0.004930516910316433,2.756089210510254,0.004675698456192881,,,,,,,,,True,0.7999999999999999,0.030121443346993647,0.03,0.0
baseline,saddle_node,stationary,23,Moment OU,,2.89912045228238,,0.05522118045049901,,,,,,,,,,,,False,0.7999999999999999,0.030121443346993647,0.03,0.0
baseline,saddle_node,stationary,23,Neural SDE (Euler),7.011706352233887,4.062530517578125,0.0816702471180368,0.08541887843710996,,2.9491758346557617,0.003748631319073159,,,,,,,,,True,0.7999999999999999,0.030121443346993647,0.03,0.0
baseline,saddle_node,stationary,23,SINDy-STLSQ,7.53620305760017,2.919861000345879,0.07292224872843779,0.07835430593387858,,4.6163420572542915,0.005432057205440793,,,,,,,,4.0,True,0.7999999999999999,0.030121443346993647,0.03,0.0
baseline,saddle_node,stationary,24,Bayesian SINDy (spike-slab),3.862298323064249,2.9383751618745895,0.07604249091528184,0.07406942259579413,,0.9239231611896597,-0.0019730683194877086,1.8011188224431842,3.9816262734463423,0.06426229602808199,0.08536441862527598,0.981789297530255,0.010192131820751734,0.028747865654581133,2.0,True,0.7999999999999999,0.029929114280217918,0.03,0.0
baseline,saddle_node,stationary,24,Kalman OU,3.0000000000000004,3.0000000000000004,0.05633077308787142,0.07714297835997844,0.019211247713199313,0.0,0.020812205272107018,,,,,,,,,True,0.7999999999999999,0.029929114280217918,0.03,0.0
baseline,saddle_node,stationary,24,Latent Neural SDE (VI),3.8134100437164307,3.884927272796631,0.08264572938572343,0.0744272350333566,0.004330495757083286,-0.0715172290802002,-0.008218494352366823,,,,,,,,,True,0.7999999999999999,0.029929114280217918,0.03,0.0
baseline,saddle_node,stationary,24,Moment OU,1.524490653167133,,0.03500964181270052,,,,,,,,,,,,,False,0.7999999999999999,0.029929114280217918,0.03,0.0
baseline,saddle_node,stationary,24,Neural SDE (Euler),3.769473075866699,3.7947137355804443,0.08376582662233013,0.07436835290910059,,-0.025240659713745117,-0.009397473713229548,,,,,,,,,True,0.7999999999999999,0.029929114280217918,0.03,0.0
baseline,saddle_node,stationary,24,SINDy-STLSQ,3.6013460038946343,2.221732971617272,0.07587977844214193,0.07462637797275486,,1.3796130322773625,-0.0012534004693870726,,,,,,,,4.0,True,0.7999999999999999,0.029929114280217918,0.03,0.0
baseline,saddle_node,stationary,25,Bayesian SINDy (spike-slab),3.88143085369113,2.8796608109401864,0.0752742226072857,0.08475828869693983,,1.0017700427509437,0.00948406608965413,1.7646439056960292,3.876751596146094,0.07316910007165428,0.09782237864498057,0.9821690095646471,0.010023565861724742,0.02764008400653564,2.0,True,0.7999999999999999,0.030005538367923346,0.03,0.0
baseline,saddle_node,stationary,25,Kalman OU,0.7430381035414044,1.6124163986932387,0.019992268586997146,0.05652207365404629,0.02787313378723259,-0.8693782951518343,0.03652980506704914,,,,,,,,,True,0.7999999999999999,0.030005538367923346,0.03,0.0
baseline,saddle_node,stationary,25,Latent Neural SDE (VI),4.068231582641602,2.74078106880188,0.08121799400974695,0.08821629165565979,0.0051417712462462715,1.3274505138397217,0.006998297645912838,,,,,,,,,True,0.7999999999999999,0.030005538367923346,0.03,0.0
baseline,saddle_node,stationary,25,Moment OU,1.2549332330161074,1.1400194340084757,0.028791871564347822,0.04456970193529475,,0.11491379900763166,0.015777830370946926,,,,,,,,,True,0.7999999999999999,0.030005538367923346,0.03,0.0
baseline,saddle_node,stationary,25,Neural SDE (Euler),3.9024078845977783,2.7433648109436035,0.08308593847048534,0.09053427032010472,,1.1590430736541748,0.007448331849619377,,,,,,,,,True,0.7999999999999999,0.030005538367923346,0.03,0.0
baseline,saddle_node,stationary,25,SINDy-STLSQ,3.0027083379662187,2.2758671755924613,0.07592083909316868,0.08558603579311763,,0.7268411623737574,0.009665196699948947,,,,,,,,3.0,True,0.7999999999999999,0.030005538367923346,0.03,0.0
baseline,saddle_node,stationary,26,Bayesian SINDy (spike-slab),3.9941862477087544,3.098157273601832,0.08184814063300035,0.06822259635716685,,0.8960289741069225,-0.013625544275833498,2.0785218373820022,4.055499893624299,0.058568994476109686,0.0793815605187526,0.9998497698436448,0.016401764193168362,0.0036822922235939365,2.0,True,0.7999999999999999,0.029872200230791346,0.03,0.0
baseline,saddle_node,stationary,26,Kalman OU,2.2010076557661664,1.5031116436154652,0.04719991371936825,0.041646974758962264,0.022963120687129843,0.6978960121507012,-0.005552938960405984,,,,,,,,,True,0.7999999999999999,0.029872200230791346,0.03,0.0
baseline,saddle_node,stationary,26,Latent Neural SDE (VI),3.4223670959472656,3.1027088165283203,0.08629226502155193,0.07354541304425039,0.004132361243240016,0.3196582794189453,-0.012746851977301549,,,,,,,,,True,0.7999999999999999,0.029872200230791346,0.03,0.0
baseline,saddle_node,stationary,26,Moment OU,3.380861171726682,,0.06278507357741032,,,,,,,,,,,,,False,0.7999999999999999,0.029872200230791346,0.03,0.0
baseline,saddle_node,stationary,26,Neural SDE (Euler),3.3872125148773193,3.10616397857666,0.08856384933654737,0.0742642441405512,,0.2810485363006592,-0.01429960519599617,,,,,,,,,True,0.7999999999999999,0.029872200230791346,0.03,0.0
baseline,saddle_node,stationary,26,SINDy-STLSQ,3.9536524264870083,3.0243478977216176,0.08327916067402971,0.06888618643016646,,0.9293045287653907,-0.014392974243863252,,,,,,,,3.0,True,0.7999999999999999,0.029872200230791346,0.03,0.0
baseline,saddle_node,stationary,27,Bayesian SINDy (spike-slab),2.380028029084887,4.056190563625287,0.080357897166597,0.07334704682415494,,-1.6761625345403997,-0.00701085034244206,2.9178234524675877,5.0941660584626725,0.06353776844798532,0.08594774661930926,0.9991620620341863,0.011552076807240078,0.010352407573611493,2.0,True,0.7999999999999999,0.029953695120509792,0.03,0.0
baseline,saddle_node,stationary,27,Kalman OU,1.0829729408298063,2.766386915068645,0.05071812503121413,0.04816495350304954,0.027087681447976304,-1.6834139742388388,-0.0025531715281645884,,,,,,,,,True,0.7999999999999999,0.029953695120509792,0.03,0.0
baseline,saddle_node,stationary,27,Latent Neural SDE (VI),2.9032649993896484,5.135732650756836,0.08183999570752815,0.0775408393036717,0.00432659996361494,-2.2324676513671875,-0.004299156403856447,,,,,,,,,True,0.7999999999999999,0.029953695120509792,0.03,0.0
baseline,saddle_node,stationary,27,Moment OU,,1.0233238422665458,,0.023390059118049217,,,,,,,,,,,,False,0.7999999999999999,0.029953695120509792,0.03,0.0
baseline,saddle_node,stationary,27,Neural SDE (Euler),2.9307594299316406,5.074201583862305,0.0827226578303811,0.07934813146246653,,-2.143442153930664,-0.0033745263679145765,,,,,,,,,True,0.7999999999999999,0.029953695120509792,0.03,0.0
baseline,saddle_node,stationary,27,SINDy-STLSQ,2.1292136181572774,3.8367681247472616,0.08041938079722283,0.07453344443021107,,-1.7075545065899842,-0.005885936367011763,,,,,,,,4.0,True,0.7999999999999999,0.029953695120509792,0.03,0.0
baseline,saddle_node,stationary,28,Bayesian SINDy (spike-slab),2.9779463042629253,4.44424115859448,0.08327949496839793,0.08806521670440992,,-1.4662948543315544,0.004785721736011994,3.379048379299257,5.560720288136664,0.07561043842230045,0.10363626684068762,0.9999931213368859,0.011029118059474726,0.009205406856714659,2.0,True,0.7999999999999999,0.030093112883846484,0.03,0.0
baseline,saddle_node,stationary,28,Kalman OU,0.34563454935331145,0.5929064201678984,0.02167388459867769,0.02132541220668542,0.03477366233906848,-0.24727187081458696,-0.00034847239199227095,,,,,,,,,True,0.7999999999999999,0.030093112883846484,0.03,0.0
baseline,saddle_node,stationary,28,Latent Neural SDE (VI),3.2579538822174072,6.4622955322265625,0.08834891239441062,0.09026547405083657,0.004871090937858375,-3.2043416500091553,0.0019165616564259524,,,,,,,,,True,0.7999999999999999,0.030093112883846484,0.03,0.0
baseline,saddle_node,stationary,28,Moment OU,0.91095557641632,7.107250108112244,0.038091354165263845,0.10039752233159542,,-6.196294531695925,0.062306168166331576,,,,,,,,,True,0.7999999999999999,0.030093112883846484,0.03,0.0
baseline,saddle_node,stationary,28,Neural SDE (Euler),3.3089351654052734,6.640949249267578,0.09021171977227198,0.09159356880543702,,-3.3320140838623047,0.0013818490331650446,,,,,,,,,True,0.7999999999999999,0.030093112883846484,0.03,0.0
baseline,saddle_node,stationary,28,SINDy-STLSQ,2.060646278332581,5.16245650573583,0.08251209245062456,0.08863643752862715,,-3.1018102274032486,0.006124345078002594,,,,,,,,4.0,True,0.7999999999999999,0.030093112883846484,0.03,0.0
baseline,saddle_node,stationary,29,Bayesian SINDy (spike-slab),4.113913049870272,3.615177466222653,0.06894831774094143,0.07844035127548372,,0.4987355836476186,0.009492033534542296,2.3876225353928224,4.690438070005606,0.067762033649491,0.09173315508388939,0.9820290011146053,0.02389161493822558,0.030923284279093764,2.0,True,0.7999999999999999,0.029977692950917723,0.03,0.0
baseline,saddle_node,stationary,29,Kalman OU,1.1060715861153925,3.0000000000000004,0.021627733017725078,0.061393870325817605,0.02676709199937401,-1.893928413884608,0.03976613730809253,,,,,,,,,True,0.7999999999999999,0.029977692950917723,0.03,0.0
baseline,saddle_node,stationary,29,Latent Neural SDE (VI),4.96840763092041,3.859806776046753,0.07216751432889038,0.0859467958920336,0.0044327716493538435,1.1086008548736572,0.01377928156314323,,,,,,,,,True,0.7999999999999999,0.029977692950917723,0.03,0.0
baseline,saddle_node,stationary,29,Moment OU,,1.1642713131607918,,0.032562940296885674,,,,,,,,,,,,False,0.7999999999999999,0.029977692950917723,0.03,0.0
baseline,saddle_node,stationary,29,Neural SDE (Euler),4.832138538360596,3.884779691696167,0.07304098695127709,0.08694324811997736,,0.9473588466644287,0.013902261168700275,,,,,,,,,True,0.7999999999999999,0.029977692950917723,0.03,0.0
baseline,saddle_node,stationary,29,SINDy-STLSQ,5.025402480664206,3.063785899201276,0.06912596679507249,0.07813168233017594,,1.96161658146293,0.009005715535103445,,,,,,,,4.0,True,0.7999999999999999,0.029977692950917723,0.03,0.0
baseline,transcritical,noise_growth,0,Bayesian SINDy (spike-slab),3.253583324123449,2.0782183270922894,0.08434926312878187,0.1091037485922369,,1.1753649970311595,0.02475448546345503,1.2104411478015766,2.9843419846110226,0.09369685030120328,0.1252140684737608,0.9913778284224254,0.009584119148300261,0.011033073272507939,2.0,True,0.7999999999999999,0.07431304245260381,0.03,0.0
baseline,transcritical,noise_growth,0,Kalman OU,0.22393750378763605,0.9534393544190404,0.016742438390736487,0.06867949423924725,0.03348016499764701,-0.7295018506314044,0.05193705584851077,,,,,,,,,True,0.7999999999999999,0.07431304245260381,0.03,0.0
baseline,transcritical,noise_growth,0,Latent Neural SDE (VI),4.048899173736572,2.865913152694702,0.08944642707525509,0.1120294901634168,0.007323262502527024,1.1829860210418701,0.022583063088161714,,,,,,,,,True,0.7999999999999999,0.07431304245260381,0.03,0.0
baseline,transcritical,noise_growth,0,Moment OU,1.5334500988890314,1.3942785141018528,0.048847266182499384,0.08888804816961372,,0.13917158478717861,0.04004078198711434,,,,,,,,,True,0.7999999999999999,0.07431304245260381,0.03,0.0
baseline,transcritical,noise_growth,0,Neural SDE (Euler),4.105996131896973,2.7681117057800293,0.09136560127680725,0.11543878498871135,,1.3378844261169434,0.024073183711904103,,,,,,,,,True,0.7999999999999999,0.07431304245260381,0.03,0.0
baseline,transcritical,noise_growth,0,SINDy-STLSQ,2.7303966777577773,2.116800216503095,0.0855659152894691,0.1115526879796864,,0.6135964612546823,0.025986772690217305,,,,,,,,2.0,True,0.7999999999999999,0.07431304245260381,0.03,0.0
baseline,transcritical,noise_growth,1,Bayesian SINDy (spike-slab),4.303502194800174,0.8857312200192922,0.08419332946205346,0.10783322152703477,,3.4177709747808818,0.023639892064981308,-0.0,1.9511158628661636,0.09174400980201766,0.12714995179425928,0.41622414911900324,0.02417336928329753,0.41409596164407103,1.0,True,0.7999999999999999,0.0734998990137636,0.03,0.0
baseline,transcritical,noise_growth,1,Kalman OU,3.0000000000000004,0.9073664298572147,0.04312456340577159,0.10346116043173888,0.018926009418826346,2.0926335701427856,0.06033659702596729,,,,,,,,,True,0.7999999999999999,0.0734998990137636,0.03,0.0
baseline,transcritical,noise_growth,1,Latent Neural SDE (VI),5.170350074768066,0.7917578220367432,0.0830178405666661,0.10812975121003258,0.009096879073045912,4.378592252731323,0.025111910643366486,,,,,,,,,True,0.7999999999999999,0.0734998990137636,0.03,0.0
baseline,transcritical,noise_growth,1,Moment OU,5.163430090637236,0.5459305326916578,0.07781890965584888,0.07637103233563697,,4.617499557945578,-0.0014478773202119127,,,,,,,,,True,0.7999999999999999,0.0734998990137636,0.03,0.0
baseline,transcritical,noise_growth,1,Neural SDE (Euler),5.056835174560547,1.0617085695266724,0.08363670965367603,0.11231096171836318,,3.9951266050338745,0.028674252064687142,,,,,,,,,True,0.7999999999999999,0.0734998990137636,0.03,0.0
baseline,transcritical,noise_growth,1,SINDy-STLSQ,5.139392309406922,0.8348822407933293,0.08471211139555795,0.10571936603143957,,4.304510068613593,0.021007254635881614,,,,,,,,4.0,True,0.7999999999999999,0.0734998990137636,0.03,0.0
baseline,transcritical,noise_growth,2,Bayesian SINDy (spike-slab),4.777863895583968,1.7728212429294319,0.07918362882017693,0.1093562730657318,,3.005042652654536,0.030172644245554867,0.6549778789989148,2.656362575422718,0.0937136411440364,0.12911782971090477,0.9746511081196196,0.013085081597175866,0.012944891625740161,2.0,True,0.7999999999999999,0.07399634868788578,0.03,0.0
baseline,transcritical,noise_growth,2,Kalman OU,1.690010209211941,0.9030114877242351,0.02486248556833919,0.07597020058558818,0.03021093214746157,0.7869987214877058,0.05110771501724899,,,,,,,,,True,0.7999999999999999,0.07399634868788578,0.03,0.0
baseline,transcritical,noise_growth,2,Latent Neural SDE (VI),5.674884796142578,2.2461910247802734,0.08183619651423968,0.10580182646952112,0.00820396533203427,3.4286937713623047,0.02396562995528144,,,,,,,,,True,0.7999999999999999,0.07399634868788578,0.03,0.0
baseline,transcritical,noise_growth,2,Moment OU,10.582987057376503,1.0264997428525937,0.0917705225497032,0.08291946713315516,,9.55648731452391,-0.008851055416548043,,,,,,,,,True,0.7999999999999999,0.07399634868788578,0.03,0.0
baseline,transcritical,noise_growth,2,Neural SDE (Euler),5.600289344787598,2.312887668609619,0.08289339832206946,0.10865892135293119,,3.2874016761779785,0.02576552303086173,,,,,,,,,True,0.7999999999999999,0.07399634868788578,0.03,0.0
baseline,transcritical,noise_growth,2,SINDy-STLSQ,5.086143806911452,1.90646515995621,0.08041967569719756,0.11098001565918984,,3.1796786469552423,0.030560339961992283,,,,,,,,3.0,True,0.7999999999999999,0.07399634868788578,0.03,0.0
baseline,transcritical,noise_growth,3,Bayesian SINDy (spike-slab),4.215728737495148,2.5106172329694725,0.07688239355087718,0.10578071352521874,,1.7051115045256755,0.028898319974341558,1.4159717839444856,3.429716323908566,0.09135560582737269,0.1239258582326701,0.9974709183363952,0.01868012563335974,0.007768247078397125,2.0,True,0.7999999999999999,0.07459324795384106,0.03,0.0
baseline,transcritical,noise_growth,3,Kalman OU,1.324526971229873,1.2771292535334613,0.02792311703709573,0.07120700212271054,0.03213965779689047,0.04739771769641177,0.043283885085614815,,,,,,,,,True,0.7999999999999999,0.07459324795384106,0.03,0.0
baseline,transcritical,noise_growth,3,Latent Neural SDE (VI),5.413553237915039,3.526602268218994,0.077960997786865,0.10630369691362586,0.006949477819146722,1.886950969696045,0.028342699126760865,,,,,,,,,True,0.7999999999999999,0.07459324795384106,0.03,0.0
baseline,transcritical,noise_growth,3,Moment OU,2.9160269056697974,1.8018315040524107,0.04525096892127485,0.08868049239808855,,1.1141954016173867,0.0434295234768137,,,,,,,,,True,0.7999999999999999,0.07459324795384106,0.03,0.0
baseline,transcritical,noise_growth,3,Neural SDE (Euler),5.3942766189575195,3.5389394760131836,0.07877070064577105,0.10786459074818337,,1.855337142944336,0.029093890102412326,,,,,,,,,True,0.7999999999999999,0.07459324795384106,0.03,0.0
baseline,transcritical,noise_growth,3,SINDy-STLSQ,4.141955297082661,2.4051115768206777,0.07694207272494782,0.1058274442797043,,1.7368437202619833,0.02888537155475647,,,,,,,,4.0,True,0.7999999999999999,0.07459324795384106,0.03,0.0
baseline,transcritical,noise_growth,4,Bayesian SINDy (spike-slab),2.368204182994792,1.4594775339256314,0.0802493624994754,0.10387979113033868,,0.9087266490691608,0.023630428630863287,-0.0,2.3387897419235104,0.08919421189519759,0.12083584512519958,0.8079750222957242,0.01281627091576058,0.16756569602344543,2.0,True,0.7999999999999999,0.07376206458796046,0.03,0.0
baseline,transcritical,noise_growth,4,Kalman OU,0.44374866198864954,1.1981120530677998,0.03037928058644988,0.09242105999764551,0.023080210061570343,-0.7543633910791503,0.062041779411195624,,,,,,,,,True,0.7999999999999999,0.07376206458796046,0.03,0.0
baseline,transcritical,noise_growth,4,Latent Neural SDE (VI),3.886540412902832,1.5880484580993652,0.07946256614005814,0.11026745335003972,0.00750015598205373,2.298491954803467,0.030804887209981577,,,,,,,,,True,0.7999999999999999,0.07376206458796046,0.03,0.0
baseline,transcritical,noise_growth,4,Moment OU,,0.7586159406346729,,0.0703719630620235,,,,,,,,,,,,False,0.7999999999999999,0.07376206458796046,0.03,0.0
baseline,transcritical,noise_growth,4,Neural SDE (Euler),3.8588011264801025,1.6929740905761719,0.08143543651070997,0.11545825335769816,,2.1658270359039307,0.034022816846988185,,,,,,,,,True,0.7999999999999999,0.07376206458796046,0.03,0.0
baseline,transcritical,noise_growth,4,SINDy-STLSQ,2.6713229758512558,1.1191181272694684,0.08037360413699116,0.10379564694916138,,1.5522048485817874,0.023422042812170224,,,,,,,,4.0,True,0.7999999999999999,0.07376206458796046,0.03,0.0
baseline,transcritical,noise_growth,5,Bayesian SINDy (spike-slab),3.0978238149758464,2.532565576998845,0.07787600009102057,0.10899644690593212,,0.5652582379770013,0.03112044681491155,1.4028442665841716,4.67175338432503,0.093424489593743,0.1283792440463106,0.9547772597933509,0.18607563712651867,0.05710188105222636,2.0,True,0.7999999999999999,0.07392115535485397,0.03,0.0
baseline,transcritical,noise_growth,5,Kalman OU,0.28340815833846456,0.516297996897306,0.019526837002275456,0.04483586765524517,0.03697191224452797,-0.2328898385588415,0.025309030652969716,,,,,,,,,True,0.7999999999999999,0.07392115535485397,0.03,0.0
baseline,transcritical,noise_growth,5,Latent Neural SDE (VI),3.960176944732666,2.8455939292907715,0.07770672630383466,0.10937553537558944,0.007049850795172895,1.1145830154418945,0.03166880907175479,,,,,,,,,True,0.7999999999999999,0.07392115535485397,0.03,0.0
baseline,transcritical,noise_growth,5,Moment OU,0.5672408184451989,1.5928932019690563,0.02728893391152055,0.09095440170177758,,-1.0256523835238573,0.06366546779025703,,,,,,,,,True,0.7999999999999999,0.07392115535485397,0.03,0.0
baseline,transcritical,noise_growth,5,Neural SDE (Euler),3.8712947368621826,2.755357027053833,0.07912757348722858,0.11115086669222454,,1.1159377098083496,0.03202329320499596,,,,,,,,,True,0.7999999999999999,0.07392115535485397,0.03,0.0
baseline,transcritical,noise_growth,5,SINDy-STLSQ,3.6470227980402523,3.429425528907146,0.07784368108608959,0.1054739582478686,,0.2175972691331065,0.027630277161779,,,,,,,,4.0,True,0.7999999999999999,0.07392115535485397,0.03,0.0
baseline,transcritical,noise_growth,6,Bayesian SINDy (spike-slab),2.9692247913887626,2.8358819931987944,0.0834014243905574,0.09458120062034847,,0.1333427981899682,0.011179776229791077,1.8928548967832284,3.7658668553095733,0.08220050022827445,0.11083830453203318,0.999074236457287,0.01088793916190807,0.006982256362623112,2.0,True,0.7999999999999999,0.07418743628646843,0.03,0.0
baseline,transcritical,noise_growth,6,Kalman OU,2.351269718198263,2.302077258175873,0.07160515689686915,0.08412571560848683,0.02677155834254374,0.04919246002239008,0.012520558711617683,,,,,,,,,True,0.7999999999999999,0.07418743628646843,0.03,0.0
baseline,transcritical,noise_growth,6,Latent Neural SDE (VI),3.132453203201294,4.231945514678955,0.09439829087873303,0.09413527694499071,0.005980542309848531,-1.0994923114776611,-0.0002630139337423121,,,,,,,,,True,0.7999999999999999,0.07418743628646843,0.03,0.0
baseline,transcritical,noise_growth,6,Moment OU,0.8597423127404012,1.7657051055648905,0.03723958521088615,0.06997070437721142,,-0.9059627928244892,0.032731119166325276,,,,,,,,,True,0.7999999999999999,0.07418743628646843,0.03,0.0
baseline,transcritical,noise_growth,6,Neural SDE (Euler),3.183641195297241,4.308906078338623,0.0961186955798492,0.09570348590089331,,-1.1252648830413818,-0.0004152096789558912,,,,,,,,,True,0.7999999999999999,0.07418743628646843,0.03,0.0
baseline,transcritical,noise_growth,6,SINDy-STLSQ,3.0024647721090356,2.9419313849508035,0.08380440425307678,0.09598707643760708,,0.06053338715823209,0.0121826721845303,,,,,,,,3.0,True,0.7999999999999999,0.07418743628646843,0.03,0.0
baseline,transcritical,noise_growth,7,Bayesian SINDy (spike-slab),3.2616253276557874,1.1911058563044048,0.07234798957661805,0.10353634842580746,,2.070519471351383,0.031188358849189413,-0.0,2.1636112202341553,0.08771508287221409,0.12375619648869758,0.8154089881134452,0.02187616088465036,0.058643880990447164,2.0,True,0.7999999999999999,0.07361782448260798,0.03,0.0
baseline,transcritical,noise_growth,7,Kalman OU,1.590257199557144,1.0629752755665614,0.0444989962246589,0.08797946402951425,0.023422471084379518,0.5272819239905826,0.043480467804855344,,,,,,,,,True,0.7999999999999999,0.07361782448260798,0.03,0.0
baseline,transcritical,noise_growth,7,Latent Neural SDE (VI),3.3875670433044434,1.354588508605957,0.07461556607387475,0.09827296800967981,0.007603567081548694,2.0329785346984863,0.023657401935805067,,,,,,,,,True,0.7999999999999999,0.07361782448260798,0.03,0.0
baseline,transcritical,noise_growth,7,Moment OU,,0.6224476928884692,,0.06486987029438386,,,,,,,,,,,,False,0.7999999999999999,0.07361782448260798,0.03,0.0
baseline,transcritical,noise_growth,7,Neural SDE (Euler),3.435391902923584,1.3969857692718506,0.07590985053570838,0.09691658157258899,,2.0384061336517334,0.02100673103688061,,,,,,,,,True,0.7999999999999999,0.07361782448260798,0.03,0.0
baseline,transcritical,noise_growth,7,SINDy-STLSQ,2.9047097547050735,1.5058574259733946,0.0737639854263325,0.10228184949162854,,1.398852328731679,0.028517864065296036,,,,,,,,4.0,True,0.7999999999999999,0.07361782448260798,0.03,0.0
baseline,transcritical,noise_growth,8,Bayesian SINDy (spike-slab),3.2346309566317597,1.4734220504192082,0.07249383016136718,0.11936511481370132,,1.7612089062125516,0.046871284652334144,-0.0,2.3993009140242783,0.10141890391091272,0.14037177416176352,0.8891467398073797,0.014213666593754653,0.07342338276552476,2.0,True,0.7999999999999999,0.07375753241274527,0.03,0.0
baseline,transcritical,noise_growth,8,Kalman OU,1.3308841451133293,1.5489600223061444,0.0398861857084695,0.13390907573296298,0.014509022660429192,-0.21807587719281507,0.09402289002449349,,,,,,,,,True,0.7999999999999999,0.07375753241274527,0.03,0.0
baseline,transcritical,noise_growth,8,Latent Neural SDE (VI),3.692786455154419,1.598025918006897,0.07415072204850685,0.11777259444624096,0.008882443658331568,2.094760537147522,0.0436218723977341,,,,,,,,,True,0.7999999999999999,0.07375753241274527,0.03,0.0
baseline,transcritical,noise_growth,8,Moment OU,,1.1243687130593754,,0.10579624419210336,,,,,,,,,,,,False,0.7999999999999999,0.07375753241274527,0.03,0.0
baseline,transcritical,noise_growth,8,Neural SDE (Euler),3.4880542755126953,1.6400799751281738,0.07586672043590938,0.12066513094645265,,1.8479743003845215,0.04479841051054327,,,,,,,,,True,0.7999999999999999,0.07375753241274527,0.03,0.0
baseline,transcritical,noise_growth,8,SINDy-STLSQ,2.8136342229698412,1.2811834679965537,0.0723331691283643,0.1201416948978912,,1.5324507549732875,0.047808525769526905,,,,,,,,4.0,True,0.7999999999999999,0.07375753241274527,0.03,0.0
baseline,transcritical,noise_growth,9,Bayesian SINDy (spike-slab),3.5759063481500624,2.3737695549075863,0.07555794436814108,0.11244332637777721,,1.202136793242476,0.03688538200963613,0.8125808011793184,3.4251147277047744,0.09603362590444141,0.13107405359377253,0.9444147136574763,0.012532778346234055,0.06447802192142774,2.0,True,0.7999999999999999,0.07385118275399243,0.03,0.0
baseline,transcritical,noise_growth,9,Kalman OU,2.8178564741880843,0.47046716736079813,0.056326791863101015,0.04191231055308163,0.03950882251921787,2.347389306827286,-0.014414481310019385,,,,,,,,,True,0.7999999999999999,0.07385118275399243,0.03,0.0
baseline,transcritical,noise_growth,9,Latent Neural SDE (VI),4.363444805145264,2.2793312072753906,0.07941199948133318,0.11344500884174842,0.00693834309898539,2.084113597869873,0.03403300936041524,,,,,,,,,True,0.7999999999999999,0.07385118275399243,0.03,0.0
baseline,transcritical,noise_growth,9,Moment OU,0.8874730261326691,2.1040351778458843,0.02637271067014408,0.10431874584797587,,-1.2165621517132152,0.0779460351778318,,,,,,,,,True,0.7999999999999999,0.07385118275399243,0.03,0.0
baseline,transcritical,noise_growth,9,Neural SDE (Euler),4.249730110168457,2.3389716148376465,0.07983155383937171,0.11520990691689736,,1.9107584953308105,0.035378353077525654,,,,,,,,,True,0.7999999999999999,0.07385118275399243,0.03,0.0
baseline,transcritical,noise_growth,9,SINDy-STLSQ,2.229209256678581,1.796027702714372,0.07566398930609916,0.11307078787502599,,0.433181553964209,0.03740679856892683,,,,,,,,4.0,True,0.7999999999999999,0.07385118275399243,0.03,0.0
baseline,transcritical,noise_growth,10,Bayesian SINDy (spike-slab),2.469098570359864,2.3512096277158974,0.08639509277950416,0.10348112867143397,,0.11788894264396665,0.017086035891929807,1.2979723578894078,3.3537805274760815,0.08877003256873613,0.12033695029540067,0.9894831869170719,0.02079686768137442,0.015663562024582186,2.0,True,0.7999999999999999,0.07438027729922791,0.03,0.0
baseline,transcritical,noise_growth,10,Kalman OU,2.043093463450252,0.6804764037439945,0.08119464521972634,0.05033383725666901,0.03359311693827442,1.3626170597062572,-0.030860807963057332,,,,,,,,,True,0.7999999999999999,0.07438027729922791,0.03,0.0
baseline,transcritical,noise_growth,10,Latent Neural SDE (VI),3.9177515506744385,2.2569470405578613,0.08413721408080299,0.10832515602821115,0.006427234605169171,1.6608045101165771,0.024187941947408156,,,,,,,,,True,0.7999999999999999,0.07438027729922791,0.03,0.0
baseline,transcritical,noise_growth,10,Moment OU,0.7988838715835005,1.589591897043915,0.04441280186615035,0.08196900844744119,,-0.7907080254604144,0.037556206581290844,,,,,,,,,True,0.7999999999999999,0.07438027729922791,0.03,0.0
baseline,transcritical,noise_growth,10,Neural SDE (Euler),3.896721363067627,2.288325548171997,0.08597268424961524,0.10967904452842048,,1.6083958148956299,0.02370636027880524,,,,,,,,,True,0.7999999999999999,0.07438027729922791,0.03,0.0
baseline,transcritical,noise_growth,10,SINDy-STLSQ,2.3036887143245033,2.05327619232424,0.08620679887461694,0.10300867113489973,,0.2504125220002633,0.01680187226028279,,,,,,,,4.0,True,0.7999999999999999,0.07438027729922791,0.03,0.0
baseline,transcritical,noise_growth,11,Bayesian SINDy (spike-slab),2.510580254312034,1.7764104395107012,0.07230126670264563,0.10355773229609909,,0.7341698148013329,0.031256465593453464,0.44097449537801464,2.7757871433152066,0.0892132211490004,0.12013963747064095,0.8626943109294918,0.06694927997299997,0.13119813062235902,2.0,True,0.7999999999999999,0.07463405335331978,0.03,0.0
baseline,transcritical,noise_growth,11,Kalman OU,0.25408509590529926,0.8189601641690758,0.01933299533864922,0.06644336753264223,0.029638065422774532,-0.5648750682637765,0.04711037219399301,,,,,,,,,True,0.7999999999999999,0.07463405335331978,0.03,0.0
baseline,transcritical,noise_growth,11,Latent Neural SDE (VI),2.906454563140869,1.7233591079711914,0.07373995522326869,0.09849810527584944,0.007139788812820072,1.1830954551696777,0.024758150052580752,,,,,,,,,True,0.7999999999999999,0.07463405335331978,0.03,0.0
baseline,transcritical,noise_growth,11,Moment OU,,0.8745653095908585,,0.06970856810921257,,,,,,,,,,,,False,0.7999999999999999,0.07463405335331978,0.03,0.0
baseline,transcritical,noise_growth,11,Neural SDE (Euler),2.991692066192627,1.7796096801757812,0.07522811673211448,0.09779486120339363,,1.2120823860168457,0.022566744471279154,,,,,,,,,True,0.7999999999999999,0.07463405335331978,0.03,0.0
baseline,transcritical,noise_growth,11,SINDy-STLSQ,2.5768292448263264,2.190488759686031,0.07350037086605873,0.10118631756784502,,0.3863404851402952,0.027685946701786285,,,,,,,,4.0,True,0.7999999999999999,0.07463405335331978,0.03,0.0
baseline,transcritical,noise_growth,12,Bayesian SINDy (spike-slab),1.9243459702736319,2.2597473578977274,0.07559289098715662,0.10334819469593169,,-0.33540138762409555,0.027755303708775075,1.3060751206014,3.2590098927819815,0.0892537963844877,0.121485307708172,0.9974474974839903,0.0252973933947704,0.028290012276859924,2.0,True,0.7999999999999999,0.0740682215800846,0.03,0.0
baseline,transcritical,noise_growth,12,Kalman OU,0.8321424451499257,1.4438587289462046,0.04246502311520059,0.08489225939190771,0.028396928998685386,-0.6117162837962788,0.04242723627670712,,,,,,,,,True,0.7999999999999999,0.0740682215800846,0.03,0.0
baseline,transcritical,noise_growth,12,Latent Neural SDE (VI),1.9905108213424683,4.578347206115723,0.08301217799968881,0.10379075144407555,0.006695665975545712,-2.5878363847732544,0.020778573444386744,,,,,,,,,True,0.7999999999999999,0.0740682215800846,0.03,0.0
baseline,transcritical,noise_growth,12,Moment OU,,1.4498229442482007,,0.08267102580322276,,,,,,,,,,,,False,0.7999999999999999,0.0740682215800846,0.03,0.0
baseline,transcritical,noise_growth,12,Neural SDE (Euler),2.0664658546447754,4.680385112762451,0.08427714442446048,0.10570272418694047,,-2.613919258117676,0.021425579762479996,,,,,,,,,True,0.7999999999999999,0.0740682215800846,0.03,0.0
baseline,transcritical,noise_growth,12,SINDy-STLSQ,1.319759529583635,3.2095118006141656,0.07525477258907619,0.10315144320991589,,-1.8897522710305306,0.027896670620839698,,,,,,,,4.0,True,0.7999999999999999,0.0740682215800846,0.03,0.0
baseline,transcritical,noise_growth,13,Bayesian SINDy (spike-slab),3.4005247943772825,2.3600684451551053,0.0732300469676652,0.10323004406060125,,1.0404563492221772,0.029999997092936048,1.2428595754013754,3.7549602327335507,0.0886378350326491,0.12126843748052873,0.9152147478135243,0.24374635176987242,0.09687713678256667,2.0,True,0.7999999999999999,0.07507160094870598,0.03,0.0
baseline,transcritical,noise_growth,13,Kalman OU,1.971688863255494,1.2919326051548625,0.04687731659421183,0.08821591755077861,0.028285045019119943,0.6797562581006316,0.04133860095656678,,,,,,,,,True,0.7999999999999999,0.07507160094870598,0.03,0.0
baseline,transcritical,noise_growth,13,Latent Neural SDE (VI),5.164167881011963,1.9852173328399658,0.06957961633662237,0.10360420646137213,0.00733204845730643,3.178950548171997,0.03402459012474976,,,,,,,,,True,0.7999999999999999,0.07507160094870598,0.03,0.0
baseline,transcritical,noise_growth,13,Moment OU,,1.5242934900726206,,0.09163753334641266,,,,,,,,,,,,False,0.7999999999999999,0.07507160094870598,0.03,0.0
baseline,transcritical,noise_growth,13,Neural SDE (Euler),5.207822799682617,2.0916948318481445,0.07127900113876101,0.10487747757925861,,3.1161279678344727,0.0335984764404976,,,,,,,,,True,0.7999999999999999,0.07507160094870598,0.03,0.0
baseline,transcritical,noise_growth,13,SINDy-STLSQ,4.320050245998565,2.664580726532515,0.0731171435707419,0.09985978206688643,,1.6554695194660498,0.02674263849614454,,,,,,,,4.0,True,0.7999999999999999,0.07507160094870598,0.03,0.0
baseline,transcritical,noise_growth,14,Bayesian SINDy (spike-slab),3.838809393964701,2.3484970927327042,0.06705829886669676,0.09733572803131846,,1.4903123012319965,0.0302774291646217,1.3596041306097022,3.236092352092824,0.08343610745961225,0.11253179022179007,0.9808130601459215,0.02383279569191796,0.0258186023710082,2.0,True,0.7999999999999999,0.07433975344443643,0.03,0.0
baseline,transcritical,noise_growth,14,Kalman OU,1.4882357656918297,1.031318840228148,0.034745837093893235,0.0595561382668276,0.030401214566360517,0.4569169254636818,0.024810301172934368,,,,,,,,,True,0.7999999999999999,0.07433975344443643,0.03,0.0
baseline,transcritical,noise_growth,14,Latent Neural SDE (VI),4.2777533531188965,3.383016347885132,0.07308763499451133,0.09680896537788301,0.006248015936783886,0.8947370052337646,0.02372133038337168,,,,,,,,,True,0.7999999999999999,0.07433975344443643,0.03,0.0
baseline,transcritical,noise_growth,14,Moment OU,,1.2672356903605293,,0.06763498015295034,,,,,,,,,,,,False,0.7999999999999999,0.07433975344443643,0.03,0.0
baseline,transcritical,noise_growth,14,Neural SDE (Euler),4.218011379241943,3.4794352054595947,0.0756595130725857,0.09823382595423691,,0.7385761737823486,0.02257431288165121,,,,,,,,,True,0.7999999999999999,0.07433975344443643,0.03,0.0
baseline,transcritical,noise_growth,14,SINDy-STLSQ,4.251914552671404,2.426381661350431,0.06826886557321765,0.0979618739652023,,1.825532891320973,0.029693008391984646,,,,,,,,3.0,True,0.7999999999999999,0.07433975344443643,0.03,0.0
baseline,transcritical,noise_growth,15,Bayesian SINDy (spike-slab),3.3356168834062094,1.8244255541075745,0.08001179403748246,0.11279528709915347,,1.511191329298635,0.03278349306167101,0.7353082953115891,2.7631265763523127,0.0967093282484508,0.1331890614862333,0.9513072267772517,0.03754600284721037,0.03946627483562451,2.0,True,0.7999999999999999,0.0737872674879978,0.03,0.0
baseline,transcritical,noise_growth,15,Kalman OU,1.3953142672214534,1.211355457438017,0.048517338910444026,0.09086132192023288,0.02853642519200856,0.18395880978343637,0.04234398300978886,,,,,,,,,True,0.7999999999999999,0.0737872674879978,0.03,0.0
baseline,transcritical,noise_growth,15,Latent Neural SDE (VI),3.355126142501831,1.7275789976119995,0.084760058441623,0.1155131841937138,0.007599449745124573,1.6275471448898315,0.0307531257520908,,,,,,,,,True,0.7999999999999999,0.0737872674879978,0.03,0.0
baseline,transcritical,noise_growth,15,Moment OU,1.437771227565034,1.2373236208571623,0.045791107366467645,0.0912811226947031,,0.20044760670787176,0.04549001532823546,,,,,,,,,True,0.7999999999999999,0.0737872674879978,0.03,0.0
baseline,transcritical,noise_growth,15,Neural SDE (Euler),3.1723830699920654,1.8526031970977783,0.0876872992456096,0.1175463158600728,,1.319779872894287,0.029859016614463205,,,,,,,,,True,0.7999999999999999,0.0737872674879978,0.03,0.0
baseline,transcritical,noise_growth,15,SINDy-STLSQ,3.0519189395026856,1.9860552137206111,0.0793356209019988,0.11224359165497975,,1.0658637257820744,0.03290797075298095,,,,,,,,4.0,True,0.7999999999999999,0.0737872674879978,0.03,0.0
baseline,transcritical,noise_growth,16,Bayesian SINDy (spike-slab),3.536390559448088,2.5620529035365602,0.06710668019187499,0.11175502946749542,,0.9743376559115275,0.04464834927562043,1.54042940271537,3.519104879347127,0.0955963588704628,0.1295496481319322,0.9971280557866183,0.013404631095458804,0.01453158799491211,2.0,True,0.7999999999999999,0.07405101588272756,0.03,0.0
baseline,transcritical,noise_growth,16,Kalman OU,0.3136443325438414,2.4663135405173637,0.013462642737285334,0.1171599810080215,0.02546392630362455,-2.1526692079735223,0.10369733827073616,,,,,,,,,True,0.7999999999999999,0.07405101588272756,0.03,0.0
baseline,transcritical,noise_growth,16,Latent Neural SDE (VI),3.828801155090332,3.574409008026123,0.07193280903940574,0.1226507776799792,0.007004732711584439,0.254392147064209,0.05071796864057346,,,,,,,,,True,0.7999999999999999,0.07405101588272756,0.03,0.0
baseline,transcritical,noise_growth,16,Moment OU,,2.3311661321248014,,0.10806488944464207,,,,,,,,,,,,False,0.7999999999999999,0.07405101588272756,0.03,0.0
baseline,transcritical,noise_growth,16,Neural SDE (Euler),3.9087536334991455,3.582247018814087,0.07306940699563846,0.12304825169991186,,0.3265066146850586,0.0499788447042734,,,,,,,,,True,0.7999999999999999,0.07405101588272756,0.03,0.0
baseline,transcritical,noise_growth,16,SINDy-STLSQ,3.7414370976573395,3.1365122263506993,0.06689087266036169,0.11337876044117727,,0.6049248713066402,0.046487887780815584,,,,,,,,3.0,True,0.7999999999999999,0.07405101588272756,0.03,0.0
baseline,transcritical,noise_growth,17,Bayesian SINDy (spike-slab),2.046653821764473,0.6602609102468537,0.07748450825279045,0.09300094207039397,,1.3863929115176192,0.015516433817603523,-0.0,2.056621698029781,0.07847204144265563,0.1107404830120239,0.18674384727592155,0.01517833252880602,0.4737934725732415,1.0,True,0.7999999999999999,0.07418337670464821,0.03,0.0
baseline,transcritical,noise_growth,17,Kalman OU,0.6935490257033748,0.7174493982491931,0.042110699621230416,0.08198813828530642,0.018623756920923433,-0.023900372545818227,0.039877438664076004,,,,,,,,,True,0.7999999999999999,0.07418337670464821,0.03,0.0
baseline,transcritical,noise_growth,17,Latent Neural SDE (VI),1.9731981754302979,0.8816587924957275,0.07902966166344355,0.10551547012045229,0.008275777918738455,1.0915393829345703,0.026485808457008736,,,,,,,,,True,0.7999999999999999,0.07418337670464821,0.03,0.0
baseline,transcritical,noise_growth,17,Moment OU,,0.2485474535134041,,0.0439054940558232,,,,,,,,,,,,False,0.7999999999999999,0.07418337670464821,0.03,0.0
baseline,transcritical,noise_growth,17,Neural SDE (Euler),2.0973100662231445,0.9768526554107666,0.08034211665609561,0.10738485523054235,,1.120457410812378,0.027042738574446737,,,,,,,,,True,0.7999999999999999,0.07418337670464821,0.03,0.0
baseline,transcritical,noise_growth,17,SINDy-STLSQ,1.8545666548242465,1.2103498987487655,0.07834596664874884,0.09188178855271585,,0.644216756075481,0.013535821903967016,,,,,,,,4.0,True,0.7999999999999999,0.07418337670464821,0.03,0.0
baseline,transcritical,noise_growth,18,Bayesian SINDy (spike-slab),3.3194161401823,0.9729154315263804,0.08136504039395723,0.10304338844123351,,2.3465007086559195,0.02167834804727628,-0.0,2.18640546372516,0.08852730964451233,0.11967592207427064,0.10419521270911228,0.014938180092874034,0.871581931964269,2.0,True,0.7999999999999999,0.07410182342966923,0.03,0.0
baseline,transcritical,noise_growth,18,Kalman OU,0.7722062428598829,0.6242442686998788,0.030642767888740933,0.07833891837751843,0.026642732612990456,0.14796197416000412,0.0476961504887775,,,,,,,,,True,0.7999999999999999,0.07410182342966923,0.03,0.0
baseline,transcritical,noise_growth,18,Latent Neural SDE (VI),3.9815146923065186,1.1625913381576538,0.08353799211690761,0.11620495349332673,0.009075425837531924,2.8189233541488647,0.03266696137641911,,,,,,,,,True,0.7999999999999999,0.07410182342966923,0.03,0.0
baseline,transcritical,noise_growth,18,Moment OU,2.2580574273568996,0.5171129367353848,0.05547323924467963,0.07073196654602561,,1.7409444906215148,0.015258727301345976,,,,,,,,,True,0.7999999999999999,0.07410182342966923,0.03,0.0
baseline,transcritical,noise_growth,18,Neural SDE (Euler),3.8113303184509277,1.2406402826309204,0.08455259826586585,0.12083502557784452,,2.5706900358200073,0.03628242731197867,,,,,,,,,True,0.7999999999999999,0.07410182342966923,0.03,0.0
baseline,transcritical,noise_growth,18,SINDy-STLSQ,2.4690050712404275,0.8402599085681723,0.0809404294346282,0.10326277821695595,,1.628745162672255,0.02232234878232775,,,,,,,,4.0,True,0.7999999999999999,0.07410182342966923,0.03,0.0
baseline,transcritical,noise_growth,19,Bayesian SINDy (spike-slab),4.455860900652926,0.5116948680232484,0.08245721950713487,0.0938389656149356,,3.9441660326296777,0.011381746107800725,-0.0,1.6210449822382726,0.08012629700800795,0.10898359792479521,0.4525384745003348,0.01583350849049095,0.08597052902182636,1.0,True,0.7999999999999999,0.07483855643213959,0.03,0.0
baseline,transcritical,noise_growth,19,Kalman OU,3.0000000000000004,0.6176015748008089,0.04022111042880625,0.07087131313786726,0.021966149283808137,2.3823984251991916,0.030650202709061013,,,,,,,,,True,0.7999999999999999,0.07483855643213959,0.03,0.0
baseline,transcritical,noise_growth,19,Latent Neural SDE (VI),5.560338497161865,0.9749127626419067,0.0876050908310826,0.09474204273399973,0.008100265841678684,4.5854257345199585,0.0071369519029171324,,,,,,,,,True,0.7999999999999999,0.07483855643213959,0.03,0.0
baseline,transcritical,noise_growth,19,Moment OU,5.972487872811478,0.12838319195428635,0.0796427523537233,0.031202907082095614,,5.844104680857192,-0.04843984527162769,,,,,,,,,True,0.7999999999999999,0.07483855643213959,0.03,0.0
baseline,transcritical,noise_growth,19,Neural SDE (Euler),5.7542877197265625,1.115986704826355,0.08851122885151642,0.09958296423222054,,4.6383010149002075,0.01107173538070412,,,,,,,,,True,0.7999999999999999,0.07483855643213959,0.03,0.0
baseline,transcritical,noise_growth,19,SINDy-STLSQ,5.603803159435925,0.7544521166334883,0.08212457794165291,0.09230235532779535,,4.849351042802437,0.010177777386142436,,,,,,,,4.0,True,0.7999999999999999,0.07483855643213959,0.03,0.0
baseline,transcritical,noise_growth,20,Bayesian SINDy (spike-slab),2.119690181733861,1.006061825467125,0.07772816945280744,0.08907113039873318,,1.1136283562667362,0.01134296094592574,-0.0,2.1313553134185397,0.0758685359569905,0.10484884408707576,0.3152271893590281,0.014878194155241069,0.6188199853280194,2.0,True,0.7999999999999999,0.07366158617430764,0.03,0.0
baseline,transcritical,noise_growth,20,Kalman OU,2.0987653707006606,0.9028543656115308,0.07655308946850588,0.08201611993067785,0.018534207787495753,1.1959110050891297,0.005463030462171975,,,,,,,,,True,0.7999999999999999,0.07366158617430764,0.03,0.0
baseline,transcritical,noise_growth,20,Latent Neural SDE (VI),2.595167398452759,1.1794118881225586,0.07849852641373174,0.09890305801778837,0.007436931158462032,1.4157555103302002,0.020404531604056628,,,,,,,,,True,0.7999999999999999,0.07366158617430764,0.03,0.0
baseline,transcritical,noise_growth,20,Moment OU,,0.17595443139097378,,0.03358218349296549,,,,,,,,,,,,False,0.7999999999999999,0.07366158617430764,0.03,0.0
baseline,transcritical,noise_growth,20,Neural SDE (Euler),2.59242844581604,1.2676221132278442,0.08016623353392566,0.10072558572421979,,1.3248063325881958,0.02055935219029413,,,,,,,,,True,0.7999999999999999,0.07366158617430764,0.03,0.0
baseline,transcritical,noise_growth,20,SINDy-STLSQ,1.4363621236404986,0.6106220600816644,0.07707520037949513,0.08952399463471848,,0.8257400635588342,0.012448794255223355,,,,,,,,3.0,True,0.7999999999999999,0.07366158617430764,0.03,0.0
baseline,transcritical,noise_growth,21,Bayesian SINDy (spike-slab),3.109809295409367,2.358586596634791,0.07188827682352841,0.10098797107767002,,0.7512226987745758,0.029099694254141606,0.4895118693001065,3.6043206787622983,0.08648818826002938,0.1181262340088546,0.8163876652106264,0.010423482124733312,0.20182338129988187,2.0,True,0.7999999999999999,0.07343501543835976,0.03,0.0
baseline,transcritical,noise_growth,21,Kalman OU,1.8019331668834855,2.9620459134803885,0.050237028076766395,0.11756104901648559,0.01943162137533615,-1.160112746596903,0.0673240209397192,,,,,,,,,True,0.7999999999999999,0.07343501543835976,0.03,0.0
baseline,transcritical,noise_growth,21,Latent Neural SDE (VI),3.342719078063965,2.4451944828033447,0.07543864928245797,0.1066887845035675,0.006371823412614708,0.8975245952606201,0.03125013522110953,,,,,,,,,True,0.7999999999999999,0.07343501543835976,0.03,0.0
baseline,transcritical,noise_growth,21,Moment OU,,1.9772074641157773,,0.08463713664056507,,,,,,,,,,,,False,0.7999999999999999,0.07343501543835976,0.03,0.0
baseline,transcritical,noise_growth,21,Neural SDE (Euler),3.2393651008605957,2.48293137550354,0.07599082833273556,0.10826360985843102,,0.7564337253570557,0.03227278152569546,,,,,,,,,True,0.7999999999999999,0.07343501543835976,0.03,0.0
baseline,transcritical,noise_growth,21,SINDy-STLSQ,2.800628808046824,1.4702074427046925,0.07295339189424656,0.10108777097657531,,1.3304213653421313,0.028134379082328756,,,,,,,,4.0,True,0.7999999999999999,0.07343501543835976,0.03,0.0
baseline,transcritical,noise_growth,22,Bayesian SINDy (spike-slab),4.424422788212133,1.7954412248935063,0.08097931732756472,0.1122117496921933,,2.6289815633186264,0.031232432364628582,0.33300582741064255,2.72770570860687,0.09586632985858576,0.13155866926758755,0.7883951893950959,0.011254405218685027,0.21890283592290213,2.0,True,0.7999999999999999,0.07342273092383023,0.03,0.0
baseline,transcritical,noise_growth,22,Kalman OU,3.0000000000000004,1.1530506650489867,0.04463141513148201,0.08236460494533634,0.031023154670978353,1.8469493349510138,0.03773318981385433,,,,,,,,,True,0.7999999999999999,0.07342273092383023,0.03,0.0
baseline,transcritical,noise_growth,22,Latent Neural SDE (VI),4.6729655265808105,1.6750825643539429,0.08614512289179654,0.11317821848794936,0.00783768332622837,2.9978829622268677,0.027033095596152815,,,,,,,,,True,0.7999999999999999,0.07342273092383023,0.03,0.0
baseline,transcritical,noise_growth,22,Moment OU,5.480672899480428,1.2935210648625457,0.0742622871013556,0.09000287656052304,,4.187151834617882,0.01574058945916744,,,,,,,,,True,0.7999999999999999,0.07342273092383023,0.03,0.0
baseline,transcritical,noise_growth,22,Neural SDE (Euler),4.6089067459106445,1.7595367431640625,0.0872522227605265,0.11525990928200656,,2.849370002746582,0.02800768652148007,,,,,,,,,True,0.7999999999999999,0.07342273092383023,0.03,0.0
baseline,transcritical,noise_growth,22,SINDy-STLSQ,4.415332345350612,1.1245112991974364,0.08219893030325702,0.11215517571068122,,3.2908210461531757,0.029956245407424198,,,,,,,,4.0,True,0.7999999999999999,0.07342273092383023,0.03,0.0
baseline,transcritical,noise_growth,23,Bayesian SINDy (spike-slab),5.46198124984654,1.4487655031801736,0.07237118684469938,0.09663231304118666,,4.013215746666366,0.02426112619648728,-0.0,2.3761485384307734,0.08315503443879972,0.11441709870030124,0.9282316373310237,0.015446420334642353,0.00833706639670761,2.0,True,0.7999999999999999,0.07427259523524186,0.03,0.0
baseline,transcritical,noise_growth,23,Kalman OU,3.0000000000000004,1.4144136056916479,0.010000000000000005,0.09467589791382176,0.018509641475236118,1.5855863943083526,0.08467589791382175,,,,,,,,,True,0.7999999999999999,0.07427259523524186,0.03,0.0
baseline,transcritical,noise_growth,23,Latent Neural SDE (VI),6.423290252685547,2.0362114906311035,0.07236790222446984,0.09070515488011825,0.006920868710783022,4.387078762054443,0.01833725265564841,,,,,,,,,True,0.7999999999999999,0.07427259523524186,0.03,0.0
baseline,transcritical,noise_growth,23,Moment OU,,0.5486326533720824,,0.05338496013075695,,,,,,,,,,,,False,0.7999999999999999,0.07427259523524186,0.03,0.0
baseline,transcritical,noise_growth,23,Neural SDE (Euler),6.550681114196777,1.9821245670318604,0.07181222625327692,0.09326141979432642,,4.568556547164917,0.021449193541049502,,,,,,,,,True,0.7999999999999999,0.07427259523524186,0.03,0.0
baseline,transcritical,noise_growth,23,SINDy-STLSQ,5.2995995736832455,1.8243202755797576,0.07149103231792524,0.09595473120865905,,3.475279298103488,0.024463698890733812,,,,,,,,4.0,True,0.7999999999999999,0.07427259523524186,0.03,0.0
baseline,transcritical,noise_growth,24,Bayesian SINDy (spike-slab),5.128760660897585,0.4186676705384996,0.08064181440568138,0.11645908969561923,,4.710092990359086,0.03581727528993785,-0.0,1.4599235564523174,0.09890248585492097,0.13961174519988573,0.28975167911597055,0.02253762852668866,0.2114488741932069,1.0,True,0.7999999999999999,0.07389556467607014,0.03,0.0
baseline,transcritical,noise_growth,24,Kalman OU,2.7895328908362704,0.6671919649570336,0.02250208799952014,0.09837118310031649,0.02357978465846276,2.1223409258792367,0.07586909510079635,,,,,,,,,True,0.7999999999999999,0.07389556467607014,0.03,0.0
baseline,transcritical,noise_growth,24,Latent Neural SDE (VI),4.841552734375,0.6658189296722412,0.09360497772872897,0.1269758780973968,0.010805259798124044,4.175733804702759,0.03337090036866783,,,,,,,,,True,0.7999999999999999,0.07389556467607014,0.03,0.0
baseline,transcritical,noise_growth,24,Moment OU,,0.38660960820191503,,0.07644941684984016,,,,,,,,,,,,False,0.7999999999999999,0.07389556467607014,0.03,0.0
baseline,transcritical,noise_growth,24,Neural SDE (Euler),5.0186285972595215,0.7824535369873047,0.09474550380368177,0.13638449993720636,,4.236175060272217,0.04163899613352459,,,,,,,,,True,0.7999999999999999,0.07389556467607014,0.03,0.0
baseline,transcritical,noise_growth,24,SINDy-STLSQ,5.142384099198097,0.9601691627052428,0.08109881936279399,0.11368964480876682,,4.182214936492854,0.03259082544597283,,,,,,,,4.0,True,0.7999999999999999,0.07389556467607014,0.03,0.0
baseline,transcritical,noise_growth,25,Bayesian SINDy (spike-slab),3.1039696374717938,0.9466864568100797,0.08299391775721901,0.10534514758576023,,2.157283180661714,0.022351229828541222,-0.0,1.9142753735672897,0.0910835670677371,0.12369179866016933,0.2741802436466964,0.016802469092816893,0.6797479586481882,2.0,True,0.7999999999999999,0.07389099252375225,0.03,0.0
baseline,transcritical,noise_growth,25,Kalman OU,2.0643028563613948,0.8287838481974251,0.06714514095037236,0.09257321162926602,0.023733259856411077,1.2355190081639695,0.02542807067889366,,,,,,,,,True,0.7999999999999999,0.07389099252375225,0.03,0.0
baseline,transcritical,noise_growth,25,Latent Neural SDE (VI),4.255645275115967,0.848288357257843,0.08623544456766742,0.10167929897528445,0.00932343194400178,3.407356917858124,0.01544385440761703,,,,,,,,,True,0.7999999999999999,0.07389099252375225,0.03,0.0
baseline,transcritical,noise_growth,25,Moment OU,1.4070303274266538,0.5641848509388652,0.04811260725009296,0.07407829880446085,,0.8428454764877886,0.025965691554367884,,,,,,,,,True,0.7999999999999999,0.07389099252375225,0.03,0.0
baseline,transcritical,noise_growth,25,Neural SDE (Euler),4.3058552742004395,0.8372259140014648,0.08626616963736916,0.10652341301541236,,3.4686293601989746,0.020257243378043202,,,,,,,,,True,0.7999999999999999,0.07389099252375225,0.03,0.0
baseline,transcritical,noise_growth,25,SINDy-STLSQ,3.1027458230444,1.141929727277124,0.084113305374357,0.10494022204725695,,1.9608160957672758,0.020826916672899945,,,,,,,,4.0,True,0.7999999999999999,0.07389099252375225,0.03,0.0
baseline,transcritical,noise_growth,26,Bayesian SINDy (spike-slab),2.9074740372521166,1.4999376402379472,0.08426201852567891,0.1149703843443802,,1.4075363970141694,0.03070836581870129,-0.0,2.3780568290068205,0.09812048397973214,0.13648584438342642,0.8570922030775242,0.01470479699637028,0.11276603148660938,2.0,True,0.7999999999999999,0.07272670398294274,0.03,0.0
baseline,transcritical,noise_growth,26,Kalman OU,0.9873151801916122,0.8999908102060622,0.04323005330155322,0.08298139092129184,0.030662458992118672,0.08732436998555004,0.03975133761973862,,,,,,,,,True,0.7999999999999999,0.07272670398294274,0.03,0.0
baseline,transcritical,noise_growth,26,Latent Neural SDE (VI),4.20378303527832,2.3204152584075928,0.08358295831844441,0.11606314100268156,0.008453282980495094,1.8833677768707275,0.03248018268423715,,,,,,,,,True,0.7999999999999999,0.07272670398294274,0.03,0.0
baseline,transcritical,noise_growth,26,Moment OU,0.9503424519747874,0.9750217143036732,0.041095957184185385,0.0894320135324071,,-0.024679262328885843,0.04833605634822171,,,,,,,,,True,0.7999999999999999,0.07272670398294274,0.03,0.0
baseline,transcritical,noise_growth,26,Neural SDE (Euler),4.197789192199707,2.2626402378082275,0.0849312242346761,0.11797705333186541,,1.9351489543914795,0.03304582909718931,,,,,,,,,True,0.7999999999999999,0.07272670398294274,0.03,0.0
baseline,transcritical,noise_growth,26,SINDy-STLSQ,2.203823910840883,1.3973911703504796,0.08432219223828932,0.1160554711984519,,0.8064327404904035,0.03173327896016258,,,,,,,,4.0,True,0.7999999999999999,0.07272670398294274,0.03,0.0
baseline,transcritical,noise_growth,27,Bayesian SINDy (spike-slab),2.5061238119445095,1.975872455790144,0.07756374775493331,0.09485671695452787,,0.5302513561543656,0.017292969199594554,-0.0,3.7220138062861348,0.08007621139532167,0.11447147865812328,0.7728724161818049,0.7306452456285474,0.06897913421415662,3.0,True,0.7999999999999999,0.07312621493888777,0.03,0.0
baseline,transcritical,noise_growth,27,Kalman OU,0.3394668295895394,0.38965388948125196,0.026495317301689036,0.06567044892822778,0.027081298585640675,-0.05018705989171257,0.03917513162653874,,,,,,,,,True,0.7999999999999999,0.07312621493888777,0.03,0.0
baseline,transcritical,noise_growth,27,Latent Neural SDE (VI),3.5074918270111084,2.5487146377563477,0.0798297178146465,0.09521926666851831,0.008722293915084042,0.9587771892547607,0.01538954885387181,,,,,,,,,True,0.7999999999999999,0.07312621493888777,0.03,0.0
baseline,transcritical,noise_growth,27,Moment OU,,0.44280596759481916,,0.06360079591862236,,,,,,,,,,,,False,0.7999999999999999,0.07312621493888777,0.03,0.0
baseline,transcritical,noise_growth,27,Neural SDE (Euler),3.5403287410736084,2.538923740386963,0.0804208478282309,0.09750172706303169,,1.0014050006866455,0.017080879234800783,,,,,,,,,True,0.7999999999999999,0.07312621493888777,0.03,0.0
baseline,transcritical,noise_growth,27,SINDy-STLSQ,2.91939127463495,2.600939704128669,0.07821274661109866,0.09282999754795371,,0.3184515705062809,0.01461725093685505,,,,,,,,4.0,True,0.7999999999999999,0.07312621493888777,0.03,0.0
baseline,transcritical,noise_growth,28,Bayesian SINDy (spike-slab),5.113441045859061,2.7121209806552953,0.06796060739924224,0.09487268550358781,,2.401320065203766,0.026912078104345566,1.7599148395690394,3.708555855386562,0.08086685893837599,0.11119029489132667,0.9985252457147179,0.04011936472885397,0.010095638984582848,2.0,True,0.7999999999999999,0.0737734885586593,0.03,0.0
baseline,transcritical,noise_growth,28,Kalman OU,1.814053555010605,2.4060972216390306,0.01560538772197853,0.09007654029557687,0.024936992971772137,-0.5920436666284257,0.07447115257359833,,,,,,,,,True,0.7999999999999999,0.0737734885586593,0.03,0.0
baseline,transcritical,noise_growth,28,Latent Neural SDE (VI),5.0382399559021,4.016328811645508,0.07851742264062157,0.09113017141678861,0.005628527954963227,1.0219111442565918,0.01261274877616704,,,,,,,,,True,0.7999999999999999,0.0737734885586593,0.03,0.0
baseline,transcritical,noise_growth,28,Moment OU,,1.4927356716039593,,0.06589298823288037,,,,,,,,,,,,False,0.7999999999999999,0.0737734885586593,0.03,0.0
baseline,transcritical,noise_growth,28,Neural SDE (Euler),5.002373218536377,3.9437732696533203,0.07915243559774283,0.09126723999882505,,1.0585999488830566,0.012114804401082216,,,,,,,,,True,0.7999999999999999,0.0737734885586593,0.03,0.0
baseline,transcritical,noise_growth,28,SINDy-STLSQ,5.735118476330414,3.2229819919860523,0.0680024670997938,0.09450252607817508,,2.512136484344362,0.026500058978381286,,,,,,,,4.0,True,0.7999999999999999,0.0737734885586593,0.03,0.0
baseline,transcritical,noise_growth,29,Bayesian SINDy (spike-slab),3.425620004194721,2.1228569642764525,0.08136901976825221,0.09701397288954006,,1.3027630399182684,0.015644953121287844,1.0006673762769651,3.148793634192074,0.08305172801934929,0.1128634517499417,0.9653004646416342,0.021802788764046295,0.03713260088285406,2.0,True,0.7999999999999999,0.07387694853220561,0.03,0.0
baseline,transcritical,noise_growth,29,Kalman OU,1.652298070629207,0.7089151247607939,0.05249986276298673,0.05364796093542523,0.029515467464424964,0.9433829458684131,0.0011480981724385012,,,,,,,,,True,0.7999999999999999,0.07387694853220561,0.03,0.0
baseline,transcritical,noise_growth,29,Latent Neural SDE (VI),4.491957187652588,2.700126886367798,0.0845802007999344,0.10073558816040444,0.006362984363165929,1.79183030128479,0.016155387360470036,,,,,,,,,True,0.7999999999999999,0.07387694853220561,0.03,0.0
baseline,transcritical,noise_growth,29,Moment OU,1.8495908937703578,1.1971792875983378,0.052868993006792916,0.06764782448466045,,0.65241160617202,0.01477883147786753,,,,,,,,,True,0.7999999999999999,0.07387694853220561,0.03,0.0
baseline,transcritical,noise_growth,29,Neural SDE (Euler),4.460999488830566,2.5693764686584473,0.085434194084985,0.10410330675519973,,1.8916230201721191,0.018669112670214733,,,,,,,,,True,0.7999999999999999,0.07387694853220561,0.03,0.0
baseline,transcritical,noise_growth,29,SINDy-STLSQ,3.8111795372607675,2.1496807568387943,0.08149236287248827,0.09731693455611322,,1.6614987804219732,0.015824571683624944,,,,,,,,4.0,True,0.7999999999999999,0.07387694853220561,0.03,0.0
baseline,transcritical,stability_loss,0,Bayesian SINDy (spike-slab),1.5267659297411487,1.8445555114086625,0.07448020820562688,0.08795813670881326,,-0.3177895816675138,0.013477928503186382,0.34386804763854834,2.965577686749081,0.07611150402497219,0.10313827688064468,0.6008056527728789,0.016750602127892783,0.4167140583258825,2.0,True,0.13477304687499997,0.030533781971834345,0.03,0.0
baseline,transcritical,stability_loss,0,Kalman OU,0.2827791233572469,0.3739358305685178,0.030589024042921003,0.04086145462181602,0.028835989082429337,-0.0911567072112709,0.010272430578895018,,,,,,,,,True,0.13477304687499997,0.030533781971834345,0.03,0.0
baseline,transcritical,stability_loss,0,Latent Neural SDE (VI),0.8749668002128601,1.9166698455810547,0.07549482832063485,0.09690683585903596,0.005813135023405682,-1.0417030453681946,0.021412007538401112,,,,,,,,,True,0.13477304687499997,0.030533781971834345,0.03,0.0
baseline,transcritical,stability_loss,0,Moment OU,,0.7280683636460993,,0.04983416530740307,,,,,,,,,,,,False,0.13477304687499997,0.030533781971834345,0.03,0.0
baseline,transcritical,stability_loss,0,Neural SDE (Euler),1.0144879817962646,2.041250228881836,0.08062025213459348,0.09933376879471392,,-1.0267622470855713,0.018713516660120444,,,,,,,,,True,0.13477304687499997,0.030533781971834345,0.03,0.0
baseline,transcritical,stability_loss,0,SINDy-STLSQ,2.041069994676195,0.9767959598800855,0.07469912885561245,0.08820229351183913,,1.0642740347961095,0.013503164656226682,,,,,,,,4.0,True,0.13477304687499997,0.030533781971834345,0.03,0.0
baseline,transcritical,stability_loss,1,Bayesian SINDy (spike-slab),1.3514389018286415,1.129755935197748,0.08680187699108079,0.0853453861250944,,0.22168296663089349,-0.0014564908659863846,-0.0,2.1805709307108305,0.07321720747033034,0.10053279526418576,0.5171965053642362,0.013776001223138042,0.4261422361655977,2.0,True,0.13477304687499997,0.03056315280324226,0.03,0.0
baseline,transcritical,stability_loss,1,Kalman OU,0.13681987655748315,0.30505270206144625,0.02267406838919688,0.03744447599741019,0.027665142488345295,-0.1682328255039631,0.014770407608213305,,,,,,,,,True,0.13477304687499997,0.03056315280324226,0.03,0.0
baseline,transcritical,stability_loss,1,Latent Neural SDE (VI),1.681714653968811,1.1750673055648804,0.09063025146184092,0.0821978813644804,0.006857000597338436,0.5066473484039307,-0.008432370097360517,,,,,,,,,True,0.13477304687499997,0.03056315280324226,0.03,0.0
baseline,transcritical,stability_loss,1,Moment OU,0.46711024168240645,,0.039471730897200574,,,,,,,,,,,,,False,0.13477304687499997,0.03056315280324226,0.03,0.0
baseline,transcritical,stability_loss,1,Neural SDE (Euler),1.7634596824645996,1.2435657978057861,0.09321361515371432,0.08522601765193909,,0.5198938846588135,-0.007987597501775232,,,,,,,,,True,0.13477304687499997,0.03056315280324226,0.03,0.0
baseline,transcritical,stability_loss,1,SINDy-STLSQ,0.46753510350639216,0.5190647820041737,0.08727364626556075,0.08564420028685972,,-0.05152967849778156,-0.0016294459787010301,,,,,,,,3.0,True,0.13477304687499997,0.03056315280324226,0.03,0.0
baseline,transcritical,stability_loss,2,Bayesian SINDy (spike-slab),1.5231462989459963,3.1828419482476136,0.08372047956022481,0.08547368224787405,,-1.6596956493016173,0.0017532026876492385,2.1402617788593963,4.215077672476517,0.07372647356987669,0.0996241739622272,0.9995264018168838,0.013623735009824414,0.01008237079517993,2.0,True,0.13477304687499997,0.030672311692883612,0.03,0.0
baseline,transcritical,stability_loss,2,Kalman OU,0.223205106178466,0.7548112541794785,0.03006514095731337,0.03551326222382148,0.031106368459482673,-0.5316061480010125,0.0054481212665081075,,,,,,,,,True,0.13477304687499997,0.030672311692883612,0.03,0.0
baseline,transcritical,stability_loss,2,Latent Neural SDE (VI),1.5338332653045654,4.076923847198486,0.10490847916444233,0.08709789840168608,0.005264533830186259,-2.543090581893921,-0.017810580762756253,,,,,,,,,True,0.13477304687499997,0.030672311692883612,0.03,0.0
baseline,transcritical,stability_loss,2,Moment OU,,1.5419316511107695,,0.05192343680970502,,,,,,,,,,,,False,0.13477304687499997,0.030672311692883612,0.03,0.0
baseline,transcritical,stability_loss,2,Neural SDE (Euler),1.5922244787216187,4.108339786529541,0.10800383602771176,0.08932098047999232,,-2.5161153078079224,-0.018682855547719437,,,,,,,,,True,0.13477304687499997,0.030672311692883612,0.03,0.0
baseline,transcritical,stability_loss,2,SINDy-STLSQ,1.1124738986571279,3.6033978549281978,0.08328825678194063,0.08670545807001477,,-2.49092395627107,0.0034172012880741426,,,,,,,,4.0,True,0.13477304687499997,0.030672311692883612,0.03,0.0
baseline,transcritical,stability_loss,3,Bayesian SINDy (spike-slab),3.71482809244031,0.827894163301695,0.0909694934439268,0.07423575890644189,,2.886933929138615,-0.016733734537484904,-0.0,2.013502562278285,0.06236058787945077,0.08885547776285097,0.17892955431157567,0.08862476341489871,0.6146349212163601,2.0,True,0.13477304687499997,0.030085370701778347,0.03,0.0
baseline,transcritical,stability_loss,3,Kalman OU,0.06149286291925958,0.33335462314547576,0.01105851941094978,0.045487452412246936,0.02179949163044147,-0.27186176022621616,0.03442893300129715,,,,,,,,,True,0.13477304687499997,0.030085370701778347,0.03,0.0
baseline,transcritical,stability_loss,3,Latent Neural SDE (VI),3.547585964202881,1.0187612771987915,0.09126336205964211,0.06806314971173878,0.006200985771475258,2.5288246870040894,-0.02320021234790333,,,,,,,,,True,0.13477304687499997,0.030085370701778347,0.03,0.0
baseline,transcritical,stability_loss,3,Moment OU,3.8062131989960903,,0.08709008760521526,,,,,,,,,,,,,False,0.13477304687499997,0.030085370701778347,0.03,0.0
baseline,transcritical,stability_loss,3,Neural SDE (Euler),3.6164658069610596,1.1028130054473877,0.09326594000508263,0.0702061167741525,,2.513652801513672,-0.02305982323093013,,,,,,,,,True,0.13477304687499997,0.030085370701778347,0.03,0.0
baseline,transcritical,stability_loss,3,SINDy-STLSQ,3.024621031808519,1.2799047235699343,0.09129534881823155,0.07192383975612049,,1.7447163082385848,-0.01937150906211106,,,,,,,,4.0,True,0.13477304687499997,0.030085370701778347,0.03,0.0
baseline,transcritical,stability_loss,4,Bayesian SINDy (spike-slab),1.3442639125228524,1.1620239954085196,0.08783587167183513,0.09556005823599895,,0.18223991711433274,0.007724186564163821,0.08403141129114516,2.5619450832354924,0.08246955865631014,0.11165235250548601,0.08771384745609452,0.0329629069126001,0.9307784695238365,2.0,True,0.13477304687499997,0.030013369097307646,0.03,0.0
baseline,transcritical,stability_loss,4,Kalman OU,0.1902080587212521,0.07732854962626742,0.02645570552163425,0.023730272936632994,0.034187395376071364,0.11287950909498468,-0.0027254325850012556,,,,,,,,,True,0.13477304687499997,0.030013369097307646,0.03,0.0
baseline,transcritical,stability_loss,4,Latent Neural SDE (VI),1.3860912322998047,1.3524354696273804,0.09016909055616171,0.10018132340515722,0.007490198090848748,0.033655762672424316,0.010012232848995509,,,,,,,,,True,0.13477304687499997,0.030013369097307646,0.03,0.0
baseline,transcritical,stability_loss,4,Moment OU,0.27934431415660776,0.6394480589216183,0.03215927421890102,0.06279508372709729,,-0.3601037447650105,0.03063580950819627,,,,,,,,,True,0.13477304687499997,0.030013369097307646,0.03,0.0
baseline,transcritical,stability_loss,4,Neural SDE (Euler),1.4613537788391113,1.426941156387329,0.0932923954247098,0.1034841391617829,,0.03441262245178223,0.0101917437370731,,,,,,,,,True,0.13477304687499997,0.030013369097307646,0.03,0.0
baseline,transcritical,stability_loss,4,SINDy-STLSQ,0.4919660822998026,1.5711919425315375,0.08790181330572411,0.09554957769381589,,-1.0792258602317348,0.007647764388091782,,,,,,,,4.0,True,0.13477304687499997,0.030013369097307646,0.03,0.0
baseline,transcritical,stability_loss,5,Bayesian SINDy (spike-slab),1.9904534606586293,2.186813305489689,0.08784187482976862,0.07873284908122077,,-0.19635984483105973,-0.009109025748547842,1.2937382713622563,3.0448214828792035,0.06676694781920091,0.09129911364067032,0.9984668577239117,0.02515771640087249,0.009036011413326118,2.0,True,0.13477304687499997,0.030150102641982857,0.03,0.0
baseline,transcritical,stability_loss,5,Kalman OU,0.0819183873338489,0.12318306621383084,0.02117835603390026,0.022655803721591646,0.028275943272187725,-0.041264678879981934,0.0014774476876913863,,,,,,,,,True,0.13477304687499997,0.030150102641982857,0.03,0.0
baseline,transcritical,stability_loss,5,Latent Neural SDE (VI),3.3456594944000244,3.6268444061279297,0.0805805200733683,0.07461601071682887,0.005611649860089999,-0.2811849117279053,-0.00596450935653943,,,,,,,,,True,0.13477304687499997,0.030150102641982857,0.03,0.0
baseline,transcritical,stability_loss,5,Moment OU,0.6511202685372774,0.20994368739149097,0.047225110807676274,0.023045323025233804,,0.4411765811457865,-0.02417978778244247,,,,,,,,,True,0.13477304687499997,0.030150102641982857,0.03,0.0
baseline,transcritical,stability_loss,5,Neural SDE (Euler),3.2507174015045166,3.5623066425323486,0.07503226813219527,0.07541409132317971,,-0.31158924102783203,0.00038182319098443995,,,,,,,,,True,0.13477304687499997,0.030150102641982857,0.03,0.0
baseline,transcritical,stability_loss,5,SINDy-STLSQ,2.7517338304463497,2.5823754317558976,0.08837204090262665,0.07923972852457234,,0.1693583986904521,-0.009132312378054314,,,,,,,,3.0,True,0.13477304687499997,0.030150102641982857,0.03,0.0
baseline,transcritical,stability_loss,6,Bayesian SINDy (spike-slab),1.7080654371589814,1.0425915531391294,0.08939132897567034,0.09636342220795796,,0.665473884019852,0.006972093232287618,-0.0,1.903902122872377,0.08247807012980057,0.112306410885823,0.7827641283702108,0.021823706410238772,0.05526312214972392,2.0,True,0.13477304687499997,0.029958739709569727,0.03,0.0
baseline,transcritical,stability_loss,6,Kalman OU,0.16668696951512016,0.08729824545953349,0.0273204564978958,0.03274921672650355,0.029164848039533776,0.07938872405558667,0.0054287602286077485,,,,,,,,,True,0.13477304687499997,0.029958739709569727,0.03,0.0
baseline,transcritical,stability_loss,6,Latent Neural SDE (VI),1.7990586757659912,2.091798782348633,0.09101422974799644,0.09492302437032055,0.008416018130028357,-0.2927401065826416,0.003908794622324102,,,,,,,,,True,0.13477304687499997,0.029958739709569727,0.03,0.0
baseline,transcritical,stability_loss,6,Moment OU,0.7445451787912516,0.4148505906486677,0.04938276231303749,0.055360378216982815,,0.3296945881425839,0.005977615903945327,,,,,,,,,True,0.13477304687499997,0.029958739709569727,0.03,0.0
baseline,transcritical,stability_loss,6,Neural SDE (Euler),1.8454346656799316,2.1765804290771484,0.09353657723513867,0.09914498714523906,,-0.3311457633972168,0.005608409910100393,,,,,,,,,True,0.13477304687499997,0.029958739709569727,0.03,0.0
baseline,transcritical,stability_loss,6,SINDy-STLSQ,0.8755147143754333,1.5488850555802678,0.09008802084088642,0.09579489136955419,,-0.6733703412048345,0.005706870528667765,,,,,,,,4.0,True,0.13477304687499997,0.029958739709569727,0.03,0.0
baseline,transcritical,stability_loss,7,Bayesian SINDy (spike-slab),1.2730663388057937,2.8827271639236334,0.08621379924437005,0.07812777010254543,,-1.6096608251178397,-0.008086029141824616,1.4431375004238094,4.043966362759362,0.06669397618003531,0.09193198476704714,0.9956886603275646,0.7899267572411,0.00889577421318272,3.0,True,0.13477304687499997,0.030367030901434805,0.03,0.0
baseline,transcritical,stability_loss,7,Kalman OU,0.08814293987290787,0.39940822554745153,0.02180512399424641,0.03533562081449296,0.02880470862215944,-0.31126528567454365,0.013530496820246547,,,,,,,,,True,0.13477304687499997,0.030367030901434805,0.03,0.0
baseline,transcritical,stability_loss,7,Latent Neural SDE (VI),1.4193888902664185,2.6648356914520264,0.0879540531596353,0.07551845988352507,0.005576555668373898,-1.245446801185608,-0.012435593276110227,,,,,,,,,True,0.13477304687499997,0.030367030901434805,0.03,0.0
baseline,transcritical,stability_loss,7,Moment OU,0.034492647950685844,0.2003386758219186,0.011990581032093503,0.022342598074932028,,-0.16584602787123276,0.010352017042838524,,,,,,,,,True,0.13477304687499997,0.030367030901434805,0.03,0.0
baseline,transcritical,stability_loss,7,Neural SDE (Euler),1.5504757165908813,2.6510396003723145,0.09244269516372794,0.07720175198458298,,-1.100563883781433,-0.015240943179144956,,,,,,,,,True,0.13477304687499997,0.030367030901434805,0.03,0.0
baseline,transcritical,stability_loss,7,SINDy-STLSQ,1.3116185093686337,3.063421518177025,0.08561274792351829,0.07760843899871271,,-1.7518030088083911,-0.008004308924805581,,,,,,,,3.0,True,0.13477304687499997,0.030367030901434805,0.03,0.0
baseline,transcritical,stability_loss,8,Bayesian SINDy (spike-slab),2.1577583692938123,0.8052534386848934,0.08540958705624807,0.07849262175251212,,1.352504930608919,-0.00691696530373595,-0.0,1.913249365064944,0.06654496456169494,0.09406366133111752,0.6963823207699007,0.05537512183809809,0.027936943661330368,2.0,True,0.13477304687499997,0.030359982169068517,0.03,0.0
baseline,transcritical,stability_loss,8,Kalman OU,0.10227801218894143,0.05522703730804479,0.024829379202403228,0.027083388196634625,0.02515336993752185,0.04705097488089664,0.002254008994231397,,,,,,,,,True,0.13477304687499997,0.030359982169068517,0.03,0.0
baseline,transcritical,stability_loss,8,Latent Neural SDE (VI),2.3189876079559326,1.7398802042007446,0.08386590466492995,0.10253133374143628,0.0072181067519974254,0.579107403755188,0.018665429076506326,,,,,,,,,True,0.13477304687499997,0.030359982169068517,0.03,0.0
baseline,transcritical,stability_loss,8,Moment OU,0.27408133812269625,,0.030572656483112977,,,,,,,,,,,,,False,0.13477304687499997,0.030359982169068517,0.03,0.0
baseline,transcritical,stability_loss,8,Neural SDE (Euler),2.273153066635132,1.691626787185669,0.08640416773135831,0.10709789490998008,,0.5815262794494629,0.020693727178621765,,,,,,,,,True,0.13477304687499997,0.030359982169068517,0.03,0.0
baseline,transcritical,stability_loss,8,SINDy-STLSQ,2.8977261050631635,2.040953625292791,0.08303607518780258,0.07632048376394131,,0.8567724797703726,-0.006715591423861272,,,,,,,,4.0,True,0.13477304687499997,0.030359982169068517,0.03,0.0
baseline,transcritical,stability_loss,9,Bayesian SINDy (spike-slab),2.5441065387334634,0.6405995737713974,0.0993478742414943,0.08222816729722762,,1.903506964962066,-0.017119706944266677,-0.0,2.0347039455028706,0.06980891239805952,0.09736228522718068,0.0689699057056203,0.029803198288470965,0.5828822472012624,2.0,True,0.13477304687499997,0.030114582531282262,0.03,0.0
baseline,transcritical,stability_loss,9,Kalman OU,0.110655868441171,0.06813783616371996,0.02361459309824039,0.032480015910339874,0.02745036198165051,0.04251803227745103,0.008865422812099483,,,,,,,,,True,0.13477304687499997,0.030114582531282262,0.03,0.0
baseline,transcritical,stability_loss,9,Latent Neural SDE (VI),3.448481559753418,0.5480485558509827,0.10050473138013077,0.0720369681444829,0.008881637957222611,2.9004330039024353,-0.02846776323564787,,,,,,,,,True,0.13477304687499997,0.030114582531282262,0.03,0.0
baseline,transcritical,stability_loss,9,Moment OU,1.603774737763455,0.1451502896244122,0.07627017343283714,0.036130780842184615,,1.458624448139043,-0.04013939259065252,,,,,,,,,True,0.13477304687499997,0.030114582531282262,0.03,0.0
baseline,transcritical,stability_loss,9,Neural SDE (Euler),3.3536477088928223,0.11478082090616226,0.10307712507345733,0.07878338741339677,,3.23886688798666,-0.024293737660060558,,,,,,,,,True,0.13477304687499997,0.030114582531282262,0.03,0.0
baseline,transcritical,stability_loss,9,SINDy-STLSQ,2.587029666963812,1.055043034972449,0.10049100893255088,0.07948946177541107,,1.531986631991363,-0.02100154715713981,,,,,,,,4.0,True,0.13477304687499997,0.030114582531282262,0.03,0.0
baseline,transcritical,stability_loss,10,Bayesian SINDy (spike-slab),1.1784582342837533,2.7215551643551827,0.10103009762283105,0.08641554129345767,,-1.5430969300714295,-0.014614556329373377,1.6113670471126424,4.439616991196956,0.073547779121804,0.1015961435967219,0.9919094002352042,0.28256341146244573,0.01589579114833342,2.0,True,0.13477304687499997,0.030407079052747987,0.03,0.0
baseline,transcritical,stability_loss,10,Kalman OU,0.1038646564226356,0.07724017778544964,0.030393609580703355,0.016686934218121414,0.03224478015442129,0.026624478637185964,-0.013706675362581942,,,,,,,,,True,0.13477304687499997,0.030407079052747987,0.03,0.0
baseline,transcritical,stability_loss,10,Latent Neural SDE (VI),2.74047589302063,3.4271862506866455,0.09765701687423504,0.09290809190680846,0.00566808210923897,-0.6867103576660156,-0.004748924967426585,,,,,,,,,True,0.13477304687499997,0.030407079052747987,0.03,0.0
baseline,transcritical,stability_loss,10,Moment OU,0.4538075406310779,0.8623967180231374,0.05965723166938845,0.04736411930570108,,-0.4085891773920595,-0.012293112363687374,,,,,,,,,True,0.13477304687499997,0.030407079052747987,0.03,0.0
baseline,transcritical,stability_loss,10,Neural SDE (Euler),2.9405884742736816,3.505432605743408,0.10166382894930179,0.0923203807669749,,-0.5648441314697266,-0.009343448182326894,,,,,,,,,True,0.13477304687499997,0.030407079052747987,0.03,0.0
baseline,transcritical,stability_loss,10,SINDy-STLSQ,2.5734969097033256,3.1782144125636145,0.09587435579851955,0.08529018811010039,,-0.6047175028602889,-0.01058416768841916,,,,,,,,4.0,True,0.13477304687499997,0.030407079052747987,0.03,0.0
baseline,transcritical,stability_loss,11,Bayesian SINDy (spike-slab),1.4420151051696513,0.142311383700515,0.0949338433163441,0.10741141645703028,,1.2997037214691363,0.01247757314068619,-0.0,1.127016013918731,0.09216608229713959,0.12407878080690109,0.10842874402940858,0.016739312848239415,0.08752943547393313,1.0,True,0.13477304687499997,0.029669644338832447,0.03,0.0
baseline,transcritical,stability_loss,11,Kalman OU,0.38034113303755074,0.03426939829161849,0.041262407151817275,0.037482197399449975,0.031092259314465107,0.3460717347459322,-0.0037802097523673,,,,,,,,,True,0.13477304687499997,0.029669644338832447,0.03,0.0
baseline,transcritical,stability_loss,11,Latent Neural SDE (VI),1.5512686967849731,0.3259669542312622,0.11401504366424131,0.09292618438837744,0.012361857860459126,1.225301742553711,-0.021088859275863875,,,,,,,,,True,0.13477304687499997,0.029669644338832447,0.03,0.0
baseline,transcritical,stability_loss,11,Moment OU,0.39874386016397606,0.36129090556810267,0.045047841736994665,0.07947448228757276,,0.03745295459587339,0.03442664055057809,,,,,,,,,True,0.13477304687499997,0.029669644338832447,0.03,0.0
baseline,transcritical,stability_loss,11,Neural SDE (Euler),1.6374061107635498,0.553440272808075,0.11728593068916544,0.10487304590502979,,1.0839658379554749,-0.012412884784135658,,,,,,,,,True,0.13477304687499997,0.029669644338832447,0.03,0.0
baseline,transcritical,stability_loss,11,SINDy-STLSQ,1.6294779849416914,0.755513739897453,0.09580467259266714,0.10381221299792479,,0.8739642450442384,0.00800754040525764,,,,,,,,4.0,True,0.13477304687499997,0.029669644338832447,0.03,0.0
baseline,transcritical,stability_loss,12,Bayesian SINDy (spike-slab),1.9799142594813066,3.309136625811667,0.08364417748349094,0.0709256133372277,,-1.3292223663303604,-0.01271856414626324,2.230747041489568,4.546313855634922,0.06060612199177143,0.08249710765646338,0.9999982799900488,0.5112630170186987,0.03536197266420546,3.0,True,0.13477304687499997,0.0303539654461986,0.03,0.0
baseline,transcritical,stability_loss,12,Kalman OU,0.180016442278558,0.19119702156488996,0.026835324270065086,0.02882296841006729,0.027663882172273783,-0.011180579286331954,0.0019876441400022045,,,,,,,,,True,0.13477304687499997,0.0303539654461986,0.03,0.0
baseline,transcritical,stability_loss,12,Latent Neural SDE (VI),3.2741291522979736,3.8512444496154785,0.08298967389681546,0.07204113732033804,0.005257639758898542,-0.5771152973175049,-0.010948536576477416,,,,,,,,,True,0.13477304687499997,0.0303539654461986,0.03,0.0
baseline,transcritical,stability_loss,12,Moment OU,0.2579566760811229,0.5979131912486936,0.027574192967321522,0.031868236024668,,-0.3399565151675707,0.004294043057346476,,,,,,,,,True,0.13477304687499997,0.0303539654461986,0.03,0.0
baseline,transcritical,stability_loss,12,Neural SDE (Euler),3.144685745239258,3.8712844848632812,0.08655303635358892,0.06973063049867675,,-0.7265987396240234,-0.016822405854912167,,,,,,,,,True,0.13477304687499997,0.0303539654461986,0.03,0.0
baseline,transcritical,stability_loss,12,SINDy-STLSQ,2.6343279081658535,3.928316263698217,0.08363643506785357,0.06985731077217196,,-1.2939883555323637,-0.013779124295681608,,,,,,,,4.0,True,0.13477304687499997,0.0303539654461986,0.03,0.0
baseline,transcritical,stability_loss,13,Bayesian SINDy (spike-slab),3.09357913513857,0.835112048611382,0.08377344012860732,0.08883095849930295,,2.258467086527188,0.005057518370695624,-0.0,1.8522609752445682,0.07676351499218104,0.10412967377229339,0.5897515543523001,0.019517093108895905,0.1848039969823399,2.0,True,0.13477304687499997,0.02978333052511788,0.03,0.0
baseline,transcritical,stability_loss,13,Kalman OU,0.04978761093203828,0.18845435906656982,0.01853696205972839,0.03870579656391403,0.026629875982373048,-0.13866674813453153,0.020168834504185638,,,,,,,,,True,0.13477304687499997,0.02978333052511788,0.03,0.0
baseline,transcritical,stability_loss,13,Latent Neural SDE (VI),1.5289413928985596,1.3349480628967285,0.09014690377778967,0.08546322701043589,0.00782321063911701,0.19399333000183105,-0.0046836767673537755,,,,,,,,,True,0.13477304687499997,0.02978333052511788,0.03,0.0
baseline,transcritical,stability_loss,13,Moment OU,0.7118120623397741,0.10334092552770816,0.048828102501029196,0.026203731661294135,,0.608471136812066,-0.02262437083973506,,,,,,,,,True,0.13477304687499997,0.02978333052511788,0.03,0.0
baseline,transcritical,stability_loss,13,Neural SDE (Euler),1.6956946849822998,1.4442903995513916,0.09190344141073865,0.09018829327768342,,0.2514042854309082,-0.0017151481330552332,,,,,,,,,True,0.13477304687499997,0.02978333052511788,0.03,0.0
baseline,transcritical,stability_loss,13,SINDy-STLSQ,3.3189733652968867,1.049833848604139,0.08306888992106891,0.08753129787548543,,2.2691395166927477,0.00446240795441652,,,,,,,,4.0,True,0.13477304687499997,0.02978333052511788,0.03,0.0
baseline,transcritical,stability_loss,14,Bayesian SINDy (spike-slab),0.7120894501942652,2.865063282946725,0.08035209150891934,0.08169300410691799,,-2.1529738327524597,0.0013409125979986503,1.7660940416256543,3.9039596886380954,0.07067582536356426,0.09540200533917688,0.9873448330004133,0.015173778998589781,0.021523420728031633,2.0,True,0.13477304687499997,0.030697175838983803,0.03,0.0
baseline,transcritical,stability_loss,14,Kalman OU,0.5434109220259947,0.13076548352454034,0.06064620601010479,0.015443451127524318,0.030180306899741407,0.4126454385014544,-0.04520275488258048,,,,,,,,,True,0.13477304687499997,0.030697175838983803,0.03,0.0
baseline,transcritical,stability_loss,14,Latent Neural SDE (VI),1.0242863893508911,3.543529748916626,0.07023950707458884,0.08319072374303244,0.004937214937719266,-2.519243359565735,0.012951216668443594,,,,,,,,,True,0.13477304687499997,0.030697175838983803,0.03,0.0
baseline,transcritical,stability_loss,14,Moment OU,,0.5074182604283297,,0.028257065633328606,,,,,,,,,,,,False,0.13477304687499997,0.030697175838983803,0.03,0.0
baseline,transcritical,stability_loss,14,Neural SDE (Euler),1.0927889347076416,3.564474105834961,0.07326062481017737,0.08496032996215434,,-2.4716851711273193,0.011699705151976977,,,,,,,,,True,0.13477304687499997,0.030697175838983803,0.03,0.0
baseline,transcritical,stability_loss,14,SINDy-STLSQ,1.4673228787382095,2.5421424242883894,0.07617451761078414,0.08204056523131133,,-1.0748195455501799,0.005866047620527184,,,,,,,,4.0,True,0.13477304687499997,0.030697175838983803,0.03,0.0
baseline,transcritical,stability_loss,15,Bayesian SINDy (spike-slab),1.534659065589862,3.685910053199856,0.07895102982313944,0.07781620853620475,,-2.151250987609994,-0.0011348212869346924,2.654047888183669,4.73487781465177,0.06702153838473604,0.09081666732093213,0.9999798447315453,0.011710105828743505,0.003960647384880741,2.0,True,0.13477304687499997,0.030176498692783982,0.03,0.0
baseline,transcritical,stability_loss,15,Kalman OU,0.3551178046216316,0.36927460066097545,0.036576109562260366,0.013654311443833932,0.033123793263470196,-0.014156796039343833,-0.022921798118426435,,,,,,,,,True,0.13477304687499997,0.030176498692783982,0.03,0.0
baseline,transcritical,stability_loss,15,Latent Neural SDE (VI),2.200291872024536,3.9394521713256836,0.08045272235186822,0.0838764230089907,0.004414508426918221,-1.7391602993011475,0.003423700657122483,,,,,,,,,True,0.13477304687499997,0.030176498692783982,0.03,0.0
baseline,transcritical,stability_loss,15,Moment OU,,1.227858428674214,,0.03359412284698541,,,,,,,,,,,,False,0.13477304687499997,0.030176498692783982,0.03,0.0
baseline,transcritical,stability_loss,15,Neural SDE (Euler),2.197861671447754,3.8874988555908203,0.08249720912174532,0.08285184473872888,,-1.6896371841430664,0.0003546356169835535,,,,,,,,,True,0.13477304687499997,0.030176498692783982,0.03,0.0
baseline,transcritical,stability_loss,15,SINDy-STLSQ,1.2411991422128223,3.6323426051067735,0.07919050121328804,0.07882760988633923,,-2.391143462893951,-0.00036289132694880544,,,,,,,,3.0,True,0.13477304687499997,0.030176498692783982,0.03,0.0
baseline,transcritical,stability_loss,16,Bayesian SINDy (spike-slab),2.805645432005921,0.40907103766926506,0.08130825662433776,0.09295911048351164,,2.396574394336656,0.011650853859173887,-0.0,1.4169451601931038,0.0797801922175977,0.1077110233624374,0.3185076604337338,0.023725921313699994,0.15073477346179384,1.0,True,0.13477304687499997,0.02997734799396855,0.03,0.0
baseline,transcritical,stability_loss,16,Kalman OU,0.062341012761129216,0.09688141649664486,0.011231644313329429,0.0289954592307831,0.030660804857250312,-0.034540403735515646,0.01776381491745367,,,,,,,,,True,0.13477304687499997,0.02997734799396855,0.03,0.0
baseline,transcritical,stability_loss,16,Latent Neural SDE (VI),3.062985420227051,1.0999809503555298,0.08527738891370555,0.09895857357082403,0.008821421691359204,1.963004469871521,0.013681184657118484,,,,,,,,,True,0.13477304687499997,0.02997734799396855,0.03,0.0
baseline,transcritical,stability_loss,16,Moment OU,0.9188695667030721,0.03901299509950293,0.0356546266972249,0.018676044936748716,,0.8798565716035691,-0.01697858176047618,,,,,,,,,True,0.13477304687499997,0.02997734799396855,0.03,0.0
baseline,transcritical,stability_loss,16,Neural SDE (Euler),3.053253412246704,1.1924688816070557,0.08710284056094321,0.1066413897296274,,1.8607845306396484,0.019538549168684194,,,,,,,,,True,0.13477304687499997,0.02997734799396855,0.03,0.0
baseline,transcritical,stability_loss,16,SINDy-STLSQ,1.729734201065812,0.917414802764368,0.08111278380702586,0.09147220971153329,,0.8123193983014441,0.010359425904507433,,,,,,,,4.0,True,0.13477304687499997,0.02997734799396855,0.03,0.0
baseline,transcritical,stability_loss,17,Bayesian SINDy (spike-slab),0.5229526673400633,2.7741549915523422,0.08439885497451531,0.07439560691063653,,-2.251202324212279,-0.010003248063878784,1.083418576892465,3.8758313351555103,0.06433331265330262,0.08664210996351374,0.9207588039812915,0.046992497594929586,0.09645719287338204,2.0,True,0.13477304687499997,0.02983734530384527,0.03,0.0
baseline,transcritical,stability_loss,17,Kalman OU,0.11580787116340445,0.28616964149669477,0.03265502657440714,0.023251896734295282,0.027080337925387072,-0.1703617703332903,-0.009403129840111855,,,,,,,,,True,0.13477304687499997,0.02983734530384527,0.03,0.0
baseline,transcritical,stability_loss,17,Latent Neural SDE (VI),0.7981677055358887,2.667147159576416,0.07077870897314006,0.07742848093402706,0.005057710826801924,-1.8689794540405273,0.006649771960886994,,,,,,,,,True,0.13477304687499997,0.02983734530384527,0.03,0.0
baseline,transcritical,stability_loss,17,Moment OU,,,,,,,,,,,,,,,,False,0.13477304687499997,0.02983734530384527,0.03,0.0
baseline,transcritical,stability_loss,17,Neural SDE (Euler),0.9062076210975647,2.678271770477295,0.07281058579181059,0.07945757478956342,,-1.7720641493797302,0.006646988997752831,,,,,,,,,True,0.13477304687499997,0.02983734530384527,0.03,0.0
baseline,transcritical,stability_loss,17,SINDy-STLSQ,1.178272962948228,2.483113415909434,0.08236619319440361,0.07355805016996327,,-1.3048404529612059,-0.008808143024440343,,,,,,,,4.0,True,0.13477304687499997,0.02983734530384527,0.03,0.0
baseline,transcritical,stability_loss,18,Bayesian SINDy (spike-slab),1.517743373600381,1.2272996719713967,0.07639356626855147,0.08750437484575661,,0.29044370162898425,0.011110808577205145,0.10973897429910186,2.4543119632727133,0.0757561676945517,0.10310066343572614,0.12269884985731687,0.015646140541031753,0.8915231950608599,2.0,True,0.13477304687499997,0.030165850315626398,0.03,0.0
baseline,transcritical,stability_loss,18,Kalman OU,0.19986058511192026,0.14010298636657847,0.025907954660794676,0.02512623249010217,0.030308150063060917,0.05975759874534178,-0.0007817221706925073,,,,,,,,,True,0.13477304687499997,0.030165850315626398,0.03,0.0
baseline,transcritical,stability_loss,18,Latent Neural SDE (VI),1.8079367876052856,1.1980822086334229,0.07931197818941821,0.08799874081506565,0.007089357939996266,0.6098545789718628,0.008686762625647437,,,,,,,,,True,0.13477304687499997,0.030165850315626398,0.03,0.0
baseline,transcritical,stability_loss,18,Moment OU,,0.2865607400406775,,0.0362491347031909,,,,,,,,,,,,False,0.13477304687499997,0.030165850315626398,0.03,0.0
baseline,transcritical,stability_loss,18,Neural SDE (Euler),1.8669489622116089,1.2753371000289917,0.08193636973690795,0.09028082556110703,,0.5916118621826172,0.008344455824199085,,,,,,,,,True,0.13477304687499997,0.030165850315626398,0.03,0.0
baseline,transcritical,stability_loss,18,SINDy-STLSQ,1.1057621050459667,0.6150938104717344,0.07664270315957833,0.08841680884856666,,0.49066829457423233,0.011774105688988332,,,,,,,,4.0,True,0.13477304687499997,0.030165850315626398,0.03,0.0
baseline,transcritical,stability_loss,19,Bayesian SINDy (spike-slab),2.52488736937671,1.4696787652117214,0.09103474537437728,0.09031841533905649,,1.0552086041649889,-0.0007163300353207891,-0.0,2.3773273496247906,0.07751711098064389,0.10705853077916667,0.8654773183163642,0.011779798617798489,0.09238790560896719,2.0,True,0.13477304687499997,0.03025237135605684,0.03,0.0
baseline,transcritical,stability_loss,19,Kalman OU,0.651244036659511,0.7061670735449161,0.03948014940307481,0.056472701016322874,0.02642840243465169,-0.05492303688540512,0.016992551613248065,,,,,,,,,True,0.13477304687499997,0.03025237135605684,0.03,0.0
baseline,transcritical,stability_loss,19,Latent Neural SDE (VI),3.083568811416626,1.514344334602356,0.09133947471204208,0.11022817082927816,0.00632034579191107,1.56922447681427,0.01888869611723608,,,,,,,,,True,0.13477304687499997,0.03025237135605684,0.03,0.0
baseline,transcritical,stability_loss,19,Moment OU,1.5442651823114733,0.20276432961262084,0.06073163754426305,0.029719955722570548,,1.3415008526988523,-0.0310116818216925,,,,,,,,,True,0.13477304687499997,0.03025237135605684,0.03,0.0
baseline,transcritical,stability_loss,19,Neural SDE (Euler),2.8368797302246094,1.6070400476455688,0.09310496593721419,0.11069214801958628,,1.2298396825790405,0.017587182082372088,,,,,,,,,True,0.13477304687499997,0.03025237135605684,0.03,0.0
baseline,transcritical,stability_loss,19,SINDy-STLSQ,1.725158958387394,1.3236577919802783,0.09096855137975247,0.09077120806187344,,0.40150116640711575,-0.00019734331787903125,,,,,,,,3.0,True,0.13477304687499997,0.03025237135605684,0.03,0.0
baseline,transcritical,stability_loss,20,Bayesian SINDy (spike-slab),1.1319493093822834,4.215090217427621,0.07212359581529643,0.07333730399580185,,-3.0831409080453374,0.001213708180505424,3.080279036616018,5.364954467149176,0.06324071808756844,0.08487394764211413,0.999996147992309,0.012819529010643097,0.0069668283599158545,2.0,True,0.13477304687499997,0.02974791248934091,0.03,0.0
baseline,transcritical,stability_loss,20,Kalman OU,0.13868523016915096,3.0000000000000004,0.032352868593343055,0.045161819015948124,0.028015421243142036,-2.8613147698308494,0.012808950422605068,,,,,,,,,True,0.13477304687499997,0.02974791248934091,0.03,0.0
baseline,transcritical,stability_loss,20,Latent Neural SDE (VI),2.173262119293213,4.990577697753906,0.06679352845291912,0.07937493444471028,0.004189268781127725,-2.8173155784606934,0.012581405991791153,,,,,,,,,True,0.13477304687499997,0.02974791248934091,0.03,0.0
baseline,transcritical,stability_loss,20,Moment OU,,1.240900335374512,,0.024262546483322937,,,,,,,,,,,,False,0.13477304687499997,0.02974791248934091,0.03,0.0
baseline,transcritical,stability_loss,20,Neural SDE (Euler),2.332906723022461,5.034026145935059,0.07029685711083546,0.08057305148676087,,-2.7011194229125977,0.010276194375925418,,,,,,,,,True,0.13477304687499997,0.02974791248934091,0.03,0.0
baseline,transcritical,stability_loss,20,SINDy-STLSQ,1.7583071595655702,4.295413107639271,0.07123994177720493,0.07395296352549285,,-2.537105948073701,0.0027130217482879276,,,,,,,,3.0,True,0.13477304687499997,0.02974791248934091,0.03,0.0
baseline,transcritical,stability_loss,21,Bayesian SINDy (spike-slab),1.0932258484986483,3.29240220978114,0.0835448582109735,0.09147546221385955,,-2.1991763612824915,0.007930604002886046,2.247033169335204,4.361510786784684,0.07838066180718503,0.10639019752971274,0.9996878224016101,0.06294885881725874,0.007544382762051462,2.0,True,0.13477304687499997,0.030177426581731292,0.03,0.0
baseline,transcritical,stability_loss,21,Kalman OU,0.115409417349019,0.09067874261502223,0.027653992064307135,0.016156982437204558,0.034117532478748644,0.02473067473399676,-0.011497009627102577,,,,,,,,,True,0.13477304687499997,0.030177426581731292,0.03,0.0
baseline,transcritical,stability_loss,21,Latent Neural SDE (VI),1.5471071004867554,3.609527349472046,0.08843347736103506,0.09538518716017726,0.005554402815493957,-2.0624202489852905,0.006951709799142197,,,,,,,,,True,0.13477304687499997,0.030177426581731292,0.03,0.0
baseline,transcritical,stability_loss,21,Moment OU,,2.387308469698334,,0.07252198194111809,,,,,,,,,,,,False,0.13477304687499997,0.030177426581731292,0.03,0.0
baseline,transcritical,stability_loss,21,Neural SDE (Euler),1.611290454864502,3.6821203231811523,0.09688310066729426,0.0969324712113629,,-2.0708298683166504,4.937054406864427e-05,,,,,,,,,True,0.13477304687499997,0.030177426581731292,0.03,0.0
baseline,transcritical,stability_loss,21,SINDy-STLSQ,0.9288857785087541,3.652707222848411,0.0834488819238614,0.0911516603197172,,-2.723821444339657,0.0077027783958558,,,,,,,,3.0,True,0.13477304687499997,0.030177426581731292,0.03,0.0
baseline,transcritical,stability_loss,22,Bayesian SINDy (spike-slab),1.5363200787948843,0.9444022540900864,0.10002301592481039,0.08909719531816992,,0.5919178247047979,-0.010925820606640463,-0.0,2.7523979112824906,0.07626117595924617,0.10615418175508835,0.1543404809080864,0.01847867511909283,0.845051436310626,2.0,True,0.13477304687499997,0.02969848411133872,0.03,0.0
baseline,transcritical,stability_loss,22,Kalman OU,0.047263235474666994,0.03676869889009407,0.023805730001305397,0.030146108280528622,0.02933156044686544,0.010494536584572924,0.006340378279223225,,,,,,,,,True,0.13477304687499997,0.02969848411133872,0.03,0.0
baseline,transcritical,stability_loss,22,Latent Neural SDE (VI),2.322291612625122,0.4780927300453186,0.0981453847010334,0.11524586928910859,0.011153510731103846,1.8441988825798035,0.017100484588075185,,,,,,,,,True,0.13477304687499997,0.02969848411133872,0.03,0.0
baseline,transcritical,stability_loss,22,Moment OU,0.7646110424551731,0.24570334685151443,0.06807976530268728,0.058021569193562,,0.5189076956036587,-0.010058196109125277,,,,,,,,,True,0.13477304687499997,0.02969848411133872,0.03,0.0
baseline,transcritical,stability_loss,22,Neural SDE (Euler),2.42294979095459,0.5608010292053223,0.10095545604479896,0.13666356402142904,,1.8621487617492676,0.035708107976630085,,,,,,,,,True,0.13477304687499997,0.02969848411133872,0.03,0.0
baseline,transcritical,stability_loss,22,SINDy-STLSQ,1.33653579536254,1.2988116763279343,0.10031372189106803,0.08815076297559454,,0.03772411903460582,-0.01216295891547349,,,,,,,,4.0,True,0.13477304687499997,0.02969848411133872,0.03,0.0
baseline,transcritical,stability_loss,23,Bayesian SINDy (spike-slab),2.024565633222109,0.8507267141087419,0.09516239858016644,0.08703598934736384,,1.1738389191133671,-0.008126409232802598,-0.0,1.9232232363034716,0.07417012148563527,0.10320253640862062,0.6718514234293638,0.04375967783248947,0.032542234933421836,2.0,True,0.13477304687499997,0.030422381979155765,0.03,0.0
baseline,transcritical,stability_loss,23,Kalman OU,0.09507054465442787,0.4582685890299521,0.020194307148016587,0.052837546378683944,0.02418662116395573,-0.3631980443755242,0.03264323923066736,,,,,,,,,True,0.13477304687499997,0.030422381979155765,0.03,0.0
baseline,transcritical,stability_loss,23,Latent Neural SDE (VI),2.803330659866333,1.652594804763794,0.10790947261412233,0.07911107859830618,0.007434496799682692,1.150735855102539,-0.028798394015816145,,,,,,,,,True,0.13477304687499997,0.030422381979155765,0.03,0.0
baseline,transcritical,stability_loss,23,Moment OU,0.9150729393449595,,0.059451152908141375,,,,,,,,,,,,,False,0.13477304687499997,0.030422381979155765,0.03,0.0
baseline,transcritical,stability_loss,23,Neural SDE (Euler),2.96989107131958,1.6967819929122925,0.11178352696320826,0.08191901385224665,,1.2731090784072876,-0.02986451311096161,,,,,,,,,True,0.13477304687499997,0.030422381979155765,0.03,0.0
baseline,transcritical,stability_loss,23,SINDy-STLSQ,2.3750604466238636,1.7562224464497422,0.0950214641704757,0.0842116583603203,,0.6188380001741214,-0.010809805810155407,,,,,,,,4.0,True,0.13477304687499997,0.030422381979155765,0.03,0.0
baseline,transcritical,stability_loss,24,Bayesian SINDy (spike-slab),0.993629531399382,1.2709685473555397,0.07748666421139766,0.09404279837194997,,-0.2773390159561576,0.016556134160552308,-0.0,2.36371945888173,0.08062613428387032,0.10932668391221183,0.7437649838939938,0.01853570966089247,0.17585317416641855,2.0,True,0.13477304687499997,0.02974278276973874,0.03,0.0
baseline,transcritical,stability_loss,24,Kalman OU,0.1982549029903487,0.38129026876306993,0.0276809990309925,0.04817170053488675,0.02796258084487234,-0.18303536577272123,0.02049070150389425,,,,,,,,,True,0.13477304687499997,0.02974278276973874,0.03,0.0
baseline,transcritical,stability_loss,24,Latent Neural SDE (VI),1.0668617486953735,2.041943073272705,0.07041814405565641,0.09376747244883338,0.007060768826971793,-0.9750813245773315,0.023349328393176966,,,,,,,,,True,0.13477304687499997,0.02974278276973874,0.03,0.0
baseline,transcritical,stability_loss,24,Moment OU,,0.5315461737930828,,0.05210079526971692,,,,,,,,,,,,False,0.13477304687499997,0.02974278276973874,0.03,0.0
baseline,transcritical,stability_loss,24,Neural SDE (Euler),1.104552149772644,2.010733127593994,0.07272482561889429,0.09740396310333095,,-0.9061809778213501,0.02467913748443666,,,,,,,,,True,0.13477304687499997,0.02974278276973874,0.03,0.0
baseline,transcritical,stability_loss,24,SINDy-STLSQ,1.1220411501815162,1.4236589138010545,0.07693076162079884,0.09284289284945219,,-0.3016177636195383,0.015912131228653342,,,,,,,,4.0,True,0.13477304687499997,0.02974278276973874,0.03,0.0
baseline,transcritical,stability_loss,25,Bayesian SINDy (spike-slab),0.9547083055536706,1.9491799072237737,0.08184597149873228,0.0867532881380357,,-0.9944716016701031,0.0049073166393034245,1.0684161871934827,2.824431722537801,0.07465297844023391,0.10161149152695406,0.9970617974641549,0.03696271100719083,0.00998071052507532,2.0,True,0.13477304687499997,0.0295234132494464,0.03,0.0
baseline,transcritical,stability_loss,25,Kalman OU,0.0748115217430084,0.08750765415414999,0.021714991319504964,0.028189018363243893,0.029414549720278696,-0.012696132411141592,0.006474027043738929,,,,,,,,,True,0.13477304687499997,0.0295234132494464,0.03,0.0
baseline,transcritical,stability_loss,25,Latent Neural SDE (VI),0.9621257781982422,3.199751377105713,0.09076937583918988,0.08238818676116307,0.0067411286067922535,-2.2376255989074707,-0.008381189078026818,,,,,,,,,True,0.13477304687499997,0.0295234132494464,0.03,0.0
baseline,transcritical,stability_loss,25,Moment OU,,0.7195072259372667,,0.054839451129615836,,,,,,,,,,,,False,0.13477304687499997,0.0295234132494464,0.03,0.0
baseline,transcritical,stability_loss,25,Neural SDE (Euler),1.0354710817337036,3.1638519763946533,0.09509639448333299,0.08575943854551248,,-2.1283808946609497,-0.00933695593782051,,,,,,,,,True,0.13477304687499997,0.0295234132494464,0.03,0.0
baseline,transcritical,stability_loss,25,SINDy-STLSQ,0.42777140061842894,2.510198524652767,0.08272011246544712,0.08693175616291625,,-2.082427124034338,0.004211643697469125,,,,,,,,3.0,True,0.13477304687499997,0.0295234132494464,0.03,0.0
baseline,transcritical,stability_loss,26,Bayesian SINDy (spike-slab),1.7452444886712244,1.8061881827329365,0.09436750622499869,0.09336708663104204,,-0.06094369406171207,-0.0010004195939566501,0.8040329660091962,3.0934313956523605,0.07956184272263427,0.10846286682741732,0.9792813497883992,0.09863719223991958,0.026295226941684492,2.0,True,0.13477304687499997,0.02986447768469965,0.03,0.0
baseline,transcritical,stability_loss,26,Kalman OU,0.1923247016155655,0.23199762208980465,0.02664954510238033,0.03884028960813572,0.029397324348652238,-0.03967292047423915,0.012190744505755392,,,,,,,,,True,0.13477304687499997,0.02986447768469965,0.03,0.0
baseline,transcritical,stability_loss,26,Latent Neural SDE (VI),1.7191882133483887,3.588351249694824,0.09989083017902631,0.09109092829105593,0.00708528338067303,-1.8691630363464355,-0.008799901887970377,,,,,,,,,True,0.13477304687499997,0.02986447768469965,0.03,0.0
baseline,transcritical,stability_loss,26,Moment OU,0.7100961890306707,0.5814141704199405,0.05325105579773938,0.053147336780615215,,0.12868201861073025,-0.00010371901712416531,,,,,,,,,True,0.13477304687499997,0.02986447768469965,0.03,0.0
baseline,transcritical,stability_loss,26,Neural SDE (Euler),1.8308041095733643,3.6286754608154297,0.10160669127632481,0.09446823717621505,,-1.7978713512420654,-0.007138454100109756,,,,,,,,,True,0.13477304687499997,0.02986447768469965,0.03,0.0
baseline,transcritical,stability_loss,26,SINDy-STLSQ,1.0769689492406889,2.644918838069863,0.09465528605656977,0.09222477962612831,,-1.567949888829174,-0.002430506430441459,,,,,,,,3.0,True,0.13477304687499997,0.02986447768469965,0.03,0.0
baseline,transcritical,stability_loss,27,Bayesian SINDy (spike-slab),2.1259951799169237,1.9982488074757807,0.08170779154230512,0.09251432519994168,,0.12774637244114295,0.010806533657636563,1.1821520850116836,2.794757470883092,0.08042153906344883,0.10935718802210777,0.997476265563022,0.015910712936247625,0.007862942398224194,2.0,True,0.13477304687499997,0.030419426231667858,0.03,0.0
baseline,transcritical,stability_loss,27,Kalman OU,0.35423947498892233,0.1437946760404705,0.03196713569228115,0.03689610917707227,0.03131846709071874,0.21044479894845183,0.00492897348479112,,,,,,,,,True,0.13477304687499997,0.030419426231667858,0.03,0.0
baseline,transcritical,stability_loss,27,Latent Neural SDE (VI),1.8891680240631104,3.180604934692383,0.08275784103443214,0.0850142448917452,0.006844631629074733,-1.2914369106292725,0.002256403857313058,,,,,,,,,True,0.13477304687499997,0.030419426231667858,0.03,0.0
baseline,transcritical,stability_loss,27,Moment OU,0.6167541971715916,1.0460991466266811,0.03713913989242671,0.07091189239867787,,-0.4293449494550895,0.03377275250625116,,,,,,,,,True,0.13477304687499997,0.030419426231667858,0.03,0.0
baseline,transcritical,stability_loss,27,Neural SDE (Euler),1.9459729194641113,3.191211700439453,0.08423128052416418,0.08226264992124256,,-1.2452387809753418,-0.0019686306029216144,,,,,,,,,True,0.13477304687499997,0.030419426231667858,0.03,0.0
baseline,transcritical,stability_loss,27,SINDy-STLSQ,1.5792716756249034,2.3296908491120516,0.08097361268744332,0.09328895791205823,,-0.7504191734871482,0.012315345224614901,,,,,,,,3.0,True,0.13477304687499997,0.030419426231667858,0.03,0.0
baseline,transcritical,stability_loss,28,Bayesian SINDy (spike-slab),1.0628415715644712,2.3271163516410938,0.09027446060130316,0.08247454848825134,,-1.2642747800766225,-0.007799912113051824,1.3378968198647108,3.237989091437378,0.07122562801429158,0.0962800851886437,0.9768838524827436,0.012365147957786468,0.02886045589058935,2.0,True,0.13477304687499997,0.030484988955348347,0.03,0.0
baseline,transcritical,stability_loss,28,Kalman OU,0.03295676605615587,0.3568439408591153,0.019746094698342195,0.030215234003408694,0.028414427201697942,-0.3238871748029594,0.010469139305066499,,,,,,,,,True,0.13477304687499997,0.030484988955348347,0.03,0.0
baseline,transcritical,stability_loss,28,Latent Neural SDE (VI),0.8750866055488586,2.4294064044952393,0.0963826006800147,0.07870915166145334,0.005238023392093362,-1.5543197989463806,-0.017673449018561355,,,,,,,,,True,0.13477304687499997,0.030484988955348347,0.03,0.0
baseline,transcritical,stability_loss,28,Moment OU,0.4301041309827775,0.17378553806782332,0.05379273667748644,0.019081013802590648,,0.2563185929149542,-0.034711722874895795,,,,,,,,,True,0.13477304687499997,0.030484988955348347,0.03,0.0
baseline,transcritical,stability_loss,28,Neural SDE (Euler),0.9826602339744568,2.309880256652832,0.10038887796964467,0.07954689424252728,,-1.3272200226783752,-0.02084198372711739,,,,,,,,,True,0.13477304687499997,0.030484988955348347,0.03,0.0
baseline,transcritical,stability_loss,28,SINDy-STLSQ,0.4689786582854778,1.9068623008795909,0.09120026209345615,0.08366690709345152,,-1.437883642594113,-0.007533355000004627,,,,,,,,3.0,True,0.13477304687499997,0.030484988955348347,0.03,0.0
baseline,transcritical,stability_loss,29,Bayesian SINDy (spike-slab),2.234381227332272,1.1952856768375728,0.08580053940761369,0.09497101036142042,,1.0390955504946993,0.009170470953806728,-0.0,2.5266144027688835,0.08115054205123183,0.11325508581759662,0.7336419125381336,0.11861417461564745,0.04186716076500696,2.0,True,0.13477304687499997,0.030208093700217244,0.03,0.0
baseline,transcritical,stability_loss,29,Kalman OU,0.4942721437763062,0.08962603474259027,0.03411903344877039,0.031304429232664105,0.030475917147823283,0.4046461090337159,-0.002814604216106284,,,,,,,,,True,0.13477304687499997,0.030208093700217244,0.03,0.0
baseline,transcritical,stability_loss,29,Latent Neural SDE (VI),3.0560097694396973,1.9100085496902466,0.08848475916214539,0.08985700718141955,0.007183300295225075,1.1460012197494507,0.0013722480192741582,,,,,,,,,True,0.13477304687499997,0.030208093700217244,0.03,0.0
baseline,transcritical,stability_loss,29,Moment OU,0.4142808003121136,0.6753237902467861,0.03189677361293162,0.059837524055481504,,-0.2610429899346725,0.027940750442549886,,,,,,,,,True,0.13477304687499997,0.030208093700217244,0.03,0.0
baseline,transcritical,stability_loss,29,Neural SDE (Euler),3.0814712047576904,1.9723069667816162,0.08989233897517022,0.09003292995870438,,1.1091642379760742,0.0001405909835341529,,,,,,,,,True,0.13477304687499997,0.030208093700217244,0.03,0.0
baseline,transcritical,stability_loss,29,SINDy-STLSQ,1.9798527429941917,1.8717909925174343,0.0853429410675099,0.09205379633639733,,0.10806175047675737,0.006710855268887428,,,,,,,,4.0,True,0.13477304687499997,0.030208093700217244,0.03,0.0
baseline,transcritical,stationary,0,Bayesian SINDy (spike-slab),4.545718746430809,3.739517469318059,0.06843301490931628,0.07470628398538634,,0.8062012771127498,0.006273269076070065,2.5954887938324327,4.738422059002314,0.06419785818439028,0.08698291184756911,0.9999852101583022,0.007724792434096445,0.003908196328229623,2.0,True,0.7999999999999999,0.029929626036680174,0.03,0.0
baseline,transcritical,stationary,0,Kalman OU,1.1400825958131264,1.3786544049335303,0.014503667197860498,0.035282716286504576,0.027796857089178794,-0.23857180912040388,0.02077904908864408,,,,,,,,,True,0.7999999999999999,0.029929626036680174,0.03,0.0
baseline,transcritical,stationary,0,Latent Neural SDE (VI),4.7971391677856445,4.084440231323242,0.07136321241366936,0.07705560923508645,0.0044484461926777505,0.7126989364624023,0.0056923968214170895,,,,,,,,,True,0.7999999999999999,0.029929626036680174,0.03,0.0
baseline,transcritical,stationary,0,Moment OU,,0.4310379246320026,,0.01721176538854222,,,,,,,,,,,,False,0.7999999999999999,0.029929626036680174,0.03,0.0
baseline,transcritical,stationary,0,Neural SDE (Euler),4.949826240539551,4.040956497192383,0.07226000510183357,0.07920364333520483,,0.908869743347168,0.006943638233371255,,,,,,,,,True,0.7999999999999999,0.029929626036680174,0.03,0.0
baseline,transcritical,stationary,0,SINDy-STLSQ,6.911490025018533,3.6916685199150714,0.06510883509280159,0.07588799942102566,,3.2198215051034613,0.010779164328224067,,,,,,,,3.0,True,0.7999999999999999,0.029929626036680174,0.03,0.0
baseline,transcritical,stationary,1,Bayesian SINDy (spike-slab),3.288484967344,3.6303756042110997,0.06841267390059261,0.08513090616026453,,-0.34189063686709975,0.016718232259671922,1.6267855594551683,4.813179602248143,0.07274446780859034,0.09981695215838707,0.9753206883875332,0.012301732889166573,0.04273154462356494,2.0,True,0.7999999999999999,0.030015333401934224,0.03,0.0
baseline,transcritical,stationary,1,Kalman OU,0.814025667723092,2.694991298669119,0.025815176159418984,0.05993339959869406,0.029914685780811103,-1.8809656309460272,0.03411822343927508,,,,,,,,,True,0.7999999999999999,0.030015333401934224,0.03,0.0
baseline,transcritical,stationary,1,Latent Neural SDE (VI),3.959162950515747,3.9268269538879395,0.07245434090672233,0.08742372230564216,0.004625245325707189,0.03233599662780762,0.014969381398919832,,,,,,,,,True,0.7999999999999999,0.030015333401934224,0.03,0.0
baseline,transcritical,stationary,1,Moment OU,,2.7861380143889,,0.061725236818942854,,,,,,,,,,,,False,0.7999999999999999,0.030015333401934224,0.03,0.0
baseline,transcritical,stationary,1,Neural SDE (Euler),3.8379573822021484,3.8679490089416504,0.07404554067474574,0.0888407235512521,,-0.029991626739501953,0.014795182876506358,,,,,,,,,True,0.7999999999999999,0.030015333401934224,0.03,0.0
baseline,transcritical,stationary,1,SINDy-STLSQ,2.2253896848000623,2.7160966558317243,0.06854473103008263,0.08521609341486022,,-0.49070697103166205,0.016671362384777594,,,,,,,,4.0,True,0.7999999999999999,0.030015333401934224,0.03,0.0
baseline,transcritical,stationary,2,Bayesian SINDy (spike-slab),5.85258956890945,1.5704967076915757,0.07491884623099072,0.06654269357809371,,4.282092861217874,-0.008376152652897012,0.2259621380096999,3.5219750755287897,0.05755005867225312,0.07954534086180465,0.05662233132142886,0.11801063278376184,0.9765210724263007,2.0,True,0.7999999999999999,0.030018034469920025,0.03,0.0
baseline,transcritical,stationary,2,Kalman OU,3.0000000000000004,1.303940360776414,0.010000000000000005,0.0428569609913741,0.023445481501829235,1.6960596392235865,0.0328569609913741,,,,,,,,,True,0.7999999999999999,0.030018034469920025,0.03,0.0
baseline,transcritical,stationary,2,Latent Neural SDE (VI),5.4894304275512695,1.8008490800857544,0.08664417481536393,0.06347372449179273,0.004342795875363061,3.688581347465515,-0.023170450323571207,,,,,,,,,True,0.7999999999999999,0.030018034469920025,0.03,0.0
baseline,transcritical,stationary,2,Moment OU,,,,,,,,,,,,,,,,False,0.7999999999999999,0.030018034469920025,0.03,0.0
baseline,transcritical,stationary,2,Neural SDE (Euler),5.691948890686035,1.8232674598693848,0.08750164242947608,0.0618536235431385,,3.8686814308166504,-0.02564801888633758,,,,,,,,,True,0.7999999999999999,0.030018034469920025,0.03,0.0
baseline,transcritical,stationary,2,SINDy-STLSQ,6.761980145028024,1.721645934456145,0.07573791400640682,0.06566394564886797,,5.040334210571879,-0.010073968357538848,,,,,,,,4.0,True,0.7999999999999999,0.030018034469920025,0.03,0.0
baseline,transcritical,stationary,3,Bayesian SINDy (spike-slab),3.8689060431916915,3.995015574924253,0.07209728084507834,0.07971191313340856,,-0.12610953173256156,0.007614632288330217,2.928226026132377,5.139919323139063,0.06883576510915748,0.09268788854217835,0.9999996039670759,0.015879858687033784,0.005998269624402998,2.0,True,0.7999999999999999,0.029867643554671787,0.03,0.0
baseline,transcritical,stationary,3,Kalman OU,3.0000000000000004,1.120926983806878,0.04982424090203725,0.02948027553255891,0.030933541117939854,1.8790730161931224,-0.02034396536947834,,,,,,,,,True,0.7999999999999999,0.029867643554671787,0.03,0.0
baseline,transcritical,stationary,3,Latent Neural SDE (VI),4.396384239196777,5.60417366027832,0.07347357288363231,0.07925125460469575,0.00455357154792064,-1.207789421081543,0.005777681721063438,,,,,,,,,True,0.7999999999999999,0.029867643554671787,0.03,0.0
baseline,transcritical,stationary,3,Moment OU,,2.724876607414417,,0.050351142600460266,,,,,,,,,,,,False,0.7999999999999999,0.029867643554671787,0.03,0.0
baseline,transcritical,stationary,3,Neural SDE (Euler),4.323528289794922,5.714240074157715,0.07378611416608614,0.07796935116385806,,-1.390711784362793,0.004183236997771914,,,,,,,,,True,0.7999999999999999,0.029867643554671787,0.03,0.0
baseline,transcritical,stationary,3,SINDy-STLSQ,3.3044295901338065,4.510405465161836,0.07244817154384967,0.07999340020335668,,-1.2059758750280292,0.0075452286595070195,,,,,,,,4.0,True,0.7999999999999999,0.029867643554671787,0.03,0.0
baseline,transcritical,stationary,4,Bayesian SINDy (spike-slab),3.765466255876354,4.699083657509699,0.06962485425582823,0.08251409620006861,,-0.9336174016333452,0.012889241944240376,3.5804745594248324,5.873261643017844,0.07064701368163338,0.09646469053806284,0.9999961058098755,0.012275807660339231,0.008778328420887082,2.0,True,0.7999999999999999,0.029946313520616684,0.03,0.0
baseline,transcritical,stationary,4,Kalman OU,1.2595931673925815,0.39819205149826287,0.02999277285559711,0.0151035427196611,0.03355534052647744,0.8614011158943187,-0.01488923013593601,,,,,,,,,True,0.7999999999999999,0.029946313520616684,0.03,0.0
baseline,transcritical,stationary,4,Latent Neural SDE (VI),3.823479413986206,5.223579406738281,0.074974232661452,0.08760236491805079,0.004929405953690659,-1.4000999927520752,0.012628132256598784,,,,,,,,,True,0.7999999999999999,0.029946313520616684,0.03,0.0
baseline,transcritical,stationary,4,Moment OU,,8.64968602264371,,0.09462226455038196,,,,,,,,,,,,False,0.7999999999999999,0.029946313520616684,0.03,0.0
baseline,transcritical,stationary,4,Neural SDE (Euler),3.7690517902374268,5.111154079437256,0.07647178505930055,0.08871821438024201,,-1.342102289199829,0.012246429320941457,,,,,,,,,True,0.7999999999999999,0.029946313520616684,0.03,0.0
baseline,transcritical,stationary,4,SINDy-STLSQ,3.1221578110861774,5.346076887244221,0.06936036539859852,0.0832795666592993,,-2.223919076158044,0.013919201260700773,,,,,,,,4.0,True,0.7999999999999999,0.029946313520616684,0.03,0.0
baseline,transcritical,stationary,5,Bayesian SINDy (spike-slab),3.438777512391299,2.4378238277707083,0.07877836293259316,0.06949238607536597,,1.0009536846205909,-0.009285976857227193,0.38707505711037604,3.690461960843472,0.05983913411478319,0.08015915706427038,0.7346762348619277,0.012009324563497497,0.2906119963489651,2.0,True,0.7999999999999999,0.03012214383692441,0.03,0.0
baseline,transcritical,stationary,5,Kalman OU,0.6232330917805415,3.0000000000000004,0.027541900002586557,0.07668784616003332,0.015623581536087564,-2.3767669082194587,0.04914594615744677,,,,,,,,,True,0.7999999999999999,0.03012214383692441,0.03,0.0
baseline,transcritical,stationary,5,Latent Neural SDE (VI),4.3593974113464355,3.1412153244018555,0.08001580792179505,0.07227911206824383,0.004247821762329002,1.21818208694458,-0.007736695853551218,,,,,,,,,True,0.7999999999999999,0.03012214383692441,0.03,0.0
baseline,transcritical,stationary,5,Moment OU,1.1302753429449677,,0.03591947333912183,,,,,,,,,,,,,False,0.7999999999999999,0.03012214383692441,0.03,0.0
baseline,transcritical,stationary,5,Neural SDE (Euler),4.32626485824585,3.1005873680114746,0.08085234097059114,0.07322387278628052,,1.225677490234375,-0.007628468184310622,,,,,,,,,True,0.7999999999999999,0.03012214383692441,0.03,0.0
baseline,transcritical,stationary,5,SINDy-STLSQ,3.7417621924889453,1.4160674948277077,0.07992073753506361,0.06913967498043173,,2.3256946976612376,-0.010781062554631876,,,,,,,,4.0,True,0.7999999999999999,0.03012214383692441,0.03,0.0
baseline,transcritical,stationary,6,Bayesian SINDy (spike-slab),4.096623550698308,3.628905992646472,0.08180207760540605,0.09120155613797219,,0.46771755805183624,0.009399478532566147,2.5367594431175116,4.683938236462169,0.07875326443645995,0.10821541511945995,0.9947160113447465,0.013413709573425624,0.01668821322388429,2.0,True,0.7999999999999999,0.029991332660874948,0.03,0.0
baseline,transcritical,stationary,6,Kalman OU,1.4707919325384073,1.7326305680977938,0.03214376136985925,0.051730379507892464,0.03268965924583883,-0.26183863555938647,0.019586618138033217,,,,,,,,,True,0.7999999999999999,0.029991332660874948,0.03,0.0
baseline,transcritical,stationary,6,Latent Neural SDE (VI),4.0185065269470215,3.9708988666534424,0.08782931519890554,0.09434623233382176,0.005274628989214111,0.0476076602935791,0.006516917134916228,,,,,,,,,True,0.7999999999999999,0.029991332660874948,0.03,0.0
baseline,transcritical,stationary,6,Moment OU,3.668826242202001,3.5655233597327616,0.06280111552443411,0.08201931785046027,,0.10330288246923924,0.019218202326026154,,,,,,,,,True,0.7999999999999999,0.029991332660874948,0.03,0.0
baseline,transcritical,stationary,6,Neural SDE (Euler),4.066195011138916,3.927494525909424,0.08903242591733365,0.096583706266923,,0.1387004852294922,0.007551280349589351,,,,,,,,,True,0.7999999999999999,0.029991332660874948,0.03,0.0
baseline,transcritical,stationary,6,SINDy-STLSQ,3.776097420596496,3.2864864278112895,0.08108748944435142,0.09243378464938003,,0.48961099278520637,0.011346295205028611,,,,,,,,4.0,True,0.7999999999999999,0.029991332660874948,0.03,0.0
baseline,transcritical,stationary,7,Bayesian SINDy (spike-slab),2.9140123314121693,4.1325362222636395,0.07259578117430271,0.07908695345355458,,-1.2185238908514702,0.006491172279251875,3.046440919923956,5.224828140310375,0.06802632195095973,0.09239555843047738,0.9999990482683678,0.018439278425683978,0.016193206657304466,2.0,True,0.7999999999999999,0.029981366857364366,0.03,0.0
baseline,transcritical,stationary,7,Kalman OU,0.6941886382276238,3.0000000000000004,0.024449264152599872,0.04916036722885517,0.030516944793837087,-2.3058113617723768,0.024711103076255295,,,,,,,,,True,0.7999999999999999,0.029981366857364366,0.03,0.0
baseline,transcritical,stationary,7,Latent Neural SDE (VI),2.809063673019409,5.118735313415527,0.07471466754066193,0.07781398104484742,0.004509428344659524,-2.309671640396118,0.0030993135041854913,,,,,,,,,True,0.7999999999999999,0.029981366857364366,0.03,0.0
baseline,transcritical,stationary,7,Moment OU,,3.2789833273147933,,0.05433144451272663,,,,,,,,,,,,False,0.7999999999999999,0.029981366857364366,0.03,0.0
baseline,transcritical,stationary,7,Neural SDE (Euler),2.7307705879211426,5.035646438598633,0.07625879413323151,0.07741425859053053,,-2.3048758506774902,0.001155464457299013,,,,,,,,,True,0.7999999999999999,0.029981366857364366,0.03,0.0
baseline,transcritical,stationary,7,SINDy-STLSQ,1.8561236432517885,5.08197876196352,0.07226350491233346,0.07971947887358762,,-3.2258551187117317,0.00745597396125415,,,,,,,,3.0,True,0.7999999999999999,0.029981366857364366,0.03,0.0
baseline,transcritical,stationary,8,Bayesian SINDy (spike-slab),3.20177921321262,3.5996460041342733,0.07220001537403543,0.06958548556969912,,-0.3978667909216531,-0.00261452980433631,2.5393714772673204,4.710786349877839,0.06004460184979855,0.08144220022479182,0.9999978343902369,0.019883904774700513,0.006505480512511936,2.0,True,0.7999999999999999,0.02990700085341986,0.03,0.0
baseline,transcritical,stationary,8,Kalman OU,3.0000000000000004,1.1621909595642872,0.07009964237573622,0.028775638590447572,0.026928359883322435,1.8378090404357132,-0.04132400378528865,,,,,,,,,True,0.7999999999999999,0.02990700085341986,0.03,0.0
baseline,transcritical,stationary,8,Latent Neural SDE (VI),3.402127265930176,4.0086541175842285,0.07737566203108334,0.07423524079881103,0.004322548780246785,-0.6065268516540527,-0.003140421232272317,,,,,,,,,True,0.7999999999999999,0.02990700085341986,0.03,0.0
baseline,transcritical,stationary,8,Moment OU,,,,,,,,,,,,,,,,False,0.7999999999999999,0.02990700085341986,0.03,0.0
baseline,transcritical,stationary,8,Neural SDE (Euler),3.360905408859253,3.9892144203186035,0.07786024478980287,0.07593211381702689,,-0.6283090114593506,-0.0019281309727759849,,,,,,,,,True,0.7999999999999999,0.02990700085341986,0.03,0.0
baseline,transcritical,stationary,8,SINDy-STLSQ,3.153068927922623,4.006563319599786,0.07333326960979392,0.07008567434609496,,-0.8534943916771627,-0.0032475952636989575,,,,,,,,3.0,True,0.7999999999999999,0.02990700085341986,0.03,0.0
baseline,transcritical,stationary,9,Bayesian SINDy (spike-slab),3.3561330767853974,4.220996064920766,0.06316097902873001,0.06653674805305561,,-0.8648629881353687,0.0033757690243255978,3.158488930120132,5.3265655624971044,0.05775030067028541,0.07818132292765663,0.9995236182726893,0.016323657317246065,0.009646551613806979,2.0,True,0.7999999999999999,0.029946688759457295,0.03,0.0
baseline,transcritical,stationary,9,Kalman OU,0.5423392768739477,0.6305820591957357,0.018136101176633303,0.016462777733464964,0.026576676901428235,-0.08824278232178806,-0.0016733234431683397,,,,,,,,,True,0.7999999999999999,0.029946688759457295,0.03,0.0
baseline,transcritical,stationary,9,Latent Neural SDE (VI),3.327209949493408,4.227621078491211,0.061329527031345386,0.07267006250209368,0.0037832432563570106,-0.9004111289978027,0.011340535470748293,,,,,,,,,True,0.7999999999999999,0.029946688759457295,0.03,0.0
baseline,transcritical,stationary,9,Moment OU,,,,,,,,,,,,,,,,False,0.7999999999999999,0.029946688759457295,0.03,0.0
baseline,transcritical,stationary,9,Neural SDE (Euler),3.268899917602539,4.080329418182373,0.061430008815877186,0.07471237003066573,,-0.811429500579834,0.013282361214788548,,,,,,,,,True,0.7999999999999999,0.029946688759457295,0.03,0.0
baseline,transcritical,stationary,9,SINDy-STLSQ,3.1076473313703086,3.934792326343755,0.06383422756759864,0.06694425571663752,,-0.8271449949734464,0.0031100281490388793,,,,,,,,4.0,True,0.7999999999999999,0.029946688759457295,0.03,0.0
baseline,transcritical,stationary,10,Bayesian SINDy (spike-slab),2.954842826229856,3.7740738378168395,0.08077321113410645,0.07833981562736046,,-0.8192310115869836,-0.0024333955067459834,2.672168796603663,4.836050867352047,0.06750135120594376,0.09147921420485548,0.9911851646395601,0.009943866509059141,0.023052488720671616,2.0,True,0.7999999999999999,0.030007398537421414,0.03,0.0
baseline,transcritical,stationary,10,Kalman OU,1.415433780562219,3.0000000000000004,0.0484905022445342,0.059523954795726586,0.027303154854914302,-1.5845662194377814,0.011033452551192383,,,,,,,,,True,0.7999999999999999,0.030007398537421414,0.03,0.0
baseline,transcritical,stationary,10,Latent Neural SDE (VI),2.693957805633545,3.242532253265381,0.08281425739757144,0.08019055866036831,0.004345675771646132,-0.5485744476318359,-0.0026236987372031256,,,,,,,,,True,0.7999999999999999,0.030007398537421414,0.03,0.0
baseline,transcritical,stationary,10,Moment OU,0.34498327467019535,1.6003822243614307,0.022141678639721746,0.03808575333407832,,-1.2553989496912354,0.015944074694356575,,,,,,,,,True,0.7999999999999999,0.030007398537421414,0.03,0.0
baseline,transcritical,stationary,10,Neural SDE (Euler),2.7397029399871826,3.096780300140381,0.08377866701014072,0.08096958690833692,,-0.35707736015319824,-0.002809080101803807,,,,,,,,,True,0.7999999999999999,0.030007398537421414,0.03,0.0
baseline,transcritical,stationary,10,SINDy-STLSQ,2.9583671103658142,2.6590888731303215,0.08168608233832404,0.07871698485344082,,0.29927823723549274,-0.002969097484883221,,,,,,,,4.0,True,0.7999999999999999,0.030007398537421414,0.03,0.0
baseline,transcritical,stationary,11,Bayesian SINDy (spike-slab),4.151090120764751,4.24854134896093,0.06608603925374687,0.07462198149564002,,-0.0974512281961788,0.008535942241893149,3.195817342962685,5.194583924325037,0.06426459441868039,0.08708274661109641,0.999922824430276,0.019741623876624235,0.00861520009312233,2.0,True,0.7999999999999999,0.03005327428807143,0.03,0.0
baseline,transcritical,stationary,11,Kalman OU,0.37305111503180544,1.6366266103504747,0.013616008574679789,0.029686072929838905,0.029844070719571465,-1.2635754953186693,0.016070064355159116,,,,,,,,,True,0.7999999999999999,0.03005327428807143,0.03,0.0
baseline,transcritical,stationary,11,Latent Neural SDE (VI),4.844730377197266,5.121793746948242,0.07113266609004512,0.07595486124049299,0.004425141774265982,-0.27706336975097656,0.004822195150447864,,,,,,,,,True,0.7999999999999999,0.03005327428807143,0.03,0.0
baseline,transcritical,stationary,11,Moment OU,,2.337524759139574,,0.035986814378467485,,,,,,,,,,,,False,0.7999999999999999,0.03005327428807143,0.03,0.0
baseline,transcritical,stationary,11,Neural SDE (Euler),4.947349548339844,5.05856990814209,0.07220043475082555,0.07722679344468542,,-0.1112203598022461,0.005026358693859867,,,,,,,,,True,0.7999999999999999,0.03005327428807143,0.03,0.0
baseline,transcritical,stationary,11,SINDy-STLSQ,4.626403289640219,4.721226763253453,0.06587864555479352,0.07520517445522167,,-0.09482347361323384,0.00932652890042815,,,,,,,,4.0,True,0.7999999999999999,0.03005327428807143,0.03,0.0
baseline,transcritical,stationary,12,Bayesian SINDy (spike-slab),2.3651317995393146,2.4752222202692282,0.07765762958285496,0.08354616328232656,,-0.1100904207299136,0.005888533699471593,1.5667494603561192,3.3870750186861254,0.07222568105413778,0.09741377645680216,0.9981779139550019,0.010984121716466191,0.005656685470527036,2.0,True,0.7999999999999999,0.030002602306222714,0.03,0.0
baseline,transcritical,stationary,12,Kalman OU,2.9009206281176327,0.4476285174250877,0.09566527155831593,0.03213825621235746,0.028953089442723984,2.453292110692545,-0.06352701534595848,,,,,,,,,True,0.7999999999999999,0.030002602306222714,0.03,0.0
baseline,transcritical,stationary,12,Latent Neural SDE (VI),2.8917996883392334,2.2801570892333984,0.07822904485789413,0.08983276168246875,0.005520998440015638,0.611642599105835,0.011603716824574617,,,,,,,,,True,0.7999999999999999,0.030002602306222714,0.03,0.0
baseline,transcritical,stationary,12,Moment OU,,0.32122627350086164,,0.025597714099453345,,,,,,,,,,,,False,0.7999999999999999,0.030002602306222714,0.03,0.0
baseline,transcritical,stationary,12,Neural SDE (Euler),2.8313183784484863,2.4091873168945312,0.07976940528149212,0.09161250846505169,,0.4221310615539551,0.011843103183559564,,,,,,,,,True,0.7999999999999999,0.030002602306222714,0.03,0.0
baseline,transcritical,stationary,12,SINDy-STLSQ,2.313861136089851,2.4071528328628617,0.07885559061824128,0.0847274524395447,,-0.09329169677301064,0.00587186182130342,,,,,,,,3.0,True,0.7999999999999999,0.030002602306222714,0.03,0.0
baseline,transcritical,stationary,13,Bayesian SINDy (spike-slab),4.06837308531477,4.664949006363356,0.07820189907288626,0.07528900116722154,,-0.5965759210485864,-0.0029128979056647214,3.5759875649060486,5.728052724787907,0.06498785985872906,0.08798558185126001,0.9999909053331459,0.01016699996490794,0.005726323717709006,2.0,True,0.7999999999999999,0.030044854916719165,0.03,0.0
baseline,transcritical,stationary,13,Kalman OU,3.0000000000000004,1.2154386334219425,0.05171097357023127,0.02205806533984684,0.031195498068241415,1.784561366578058,-0.029652908230384432,,,,,,,,,True,0.7999999999999999,0.030044854916719165,0.03,0.0
baseline,transcritical,stationary,13,Latent Neural SDE (VI),3.7494027614593506,5.2924299240112305,0.08496243034886403,0.08101851753158669,0.004257035868284685,-1.5430271625518799,-0.003943912817277337,,,,,,,,,True,0.7999999999999999,0.030044854916719165,0.03,0.0
baseline,transcritical,stationary,13,Moment OU,2.295328806830509,6.320987823609031,0.04434659000455378,0.06039828173282752,,-4.025659016778523,0.01605169172827374,,,,,,,,,True,0.7999999999999999,0.030044854916719165,0.03,0.0
baseline,transcritical,stationary,13,Neural SDE (Euler),3.779014825820923,5.155643939971924,0.08695460953702788,0.08175371920505997,,-1.376629114151001,-0.005200890331967911,,,,,,,,,True,0.7999999999999999,0.030044854916719165,0.03,0.0
baseline,transcritical,stationary,13,SINDy-STLSQ,4.951033150219218,4.676707830170498,0.07705073581548233,0.07675434741962908,,0.2743253200487201,-0.0002963883958532476,,,,,,,,3.0,True,0.7999999999999999,0.030044854916719165,0.03,0.0
baseline,transcritical,stationary,14,Bayesian SINDy (spike-slab),4.853837516800442,4.6074985871206025,0.08186768140327111,0.07974243788568888,,0.2463389296798395,-0.002125243517582226,3.5250973644392083,5.873433460492726,0.06897215181170105,0.09318803439585285,0.9990864108894352,0.011433720472961244,0.014081199311860481,2.0,True,0.7999999999999999,0.029988886139856334,0.03,0.0
baseline,transcritical,stationary,14,Kalman OU,3.0000000000000004,0.6177790666225769,0.010000000000000005,0.012219747216143226,0.034294379937484756,2.3822209333774236,0.0022197472161432207,,,,,,,,,True,0.7999999999999999,0.029988886139856334,0.03,0.0
baseline,transcritical,stationary,14,Latent Neural SDE (VI),4.792126655578613,4.06001091003418,0.08833822972013665,0.09166097627272664,0.0046376127782007375,0.7321157455444336,0.003322746552589989,,,,,,,,,True,0.7999999999999999,0.029988886139856334,0.03,0.0
baseline,transcritical,stationary,14,Moment OU,12.101847886581293,7.255337908703039,0.10729604505276734,0.0775964915091139,,4.846509977878254,-0.029699553543653445,,,,,,,,,True,0.7999999999999999,0.029988886139856334,0.03,0.0
baseline,transcritical,stationary,14,Neural SDE (Euler),4.732832908630371,3.988136053085327,0.0908426042872638,0.0932417366733574,,0.744696855545044,0.0023991323860936,,,,,,,,,True,0.7999999999999999,0.029988886139856334,0.03,0.0
baseline,transcritical,stationary,14,SINDy-STLSQ,5.506533561517853,3.7625980363745786,0.08240647408006124,0.08035339884150228,,1.7439355251432742,-0.0020530752385589657,,,,,,,,3.0,True,0.7999999999999999,0.029988886139856334,0.03,0.0
baseline,transcritical,stationary,15,Bayesian SINDy (spike-slab),3.391973164089498,4.523098451657929,0.08099439967631271,0.07088553942718298,,-1.1311252875684308,-0.010108860249129728,3.414909884800669,5.561645231048116,0.06162924438289492,0.08191535824837592,0.9999948136593769,0.013108333502656049,0.01198745510348781,2.0,True,0.7999999999999999,0.03001011114087617,0.03,0.0
baseline,transcritical,stationary,15,Kalman OU,0.6387258489941589,3.0000000000000004,0.025970791780373592,0.02586695128082525,0.03077529700666997,-2.3612741510058415,-0.00010384049954834107,,,,,,,,,True,0.7999999999999999,0.03001011114087617,0.03,0.0
baseline,transcritical,stationary,15,Latent Neural SDE (VI),3.350362777709961,4.874490737915039,0.08400979044016867,0.07594665893661977,0.003996933861149231,-1.5241279602050781,-0.008063131503548898,,,,,,,,,True,0.7999999999999999,0.03001011114087617,0.03,0.0
baseline,transcritical,stationary,15,Moment OU,1.717199893846959,2.7086436260067503,0.04477381876081439,0.030445083189745932,,-0.9914437321597913,-0.014328735571068459,,,,,,,,,True,0.7999999999999999,0.03001011114087617,0.03,0.0
baseline,transcritical,stationary,15,Neural SDE (Euler),3.3904001712799072,4.902535438537598,0.08544215297280368,0.07695801449120462,,-1.5121352672576904,-0.008484138481599054,,,,,,,,,True,0.7999999999999999,0.03001011114087617,0.03,0.0
baseline,transcritical,stationary,15,SINDy-STLSQ,2.797775606087799,5.1668096917326025,0.08066496501123875,0.07173362220561637,,-2.3690340856448033,-0.008931342805622383,,,,,,,,3.0,True,0.7999999999999999,0.03001011114087617,0.03,0.0
baseline,transcritical,stationary,16,Bayesian SINDy (spike-slab),3.6321111251012996,3.0440622283013044,0.0715287013902011,0.0773442136215757,,0.5880488967999953,0.005815512231374609,1.9038649928732223,4.267162654636856,0.06634688092342117,0.09125492363970222,0.9995533799309018,0.028818460731372446,0.014923471742481967,2.0,True,0.7999999999999999,0.03002676205440726,0.03,0.0
baseline,transcritical,stationary,16,Kalman OU,2.349913985492663,0.6230417260636532,0.04772466635534384,0.029945518649179728,0.027174382976518734,1.7268722594290098,-0.01777914770616411,,,,,,,,,True,0.7999999999999999,0.03002676205440726,0.03,0.0
baseline,transcritical,stationary,16,Latent Neural SDE (VI),3.4454760551452637,4.048583507537842,0.0744977938687843,0.07767103851992105,0.004692180691076916,-0.6031074523925781,0.0031732446511367474,,,,,,,,,True,0.7999999999999999,0.03002676205440726,0.03,0.0
baseline,transcritical,stationary,16,Moment OU,,,,,,,,,,,,,,,,False,0.7999999999999999,0.03002676205440726,0.03,0.0
baseline,transcritical,stationary,16,Neural SDE (Euler),3.3674676418304443,3.989759922027588,0.07483482307046023,0.07813209043482715,,-0.6222922801971436,0.003297267364366918,,,,,,,,,True,0.7999999999999999,0.03002676205440726,0.03,0.0
baseline,transcritical,stationary,16,SINDy-STLSQ,3.58366913673381,3.687768918190889,0.07141485821325065,0.07766702788912427,,-0.10409978145707877,0.006252169675873623,,,,,,,,4.0,True,0.7999999999999999,0.03002676205440726,0.03,0.0
baseline,transcritical,stationary,17,Bayesian SINDy (spike-slab),3.515103427009655,2.4620300093305234,0.07713182878494367,0.08006621298839044,,1.0530734176791317,0.0029343842034467715,1.4756879899452604,3.405244572851221,0.0689423045053194,0.09436543134215114,0.9929515283705325,0.01642563211243828,0.013233692802955794,2.0,True,0.7999999999999999,0.029974630550088387,0.03,0.0
baseline,transcritical,stationary,17,Kalman OU,1.1311152646791949,0.29706038141189095,0.03285602028238065,0.021635091385384598,0.030493718357286127,0.8340548832673039,-0.011220928896996055,,,,,,,,,True,0.7999999999999999,0.029974630550088387,0.03,0.0
baseline,transcritical,stationary,17,Latent Neural SDE (VI),4.175804138183594,2.2111852169036865,0.08062702370950388,0.08343455460352393,0.0049675087182528095,1.9646189212799072,0.002807530894020055,,,,,,,,,True,0.7999999999999999,0.029974630550088387,0.03,0.0
baseline,transcritical,stationary,17,Moment OU,0.7242413964100882,,0.026388448213012537,,,,,,,,,,,,,False,0.7999999999999999,0.029974630550088387,0.03,0.0
baseline,transcritical,stationary,17,Neural SDE (Euler),3.9089200496673584,2.328047752380371,0.080703532158321,0.08485129772688284,,1.5808722972869873,0.004147765568561834,,,,,,,,,True,0.7999999999999999,0.029974630550088387,0.03,0.0
baseline,transcritical,stationary,17,SINDy-STLSQ,4.028924642110223,2.239772774286848,0.0777044064525912,0.0791604615667944,,1.7891518678233749,0.0014560551142032002,,,,,,,,4.0,True,0.7999999999999999,0.029974630550088387,0.03,0.0
baseline,transcritical,stationary,18,Bayesian SINDy (spike-slab),4.021134200615084,3.794032005743676,0.06893686102725427,0.074403321332661,,0.22710219487140781,0.005466460305406734,2.7690894843052236,4.812880506446573,0.0643671189840741,0.08771739802097028,0.9999207303831052,0.019997876818980312,0.006480851425276201,2.0,True,0.7999999999999999,0.03001057408861903,0.03,0.0
baseline,transcritical,stationary,18,Kalman OU,1.52868401126185,1.2545534088381807,0.02878322194227265,0.031751563934907814,0.028136853867847537,0.2741306024236694,0.0029683419926351644,,,,,,,,,True,0.7999999999999999,0.03001057408861903,0.03,0.0
baseline,transcritical,stationary,18,Latent Neural SDE (VI),4.290824890136719,3.9632503986358643,0.0702622928228837,0.07875132627113673,0.004569601786744665,0.3275744915008545,0.008489033448253039,,,,,,,,,True,0.7999999999999999,0.03001057408861903,0.03,0.0
baseline,transcritical,stationary,18,Moment OU,,0.412440386091086,,0.016096264169443625,,,,,,,,,,,,False,0.7999999999999999,0.03001057408861903,0.03,0.0
baseline,transcritical,stationary,18,Neural SDE (Euler),4.330934047698975,3.9731953144073486,0.07175776428537109,0.08017400518059681,,0.357738733291626,0.008416240895225718,,,,,,,,,True,0.7999999999999999,0.03001057408861903,0.03,0.0
baseline,transcritical,stationary,18,SINDy-STLSQ,3.3823287794050607,4.243571939672391,0.06883268943038297,0.07474922424278896,,-0.86124316026733,0.005916534812405991,,,,,,,,4.0,True,0.7999999999999999,0.03001057408861903,0.03,0.0
baseline,transcritical,stationary,19,Bayesian SINDy (spike-slab),4.0085783773598065,2.8729677352961507,0.06752227637282504,0.0723114503816197,,1.1356106420636558,0.004789174008794653,0.788929739865341,4.031600938282992,0.062034296968931,0.08365762031915824,0.8836531530625629,0.010837518250071882,0.1343726253048278,2.0,True,0.7999999999999999,0.03012166994113443,0.03,0.0
baseline,transcritical,stationary,19,Kalman OU,1.0734645733466912,3.0000000000000004,0.024524153906172293,0.07598747611435018,0.018261988164184867,-1.9265354266533092,0.051463322208177883,,,,,,,,,True,0.7999999999999999,0.03012166994113443,0.03,0.0
baseline,transcritical,stationary,19,Latent Neural SDE (VI),4.108860492706299,3.3246846199035645,0.07115359558540407,0.0747376622646797,0.004299914936906533,0.7841758728027344,0.0035840666792756326,,,,,,,,,True,0.7999999999999999,0.03012166994113443,0.03,0.0
baseline,transcritical,stationary,19,Moment OU,,,,,,,,,,,,,,,,False,0.7999999999999999,0.03012166994113443,0.03,0.0
baseline,transcritical,stationary,19,Neural SDE (Euler),4.042843341827393,3.2231881618499756,0.07264084483536966,0.07665459218594839,,0.819655179977417,0.004013747350578731,,,,,,,,,True,0.7999999999999999,0.03012166994113443,0.03,0.0
baseline,transcritical,stationary,19,SINDy-STLSQ,3.418100928122574,1.9126891323288313,0.06653040909439381,0.07257748245541298,,1.5054117957937425,0.006047073361019173,,,,,,,,3.0,True,0.7999999999999999,0.03012166994113443,0.03,0.0
baseline,transcritical,stationary,20,Bayesian SINDy (spike-slab),4.353785542899562,3.600165235527846,0.08073098241688756,0.07604390626282925,,0.7536203073717158,-0.004687076154058306,2.5733723219740128,4.79531299718611,0.0653803258227177,0.08789838075027755,0.9999658586673832,0.02955578412252665,0.020341184861956,2.0,True,0.7999999999999999,0.03004481235442203,0.03,0.0
baseline,transcritical,stationary,20,Kalman OU,3.0000000000000004,0.7536454904073969,0.04729688996455494,0.02727733827881371,0.028345441975398733,2.2463545095926034,-0.020019551685741228,,,,,,,,,True,0.7999999999999999,0.03004481235442203,0.03,0.0
baseline,transcritical,stationary,20,Latent Neural SDE (VI),5.90001916885376,4.685655117034912,0.08260170878033132,0.08180761850830706,0.004449159241553874,1.2143640518188477,-0.0007940902720242615,,,,,,,,,True,0.7999999999999999,0.03004481235442203,0.03,0.0
baseline,transcritical,stationary,20,Moment OU,5.195702419157905,0.6183679158965477,0.07466367671880368,0.022729866599149894,,4.577334503261357,-0.051933810119653784,,,,,,,,,True,0.7999999999999999,0.03004481235442203,0.03,0.0
baseline,transcritical,stationary,20,Neural SDE (Euler),5.856800079345703,4.758315086364746,0.08352403872953995,0.0827041511675363,,1.098484992980957,-0.0008198875620036572,,,,,,,,,True,0.7999999999999999,0.03004481235442203,0.03,0.0
baseline,transcritical,stationary,20,SINDy-STLSQ,5.575700284091107,4.499868554522239,0.08120365006208458,0.0766134175917498,,1.0758317295688684,-0.004590232470334771,,,,,,,,4.0,True,0.7999999999999999,0.03004481235442203,0.03,0.0
baseline,transcritical,stationary,21,Bayesian SINDy (spike-slab),2.750131782545795,4.232662907422266,0.06766379746420725,0.07230754838453979,,-1.4825311248764708,0.0046437509203325344,3.132980151959675,5.319528718834527,0.062060723995932515,0.08325856839410258,0.9999995483786184,0.02005757867357435,0.008363777396120953,2.0,True,0.7999999999999999,0.03003943319754786,0.03,0.0
baseline,transcritical,stationary,21,Kalman OU,3.0000000000000004,1.1407971632869758,0.07398139152447133,0.024489664606372977,0.029595506880495528,1.8592028367130247,-0.04949172691809836,,,,,,,,,True,0.7999999999999999,0.03003943319754786,0.03,0.0
baseline,transcritical,stationary,21,Latent Neural SDE (VI),3.1565961837768555,4.856607437133789,0.07088506915351027,0.07484939663499751,0.004247784774909516,-1.7000112533569336,0.0039643274814872426,,,,,,,,,True,0.7999999999999999,0.03003943319754786,0.03,0.0
baseline,transcritical,stationary,21,Moment OU,,1.647580802407092,,0.02853002656763664,,,,,,,,,,,,False,0.7999999999999999,0.03003943319754786,0.03,0.0
baseline,transcritical,stationary,21,Neural SDE (Euler),3.1103224754333496,4.807368278503418,0.07249523271073033,0.0763982325471035,,-1.6970458030700684,0.0039029998363731694,,,,,,,,,True,0.7999999999999999,0.03003943319754786,0.03,0.0
baseline,transcritical,stationary,21,SINDy-STLSQ,2.123509494440252,4.980891541857502,0.06815953262236683,0.07251662378953098,,-2.8573820474172495,0.004357091167164151,,,,,,,,4.0,True,0.7999999999999999,0.03003943319754786,0.03,0.0
baseline,transcritical,stationary,22,Bayesian SINDy (spike-slab),3.717709424634089,2.734890163518589,0.07457541539731466,0.07321497187740478,,0.9828192611155,-0.0013604435199098819,1.6857656251147302,3.762950929171853,0.062430177676693434,0.0865299816747689,0.9853936038837712,0.010157004897192538,0.023152093952181024,2.0,True,0.7999999999999999,0.02997152800143007,0.03,0.0
baseline,transcritical,stationary,22,Kalman OU,0.7117105195616136,0.3175671370886999,0.02320045254335709,0.020752519231264668,0.026215195224450035,0.3941433824729137,-0.0024479333120924207,,,,,,,,,True,0.7999999999999999,0.02997152800143007,0.03,0.0
baseline,transcritical,stationary,22,Latent Neural SDE (VI),3.9399609565734863,2.990941047668457,0.08047219051667585,0.0741782154703149,0.0045556993505789884,0.9490199089050293,-0.00629397504636095,,,,,,,,,True,0.7999999999999999,0.02997152800143007,0.03,0.0
baseline,transcritical,stationary,22,Moment OU,0.0833165548290278,,0.007367882057181016,,,,,,,,,,,,,False,0.7999999999999999,0.02997152800143007,0.03,0.0
baseline,transcritical,stationary,22,Neural SDE (Euler),3.9313466548919678,3.0012972354888916,0.08146652155019875,0.0763446357541477,,0.9300494194030762,-0.005121885796051051,,,,,,,,,True,0.7999999999999999,0.02997152800143007,0.03,0.0
baseline,transcritical,stationary,22,SINDy-STLSQ,3.8090472370591035,2.107111651303864,0.07463133171155965,0.0741460405738481,,1.7019355857552396,-0.0004852911377115493,,,,,,,,4.0,True,0.7999999999999999,0.02997152800143007,0.03,0.0
baseline,transcritical,stationary,23,Bayesian SINDy (spike-slab),3.0982883991438768,3.243986895490087,0.0899378176306725,0.08728299227312833,,-0.14569849634621024,-0.0026548253575441744,2.275031698835536,4.315747627718779,0.0754575092414712,0.10166953670791369,0.998649566005817,0.018185819606017967,0.008399553839114575,2.0,True,0.7999999999999999,0.03006887209419389,0.03,0.0
baseline,transcritical,stationary,23,Kalman OU,0.771171761543335,1.304996299143576,0.03778379262667384,0.04700704415004061,0.030840986145044033,-0.533824537600241,0.009223251523366768,,,,,,,,,True,0.7999999999999999,0.03006887209419389,0.03,0.0
baseline,transcritical,stationary,23,Latent Neural SDE (VI),4.568256855010986,4.455801010131836,0.09786529421081021,0.08670713914977861,0.005171651311766539,0.11245584487915039,-0.0111581550610316,,,,,,,,,True,0.7999999999999999,0.03006887209419389,0.03,0.0
baseline,transcritical,stationary,23,Moment OU,1.8174595183784776,1.9186505655290975,0.06280098051865647,0.05966545870566131,,-0.10119104715061988,-0.0031355218129951595,,,,,,,,,True,0.7999999999999999,0.03006887209419389,0.03,0.0
baseline,transcritical,stationary,23,Neural SDE (Euler),4.628780841827393,4.392056465148926,0.09875443155348505,0.08746076807037591,,0.2367243766784668,-0.011293663483109145,,,,,,,,,True,0.7999999999999999,0.03006887209419389,0.03,0.0
baseline,transcritical,stationary,23,SINDy-STLSQ,3.4786103445141343,3.4180465739368056,0.09087970839108613,0.08762555741146245,,0.06056377057732876,-0.003254150979623671,,,,,,,,3.0,True,0.7999999999999999,0.03006887209419389,0.03,0.0
baseline,transcritical,stationary,24,Bayesian SINDy (spike-slab),4.882073938503403,4.41452648960853,0.07274435590809451,0.07255171662660975,,0.467547448894873,-0.0001926392814847605,3.386864049159482,5.501297530211499,0.06178766405241355,0.08497292584029696,0.999963327917902,0.030714056245056836,0.006525585909032835,2.0,True,0.7999999999999999,0.029976206171080842,0.03,0.0
baseline,transcritical,stationary,24,Kalman OU,2.244516569517086,0.9203760348729559,0.01863599681193443,0.02205706416210443,0.028899780844279504,1.32414053464413,0.003421067350169997,,,,,,,,,True,0.7999999999999999,0.029976206171080842,0.03,0.0
baseline,transcritical,stationary,24,Latent Neural SDE (VI),4.805251598358154,4.845172882080078,0.08294158010568024,0.07284990498210195,0.004221748498614068,-0.03992128372192383,-0.010091675123578295,,,,,,,,,True,0.7999999999999999,0.029976206171080842,0.03,0.0
baseline,transcritical,stationary,24,Moment OU,8.097808299880562,2.2874848833642387,0.05654014994075302,0.031169654834498257,,5.810323416516323,-0.025370495106254765,,,,,,,,,True,0.7999999999999999,0.029976206171080842,0.03,0.0
baseline,transcritical,stationary,24,Neural SDE (Euler),4.807102203369141,4.825818061828613,0.08453887358706624,0.07523196493788405,,-0.018715858459472656,-0.009306908649182197,,,,,,,,,True,0.7999999999999999,0.029976206171080842,0.03,0.0
baseline,transcritical,stationary,24,SINDy-STLSQ,5.578844260484188,4.345345912451727,0.07164266719619315,0.07248441315790236,,1.2334983480324615,0.0008417459617092032,,,,,,,,3.0,True,0.7999999999999999,0.029976206171080842,0.03,0.0
baseline,transcritical,stationary,25,Bayesian SINDy (spike-slab),3.589862579346171,4.250532306112327,0.07762992432879018,0.08929498233929259,,-0.6606697267661561,0.01166505801050241,3.1574839618491017,5.265996470238895,0.07761268817239096,0.10409623758907866,0.999897127014235,0.008701453038484125,0.006016701238179241,2.0,True,0.7999999999999999,0.029939930202843284,0.03,0.0
baseline,transcritical,stationary,25,Kalman OU,1.2009052688016273,2.2226300417157985,0.03761851948897432,0.04597534621383493,0.03442266150177371,-1.0217247729141712,0.008356826724860607,,,,,,,,,True,0.7999999999999999,0.029939930202843284,0.03,0.0
baseline,transcritical,stationary,25,Latent Neural SDE (VI),4.791685104370117,4.4392924308776855,0.07688614370804439,0.08654728928272222,0.005090869684143845,0.35239267349243164,0.009661145574677829,,,,,,,,,True,0.7999999999999999,0.029939930202843284,0.03,0.0
baseline,transcritical,stationary,25,Moment OU,0.9095998093202856,5.8173737466388555,0.02897920259425993,0.09538037871608786,,-4.90777393731857,0.06640117612182793,,,,,,,,,True,0.7999999999999999,0.029939930202843284,0.03,0.0
baseline,transcritical,stationary,25,Neural SDE (Euler),4.790721893310547,4.505509376525879,0.07769456481729418,0.08828107455022105,,0.28521251678466797,0.010586509732926866,,,,,,,,,True,0.7999999999999999,0.029939930202843284,0.03,0.0
baseline,transcritical,stationary,25,SINDy-STLSQ,4.325179469207955,3.625735916562424,0.07773181348962971,0.09027231323160782,,0.6994435526455307,0.012540499741978114,,,,,,,,4.0,True,0.7999999999999999,0.029939930202843284,0.03,0.0
baseline,transcritical,stationary,26,Bayesian SINDy (spike-slab),3.4980519245266617,4.276067324384209,0.07210525259408228,0.07413298887387318,,-0.778015399857547,0.002027736279790901,3.228531613320419,5.398313242321693,0.06467479147284301,0.08590330588895984,0.9999614049390816,0.011408606506948134,0.006425616333897421,2.0,True,0.7999999999999999,0.029945656683646737,0.03,0.0
baseline,transcritical,stationary,26,Kalman OU,3.0000000000000004,2.9601949385453823,0.06209020204015478,0.04781621796265031,0.02746741178981246,0.03980506145461815,-0.014273984077504472,,,,,,,,,True,0.7999999999999999,0.029945656683646737,0.03,0.0
baseline,transcritical,stationary,26,Latent Neural SDE (VI),3.750513792037964,4.685085773468018,0.07660925510480776,0.07786043574185901,0.004116154884600647,-0.9345719814300537,0.0012511806370512496,,,,,,,,,True,0.7999999999999999,0.029945656683646737,0.03,0.0
baseline,transcritical,stationary,26,Moment OU,,2.2420356614814634,,0.033818732040410485,,,,,,,,,,,,False,0.7999999999999999,0.029945656683646737,0.03,0.0
baseline,transcritical,stationary,26,Neural SDE (Euler),3.756896734237671,4.706969738006592,0.07780902760712556,0.07902224263178184,,-0.9500730037689209,0.0012132150246562806,,,,,,,,,True,0.7999999999999999,0.029945656683646737,0.03,0.0
baseline,transcritical,stationary,26,SINDy-STLSQ,3.1981276479410186,3.9573811866660296,0.07305111668887318,0.07487702610053244,,-0.759253538725011,0.0018259094116592628,,,,,,,,4.0,True,0.7999999999999999,0.029945656683646737,0.03,0.0
baseline,transcritical,stationary,27,Bayesian SINDy (spike-slab),3.6089524826475587,2.9325694160621394,0.07683908134365022,0.08109862683125604,,0.6763830665854194,0.00425954548760582,1.9446340594253522,3.93498267734305,0.06936888032787707,0.09399844048675088,0.9999143571097543,0.008381422149576209,0.0036752941799813497,2.0,True,0.7999999999999999,0.029955950082643103,0.03,0.0
baseline,transcritical,stationary,27,Kalman OU,0.6819007610312207,3.0000000000000004,0.02308519482972906,0.08878842101598865,0.01917122292135861,-2.31809923896878,0.0657032261862596,,,,,,,,,True,0.7999999999999999,0.029955950082643103,0.03,0.0
baseline,transcritical,stationary,27,Latent Neural SDE (VI),4.482609272003174,4.8515448570251465,0.07990349192461789,0.07977484259606889,0.004747253672295455,-0.36893558502197266,-0.00012864932854900202,,,,,,,,,True,0.7999999999999999,0.029955950082643103,0.03,0.0
baseline,transcritical,stationary,27,Moment OU,1.2798457039635647,0.6750827847553302,0.035481636145532174,0.03188049616223578,,0.6047629192082344,-0.003601139983296392,,,,,,,,,True,0.7999999999999999,0.029955950082643103,0.03,0.0
baseline,transcritical,stationary,27,Neural SDE (Euler),4.365707874298096,4.888334274291992,0.0804804947123896,0.0802474944442397,,-0.5226263999938965,-0.00023300026814990216,,,,,,,,,True,0.7999999999999999,0.029955950082643103,0.03,0.0
baseline,transcritical,stationary,27,SINDy-STLSQ,2.913718342924783,2.9436952356610067,0.07759238246169747,0.08215054265473154,,-0.029976892736223615,0.0045581601930340665,,,,,,,,2.0,True,0.7999999999999999,0.029955950082643103,0.03,0.0
baseline,transcritical,stationary,28,Bayesian SINDy (spike-slab),3.954710005281746,3.491549546320505,0.06877974638251741,0.08496590227986538,,0.46316045896124125,0.016186155897347967,2.3957601316705044,4.493235677692289,0.07301837727383827,0.09870215363162768,0.9983913104685543,0.009715184297682691,0.009544936627406872,2.0,True,0.7999999999999999,0.029931084753686377,0.03,0.0
baseline,transcritical,stationary,28,Kalman OU,2.2781093051350325,3.0000000000000004,0.043400961499693615,0.07430059601419105,0.02742441035794567,-0.7218906948649679,0.030899634514497433,,,,,,,,,True,0.7999999999999999,0.029931084753686377,0.03,0.0
baseline,transcritical,stationary,28,Latent Neural SDE (VI),5.2063093185424805,4.513179779052734,0.07069129620157885,0.08770928181423678,0.004978390103916914,0.6931295394897461,0.017017985612657924,,,,,,,,,True,0.7999999999999999,0.029931084753686377,0.03,0.0
baseline,transcritical,stationary,28,Moment OU,,2.31588782942778,,0.05914666333056109,,,,,,,,,,,,False,0.7999999999999999,0.029931084753686377,0.03,0.0
baseline,transcritical,stationary,28,Neural SDE (Euler),5.184638023376465,4.442793846130371,0.07064898767891274,0.08873536018336403,,0.7418441772460938,0.01808637250445129,,,,,,,,,True,0.7999999999999999,0.029931084753686377,0.03,0.0
baseline,transcritical,stationary,28,SINDy-STLSQ,4.22804317811058,2.95047278248904,0.06860337504599769,0.0860385480838932,,1.2775703956215398,0.01743517303789552,,,,,,,,3.0,True,0.7999999999999999,0.029931084753686377,0.03,0.0
baseline,transcritical,stationary,29,Bayesian SINDy (spike-slab),2.8812517675278766,3.9484307121234146,0.07681393824901984,0.06364425429308578,,-1.067178944595538,-0.01316968395593407,2.8648948336099385,4.988199354746087,0.055715640244134765,0.0733954047408639,0.9999997787484187,0.01243185852480286,0.010111131700666659,2.0,True,0.7999999999999999,0.030014427629276696,0.03,0.0
baseline,transcritical,stationary,29,Kalman OU,2.217014287846737,3.0000000000000004,0.06389431129318586,0.04542603670020806,0.0229290376200474,-0.7829857121532635,-0.0184682745929778,,,,,,,,,True,0.7999999999999999,0.030014427629276696,0.03,0.0
baseline,transcritical,stationary,29,Latent Neural SDE (VI),3.3866968154907227,4.734341621398926,0.09318199680421346,0.0681859998860789,0.003504468272975113,-1.3476448059082031,-0.02499599691813456,,,,,,,,,True,0.7999999999999999,0.030014427629276696,0.03,0.0
baseline,transcritical,stationary,29,Moment OU,,,,,,,,,,,,,,,,False,0.7999999999999999,0.030014427629276696,0.03,0.0
baseline,transcritical,stationary,29,Neural SDE (Euler),3.4092421531677246,4.644196033477783,0.09469403819887459,0.06870421239947759,,-1.2349538803100586,-0.025989825799397,,,,,,,,,True,0.7999999999999999,0.030014427629276696,0.03,0.0
baseline,transcritical,stationary,29,SINDy-STLSQ,2.9372848581870845,4.898855878939908,0.07776269774420341,0.06338079991085227,,-1.9615710207528232,-0.014381897833351143,,,,,,,,4.0,True,0.7999999999999999,0.030014427629276696,0.03,0.0
combined,bistable,noise_growth,0,Bayesian SINDy (spike-slab),,0.2815885829528504,,0.04273764433718862,,,,-0.0,1.5636530998792224,0.0284212887425355,0.06458380295678984,0.02149651807792469,0.33906967591563386,0.01636379001285526,1.0,False,0.8000000000000002,0.07360295972696788,0.08,0.0
combined,bistable,noise_growth,0,Kalman OU,1.4616191080131742,0.1985211741943472,0.09142481301242265,0.04692318475737943,0.013062253576388247,1.263097933818827,-0.044501628255043224,,,,,,,,,True,0.8000000000000002,0.07360295972696788,0.08,0.0
combined,bistable,noise_growth,0,Latent Neural SDE (VI),1.173581600189209,0.1384342610836029,0.03405269469205144,0.041146088097141764,0.009529067259197308,1.035147339105606,0.007093393405090326,,,,,,,,,True,0.8000000000000002,0.07360295972696788,0.08,0.0
combined,bistable,noise_growth,0,Moment OU,,,,,,,,,,,,,,,,False,0.8000000000000002,0.07360295972696788,0.08,0.0
combined,bistable,noise_growth,0,Neural SDE (Euler),,0.336649090051651,,0.08566860314678439,,,,,,,,,,,,False,0.8000000000000002,0.07360295972696788,0.08,0.0
combined,bistable,noise_growth,0,SINDy-STLSQ,,1.0923580758260072,,0.039686119468525224,,,,,,,,,,,4.0,False,0.8000000000000002,0.07360295972696788,0.08,0.0
combined,bistable,noise_growth,1,Bayesian SINDy (spike-slab),1.2361830248878547,1.5533454521776313,0.06920847606661565,0.09471379654111643,,-0.3171624272897766,0.025505320474500784,-0.0,3.9649786846989534,0.06024078148145557,0.15642259479743587,0.8283770655817541,0.15495348593329258,0.13925544512599947,2.0,True,0.8000000000000002,0.07332430797402992,0.08,0.0
combined,bistable,noise_growth,1,Kalman OU,3.0000000000000004,3.0000000000000004,0.010000000000000005,0.010000000000000005,0.08612347200314643,0.0,0.0,,,,,,,,,True,0.8000000000000002,0.07332430797402992,0.08,0.0
combined,bistable,noise_growth,1,Latent Neural SDE (VI),1.542098045349121,2.717334747314453,0.07896082902858353,0.07331545249667104,0.010749862186730347,-1.175236701965332,-0.005645376531912494,,,,,,,,,True,0.8000000000000002,0.07332430797402992,0.08,0.0
combined,bistable,noise_growth,1,Moment OU,,,,,,,,,,,,,,,,False,0.8000000000000002,0.07332430797402992,0.08,0.0
combined,bistable,noise_growth,1,Neural SDE (Euler),1.7010340690612793,3.0893545150756836,0.07957529004136277,0.08282305107890447,,-1.3883204460144043,0.0032477610375417076,,,,,,,,,True,0.8000000000000002,0.07332430797402992,0.08,0.0
combined,bistable,noise_growth,1,SINDy-STLSQ,1.5955391186898398,2.9863047255465323,0.06295759385421032,0.08272368283938292,,-1.3907656068566925,0.019766088985172597,,,,,,,,4.0,True,0.8000000000000002,0.07332430797402992,0.08,0.0
combined,bistable,noise_growth,2,Bayesian SINDy (spike-slab),0.08055206965978114,1.2192417852579078,0.08526542999226315,0.06225286765653024,,-1.1386897155981266,-0.023012562335732907,0.5614540698231314,1.7998804714454766,0.0440109073806048,0.09103904785680203,0.9617408966008165,0.019612834727283607,0.016442683419000077,2.0,True,0.8000000000000002,0.07331323366289942,0.08,0.0
combined,bistable,noise_growth,2,Kalman OU,0.8195795524157822,1.9661276981284261,0.11074676557269889,0.0530547887333208,0.06989538420010015,-1.1465481457126439,-0.05769197683937809,,,,,,,,,True,0.8000000000000002,0.07331323366289942,0.08,0.0
combined,bistable,noise_growth,2,Latent Neural SDE (VI),0.6590322852134705,1.2505930662155151,0.06087717177429753,0.07632756146979217,0.00883535763756943,-0.5915607810020447,0.015450389695494636,,,,,,,,,True,0.8000000000000002,0.07331323366289942,0.08,0.0
combined,bistable,noise_growth,2,Moment OU,,,,,,,,,,,,,,,,False,0.8000000000000002,0.07331323366289942,0.08,0.0
combined,bistable,noise_growth,2,Neural SDE (Euler),0.8864729404449463,1.524083137512207,0.10766814058073694,0.06954584087681714,,-0.6376101970672607,-0.038122299703919796,,,,,,,,,True,0.8000000000000002,0.07331323366289942,0.08,0.0
combined,bistable,noise_growth,2,SINDy-STLSQ,3.246919668997855,1.2330387219166699,0.08469357084720353,0.06640477739863355,,2.0138809470811854,-0.01828879344856997,,,,,,,,2.0,True,0.8000000000000002,0.07331323366289942,0.08,0.0
combined,bistable,noise_growth,3,Bayesian SINDy (spike-slab),,2.1739996227255474,,0.09575120405154573,,,,1.3297140874225966,3.3474577347935504,0.0645570293719918,0.1433156207889768,0.898715105139908,0.044186059297047636,0.11610064493443062,2.0,False,0.8000000000000002,0.0738287279842808,0.08,0.0
combined,bistable,noise_growth,3,Kalman OU,3.0000000000000004,3.0000000000000004,0.010000000000000005,0.010000000000000005,0.1023210733393156,0.0,0.0,,,,,,,,,True,0.8000000000000002,0.0738287279842808,0.08,0.0
combined,bistable,noise_growth,3,Latent Neural SDE (VI),1.4422082901000977,2.548072099685669,0.03163410240030379,0.10214719477996766,0.012594260510498417,-1.1058638095855713,0.07051309237966387,,,,,,,,,True,0.8000000000000002,0.0738287279842808,0.08,0.0
combined,bistable,noise_growth,3,Moment OU,,,,,,,,,,,,,,,,False,0.8000000000000002,0.0738287279842808,0.08,0.0
combined,bistable,noise_growth,3,Neural SDE (Euler),,2.550668954849243,,0.16133769211339286,,,,,,,,,,,,False,0.8000000000000002,0.0738287279842808,0.08,0.0
combined,bistable,noise_growth,3,SINDy-STLSQ,,1.552227576947098,,0.10366640173972214,,,,,,,,,,,4.0,False,0.8000000000000002,0.0738287279842808,0.08,0.0
combined,bistable,noise_growth,4,Bayesian SINDy (spike-slab),,,,,,,,,,,,,,,,False,0.8000000000000002,0.0732829100772642,0.08,0.0
combined,bistable,noise_growth,4,Kalman OU,3.0000000000000004,0.6065941293716599,0.010000000000000005,0.10271184674954606,0.03236209388390088,2.3934058706283405,0.09271184674954605,,,,,,,,,True,0.8000000000000002,0.0732829100772642,0.08,0.0
combined,bistable,noise_growth,4,Latent Neural SDE (VI),1.1805601119995117,0.6475763916969299,0.04250803418582569,0.09553635799284103,0.011287152691447136,0.5329837203025818,0.053028323807015346,,,,,,,,,True,0.8000000000000002,0.0732829100772642,0.08,0.0
combined,bistable,noise_growth,4,Moment OU,,,,,,,,,,,,,,,,False,0.8000000000000002,0.0732829100772642,0.08,0.0
combined,bistable,noise_growth,4,Neural SDE (Euler),,,,,,,,,,,,,,,,False,0.8000000000000002,0.0732829100772642,0.08,0.0
combined,bistable,noise_growth,4,SINDy-STLSQ,,,,,,,,,,,,,,,,False,0.8000000000000002,0.0732829100772642,0.08,0.0
combined,bistable,noise_growth,5,Bayesian SINDy (spike-slab),1.325526565414346,0.7059499145570718,0.07857927949332554,0.07703717188610179,,0.6195766508572742,-0.0015421076072237444,-0.0,4.2220493644294095,0.05212902356182486,0.11060583285364284,0.12242770428690128,0.17362297084729728,0.2036762805345142,1.0,True,0.8000000000000002,0.0739600723754966,0.08,0.0
combined,bistable,noise_growth,5,Kalman OU,3.0000000000000004,0.6963197682995511,0.010000000000000005,0.10243794505968985,0.0010000000000000002,2.3036802317004494,0.09243794505968984,,,,,,,,,True,0.8000000000000002,0.0739600723754966,0.08,0.0
combined,bistable,noise_growth,5,Latent Neural SDE (VI),1.1173651218414307,0.32531774044036865,0.090978862925713,0.08170460098588511,0.010062874490465295,0.792047381401062,-0.009274261939827888,,,,,,,,,True,0.8000000000000002,0.0739600723754966,0.08,0.0
combined,bistable,noise_growth,5,Moment OU,,,,,,,,,,,,,,,,False,0.8000000000000002,0.0739600723754966,0.08,0.0
combined,bistable,noise_growth,5,Neural SDE (Euler),1.3467543125152588,0.5330647230148315,0.09190765878658694,0.08713181094317268,,0.8136895895004272,-0.004775847843414255,,,,,,,,,True,0.8000000000000002,0.0739600723754966,0.08,0.0
combined,bistable,noise_growth,5,SINDy-STLSQ,1.3397093596049319,0.8519662702348225,0.08447381317878759,0.06324973279821285,,0.48774308937010935,-0.021224080380574745,,,,,,,,4.0,True,0.8000000000000002,0.0739600723754966,0.08,0.0
combined,bistable,noise_growth,6,Bayesian SINDy (spike-slab),1.2322743458648857,0.5365812374843132,0.08738195393502762,0.09044305766552034,,0.6956931083805725,0.0030611037304927174,-0.0,1.6411140182932984,0.05694818224152678,0.14432802401495645,0.35177924355061496,0.018917032371152873,0.1958138018763471,1.0,True,0.8000000000000002,0.07348194387865126,0.08,0.0
combined,bistable,noise_growth,6,Kalman OU,3.0000000000000004,2.4053027520283914,0.010000000000000005,0.16477026641815692,0.0010000000000000002,0.594697247971609,0.15477026641815692,,,,,,,,,True,0.8000000000000002,0.07348194387865126,0.08,0.0
combined,bistable,noise_growth,6,Latent Neural SDE (VI),0.8706769943237305,1.0254319906234741,0.06056603358906579,0.06122410358682996,0.00914128258423451,-0.15475499629974365,0.0006580699977641741,,,,,,,,,True,0.8000000000000002,0.07348194387865126,0.08,0.0
combined,bistable,noise_growth,6,Moment OU,,,,,,,,,,,,,,,,False,0.8000000000000002,0.07348194387865126,0.08,0.0
combined,bistable,noise_growth,6,Neural SDE (Euler),1.6136325597763062,1.2412885427474976,0.04443178320062133,0.0963530567248529,,0.3723440170288086,0.05192127352423158,,,,,,,,,True,0.8000000000000002,0.07348194387865126,0.08,0.0
combined,bistable,noise_growth,6,SINDy-STLSQ,1.5176902180868672,1.0718035203512524,0.07807469753921374,0.08281219617548588,,0.44588669773561485,0.004737498636272139,,,,,,,,4.0,True,0.8000000000000002,0.07348194387865126,0.08,0.0
combined,bistable,noise_growth,7,Bayesian SINDy (spike-slab),2.4491208767481805,,0.04637016773267796,,,,,,,,,,,,,False,0.8000000000000002,0.07342125339733283,0.08,0.0
combined,bistable,noise_growth,7,Kalman OU,0.41268750764432266,0.9078671224231876,0.0264088116315077,0.13362488997561386,0.0010000000000000002,-0.4951796147788649,0.10721607834410617,,,,,,,,,True,0.8000000000000002,0.07342125339733283,0.08,0.0
combined,bistable,noise_growth,7,Latent Neural SDE (VI),1.4896018505096436,0.19373267889022827,0.06685606644325509,0.05338492751087267,0.011441492089087428,1.2958691716194153,-0.013471138932382422,,,,,,,,,True,0.8000000000000002,0.07342125339733283,0.08,0.0
combined,bistable,noise_growth,7,Moment OU,,,,,,,,,,,,,,,,False,0.8000000000000002,0.07342125339733283,0.08,0.0
combined,bistable,noise_growth,7,Neural SDE (Euler),1.694319486618042,,0.07322038116382265,,,,,,,,,,,,,False,0.8000000000000002,0.07342125339733283,0.08,0.0
combined,bistable,noise_growth,7,SINDy-STLSQ,2.4929400021033334,,0.04292730448759626,,,,,,,,,,,,,False,0.8000000000000002,0.07342125339733283,0.08,0.0
combined,bistable,noise_growth,8,Bayesian SINDy (spike-slab),1.7968336799890086,1.3603086593194518,0.08468563749380116,0.08275854385849231,,0.4365250206695568,-0.001927093635308852,0.12720790013306543,2.168498456474537,0.05800671495920932,0.11701936024239007,0.8238104812809455,0.10777610331981237,0.0957378596716473,2.0,True,0.8000000000000002,0.0743340340009218,0.08,0.0
combined,bistable,noise_growth,8,Kalman OU,3.0000000000000004,3.0000000000000004,0.010000000000000005,0.010000000000000005,0.087183494285538,0.0,0.0,,,,,,,,,True,0.8000000000000002,0.0743340340009218,0.08,0.0
combined,bistable,noise_growth,8,Latent Neural SDE (VI),2.732755661010742,1.151628851890564,0.06021302714892729,0.07285811319283138,0.0106355246138255,1.5811268091201782,0.012645086043904089,,,,,,,,,True,0.8000000000000002,0.0743340340009218,0.08,0.0
combined,bistable,noise_growth,8,Moment OU,,,,,,,,,,,,,,,,False,0.8000000000000002,0.0743340340009218,0.08,0.0
combined,bistable,noise_growth,8,Neural SDE (Euler),2.8101844787597656,1.1754298210144043,0.0683558762769436,0.0796477387347986,,1.6347546577453613,0.011291862457855004,,,,,,,,,True,0.8000000000000002,0.0743340340009218,0.08,0.0
combined,bistable,noise_growth,8,SINDy-STLSQ,3.7834262349646184,1.1861948965622768,0.0775325338548705,0.08428187890482988,,2.5972313384023415,0.006749345049959388,,,,,,,,4.0,True,0.8000000000000002,0.0743340340009218,0.08,0.0
combined,bistable,noise_growth,9,Bayesian SINDy (spike-slab),1.8189953016509446,,0.026152241122534146,,,,,,,,,,,,,False,0.8000000000000002,0.07338460383044967,0.08,0.0
combined,bistable,noise_growth,9,Kalman OU,0.3710887536822576,3.0000000000000004,0.0716763568907719,0.010000000000000005,0.07081463272745446,-2.6289112463177426,-0.06167635689077189,,,,,,,,,True,0.8000000000000002,0.07338460383044967,0.08,0.0
combined,bistable,noise_growth,9,Latent Neural SDE (VI),1.1590163707733154,1.5323835611343384,0.03394150189538497,0.05612718155762859,0.009080316859197564,-0.37336719036102295,0.022185679662243614,,,,,,,,,True,0.8000000000000002,0.07338460383044967,0.08,0.0
combined,bistable,noise_growth,9,Moment OU,,,,,,,,,,,,,,,,False,0.8000000000000002,0.07338460383044967,0.08,0.0
combined,bistable,noise_growth,9,Neural SDE (Euler),3.527104377746582,,0.016985165266180373,,,,,,,,,,,,,False,0.8000000000000002,0.07338460383044967,0.08,0.0
combined,bistable,noise_growth,9,SINDy-STLSQ,3.2226717498528106,,0.017978207018288683,,,,,,,,,,,,,False,0.8000000000000002,0.07338460383044967,0.08,0.0
combined,bistable,noise_growth,10,Bayesian SINDy (spike-slab),,1.387145137830684,,0.07735087850489693,,,,0.243131791799501,2.1877887344640086,0.054309594756678806,0.10681496108697572,0.7148839564166484,0.016853946375401736,0.3064340474424269,2.0,False,0.8000000000000002,0.07419327510927458,0.08,0.0
combined,bistable,noise_growth,10,Kalman OU,3.0000000000000004,3.0000000000000004,0.010000000000000005,0.010000000000000005,0.07405668439570702,0.0,0.0,,,,,,,,,True,0.8000000000000002,0.07419327510927458,0.08,0.0
combined,bistable,noise_growth,10,Latent Neural SDE (VI),0.9471588730812073,1.5640429258346558,0.03679685093058825,0.06466695212593594,0.009428962477698272,-0.6168840527534485,0.02787010119534769,,,,,,,,,True,0.8000000000000002,0.07419327510927458,0.08,0.0
combined,bistable,noise_growth,10,Moment OU,,,,,,,,,,,,,,,,False,0.8000000000000002,0.07419327510927458,0.08,0.0
combined,bistable,noise_growth,10,Neural SDE (Euler),,1.531351089477539,,0.0793565875183781,,,,,,,,,,,,False,0.8000000000000002,0.07419327510927458,0.08,0.0
combined,bistable,noise_growth,10,SINDy-STLSQ,,0.8377011177638487,,0.07820037150534064,,,,,,,,,,,3.0,False,0.8000000000000002,0.07419327510927458,0.08,0.0
combined,bistable,noise_growth,11,Bayesian SINDy (spike-slab),,0.07485133290642314,,0.11140641355051217,,,,-0.0,0.9413316819554015,0.07633560261582024,0.17122734530650816,0.07786655061221633,0.022950764986041445,0.03344601583802813,1.0,False,0.8000000000000002,0.07377689632255943,0.08,0.0
combined,bistable,noise_growth,11,Kalman OU,0.8970758473491862,0.969059757507588,0.07998232762169744,0.15365993822130145,0.0010000000000000002,-0.07198391015840178,0.07367761059960401,,,,,,,,,True,0.8000000000000002,0.07377689632255943,0.08,0.0
combined,bistable,noise_growth,11,Latent Neural SDE (VI),0.5074379444122314,0.6518554091453552,0.0529330859895612,0.14997957979097554,0.013205082856378616,-0.14441746473312378,0.09704649380141434,,,,,,,,,True,0.8000000000000002,0.07377689632255943,0.08,0.0
combined,bistable,noise_growth,11,Moment OU,,,,,,,,,,,,,,,,False,0.8000000000000002,0.07377689632255943,0.08,0.0
combined,bistable,noise_growth,11,Neural SDE (Euler),,0.5807634592056274,,0.150773259290312,,,,,,,,,,,,False,0.8000000000000002,0.07377689632255943,0.08,0.0
combined,bistable,noise_growth,11,SINDy-STLSQ,,0.5664196963981225,,0.11504460726542085,,,,,,,,,,,2.0,False,0.8000000000000002,0.07377689632255943,0.08,0.0
combined,bistable,noise_growth,12,Bayesian SINDy (spike-slab),1.7441499714248831,0.15577665928151357,0.030682219977140043,0.1191534895065382,,1.5883733121433696,0.08847126952939816,-0.0,1.3590751738731828,0.07937094127880738,0.1785708452835104,0.10037932692244785,0.08409904361136525,0.02241820092440635,1.0,True,0.8000000000000002,0.07457403467488347,0.08,0.0
combined,bistable,noise_growth,12,Kalman OU,3.0000000000000004,1.1038794153740576,0.010000000000000005,0.15744016166191144,0.0010000000000000002,1.8961205846259428,0.14744016166191143,,,,,,,,,True,0.8000000000000002,0.07457403467488347,0.08,0.0
combined,bistable,noise_growth,12,Latent Neural SDE (VI),0.7272154092788696,0.5280120372772217,0.043787869238134734,0.1320505216665558,0.012776967325389953,0.19920337200164795,0.08826265242842105,,,,,,,,,True,0.8000000000000002,0.07457403467488347,0.08,0.0
combined,bistable,noise_growth,12,Moment OU,,0.11923383866971864,,0.03795740736039064,,,,,,,,,,,,False,0.8000000000000002,0.07457403467488347,0.08,0.0
combined,bistable,noise_growth,12,Neural SDE (Euler),1.0647728443145752,0.42557811737060547,0.027273096391714182,0.20868077369162524,,0.6391947269439697,0.18140767729991106,,,,,,,,,True,0.8000000000000002,0.07457403467488347,0.08,0.0
combined,bistable,noise_growth,12,SINDy-STLSQ,1.2851591999213223,2.3319070719192374,0.02647702076106144,0.09608862587235965,,-1.046747871997915,0.06961160511129821,,,,,,,,4.0,True,0.8000000000000002,0.07457403467488347,0.08,0.0
combined,bistable,noise_growth,13,Bayesian SINDy (spike-slab),,0.45454941340814803,,0.08731887677668278,,,,-0.0,1.6023627270995704,0.05045162874752417,0.14639592082540948,0.15042849389664492,0.041032937768897715,0.41202472247584776,1.0,False,0.8000000000000002,0.07248350959242207,0.08,0.0
combined,bistable,noise_growth,13,Kalman OU,3.0000000000000004,1.2599021459988318,0.010000000000000005,0.10214595303781636,0.04524228442420516,1.7400978540011687,0.09214595303781635,,,,,,,,,True,0.8000000000000002,0.07248350959242207,0.08,0.0
combined,bistable,noise_growth,13,Latent Neural SDE (VI),2.2198638916015625,0.5829429626464844,0.06812448457858987,0.06091049681492122,0.010368949483030873,1.6369209289550781,-0.007213987763668647,,,,,,,,,True,0.8000000000000002,0.07248350959242207,0.08,0.0
combined,bistable,noise_growth,13,Moment OU,,,,,,,,,,,,,,,,False,0.8000000000000002,0.07248350959242207,0.08,0.0
combined,bistable,noise_growth,13,Neural SDE (Euler),,0.9040127992630005,,0.10203118638537774,,,,,,,,,,,,False,0.8000000000000002,0.07248350959242207,0.08,0.0
combined,bistable,noise_growth,13,SINDy-STLSQ,,1.962476424891284,,0.07015929339819366,,,,,,,,,,,4.0,False,0.8000000000000002,0.07248350959242207,0.08,0.0
combined,bistable,noise_growth,14,Bayesian SINDy (spike-slab),0.5028988254226807,0.8667560805788748,0.11800084986356975,0.08379627055741626,,-0.36385725515619405,-0.03420457930615349,-0.0,1.6544769370600017,0.05527421489478406,0.13527616731170547,0.8044639782725437,0.023620425236087924,0.023612515463773506,2.0,True,0.8000000000000002,0.07260182899102269,0.08,0.0
combined,bistable,noise_growth,14,Kalman OU,1.2856889976342516,1.7308827978265935,0.1312832078206649,0.1806819139171186,0.0010000000000000002,-0.4451938001923419,0.04939870609645369,,,,,,,,,True,0.8000000000000002,0.07260182899102269,0.08,0.0
combined,bistable,noise_growth,14,Latent Neural SDE (VI),0.9940742254257202,0.7629985809326172,0.11197633464491273,0.12290819156951396,0.011308042307119077,0.23107564449310303,0.010931856924601233,,,,,,,,,True,0.8000000000000002,0.07260182899102269,0.08,0.0
combined,bistable,noise_growth,14,Moment OU,0.45418723677449063,1.1902690470078274,0.0645796418088532,0.09111119098224632,,-0.7360818102333369,0.02653154917339312,,,,,,,,,True,0.8000000000000002,0.07260182899102269,0.08,0.0
combined,bistable,noise_growth,14,Neural SDE (Euler),1.0837359428405762,1.5415563583374023,0.22121593163852035,0.12689268578136143,,-0.45782041549682617,-0.09432324585715893,,,,,,,,,True,0.8000000000000002,0.07260182899102269,0.08,0.0
combined,bistable,noise_growth,14,SINDy-STLSQ,0.5199805254243032,1.7433342199304702,0.10998234062264046,0.07859535756900389,,-1.2233536945061672,-0.031386983053636575,,,,,,,,4.0,True,0.8000000000000002,0.07260182899102269,0.08,0.0
combined,bistable,noise_growth,15,Bayesian SINDy (spike-slab),0.8735554352260186,0.2680367320489122,0.07238089882944992,0.13032122949183375,,0.6055187031771064,0.05794033066238383,-0.0,1.4468548341071203,0.08609681867927658,0.1911927811777051,0.24755720585030083,0.024492094148525812,0.04353158023684163,1.0,True,0.8000000000000002,0.07288754675609016,0.08,0.0
combined,bistable,noise_growth,15,Kalman OU,1.0886881336405554,1.2833660205273834,0.09461263917675226,0.1490418545178485,0.052960720214134165,-0.19467788688682797,0.054429215341096224,,,,,,,,,True,0.8000000000000002,0.07288754675609016,0.08,0.0
combined,bistable,noise_growth,15,Latent Neural SDE (VI),1.0140831470489502,1.1874512434005737,0.05979964062055418,0.11599012566839208,0.013275917853282564,-0.17336809635162354,0.0561904850478379,,,,,,,,,True,0.8000000000000002,0.07288754675609016,0.08,0.0
combined,bistable,noise_growth,15,Moment OU,,0.8226577731964209,,0.09861258078841052,,,,,,,,,,,,False,0.8000000000000002,0.07288754675609016,0.08,0.0
combined,bistable,noise_growth,15,Neural SDE (Euler),1.3157637119293213,1.3196873664855957,0.07872684059998743,0.14301631259797054,,-0.003923654556274414,0.06428947199798311,,,,,,,,,True,0.8000000000000002,0.07288754675609016,0.08,0.0
combined,bistable,noise_growth,15,SINDy-STLSQ,2.4446809413960136,1.2339417929302676,0.06670084579545288,0.1241169726117936,,1.210739148465746,0.057416126816340715,,,,,,,,3.0,True,0.8000000000000002,0.07288754675609016,0.08,0.0
combined,bistable,noise_growth,16,Bayesian SINDy (spike-slab),3.4094145713607364,1.4111384217770984,0.023203775196845335,0.09033999605751951,,1.998276149583638,0.06713622086067417,0.57053711295539,2.0542939781291607,0.06268594022803572,0.13611620567229735,0.9596597977510262,0.019967009204164554,0.01917817620020126,2.0,True,0.8000000000000002,0.07423792556663503,0.08,0.0
combined,bistable,noise_growth,16,Kalman OU,3.0000000000000004,3.0000000000000004,0.010000000000000005,0.010000000000000005,0.09111454772639693,0.0,0.0,,,,,,,,,True,0.8000000000000002,0.07423792556663503,0.08,0.0
combined,bistable,noise_growth,16,Latent Neural SDE (VI),-0.004569709300994873,1.187256932258606,0.02936293237320837,0.08615844421804626,0.011151557980952118,-1.1918266415596008,0.056795511844837894,,,,,,,,,True,0.8000000000000002,0.07423792556663503,0.08,0.0
combined,bistable,noise_growth,16,Moment OU,,,,,,,,,,,,,,,,False,0.8000000000000002,0.07423792556663503,0.08,0.0
combined,bistable,noise_growth,16,Neural SDE (Euler),0.05621269345283508,1.671412706375122,0.03343106189780226,0.07180851174361934,,-1.615200012922287,0.03837744984581708,,,,,,,,,True,0.8000000000000002,0.07423792556663503,0.08,0.0
combined,bistable,noise_growth,16,SINDy-STLSQ,3.8054560560874218,1.3902446490440288,0.02221985426076745,0.09685686166395507,,2.415211407043393,0.07463700740318763,,,,,,,,3.0,True,0.8000000000000002,0.07423792556663503,0.08,0.0
combined,bistable,noise_growth,17,Bayesian SINDy (spike-slab),1.257711355957508,1.8320541683207858,0.0862288950853534,0.09490862040259991,,-0.5743428123632779,0.008679725317246506,1.066814708771836,2.966796523801024,0.06312003350177921,0.14032468253078928,0.9883470025929996,0.0952065227688194,0.12763474115257964,2.0,True,0.8000000000000002,0.07395819492280778,0.08,0.0
combined,bistable,noise_growth,17,Kalman OU,3.0000000000000004,3.0000000000000004,0.010000000000000005,0.010000000000000005,0.09797240327044125,0.0,0.0,,,,,,,,,True,0.8000000000000002,0.07395819492280778,0.08,0.0
combined,bistable,noise_growth,17,Latent Neural SDE (VI),0.5110040903091431,2.649888515472412,0.08112995380627386,0.08297893165610377,0.011745186099834232,-2.138884425163269,0.0018489778498299164,,,,,,,,,True,0.8000000000000002,0.07395819492280778,0.08,0.0
combined,bistable,noise_growth,17,Moment OU,,,,,,,,,,,,,,,,False,0.8000000000000002,0.07395819492280778,0.08,0.0
combined,bistable,noise_growth,17,Neural SDE (Euler),1.040635108947754,3.3770720958709717,0.12137435874720542,0.08458565536434948,,-2.3364369869232178,-0.03678870338285595,,,,,,,,,True,0.8000000000000002,0.07395819492280778,0.08,0.0
combined,bistable,noise_growth,17,SINDy-STLSQ,1.7220793630467859,3.1323560890675757,0.07814699552634445,0.08842920222969379,,-1.4102767260207898,0.01028220670334934,,,,,,,,4.0,True,0.8000000000000002,0.07395819492280778,0.08,0.0
combined,bistable,noise_growth,18,Bayesian SINDy (spike-slab),3.089765769346833,0.21703678215832312,0.05231927813824683,0.14633417607557675,,2.8727289871885096,0.09401489793732992,-0.0,2.1924775645019086,0.10332847954953124,0.2092859031041242,0.05118029200045252,0.10646248419381578,0.030242856407936034,1.0,True,0.8000000000000002,0.07293044783472896,0.08,0.0
combined,bistable,noise_growth,18,Kalman OU,3.0000000000000004,0.20584963133125267,0.010000000000000005,0.06336391378912594,0.09646695771405268,2.7941503686687477,0.05336391378912593,,,,,,,,,True,0.8000000000000002,0.07293044783472896,0.08,0.0
combined,bistable,noise_growth,18,Latent Neural SDE (VI),2.3971261978149414,1.2808750867843628,0.09202845947102722,0.1593920589938181,0.015572060083024232,1.1162511110305786,0.06736359952279086,,,,,,,,,True,0.8000000000000002,0.07293044783472896,0.08,0.0
combined,bistable,noise_growth,18,Moment OU,,0.9468466405978926,,0.15826188171432232,,,,,,,,,,,,False,0.8000000000000002,0.07293044783472896,0.08,0.0
combined,bistable,noise_growth,18,Neural SDE (Euler),1.5901780128479004,2.2722368240356445,0.05440005681586653,0.1663554218279436,,-0.6820588111877441,0.11195536501207708,,,,,,,,,True,0.8000000000000002,0.07293044783472896,0.08,0.0
combined,bistable,noise_growth,18,SINDy-STLSQ,3.3497151691501688,2.821810133588688,0.05518940486784259,0.1264274581756863,,0.5279050355614809,0.0712380533078437,,,,,,,,4.0,True,0.8000000000000002,0.07293044783472896,0.08,0.0
combined,bistable,noise_growth,19,Bayesian SINDy (spike-slab),1.3366301546917467,1.7064751806503644,0.12821682411057525,0.05381317619508122,,-0.3698450259586177,-0.07440364791549403,0.8611825119437773,2.30703459697564,0.038440904209153026,0.07930849411757042,0.9221020288702367,0.023977066633000803,0.10642695925292639,2.0,True,0.8000000000000002,0.0736554200504677,0.08,0.0
combined,bistable,noise_growth,19,Kalman OU,3.0000000000000004,3.0000000000000004,0.010000000000000005,0.010000000000000005,0.06609213553730298,0.0,0.0,,,,,,,,,True,0.8000000000000002,0.0736554200504677,0.08,0.0
combined,bistable,noise_growth,19,Latent Neural SDE (VI),1.2193779945373535,1.710316777229309,0.13302695687591654,0.06123083554779187,0.008138291061010458,-0.49093878269195557,-0.07179612132812466,,,,,,,,,True,0.8000000000000002,0.0736554200504677,0.08,0.0
combined,bistable,noise_growth,19,Moment OU,,,,,,,,,,,,,,,,False,0.8000000000000002,0.0736554200504677,0.08,0.0
combined,bistable,noise_growth,19,Neural SDE (Euler),1.3123944997787476,1.7689049243927002,0.1703470274945834,0.0663499181646492,,-0.45651042461395264,-0.10399710932993418,,,,,,,,,True,0.8000000000000002,0.0736554200504677,0.08,0.0
combined,bistable,noise_growth,19,SINDy-STLSQ,1.3708480992337972,1.2452840630829212,0.1291435056539067,0.05648543315564054,,0.12556403615087608,-0.07265807249826617,,,,,,,,4.0,True,0.8000000000000002,0.0736554200504677,0.08,0.0
combined,bistable,noise_growth,20,Bayesian SINDy (spike-slab),1.4689446031756632,0.8594180530498718,0.0728393275201264,0.12821163309395633,,0.6095265501257914,0.05537230557382994,-0.0,1.9276453995471226,0.08768815462488526,0.20040164032053623,0.2121966273854676,0.18918387328042288,0.5613243517853992,2.0,True,0.8000000000000002,0.07282177595189834,0.08,0.0
combined,bistable,noise_growth,20,Kalman OU,3.0000000000000004,0.3818313977233783,0.010000000000000005,0.06515925323528537,0.11021371908623748,2.618168602276622,0.055159253235285366,,,,,,,,,True,0.8000000000000002,0.07282177595189834,0.08,0.0
combined,bistable,noise_growth,20,Latent Neural SDE (VI),2.609494924545288,0.568141520023346,0.06136849724833315,0.13424331368698478,0.01563027855281092,2.041353404521942,0.07287481643865162,,,,,,,,,True,0.8000000000000002,0.07282177595189834,0.08,0.0
combined,bistable,noise_growth,20,Moment OU,,1.7475357888067982,,0.20880960166233598,,,,,,,,,,,,False,0.8000000000000002,0.07282177595189834,0.08,0.0
combined,bistable,noise_growth,20,Neural SDE (Euler),3.5345706939697266,0.7666797041893005,0.08037996615802841,0.13326185891447506,,2.767890989780426,0.052881892756446655,,,,,,,,,True,0.8000000000000002,0.07282177595189834,0.08,0.0
combined,bistable,noise_growth,20,SINDy-STLSQ,2.2931218554856097,0.7946489355137091,0.07401720124351553,0.12568654813372415,,1.4984729199719005,0.05166934689020862,,,,,,,,4.0,True,0.8000000000000002,0.07282177595189834,0.08,0.0
combined,bistable,noise_growth,21,Bayesian SINDy (spike-slab),,,,,,,,,,,,,,,,False,0.8000000000000002,0.0735376788132892,0.08,0.0
combined,bistable,noise_growth,21,Kalman OU,3.0000000000000004,1.2461970525391721,0.010000000000000005,0.13929332572334677,0.0010000000000000002,1.7538029474608283,0.12929332572334676,,,,,,,,,True,0.8000000000000002,0.0735376788132892,0.08,0.0
combined,bistable,noise_growth,21,Latent Neural SDE (VI),2.895076036453247,1.2955429553985596,0.05558587555419792,0.09547612943219001,0.010213173052943357,1.5995330810546875,0.039890253877992096,,,,,,,,,True,0.8000000000000002,0.0735376788132892,0.08,0.0
combined,bistable,noise_growth,21,Moment OU,,,,,,,,,,,,,,,,False,0.8000000000000002,0.0735376788132892,0.08,0.0
combined,bistable,noise_growth,21,Neural SDE (Euler),,,,,,,,,,,,,,,,False,0.8000000000000002,0.0735376788132892,0.08,0.0
combined,bistable,noise_growth,21,SINDy-STLSQ,,,,,,,,,,,,,,,,False,0.8000000000000002,0.0735376788132892,0.08,0.0
combined,bistable,noise_growth,22,Bayesian SINDy (spike-slab),,6.544274439962167,,0.043274386877946054,,,,-0.0,11.266774068162853,0.02720423365175934,0.07952616013048773,0.39685372961049314,0.8334972594724954,0.7905037113226093,3.0,False,0.8000000000000002,0.07460366244449851,0.08,0.0
combined,bistable,noise_growth,22,Kalman OU,3.0000000000000004,3.0000000000000004,0.1550908272723955,0.010000000000000005,0.05849069486717468,0.0,-0.1450908272723955,,,,,,,,,True,0.8000000000000002,0.07460366244449851,0.08,0.0
combined,bistable,noise_growth,22,Latent Neural SDE (VI),0.9161160588264465,1.6696141958236694,0.09481074931312425,0.05985266731897766,0.007171047257036346,-0.7534981369972229,-0.034958081994146586,,,,,,,,,True,0.8000000000000002,0.07460366244449851,0.08,0.0
combined,bistable,noise_growth,22,Moment OU,,,,,,,,,,,,,,,,False,0.8000000000000002,0.07460366244449851,0.08,0.0
combined,bistable,noise_growth,22,Neural SDE (Euler),,3.5559349060058594,,0.018521876280852136,,,,,,,,,,,,False,0.8000000000000002,0.07460366244449851,0.08,0.0
combined,bistable,noise_growth,22,SINDy-STLSQ,,6.902981848801051,,0.03694656883859099,,,,,,,,,,,4.0,False,0.8000000000000002,0.07460366244449851,0.08,0.0
combined,bistable,noise_growth,23,Bayesian SINDy (spike-slab),1.0494573112285905,0.4737830714816899,0.12099960097686857,0.09119293636761064,,0.5756742397469006,-0.029806664609257932,-0.0,1.4525050010810376,0.05673627982542282,0.14514090705972404,0.42787431086712685,0.02511518680092461,0.08462187213620032,1.0,True,0.8000000000000002,0.07326948785581675,0.08,0.0
combined,bistable,noise_growth,23,Kalman OU,3.0000000000000004,1.3466114824225872,0.010000000000000005,0.14913357851179895,0.0010000000000000002,1.6533885175774132,0.13913357851179894,,,,,,,,,True,0.8000000000000002,0.07326948785581675,0.08,0.0
combined,bistable,noise_growth,23,Latent Neural SDE (VI),1.3333830833435059,0.7494175434112549,0.10757603690042938,0.07716674919824221,0.010970822487027854,0.583965539932251,-0.030409287702187177,,,,,,,,,True,0.8000000000000002,0.07326948785581675,0.08,0.0
combined,bistable,noise_growth,23,Moment OU,,,,,,,,,,,,,,,,False,0.8000000000000002,0.07326948785581675,0.08,0.0
combined,bistable,noise_growth,23,Neural SDE (Euler),1.1315128803253174,2.8547139167785645,0.134980901512562,0.0007247296574539617,,-1.723201036453247,-0.13425617185510805,,,,,,,,,True,0.8000000000000002,0.07326948785581675,0.08,0.0
combined,bistable,noise_growth,23,SINDy-STLSQ,1.0028352400723182,1.2854882915719243,0.1133521621553356,0.0865824946327446,,-0.2826530514996062,-0.026769667522590995,,,,,,,,4.0,True,0.8000000000000002,0.07326948785581675,0.08,0.0
combined,bistable,noise_growth,24,Bayesian SINDy (spike-slab),2.4259277952924885,1.1363926635692696,0.06580359156305633,0.08812918582059602,,1.2895351317232189,0.022325594257539688,-0.0,2.3855186939259663,0.05892045838545602,0.14003916250937393,0.4383256703107232,0.0881247666395019,0.4498347294675551,1.0,True,0.8000000000000002,0.073248474848908,0.08,0.0
combined,bistable,noise_growth,24,Kalman OU,3.0000000000000004,3.0000000000000004,0.010000000000000005,0.010000000000000005,0.08079956372102745,0.0,0.0,,,,,,,,,True,0.8000000000000002,0.073248474848908,0.08,0.0
combined,bistable,noise_growth,24,Latent Neural SDE (VI),0.5632638335227966,1.2196515798568726,0.06290342809927951,0.08291555250425942,0.01002498730719633,-0.6563877463340759,0.020012124404979903,,,,,,,,,True,0.8000000000000002,0.073248474848908,0.08,0.0
combined,bistable,noise_growth,24,Moment OU,,,,,,,,,,,,,,,,False,0.8000000000000002,0.073248474848908,0.08,0.0
combined,bistable,noise_growth,24,Neural SDE (Euler),3.5153322219848633,1.6726839542388916,0.05781330090431398,0.08351355919852423,,1.8426482677459717,0.025700258294210243,,,,,,,,,True,0.8000000000000002,0.073248474848908,0.08,0.0
combined,bistable,noise_growth,24,SINDy-STLSQ,2.2857543251876464,1.2889916387276406,0.06706759727289867,0.08271823989867447,,0.9967626864600059,0.0156506426257758,,,,,,,,4.0,True,0.8000000000000002,0.073248474848908,0.08,0.0
combined,bistable,noise_growth,25,Bayesian SINDy (spike-slab),1.9857471470091326,1.374089917382709,0.05613627561013331,0.05809038813462806,,0.6116572296264235,0.001954112524494747,0.8259980739216295,1.8544412446273393,0.038913074370316436,0.09973549644202284,0.9794081235380682,0.807997575389626,0.031682479580307496,3.0,True,0.8000000000000002,0.07329043188553457,0.08,0.0
combined,bistable,noise_growth,25,Kalman OU,3.0000000000000004,0.8946852480052444,0.010000000000000005,0.0976488490440843,0.07529476670817005,2.105314751994756,0.08764884904408429,,,,,,,,,True,0.8000000000000002,0.07329043188553457,0.08,0.0
combined,bistable,noise_growth,25,Latent Neural SDE (VI),2.0826871395111084,1.0123873949050903,0.04876477842363624,0.0863660683454161,0.012043763579065236,1.070299744606018,0.037601289921779864,,,,,,,,,True,0.8000000000000002,0.07329043188553457,0.08,0.0
combined,bistable,noise_growth,25,Moment OU,,1.337983259669861,,0.11878770365923073,,,,,,,,,,,,False,0.8000000000000002,0.07329043188553457,0.08,0.0
combined,bistable,noise_growth,25,Neural SDE (Euler),1.8472404479980469,1.3572174310684204,0.04832351870725021,0.07052888753914821,,0.49002301692962646,0.022205368831897998,,,,,,,,,True,0.8000000000000002,0.07329043188553457,0.08,0.0
combined,bistable,noise_growth,25,SINDy-STLSQ,1.9833513757750685,1.445534148468194,0.059676880669923,0.05849262556242592,,0.5378172273068744,-0.0011842551074970828,,,,,,,,3.0,True,0.8000000000000002,0.07329043188553457,0.08,0.0
combined,bistable,noise_growth,26,Bayesian SINDy (spike-slab),1.6629516978339904,,0.06321594219274969,,,,,,,,,,,,,False,0.8000000000000002,0.07389983095709972,0.08,0.0
combined,bistable,noise_growth,26,Kalman OU,3.0000000000000004,3.0000000000000004,0.010000000000000005,0.010000000000000005,0.07933257209928946,0.0,0.0,,,,,,,,,True,0.8000000000000002,0.07389983095709972,0.08,0.0
combined,bistable,noise_growth,26,Latent Neural SDE (VI),2.3136167526245117,1.6091762781143188,0.06420075840947145,0.1172059871827725,0.009189805144450756,0.7044404745101929,0.05300522877330105,,,,,,,,,True,0.8000000000000002,0.07389983095709972,0.08,0.0
combined,bistable,noise_growth,26,Moment OU,,,,,,,,,,,,,,,,False,0.8000000000000002,0.07389983095709972,0.08,0.0
combined,bistable,noise_growth,26,Neural SDE (Euler),2.481027126312256,,0.041208255899605174,,,,,,,,,,,,,False,0.8000000000000002,0.07389983095709972,0.08,0.0
combined,bistable,noise_growth,26,SINDy-STLSQ,2.0101993079352667,,0.06732189816171708,,,,,,,,,,,,,False,0.8000000000000002,0.07389983095709972,0.08,0.0
combined,bistable,noise_growth,27,Bayesian SINDy (spike-slab),,0.731667508261804,,0.066713658557341,,,,-0.0,1.9920916658727303,0.04306114207138801,0.10695579242583292,0.5533731828593721,0.03490928684234257,0.09074137723368514,2.0,False,0.8000000000000002,0.07413316160512043,0.08,0.0
combined,bistable,noise_growth,27,Kalman OU,1.1478941851176638,1.389998850770978,0.1658178679643631,0.111899818181583,0.0010000000000000002,-0.24210466565331412,-0.0539180497827801,,,,,,,,,True,0.8000000000000002,0.07413316160512043,0.08,0.0
combined,bistable,noise_growth,27,Latent Neural SDE (VI),1.1393086910247803,0.8256258368492126,0.10393581447228899,0.08250225300923308,0.007676354133784117,0.3136828541755676,-0.021433561463055903,,,,,,,,,True,0.8000000000000002,0.07413316160512043,0.08,0.0
combined,bistable,noise_growth,27,Moment OU,,,,,,,,,,,,,,,,False,0.8000000000000002,0.07413316160512043,0.08,0.0
combined,bistable,noise_growth,27,Neural SDE (Euler),,1.4461404085159302,,0.09054277453506894,,,,,,,,,,,,False,0.8000000000000002,0.07413316160512043,0.08,0.0
combined,bistable,noise_growth,27,SINDy-STLSQ,,1.8502234926484211,,0.06260481467382342,,,,,,,,,,,4.0,False,0.8000000000000002,0.07413316160512043,0.08,0.0
combined,bistable,noise_growth,28,Bayesian SINDy (spike-slab),1.5616044863686807,,0.08409529090885126,,,,,,,,,,,,,False,0.8000000000000002,0.07323703578695784,0.08,0.0
combined,bistable,noise_growth,28,Kalman OU,3.0000000000000004,3.0000000000000004,0.010000000000000005,0.010000000000000005,0.08449871264079091,0.0,0.0,,,,,,,,,True,0.8000000000000002,0.07323703578695784,0.08,0.0
combined,bistable,noise_growth,28,Latent Neural SDE (VI),1.721665382385254,1.0816625356674194,0.08928129489176774,0.06826360286658568,0.010519385519569928,0.6400028467178345,-0.021017692025182055,,,,,,,,,True,0.8000000000000002,0.07323703578695784,0.08,0.0
combined,bistable,noise_growth,28,Moment OU,,,,,,,,,,,,,,,,False,0.8000000000000002,0.07323703578695784,0.08,0.0
combined,bistable,noise_growth,28,Neural SDE (Euler),1.6990551948547363,,0.09858054926858743,,,,,,,,,,,,,False,0.8000000000000002,0.07323703578695784,0.08,0.0
combined,bistable,noise_growth,28,SINDy-STLSQ,1.6591193728849283,,0.08996787916711906,,,,,,,,,,,,,False,0.8000000000000002,0.07323703578695784,0.08,0.0
combined,bistable,noise_growth,29,Bayesian SINDy (spike-slab),1.9386223022841704,0.07037875577946406,0.06852347654444729,0.10757769610487862,,1.8682435465047065,0.03905421956043133,-0.0,0.861547334097241,0.07253849971473218,0.16258008677361518,0.06760161929276305,0.01729009817990986,0.03563806089016292,1.0,True,0.8000000000000002,0.0730614298383923,0.08,0.0
combined,bistable,noise_growth,29,Kalman OU,3.0000000000000004,0.32538701391030106,0.010000000000000005,0.061860093884006276,0.06882940274928626,2.6746129860896994,0.05186009388400627,,,,,,,,,True,0.8000000000000002,0.0730614298383923,0.08,0.0
combined,bistable,noise_growth,29,Latent Neural SDE (VI),2.3823134899139404,0.5586137771606445,0.05963039659166785,0.12526591590326938,0.013021691453803557,1.823699712753296,0.06563551931160153,,,,,,,,,True,0.8000000000000002,0.0730614298383923,0.08,0.0
combined,bistable,noise_growth,29,Moment OU,,0.08865370771605154,,0.030843574004923855,,,,,,,,,,,,False,0.8000000000000002,0.0730614298383923,0.08,0.0
combined,bistable,noise_growth,29,Neural SDE (Euler),2.1009631156921387,0.6061855554580688,0.05841952663199398,0.09267295290270204,,1.4947775602340698,0.034253426270708064,,,,,,,,,True,0.8000000000000002,0.0730614298383923,0.08,0.0
combined,bistable,noise_growth,29,SINDy-STLSQ,2.249599055654597,1.5523627943389586,0.07307416051676145,0.10538596314871591,,0.6972362613156382,0.03231180263195446,,,,,,,,4.0,True,0.8000000000000002,0.0730614298383923,0.08,0.0
combined,bistable,stability_loss,0,Bayesian SINDy (spike-slab),1.5421890233239686,0.961963918146588,0.07677234644151809,0.09041070875235828,,0.5802251051773806,0.013638362310840188,-0.0,2.35412904562785,0.05903986541919201,0.14060649870402048,0.709455066852536,0.04664951009239631,0.055141744376905485,2.0,True,0.135315,0.029787629562137135,0.08,0.0
combined,bistable,stability_loss,0,Kalman OU,3.0000000000000004,3.0000000000000004,0.010000000000000005,0.010000000000000005,0.09378110858179216,0.0,0.0,,,,,,,,,True,0.135315,0.029787629562137135,0.08,0.0
combined,bistable,stability_loss,0,Latent Neural SDE (VI),1.1434738636016846,1.465384840965271,0.020594978632024936,0.116198870755518,0.010937450840809713,-0.3219109773635864,0.09560389212349307,,,,,,,,,True,0.135315,0.029787629562137135,0.08,0.0
combined,bistable,stability_loss,0,Moment OU,,,,,,,,,,,,,,,,False,0.135315,0.029787629562137135,0.08,0.0
combined,bistable,stability_loss,0,Neural SDE (Euler),0.7636358737945557,2.315270185470581,0.018527996253274885,0.08622678630862367,,-1.5516343116760254,0.06769879005534879,,,,,,,,,True,0.135315,0.029787629562137135,0.08,0.0
combined,bistable,stability_loss,0,SINDy-STLSQ,2.7328582352357085,2.0331342664048675,0.06858552814354664,0.08544295986782477,,0.699723968830841,0.01685743172427813,,,,,,,,4.0,True,0.135315,0.029787629562137135,0.08,0.0
combined,bistable,stability_loss,1,Bayesian SINDy (spike-slab),0.9803851452241374,,0.06325525495776212,,,,,,,,,,,,,False,0.135315,0.02422158589230146,0.08,0.0
combined,bistable,stability_loss,1,Kalman OU,2.558535920103364,0.06941910289043797,0.166409938350918,0.2626647923853763,0.0010000000000000002,2.4891168172129263,0.09625485403445833,,,,,,,,,True,0.135315,0.02422158589230146,0.08,0.0
combined,bistable,stability_loss,1,Latent Neural SDE (VI),1.1261380910873413,0.7631866335868835,0.05256701756809789,0.1832766535755433,0.07362129816107704,0.36295145750045776,0.1307096360074454,,,,,,,,,True,0.135315,0.02422158589230146,0.08,0.0
combined,bistable,stability_loss,1,Moment OU,,,,,,,,,,,,,,,,False,0.135315,0.02422158589230146,0.08,0.0
combined,bistable,stability_loss,1,Neural SDE (Euler),1.0668528079986572,,0.06779837488266027,,,,,,,,,,,,,False,0.135315,0.02422158589230146,0.08,0.0
combined,bistable,stability_loss,1,SINDy-STLSQ,2.2838542009078617,,0.05336657482419043,,,,,,,,,,,,,False,0.135315,0.02422158589230146,0.08,0.0
combined,bistable,stability_loss,2,Bayesian SINDy (spike-slab),3.0036499933179597,0.8679365406071589,0.016481370965434394,0.0720098033143236,,2.135713452710801,0.05552843234888921,-0.0,2.048178487408878,0.048372145333065684,0.10955138226680701,0.7784259313522855,0.21154282007168787,0.05549317644655828,2.0,True,0.135315,0.029293144565928974,0.08,0.0
combined,bistable,stability_loss,2,Kalman OU,3.0000000000000004,0.4829020125958239,0.010000000000000005,0.05852553748871589,0.05059015398195626,2.517097987404177,0.04852553748871588,,,,,,,,,True,0.135315,0.029293144565928974,0.08,0.0
combined,bistable,stability_loss,2,Latent Neural SDE (VI),2.3567657470703125,1.6156742572784424,0.018473418238360958,0.06151338494123321,0.008851415011727561,0.7410914897918701,0.043039966702872245,,,,,,,,,True,0.135315,0.029293144565928974,0.08,0.0
combined,bistable,stability_loss,2,Moment OU,,,,,,,,,,,,,,,,False,0.135315,0.029293144565928974,0.08,0.0
combined,bistable,stability_loss,2,Neural SDE (Euler),4.140686988830566,1.5944671630859375,0.0007665782607327835,0.06885980743424455,,2.546219825744629,0.06809322917351177,,,,,,,,,True,0.135315,0.029293144565928974,0.08,0.0
combined,bistable,stability_loss,2,SINDy-STLSQ,3.2459333160098724,1.4766881691822007,0.013453311528780067,0.06310548422739093,,1.7692451468276718,0.04965217269861086,,,,,,,,3.0,True,0.135315,0.029293144565928974,0.08,0.0
combined,bistable,stability_loss,3,Bayesian SINDy (spike-slab),0.24484634386941337,0.06065736492119932,0.06058054516944076,0.12167981550803858,,0.18418897894821407,0.06109927033859782,-0.41190703950348406,1.1728924896129886,0.07959542684852486,0.18676811603960378,0.0516897524721246,0.10740569651161967,0.03986649658728117,1.0,True,0.135315,0.02911641941392114,0.08,0.0
combined,bistable,stability_loss,3,Kalman OU,0.5410564929456805,0.09957155409769725,0.04228684317989186,0.11557837715138984,0.027880813783633544,0.44148493884798323,0.07329153397149799,,,,,,,,,True,0.135315,0.02911641941392114,0.08,0.0
combined,bistable,stability_loss,3,Latent Neural SDE (VI),0.7421348094940186,0.27454185485839844,0.08696542831031769,0.09089914504659813,0.027013498893908496,0.4675929546356201,0.003933716736280443,,,,,,,,,True,0.135315,0.02911641941392114,0.08,0.0
combined,bistable,stability_loss,3,Moment OU,,0.7298899334925747,,0.2601389769138202,,,,,,,,,,,,False,0.135315,0.02911641941392114,0.08,0.0
combined,bistable,stability_loss,3,Neural SDE (Euler),1.0402196645736694,-1.0997159481048584,0.0769454418001945,0.11840609737315165,,2.139935612678528,0.04146065557295715,,,,,,,,,True,0.135315,0.02911641941392114,0.08,0.0
combined,bistable,stability_loss,3,SINDy-STLSQ,1.5646919748002777,0.8432719538861795,0.05479799410443347,0.1168166068991136,,0.7214200209140982,0.062018612794680135,,,,,,,,3.0,True,0.135315,0.02911641941392114,0.08,0.0
combined,bistable,stability_loss,4,Bayesian SINDy (spike-slab),1.6500751718435935,1.3834056768494052,0.040992165897264544,0.05951341087809107,,0.26666949499418835,0.018521244980826523,-0.0,2.88585665985352,0.03769475622638664,0.09993722257016208,0.6928793524813709,0.28597557548041574,0.2691308899249252,2.0,True,0.135315,0.030140251728688026,0.08,0.0
combined,bistable,stability_loss,4,Kalman OU,3.0000000000000004,3.0000000000000004,0.010000000000000005,0.13034980616583094,0.03818846939314572,0.0,0.12034980616583094,,,,,,,,,True,0.135315,0.030140251728688026,0.08,0.0
combined,bistable,stability_loss,4,Latent Neural SDE (VI),1.1334316730499268,0.9290972948074341,0.057018756993038724,0.054646017398134225,0.008303048742178428,0.20433437824249268,-0.0023727395949044994,,,,,,,,,True,0.135315,0.030140251728688026,0.08,0.0
combined,bistable,stability_loss,4,Moment OU,,,,,,,,,,,,,,,,False,0.135315,0.030140251728688026,0.08,0.0
combined,bistable,stability_loss,4,Neural SDE (Euler),1.6193673610687256,2.056323528289795,0.046275118314219946,0.029806503860176033,,-0.43695616722106934,-0.016468614454043913,,,,,,,,,True,0.135315,0.030140251728688026,0.08,0.0
combined,bistable,stability_loss,4,SINDy-STLSQ,0.7904238500992389,2.0125375258546696,0.042470596178496044,0.05345461470260234,,-1.2221136757554307,0.010984018524106298,,,,,,,,4.0,True,0.135315,0.030140251728688026,0.08,0.0
combined,bistable,stability_loss,5,Bayesian SINDy (spike-slab),0.583679721968195,2.8991808675112645,0.023795349876585367,0.05458209651513597,,-2.3155011455430694,0.030786746638550605,1.1940965412153512,5.9491066594716004,0.033769981885834195,0.08840705937525534,0.5466810707154903,0.5034854300694868,0.501346907648313,4.0,True,0.135315,0.029465495917456296,0.08,0.0
combined,bistable,stability_loss,5,Kalman OU,2.165542760493848,3.0000000000000004,0.1259214204865077,0.010000000000000005,0.07182262714393858,-0.8344572395061522,-0.11592142048650769,,,,,,,,,True,0.135315,0.029465495917456296,0.08,0.0
combined,bistable,stability_loss,5,Latent Neural SDE (VI),0.4876111149787903,1.2518188953399658,0.04986549381729121,0.06249662182466492,0.00861541693927218,-0.7642077803611755,0.012631128007373711,,,,,,,,,True,0.135315,0.029465495917456296,0.08,0.0
combined,bistable,stability_loss,5,Moment OU,,,,,,,,,,,,,,,,False,0.135315,0.029465495917456296,0.08,0.0
combined,bistable,stability_loss,5,Neural SDE (Euler),0.9532417058944702,1.646140217781067,0.04446480753397817,0.06340295221831069,,-0.6928985118865967,0.018938144684332518,,,,,,,,,True,0.135315,0.029465495917456296,0.08,0.0
combined,bistable,stability_loss,5,SINDy-STLSQ,1.023007693374056,5.5197912652361145,0.025588612816196163,0.04936251079000718,,-4.496783571862059,0.02377389797381102,,,,,,,,4.0,True,0.135315,0.029465495917456296,0.08,0.0
combined,bistable,stability_loss,6,Bayesian SINDy (spike-slab),1.6913773838391613,0.09435220300078445,0.060784918284312435,0.052615282925889136,,1.5970251808383769,-0.0081696353584233,-0.0,0.6827135947095656,0.03824692057583789,0.07375529354003178,0.18677992413475056,0.02399323766510538,0.025334699104797107,1.0,True,0.135315,0.029957003001950856,0.08,0.0
combined,bistable,stability_loss,6,Kalman OU,0.22919198289188564,0.19567592057382288,0.03687954789445653,0.045266286671650044,0.02316056685883344,0.033516062318062756,0.008386738777193516,,,,,,,,,True,0.135315,0.029957003001950856,0.08,0.0
combined,bistable,stability_loss,6,Latent Neural SDE (VI),1.9315295219421387,0.6507005095481873,0.08523342199649961,0.08506300038497987,0.008141000354786092,1.2808290123939514,-0.00017042161151974156,,,,,,,,,True,0.135315,0.029957003001950856,0.08,0.0
combined,bistable,stability_loss,6,Moment OU,0.8331482596224971,,0.028420903827118038,,,,,,,,,,,,,False,0.135315,0.029957003001950856,0.08,0.0
combined,bistable,stability_loss,6,Neural SDE (Euler),2.603834390640259,1.234708547592163,0.06324591094631526,0.09147941101982825,,1.3691258430480957,0.028233500073512982,,,,,,,,,True,0.135315,0.029957003001950856,0.08,0.0
combined,bistable,stability_loss,6,SINDy-STLSQ,2.244688467228334,0.8309995108662065,0.05732450360652956,0.04752975605208345,,1.4136889563621273,-0.009794747554446114,,,,,,,,4.0,True,0.135315,0.029957003001950856,0.08,0.0
combined,bistable,stability_loss,7,Bayesian SINDy (spike-slab),1.666099729352907,,0.06503113726072553,,,,,,,,,,,,,False,0.135315,0.03016847514773317,0.08,0.0
combined,bistable,stability_loss,7,Kalman OU,3.0000000000000004,3.0000000000000004,0.010000000000000005,0.010000000000000005,0.07124287818739741,0.0,0.0,,,,,,,,,True,0.135315,0.03016847514773317,0.08,0.0
combined,bistable,stability_loss,7,Latent Neural SDE (VI),3.0814225673675537,1.1756272315979004,0.032304621615227506,0.052175682345271125,0.00868204765712017,1.9057953357696533,0.01987106073004362,,,,,,,,,True,0.135315,0.03016847514773317,0.08,0.0
combined,bistable,stability_loss,7,Moment OU,,,,,,,,,,,,,,,,False,0.135315,0.03016847514773317,0.08,0.0
combined,bistable,stability_loss,7,Neural SDE (Euler),3.9401230812072754,,0.02008587762540894,,,,,,,,,,,,,False,0.135315,0.03016847514773317,0.08,0.0
combined,bistable,stability_loss,7,SINDy-STLSQ,1.885322609853486,,0.06626022106362874,,,,,,,,,,,,,False,0.135315,0.03016847514773317,0.08,0.0
combined,bistable,stability_loss,8,Bayesian SINDy (spike-slab),2.2734473573801117,0.9238038639848258,0.04883515104053646,0.054511701966227066,,1.3496434933952859,0.005676550925690603,-0.0,1.8369927051242867,0.034715239809980515,0.09699456634222704,0.5028593391425329,0.017221543712563535,0.4230957349957898,2.0,True,0.135315,0.03016408386281848,0.08,0.0
combined,bistable,stability_loss,8,Kalman OU,3.0000000000000004,1.9582663827086586,0.010000000000000005,0.15348413963941185,0.0010000000000000002,1.0417336172913418,0.14348413963941184,,,,,,,,,True,0.135315,0.03016408386281848,0.08,0.0
combined,bistable,stability_loss,8,Latent Neural SDE (VI),2.6081502437591553,0.9538461565971375,0.04461720393055815,0.05820366068837295,0.009563410171202717,1.6543040871620178,0.0135864567578148,,,,,,,,,True,0.135315,0.03016408386281848,0.08,0.0
combined,bistable,stability_loss,8,Moment OU,,,,,,,,,,,,,,,,False,0.135315,0.03016408386281848,0.08,0.0
combined,bistable,stability_loss,8,Neural SDE (Euler),3.268258810043335,0.8819984793663025,0.043927834378919055,0.06250715613547081,,2.3862603306770325,0.018579321756551755,,,,,,,,,True,0.135315,0.03016408386281848,0.08,0.0
combined,bistable,stability_loss,8,SINDy-STLSQ,3.593975748777051,1.3907385520459623,0.04247228381809651,0.05433517395152307,,2.203237196731089,0.011862890133426562,,,,,,,,3.0,True,0.135315,0.03016408386281848,0.08,0.0
combined,bistable,stability_loss,9,Bayesian SINDy (spike-slab),2.493147160930382,,0.06090771167599143,,,,,,,,,,,,,False,0.135315,0.0296694107438448,0.08,0.0
combined,bistable,stability_loss,9,Kalman OU,0.7778300846166061,0.3076670829025055,0.06626183984084766,0.029480072575081374,0.07618193480330607,0.4701630017141006,-0.036781767265766284,,,,,,,,,True,0.135315,0.0296694107438448,0.08,0.0
combined,bistable,stability_loss,9,Latent Neural SDE (VI),0.7809435129165649,0.888421893119812,0.08009436559559692,0.0814301506822706,0.010313219687289644,-0.10747838020324707,0.0013357850866736742,,,,,,,,,True,0.135315,0.0296694107438448,0.08,0.0
combined,bistable,stability_loss,9,Moment OU,,,,,,,,,,,,,,,,False,0.135315,0.0296694107438448,0.08,0.0
combined,bistable,stability_loss,9,Neural SDE (Euler),2.549008846282959,,0.049334653232335476,,,,,,,,,,,,,False,0.135315,0.0296694107438448,0.08,0.0
combined,bistable,stability_loss,9,SINDy-STLSQ,3.525371161183654,,0.048401743038204915,,,,,,,,,,,,,False,0.135315,0.0296694107438448,0.08,0.0
combined,bistable,stability_loss,10,Bayesian SINDy (spike-slab),,0.6450643893114981,,0.13219711082755967,,,,-0.0,2.2394719367808156,0.07850648348616547,0.2102767571243807,0.45124019096233586,0.035676589264911046,0.05337772452083264,1.0,False,0.135315,0.03028343623741243,0.08,0.0
combined,bistable,stability_loss,10,Kalman OU,1.9242424339028072,1.3391606307321082,0.16336753991485825,0.0373626809162811,0.1038589384457366,0.585081803170699,-0.12600485899857716,,,,,,,,,True,0.135315,0.03028343623741243,0.08,0.0
combined,bistable,stability_loss,10,Latent Neural SDE (VI),0.7448590397834778,1.6668535470962524,0.07819398798078327,0.12188787705030739,0.012768394778103839,-0.9219945073127747,0.04369388906952412,,,,,,,,,True,0.135315,0.03028343623741243,0.08,0.0
combined,bistable,stability_loss,10,Moment OU,,,,,,,,,,,,,,,,False,0.135315,0.03028343623741243,0.08,0.0
combined,bistable,stability_loss,10,Neural SDE (Euler),,3.521939992904663,,0.17662590558295754,,,,,,,,,,,,False,0.135315,0.03028343623741243,0.08,0.0
combined,bistable,stability_loss,10,SINDy-STLSQ,,1.9512280671493567,,0.11437002176792434,,,,,,,,,,,4.0,False,0.135315,0.03028343623741243,0.08,0.0
combined,bistable,stability_loss,11,Bayesian SINDy (spike-slab),1.2607613243762699,1.1521144567248707,0.0665452930473443,0.06899736654541413,,0.10864686765139919,0.0024520734980698344,-0.0,1.6864348092483832,0.04467061399282647,0.12116220460691118,0.9203800942717505,0.04849536067190787,0.032041658934409065,2.0,True,0.135315,0.029502371074498164,0.08,0.0
combined,bistable,stability_loss,11,Kalman OU,3.0000000000000004,0.9436471270624234,0.010000000000000005,0.05909621450369808,0.08201604100263953,2.056352872937577,0.04909621450369807,,,,,,,,,True,0.135315,0.029502371074498164,0.08,0.0
combined,bistable,stability_loss,11,Latent Neural SDE (VI),1.060887336730957,0.724535346031189,0.07800785830212455,0.10611725511061892,0.011596464187422273,0.33635199069976807,0.028109396808494377,,,,,,,,,True,0.135315,0.029502371074498164,0.08,0.0
combined,bistable,stability_loss,11,Moment OU,,1.2920796863981518,,0.08612223981592804,,,,,,,,,,,,False,0.135315,0.029502371074498164,0.08,0.0
combined,bistable,stability_loss,11,Neural SDE (Euler),1.3836190700531006,3.3412389755249023,0.07930934433773874,0.041940871312749956,,-1.9576199054718018,-0.03736847302498879,,,,,,,,,True,0.135315,0.029502371074498164,0.08,0.0
combined,bistable,stability_loss,11,SINDy-STLSQ,1.3556391110885782,1.8378911895108787,0.07076010013164237,0.06697662076798663,,-0.48225207842230056,-0.0037834793636557368,,,,,,,,4.0,True,0.135315,0.029502371074498164,0.08,0.0
combined,bistable,stability_loss,12,Bayesian SINDy (spike-slab),0.08147365021050099,,0.09471315606407035,,,,,,,,,,,,,False,0.135315,0.024272260858146096,0.08,0.0
combined,bistable,stability_loss,12,Kalman OU,0.894112121343932,0.060158548530623655,0.1154592505178365,0.2710686168592061,0.0010000000000000002,0.8339535728133084,0.15560936634136957,,,,,,,,,True,0.135315,0.024272260858146096,0.08,0.0
combined,bistable,stability_loss,12,Latent Neural SDE (VI),0.5977742075920105,0.6224184036254883,0.07764869443834566,0.16780808363698324,0.07838724611520285,-0.024644196033477783,0.09015938919863759,,,,,,,,,True,0.135315,0.024272260858146096,0.08,0.0
combined,bistable,stability_loss,12,Moment OU,,,,,,,,,,,,,,,,False,0.135315,0.024272260858146096,0.08,0.0
combined,bistable,stability_loss,12,Neural SDE (Euler),0.6170777678489685,,0.12604699332459016,,,,,,,,,,,,,False,0.135315,0.024272260858146096,0.08,0.0
combined,bistable,stability_loss,12,SINDy-STLSQ,0.5521123913618293,,0.09193624388417819,,,,,,,,,,,,,False,0.135315,0.024272260858146096,0.08,0.0
combined,bistable,stability_loss,13,Bayesian SINDy (spike-slab),,0.6552756660787121,,0.14845881367298905,,,,-0.0,2.4406790600164876,0.09365988656990494,0.23425613151974242,0.3341718991746094,0.03448013062682035,0.1541219168074766,1.0,False,0.135315,0.029741295986599574,0.08,0.0
combined,bistable,stability_loss,13,Kalman OU,0.5343153507855047,3.0000000000000004,0.08094287421737713,0.010000000000000005,0.11006094844741532,-2.465684649214496,-0.07094287421737712,,,,,,,,,True,0.135315,0.029741295986599574,0.08,0.0
combined,bistable,stability_loss,13,Latent Neural SDE (VI),-0.33364078402519226,1.2695517539978027,0.025367068244155157,0.1475658131677907,0.012873575418847108,-1.603192538022995,0.12219874492363553,,,,,,,,,True,0.135315,0.029741295986599574,0.08,0.0
combined,bistable,stability_loss,13,Moment OU,,,,,,,,,,,,,,,,False,0.135315,0.029741295986599574,0.08,0.0
combined,bistable,stability_loss,13,Neural SDE (Euler),,1.4613981246948242,,0.2972270338385597,,,,,,,,,,,,False,0.135315,0.029741295986599574,0.08,0.0
combined,bistable,stability_loss,13,SINDy-STLSQ,,1.8997582351599933,,0.13006306926140232,,,,,,,,,,,3.0,False,0.135315,0.029741295986599574,0.08,0.0
combined,bistable,stability_loss,14,Bayesian SINDy (spike-slab),0.7987088745758466,1.4781647607430006,0.09823500439536703,0.05243562899650331,,-0.679455886167154,-0.04579937539886372,0.7184837574757678,2.256571238651764,0.03524591796169397,0.08629389403930926,0.9709182729796797,0.022645448032701986,0.06348486289513268,2.0,True,0.135315,0.02965167931163956,0.08,0.0
combined,bistable,stability_loss,14,Kalman OU,0.5098227293742745,3.0000000000000004,0.044828655563840705,0.010000000000000005,0.072373680922132,-2.490177270625726,-0.034828655563840696,,,,,,,,,True,0.135315,0.02965167931163956,0.08,0.0
combined,bistable,stability_loss,14,Latent Neural SDE (VI),1.216475009918213,1.3219380378723145,0.11175833787260525,0.07338415674635397,0.008600858910773583,-0.10546302795410156,-0.03837418112625128,,,,,,,,,True,0.135315,0.02965167931163956,0.08,0.0
combined,bistable,stability_loss,14,Moment OU,0.7214671458933369,,0.04490191163342857,,,,,,,,,,,,,False,0.135315,0.02965167931163956,0.08,0.0
combined,bistable,stability_loss,14,Neural SDE (Euler),1.1399565935134888,1.0820709466934204,0.15769719740231544,0.020540778671554946,,0.05788564682006836,-0.1371564187307605,,,,,,,,,True,0.135315,0.02965167931163956,0.08,0.0
combined,bistable,stability_loss,14,SINDy-STLSQ,0.6034164944409924,2.2477428965457182,0.09358014624053959,0.05376127877376492,,-1.644326402104726,-0.03981886746677467,,,,,,,,4.0,True,0.135315,0.02965167931163956,0.08,0.0
combined,bistable,stability_loss,15,Bayesian SINDy (spike-slab),1.0528658208353572,1.7331453971716047,0.047766085706613025,0.06241850119426496,,-0.6802795763362475,0.014652415487651935,1.160821284448574,2.3330839832150336,0.04396463538212128,0.08937732619900446,0.9966566326834878,0.017337236839340048,0.030223718365802427,2.0,True,0.135315,0.029839131576187554,0.08,0.0
combined,bistable,stability_loss,15,Kalman OU,3.0000000000000004,3.0000000000000004,0.010000000000000005,0.010000000000000005,0.07563454680532328,0.0,0.0,,,,,,,,,True,0.135315,0.029839131576187554,0.08,0.0
combined,bistable,stability_loss,15,Latent Neural SDE (VI),1.3298450708389282,1.7529915571212769,0.059236175492996944,0.03837390834155881,0.008751143413677949,-0.42314648628234863,-0.020862267151438137,,,,,,,,,True,0.135315,0.029839131576187554,0.08,0.0
combined,bistable,stability_loss,15,Moment OU,,,,,,,,,,,,,,,,False,0.135315,0.029839131576187554,0.08,0.0
combined,bistable,stability_loss,15,Neural SDE (Euler),1.3613762855529785,2.2801101207733154,0.08206695612396767,0.0430097347540011,,-0.9187338352203369,-0.03905722136996657,,,,,,,,,True,0.135315,0.029839131576187554,0.08,0.0
combined,bistable,stability_loss,15,SINDy-STLSQ,2.0537092707163365,2.4621106833868263,0.05043861267394846,0.06419751605645083,,-0.4084014126704898,0.013758903382502366,,,,,,,,4.0,True,0.135315,0.029839131576187554,0.08,0.0
combined,bistable,stability_loss,16,Bayesian SINDy (spike-slab),,0.022137052298243316,,0.04703182476217927,,,,-0.0,0.38034773917436293,0.03201526038695121,0.07262551483087214,0.035553707905449,0.02686526583095422,0.02203862373724933,1.0,False,0.135315,0.029883260801601835,0.08,0.0
combined,bistable,stability_loss,16,Kalman OU,3.0000000000000004,0.42114525236941885,0.010000000000000005,0.08180695618770295,0.0010000000000000002,2.5788547476305816,0.07180695618770294,,,,,,,,,True,0.135315,0.029883260801601835,0.08,0.0
combined,bistable,stability_loss,16,Latent Neural SDE (VI),0.6897854208946228,0.5657302737236023,0.07474484269085754,0.0657169126564249,0.011247112149035883,0.12405514717102051,-0.00902793003443264,,,,,,,,,True,0.135315,0.029883260801601835,0.08,0.0
combined,bistable,stability_loss,16,Moment OU,,,,,,,,,,,,,,,,False,0.135315,0.029883260801601835,0.08,0.0
combined,bistable,stability_loss,16,Neural SDE (Euler),,2.017911672592163,,0.019098245124119763,,,,,,,,,,,,False,0.135315,0.029883260801601835,0.08,0.0
combined,bistable,stability_loss,16,SINDy-STLSQ,,0.8447837405556071,,0.04856372677265667,,,,,,,,,,,4.0,False,0.135315,0.029883260801601835,0.08,0.0
combined,bistable,stability_loss,17,Bayesian SINDy (spike-slab),2.1031472532748,,0.08869092629262493,,,,,,,,,,,,,False,0.135315,0.029634667181282243,0.08,0.0
combined,bistable,stability_loss,17,Kalman OU,3.0000000000000004,2.2337820970895303,0.010000000000000005,0.16576788522030078,0.0010000000000000002,0.7662179029104701,0.15576788522030077,,,,,,,,,True,0.135315,0.029634667181282243,0.08,0.0
combined,bistable,stability_loss,17,Latent Neural SDE (VI),2.9061901569366455,0.33280330896377563,0.04741555807003994,0.044929103860062845,0.009782539695459993,2.57338684797287,-0.0024864542099770973,,,,,,,,,True,0.135315,0.029634667181282243,0.08,0.0
combined,bistable,stability_loss,17,Moment OU,,,,,,,,,,,,,,,,False,0.135315,0.029634667181282243,0.08,0.0
combined,bistable,stability_loss,17,Neural SDE (Euler),2.7910194396972656,,0.05673273170872577,,,,,,,,,,,,,False,0.135315,0.029634667181282243,0.08,0.0
combined,bistable,stability_loss,17,SINDy-STLSQ,2.7958057836204855,,0.08217811313935798,,,,,,,,,,,,,False,0.135315,0.029634667181282243,0.08,0.0
combined,bistable,stability_loss,18,Bayesian SINDy (spike-slab),1.2821205486425964,0.6761876927016403,0.03747126274721071,0.13385949394891136,,0.6059328559409561,0.09638823120170065,-0.0,1.6263052101605773,0.08882567415615635,0.2141153611050414,0.49677981387631337,0.021630212048255302,0.1889075582205199,1.0,True,0.135315,0.03027495922093921,0.08,0.0
combined,bistable,stability_loss,18,Kalman OU,3.0000000000000004,2.4518566573768488,0.010000000000000005,0.24187546463426318,0.0010000000000000002,0.5481433426231517,0.23187546463426317,,,,,,,,,True,0.135315,0.03027495922093921,0.08,0.0
combined,bistable,stability_loss,18,Latent Neural SDE (VI),1.2215790748596191,0.9107894897460938,0.06066224616123099,0.10139744089044202,0.013229411570756118,0.3107895851135254,0.04073519472921103,,,,,,,,,True,0.135315,0.03027495922093921,0.08,0.0
combined,bistable,stability_loss,18,Moment OU,,1.193746623982011,,0.1237502714590937,,,,,,,,,,,,False,0.135315,0.03027495922093921,0.08,0.0
combined,bistable,stability_loss,18,Neural SDE (Euler),1.59527587890625,0.7479397058486938,0.04071683522944348,0.1403494022288698,,0.8473361730575562,0.09963256699942633,,,,,,,,,True,0.135315,0.03027495922093921,0.08,0.0
combined,bistable,stability_loss,18,SINDy-STLSQ,2.0021441582791057,1.3649387360184964,0.03786189295953303,0.12023123697934607,,0.6372054222606094,0.08236934401981304,,,,,,,,3.0,True,0.135315,0.03027495922093921,0.08,0.0
combined,bistable,stability_loss,19,Bayesian SINDy (spike-slab),,1.4397066101906455,,0.0915989589823992,,,,-0.0,2.740847463617013,0.05924164348879458,0.1570213500540635,0.8650968941867121,0.05858552832995738,0.02900302688976966,2.0,False,0.135315,0.029638559607743975,0.08,0.0
combined,bistable,stability_loss,19,Kalman OU,3.0000000000000004,3.0000000000000004,0.19069064477472508,0.010000000000000005,0.0786711687198939,0.0,-0.18069064477472507,,,,,,,,,True,0.135315,0.029638559607743975,0.08,0.0
combined,bistable,stability_loss,19,Latent Neural SDE (VI),0.9723595380783081,2.025179624557495,0.10879369206351668,0.0694137343204133,0.01001306073356806,-1.052820086479187,-0.03937995774310338,,,,,,,,,True,0.135315,0.029638559607743975,0.08,0.0
combined,bistable,stability_loss,19,Moment OU,,,,,,,,,,,,,,,,False,0.135315,0.029638559607743975,0.08,0.0
combined,bistable,stability_loss,19,Neural SDE (Euler),,3.02549409866333,,0.02508415054272846,,,,,,,,,,,,False,0.135315,0.029638559607743975,0.08,0.0
combined,bistable,stability_loss,19,SINDy-STLSQ,,2.9093474279114684,,0.08858375374314148,,,,,,,,,,,4.0,False,0.135315,0.029638559607743975,0.08,0.0
combined,bistable,stability_loss,20,Bayesian SINDy (spike-slab),,1.025776744651119,,0.10091464049344388,,,,-0.0,2.1400582346719497,0.06324285014955869,0.1678321419094157,0.7702839611102434,0.07837900780639431,0.042629591119580035,2.0,False,0.135315,0.02973134683032639,0.08,0.0
combined,bistable,stability_loss,20,Kalman OU,3.0000000000000004,1.1780503420085993,0.010000000000000005,0.03079269951606885,0.07783193417619316,1.8219496579914012,0.020792699516068845,,,,,,,,,True,0.135315,0.02973134683032639,0.08,0.0
combined,bistable,stability_loss,20,Latent Neural SDE (VI),1.1162775754928589,2.6225101947784424,0.07640147456387357,0.04441722055405785,0.009509806891016211,-1.5062326192855835,-0.03198425400981572,,,,,,,,,True,0.135315,0.02973134683032639,0.08,0.0
combined,bistable,stability_loss,20,Moment OU,,2.535551726718811,,0.0499934006109748,,,,,,,,,,,,False,0.135315,0.02973134683032639,0.08,0.0
combined,bistable,stability_loss,20,Neural SDE (Euler),,2.239952564239502,,0.07271778156979515,,,,,,,,,,,,False,0.135315,0.02973134683032639,0.08,0.0
combined,bistable,stability_loss,20,SINDy-STLSQ,,2.6647299111129046,,0.07448569591028815,,,,,,,,,,,4.0,False,0.135315,0.02973134683032639,0.08,0.0
combined,bistable,stability_loss,21,Bayesian SINDy (spike-slab),1.6868978620478103,,0.08419555085208802,,,,,,,,,,,,,False,0.135315,0.028252170154415113,0.08,0.0
combined,bistable,stability_loss,21,Kalman OU,3.0000000000000004,0.1777871656223413,0.010000000000000005,0.19699305462822658,0.059649074457644176,2.8222128343776594,0.18699305462822657,,,,,,,,,True,0.135315,0.028252170154415113,0.08,0.0
combined,bistable,stability_loss,21,Latent Neural SDE (VI),3.292917013168335,-0.48280608654022217,0.07457149179414926,0.14374262259735618,0.03064807335618639,3.775723099708557,0.06917113080320691,,,,,,,,,True,0.135315,0.028252170154415113,0.08,0.0
combined,bistable,stability_loss,21,Moment OU,,,,,,,,,,,,,,,,False,0.135315,0.028252170154415113,0.08,0.0
combined,bistable,stability_loss,21,Neural SDE (Euler),3.975008249282837,,0.06332246693108527,,,,,,,,,,,,,False,0.135315,0.028252170154415113,0.08,0.0
combined,bistable,stability_loss,21,SINDy-STLSQ,2.28855252820978,,0.0896054659151464,,,,,,,,,,,,,False,0.135315,0.028252170154415113,0.08,0.0
combined,bistable,stability_loss,22,Bayesian SINDy (spike-slab),1.092658848206641,1.6955291468851277,0.08312746523616933,0.08245250613722513,,-0.6028702986784866,-0.0006749590989442028,-0.0,4.193351539106498,0.04622960274567623,0.13811890582067166,0.8858485777408581,0.15247111418973652,0.21507096578985713,2.0,True,0.135315,0.030099033423244458,0.08,0.0
combined,bistable,stability_loss,22,Kalman OU,3.0000000000000004,3.0000000000000004,0.010000000000000005,0.010000000000000005,0.07977947813124568,0.0,0.0,,,,,,,,,True,0.135315,0.030099033423244458,0.08,0.0
combined,bistable,stability_loss,22,Latent Neural SDE (VI),1.7448900938034058,1.8715803623199463,0.0616005674168405,0.07995694914395511,0.009749282213995963,-0.12669026851654053,0.01835638172711461,,,,,,,,,True,0.135315,0.030099033423244458,0.08,0.0
combined,bistable,stability_loss,22,Moment OU,,,,,,,,,,,,,,,,False,0.135315,0.030099033423244458,0.08,0.0
combined,bistable,stability_loss,22,Neural SDE (Euler),2.0543994903564453,3.4868948459625244,0.07893871922267469,0.06405729424101726,,-1.432495355606079,-0.014881424981657426,,,,,,,,,True,0.135315,0.030099033423244458,0.08,0.0
combined,bistable,stability_loss,22,SINDy-STLSQ,3.274771873343999,3.6803885114072075,0.07314205793407394,0.05799341735003946,,-0.40561663806320825,-0.015148640584034478,,,,,,,,4.0,True,0.135315,0.030099033423244458,0.08,0.0
combined,bistable,stability_loss,23,Bayesian SINDy (spike-slab),,0.07920807841949104,,0.046713325402756564,,,,-0.0,1.1807083515958021,0.03132501015608652,0.0710952510809435,0.04269279909829483,0.08122523490161196,0.04729051078638463,1.0,False,0.135315,0.03027091482952906,0.08,0.0
combined,bistable,stability_loss,23,Kalman OU,0.5040650347689973,1.2907792627704178,0.047675051909344374,0.07988222436064885,0.0010000000000000002,-0.7867142280014204,0.03220717245130447,,,,,,,,,True,0.135315,0.03027091482952906,0.08,0.0
combined,bistable,stability_loss,23,Latent Neural SDE (VI),1.8770694732666016,0.7833880186080933,0.0702970160849939,0.038298012756841526,0.005905630451891097,1.0936814546585083,-0.03199900332815238,,,,,,,,,True,0.135315,0.03027091482952906,0.08,0.0
combined,bistable,stability_loss,23,Moment OU,,,,,,,,,,,,,,,,False,0.135315,0.03027091482952906,0.08,0.0
combined,bistable,stability_loss,23,Neural SDE (Euler),,0.4460172653198242,,0.06187714810420504,,,,,,,,,,,,False,0.135315,0.03027091482952906,0.08,0.0
combined,bistable,stability_loss,23,SINDy-STLSQ,,2.7072120957055996,,0.047465122251714204,,,,,,,,,,,4.0,False,0.135315,0.03027091482952906,0.08,0.0
combined,bistable,stability_loss,24,Bayesian SINDy (spike-slab),0.4332835375744942,0.553078369851479,0.07268131482217077,0.2298580376194551,,-0.11979483227698473,0.15717672279728434,-0.0,3.4331643595248154,0.13567836136584177,0.3583799006548876,0.15399301161245077,0.36080724226549427,0.13412116517623673,1.0,True,0.135315,0.026002125140937676,0.08,0.0
combined,bistable,stability_loss,24,Kalman OU,0.3512778072580606,0.054717709978133605,0.04433110329907954,0.2811881154017852,0.0010000000000000002,0.29656009727992705,0.23685701210270563,,,,,,,,,True,0.135315,0.026002125140937676,0.08,0.0
combined,bistable,stability_loss,24,Latent Neural SDE (VI),0.6460435390472412,0.6407291293144226,0.08419795172220748,0.29770066406450185,0.07812567693813831,0.0053144097328186035,0.21350271234229437,,,,,,,,,True,0.135315,0.026002125140937676,0.08,0.0
combined,bistable,stability_loss,24,Moment OU,,0.032286964327026324,,0.20170630690263083,,,,,,,,,,,,False,0.135315,0.026002125140937676,0.08,0.0
combined,bistable,stability_loss,24,Neural SDE (Euler),1.4368911981582642,1.7074694633483887,0.07538180626366295,0.07394314683953931,,-0.2705782651901245,-0.001438659424123634,,,,,,,,,True,0.135315,0.026002125140937676,0.08,0.0
combined,bistable,stability_loss,24,SINDy-STLSQ,1.8057201879793399,3.355798737287584,0.06293569839930793,0.14381329421666875,,-1.550078549308244,0.08087759581736081,,,,,,,,4.0,True,0.135315,0.026002125140937676,0.08,0.0
combined,bistable,stability_loss,25,Bayesian SINDy (spike-slab),,1.4264847236646714,,0.07955416518379964,,,,-0.0,2.291621812151836,0.05137599167950304,0.13154190528662862,0.8398495950997896,0.1132711724560827,0.13245820103115993,2.0,False,0.135315,0.029757776641692463,0.08,0.0
combined,bistable,stability_loss,25,Kalman OU,3.0000000000000004,3.0000000000000004,0.010000000000000005,0.010000000000000005,0.09574923699864821,0.0,0.0,,,,,,,,,True,0.135315,0.029757776641692463,0.08,0.0
combined,bistable,stability_loss,25,Latent Neural SDE (VI),1.6960777044296265,1.2481244802474976,0.044484050849533954,0.09339207768668278,0.011828412607733442,0.4479532241821289,0.04890802683714883,,,,,,,,,True,0.135315,0.029757776641692463,0.08,0.0
combined,bistable,stability_loss,25,Moment OU,,,,,,,,,,,,,,,,False,0.135315,0.029757776641692463,0.08,0.0
combined,bistable,stability_loss,25,Neural SDE (Euler),,1.3919923305511475,,0.06979323066016116,,,,,,,,,,,,False,0.135315,0.029757776641692463,0.08,0.0
combined,bistable,stability_loss,25,SINDy-STLSQ,,2.2150026239884975,,0.07353471870533064,,,,,,,,,,,4.0,False,0.135315,0.029757776641692463,0.08,0.0
combined,bistable,stability_loss,26,Bayesian SINDy (spike-slab),1.6187640059529587,1.1003869762621856,0.10387470567293924,0.163083140221745,,0.518377029690773,0.059208434548805755,-0.38049985610597964,3.6527061007184702,0.0935041133982388,0.3041751215420034,0.8009069984564372,0.24041167766079413,0.6077230957852754,3.0,True,0.135315,0.026927289318408387,0.08,0.0
combined,bistable,stability_loss,26,Kalman OU,3.0000000000000004,0.06541185377006331,0.010000000000000005,0.3008189834847024,0.0010000000000000002,2.9345881462299372,0.29081898348470236,,,,,,,,,True,0.135315,0.026927289318408387,0.08,0.0
combined,bistable,stability_loss,26,Latent Neural SDE (VI),1.9386794567108154,-1.7075655460357666,0.13530145194064291,0.15278492548072073,0.056244352676227384,3.646245002746582,0.017483473540077815,,,,,,,,,True,0.135315,0.026927289318408387,0.08,0.0
combined,bistable,stability_loss,26,Moment OU,,0.2707981557746867,,0.4468626328004743,,,,,,,,,,,,False,0.135315,0.026927289318408387,0.08,0.0
combined,bistable,stability_loss,26,Neural SDE (Euler),1.6219911575317383,0.2081824690103531,0.16092153880725277,0.06936486587038,,1.4138086885213852,-0.09155667293687277,,,,,,,,,True,0.135315,0.026927289318408387,0.08,0.0
combined,bistable,stability_loss,26,SINDy-STLSQ,1.763093123037416,0.3378304643006058,0.1085476166361499,0.12648984401880078,,1.4252626587368102,0.017942227382650888,,,,,,,,4.0,True,0.135315,0.026927289318408387,0.08,0.0
combined,bistable,stability_loss,27,Bayesian SINDy (spike-slab),,1.1224122481599619,,0.08321435415788761,,,,-0.0,2.4247336492682607,0.058201537375559595,0.13397508681682604,0.6371322121457281,0.06870276513992654,0.21098104684054983,2.0,False,0.135315,0.030252476826701968,0.08,0.0
combined,bistable,stability_loss,27,Kalman OU,3.0000000000000004,3.0000000000000004,0.010000000000000005,0.10507567546898743,0.05899217656087286,0.0,0.09507567546898742,,,,,,,,,True,0.135315,0.030252476826701968,0.08,0.0
combined,bistable,stability_loss,27,Latent Neural SDE (VI),2.0383546352386475,1.2304744720458984,0.07120584370117879,0.08748378128928713,0.009227426890504747,0.807880163192749,0.016277937588108346,,,,,,,,,True,0.135315,0.030252476826701968,0.08,0.0
combined,bistable,stability_loss,27,Moment OU,,,,,,,,,,,,,,,,False,0.135315,0.030252476826701968,0.08,0.0
combined,bistable,stability_loss,27,Neural SDE (Euler),,1.3875761032104492,,0.1512571599508016,,,,,,,,,,,,False,0.135315,0.030252476826701968,0.08,0.0
combined,bistable,stability_loss,27,SINDy-STLSQ,,0.8658402222251006,,0.08208391287038506,,,,,,,,,,,4.0,False,0.135315,0.030252476826701968,0.08,0.0
combined,bistable,stability_loss,28,Bayesian SINDy (spike-slab),1.4500726124886654,1.3225599343173362,0.10321337619257612,0.06996268500835084,,0.12751267817132916,-0.03325069118422527,-0.0,2.131008610833142,0.04730903915140788,0.11231060905771756,0.8177966512034135,0.03563318151716472,0.11973415451264706,2.0,True,0.135315,0.03008560517534985,0.08,0.0
combined,bistable,stability_loss,28,Kalman OU,0.2061908353921634,3.0000000000000004,0.03372155859944263,0.010000000000000005,0.07180232139368652,-2.793809164607837,-0.023721558599442628,,,,,,,,,True,0.135315,0.03008560517534985,0.08,0.0
combined,bistable,stability_loss,28,Latent Neural SDE (VI),1.5948821306228638,1.4854679107666016,0.08582257443626862,0.0656857921386769,0.00863840246873873,0.10941421985626221,-0.02013678229759172,,,,,,,,,True,0.135315,0.03008560517534985,0.08,0.0
combined,bistable,stability_loss,28,Moment OU,,,,,,,,,,,,,,,,False,0.135315,0.03008560517534985,0.08,0.0
combined,bistable,stability_loss,28,Neural SDE (Euler),1.4943690299987793,1.8300645351409912,0.09581938763786133,0.07648280413308323,,-0.3356955051422119,-0.0193365835047781,,,,,,,,,True,0.135315,0.03008560517534985,0.08,0.0
combined,bistable,stability_loss,28,SINDy-STLSQ,1.8499826760848619,1.7357600197324965,0.10952434380204545,0.07030165651227817,,0.11422265635236539,-0.039222687289767286,,,,,,,,4.0,True,0.135315,0.03008560517534985,0.08,0.0
combined,bistable,stability_loss,29,Bayesian SINDy (spike-slab),1.3789565645854418,,0.08233335059821424,,,,,,,,,,,,,False,0.135315,0.030196532013684597,0.08,0.0
combined,bistable,stability_loss,29,Kalman OU,3.0000000000000004,0.6333699939131232,0.010000000000000005,0.05910449064130584,0.085749312126081,2.3666300060868775,0.04910449064130583,,,,,,,,,True,0.135315,0.030196532013684597,0.08,0.0
combined,bistable,stability_loss,29,Latent Neural SDE (VI),1.357970952987671,1.257954716682434,0.09284300734148455,0.09492694885050626,0.011968801884743318,0.10001623630523682,0.0020839415090217056,,,,,,,,,True,0.135315,0.030196532013684597,0.08,0.0
combined,bistable,stability_loss,29,Moment OU,,,,,,,,,,,,,,,,False,0.135315,0.030196532013684597,0.08,0.0
combined,bistable,stability_loss,29,Neural SDE (Euler),2.5743439197540283,,0.053271967907198424,,,,,,,,,,,,,False,0.135315,0.030196532013684597,0.08,0.0
combined,bistable,stability_loss,29,SINDy-STLSQ,2.1429071714159855,,0.08059597732329625,,,,,,,,,,,,,False,0.135315,0.030196532013684597,0.08,0.0
combined,bistable,stationary,0,Bayesian SINDy (spike-slab),1.5311908035054813,1.9739129914004263,0.04409377385065206,0.026877471482523497,,-0.442722187894945,-0.01721630236812856,1.4425991157206053,2.991698537052907,0.013612502466439053,0.043539092304569454,0.999928648810197,0.22103714776189703,0.21722737941422898,2.0,True,0.8000000000000002,0.029947144528283377,0.08,0.0
combined,bistable,stationary,0,Kalman OU,3.0000000000000004,3.0000000000000004,0.010000000000000005,0.010000000000000005,0.058389260172188075,0.0,0.0,,,,,,,,,True,0.8000000000000002,0.029947144528283377,0.08,0.0
combined,bistable,stationary,0,Latent Neural SDE (VI),0.7442959547042847,1.5594103336334229,0.06960689220824921,0.04100843108684048,0.0070214892732414136,-0.8151143789291382,-0.028598461121408736,,,,,,,,,True,0.8000000000000002,0.029947144528283377,0.08,0.0
combined,bistable,stationary,0,Moment OU,,,,,,,,,,,,,,,,False,0.8000000000000002,0.029947144528283377,0.08,0.0
combined,bistable,stationary,0,Neural SDE (Euler),3.706373453140259,3.9643619060516357,0.009556847133286353,0.015384120137157117,,-0.25798845291137695,0.005827273003870764,,,,,,,,,True,0.8000000000000002,0.029947144528283377,0.08,0.0
combined,bistable,stationary,0,SINDy-STLSQ,1.9727869722926503,2.706428623611681,0.04629941429765284,0.018068670994554347,,-0.7336416513190305,-0.02823074330309849,,,,,,,,4.0,True,0.8000000000000002,0.029947144528283377,0.08,0.0
combined,bistable,stationary,1,Bayesian SINDy (spike-slab),0.7198981425082942,1.706001522873072,0.07680548238856913,0.06943980401889221,,-0.9861033803647778,-0.007365678369676915,-0.0,3.0953456401863515,0.04559846006085264,0.11511623562645415,0.6994247672874055,0.030992252909959758,0.29736048904368134,2.0,True,0.8000000000000002,0.03021038435975907,0.08,0.0
combined,bistable,stationary,1,Kalman OU,0.7084674455259697,3.0000000000000004,0.050648651952060975,0.010000000000000005,0.06829493891292844,-2.291532554474031,-0.040648651952060966,,,,,,,,,True,0.8000000000000002,0.03021038435975907,0.08,0.0
combined,bistable,stationary,1,Latent Neural SDE (VI),1.2937895059585571,1.9013431072235107,0.08944550213685114,0.056075089459449334,0.00905827264802542,-0.6075536012649536,-0.0333704126774018,,,,,,,,,True,0.8000000000000002,0.03021038435975907,0.08,0.0
combined,bistable,stationary,1,Moment OU,,,,,,,,,,,,,,,,False,0.8000000000000002,0.03021038435975907,0.08,0.0
combined,bistable,stationary,1,Neural SDE (Euler),1.8778671026229858,3.065074920654297,0.09285439629781828,0.0745423001282817,,-1.187207818031311,-0.01831209616953658,,,,,,,,,True,0.8000000000000002,0.03021038435975907,0.08,0.0
combined,bistable,stationary,1,SINDy-STLSQ,1.4241299476574012,1.928365356973518,0.07104843061396163,0.07540239034383227,,-0.5042354093161168,0.004353959729870641,,,,,,,,3.0,True,0.8000000000000002,0.03021038435975907,0.08,0.0
combined,bistable,stationary,2,Bayesian SINDy (spike-slab),1.0990532726412474,0.7744833020004472,0.08221596403556336,0.08534919164958361,,0.3245699706408002,0.0031332276140202536,-0.0,1.9698993031506296,0.05630685279642096,0.13120420026939483,0.49630588049274516,0.027921870522306654,0.14153737743474568,1.0,True,0.8000000000000002,0.02990496796606702,0.08,0.0
combined,bistable,stationary,2,Kalman OU,3.0000000000000004,3.0000000000000004,0.010000000000000005,0.16560367821207161,0.0010000000000000002,0.0,0.1556036782120716,,,,,,,,,True,0.8000000000000002,0.02990496796606702,0.08,0.0
combined,bistable,stationary,2,Latent Neural SDE (VI),1.4642575979232788,1.0154237747192383,0.06354301303090842,0.05214056112322568,0.008252575493737457,0.4488338232040405,-0.011402451907682742,,,,,,,,,True,0.8000000000000002,0.02990496796606702,0.08,0.0
combined,bistable,stationary,2,Moment OU,1.37132166971995,,0.03522726623236314,,,,,,,,,,,,,False,0.8000000000000002,0.02990496796606702,0.08,0.0
combined,bistable,stationary,2,Neural SDE (Euler),1.7766205072402954,1.168881893157959,0.08258655029658529,0.06165108551873913,,0.6077386140823364,-0.020935464777846163,,,,,,,,,True,0.8000000000000002,0.02990496796606702,0.08,0.0
combined,bistable,stationary,2,SINDy-STLSQ,1.9405120886124843,1.2429327353551654,0.0815440368394659,0.0819922133916799,,0.6975793532573189,0.0004481765522140052,,,,,,,,3.0,True,0.8000000000000002,0.02990496796606702,0.08,0.0
combined,bistable,stationary,3,Bayesian SINDy (spike-slab),4.183662517319215,,0.06663694940804903,,,,,,,,,,,,,False,0.8000000000000002,0.02988945217387427,0.08,0.0
combined,bistable,stationary,3,Kalman OU,3.0000000000000004,3.0000000000000004,0.010000000000000005,0.19126096908505055,0.0010000000000000002,0.0,0.18126096908505054,,,,,,,,,True,0.8000000000000002,0.02988945217387427,0.08,0.0
combined,bistable,stationary,3,Latent Neural SDE (VI),2.3754425048828125,0.7762830257415771,0.10087665396226864,0.1087438964242044,0.009417308787781882,1.5991594791412354,0.007867242461935764,,,,,,,,,True,0.8000000000000002,0.02988945217387427,0.08,0.0
combined,bistable,stationary,3,Moment OU,,,,,,,,,,,,,,,,False,0.8000000000000002,0.02988945217387427,0.08,0.0
combined,bistable,stationary,3,Neural SDE (Euler),3.08034086227417,,0.0968243892748288,,,,,,,,,,,,,False,0.8000000000000002,0.02988945217387427,0.08,0.0
combined,bistable,stationary,3,SINDy-STLSQ,6.796033038925921,,0.045308651219032804,,,,,,,,,,,,,False,0.8000000000000002,0.02988945217387427,0.08,0.0
combined,bistable,stationary,4,Bayesian SINDy (spike-slab),0.9547690011044858,1.1009614049273415,0.054414903443123296,0.12665909197981556,,-0.1461924038228557,0.07224418853669226,-0.0,1.9266663513824227,0.08304756751847878,0.2084831466658473,0.7581061687584856,0.05375046705677896,0.09464819326036014,2.0,True,0.8000000000000002,0.03002808011580113,0.08,0.0
combined,bistable,stationary,4,Kalman OU,3.0000000000000004,3.0000000000000004,0.010000000000000005,0.010000000000000005,0.11976511961764995,0.0,0.0,,,,,,,,,True,0.8000000000000002,0.03002808011580113,0.08,0.0
combined,bistable,stationary,4,Latent Neural SDE (VI),0.9062086939811707,1.28559410572052,0.06865635494611169,0.11937786993923181,0.014710838238988886,-0.37938541173934937,0.05072151499312012,,,,,,,,,True,0.8000000000000002,0.03002808011580113,0.08,0.0
combined,bistable,stationary,4,Moment OU,,,,,,,,,,,,,,,,False,0.8000000000000002,0.03002808011580113,0.08,0.0
combined,bistable,stationary,4,Neural SDE (Euler),1.0339264869689941,1.5562450885772705,0.10327569867486763,0.09977615647695641,,-0.5223186016082764,-0.0034995421979112235,,,,,,,,,True,0.8000000000000002,0.03002808011580113,0.08,0.0
combined,bistable,stationary,4,SINDy-STLSQ,0.36143736268989624,1.4964068200866072,0.05576530667883001,0.12353134380430192,,-1.134969457396711,0.06776603712547191,,,,,,,,4.0,True,0.8000000000000002,0.03002808011580113,0.08,0.0
combined,bistable,stationary,5,Bayesian SINDy (spike-slab),2.1178318712551922,0.9796251209279275,0.0656264820913578,0.08191719914203492,,1.1382067503272646,0.016290717050677125,-0.0,1.8388561294371897,0.05423332625432947,0.13339486644518425,0.8597502969642767,0.018053920230815878,0.06112351708479373,2.0,True,0.8000000000000002,0.029929723449743297,0.08,0.0
combined,bistable,stationary,5,Kalman OU,3.0000000000000004,1.7293336259441567,0.010000000000000005,0.1722794718123825,0.0010000000000000002,1.2706663740558437,0.1622794718123825,,,,,,,,,True,0.8000000000000002,0.029929723449743297,0.08,0.0
combined,bistable,stationary,5,Latent Neural SDE (VI),1.9439542293548584,1.6450178623199463,0.05591285069117424,0.07536360668013224,0.011237092168917958,0.2989363670349121,0.019450755988958,,,,,,,,,True,0.8000000000000002,0.029929723449743297,0.08,0.0
combined,bistable,stationary,5,Moment OU,,0.8547535249480176,,0.06673400798193746,,,,,,,,,,,,False,0.8000000000000002,0.029929723449743297,0.08,0.0
combined,bistable,stationary,5,Neural SDE (Euler),1.56546950340271,2.217294216156006,0.15225355741241006,0.08357701595508589,,-0.6518247127532959,-0.06867654145732417,,,,,,,,,True,0.8000000000000002,0.029929723449743297,0.08,0.0
combined,bistable,stationary,5,SINDy-STLSQ,3.5960395590759404,2.18336537771765,0.057125342243549565,0.07199422252437561,,1.4126741813582906,0.014868880280826044,,,,,,,,4.0,True,0.8000000000000002,0.029929723449743297,0.08,0.0
combined,bistable,stationary,6,Bayesian SINDy (spike-slab),1.4527529580794345,0.6318910965912056,0.08712019214195722,0.0706411062094308,,0.8208618614882289,-0.01647908593252642,-0.0,2.1373593756703313,0.04687492622466144,0.10430037294125181,0.2667797229632627,0.04112773168467735,0.28489744983840937,1.0,True,0.8000000000000002,0.030052966496354756,0.08,0.0
combined,bistable,stationary,6,Kalman OU,3.0000000000000004,1.7424456959091401,0.010000000000000005,0.13540047764452903,0.0010000000000000002,1.2575543040908603,0.12540047764452902,,,,,,,,,True,0.8000000000000002,0.030052966496354756,0.08,0.0
combined,bistable,stationary,6,Latent Neural SDE (VI),1.866700530052185,1.0193263292312622,0.10167596290194184,0.06819131714314128,0.008742169737903887,0.8473742008209229,-0.03348464575880056,,,,,,,,,True,0.8000000000000002,0.030052966496354756,0.08,0.0
combined,bistable,stationary,6,Moment OU,,,,,,,,,,,,,,,,False,0.8000000000000002,0.030052966496354756,0.08,0.0
combined,bistable,stationary,6,Neural SDE (Euler),2.52866792678833,1.582305908203125,0.10701600745827594,0.06022546481073703,,0.9463620185852051,-0.04679054264753891,,,,,,,,,True,0.8000000000000002,0.030052966496354756,0.08,0.0
combined,bistable,stationary,6,SINDy-STLSQ,2.113806002143861,1.6289654111769538,0.09120179977266668,0.0652472730999558,,0.4848405909669071,-0.02595452667271088,,,,,,,,4.0,True,0.8000000000000002,0.030052966496354756,0.08,0.0
combined,bistable,stationary,7,Bayesian SINDy (spike-slab),1.184017902908584,,0.08027256574239287,,,,,,,,,,,,,False,0.8000000000000002,0.029946523005779963,0.08,0.0
combined,bistable,stationary,7,Kalman OU,0.7577243612860194,2.314724604929921,0.028033052837447003,0.17348067294071753,0.039702584490279365,-1.5570002436439014,0.14544762010327053,,,,,,,,,True,0.8000000000000002,0.029946523005779963,0.08,0.0
combined,bistable,stationary,7,Latent Neural SDE (VI),1.6217873096466064,1.2014117240905762,0.05172473139640537,0.0846150895320997,0.010449998189509356,0.4203755855560303,0.03289035813569433,,,,,,,,,True,0.8000000000000002,0.029946523005779963,0.08,0.0
combined,bistable,stationary,7,Moment OU,,,,,,,,,,,,,,,,False,0.8000000000000002,0.029946523005779963,0.08,0.0
combined,bistable,stationary,7,Neural SDE (Euler),1.7435168027877808,,0.08314964348360547,,,,,,,,,,,,,False,0.8000000000000002,0.029946523005779963,0.08,0.0
combined,bistable,stationary,7,SINDy-STLSQ,2.981276186309366,,0.06561635351443343,,,,,,,,,,,,,False,0.8000000000000002,0.029946523005779963,0.08,0.0
combined,bistable,stationary,8,Bayesian SINDy (spike-slab),1.694481534492528,5.237050686213921,0.05306958304692556,0.05207301021340552,,-3.542569151721393,-0.0009965728335200388,-0.0,9.971310868538486,0.028924921778122385,0.10123627798126265,0.10651089396157956,0.7846399035085831,0.7875853077624007,3.0,True,0.8000000000000002,0.02987754849940762,0.08,0.0
combined,bistable,stationary,8,Kalman OU,3.0000000000000004,0.6150725447344987,0.010000000000000005,0.04266877935516334,0.05792755075684537,2.384927455265502,0.03266877935516334,,,,,,,,,True,0.8000000000000002,0.02987754849940762,0.08,0.0
combined,bistable,stationary,8,Latent Neural SDE (VI),1.8260902166366577,0.8513170480728149,0.03802770667281599,0.06789953112221932,0.008377209781525018,0.9747731685638428,0.029871824449403325,,,,,,,,,True,0.8000000000000002,0.02987754849940762,0.08,0.0
combined,bistable,stationary,8,Moment OU,,,,,,,,,,,,,,,,False,0.8000000000000002,0.02987754849940762,0.08,0.0
combined,bistable,stationary,8,Neural SDE (Euler),2.559957504272461,3.132293701171875,0.04988762922717314,0.043189896774178504,,-0.5723361968994141,-0.006697732452994633,,,,,,,,,True,0.8000000000000002,0.02987754849940762,0.08,0.0
combined,bistable,stationary,8,SINDy-STLSQ,3.210435721613504,7.151644624847428,0.04259532463290472,0.04443911553396789,,-3.941208903233924,0.0018437909010631734,,,,,,,,4.0,True,0.8000000000000002,0.02987754849940762,0.08,0.0
combined,bistable,stationary,9,Bayesian SINDy (spike-slab),1.0744526635861513,0.13030770880945897,0.09271480901209454,0.07973601162669375,,0.9441449547766924,-0.012978797385400795,-0.0,1.7391969948917922,0.052484077353333776,0.12458663540131915,0.1128258219637484,0.05379960996814559,0.028349319147282667,1.0,True,0.8000000000000002,0.02990718697775211,0.08,0.0
combined,bistable,stationary,9,Kalman OU,3.0000000000000004,1.2067069284538698,0.010000000000000005,0.13736721799579982,0.0010000000000000002,1.7932930715461306,0.1273672179957998,,,,,,,,,True,0.8000000000000002,0.02990718697775211,0.08,0.0
combined,bistable,stationary,9,Latent Neural SDE (VI),1.1747299432754517,1.8631553649902344,0.07490585254070244,0.03816569739624029,0.010367566024018955,-0.6884254217147827,-0.03674015514446215,,,,,,,,,True,0.8000000000000002,0.02990718697775211,0.08,0.0
combined,bistable,stationary,9,Moment OU,,,,,,,,,,,,,,,,False,0.8000000000000002,0.02990718697775211,0.08,0.0
combined,bistable,stationary,9,Neural SDE (Euler),1.5936033725738525,1.4564919471740723,0.018040847316015348,0.057191826689222895,,0.13711142539978027,0.03915097937320755,,,,,,,,,True,0.8000000000000002,0.02990718697775211,0.08,0.0
combined,bistable,stationary,9,SINDy-STLSQ,3.206361733731703,1.779257628022749,0.0800182849823536,0.06559454813941967,,1.4271041057089542,-0.014423736842933924,,,,,,,,4.0,True,0.8000000000000002,0.02990718697775211,0.08,0.0
combined,bistable,stationary,10,Bayesian SINDy (spike-slab),1.3883645186332956,2.383361002255796,0.038029483163456994,0.050101734037847914,,-0.9949964836225003,0.01207225087439092,1.7583456395574566,3.018171685267981,0.03395824685035751,0.07644818271375566,0.9992432168809203,0.0441180833678967,0.03871117976354778,2.0,True,0.8000000000000002,0.02996415994599752,0.08,0.0
combined,bistable,stationary,10,Kalman OU,3.0000000000000004,3.0000000000000004,0.010000000000000005,0.010000000000000005,0.07567515319929939,0.0,0.0,,,,,,,,,True,0.8000000000000002,0.02996415994599752,0.08,0.0
combined,bistable,stationary,10,Latent Neural SDE (VI),1.0267975330352783,3.5683557987213135,0.0629085716347307,0.06594781515496698,0.008709267867508327,-2.541558265686035,0.0030392435202362816,,,,,,,,,True,0.8000000000000002,0.02996415994599752,0.08,0.0
combined,bistable,stationary,10,Moment OU,,,,,,,,,,,,,,,,False,0.8000000000000002,0.02996415994599752,0.08,0.0
combined,bistable,stationary,10,Neural SDE (Euler),1.4231188297271729,3.9060261249542236,0.04191334276943388,0.05086970251969563,,-2.482907295227051,0.008956359750261753,,,,,,,,,True,0.8000000000000002,0.02996415994599752,0.08,0.0
combined,bistable,stationary,10,SINDy-STLSQ,1.5415536361470297,2.622184630245335,0.03832220649843805,0.053912373341432444,,-1.0806309940983052,0.015590166842994392,,,,,,,,4.0,True,0.8000000000000002,0.02996415994599752,0.08,0.0
combined,bistable,stationary,11,Bayesian SINDy (spike-slab),1.1199336772916193,0.8623973460675374,0.08099296185707436,0.07905914249361475,,0.2575363312240819,-0.001933819363459613,-0.0,2.0933825295040234,0.04814832565109804,0.13394810714475053,0.4370361924940947,0.017716291304320186,0.3219825762092124,1.0,True,0.8000000000000002,0.029882328094512557,0.08,0.0
combined,bistable,stationary,11,Kalman OU,1.2355019659330104,2.19064668239278,0.13595395037548355,0.18346337326889497,0.0010000000000000002,-0.9551447164597697,0.047509422893411424,,,,,,,,,True,0.8000000000000002,0.029882328094512557,0.08,0.0
combined,bistable,stationary,11,Latent Neural SDE (VI),0.7261651754379272,1.0344882011413574,0.07183153243721065,0.09044079591299568,0.010822551226924614,-0.3083230257034302,0.018609263475785037,,,,,,,,,True,0.8000000000000002,0.029882328094512557,0.08,0.0
combined,bistable,stationary,11,Moment OU,1.9120789520683004,0.6228805649656478,0.17559682383355593,0.04809601029692384,,1.2891983871026524,-0.1275008135366321,,,,,,,,,True,0.8000000000000002,0.029882328094512557,0.08,0.0
combined,bistable,stationary,11,Neural SDE (Euler),1.2366000413894653,2.4086689949035645,0.07720379721859193,0.08038295842379825,,-1.1720689535140991,0.003179161205206324,,,,,,,,,True,0.8000000000000002,0.029882328094512557,0.08,0.0
combined,bistable,stationary,11,SINDy-STLSQ,1.412345827515851,1.3911754348739873,0.08550216210460057,0.07601160437320059,,0.0211703926418636,-0.009490557731399979,,,,,,,,4.0,True,0.8000000000000002,0.029882328094512557,0.08,0.0
combined,bistable,stationary,12,Bayesian SINDy (spike-slab),1.398308770023624,1.8297704095452056,0.05747761630174994,0.04559753243218141,,-0.43146163952158156,-0.011880083869568528,1.1218722357214268,2.7310562336612487,0.03127901460701628,0.06963614147052846,0.9658037491299885,0.061454776680942555,0.04703401011675211,2.0,True,0.8000000000000002,0.02992692439248426,0.08,0.0
combined,bistable,stationary,12,Kalman OU,3.0000000000000004,3.0000000000000004,0.010000000000000005,0.010000000000000005,0.05061182138012629,0.0,0.0,,,,,,,,,True,0.8000000000000002,0.02992692439248426,0.08,0.0
combined,bistable,stationary,12,Latent Neural SDE (VI),0.9071767330169678,2.4461710453033447,0.06315189695722763,0.03455635143981677,0.006144760613019139,-1.538994312286377,-0.028595545517410857,,,,,,,,,True,0.8000000000000002,0.02992692439248426,0.08,0.0
combined,bistable,stationary,12,Moment OU,,,,,,,,,,,,,,,,False,0.8000000000000002,0.02992692439248426,0.08,0.0
combined,bistable,stationary,12,Neural SDE (Euler),0.8256999850273132,2.5708372592926025,0.057289272444094985,0.03761588264303144,,-1.7451372742652893,-0.01967338980106355,,,,,,,,,True,0.8000000000000002,0.02992692439248426,0.08,0.0
combined,bistable,stationary,12,SINDy-STLSQ,1.288312977947274,2.2134082855703023,0.04473851439594968,0.041614952711684736,,-0.9250953076230284,-0.003123561684264947,,,,,,,,4.0,True,0.8000000000000002,0.02992692439248426,0.08,0.0
combined,bistable,stationary,13,Bayesian SINDy (spike-slab),,0.19598718480653507,,0.0665135694492874,,,,-0.0,1.2699901043544404,0.0440554310029049,0.09894617381133584,0.19413562111068383,0.027489748277646893,0.026428298086245524,1.0,False,0.8000000000000002,0.03011219222348418,0.08,0.0
combined,bistable,stationary,13,Kalman OU,3.0000000000000004,1.4864054495738892,0.010000000000000005,0.0983510064714034,0.0010000000000000002,1.5135945504261112,0.08835100647140338,,,,,,,,,True,0.8000000000000002,0.03011219222348418,0.08,0.0
combined,bistable,stationary,13,Latent Neural SDE (VI),2.0443575382232666,0.7761143445968628,0.05344087736811854,0.06006698200788317,0.006813039840200796,1.2682431936264038,0.006626104639764631,,,,,,,,,True,0.8000000000000002,0.03011219222348418,0.08,0.0
combined,bistable,stationary,13,Moment OU,,,,,,,,,,,,,,,,False,0.8000000000000002,0.03011219222348418,0.08,0.0
combined,bistable,stationary,13,Neural SDE (Euler),,0.7532507181167603,,0.06438187051979614,,,,,,,,,,,,False,0.8000000000000002,0.03011219222348418,0.08,0.0
combined,bistable,stationary,13,SINDy-STLSQ,,1.1077441481472823,,0.06381412684616668,,,,,,,,,,,4.0,False,0.8000000000000002,0.03011219222348418,0.08,0.0
combined,bistable,stationary,14,Bayesian SINDy (spike-slab),1.1053115944731324,,0.08370419441146812,,,,,,,,,,,,,False,0.8000000000000002,0.030021598222697572,0.08,0.0
combined,bistable,stationary,14,Kalman OU,3.0000000000000004,0.2950603399377069,0.010000000000000005,0.058535184299895314,0.039273459721773776,2.7049396600622937,0.04853518429989531,,,,,,,,,True,0.8000000000000002,0.030021598222697572,0.08,0.0
combined,bistable,stationary,14,Latent Neural SDE (VI),2.1473984718322754,1.0285160541534424,0.06712650087717156,0.04398899604537604,0.010469478878723801,1.118882417678833,-0.023137504831795525,,,,,,,,,True,0.8000000000000002,0.030021598222697572,0.08,0.0
combined,bistable,stationary,14,Moment OU,,,,,,,,,,,,,,,,False,0.8000000000000002,0.030021598222697572,0.08,0.0
combined,bistable,stationary,14,Neural SDE (Euler),4.3690056800842285,,0.07147826343410103,,,,,,,,,,,,,False,0.8000000000000002,0.030021598222697572,0.08,0.0
combined,bistable,stationary,14,SINDy-STLSQ,3.0799557533906645,,0.07443560188232239,,,,,,,,,,,,,False,0.8000000000000002,0.030021598222697572,0.08,0.0
combined,bistable,stationary,15,Bayesian SINDy (spike-slab),,1.42968654434516,,0.12042270243016613,,,,-0.0,2.541994602300699,0.07971856572341189,0.18992359778099233,0.8283366600280103,0.03690468485195904,0.02762470341904732,2.0,False,0.8000000000000002,0.03003981613251318,0.08,0.0
combined,bistable,stationary,15,Kalman OU,3.0000000000000004,3.0000000000000004,0.010000000000000005,0.010000000000000005,0.09786248433076886,0.0,0.0,,,,,,,,,True,0.8000000000000002,0.03003981613251318,0.08,0.0
combined,bistable,stationary,15,Latent Neural SDE (VI),1.7939579486846924,1.9732387065887451,0.07644689986111665,0.044557093416396666,0.01142590296838373,-0.17928075790405273,-0.03188980644471998,,,,,,,,,True,0.8000000000000002,0.03003981613251318,0.08,0.0
combined,bistable,stationary,15,Moment OU,,,,,,,,,,,,,,,,False,0.8000000000000002,0.03003981613251318,0.08,0.0
combined,bistable,stationary,15,Neural SDE (Euler),,2.5424699783325195,,0.03844773055893572,,,,,,,,,,,,False,0.8000000000000002,0.03003981613251318,0.08,0.0
combined,bistable,stationary,15,SINDy-STLSQ,,2.313643809321691,,0.11987070313411273,,,,,,,,,,,4.0,False,0.8000000000000002,0.03003981613251318,0.08,0.0
combined,bistable,stationary,16,Bayesian SINDy (spike-slab),,2.38241701660696,,0.042292404449158646,,,,1.1005506969651888,3.4995806203010704,0.025948335696200298,0.06866599954003158,0.814658448478944,0.2224900117534325,0.37206337862144706,2.0,False,0.8000000000000002,0.030019206220579513,0.08,0.0
combined,bistable,stationary,16,Kalman OU,3.0000000000000004,3.0000000000000004,0.010000000000000005,0.010000000000000005,0.058986295782027756,0.0,0.0,,,,,,,,,True,0.8000000000000002,0.030019206220579513,0.08,0.0
combined,bistable,stationary,16,Latent Neural SDE (VI),1.2510319948196411,2.4512243270874023,0.09329105181557931,0.042997774703474795,0.00764969565163997,-1.2001923322677612,-0.05029327711210452,,,,,,,,,True,0.8000000000000002,0.030019206220579513,0.08,0.0
combined,bistable,stationary,16,Moment OU,,,,,,,,,,,,,,,,False,0.8000000000000002,0.030019206220579513,0.08,0.0
combined,bistable,stationary,16,Neural SDE (Euler),,2.305729389190674,,0.04572660234182822,,,,,,,,,,,,False,0.8000000000000002,0.030019206220579513,0.08,0.0
combined,bistable,stationary,16,SINDy-STLSQ,,1.6578823628965238,,0.039189619988147954,,,,,,,,,,,4.0,False,0.8000000000000002,0.030019206220579513,0.08,0.0
combined,bistable,stationary,17,Bayesian SINDy (spike-slab),,1.3009116746784966,,0.07420274962685676,,,,0.15170282611525418,2.1654093914713477,0.05258407154255262,0.10575599346803326,0.5347311050832118,0.021236603990377665,0.4957413227214307,2.0,False,0.8000000000000002,0.03016557813451317,0.08,0.0
combined,bistable,stationary,17,Kalman OU,3.0000000000000004,3.0000000000000004,0.010000000000000005,0.010000000000000005,0.08614928894781981,0.0,0.0,,,,,,,,,True,0.8000000000000002,0.03016557813451317,0.08,0.0
combined,bistable,stationary,17,Latent Neural SDE (VI),1.5090832710266113,1.4534385204315186,0.058738959426563646,0.08842190616936546,0.010418226138902259,0.05564475059509277,0.029682946742801815,,,,,,,,,True,0.8000000000000002,0.03016557813451317,0.08,0.0
combined,bistable,stationary,17,Moment OU,,,,,,,,,,,,,,,,False,0.8000000000000002,0.03016557813451317,0.08,0.0
combined,bistable,stationary,17,Neural SDE (Euler),,1.6412653923034668,,0.09368170873769241,,,,,,,,,,,,False,0.8000000000000002,0.03016557813451317,0.08,0.0
combined,bistable,stationary,17,SINDy-STLSQ,,1.031522279064545,,0.07705450186086289,,,,,,,,,,,4.0,False,0.8000000000000002,0.03016557813451317,0.08,0.0
combined,bistable,stationary,18,Bayesian SINDy (spike-slab),1.6975700055628096,0.6634174980255731,0.06469145930894069,0.06244770657441708,,1.0341525075372364,-0.0022437527345236033,-0.0,1.9079434438024776,0.03837135949897325,0.09770830073515695,0.6196665342872433,0.020123705318223738,0.076576053194871,2.0,True,0.8000000000000002,0.029982423667252355,0.08,0.0
combined,bistable,stationary,18,Kalman OU,3.0000000000000004,0.29170647777147096,0.010000000000000005,0.03126763288308576,0.05387765312560581,2.7082935222285296,0.021267632883085755,,,,,,,,,True,0.8000000000000002,0.029982423667252355,0.08,0.0
combined,bistable,stationary,18,Latent Neural SDE (VI),2.360785484313965,1.469442367553711,0.059284849190404665,0.03249910899791992,0.007714992369335348,0.8913431167602539,-0.026785740192484746,,,,,,,,,True,0.8000000000000002,0.029982423667252355,0.08,0.0
combined,bistable,stationary,18,Moment OU,,,,,,,,,,,,,,,,False,0.8000000000000002,0.029982423667252355,0.08,0.0
combined,bistable,stationary,18,Neural SDE (Euler),2.924135684967041,1.1429964303970337,0.05542707895492885,0.04282117260688305,,1.7811392545700073,-0.0126059063480458,,,,,,,,,True,0.8000000000000002,0.029982423667252355,0.08,0.0
combined,bistable,stationary,18,SINDy-STLSQ,1.8368829079610507,1.8746474560990236,0.06534130620012371,0.05148646584212158,,-0.03776454813797292,-0.013854840358002128,,,,,,,,4.0,True,0.8000000000000002,0.029982423667252355,0.08,0.0
combined,bistable,stationary,19,Bayesian SINDy (spike-slab),0.13082055425421973,0.5756581870492377,0.06754860840359632,0.07029559043518047,,-0.4448376327950179,0.002746982031584147,-0.0,2.444669565393796,0.037470460361540905,0.11471054359649388,0.4907967231045983,0.033395552729687125,0.16064214011206104,1.0,True,0.8000000000000002,0.029943836341806872,0.08,0.0
combined,bistable,stationary,19,Kalman OU,0.6602504508794697,0.902651369820709,0.08213772532314711,0.11445381930146564,0.0010000000000000002,-0.24240091894123938,0.03231609397831853,,,,,,,,,True,0.8000000000000002,0.029943836341806872,0.08,0.0
combined,bistable,stationary,19,Latent Neural SDE (VI),1.0139105319976807,1.6619117259979248,0.05753201459124509,0.09230351541103654,0.009583267514387223,-0.6480011940002441,0.034771500819791454,,,,,,,,,True,0.8000000000000002,0.029943836341806872,0.08,0.0
combined,bistable,stationary,19,Moment OU,,,,,,,,,,,,,,,,False,0.8000000000000002,0.029943836341806872,0.08,0.0
combined,bistable,stationary,19,Neural SDE (Euler),1.4500632286071777,4.2723069190979,0.03861297679735946,0.006208082090490668,,-2.8222436904907227,-0.032404894706868796,,,,,,,,,True,0.8000000000000002,0.029943836341806872,0.08,0.0
combined,bistable,stationary,19,SINDy-STLSQ,0.9977041172273826,2.4352952745862537,0.0646300376736919,0.04931627105966738,,-1.437591157358871,-0.015313766614024518,,,,,,,,4.0,True,0.8000000000000002,0.029943836341806872,0.08,0.0
combined,bistable,stationary,20,Bayesian SINDy (spike-slab),1.7704976763458153,,0.060995488405883716,,,,,,,,,,,,,False,0.8000000000000002,0.030105881709925696,0.08,0.0
combined,bistable,stationary,20,Kalman OU,3.0000000000000004,2.579225480445327,0.010000000000000005,0.16233394384594788,0.0010000000000000002,0.42077451955467327,0.15233394384594787,,,,,,,,,True,0.8000000000000002,0.030105881709925696,0.08,0.0
combined,bistable,stationary,20,Latent Neural SDE (VI),1.0337775945663452,0.8474929928779602,0.07587865113680746,0.07918072113338644,0.008182255058620198,0.186284601688385,0.003302069996578977,,,,,,,,,True,0.8000000000000002,0.030105881709925696,0.08,0.0
combined,bistable,stationary,20,Moment OU,,,,,,,,,,,,,,,,False,0.8000000000000002,0.030105881709925696,0.08,0.0
combined,bistable,stationary,20,Neural SDE (Euler),1.4639908075332642,,0.05863103670306986,,,,,,,,,,,,,False,0.8000000000000002,0.030105881709925696,0.08,0.0
combined,bistable,stationary,20,SINDy-STLSQ,1.2479928919805046,,0.0574651219383658,,,,,,,,,,,,,False,0.8000000000000002,0.030105881709925696,0.08,0.0
combined,bistable,stationary,21,Bayesian SINDy (spike-slab),,2.8043886202150667,,0.0456206187198767,,,,-0.0,5.564762548877859,0.028068832583854914,0.09409925133059498,0.10548001027340947,0.8768981397657672,0.883902604074585,3.0,False,0.8000000000000002,0.029960305203462396,0.08,0.0
combined,bistable,stationary,21,Kalman OU,3.0000000000000004,3.0000000000000004,0.010000000000000005,0.15682908124260064,0.0010000000000000002,0.0,0.14682908124260063,,,,,,,,,True,0.8000000000000002,0.029960305203462396,0.08,0.0
combined,bistable,stationary,21,Latent Neural SDE (VI),1.2322626113891602,1.229356050491333,0.0728459794643628,0.05898390416690041,0.008081109562932825,0.0029065608978271484,-0.013862075297462396,,,,,,,,,True,0.8000000000000002,0.029960305203462396,0.08,0.0
combined,bistable,stationary,21,Moment OU,,,,,,,,,,,,,,,,False,0.8000000000000002,0.029960305203462396,0.08,0.0
combined,bistable,stationary,21,Neural SDE (Euler),,2.124657392501831,,0.043095917237593886,,,,,,,,,,,,False,0.8000000000000002,0.029960305203462396,0.08,0.0
combined,bistable,stationary,21,SINDy-STLSQ,,3.503912465669024,,0.042458708154843976,,,,,,,,,,,4.0,False,0.8000000000000002,0.029960305203462396,0.08,0.0
combined,bistable,stationary,22,Bayesian SINDy (spike-slab),2.588612866885618,1.41956182319447,0.0799144552113553,0.07002039893060594,,1.1690510436911479,-0.009894056280749366,0.17850689530758132,2.3782128745703544,0.04878257827807459,0.10163783602008296,0.5205351861896412,0.01843156281404194,0.5237313314059574,3.0,True,0.8000000000000002,0.030008863137257136,0.08,0.0
combined,bistable,stationary,22,Kalman OU,3.0000000000000004,3.0000000000000004,0.010000000000000005,0.010000000000000005,0.0818950799499207,0.0,0.0,,,,,,,,,True,0.8000000000000002,0.030008863137257136,0.08,0.0
combined,bistable,stationary,22,Latent Neural SDE (VI),0.774507462978363,1.5559107065200806,0.09730270038651904,0.06792805456805392,0.010071842872189051,-0.7814032435417175,-0.02937464581846512,,,,,,,,,True,0.8000000000000002,0.030008863137257136,0.08,0.0
combined,bistable,stationary,22,Moment OU,,,,,,,,,,,,,,,,False,0.8000000000000002,0.030008863137257136,0.08,0.0
combined,bistable,stationary,22,Neural SDE (Euler),1.4875857830047607,1.4924486875534058,0.09834640799488169,0.08685715711514062,,-0.0048629045486450195,-0.011489250879741064,,,,,,,,,True,0.8000000000000002,0.030008863137257136,0.08,0.0
combined,bistable,stationary,22,SINDy-STLSQ,4.2497068465537255,0.9940942884732383,0.07711300417567911,0.06954502747754293,,3.2556125580804873,-0.007567976698136178,,,,,,,,4.0,True,0.8000000000000002,0.030008863137257136,0.08,0.0
combined,bistable,stationary,23,Bayesian SINDy (spike-slab),0.15036223983251668,1.552381044484071,0.08259931045093932,0.0680155952631149,,-1.4020188046515545,-0.01458371518782442,0.9237446677330967,2.061663986699837,0.047970493284412455,0.09962842840580345,0.9549013300042662,0.017441073663176234,0.05855788270240102,2.0,True,0.8000000000000002,0.0299806621272659,0.08,0.0
combined,bistable,stationary,23,Kalman OU,1.4963457002226275,3.0000000000000004,0.12965081788694188,0.010000000000000005,0.08346160731276624,-1.503654299777373,-0.11965081788694187,,,,,,,,,True,0.8000000000000002,0.0299806621272659,0.08,0.0
combined,bistable,stationary,23,Latent Neural SDE (VI),0.6103028059005737,1.452243447303772,0.10279529331523946,0.08446720330977556,0.00993731727836652,-0.8419406414031982,-0.0183280900054639,,,,,,,,,True,0.8000000000000002,0.0299806621272659,0.08,0.0
combined,bistable,stationary,23,Moment OU,,,,,,,,,,,,,,,,False,0.8000000000000002,0.0299806621272659,0.08,0.0
combined,bistable,stationary,23,Neural SDE (Euler),0.9425363540649414,1.6393264532089233,0.11784580650797707,0.0819327571348309,,-0.6967900991439819,-0.03591304937314617,,,,,,,,,True,0.8000000000000002,0.0299806621272659,0.08,0.0
combined,bistable,stationary,23,SINDy-STLSQ,0.6770655086546489,1.2298309960265323,0.08250301024935018,0.07358323228008745,,-0.5527654873718835,-0.00891977796926273,,,,,,,,3.0,True,0.8000000000000002,0.0299806621272659,0.08,0.0
combined,bistable,stationary,24,Bayesian SINDy (spike-slab),,1.0090910738758825,,0.06619354869121244,,,,-0.0,2.1923751827910296,0.04012067855044388,0.11129162051508458,0.6758108435025293,0.057964031751424026,0.051138439584485454,2.0,False,0.8000000000000002,0.030005711529364466,0.08,0.0
combined,bistable,stationary,24,Kalman OU,3.0000000000000004,3.0000000000000004,0.010000000000000005,0.010000000000000005,0.06035249832899121,0.0,0.0,,,,,,,,,True,0.8000000000000002,0.030005711529364466,0.08,0.0
combined,bistable,stationary,24,Latent Neural SDE (VI),2.6585278511047363,1.3837885856628418,0.06467663967942702,0.08485178994084008,0.0071772261245321425,1.2747392654418945,0.02017515026141306,,,,,,,,,True,0.8000000000000002,0.030005711529364466,0.08,0.0
combined,bistable,stationary,24,Moment OU,,,,,,,,,,,,,,,,False,0.8000000000000002,0.030005711529364466,0.08,0.0
combined,bistable,stationary,24,Neural SDE (Euler),,2.23012375831604,,0.09786779676357169,,,,,,,,,,,,False,0.8000000000000002,0.030005711529364466,0.08,0.0
combined,bistable,stationary,24,SINDy-STLSQ,,2.2994962205517733,,0.06380138359490765,,,,,,,,,,,4.0,False,0.8000000000000002,0.030005711529364466,0.08,0.0
combined,bistable,stationary,25,Bayesian SINDy (spike-slab),,,,,,,,,,,,,,,,False,0.8000000000000002,0.030057228020054904,0.08,0.0
combined,bistable,stationary,25,Kalman OU,2.179885500637316,0.5279003988815688,0.1982150776206506,0.06221795597041546,0.0010000000000000002,1.6519851017557472,-0.13599712165023514,,,,,,,,,True,0.8000000000000002,0.030057228020054904,0.08,0.0
combined,bistable,stationary,25,Latent Neural SDE (VI),1.3604167699813843,0.5325788855552673,0.10931914133740102,0.03954398095167664,0.007376532225050375,0.8278378844261169,-0.06977516038572437,,,,,,,,,True,0.8000000000000002,0.030057228020054904,0.08,0.0
combined,bistable,stationary,25,Moment OU,,,,,,,,,,,,,,,,False,0.8000000000000002,0.030057228020054904,0.08,0.0
combined,bistable,stationary,25,Neural SDE (Euler),,,,,,,,,,,,,,,,False,0.8000000000000002,0.030057228020054904,0.08,0.0
combined,bistable,stationary,25,SINDy-STLSQ,,,,,,,,,,,,,,,,False,0.8000000000000002,0.030057228020054904,0.08,0.0
combined,bistable,stationary,26,Bayesian SINDy (spike-slab),0.7912675617924958,0.15568921345178416,0.0705099643117972,0.08495138236592656,,0.6355783483407116,0.014441418054129365,-0.0,1.3803688354027237,0.05923983358151151,0.11889818958048116,0.05984061049908542,0.0421246482705776,0.11188788065673701,1.0,True,0.8000000000000002,0.030011251496101777,0.08,0.0
combined,bistable,stationary,26,Kalman OU,2.1334824617851904,1.6586378800642303,0.1302404223382452,0.1389634162943551,0.0010000000000000002,0.4748445817209601,0.008722993956109898,,,,,,,,,True,0.8000000000000002,0.030011251496101777,0.08,0.0
combined,bistable,stationary,26,Latent Neural SDE (VI),1.7837138175964355,0.6525598764419556,0.06181682375647901,0.0835787768504998,0.00884163707105307,1.13115394115448,0.02176195309402079,,,,,,,,,True,0.8000000000000002,0.030011251496101777,0.08,0.0
combined,bistable,stationary,26,Moment OU,,,,,,,,,,,,,,,,False,0.8000000000000002,0.030011251496101777,0.08,0.0
combined,bistable,stationary,26,Neural SDE (Euler),2.0943031311035156,0.984380304813385,0.06800219593091866,0.10863391288346715,,1.1099228262901306,0.04063171695254848,,,,,,,,,True,0.8000000000000002,0.030011251496101777,0.08,0.0
combined,bistable,stationary,26,SINDy-STLSQ,1.1284484630287042,1.734202157826667,0.06913736576966657,0.08129390805405727,,-0.6057536947979629,0.012156542284390698,,,,,,,,4.0,True,0.8000000000000002,0.030011251496101777,0.08,0.0
combined,bistable,stationary,27,Bayesian SINDy (spike-slab),0.8399793474959543,,0.04245154843439465,,,,,,,,,,,,,False,0.8000000000000002,0.02995219879930099,0.08,0.0
combined,bistable,stationary,27,Kalman OU,1.5493289177102518,1.0212558299442673,0.07769205346909956,0.06383873394542106,0.0010000000000000002,0.5280730877659845,-0.013853319523678506,,,,,,,,,True,0.8000000000000002,0.02995219879930099,0.08,0.0
combined,bistable,stationary,27,Latent Neural SDE (VI),0.436102032661438,0.42517149448394775,0.05245783339434802,0.03173916332280022,0.005380788533301181,0.010930538177490234,-0.020718670071547804,,,,,,,,,True,0.8000000000000002,0.02995219879930099,0.08,0.0
combined,bistable,stationary,27,Moment OU,,,,,,,,,,,,,,,,False,0.8000000000000002,0.02995219879930099,0.08,0.0
combined,bistable,stationary,27,Neural SDE (Euler),0.7356427907943726,,0.0531850657627034,,,,,,,,,,,,,False,0.8000000000000002,0.02995219879930099,0.08,0.0
combined,bistable,stationary,27,SINDy-STLSQ,0.959898457354984,,0.04132382737903808,,,,,,,,,,,,,False,0.8000000000000002,0.02995219879930099,0.08,0.0
combined,bistable,stationary,28,Bayesian SINDy (spike-slab),0.8733391078096321,2.002492549269036,0.08273696808653036,0.07462433253083647,,-1.1291534414594042,-0.008112635555693887,-0.0,3.8698904008621993,0.04036163161246319,0.147976572593382,0.734812213980489,0.5687577390283133,0.16781276333023373,3.0,True,0.8000000000000002,0.029952487496500663,0.08,0.0
combined,bistable,stationary,28,Kalman OU,2.1023891886641035,3.0000000000000004,0.16173963795893007,0.010000000000000005,0.07981315091473247,-0.8976108113358969,-0.15173963795893006,,,,,,,,,True,0.8000000000000002,0.029952487496500663,0.08,0.0
combined,bistable,stationary,28,Latent Neural SDE (VI),1.261963963508606,0.9803118705749512,0.08666954062535373,0.08251906593288934,0.009335546304388766,0.2816520929336548,-0.004150474692464393,,,,,,,,,True,0.8000000000000002,0.029952487496500663,0.08,0.0
combined,bistable,stationary,28,Moment OU,,,,,,,,,,,,,,,,False,0.8000000000000002,0.029952487496500663,0.08,0.0
combined,bistable,stationary,28,Neural SDE (Euler),2.226949453353882,1.692072868347168,0.10914374382145099,0.09441290374142211,,0.5348765850067139,-0.014730840080028881,,,,,,,,,True,0.8000000000000002,0.029952487496500663,0.08,0.0
combined,bistable,stationary,28,SINDy-STLSQ,2.010514747776367,2.756573150428853,0.07175525678077635,0.0656341254210501,,-0.7460584026524857,-0.006121131359726251,,,,,,,,4.0,True,0.8000000000000002,0.029952487496500663,0.08,0.0
combined,bistable,stationary,29,Bayesian SINDy (spike-slab),0.45057201014149756,0.21862843722761924,0.08050751291039397,0.1732186348451506,,0.23194357291387832,0.09271112193475663,-0.0,1.520486822156419,0.11636262213694512,0.2551858078680378,0.20535198935785656,0.04004314174590881,0.017911194285529036,1.0,True,0.8000000000000002,0.029933369307818192,0.08,0.0
combined,bistable,stationary,29,Kalman OU,2.424062710532162,2.1731012776778846,0.14646899722393636,0.2745488019338127,0.0010000000000000002,0.2509614328542775,0.12807980470987634,,,,,,,,,True,0.8000000000000002,0.029933369307818192,0.08,0.0
combined,bistable,stationary,29,Latent Neural SDE (VI),1.5223487615585327,1.5537530183792114,0.07970068527879029,0.1559306781383603,0.0160688088126645,-0.03140425682067871,0.07622999285957002,,,,,,,,,True,0.8000000000000002,0.029933369307818192,0.08,0.0
combined,bistable,stationary,29,Moment OU,,1.5688409397417158,,0.19602572776424038,,,,,,,,,,,,False,0.8000000000000002,0.029933369307818192,0.08,0.0
combined,bistable,stationary,29,Neural SDE (Euler),3.5969557762145996,1.7683839797973633,0.06146268872296492,0.19153366838073363,,1.8285717964172363,0.1300709796577687,,,,,,,,,True,0.8000000000000002,0.029933369307818192,0.08,0.0
combined,bistable,stationary,29,SINDy-STLSQ,2.606408911403857,2.7823399941679337,0.06773771106485679,0.13636174530610018,,-0.17593108276407676,0.06862403424124339,,,,,,,,4.0,True,0.8000000000000002,0.029933369307818192,0.08,0.0
combined,saddle_node,noise_growth,0,Bayesian SINDy (spike-slab),1.524832851082725,1.3220153400512984,0.07133048346908226,0.07800328978263764,,0.20281751103142653,0.0066728063135553795,-0.0,2.9362289404597024,0.049833760328821204,0.13318521393461893,0.3476142835747074,0.14488801472942806,0.5213463559579614,2.0,True,0.8000000000000002,0.07297142735500786,0.08,0.0
combined,saddle_node,noise_growth,0,Kalman OU,3.0000000000000004,3.0000000000000004,0.010000000000000005,0.010000000000000005,0.07360465339783459,0.0,0.0,,,,,,,,,True,0.8000000000000002,0.07297142735500786,0.08,0.0
combined,saddle_node,noise_growth,0,Latent Neural SDE (VI),1.138136863708496,1.0249223709106445,0.07434149822910066,0.025673505302871536,0.008782272775130783,0.11321449279785156,-0.04866799292622913,,,,,,,,,True,0.8000000000000002,0.07297142735500786,0.08,0.0
combined,saddle_node,noise_growth,0,Moment OU,,,,,,,,,,,,,,,,False,0.8000000000000002,0.07297142735500786,0.08,0.0
combined,saddle_node,noise_growth,0,Neural SDE (Euler),1.8826972246170044,1.4762946367263794,0.021589120073515197,0.002549637334121443,,0.406402587890625,-0.019039482739393754,,,,,,,,,True,0.8000000000000002,0.07297142735500786,0.08,0.0
combined,saddle_node,noise_growth,0,SINDy-STLSQ,1.68592456401394,1.6616280890640645,0.07486651718374272,0.07388880546174607,,0.024296474949875524,-0.0009777117219966491,,,,,,,,4.0,True,0.8000000000000002,0.07297142735500786,0.08,0.0
combined,saddle_node,noise_growth,1,Bayesian SINDy (spike-slab),0.12130796991873806,1.7067691181568125,0.09695841006153813,0.07171071746232234,,-1.5854611482380745,-0.02524769259921579,-0.0,3.8970182709553027,0.04803951476953039,0.12344112311790321,0.9178738774867238,0.020019436250611873,0.10800440010030829,2.0,True,0.8000000000000002,0.07413997492386074,0.08,0.0
combined,saddle_node,noise_growth,1,Kalman OU,0.6564752997045448,3.0000000000000004,0.07489305263091395,0.010000000000000005,0.06097957708100648,-2.343524700295456,-0.06489305263091394,,,,,,,,,True,0.8000000000000002,0.07413997492386074,0.08,0.0
combined,saddle_node,noise_growth,1,Latent Neural SDE (VI),0.49861523509025574,1.9756752252578735,0.07431502342982825,0.04128115909180966,0.007278739074744241,-1.4770599901676178,-0.03303386433801859,,,,,,,,,True,0.8000000000000002,0.07413997492386074,0.08,0.0
combined,saddle_node,noise_growth,1,Moment OU,,,,,,,,,,,,,,,,False,0.8000000000000002,0.07413997492386074,0.08,0.0
combined,saddle_node,noise_growth,1,Neural SDE (Euler),0.036230817437171936,3.287202835083008,0.10629380362733475,0.054784749644452686,,-3.250972017645836,-0.05150905398288206,,,,,,,,,True,0.8000000000000002,0.07413997492386074,0.08,0.0
combined,saddle_node,noise_growth,1,SINDy-STLSQ,1.9696307417471997,3.4744550103228704,0.08237192350550887,0.0682505254927293,,-1.5048242685756708,-0.014121398012779576,,,,,,,,3.0,True,0.8000000000000002,0.07413997492386074,0.08,0.0
combined,saddle_node,noise_growth,2,Bayesian SINDy (spike-slab),0.18938362591407987,1.1582420655025127,0.12438822313310792,0.059903340755282974,,-0.9688584395884329,-0.06448488237782495,0.7711138930437011,1.5983998652383697,0.04187746401091801,0.08609227225227713,0.9939950843068907,0.027516861579591025,0.02348788411594853,2.0,True,0.8000000000000002,0.07282121961940384,0.08,0.0
combined,saddle_node,noise_growth,2,Kalman OU,1.640432536858249,3.0000000000000004,0.19258129951052774,0.010000000000000005,0.0959521217949602,-1.3595674631417514,-0.18258129951052773,,,,,,,,,True,0.8000000000000002,0.07282121961940384,0.08,0.0
combined,saddle_node,noise_growth,2,Latent Neural SDE (VI),1.083953857421875,0.7463319301605225,0.11512037632003563,0.07691046139461416,0.011361882616127708,0.33762192726135254,-0.03820991492542147,,,,,,,,,True,0.8000000000000002,0.07282121961940384,0.08,0.0
combined,saddle_node,noise_growth,2,Moment OU,0.28892643953312763,,0.059036893623454635,,,,,,,,,,,,,False,0.8000000000000002,0.07282121961940384,0.08,0.0
combined,saddle_node,noise_growth,2,Neural SDE (Euler),0.825275719165802,0.9309144020080566,0.12452124512170763,0.059565189214567806,,-0.10563868284225464,-0.06495605590713982,,,,,,,,,True,0.8000000000000002,0.07282121961940384,0.08,0.0
combined,saddle_node,noise_growth,2,SINDy-STLSQ,1.763619435674217,1.6169973135493714,0.10239690206855145,0.056797189057023675,,0.1466221221248456,-0.04559971301152778,,,,,,,,4.0,True,0.8000000000000002,0.07282121961940384,0.08,0.0
combined,saddle_node,noise_growth,3,Bayesian SINDy (spike-slab),1.3529409891730895,1.1611726978547354,0.06195595570271105,0.07970074560819718,,0.19176829131835404,0.017744789905486127,-0.0,2.811515256005533,0.04880721395929584,0.13989191660780612,0.7475509292196171,0.030768334162791552,0.07765561726042801,2.0,True,0.8000000000000002,0.07379040397260392,0.08,0.0
combined,saddle_node,noise_growth,3,Kalman OU,3.0000000000000004,3.0000000000000004,0.010000000000000005,0.010000000000000005,0.08217674197368269,0.0,0.0,,,,,,,,,True,0.8000000000000002,0.07379040397260392,0.08,0.0
combined,saddle_node,noise_growth,3,Latent Neural SDE (VI),1.2136878967285156,2.6528310775756836,0.06690236435949161,0.055049296238366394,0.009324005014481537,-1.439143180847168,-0.011853068121125215,,,,,,,,,True,0.8000000000000002,0.07379040397260392,0.08,0.0
combined,saddle_node,noise_growth,3,Moment OU,,,,,,,,,,,,,,,,False,0.8000000000000002,0.07379040397260392,0.08,0.0
combined,saddle_node,noise_growth,3,Neural SDE (Euler),1.0757535696029663,3.9493489265441895,0.06146577294091216,0.030315603177280662,,-2.873595356941223,-0.0311501697636315,,,,,,,,,True,0.8000000000000002,0.07379040397260392,0.08,0.0
combined,saddle_node,noise_growth,3,SINDy-STLSQ,1.469125328532152,1.9617672996278583,0.06248627261932428,0.07977450771393416,,-0.4926419710957064,0.017288235094609875,,,,,,,,4.0,True,0.8000000000000002,0.07379040397260392,0.08,0.0
combined,saddle_node,noise_growth,4,Bayesian SINDy (spike-slab),0.5821655266781711,,0.08172028989134116,,,,,,,,,,,,,False,0.8000000000000002,0.07375234184893471,0.08,0.0
combined,saddle_node,noise_growth,4,Kalman OU,0.18901614570488548,0.5008042514145157,0.02732699055755748,0.036745626644309685,0.06485156625132636,-0.3117881057096302,0.009418636086752207,,,,,,,,,True,0.8000000000000002,0.07375234184893471,0.08,0.0
combined,saddle_node,noise_growth,4,Latent Neural SDE (VI),2.3924007415771484,0.5999054908752441,0.058229298843090325,0.0424241832855556,0.00978384951623298,1.7924952507019043,-0.015805115557534728,,,,,,,,,True,0.8000000000000002,0.07375234184893471,0.08,0.0
combined,saddle_node,noise_growth,4,Moment OU,,,,,,,,,,,,,,,,False,0.8000000000000002,0.07375234184893471,0.08,0.0
combined,saddle_node,noise_growth,4,Neural SDE (Euler),2.8831005096435547,,0.06542029589014198,,,,,,,,,,,,,False,0.8000000000000002,0.07375234184893471,0.08,0.0
combined,saddle_node,noise_growth,4,SINDy-STLSQ,2.591112070165792,,0.06350374127889143,,,,,,,,,,,,,False,0.8000000000000002,0.07375234184893471,0.08,0.0
combined,saddle_node,noise_growth,5,Bayesian SINDy (spike-slab),0.3878563686789741,0.876762630829438,0.08696949723458093,0.05037720616958834,,-0.48890626215046384,-0.036592291064992594,0.246672940998146,1.2689049905833603,0.03454136717143366,0.07852728236513601,0.8753659976838607,0.026320945940952953,0.14082010700340802,2.0,True,0.8000000000000002,0.07315342723947524,0.08,0.0
combined,saddle_node,noise_growth,5,Kalman OU,2.0944213075776767,1.0994844282098981,0.15086375033799806,0.16384151196777966,0.0010000000000000002,0.9949368793677786,0.012977761629781592,,,,,,,,,True,0.8000000000000002,0.07315342723947524,0.08,0.0
combined,saddle_node,noise_growth,5,Latent Neural SDE (VI),1.0263516902923584,0.7518649101257324,0.06134283015653279,0.12660212826916337,0.01342406223302141,0.274486780166626,0.06525929811263058,,,,,,,,,True,0.8000000000000002,0.07315342723947524,0.08,0.0
combined,saddle_node,noise_growth,5,Moment OU,,0.6865118309366478,,0.09344008155050054,,,,,,,,,,,,False,0.8000000000000002,0.07315342723947524,0.08,0.0
combined,saddle_node,noise_growth,5,Neural SDE (Euler),1.899472713470459,0.7740644216537476,0.028663078360776063,0.10744641320814878,,1.1254082918167114,0.07878333484737271,,,,,,,,,True,0.8000000000000002,0.07315342723947524,0.08,0.0
combined,saddle_node,noise_growth,5,SINDy-STLSQ,2.2830083675902015,1.1289197114277114,0.07641921906453411,0.05244369836633144,,1.1540886561624901,-0.02397552069820267,,,,,,,,3.0,True,0.8000000000000002,0.07315342723947524,0.08,0.0
combined,saddle_node,noise_growth,6,Bayesian SINDy (spike-slab),0.19168285631531987,1.44840227103772,0.08622518178357794,0.07637230747075212,,-1.2567194147224001,-0.009852874312825818,0.5165974167772143,2.0466698321304633,0.051275194648439694,0.12241998088176939,0.9462307387806523,0.03314538406549034,0.05422333537299057,2.0,True,0.8000000000000002,0.0735682747430307,0.08,0.0
combined,saddle_node,noise_growth,6,Kalman OU,1.5149839641440888,3.0000000000000004,0.1197624448856742,0.010000000000000005,0.10250983144994609,-1.4850160358559117,-0.10976244488567419,,,,,,,,,True,0.8000000000000002,0.0735682747430307,0.08,0.0
combined,saddle_node,noise_growth,6,Latent Neural SDE (VI),2.772813320159912,1.1426693201065063,0.036314441696178965,0.09122648602575978,0.011994112442277874,1.6301440000534058,0.054912044329580814,,,,,,,,,True,0.8000000000000002,0.0735682747430307,0.08,0.0
combined,saddle_node,noise_growth,6,Moment OU,,,,,,,,,,,,,,,,False,0.8000000000000002,0.0735682747430307,0.08,0.0
combined,saddle_node,noise_growth,6,Neural SDE (Euler),5.1709394454956055,0.7870310544967651,0.020280277984412915,0.1587004488441052,,4.38390839099884,0.13842017085969227,,,,,,,,,True,0.8000000000000002,0.0735682747430307,0.08,0.0
combined,saddle_node,noise_growth,6,SINDy-STLSQ,1.6403723757050486,2.8970908273910294,0.07691396131561891,0.07008751557054435,,-1.2567184516859808,-0.006826445745074558,,,,,,,,4.0,True,0.8000000000000002,0.0735682747430307,0.08,0.0
combined,saddle_node,noise_growth,7,Bayesian SINDy (spike-slab),1.1708492159386157,0.3105874438427933,0.11143636920069451,0.14129248573750716,,0.8602617720958223,0.029856116536812652,-0.0,1.9276385801782738,0.0905509363802646,0.22512986260224255,0.21953287675356992,0.05878744235469034,0.05323512022646242,1.0,True,0.8000000000000002,0.07354557792111333,0.08,0.0
combined,saddle_node,noise_growth,7,Kalman OU,3.0000000000000004,1.2430411146680636,0.010000000000000005,0.19994429009733924,0.0010000000000000002,1.756958885331937,0.18994429009733924,,,,,,,,,True,0.8000000000000002,0.07354557792111333,0.08,0.0
combined,saddle_node,noise_growth,7,Latent Neural SDE (VI),2.076662540435791,1.0757100582122803,0.09409316118684262,0.09067986878482848,0.015801317801338643,1.0009524822235107,-0.0034132924020141425,,,,,,,,,True,0.8000000000000002,0.07354557792111333,0.08,0.0
combined,saddle_node,noise_growth,7,Moment OU,,0.5175021028184327,,0.10894652566614359,,,,,,,,,,,,False,0.8000000000000002,0.07354557792111333,0.08,0.0
combined,saddle_node,noise_growth,7,Neural SDE (Euler),2.3367340564727783,3.9200551509857178,0.1169893979480398,0.0006375507495153037,,-1.5833210945129395,-0.1163518471985245,,,,,,,,,True,0.8000000000000002,0.07354557792111333,0.08,0.0
combined,saddle_node,noise_growth,7,SINDy-STLSQ,2.451078130982131,1.1294197924538452,0.10507217002951603,0.13627299917978478,,1.3216583385282856,0.03120082915026874,,,,,,,,4.0,True,0.8000000000000002,0.07354557792111333,0.08,0.0
combined,saddle_node,noise_growth,8,Bayesian SINDy (spike-slab),,1.0085102614051542,,0.06554041085408743,,,,-0.0,2.0769068551590957,0.04407324858056193,0.1037730784338928,0.29383215638192306,0.38376114273479495,0.36614923030573704,1.0,False,0.8000000000000002,0.07444137578641893,0.08,0.0
combined,saddle_node,noise_growth,8,Kalman OU,3.0000000000000004,3.0000000000000004,0.010000000000000005,0.010000000000000005,0.08379079131548606,0.0,0.0,,,,,,,,,True,0.8000000000000002,0.07444137578641893,0.08,0.0
combined,saddle_node,noise_growth,8,Latent Neural SDE (VI),1.495803713798523,1.176488995552063,0.05436452204618773,0.06504229785359172,0.009669422954099264,0.31931471824645996,0.010677775807403991,,,,,,,,,True,0.8000000000000002,0.07444137578641893,0.08,0.0
combined,saddle_node,noise_growth,8,Moment OU,,3.759275036792248,,0.09592805570156909,,,,,,,,,,,,False,0.8000000000000002,0.07444137578641893,0.08,0.0
combined,saddle_node,noise_growth,8,Neural SDE (Euler),,0.4302576184272766,,0.07969546869559385,,,,,,,,,,,,False,0.8000000000000002,0.07444137578641893,0.08,0.0
combined,saddle_node,noise_growth,8,SINDy-STLSQ,,0.7309274279391607,,0.06368121828139305,,,,,,,,,,,3.0,False,0.8000000000000002,0.07444137578641893,0.08,0.0
combined,saddle_node,noise_growth,9,Bayesian SINDy (spike-slab),,1.2016073733729689,,0.07006454616591781,,,,-0.0,2.530806344144137,0.04395807827617555,0.109473013609262,0.5983895370448573,0.2032910388725134,0.1198899796097709,2.0,False,0.8000000000000002,0.07360270894044303,0.08,0.0
combined,saddle_node,noise_growth,9,Kalman OU,3.0000000000000004,3.0000000000000004,0.010000000000000005,0.010000000000000005,0.06251033424343269,0.0,0.0,,,,,,,,,True,0.8000000000000002,0.07360270894044303,0.08,0.0
combined,saddle_node,noise_growth,9,Latent Neural SDE (VI),1.1020581722259521,0.9037929177284241,0.06588075963002768,0.06936372074483478,0.007562027402401349,0.19826525449752808,0.003482961114807101,,,,,,,,,True,0.8000000000000002,0.07360270894044303,0.08,0.0
combined,saddle_node,noise_growth,9,Moment OU,,,,,,,,,,,,,,,,False,0.8000000000000002,0.07360270894044303,0.08,0.0
combined,saddle_node,noise_growth,9,Neural SDE (Euler),,2.1919920444488525,,0.08426541773389022,,,,,,,,,,,,False,0.8000000000000002,0.07360270894044303,0.08,0.0
combined,saddle_node,noise_growth,9,SINDy-STLSQ,,2.1238401011404107,,0.06437157483545644,,,,,,,,,,,4.0,False,0.8000000000000002,0.07360270894044303,0.08,0.0
combined,saddle_node,noise_growth,10,Bayesian SINDy (spike-slab),1.2939512251566774,2.125853066765955,0.08807490814903997,0.0532635454603392,,-0.8319018416092778,-0.03481136268870077,0.9505886360995492,3.098345412892022,0.03460967048046027,0.08726282847396895,0.940637801312329,0.09978422230094372,0.05674504308017525,2.0,True,0.8000000000000002,0.0740400174483178,0.08,0.0
combined,saddle_node,noise_growth,10,Kalman OU,3.0000000000000004,3.0000000000000004,0.010000000000000005,0.010000000000000005,0.059270776300361656,0.0,0.0,,,,,,,,,True,0.8000000000000002,0.0740400174483178,0.08,0.0
combined,saddle_node,noise_growth,10,Latent Neural SDE (VI),1.7081778049468994,1.8021584749221802,0.05058819077356193,0.05591425593783414,0.007123586697345574,-0.09398066997528076,0.005326065164272212,,,,,,,,,True,0.8000000000000002,0.0740400174483178,0.08,0.0
combined,saddle_node,noise_growth,10,Moment OU,,,,,,,,,,,,,,,,False,0.8000000000000002,0.0740400174483178,0.08,0.0
combined,saddle_node,noise_growth,10,Neural SDE (Euler),1.578714370727539,2.188141345977783,0.04297348101841261,0.06312964549763325,,-0.6094269752502441,0.02015616447922064,,,,,,,,,True,0.8000000000000002,0.0740400174483178,0.08,0.0
combined,saddle_node,noise_growth,10,SINDy-STLSQ,1.777794212990365,4.402494582869849,0.08959866538618848,0.04965570425670604,,-2.624700369879484,-0.03994296112948244,,,,,,,,4.0,True,0.8000000000000002,0.0740400174483178,0.08,0.0
combined,saddle_node,noise_growth,11,Bayesian SINDy (spike-slab),0.27750500812222095,0.3594798946494236,0.1092930368729894,0.06214137100853916,,-0.08197488652720264,-0.047151665864450236,-0.0,2.029527565433011,0.038913162501060805,0.10043957235154034,0.16806621754743534,0.031767093286479246,0.15902149519034794,1.0,True,0.8000000000000002,0.07334033569959617,0.08,0.0
combined,saddle_node,noise_growth,11,Kalman OU,2.2968356566038515,0.8933884002884069,0.20703735980593102,0.09758326423656462,0.0010000000000000002,1.4034472563154445,-0.1094540955693664,,,,,,,,,True,0.8000000000000002,0.07334033569959617,0.08,0.0
combined,saddle_node,noise_growth,11,Latent Neural SDE (VI),1.3678667545318604,0.5360779166221619,0.0729459518343164,0.09883580542803427,0.008788445077612148,0.8317888379096985,0.02588985359371787,,,,,,,,,True,0.8000000000000002,0.07334033569959617,0.08,0.0
combined,saddle_node,noise_growth,11,Moment OU,0.7689924053017421,,0.0750181949644926,,,,,,,,,,,,,False,0.8000000000000002,0.07334033569959617,0.08,0.0
combined,saddle_node,noise_growth,11,Neural SDE (Euler),0.5952954292297363,1.0444378852844238,0.12204401160306382,0.02882596358711215,,-0.4491424560546875,-0.09321804801595167,,,,,,,,,True,0.8000000000000002,0.07334033569959617,0.08,0.0
combined,saddle_node,noise_growth,11,SINDy-STLSQ,0.400748176360607,3.206429904584989,0.10391209073811118,0.05597392790200472,,-2.805681728224382,-0.04793816283610646,,,,,,,,3.0,True,0.8000000000000002,0.07334033569959617,0.08,0.0
combined,saddle_node,noise_growth,12,Bayesian SINDy (spike-slab),1.0701428240668052,0.004425555594083635,0.03177401559064501,0.0726782158512871,,1.0657172684727216,0.04090420026064209,-0.21544426949947534,0.0,0.05019215781739879,0.1085016498801163,0.028067501785619203,0.027464169023157504,0.015064302235222192,1.0,True,0.8000000000000002,0.07351905928199834,0.08,0.0
combined,saddle_node,noise_growth,12,Kalman OU,1.8656453618523967,0.8637203983855755,0.12623743744584706,0.13648963366645217,0.0010000000000000002,1.0019249634668213,0.010252196220605109,,,,,,,,,True,0.8000000000000002,0.07351905928199834,0.08,0.0
combined,saddle_node,noise_growth,12,Latent Neural SDE (VI),0.5394090414047241,0.42374828457832336,0.057055353396990915,0.08859229274872979,0.012996861633243888,0.11566075682640076,0.031536939351738874,,,,,,,,,True,0.8000000000000002,0.07351905928199834,0.08,0.0
combined,saddle_node,noise_growth,12,Moment OU,,,,,,,,,,,,,,,,False,0.8000000000000002,0.07351905928199834,0.08,0.0
combined,saddle_node,noise_growth,12,Neural SDE (Euler),1.235048770904541,0.6881846189498901,0.036634939232330285,0.005364428849966042,,0.5468641519546509,-0.031270510382364246,,,,,,,,,True,0.8000000000000002,0.07351905928199834,0.08,0.0
combined,saddle_node,noise_growth,12,SINDy-STLSQ,1.5347300944196869,2.716445708049964,0.034356484798519764,0.07688473256567929,,-1.1817156136302773,0.04252824776715953,,,,,,,,3.0,True,0.8000000000000002,0.07351905928199834,0.08,0.0
combined,saddle_node,noise_growth,13,Bayesian SINDy (spike-slab),1.0740947353127392,0.8987038720057013,0.10512877688880348,0.10863138100154374,,0.1753908633070379,0.003502604112740254,-0.0,2.4503292914819,0.06767860987855674,0.1759180598950138,0.6318475318036594,0.05883443860483607,0.04672937124735313,2.0,True,0.8000000000000002,0.07297374682059962,0.08,0.0
combined,saddle_node,noise_growth,13,Kalman OU,3.0000000000000004,3.0000000000000004,0.010000000000000005,0.010000000000000005,0.09476124601179382,0.0,0.0,,,,,,,,,True,0.8000000000000002,0.07297374682059962,0.08,0.0
combined,saddle_node,noise_growth,13,Latent Neural SDE (VI),1.65061616897583,1.893201231956482,0.07440091828727867,0.057529717852409734,0.011118676529916157,-0.24258506298065186,-0.016871200434868935,,,,,,,,,True,0.8000000000000002,0.07297374682059962,0.08,0.0
combined,saddle_node,noise_growth,13,Moment OU,,,,,,,,,,,,,,,,False,0.8000000000000002,0.07297374682059962,0.08,0.0
combined,saddle_node,noise_growth,13,Neural SDE (Euler),2.8759257793426514,2.1735599040985107,0.080507883422377,0.050219295396993505,,0.7023658752441406,-0.030288588025383492,,,,,,,,,True,0.8000000000000002,0.07297374682059962,0.08,0.0
combined,saddle_node,noise_growth,13,SINDy-STLSQ,1.9434578369680606,2.216850709780171,0.10079688584006415,0.09621973655692947,,-0.27339287281211044,-0.004577149283134671,,,,,,,,4.0,True,0.8000000000000002,0.07297374682059962,0.08,0.0
combined,saddle_node,noise_growth,14,Bayesian SINDy (spike-slab),0.9308013583413868,,0.07719692226066824,,,,,,,,,,,,,False,0.8000000000000002,0.07479301555486467,0.08,0.0
combined,saddle_node,noise_growth,14,Kalman OU,3.0000000000000004,0.603248098938849,0.13278635499707836,0.11375982875999524,0.0010000000000000002,2.3967519010611515,-0.01902652623708312,,,,,,,,,True,0.8000000000000002,0.07479301555486467,0.08,0.0
combined,saddle_node,noise_growth,14,Latent Neural SDE (VI),3.5003345012664795,0.4114524722099304,0.031950958956908325,0.07584709533460071,0.01251812404036227,3.088882029056549,0.04389613637769239,,,,,,,,,True,0.8000000000000002,0.07479301555486467,0.08,0.0
combined,saddle_node,noise_growth,14,Moment OU,,,,,,,,,,,,,,,,False,0.8000000000000002,0.07479301555486467,0.08,0.0
combined,saddle_node,noise_growth,14,Neural SDE (Euler),3.897270679473877,,0.0006480501813074506,,,,,,,,,,,,,False,0.8000000000000002,0.07479301555486467,0.08,0.0
combined,saddle_node,noise_growth,14,SINDy-STLSQ,2.4067305369057874,,0.06125953626077092,,,,,,,,,,,,,False,0.8000000000000002,0.07479301555486467,0.08,0.0
combined,saddle_node,noise_growth,15,Bayesian SINDy (spike-slab),0.7936099083457339,1.9757595837844841,0.06629359471025012,0.06039069831311724,,-1.1821496754387502,-0.00590289639713288,-0.0,5.9066294738159115,0.03489632698775173,0.09772692634286566,0.47222149405881547,0.25613499906145076,0.43901312569998296,1.0,True,0.8000000000000002,0.07398566070000666,0.08,0.0
combined,saddle_node,noise_growth,15,Kalman OU,0.30363960840635307,1.9018623655796074,0.02494875836937143,0.12681971285772928,0.0010000000000000002,-1.5982227571732543,0.10187095448835784,,,,,,,,,True,0.8000000000000002,0.07398566070000666,0.08,0.0
combined,saddle_node,noise_growth,15,Latent Neural SDE (VI),1.112447738647461,3.1915078163146973,0.07436071917829973,0.051812033201841995,0.007832481725905513,-2.0790600776672363,-0.022548685976457733,,,,,,,,,True,0.8000000000000002,0.07398566070000666,0.08,0.0
combined,saddle_node,noise_growth,15,Moment OU,,,,,,,,,,,,,,,,False,0.8000000000000002,0.07398566070000666,0.08,0.0
combined,saddle_node,noise_growth,15,Neural SDE (Euler),1.370152235031128,3.441319227218628,0.10029316450694377,0.07387209639386189,,-2.0711669921875,-0.026421068113081883,,,,,,,,,True,0.8000000000000002,0.07398566070000666,0.08,0.0
combined,saddle_node,noise_growth,15,SINDy-STLSQ,2.255394744799071,4.105300696309765,0.0607285429650162,0.04600237472754792,,-1.849905951510694,-0.014726168237468279,,,,,,,,4.0,True,0.8000000000000002,0.07398566070000666,0.08,0.0
combined,saddle_node,noise_growth,16,Bayesian SINDy (spike-slab),2.31191751208097,1.1174471008202538,0.019558212807557172,0.09668754770270371,,1.194470411260716,0.07712933489514653,0.1238496975178093,2.644774595166462,0.06681312266828177,0.15214814567242246,0.08931066784560172,0.19052437182430648,0.9485752599120992,2.0,True,0.8000000000000002,0.0743316882842729,0.08,0.0
combined,saddle_node,noise_growth,16,Kalman OU,3.0000000000000004,3.0000000000000004,0.010000000000000005,0.010000000000000005,0.1392612355529648,0.0,0.0,,,,,,,,,True,0.8000000000000002,0.0743316882842729,0.08,0.0
combined,saddle_node,noise_growth,16,Latent Neural SDE (VI),2.4338598251342773,0.8904100656509399,0.02501587714690729,0.09259210604389605,0.017707469846314848,1.5434497594833374,0.06757622889698875,,,,,,,,,True,0.8000000000000002,0.0743316882842729,0.08,0.0
combined,saddle_node,noise_growth,16,Moment OU,,,,,,,,,,,,,,,,False,0.8000000000000002,0.0743316882842729,0.08,0.0
combined,saddle_node,noise_growth,16,Neural SDE (Euler),2.129141330718994,0.9556690454483032,0.016756013936682197,0.15006500259337485,,1.173472285270691,0.13330898865669266,,,,,,,,,True,0.8000000000000002,0.0743316882842729,0.08,0.0
combined,saddle_node,noise_growth,16,SINDy-STLSQ,2.619832225161547,1.6071844612635244,0.017358581365439805,0.09402874303599158,,1.0126477638980225,0.07667016167055178,,,,,,,,3.0,True,0.8000000000000002,0.0743316882842729,0.08,0.0
combined,saddle_node,noise_growth,17,Bayesian SINDy (spike-slab),0.7209518843577044,,0.09356920992336011,,,,,,,,,,,,,False,0.8000000000000002,0.0732455705036282,0.08,0.0
combined,saddle_node,noise_growth,17,Kalman OU,3.0000000000000004,3.0000000000000004,0.17123762806632084,0.09257123162885082,0.09185940268833806,0.0,-0.07866639643747002,,,,,,,,,True,0.8000000000000002,0.0732455705036282,0.08,0.0
combined,saddle_node,noise_growth,17,Latent Neural SDE (VI),1.7223880290985107,0.793850302696228,0.09505820920288059,0.1151964741204895,0.011757865849071547,0.9285377264022827,0.02013826491760891,,,,,,,,,True,0.8000000000000002,0.0732455705036282,0.08,0.0
combined,saddle_node,noise_growth,17,Moment OU,1.810824475945838,,0.09546503803686546,,,,,,,,,,,,,False,0.8000000000000002,0.0732455705036282,0.08,0.0
combined,saddle_node,noise_growth,17,Neural SDE (Euler),1.96266508102417,,0.0853061715451257,,,,,,,,,,,,,False,0.8000000000000002,0.0732455705036282,0.08,0.0
combined,saddle_node,noise_growth,17,SINDy-STLSQ,1.524138998915616,,0.09212473945907967,,,,,,,,,,,,,False,0.8000000000000002,0.0732455705036282,0.08,0.0
combined,saddle_node,noise_growth,18,Bayesian SINDy (spike-slab),,0.46187996930322045,,0.13949524840116875,,,,-0.0,1.377035917749507,0.09491305184620698,0.20120026832067608,0.4973900470733101,0.01873903848110383,0.03818087025316293,1.0,False,0.8000000000000002,0.07392395557066078,0.08,0.0
combined,saddle_node,noise_growth,18,Kalman OU,0.19521427291667157,1.5920363813124232,0.01950886454659992,0.21524483186463164,0.0010000000000000002,-1.3968221083957517,0.19573596731803172,,,,,,,,,True,0.8000000000000002,0.07392395557066078,0.08,0.0
combined,saddle_node,noise_growth,18,Latent Neural SDE (VI),0.6702430248260498,0.773526668548584,0.04619473678306461,0.09622793634812309,0.014257904441191835,-0.10328364372253418,0.05003319956505847,,,,,,,,,True,0.8000000000000002,0.07392395557066078,0.08,0.0
combined,saddle_node,noise_growth,18,Moment OU,,0.8917202960225996,,0.127430823400347,,,,,,,,,,,,False,0.8000000000000002,0.07392395557066078,0.08,0.0
combined,saddle_node,noise_growth,18,Neural SDE (Euler),,0.9003538489341736,,0.10626944991758834,,,,,,,,,,,,False,0.8000000000000002,0.07392395557066078,0.08,0.0
combined,saddle_node,noise_growth,18,SINDy-STLSQ,,0.8835827423212054,,0.13357141109774645,,,,,,,,,,,2.0,False,0.8000000000000002,0.07392395557066078,0.08,0.0
combined,saddle_node,noise_growth,19,Bayesian SINDy (spike-slab),0.9365721044610993,0.3677894283779067,0.0741629834425337,0.07975190597718475,,0.5687826760831927,0.005588922534651042,-0.0,1.7041379312851188,0.04948742784854962,0.1253604531482674,0.04544891525786366,0.36895133369588595,0.06088911449900897,1.0,True,0.8000000000000002,0.0735114039322708,0.08,0.0
combined,saddle_node,noise_growth,19,Kalman OU,3.0000000000000004,0.23085331712511747,0.010000000000000005,0.05392935880248735,0.04846057193119884,2.769146682874883,0.04392935880248734,,,,,,,,,True,0.8000000000000002,0.0735114039322708,0.08,0.0
combined,saddle_node,noise_growth,19,Latent Neural SDE (VI),1.0844334363937378,0.31178343296051025,0.06828887357497926,0.08816204440808574,0.010671528967537477,0.7726500034332275,0.019873170833106482,,,,,,,,,True,0.8000000000000002,0.0735114039322708,0.08,0.0
combined,saddle_node,noise_growth,19,Moment OU,,,,,,,,,,,,,,,,False,0.8000000000000002,0.0735114039322708,0.08,0.0
combined,saddle_node,noise_growth,19,Neural SDE (Euler),1.0698964595794678,0.8521620035171509,0.08004391652151557,0.14107105100980571,,0.2177344560623169,0.06102713448829014,,,,,,,,,True,0.8000000000000002,0.0735114039322708,0.08,0.0
combined,saddle_node,noise_growth,19,SINDy-STLSQ,1.0637777135602304,1.0064752382366842,0.06876898871084856,0.07285172245808826,,0.057302475323546265,0.004082733747239692,,,,,,,,3.0,True,0.8000000000000002,0.0735114039322708,0.08,0.0
combined,saddle_node,noise_growth,20,Bayesian SINDy (spike-slab),1.0114803606109966,,0.09585625276961489,,,,,,,,,,,,,False,0.8000000000000002,0.07333900459399313,0.08,0.0
combined,saddle_node,noise_growth,20,Kalman OU,3.0000000000000004,0.5657656706986495,0.010000000000000005,0.12376689881077399,0.05737495395290806,2.434234329301351,0.11376689881077398,,,,,,,,,True,0.8000000000000002,0.07333900459399313,0.08,0.0
combined,saddle_node,noise_growth,20,Latent Neural SDE (VI),2.6368248462677,1.2103856801986694,0.05046784833654975,0.10861720059778604,0.014723115334101125,1.4264391660690308,0.05814935226123629,,,,,,,,,True,0.8000000000000002,0.07333900459399313,0.08,0.0
combined,saddle_node,noise_growth,20,Moment OU,,,,,,,,,,,,,,,,False,0.8000000000000002,0.07333900459399313,0.08,0.0
combined,saddle_node,noise_growth,20,Neural SDE (Euler),3.6879048347473145,,0.05129531238648759,,,,,,,,,,,,,False,0.8000000000000002,0.07333900459399313,0.08,0.0
combined,saddle_node,noise_growth,20,SINDy-STLSQ,2.7773148095150226,,0.08958989253287179,,,,,,,,,,,,,False,0.8000000000000002,0.07333900459399313,0.08,0.0
combined,saddle_node,noise_growth,21,Bayesian SINDy (spike-slab),,1.0961428696200992,,0.13057106601189922,,,,-0.0,2.0455261722109235,0.08904050544237774,0.21111110369088604,0.8064048896598809,0.021043333823427882,0.024819843162384402,2.0,False,0.8000000000000002,0.07323605538443208,0.08,0.0
combined,saddle_node,noise_growth,21,Kalman OU,3.0000000000000004,3.0000000000000004,0.010000000000000005,0.010000000000000005,0.10972358999230356,0.0,0.0,,,,,,,,,True,0.8000000000000002,0.07323605538443208,0.08,0.0
combined,saddle_node,noise_growth,21,Latent Neural SDE (VI),0.9292962551116943,1.2493329048156738,0.10469868496949915,0.11724990181568726,0.01228068004730581,-0.3200366497039795,0.01255121684618811,,,,,,,,,True,0.8000000000000002,0.07323605538443208,0.08,0.0
combined,saddle_node,noise_growth,21,Moment OU,,,,,,,,,,,,,,,,False,0.8000000000000002,0.07323605538443208,0.08,0.0
combined,saddle_node,noise_growth,21,Neural SDE (Euler),,1.3642504215240479,,0.14753041557720373,,,,,,,,,,,,False,0.8000000000000002,0.07323605538443208,0.08,0.0
combined,saddle_node,noise_growth,21,SINDy-STLSQ,,1.3317540959222698,,0.1276750617695745,,,,,,,,,,,4.0,False,0.8000000000000002,0.07323605538443208,0.08,0.0
combined,saddle_node,noise_growth,22,Bayesian SINDy (spike-slab),2.108172332696311,0.30521943169277393,0.04223341976470995,0.09993581488101853,,1.8029529010035372,0.057702395116308584,-0.0,1.3641876307876188,0.06771206811353571,0.14597336658384194,0.26631520073924403,0.059352810667771,0.02193904052580136,1.0,True,0.8000000000000002,0.0743452216272357,0.08,0.0
combined,saddle_node,noise_growth,22,Kalman OU,1.9272926737703453,1.4061263391014431,0.04125646132711894,0.14727115707571514,0.0010000000000000002,0.5211663346689022,0.1060146957485962,,,,,,,,,True,0.8000000000000002,0.0743452216272357,0.08,0.0
combined,saddle_node,noise_growth,22,Latent Neural SDE (VI),0.7504767775535583,2.3146557807922363,0.06555122709233811,0.08360309021875705,0.010801255477319208,-1.564179003238678,0.018051863126418932,,,,,,,,,True,0.8000000000000002,0.0743452216272357,0.08,0.0
combined,saddle_node,noise_growth,22,Moment OU,,,,,,,,,,,,,,,,False,0.8000000000000002,0.0743452216272357,0.08,0.0
combined,saddle_node,noise_growth,22,Neural SDE (Euler),0.2915179133415222,3.0508594512939453,0.07545758848850052,0.0899243065429275,,-2.759341537952423,0.01446671805442698,,,,,,,,,True,0.8000000000000002,0.0743452216272357,0.08,0.0
combined,saddle_node,noise_growth,22,SINDy-STLSQ,2.759219345322471,2.7862627544773826,0.03432858970693407,0.072266247976054,,-0.027043409154911657,0.03793765826911992,,,,,,,,4.0,True,0.8000000000000002,0.0743452216272357,0.08,0.0
combined,saddle_node,noise_growth,23,Bayesian SINDy (spike-slab),0.13917063772682295,,0.09173013452893032,,,,,,,,,,,,,False,0.8000000000000002,0.07300926287862126,0.08,0.0
combined,saddle_node,noise_growth,23,Kalman OU,0.8724254096360056,0.22012830417912893,0.12945361892991433,0.023523820720624356,0.06966875407772104,0.6522971054568767,-0.10592979820928998,,,,,,,,,True,0.8000000000000002,0.07300926287862126,0.08,0.0
combined,saddle_node,noise_growth,23,Latent Neural SDE (VI),0.8279146552085876,0.8556132316589355,0.06281148790781063,0.044972143017669976,0.009939665929493392,-0.0276985764503479,-0.017839344890140656,,,,,,,,,True,0.8000000000000002,0.07300926287862126,0.08,0.0
combined,saddle_node,noise_growth,23,Moment OU,,,,,,,,,,,,,,,,False,0.8000000000000002,0.07300926287862126,0.08,0.0
combined,saddle_node,noise_growth,23,Neural SDE (Euler),1.2820630073547363,,0.07341058644405014,,,,,,,,,,,,,False,0.8000000000000002,0.07300926287862126,0.08,0.0
combined,saddle_node,noise_growth,23,SINDy-STLSQ,0.668757765021161,,0.08825496153432873,,,,,,,,,,,,,False,0.8000000000000002,0.07300926287862126,0.08,0.0
combined,saddle_node,noise_growth,24,Bayesian SINDy (spike-slab),1.2930663123954629,,0.05332445909443262,,,,,,,,,,,,,False,0.8000000000000002,0.07375806367716624,0.08,0.0
combined,saddle_node,noise_growth,24,Kalman OU,3.0000000000000004,2.8003747712426548,0.010000000000000005,0.2350740410411321,0.0010000000000000002,0.19962522875734567,0.2250740410411321,,,,,,,,,True,0.8000000000000002,0.07375806367716624,0.08,0.0
combined,saddle_node,noise_growth,24,Latent Neural SDE (VI),1.5606399774551392,1.0838719606399536,0.045849344175385984,0.07771346410314406,0.011367200263311289,0.47676801681518555,0.031864119927758075,,,,,,,,,True,0.8000000000000002,0.07375806367716624,0.08,0.0
combined,saddle_node,noise_growth,24,Moment OU,,,,,,,,,,,,,,,,False,0.8000000000000002,0.07375806367716624,0.08,0.0
combined,saddle_node,noise_growth,24,Neural SDE (Euler),1.9258321523666382,,0.03153166124144948,,,,,,,,,,,,,False,0.8000000000000002,0.07375806367716624,0.08,0.0
combined,saddle_node,noise_growth,24,SINDy-STLSQ,1.9152458900251519,,0.04748241381495924,,,,,,,,,,,,,False,0.8000000000000002,0.07375806367716624,0.08,0.0
combined,saddle_node,noise_growth,25,Bayesian SINDy (spike-slab),1.0882427853233314,0.2764565704578935,0.04684465283516552,0.10681707960430628,,0.8117862148654379,0.05997242676914076,-0.0,1.6103408305930764,0.07149567693495401,0.1589565314589542,0.16328378670367225,0.0413800346807231,0.12702137013162662,1.0,True,0.8000000000000002,0.07406870104762552,0.08,0.0
combined,saddle_node,noise_growth,25,Kalman OU,1.6574828622915765,0.2232892769470014,0.07147745264470141,0.03732317632770745,0.07798782547139957,1.434193585344575,-0.03415427631699396,,,,,,,,,True,0.8000000000000002,0.07406870104762552,0.08,0.0
combined,saddle_node,noise_growth,25,Latent Neural SDE (VI),0.30442577600479126,1.0917139053344727,0.05537867663140278,0.08643792963736469,0.011024672131906462,-0.7872881293296814,0.031059253005961907,,,,,,,,,True,0.8000000000000002,0.07406870104762552,0.08,0.0
combined,saddle_node,noise_growth,25,Moment OU,,0.7396380989350987,,0.06872247012685691,,,,,,,,,,,,False,0.8000000000000002,0.07406870104762552,0.08,0.0
combined,saddle_node,noise_growth,25,Neural SDE (Euler),0.38136306405067444,0.6463002562522888,0.0416366445144278,0.19777597286892568,,-0.2649371922016144,0.15613932835449787,,,,,,,,,True,0.8000000000000002,0.07406870104762552,0.08,0.0
combined,saddle_node,noise_growth,25,SINDy-STLSQ,1.6093011319435349,3.3448543435652676,0.04272289423766015,0.08850953833689552,,-1.7355532116217327,0.04578664409923537,,,,,,,,4.0,True,0.8000000000000002,0.07406870104762552,0.08,0.0
combined,saddle_node,noise_growth,26,Bayesian SINDy (spike-slab),1.3869626032907627,0.5436240228997814,0.06678624398532826,0.11778801980032128,,0.8433385803909813,0.05100177581499302,-0.0,1.9199660619477015,0.07579834449879817,0.18055799208057796,0.08061214744542529,0.43844953496666483,0.06117425616106903,1.0,True,0.8000000000000002,0.07422114745219742,0.08,0.0
combined,saddle_node,noise_growth,26,Kalman OU,3.0000000000000004,0.7132474057249446,0.010000000000000005,0.10871060655030403,0.06367500510580565,2.2867525942750557,0.09871060655030402,,,,,,,,,True,0.8000000000000002,0.07422114745219742,0.08,0.0
combined,saddle_node,noise_growth,26,Latent Neural SDE (VI),2.5726892948150635,0.4747706651687622,0.06490555991950275,0.11735530280128183,0.012638376258688208,2.0979186296463013,0.052449742881779074,,,,,,,,,True,0.8000000000000002,0.07422114745219742,0.08,0.0
combined,saddle_node,noise_growth,26,Moment OU,,0.3358860610550018,,0.06888664794487599,,,,,,,,,,,,False,0.8000000000000002,0.07422114745219742,0.08,0.0
combined,saddle_node,noise_growth,26,Neural SDE (Euler),2.897226333618164,2.245867967605591,0.04648118247193616,0.17104159326204293,,0.6513583660125732,0.12456041079010677,,,,,,,,,True,0.8000000000000002,0.07422114745219742,0.08,0.0
combined,saddle_node,noise_growth,26,SINDy-STLSQ,3.1337580293490843,2.1851141535155154,0.052329529029491464,0.10164924892374125,,0.9486438758335689,0.04931971989424978,,,,,,,,4.0,True,0.8000000000000002,0.07422114745219742,0.08,0.0
combined,saddle_node,noise_growth,27,Bayesian SINDy (spike-slab),,0.7825189014827981,,0.10480181777576415,,,,-0.0,1.9567156581062422,0.06824144318616632,0.16307856678828006,0.565477071371738,0.052595679952383054,0.042027338140601334,2.0,False,0.8000000000000002,0.0744466471433242,0.08,0.0
combined,saddle_node,noise_growth,27,Kalman OU,1.6171948953016926,3.0000000000000004,0.16159930948195417,0.19798161489109464,0.03567928057162427,-1.3828051046983079,0.036382305409140475,,,,,,,,,True,0.8000000000000002,0.0744466471433242,0.08,0.0
combined,saddle_node,noise_growth,27,Latent Neural SDE (VI),0.3289826512336731,2.0332367420196533,0.08739194558969807,0.09120974751386451,0.010543249685361845,-1.7042540907859802,0.0038178019241664474,,,,,,,,,True,0.8000000000000002,0.0744466471433242,0.08,0.0
combined,saddle_node,noise_growth,27,Moment OU,,1.2345147945321895,,0.06901243890110594,,,,,,,,,,,,False,0.8000000000000002,0.0744466471433242,0.08,0.0
combined,saddle_node,noise_growth,27,Neural SDE (Euler),,2.0738718509674072,,0.11216686735743096,,,,,,,,,,,,False,0.8000000000000002,0.0744466471433242,0.08,0.0
combined,saddle_node,noise_growth,27,SINDy-STLSQ,,2.0318436462487544,,0.09531001384530878,,,,,,,,,,,4.0,False,0.8000000000000002,0.0744466471433242,0.08,0.0
combined,saddle_node,noise_growth,28,Bayesian SINDy (spike-slab),,2.204358435340316,,0.05985380788940203,,,,1.748338985353574,2.625491990644457,0.04206448964924973,0.08715878313537455,0.9993348215060512,0.014828418746105921,0.016703770666356692,2.0,False,0.8000000000000002,0.07328847343538608,0.08,0.0
combined,saddle_node,noise_growth,28,Kalman OU,0.9975632515222668,3.0000000000000004,0.1016604795833878,0.010000000000000005,0.09369360001449877,-2.0024367484777335,-0.09166047958338779,,,,,,,,,True,0.8000000000000002,0.07328847343538608,0.08,0.0
combined,saddle_node,noise_growth,28,Latent Neural SDE (VI),0.6019561886787415,2.2234745025634766,0.05837259001025876,0.06884565745267086,0.011433033218218295,-1.621518313884735,0.010473067442412103,,,,,,,,,True,0.8000000000000002,0.07328847343538608,0.08,0.0
combined,saddle_node,noise_growth,28,Moment OU,,,,,,,,,,,,,,,,False,0.8000000000000002,0.07328847343538608,0.08,0.0
combined,saddle_node,noise_growth,28,Neural SDE (Euler),,2.947754383087158,,0.023659719195543976,,,,,,,,,,,,False,0.8000000000000002,0.07328847343538608,0.08,0.0
combined,saddle_node,noise_growth,28,SINDy-STLSQ,,2.216897970986307,,0.06454568620858583,,,,,,,,,,,2.0,False,0.8000000000000002,0.07328847343538608,0.08,0.0
combined,saddle_node,noise_growth,29,Bayesian SINDy (spike-slab),,0.5317386539380212,,0.13434885576128677,,,,-0.0,2.043235140945372,0.08680169273205793,0.2085889574959441,0.41994833628341016,0.0296453086641973,0.04397252718269866,1.0,False,0.8000000000000002,0.07324133435235572,0.08,0.0
combined,saddle_node,noise_growth,29,Kalman OU,3.0000000000000004,3.0000000000000004,0.010000000000000005,0.010000000000000005,0.11316978019305869,0.0,0.0,,,,,,,,,True,0.8000000000000002,0.07324133435235572,0.08,0.0
combined,saddle_node,noise_growth,29,Latent Neural SDE (VI),0.9725497961044312,2.032759189605713,0.061190852578941905,0.11828278114557204,0.013502256020945798,-1.0602093935012817,0.05709192856663014,,,,,,,,,True,0.8000000000000002,0.07324133435235572,0.08,0.0
combined,saddle_node,noise_growth,29,Moment OU,,3.9377082164301953,,0.24042762264636847,,,,,,,,,,,,False,0.8000000000000002,0.07324133435235572,0.08,0.0
combined,saddle_node,noise_growth,29,Neural SDE (Euler),,2.7910590171813965,,0.1282547287019499,,,,,,,,,,,,False,0.8000000000000002,0.07324133435235572,0.08,0.0
combined,saddle_node,noise_growth,29,SINDy-STLSQ,,2.299277069181358,,0.12114393236974315,,,,,,,,,,,4.0,False,0.8000000000000002,0.07324133435235572,0.08,0.0
combined,saddle_node,stability_loss,0,Bayesian SINDy (spike-slab),1.0000802754743106,2.0532766827318607,0.04173727343323596,0.06991606549234972,,-1.0531964072575501,0.028178792059113757,1.4405123661877113,2.68434679455945,0.04892980216281829,0.10495602826057455,0.9958713251547757,0.05070412124266791,0.022207757628855337,2.0,True,0.135315,0.029966026090679738,0.08,0.0
combined,saddle_node,stability_loss,0,Kalman OU,3.0000000000000004,3.0000000000000004,0.10009355991516224,0.010000000000000005,0.08169317577393564,0.0,-0.09009355991516223,,,,,,,,,True,0.135315,0.029966026090679738,0.08,0.0
combined,saddle_node,stability_loss,0,Latent Neural SDE (VI),1.0238957405090332,2.3983817100524902,0.04202537672593956,0.06186859704153312,0.009968196823262781,-1.374485969543457,0.01984322031559356,,,,,,,,,True,0.135315,0.029966026090679738,0.08,0.0
combined,saddle_node,stability_loss,0,Moment OU,,,,,,,,,,,,,,,,False,0.135315,0.029966026090679738,0.08,0.0
combined,saddle_node,stability_loss,0,Neural SDE (Euler),1.467827558517456,2.256873846054077,0.07411894423552053,0.08893260721099773,,-0.7890462875366211,0.014813662975477204,,,,,,,,,True,0.135315,0.029966026090679738,0.08,0.0
combined,saddle_node,stability_loss,0,SINDy-STLSQ,1.45351051797316,2.060571043305838,0.04014414016469014,0.07099981323864667,,-0.607060525332678,0.03085567307395653,,,,,,,,4.0,True,0.135315,0.029966026090679738,0.08,0.0
combined,saddle_node,stability_loss,1,Bayesian SINDy (spike-slab),,0.3249633551409134,,0.11741669960532686,,,,-0.2488648621706302,1.6065283585428483,0.07668757173716118,0.18104281261727778,0.03982275680627008,0.4636260211781231,0.04583595034931518,1.0,False,0.135315,0.02904452261705471,0.08,0.0
combined,saddle_node,stability_loss,1,Kalman OU,3.0000000000000004,0.06921327886549135,0.010000000000000005,0.09986002024453702,0.06130365562327214,2.930786721134509,0.08986002024453701,,,,,,,,,True,0.135315,0.02904452261705471,0.08,0.0
combined,saddle_node,stability_loss,1,Latent Neural SDE (VI),0.2092304676771164,0.0208485946059227,0.039713644266696366,0.09422552852064592,0.02567785959567744,0.1883818730711937,0.05451188425394955,,,,,,,,,True,0.135315,0.02904452261705471,0.08,0.0
combined,saddle_node,stability_loss,1,Moment OU,,0.46383114581386803,,0.17458044551052598,,,,,,,,,,,,False,0.135315,0.02904452261705471,0.08,0.0
combined,saddle_node,stability_loss,1,Neural SDE (Euler),,0.2992066442966461,,0.10364076663562943,,,,,,,,,,,,False,0.135315,0.02904452261705471,0.08,0.0
combined,saddle_node,stability_loss,1,SINDy-STLSQ,,0.6393671878378708,,0.10327795403168341,,,,,,,,,,,4.0,False,0.135315,0.02904452261705471,0.08,0.0
combined,saddle_node,stability_loss,2,Bayesian SINDy (spike-slab),2.2732002100257125,1.2060514353778407,0.05028714114636568,0.08107355021420698,,1.0671487746478718,0.030786409067841303,-0.0,2.8091398036009307,0.05458884519048681,0.12762971240628623,0.06396951613033296,0.7726032570924947,0.0637786469496494,2.0,True,0.135315,0.030021517657520015,0.08,0.0
combined,saddle_node,stability_loss,2,Kalman OU,3.0000000000000004,0.3910295388796774,0.010000000000000005,0.0660798597272386,0.0751495890512605,2.608970461120323,0.056079859727238585,,,,,,,,,True,0.135315,0.030021517657520015,0.08,0.0
combined,saddle_node,stability_loss,2,Latent Neural SDE (VI),2.326904773712158,1.6070725917816162,0.041174489145298115,0.08589670158100236,0.012254935450872,0.719832181930542,0.04472221243570425,,,,,,,,,True,0.135315,0.030021517657520015,0.08,0.0
combined,saddle_node,stability_loss,2,Moment OU,,0.680922073120547,,0.08221398952426726,,,,,,,,,,,,False,0.135315,0.030021517657520015,0.08,0.0
combined,saddle_node,stability_loss,2,Neural SDE (Euler),2.334392547607422,1.7067385911941528,0.056696389932783565,0.09194695045188515,,0.627653956413269,0.03525056051910159,,,,,,,,,True,0.135315,0.030021517657520015,0.08,0.0
combined,saddle_node,stability_loss,2,SINDy-STLSQ,2.404102811347586,1.7283052101954544,0.05380215640418337,0.07867658755130451,,0.6757976011521316,0.024874431147121137,,,,,,,,4.0,True,0.135315,0.030021517657520015,0.08,0.0
combined,saddle_node,stability_loss,3,Bayesian SINDy (spike-slab),1.6832886964983829,2.728509642809753,0.07022796227777146,0.04585130012138274,,-1.04522094631137,-0.024376662156388722,0.9695373769590139,3.7879993025926377,0.029831945037786,0.07929272159077648,0.7390879136311268,0.9583846074162273,0.3388686853196198,3.0,True,0.135315,0.029890073804412852,0.08,0.0
combined,saddle_node,stability_loss,3,Kalman OU,3.0000000000000004,3.0000000000000004,0.010000000000000005,0.010000000000000005,0.07748792654826364,0.0,0.0,,,,,,,,,True,0.135315,0.029890073804412852,0.08,0.0
combined,saddle_node,stability_loss,3,Latent Neural SDE (VI),2.22141695022583,1.7245676517486572,0.06737618107538493,0.03353020653772153,0.010066499935902484,0.49684929847717285,-0.0338459745376634,,,,,,,,,True,0.135315,0.029890073804412852,0.08,0.0
combined,saddle_node,stability_loss,3,Moment OU,,,,,,,,,,,,,,,,False,0.135315,0.029890073804412852,0.08,0.0
combined,saddle_node,stability_loss,3,Neural SDE (Euler),3.344698905944824,1.4747705459594727,0.06207495671821705,0.04085188087370487,,1.8699283599853516,-0.021223075844512176,,,,,,,,,True,0.135315,0.029890073804412852,0.08,0.0
combined,saddle_node,stability_loss,3,SINDy-STLSQ,2.81456920974749,2.049425945728258,0.06018756805163939,0.044651321392786034,,0.7651432640192319,-0.015536246658853357,,,,,,,,4.0,True,0.135315,0.029890073804412852,0.08,0.0
combined,saddle_node,stability_loss,4,Bayesian SINDy (spike-slab),,1.902849622692051,,0.098867223903891,,,,-0.0,4.127097544551356,0.05694091455769514,0.17357490795361835,0.8433382783409824,0.036278757853018505,0.39719356872891926,2.0,False,0.135315,0.030601827472690423,0.08,0.0
combined,saddle_node,stability_loss,4,Kalman OU,3.0000000000000004,3.0000000000000004,0.010000000000000005,0.010000000000000005,0.09386092511588683,0.0,0.0,,,,,,,,,True,0.135315,0.030601827472690423,0.08,0.0
combined,saddle_node,stability_loss,4,Latent Neural SDE (VI),0.49203571677207947,3.1657752990722656,0.10297546996091922,0.07701948857751884,0.011151361355519558,-2.673739582300186,-0.025955981383400384,,,,,,,,,True,0.135315,0.030601827472690423,0.08,0.0
combined,saddle_node,stability_loss,4,Moment OU,,,,,,,,,,,,,,,,False,0.135315,0.030601827472690423,0.08,0.0
combined,saddle_node,stability_loss,4,Neural SDE (Euler),,3.215376138687134,,0.10145373791751187,,,,,,,,,,,,False,0.135315,0.030601827472690423,0.08,0.0
combined,saddle_node,stability_loss,4,SINDy-STLSQ,,3.2556927756707257,,0.08240222090529593,,,,,,,,,,,4.0,False,0.135315,0.030601827472690423,0.08,0.0
combined,saddle_node,stability_loss,5,Bayesian SINDy (spike-slab),,1.403505533995787,,0.10958292860912622,,,,-0.0,2.464427758087104,0.07297894444657126,0.17576447627050695,0.7981183766123602,0.10013065890730884,0.09778520597042457,2.0,False,0.135315,0.029996615697051587,0.08,0.0
combined,saddle_node,stability_loss,5,Kalman OU,3.0000000000000004,3.0000000000000004,0.010000000000000005,0.010000000000000005,0.11355682844288285,0.0,0.0,,,,,,,,,True,0.135315,0.029996615697051587,0.08,0.0
combined,saddle_node,stability_loss,5,Latent Neural SDE (VI),1.6814420223236084,2.9822192192077637,0.07747691616145841,0.11224005544639405,0.013906435783499116,-1.3007771968841553,0.03476313928493564,,,,,,,,,True,0.135315,0.029996615697051587,0.08,0.0
combined,saddle_node,stability_loss,5,Moment OU,,,,,,,,,,,,,,,,False,0.135315,0.029996615697051587,0.08,0.0
combined,saddle_node,stability_loss,5,Neural SDE (Euler),,2.476008892059326,,0.0975592411143381,,,,,,,,,,,,False,0.135315,0.029996615697051587,0.08,0.0
combined,saddle_node,stability_loss,5,SINDy-STLSQ,,2.3550430873600234,,0.1000731662688328,,,,,,,,,,,4.0,False,0.135315,0.029996615697051587,0.08,0.0
combined,saddle_node,stability_loss,6,Bayesian SINDy (spike-slab),1.0434168326820048,0.3092438269798638,0.07150244172476883,0.11226597699083682,,0.734173005702141,0.04076353526606799,-0.0,1.4248419418515574,0.07925072639132023,0.1612266509541408,0.21478521431534242,0.034516437262412866,0.118774527557986,1.0,True,0.135315,0.028715560217623042,0.08,0.0
combined,saddle_node,stability_loss,6,Kalman OU,1.0067501762112274,0.6218901227991162,0.018531792192982174,0.07561711111284422,0.07108060073023383,0.38486005341211127,0.057085318919862044,,,,,,,,,True,0.135315,0.028715560217623042,0.08,0.0
combined,saddle_node,stability_loss,6,Latent Neural SDE (VI),1.7380690574645996,1.1300432682037354,0.05990203858397992,0.08353895329592828,0.011607825349747528,0.6080257892608643,0.023636914711948363,,,,,,,,,True,0.135315,0.028715560217623042,0.08,0.0
combined,saddle_node,stability_loss,6,Moment OU,,0.8365155647279158,,0.07776107286854884,,,,,,,,,,,,False,0.135315,0.028715560217623042,0.08,0.0
combined,saddle_node,stability_loss,6,Neural SDE (Euler),2.0565037727355957,1.0517938137054443,0.07382346489013819,0.09169455643254462,,1.0047099590301514,0.01787109154240643,,,,,,,,,True,0.135315,0.028715560217623042,0.08,0.0
combined,saddle_node,stability_loss,6,SINDy-STLSQ,2.1545129624608803,0.31690069599488896,0.06982067529873143,0.10718219103292093,,1.8376122664659913,0.0373615157341895,,,,,,,,3.0,True,0.135315,0.028715560217623042,0.08,0.0
combined,saddle_node,stability_loss,7,Bayesian SINDy (spike-slab),1.6424386709774326,,0.11588625762252605,,,,,,,,,,,,,False,0.135315,0.030187863285904108,0.08,0.0
combined,saddle_node,stability_loss,7,Kalman OU,3.0000000000000004,2.870506902230834,0.010000000000000005,0.18224130904731367,0.0010000000000000002,0.12949309776916662,0.17224130904731366,,,,,,,,,True,0.135315,0.030187863285904108,0.08,0.0
combined,saddle_node,stability_loss,7,Latent Neural SDE (VI),1.5625406503677368,0.7642151117324829,0.073439847559946,0.06517905843595827,0.00907468471313967,0.7983255386352539,-0.008260789123987727,,,,,,,,,True,0.135315,0.030187863285904108,0.08,0.0
combined,saddle_node,stability_loss,7,Moment OU,,,,,,,,,,,,,,,,False,0.135315,0.030187863285904108,0.08,0.0
combined,saddle_node,stability_loss,7,Neural SDE (Euler),1.5053082704544067,,0.09879020912993285,,,,,,,,,,,,,False,0.135315,0.030187863285904108,0.08,0.0
combined,saddle_node,stability_loss,7,SINDy-STLSQ,1.7182338368679235,,0.1259192860637936,,,,,,,,,,,,,False,0.135315,0.030187863285904108,0.08,0.0
combined,saddle_node,stability_loss,8,Bayesian SINDy (spike-slab),1.0123749852736699,,0.08233698759780257,,,,,,,,,,,,,False,0.135315,0.030346804393079657,0.08,0.0
combined,saddle_node,stability_loss,8,Kalman OU,3.0000000000000004,3.0000000000000004,0.18645013685069425,0.010000000000000005,0.10638894402670004,0.0,-0.17645013685069424,,,,,,,,,True,0.135315,0.030346804393079657,0.08,0.0
combined,saddle_node,stability_loss,8,Latent Neural SDE (VI),2.134462833404541,1.6010942459106445,0.0524881359264308,0.08937515868655893,0.013265874036519052,0.5333685874938965,0.03688702276012813,,,,,,,,,True,0.135315,0.030346804393079657,0.08,0.0
combined,saddle_node,stability_loss,8,Moment OU,1.5674491698787207,,0.06530763564526244,,,,,,,,,,,,,False,0.135315,0.030346804393079657,0.08,0.0
combined,saddle_node,stability_loss,8,Neural SDE (Euler),2.7133164405822754,,0.03316685391402104,,,,,,,,,,,,,False,0.135315,0.030346804393079657,0.08,0.0
combined,saddle_node,stability_loss,8,SINDy-STLSQ,2.4371283646219926,,0.06767106092359618,,,,,,,,,,,,,False,0.135315,0.030346804393079657,0.08,0.0
combined,saddle_node,stability_loss,9,Bayesian SINDy (spike-slab),0.5768600956065204,0.29712404346082555,0.08517376248746956,0.06375221982682136,,0.27973605214569486,-0.021421542660648205,-0.0,2.078606393152373,0.042938161152190346,0.09251795832583051,0.1302341295280363,0.1496831088548229,0.0594107461345734,1.0,True,0.135315,0.029974396892466705,0.08,0.0
combined,saddle_node,stability_loss,9,Kalman OU,1.0125265464503972,1.9757829390087245,0.17799514931286994,0.11481786103129492,0.0010000000000000002,-0.9632563925583273,-0.06317728828157503,,,,,,,,,True,0.135315,0.029974396892466705,0.08,0.0
combined,saddle_node,stability_loss,9,Latent Neural SDE (VI),0.42607372999191284,0.9757840037345886,0.11500559969341131,0.05538340249458986,0.00698518739816961,-0.5497102737426758,-0.059622197198821454,,,,,,,,,True,0.135315,0.029974396892466705,0.08,0.0
combined,saddle_node,stability_loss,9,Moment OU,0.7482953177760857,,0.12343458193727688,,,,,,,,,,,,,False,0.135315,0.029974396892466705,0.08,0.0
combined,saddle_node,stability_loss,9,Neural SDE (Euler),0.8023463487625122,0.9162115454673767,0.10985610783030289,0.05987136875024342,,-0.1138651967048645,-0.04998473908005947,,,,,,,,,True,0.135315,0.029974396892466705,0.08,0.0
combined,saddle_node,stability_loss,9,SINDy-STLSQ,1.3124762708661901,2.4531600525709614,0.07548024866464077,0.05567506379021489,,-1.1406837817047712,-0.019805184874425882,,,,,,,,4.0,True,0.135315,0.029974396892466705,0.08,0.0
combined,saddle_node,stability_loss,10,Bayesian SINDy (spike-slab),,,,,,,,,,,,,,,,False,0.135315,0.03027905730737453,0.08,0.0
combined,saddle_node,stability_loss,10,Kalman OU,2.6912692266487226,3.0000000000000004,0.17160388309275432,0.010000000000000005,0.08291191001976561,-0.30873077335127785,-0.1616038830927543,,,,,,,,,True,0.135315,0.03027905730737453,0.08,0.0
combined,saddle_node,stability_loss,10,Latent Neural SDE (VI),0.5159997940063477,1.4338256120681763,0.05331026629674367,0.07562596559075527,0.01032180028336092,-0.9178258180618286,0.022315699294011594,,,,,,,,,True,0.135315,0.03027905730737453,0.08,0.0
combined,saddle_node,stability_loss,10,Moment OU,,,,,,,,,,,,,,,,False,0.135315,0.03027905730737453,0.08,0.0
combined,saddle_node,stability_loss,10,Neural SDE (Euler),,,,,,,,,,,,,,,,False,0.135315,0.03027905730737453,0.08,0.0
combined,saddle_node,stability_loss,10,SINDy-STLSQ,,,,,,,,,,,,,,,,False,0.135315,0.03027905730737453,0.08,0.0
combined,saddle_node,stability_loss,11,Bayesian SINDy (spike-slab),,0.9687434403684563,,0.07879190478936096,,,,-0.0,2.1369327349156655,0.05386157357264069,0.12871327550142767,0.3764889694707431,0.08110262019658819,0.5081567048695983,2.0,False,0.135315,0.02997327796469117,0.08,0.0
combined,saddle_node,stability_loss,11,Kalman OU,3.0000000000000004,0.47760850191211635,0.010000000000000005,0.053253303287453244,0.07018918133408943,2.522391498087884,0.043253303287453235,,,,,,,,,True,0.135315,0.02997327796469117,0.08,0.0
combined,saddle_node,stability_loss,11,Latent Neural SDE (VI),2.7014195919036865,0.7534881830215454,0.061039059088729974,0.09101796449051994,0.010524771468813221,1.9479314088821411,0.029978905401789963,,,,,,,,,True,0.135315,0.02997327796469117,0.08,0.0
combined,saddle_node,stability_loss,11,Moment OU,,0.46771574556827605,,0.044034737682432525,,,,,,,,,,,,False,0.135315,0.02997327796469117,0.08,0.0
combined,saddle_node,stability_loss,11,Neural SDE (Euler),,1.5025558471679688,,0.09058121083261278,,,,,,,,,,,,False,0.135315,0.02997327796469117,0.08,0.0
combined,saddle_node,stability_loss,11,SINDy-STLSQ,,1.2455353546901005,,0.07543916574673001,,,,,,,,,,,4.0,False,0.135315,0.02997327796469117,0.08,0.0
combined,saddle_node,stability_loss,12,Bayesian SINDy (spike-slab),0.6105374417406862,0.8598052475922748,0.030765707043721394,0.08516678793496842,,-0.2492678058515886,0.054401080891247025,-0.0,2.3005411478842883,0.05063714942188156,0.142973731863423,0.604663308390699,0.02284123565014617,0.06319293636308888,2.0,True,0.135315,0.030090856972169976,0.08,0.0
combined,saddle_node,stability_loss,12,Kalman OU,1.0693747227488268,3.0000000000000004,0.0801804711593393,0.010000000000000005,0.06343063206170757,-1.9306252772511736,-0.07018047115933929,,,,,,,,,True,0.135315,0.030090856972169976,0.08,0.0
combined,saddle_node,stability_loss,12,Latent Neural SDE (VI),1.0703401565551758,2.01072359085083,0.08316373009989579,0.0595387861849973,0.007868981771822822,-0.9403834342956543,-0.023624943914898493,,,,,,,,,True,0.135315,0.030090856972169976,0.08,0.0
combined,saddle_node,stability_loss,12,Moment OU,,,,,,,,,,,,,,,,False,0.135315,0.030090856972169976,0.08,0.0
combined,saddle_node,stability_loss,12,Neural SDE (Euler),1.0941617488861084,2.5260508060455322,0.053171089817715234,0.10718948347781274,,-1.4318890571594238,0.0540183936600975,,,,,,,,,True,0.135315,0.030090856972169976,0.08,0.0
combined,saddle_node,stability_loss,12,SINDy-STLSQ,0.7532985004509375,3.31485875710233,0.03126292687606924,0.07070851850996789,,-2.561560256651392,0.039445591633898644,,,,,,,,4.0,True,0.135315,0.030090856972169976,0.08,0.0
combined,saddle_node,stability_loss,13,Bayesian SINDy (spike-slab),,,,,,,,,,,,,,,,False,0.135315,0.029589689922875712,0.08,0.0
combined,saddle_node,stability_loss,13,Kalman OU,3.0000000000000004,3.0000000000000004,0.010000000000000005,0.010000000000000005,0.07814710995518466,0.0,0.0,,,,,,,,,True,0.135315,0.029589689922875712,0.08,0.0
combined,saddle_node,stability_loss,13,Latent Neural SDE (VI),1.984670639038086,3.169130802154541,0.06891054833491637,0.041669049542480886,0.009411032623689796,-1.184460163116455,-0.027241498792435488,,,,,,,,,True,0.135315,0.029589689922875712,0.08,0.0
combined,saddle_node,stability_loss,13,Moment OU,,,,,,,,,,,,,,,,False,0.135315,0.029589689922875712,0.08,0.0
combined,saddle_node,stability_loss,13,Neural SDE (Euler),,,,,,,,,,,,,,,,False,0.135315,0.029589689922875712,0.08,0.0
combined,saddle_node,stability_loss,13,SINDy-STLSQ,,,,,,,,,,,,,,,,False,0.135315,0.029589689922875712,0.08,0.0
combined,saddle_node,stability_loss,14,Bayesian SINDy (spike-slab),1.6577280845385098,1.794449003046126,0.05803960945026649,0.07391754575043792,,-0.13672091850761614,0.01587793630017143,0.989551930965034,2.556681160678089,0.050640278335428834,0.11254393740398667,0.973997958048381,0.01730286177858277,0.028280915230894883,2.0,True,0.135315,0.030746010273479136,0.08,0.0
combined,saddle_node,stability_loss,14,Kalman OU,3.0000000000000004,3.0000000000000004,0.010000000000000005,0.010000000000000005,0.07156953869888125,0.0,0.0,,,,,,,,,True,0.135315,0.030746010273479136,0.08,0.0
combined,saddle_node,stability_loss,14,Latent Neural SDE (VI),1.648605227470398,2.032698154449463,0.049211075104172906,0.0868489397339843,0.008261341362255006,-0.38409292697906494,0.0376378646298114,,,,,,,,,True,0.135315,0.030746010273479136,0.08,0.0
combined,saddle_node,stability_loss,14,Moment OU,,,,,,,,,,,,,,,,False,0.135315,0.030746010273479136,0.08,0.0
combined,saddle_node,stability_loss,14,Neural SDE (Euler),1.411953091621399,1.8135689496994019,0.06093375753354883,0.10277770596414022,,-0.40161585807800293,0.041843948430591395,,,,,,,,,True,0.135315,0.030746010273479136,0.08,0.0
combined,saddle_node,stability_loss,14,SINDy-STLSQ,1.016172187202653,1.795308127541924,0.05996119745923722,0.08019689490551818,,-0.779135940339271,0.02023569744628096,,,,,,,,2.0,True,0.135315,0.030746010273479136,0.08,0.0
combined,saddle_node,stability_loss,15,Bayesian SINDy (spike-slab),0.25967722267835436,,0.10539133468076545,,,,,,,,,,,,,False,0.135315,0.030319980426765886,0.08,0.0
combined,saddle_node,stability_loss,15,Kalman OU,0.31384930776634173,1.2746845834916234,0.06074970177663757,0.11976136448141228,0.0010000000000000002,-0.9608352757252816,0.05901166270477471,,,,,,,,,True,0.135315,0.030319980426765886,0.08,0.0
combined,saddle_node,stability_loss,15,Latent Neural SDE (VI),0.5189418792724609,0.6843985915184021,0.12122889038253508,0.040011621098842085,0.009665825415553901,-0.16545671224594116,-0.081217269283693,,,,,,,,,True,0.135315,0.030319980426765886,0.08,0.0
combined,saddle_node,stability_loss,15,Moment OU,,,,,,,,,,,,,,,,False,0.135315,0.030319980426765886,0.08,0.0
combined,saddle_node,stability_loss,15,Neural SDE (Euler),0.9258577227592468,,0.1452781677153364,,,,,,,,,,,,,False,0.135315,0.030319980426765886,0.08,0.0
combined,saddle_node,stability_loss,15,SINDy-STLSQ,0.7593375940226696,,0.09958791631790014,,,,,,,,,,,,,False,0.135315,0.030319980426765886,0.08,0.0
combined,saddle_node,stability_loss,16,Bayesian SINDy (spike-slab),1.9082290693073714,0.02095119093754736,0.06860071002175933,0.09548493475817094,,1.887277878369824,0.02688422473641161,-0.0,0.39553441140760637,0.07080448524150394,0.13370545880525486,0.03884815471993572,0.019114108998920024,0.01678079230263935,1.0,True,0.135315,0.030083318827777945,0.08,0.0
combined,saddle_node,stability_loss,16,Kalman OU,3.0000000000000004,0.45062047214840717,0.010000000000000005,0.10674040557192252,0.03650880886167985,2.549379527851593,0.09674040557192251,,,,,,,,,True,0.135315,0.030083318827777945,0.08,0.0
combined,saddle_node,stability_loss,16,Latent Neural SDE (VI),2.2613697052001953,0.6770966053009033,0.06665668538445245,0.13703766878993184,0.014044760628854118,1.584273099899292,0.0703809834054794,,,,,,,,,True,0.135315,0.030083318827777945,0.08,0.0
combined,saddle_node,stability_loss,16,Moment OU,,,,,,,,,,,,,,,,False,0.135315,0.030083318827777945,0.08,0.0
combined,saddle_node,stability_loss,16,Neural SDE (Euler),2.4606399536132812,0.9972000122070312,0.1000082195619047,0.04070979834052931,,1.46343994140625,-0.05929842122137539,,,,,,,,,True,0.135315,0.030083318827777945,0.08,0.0
combined,saddle_node,stability_loss,16,SINDy-STLSQ,2.2557855522372123,0.46739520734377404,0.07445402502791289,0.0970977199934076,,1.7883903448934384,0.022643694965494718,,,,,,,,3.0,True,0.135315,0.030083318827777945,0.08,0.0
combined,saddle_node,stability_loss,17,Bayesian SINDy (spike-slab),1.566778506204285,0.44833908793522836,0.06996691069835254,0.08244550635660419,,1.1184394182690567,0.012478595658251657,-0.0,2.353748511737597,0.05305642118933312,0.12547004631903602,0.29393650223889717,0.05338371970659016,0.025954871866012877,1.0,True,0.135315,0.030096231290364272,0.08,0.0
combined,saddle_node,stability_loss,17,Kalman OU,3.0000000000000004,3.0000000000000004,0.17769399499602112,0.010000000000000005,0.06393802157182157,0.0,-0.1676939949960211,,,,,,,,,True,0.135315,0.030096231290364272,0.08,0.0
combined,saddle_node,stability_loss,17,Latent Neural SDE (VI),2.6781325340270996,1.5199600458145142,0.03380059421086685,0.06762769954230519,0.007666554802661851,1.1581724882125854,0.03382710533143834,,,,,,,,,True,0.135315,0.030096231290364272,0.08,0.0
combined,saddle_node,stability_loss,17,Moment OU,0.2934010952793113,,0.019132924082664288,,,,,,,,,,,,,False,0.135315,0.030096231290364272,0.08,0.0
combined,saddle_node,stability_loss,17,Neural SDE (Euler),2.2442078590393066,2.7060046195983887,0.03714762177460872,0.10918045471610391,,-0.46179676055908203,0.07203283294149518,,,,,,,,,True,0.135315,0.030096231290364272,0.08,0.0
combined,saddle_node,stability_loss,17,SINDy-STLSQ,2.442554531302003,2.5669214083935636,0.05607438559552952,0.07388090985521244,,-0.12436687709156047,0.017806524259682918,,,,,,,,3.0,True,0.135315,0.030096231290364272,0.08,0.0
combined,saddle_node,stability_loss,18,Bayesian SINDy (spike-slab),1.3896760482463566,,0.1089877060905245,,,,,,,,,,,,,False,0.135315,0.030671714886629654,0.08,0.0
combined,saddle_node,stability_loss,18,Kalman OU,3.0000000000000004,0.3806622877185433,0.010000000000000005,0.057934929907143676,0.10164258164731738,2.619337712281457,0.04793492990714367,,,,,,,,,True,0.135315,0.030671714886629654,0.08,0.0
combined,saddle_node,stability_loss,18,Latent Neural SDE (VI),1.635128378868103,0.8900954127311707,0.12138156520084298,0.12752719514988303,0.015475403066111513,0.7450329661369324,0.0061456299490400546,,,,,,,,,True,0.135315,0.030671714886629654,0.08,0.0
combined,saddle_node,stability_loss,18,Moment OU,,,,,,,,,,,,,,,,False,0.135315,0.030671714886629654,0.08,0.0
combined,saddle_node,stability_loss,18,Neural SDE (Euler),1.7860817909240723,,0.12532424182127086,,,,,,,,,,,,,False,0.135315,0.030671714886629654,0.08,0.0
combined,saddle_node,stability_loss,18,SINDy-STLSQ,1.5227794091102564,,0.11293936235463989,,,,,,,,,,,,,False,0.135315,0.030671714886629654,0.08,0.0
combined,saddle_node,stability_loss,19,Bayesian SINDy (spike-slab),0.12875190279233406,,0.10667181595549563,,,,,,,,,,,,,False,0.135315,0.029940318856761627,0.08,0.0
combined,saddle_node,stability_loss,19,Kalman OU,1.3997467349573873,0.3430322965945085,0.15198910713547426,0.08654072219053748,0.029848207879721634,1.0567144383628788,-0.06544838494493678,,,,,,,,,True,0.135315,0.029940318856761627,0.08,0.0
combined,saddle_node,stability_loss,19,Latent Neural SDE (VI),1.1283960342407227,0.28474733233451843,0.12466364282717432,0.03204646039414703,0.011000273950886569,0.8436487019062042,-0.09261718243302729,,,,,,,,,True,0.135315,0.029940318856761627,0.08,0.0
combined,saddle_node,stability_loss,19,Moment OU,,,,,,,,,,,,,,,,False,0.135315,0.029940318856761627,0.08,0.0
combined,saddle_node,stability_loss,19,Neural SDE (Euler),0.6038950681686401,,0.13369295006742302,,,,,,,,,,,,,False,0.135315,0.029940318856761627,0.08,0.0
combined,saddle_node,stability_loss,19,SINDy-STLSQ,1.424896108451027,,0.10080078771836411,,,,,,,,,,,,,False,0.135315,0.029940318856761627,0.08,0.0
combined,saddle_node,stability_loss,20,Bayesian SINDy (spike-slab),0.15178874828951142,,0.08109178856540739,,,,,,,,,,,,,False,0.135315,0.030357356131718034,0.08,0.0
combined,saddle_node,stability_loss,20,Kalman OU,2.34845055118286,3.0000000000000004,0.19569857412531072,0.010000000000000005,0.07357602791730004,-0.6515494488171405,-0.1856985741253107,,,,,,,,,True,0.135315,0.030357356131718034,0.08,0.0
combined,saddle_node,stability_loss,20,Latent Neural SDE (VI),1.3095382452011108,2.71938419342041,0.0935446005091745,0.0652205257143383,0.009153520971698052,-1.4098459482192993,-0.0283240747948362,,,,,,,,,True,0.135315,0.030357356131718034,0.08,0.0
combined,saddle_node,stability_loss,20,Moment OU,0.3035196128575807,,0.03851032749902464,,,,,,,,,,,,,False,0.135315,0.030357356131718034,0.08,0.0
combined,saddle_node,stability_loss,20,Neural SDE (Euler),2.958921194076538,,0.06051124172458896,,,,,,,,,,,,,False,0.135315,0.030357356131718034,0.08,0.0
combined,saddle_node,stability_loss,20,SINDy-STLSQ,5.410370186146102,,0.06939918072718874,,,,,,,,,,,,,False,0.135315,0.030357356131718034,0.08,0.0
combined,saddle_node,stability_loss,21,Bayesian SINDy (spike-slab),0.9352894469175058,1.4999279713453928,0.08762385449117131,0.11203382622235854,,-0.564638524427887,0.024409971731187224,-0.0,2.7822606985112683,0.07613571049470552,0.1782622728867461,0.6571148820395165,0.1177281756043733,0.20516947005078903,2.0,True,0.135315,0.030024360650987025,0.08,0.0
combined,saddle_node,stability_loss,21,Kalman OU,3.0000000000000004,3.0000000000000004,0.010000000000000005,0.010000000000000005,0.0994008112668392,0.0,0.0,,,,,,,,,True,0.135315,0.030024360650987025,0.08,0.0
combined,saddle_node,stability_loss,21,Latent Neural SDE (VI),1.7122163772583008,1.196294903755188,0.07073384058142304,0.08847675689291812,0.011967666291420629,0.5159214735031128,0.017742916311495077,,,,,,,,,True,0.135315,0.030024360650987025,0.08,0.0
combined,saddle_node,stability_loss,21,Moment OU,,,,,,,,,,,,,,,,False,0.135315,0.030024360650987025,0.08,0.0
combined,saddle_node,stability_loss,21,Neural SDE (Euler),4.198216438293457,2.3530213832855225,0.016565158721031058,0.08459231279781045,,1.8451950550079346,0.0680271540767794,,,,,,,,,True,0.135315,0.030024360650987025,0.08,0.0
combined,saddle_node,stability_loss,21,SINDy-STLSQ,2.24632644159978,2.1205374838483575,0.08167913849672094,0.10891052990388096,,0.12578895775142263,0.02723139140716002,,,,,,,,4.0,True,0.135315,0.030024360650987025,0.08,0.0
combined,saddle_node,stability_loss,22,Bayesian SINDy (spike-slab),0.8969807947845585,0.16151174791690096,0.08822585644903856,0.04281237898484338,,0.7354690468676576,-0.04541347746419518,-0.0,1.658315367142944,0.027693251054234317,0.06489434879280494,0.05568665398161878,0.03342710998953697,0.09877713936727112,1.0,True,0.135315,0.03029496018953314,0.08,0.0
combined,saddle_node,stability_loss,22,Kalman OU,3.0000000000000004,0.8570440520733266,0.010000000000000005,0.06249754419629244,0.014754967581438827,2.1429559479266738,0.052497544196292434,,,,,,,,,True,0.135315,0.03029496018953314,0.08,0.0
combined,saddle_node,stability_loss,22,Latent Neural SDE (VI),1.2104158401489258,0.3787015676498413,0.06853529336366557,0.04135679255286669,0.00610978065971503,0.8317142724990845,-0.027178500810798874,,,,,,,,,True,0.135315,0.03029496018953314,0.08,0.0
combined,saddle_node,stability_loss,22,Moment OU,,,,,,,,,,,,,,,,False,0.135315,0.03029496018953314,0.08,0.0
combined,saddle_node,stability_loss,22,Neural SDE (Euler),1.3278473615646362,2.1979169845581055,0.08248358672975374,0.010021090879141353,,-0.8700696229934692,-0.07246249585061239,,,,,,,,,True,0.135315,0.03029496018953314,0.08,0.0
combined,saddle_node,stability_loss,22,SINDy-STLSQ,1.4579815043779898,2.739679450558227,0.08335395123955645,0.0380773953178539,,-1.2816979461802371,-0.04527655592170255,,,,,,,,3.0,True,0.135315,0.03029496018953314,0.08,0.0
combined,saddle_node,stability_loss,23,Bayesian SINDy (spike-slab),0.51173640422746,0.7688432067659926,0.09466119376952106,0.0606202892964753,,-0.2571068025385326,-0.03404090447304576,-0.0,2.082847333231906,0.037348379495081165,0.09746913555406735,0.2404030355579896,0.34569763465740483,0.1923995007830106,1.0,True,0.135315,0.030520300504546932,0.08,0.0
combined,saddle_node,stability_loss,23,Kalman OU,0.12046645650620232,0.33517859659744126,0.03062474963751816,0.019087279472472695,0.055949949814361286,-0.21471214009123896,-0.011537470165045464,,,,,,,,,True,0.135315,0.030520300504546932,0.08,0.0
combined,saddle_node,stability_loss,23,Latent Neural SDE (VI),1.0756796598434448,0.6789665818214417,0.10970302419730928,0.04109746891759518,0.006983619017717646,0.3967130780220032,-0.0686055552797141,,,,,,,,,True,0.135315,0.030520300504546932,0.08,0.0
combined,saddle_node,stability_loss,23,Moment OU,0.3158811121655587,,0.027116759969469086,,,,,,,,,,,,,False,0.135315,0.030520300504546932,0.08,0.0
combined,saddle_node,stability_loss,23,Neural SDE (Euler),1.6825052499771118,1.2657430171966553,0.09823394607673934,0.06649764604839115,,0.41676223278045654,-0.031736300028348194,,,,,,,,,True,0.135315,0.030520300504546932,0.08,0.0
combined,saddle_node,stability_loss,23,SINDy-STLSQ,2.320741297384588,0.44387050515417376,0.08752988300574421,0.060689517966332714,,1.8768707922304142,-0.0268403650394115,,,,,,,,4.0,True,0.135315,0.030520300504546932,0.08,0.0
combined,saddle_node,stability_loss,24,Bayesian SINDy (spike-slab),,1.1381271668428727,,0.07491736464929431,,,,-0.0,1.8138645398060753,0.05259275423381478,0.11378532759839571,0.9122354052930233,0.01567828226752561,0.029887090974753897,2.0,False,0.135315,0.03023487066094352,0.08,0.0
combined,saddle_node,stability_loss,24,Kalman OU,2.3429760732654232,3.0000000000000004,0.1882061526000798,0.05873432946428768,0.07215251806999728,-0.6570239267345772,-0.12947182313579214,,,,,,,,,True,0.135315,0.03023487066094352,0.08,0.0
combined,saddle_node,stability_loss,24,Latent Neural SDE (VI),1.1678019762039185,1.8002490997314453,0.08371027958517967,0.07292143444354274,0.009319948136796465,-0.6324471235275269,-0.01078884514163693,,,,,,,,,True,0.135315,0.03023487066094352,0.08,0.0
combined,saddle_node,stability_loss,24,Moment OU,,,,,,,,,,,,,,,,False,0.135315,0.03023487066094352,0.08,0.0
combined,saddle_node,stability_loss,24,Neural SDE (Euler),,1.8371436595916748,,0.08276950958802555,,,,,,,,,,,,False,0.135315,0.03023487066094352,0.08,0.0
combined,saddle_node,stability_loss,24,SINDy-STLSQ,,1.2343843824287457,,0.07737393068076963,,,,,,,,,,,2.0,False,0.135315,0.03023487066094352,0.08,0.0
combined,saddle_node,stability_loss,25,Bayesian SINDy (spike-slab),0.3731123508123404,,0.08493123906174478,,,,,,,,,,,,,False,0.135315,0.030514878502935862,0.08,0.0
combined,saddle_node,stability_loss,25,Kalman OU,1.3638461445774133,1.6346700427717582,0.11779413874228209,0.10362124938596022,0.0010000000000000002,-0.27082389819434494,-0.014172889356321869,,,,,,,,,True,0.135315,0.030514878502935862,0.08,0.0
combined,saddle_node,stability_loss,25,Latent Neural SDE (VI),1.8110429048538208,1.0875024795532227,0.04842109517055921,0.028856663744459825,0.007114468835425221,0.7235404253005981,-0.019564431426099385,,,,,,,,,True,0.135315,0.030514878502935862,0.08,0.0
combined,saddle_node,stability_loss,25,Moment OU,,,,,,,,,,,,,,,,False,0.135315,0.030514878502935862,0.08,0.0
combined,saddle_node,stability_loss,25,Neural SDE (Euler),2.728144407272339,,0.06895682440836465,,,,,,,,,,,,,False,0.135315,0.030514878502935862,0.08,0.0
combined,saddle_node,stability_loss,25,SINDy-STLSQ,2.6237013408284624,,0.0704100619746592,,,,,,,,,,,,,False,0.135315,0.030514878502935862,0.08,0.0
combined,saddle_node,stability_loss,26,Bayesian SINDy (spike-slab),1.0747256973207124,1.6998852228825085,0.027494503745571303,0.05213956265586214,,-0.6251595255617961,0.02464505891029084,-0.0,5.0358341067396735,0.03304618308223174,0.09031033599497672,0.686618266432658,0.035223870697779575,0.9146678326936554,3.0,True,0.135315,0.02973513584899997,0.08,0.0
combined,saddle_node,stability_loss,26,Kalman OU,0.1918346768623994,1.3283845174470774,0.015123386854546205,0.13641175988791496,0.0010000000000000002,-1.136549840584678,0.12128837303336876,,,,,,,,,True,0.135315,0.02973513584899997,0.08,0.0
combined,saddle_node,stability_loss,26,Latent Neural SDE (VI),0.9822593927383423,0.7777814269065857,0.039673229634182336,0.10306706996234628,0.010030284166522454,0.2044779658317566,0.06339384032816395,,,,,,,,,True,0.135315,0.02973513584899997,0.08,0.0
combined,saddle_node,stability_loss,26,Moment OU,,,,,,,,,,,,,,,,False,0.135315,0.02973513584899997,0.08,0.0
combined,saddle_node,stability_loss,26,Neural SDE (Euler),1.2609622478485107,0.8503696918487549,0.029718692729881934,0.1381328096152587,,0.41059255599975586,0.10841411688537676,,,,,,,,,True,0.135315,0.02973513584899997,0.08,0.0
combined,saddle_node,stability_loss,26,SINDy-STLSQ,1.7971100391232815,1.1421067958092204,0.027982608148520372,0.04904664047843484,,0.6550032433140611,0.02106403232991447,,,,,,,,4.0,True,0.135315,0.02973513584899997,0.08,0.0
combined,saddle_node,stability_loss,27,Bayesian SINDy (spike-slab),1.3870758489602415,1.5077088613064857,0.07230514388535746,0.07321495500175824,,-0.12063301234624424,0.0009098111164007883,0.8406056132343162,2.348288137565179,0.05259361361396208,0.11019467373293229,0.9724666825604321,0.026539158902394867,0.06528464330277978,2.0,True,0.135315,0.03015334632867306,0.08,0.0
combined,saddle_node,stability_loss,27,Kalman OU,3.0000000000000004,3.0000000000000004,0.010000000000000005,0.010000000000000005,0.07853475742140079,0.0,0.0,,,,,,,,,True,0.135315,0.03015334632867306,0.08,0.0
combined,saddle_node,stability_loss,27,Latent Neural SDE (VI),1.2298007011413574,1.8005142211914062,0.0893909039280372,0.09317109848399883,0.009676792418293712,-0.5707135200500488,0.0037801945559616384,,,,,,,,,True,0.135315,0.03015334632867306,0.08,0.0
combined,saddle_node,stability_loss,27,Moment OU,,,,,,,,,,,,,,,,False,0.135315,0.03015334632867306,0.08,0.0
combined,saddle_node,stability_loss,27,Neural SDE (Euler),1.7453298568725586,1.9768781661987305,0.09764447076656886,0.0974384911558779,,-0.23154830932617188,-0.00020597961069096504,,,,,,,,,True,0.135315,0.03015334632867306,0.08,0.0
combined,saddle_node,stability_loss,27,SINDy-STLSQ,1.114720335275567,2.827780423011981,0.0767939677020562,0.0704247275561091,,-1.7130600877364142,-0.0063692401459471,,,,,,,,4.0,True,0.135315,0.03015334632867306,0.08,0.0
combined,saddle_node,stability_loss,28,Bayesian SINDy (spike-slab),0.5584303981067577,0.018618632309049858,0.1024278687998318,0.07785453974406875,,0.5398117657977078,-0.024573329055763052,-0.0,0.2315604401443207,0.05504894945349278,0.11504828897152203,0.029227673543654648,0.014113482605917847,0.010829860174556939,1.0,True,0.135315,0.03020182031013579,0.08,0.0
combined,saddle_node,stability_loss,28,Kalman OU,3.0000000000000004,0.45181370972821816,0.010000000000000005,0.07826928138696804,0.025998100880763646,2.5481862902717825,0.06826928138696803,,,,,,,,,True,0.135315,0.03020182031013579,0.08,0.0
combined,saddle_node,stability_loss,28,Latent Neural SDE (VI),1.337320327758789,0.439483106136322,0.08792272998379788,0.08287859658139318,0.009699049128739284,0.897837221622467,-0.005044133402404699,,,,,,,,,True,0.135315,0.03020182031013579,0.08,0.0
combined,saddle_node,stability_loss,28,Moment OU,,,,,,,,,,,,,,,,False,0.135315,0.03020182031013579,0.08,0.0
combined,saddle_node,stability_loss,28,Neural SDE (Euler),1.7239922285079956,0.36860162019729614,0.10338993870726418,0.10044210169369959,,1.3553906083106995,-0.0029478370135645887,,,,,,,,,True,0.135315,0.03020182031013579,0.08,0.0
combined,saddle_node,stability_loss,28,SINDy-STLSQ,1.1936360579732221,3.8141387382861565,0.10049043261926136,0.07065080259406441,,-2.620502680312934,-0.029839630025196948,,,,,,,,4.0,True,0.135315,0.03020182031013579,0.08,0.0
combined,saddle_node,stability_loss,29,Bayesian SINDy (spike-slab),0.2198030085435363,0.47977480776571535,0.06963433971134689,0.1152607529072132,,-0.25997179922217906,0.045626413195866314,-0.0,1.5827319749230033,0.07544025820852512,0.17838182064340463,0.3009329266588951,0.04219780752114287,0.20510366433542754,1.0,True,0.135315,0.030398198926167307,0.08,0.0
combined,saddle_node,stability_loss,29,Kalman OU,1.112869223751103,1.7487034585179904,0.09465461540096175,0.1835235889046031,0.0010000000000000002,-0.6358342347668873,0.08886897350364135,,,,,,,,,True,0.135315,0.030398198926167307,0.08,0.0
combined,saddle_node,stability_loss,29,Latent Neural SDE (VI),1.0657340288162231,1.3913438320159912,0.06684610674378073,0.07204364307875086,0.011831144180482788,-0.32560980319976807,0.005197536334970124,,,,,,,,,True,0.135315,0.030398198926167307,0.08,0.0
combined,saddle_node,stability_loss,29,Moment OU,,0.4754148389053036,,0.06118176617761056,,,,,,,,,,,,False,0.135315,0.030398198926167307,0.08,0.0
combined,saddle_node,stability_loss,29,Neural SDE (Euler),0.4912186563014984,1.6195635795593262,0.09427353952959323,0.07542852386254356,,-1.1283449232578278,-0.018845015667049672,,,,,,,,,True,0.135315,0.030398198926167307,0.08,0.0
combined,saddle_node,stability_loss,29,SINDy-STLSQ,1.1515721051288834,1.9848728065167334,0.06431792937893413,0.09761535687597103,,-0.83330070138785,0.0332974274970369,,,,,,,,4.0,True,0.135315,0.030398198926167307,0.08,0.0
combined,saddle_node,stationary,0,Bayesian SINDy (spike-slab),1.5107420022597153,2.149092591863117,0.0748559443191371,0.050801863806608234,,-0.6383505896034019,-0.024054080512528865,-0.0,3.8769906613015563,0.029810596605591537,0.08733511624283558,0.8206853224706255,0.11806706864882577,0.27084589228993283,2.0,True,0.8000000000000002,0.029905305036567693,0.08,0.0
combined,saddle_node,stationary,0,Kalman OU,3.0000000000000004,3.0000000000000004,0.010000000000000005,0.010000000000000005,0.05645043750182024,0.0,0.0,,,,,,,,,True,0.8000000000000002,0.029905305036567693,0.08,0.0
combined,saddle_node,stationary,0,Latent Neural SDE (VI),2.170696258544922,2.9181933403015137,0.06748415149218581,0.041317377611790704,0.006650854249309787,-0.7474970817565918,-0.02616677388039511,,,,,,,,,True,0.8000000000000002,0.029905305036567693,0.08,0.0
combined,saddle_node,stationary,0,Moment OU,,,,,,,,,,,,,,,,False,0.8000000000000002,0.029905305036567693,0.08,0.0
combined,saddle_node,stationary,0,Neural SDE (Euler),2.0828049182891846,3.5150811672210693,0.07662256477422955,0.03671484469143348,,-1.4322762489318848,-0.03990772008279606,,,,,,,,,True,0.8000000000000002,0.029905305036567693,0.08,0.0
combined,saddle_node,stationary,0,SINDy-STLSQ,3.2732572326258103,3.2373505749271976,0.07248712222341601,0.043805126050566925,,0.035906657698612676,-0.028681996172849084,,,,,,,,4.0,True,0.8000000000000002,0.029905305036567693,0.08,0.0
combined,saddle_node,stationary,1,Bayesian SINDy (spike-slab),,1.3803936810949762,,0.0793110976008951,,,,-0.0,2.154546865986016,0.0543314679735465,0.128855854716044,0.9214466394307899,0.03302323645622783,0.02347585302552372,2.0,False,0.8000000000000002,0.029960009061507125,0.08,0.0
combined,saddle_node,stationary,1,Kalman OU,3.0000000000000004,3.0000000000000004,0.010000000000000005,0.010000000000000005,0.08661505196889238,0.0,0.0,,,,,,,,,True,0.8000000000000002,0.029960009061507125,0.08,0.0
combined,saddle_node,stationary,1,Latent Neural SDE (VI),0.6064921617507935,1.0725969076156616,0.05437205213380592,0.09378413340738671,0.010750332881792217,-0.46610474586486816,0.03941208127358079,,,,,,,,,True,0.8000000000000002,0.029960009061507125,0.08,0.0
combined,saddle_node,stationary,1,Moment OU,,,,,,,,,,,,,,,,False,0.8000000000000002,0.029960009061507125,0.08,0.0
combined,saddle_node,stationary,1,Neural SDE (Euler),,1.4245927333831787,,0.1157548768337423,,,,,,,,,,,,False,0.8000000000000002,0.029960009061507125,0.08,0.0
combined,saddle_node,stationary,1,SINDy-STLSQ,,1.9883145463277103,,0.07920758317450387,,,,,,,,,,,4.0,False,0.8000000000000002,0.029960009061507125,0.08,0.0
combined,saddle_node,stationary,2,Bayesian SINDy (spike-slab),,0.8073705830836692,,0.10207825778111285,,,,-0.0,4.570377123334975,0.06655409320331451,0.1585158878797192,0.2661615495410301,0.1140192340134478,0.11100575724775436,1.0,False,0.8000000000000002,0.0300297230153412,0.08,0.0
combined,saddle_node,stationary,2,Kalman OU,3.0000000000000004,3.0000000000000004,0.010000000000000005,0.010000000000000005,0.07702008595165995,0.0,0.0,,,,,,,,,True,0.8000000000000002,0.0300297230153412,0.08,0.0
combined,saddle_node,stationary,2,Latent Neural SDE (VI),1.198354959487915,2.2928335666656494,0.050203491177006454,0.06743710781335681,0.009391289016927153,-1.0944786071777344,0.017233616636350355,,,,,,,,,True,0.8000000000000002,0.0300297230153412,0.08,0.0
combined,saddle_node,stationary,2,Moment OU,,,,,,,,,,,,,,,,False,0.8000000000000002,0.0300297230153412,0.08,0.0
combined,saddle_node,stationary,2,Neural SDE (Euler),,5.205800533294678,,0.009295436694492665,,,,,,,,,,,,False,0.8000000000000002,0.0300297230153412,0.08,0.0
combined,saddle_node,stationary,2,SINDy-STLSQ,,3.279785641787183,,0.09279504895854618,,,,,,,,,,,4.0,False,0.8000000000000002,0.0300297230153412,0.08,0.0
combined,saddle_node,stationary,3,Bayesian SINDy (spike-slab),,,,,,,,,,,,,,,,False,0.8000000000000002,0.03002610378878635,0.08,0.0
combined,saddle_node,stationary,3,Kalman OU,3.0000000000000004,3.0000000000000004,0.010000000000000005,0.010000000000000005,0.098876041047142,0.0,0.0,,,,,,,,,True,0.8000000000000002,0.03002610378878635,0.08,0.0
combined,saddle_node,stationary,3,Latent Neural SDE (VI),0.8627111315727234,1.247009038925171,0.09646962951123697,0.12926111431774834,0.012159929007369391,-0.3842979073524475,0.03279148480651137,,,,,,,,,True,0.8000000000000002,0.03002610378878635,0.08,0.0
combined,saddle_node,stationary,3,Moment OU,,,,,,,,,,,,,,,,False,0.8000000000000002,0.03002610378878635,0.08,0.0
combined,saddle_node,stationary,3,Neural SDE (Euler),,,,,,,,,,,,,,,,False,0.8000000000000002,0.03002610378878635,0.08,0.0
combined,saddle_node,stationary,3,SINDy-STLSQ,,,,,,,,,,,,,,,,False,0.8000000000000002,0.03002610378878635,0.08,0.0
combined,saddle_node,stationary,4,Bayesian SINDy (spike-slab),,1.563381529303507,,0.06198549867657342,,,,0.7885416261242951,2.393413343012249,0.04271635768698465,0.09886001582577471,0.951287588670281,0.07091649590053521,0.06927499349749881,2.0,False,0.8000000000000002,0.029958103034084242,0.08,0.0
combined,saddle_node,stationary,4,Kalman OU,3.0000000000000004,0.848821991614065,0.010000000000000005,0.07141816275185779,0.06451031660730006,2.1511780083859353,0.06141816275185778,,,,,,,,,True,0.8000000000000002,0.029958103034084242,0.08,0.0
combined,saddle_node,stationary,4,Latent Neural SDE (VI),0.8073077201843262,1.1385328769683838,0.07438453980549248,0.08348270852760244,0.010194039825421396,-0.3312251567840576,0.009098168722109959,,,,,,,,,True,0.8000000000000002,0.029958103034084242,0.08,0.0
combined,saddle_node,stationary,4,Moment OU,,,,,,,,,,,,,,,,False,0.8000000000000002,0.029958103034084242,0.08,0.0
combined,saddle_node,stationary,4,Neural SDE (Euler),,1.3683836460113525,,0.07764826378598773,,,,,,,,,,,,False,0.8000000000000002,0.029958103034084242,0.08,0.0
combined,saddle_node,stationary,4,SINDy-STLSQ,,1.1031486429681274,,0.06319835805210015,,,,,,,,,,,4.0,False,0.8000000000000002,0.029958103034084242,0.08,0.0
combined,saddle_node,stationary,5,Bayesian SINDy (spike-slab),,,,,,,,,,,,,,,,False,0.8000000000000002,0.029936413138497486,0.08,0.0
combined,saddle_node,stationary,5,Kalman OU,3.0000000000000004,3.0000000000000004,0.010000000000000005,0.010000000000000005,0.07428123927457224,0.0,0.0,,,,,,,,,True,0.8000000000000002,0.029936413138497486,0.08,0.0
combined,saddle_node,stationary,5,Latent Neural SDE (VI),1.0683696269989014,0.8540163040161133,0.07640617017043039,0.09400223067248598,0.008767716950797097,0.21435332298278809,0.017596060502055588,,,,,,,,,True,0.8000000000000002,0.029936413138497486,0.08,0.0
combined,saddle_node,stationary,5,Moment OU,,,,,,,,,,,,,,,,False,0.8000000000000002,0.029936413138497486,0.08,0.0
combined,saddle_node,stationary,5,Neural SDE (Euler),,,,,,,,,,,,,,,,False,0.8000000000000002,0.029936413138497486,0.08,0.0
combined,saddle_node,stationary,5,SINDy-STLSQ,,,,,,,,,,,,,,,,False,0.8000000000000002,0.029936413138497486,0.08,0.0
combined,saddle_node,stationary,6,Bayesian SINDy (spike-slab),1.561238699944883,1.390396262098864,0.06391237831423492,0.041265199557144756,,0.17084243784601916,-0.022647178757090165,0.16534505593177284,3.1332242477364343,0.024093614276655486,0.07389577790861242,0.22887854175385186,0.6649650847702187,0.8871404019854305,3.0,True,0.8000000000000002,0.029880206020040247,0.08,0.0
combined,saddle_node,stationary,6,Kalman OU,3.0000000000000004,3.0000000000000004,0.010000000000000005,0.010000000000000005,0.0675960666232056,0.0,0.0,,,,,,,,,True,0.8000000000000002,0.029880206020040247,0.08,0.0
combined,saddle_node,stationary,6,Latent Neural SDE (VI),1.8495378494262695,1.0489931106567383,0.05797836018901875,0.043361458236111455,0.007590534963511464,0.8005447387695312,-0.014616901952907296,,,,,,,,,True,0.8000000000000002,0.029880206020040247,0.08,0.0
combined,saddle_node,stationary,6,Moment OU,,,,,,,,,,,,,,,,False,0.8000000000000002,0.029880206020040247,0.08,0.0
combined,saddle_node,stationary,6,Neural SDE (Euler),1.6700016260147095,1.0875179767608643,0.07487514825111152,0.044724179539654164,,0.5824836492538452,-0.03015096871145736,,,,,,,,,True,0.8000000000000002,0.029880206020040247,0.08,0.0
combined,saddle_node,stationary,6,SINDy-STLSQ,1.9070383292458841,1.9566841515690925,0.0660323702263791,0.03555332838053582,,-0.049645822323208355,-0.030479041845843283,,,,,,,,4.0,True,0.8000000000000002,0.029880206020040247,0.08,0.0
combined,saddle_node,stationary,7,Bayesian SINDy (spike-slab),1.7518425694419704,,0.04937747792059605,,,,,,,,,,,,,False,0.8000000000000002,0.029992914824699086,0.08,0.0
combined,saddle_node,stationary,7,Kalman OU,3.0000000000000004,3.0000000000000004,0.010000000000000005,0.010000000000000005,0.052529928659538254,0.0,0.0,,,,,,,,,True,0.8000000000000002,0.029992914824699086,0.08,0.0
combined,saddle_node,stationary,7,Latent Neural SDE (VI),1.3942006826400757,0.4239598214626312,0.06562608850220374,0.035883893063519974,0.006723246769531391,0.9702408611774445,-0.029742195438683762,,,,,,,,,True,0.8000000000000002,0.029992914824699086,0.08,0.0
combined,saddle_node,stationary,7,Moment OU,,,,,,,,,,,,,,,,False,0.8000000000000002,0.029992914824699086,0.08,0.0
combined,saddle_node,stationary,7,Neural SDE (Euler),2.6697826385498047,,0.06700090417797742,,,,,,,,,,,,,False,0.8000000000000002,0.029992914824699086,0.08,0.0
combined,saddle_node,stationary,7,SINDy-STLSQ,1.786866010339655,,0.054905026230523464,,,,,,,,,,,,,False,0.8000000000000002,0.029992914824699086,0.08,0.0
combined,saddle_node,stationary,8,Bayesian SINDy (spike-slab),,1.1318785108939533,,0.08705152069405475,,,,-0.0,2.5868384737680477,0.051062206067160505,0.15175583677241458,0.4128605598767944,0.028551161968992593,0.4015286700982327,1.0,False,0.8000000000000002,0.030028267856076558,0.08,0.0
combined,saddle_node,stationary,8,Kalman OU,3.0000000000000004,3.0000000000000004,0.010000000000000005,0.010000000000000005,0.07218709895921112,0.0,0.0,,,,,,,,,True,0.8000000000000002,0.030028267856076558,0.08,0.0
combined,saddle_node,stationary,8,Latent Neural SDE (VI),1.8844983577728271,1.3091193437576294,0.06985487020103272,0.06722035380311862,0.008603764323540193,0.5753790140151978,-0.002634516397914094,,,,,,,,,True,0.8000000000000002,0.030028267856076558,0.08,0.0
combined,saddle_node,stationary,8,Moment OU,,,,,,,,,,,,,,,,False,0.8000000000000002,0.030028267856076558,0.08,0.0
combined,saddle_node,stationary,8,Neural SDE (Euler),,1.477173089981079,,0.11793686062507477,,,,,,,,,,,,False,0.8000000000000002,0.030028267856076558,0.08,0.0
combined,saddle_node,stationary,8,SINDy-STLSQ,,1.0423571694320453,,0.07973256372860951,,,,,,,,,,,4.0,False,0.8000000000000002,0.030028267856076558,0.08,0.0
combined,saddle_node,stationary,9,Bayesian SINDy (spike-slab),3.4554464319170437,,0.050192368891688446,,,,,,,,,,,,,False,0.8000000000000002,0.02997420198996569,0.08,0.0
combined,saddle_node,stationary,9,Kalman OU,3.0000000000000004,3.0000000000000004,0.010000000000000005,0.010000000000000005,0.08298815328782272,0.0,0.0,,,,,,,,,True,0.8000000000000002,0.02997420198996569,0.08,0.0
combined,saddle_node,stationary,9,Latent Neural SDE (VI),2.5358526706695557,1.3911995887756348,0.02653969120614316,0.05863516816159395,0.009687148727037518,1.144653081893921,0.032095476955450786,,,,,,,,,True,0.8000000000000002,0.02997420198996569,0.08,0.0
combined,saddle_node,stationary,9,Moment OU,,,,,,,,,,,,,,,,False,0.8000000000000002,0.02997420198996569,0.08,0.0
combined,saddle_node,stationary,9,Neural SDE (Euler),4.423033714294434,,0.015109418660753477,,,,,,,,,,,,,False,0.8000000000000002,0.02997420198996569,0.08,0.0
combined,saddle_node,stationary,9,SINDy-STLSQ,5.322092393791378,,0.04275145002854644,,,,,,,,,,,,,False,0.8000000000000002,0.02997420198996569,0.08,0.0
combined,saddle_node,stationary,10,Bayesian SINDy (spike-slab),,1.9988137350152713,,0.06727821325740316,,,,0.18058415260959776,4.601540602977274,0.04324457336160234,0.10512615518764594,0.3391469526062811,0.4108773570596452,0.7698110889514947,2.0,False,0.8000000000000002,0.0300284968935838,0.08,0.0
combined,saddle_node,stationary,10,Kalman OU,1.0030085250902343,3.0000000000000004,0.10806113366065097,0.010000000000000005,0.09244728115641829,-1.9969914749097661,-0.09806113366065096,,,,,,,,,True,0.8000000000000002,0.0300284968935838,0.08,0.0
combined,saddle_node,stationary,10,Latent Neural SDE (VI),0.642501950263977,1.5938591957092285,0.06075491135386907,0.07740919124516309,0.01090753012663251,-0.9513572454452515,0.01665427989129402,,,,,,,,,True,0.8000000000000002,0.0300284968935838,0.08,0.0
combined,saddle_node,stationary,10,Moment OU,,,,,,,,,,,,,,,,False,0.8000000000000002,0.0300284968935838,0.08,0.0
combined,saddle_node,stationary,10,Neural SDE (Euler),,2.890033721923828,,0.06189552144166205,,,,,,,,,,,,False,0.8000000000000002,0.0300284968935838,0.08,0.0
combined,saddle_node,stationary,10,SINDy-STLSQ,,2.4353741146340444,,0.05841834638460897,,,,,,,,,,,4.0,False,0.8000000000000002,0.0300284968935838,0.08,0.0
combined,saddle_node,stationary,11,Bayesian SINDy (spike-slab),0.7560085024405728,,0.07250641489767,,,,,,,,,,,,,False,0.8000000000000002,0.02998157438280242,0.08,0.0
combined,saddle_node,stationary,11,Kalman OU,0.6666355990641971,0.9852862760108254,0.04678766607297492,0.033090350187725825,0.0701154701990832,-0.3186506769466283,-0.013697315885249098,,,,,,,,,True,0.8000000000000002,0.02998157438280242,0.08,0.0
combined,saddle_node,stationary,11,Latent Neural SDE (VI),1.2986128330230713,0.6403888463973999,0.07728134724210033,0.04764489155982142,0.009071146411117592,0.6582239866256714,-0.029636455682278906,,,,,,,,,True,0.8000000000000002,0.02998157438280242,0.08,0.0
combined,saddle_node,stationary,11,Moment OU,,,,,,,,,,,,,,,,False,0.8000000000000002,0.02998157438280242,0.08,0.0
combined,saddle_node,stationary,11,Neural SDE (Euler),2.5116400718688965,,0.07496925239461176,,,,,,,,,,,,,False,0.8000000000000002,0.02998157438280242,0.08,0.0
combined,saddle_node,stationary,11,SINDy-STLSQ,2.048185550859697,,0.06410451025159064,,,,,,,,,,,,,False,0.8000000000000002,0.02998157438280242,0.08,0.0
combined,saddle_node,stationary,12,Bayesian SINDy (spike-slab),,0.8788715745523297,,0.0660421378049919,,,,-0.0,1.9884730489657914,0.041902320982874726,0.1139558995493321,0.6141197444651464,0.02320329783548925,0.17527522412957552,2.0,False,0.8000000000000002,0.02999635957483441,0.08,0.0
combined,saddle_node,stationary,12,Kalman OU,3.0000000000000004,0.44702067247482136,0.010000000000000005,0.02817611789709821,0.0572520252896622,2.552979327525179,0.018176117897098203,,,,,,,,,True,0.8000000000000002,0.02999635957483441,0.08,0.0
combined,saddle_node,stationary,12,Latent Neural SDE (VI),1.4869205951690674,1.0050559043884277,0.039844087076991885,0.058929163095987336,0.00786437417402923,0.48186469078063965,0.01908507601899545,,,,,,,,,True,0.8000000000000002,0.02999635957483441,0.08,0.0
combined,saddle_node,stationary,12,Moment OU,,,,,,,,,,,,,,,,False,0.8000000000000002,0.02999635957483441,0.08,0.0
combined,saddle_node,stationary,12,Neural SDE (Euler),,0.8423527479171753,,0.08150252364866781,,,,,,,,,,,,False,0.8000000000000002,0.02999635957483441,0.08,0.0
combined,saddle_node,stationary,12,SINDy-STLSQ,,0.8633693583922618,,0.06476502215478648,,,,,,,,,,,4.0,False,0.8000000000000002,0.02999635957483441,0.08,0.0
combined,saddle_node,stationary,13,Bayesian SINDy (spike-slab),,,,,,,,,,,,,,,,False,0.8000000000000002,0.02997660995536114,0.08,0.0
combined,saddle_node,stationary,13,Kalman OU,3.0000000000000004,3.0000000000000004,0.010000000000000005,0.010000000000000005,0.06870277544784079,0.0,0.0,,,,,,,,,True,0.8000000000000002,0.02997660995536114,0.08,0.0
combined,saddle_node,stationary,13,Latent Neural SDE (VI),1.373415231704712,2.342041492462158,0.04425757932261777,0.06177203038061389,0.008656355991876844,-0.9686262607574463,0.017514451057996122,,,,,,,,,True,0.8000000000000002,0.02997660995536114,0.08,0.0
combined,saddle_node,stationary,13,Moment OU,,,,,,,,,,,,,,,,False,0.8000000000000002,0.02997660995536114,0.08,0.0
combined,saddle_node,stationary,13,Neural SDE (Euler),,,,,,,,,,,,,,,,False,0.8000000000000002,0.02997660995536114,0.08,0.0
combined,saddle_node,stationary,13,SINDy-STLSQ,,,,,,,,,,,,,,,,False,0.8000000000000002,0.02997660995536114,0.08,0.0
combined,saddle_node,stationary,14,Bayesian SINDy (spike-slab),0.8638034912617307,0.8027799221715874,0.12261847000667928,0.05910773181611071,,0.06102356909014328,-0.06351073819056857,-0.0,2.459429711475626,0.03779323931381974,0.09827151688760405,0.27784018211014166,0.30273700351593,0.22257821730290517,1.0,True,0.8000000000000002,0.030087847862128064,0.08,0.0
combined,saddle_node,stationary,14,Kalman OU,3.0000000000000004,0.45438532233509316,0.246657417636122,0.05073484444667741,0.04197986340570346,2.5456146776649073,-0.1959225731894446,,,,,,,,,True,0.8000000000000002,0.030087847862128064,0.08,0.0
combined,saddle_node,stationary,14,Latent Neural SDE (VI),1.5906879901885986,1.793916940689087,0.09664760011326622,0.04213286624781291,0.008233675099279284,-0.20322895050048828,-0.05451473386545331,,,,,,,,,True,0.8000000000000002,0.030087847862128064,0.08,0.0
combined,saddle_node,stationary,14,Moment OU,1.5722858471643755,,0.11753491223152313,,,,,,,,,,,,,False,0.8000000000000002,0.030087847862128064,0.08,0.0
combined,saddle_node,stationary,14,Neural SDE (Euler),1.452172040939331,0.8489114046096802,0.11555702814068661,0.045981681829822284,,0.6032606363296509,-0.06957534631086432,,,,,,,,,True,0.8000000000000002,0.030087847862128064,0.08,0.0
combined,saddle_node,stationary,14,SINDy-STLSQ,1.5453309860934736,0.5598652225437033,0.11256351817430561,0.05916827390738306,,0.9854657635497703,-0.053395244266922555,,,,,,,,4.0,True,0.8000000000000002,0.030087847862128064,0.08,0.0
combined,saddle_node,stationary,15,Bayesian SINDy (spike-slab),1.4431786373708007,2.2759911596580555,0.04952518773072501,0.043086810448737155,,-0.8328125222872549,-0.006438377281987852,1.8309549992637535,2.7410559827758556,0.030516377480899335,0.06255016477558692,0.9999734635241063,0.0219853200953047,0.028937483774157547,2.0,True,0.8000000000000002,0.030046001194272188,0.08,0.0
combined,saddle_node,stationary,15,Kalman OU,3.0000000000000004,3.0000000000000004,0.010000000000000005,0.010000000000000005,0.06802422103362582,0.0,0.0,,,,,,,,,True,0.8000000000000002,0.030046001194272188,0.08,0.0
combined,saddle_node,stationary,15,Latent Neural SDE (VI),1.4920964241027832,3.2333545684814453,0.05679482691838416,0.04843738385082521,0.007880195936501235,-1.741258144378662,-0.00835744306755895,,,,,,,,,True,0.8000000000000002,0.030046001194272188,0.08,0.0
combined,saddle_node,stationary,15,Moment OU,,,,,,,,,,,,,,,,False,0.8000000000000002,0.030046001194272188,0.08,0.0
combined,saddle_node,stationary,15,Neural SDE (Euler),1.0134859085083008,3.876430034637451,0.06736824324437295,0.027756951717432803,,-2.8629441261291504,-0.039611291526940144,,,,,,,,,True,0.8000000000000002,0.030046001194272188,0.08,0.0
combined,saddle_node,stationary,15,SINDy-STLSQ,1.6244446639964676,2.8166908315114725,0.046218402775711084,0.04385323242290783,,-1.192246167515005,-0.0023651703528032517,,,,,,,,4.0,True,0.8000000000000002,0.030046001194272188,0.08,0.0
combined,saddle_node,stationary,16,Bayesian SINDy (spike-slab),0.5978474016342085,,0.05118738702208823,,,,,,,,,,,,,False,0.8000000000000002,0.029878918030584307,0.08,0.0
combined,saddle_node,stationary,16,Kalman OU,1.3866976698789533,1.3356844479524381,0.12975248703260522,0.14441685072769106,0.0010000000000000002,0.05101322192651514,0.014664363695085836,,,,,,,,,True,0.8000000000000002,0.029878918030584307,0.08,0.0
combined,saddle_node,stationary,16,Latent Neural SDE (VI),1.268455982208252,0.9797729253768921,0.04935814638194486,0.10566607845556217,0.01051018549672269,0.28868305683135986,0.056307932073617305,,,,,,,,,True,0.8000000000000002,0.029878918030584307,0.08,0.0
combined,saddle_node,stationary,16,Moment OU,,,,,,,,,,,,,,,,False,0.8000000000000002,0.029878918030584307,0.08,0.0
combined,saddle_node,stationary,16,Neural SDE (Euler),0.9117276668548584,,0.055755117866642764,,,,,,,,,,,,,False,0.8000000000000002,0.029878918030584307,0.08,0.0
combined,saddle_node,stationary,16,SINDy-STLSQ,1.6122278083971606,,0.05046700692001404,,,,,,,,,,,,,False,0.8000000000000002,0.029878918030584307,0.08,0.0
combined,saddle_node,stationary,17,Bayesian SINDy (spike-slab),,0.35940720524655134,,0.09921350912148784,,,,-0.0,2.2261863012751935,0.06384583409254979,0.15547533578336217,0.18281963827486855,0.08204009829224171,0.07979809091324805,1.0,False,0.8000000000000002,0.029998096409574904,0.08,0.0
combined,saddle_node,stationary,17,Kalman OU,3.0000000000000004,3.0000000000000004,0.010000000000000005,0.010000000000000005,0.07220872972064102,0.0,0.0,,,,,,,,,True,0.8000000000000002,0.029998096409574904,0.08,0.0
combined,saddle_node,stationary,17,Latent Neural SDE (VI),1.7109711170196533,1.197274923324585,0.058427836391589424,0.06768408724793862,0.008166378335398497,0.5136961936950684,0.009256250856349194,,,,,,,,,True,0.8000000000000002,0.029998096409574904,0.08,0.0
combined,saddle_node,stationary,17,Moment OU,,,,,,,,,,,,,,,,False,0.8000000000000002,0.029998096409574904,0.08,0.0
combined,saddle_node,stationary,17,Neural SDE (Euler),,1.5293982028961182,,0.08610525858888411,,,,,,,,,,,,False,0.8000000000000002,0.029998096409574904,0.08,0.0
combined,saddle_node,stationary,17,SINDy-STLSQ,,2.8273096481201394,,0.09549458512709715,,,,,,,,,,,4.0,False,0.8000000000000002,0.029998096409574904,0.08,0.0
combined,saddle_node,stationary,18,Bayesian SINDy (spike-slab),0.6004692776963979,,0.06677435335942353,,,,,,,,,,,,,False,0.8000000000000002,0.029873054227944184,0.08,0.0
combined,saddle_node,stationary,18,Kalman OU,0.4874051691167209,0.8163706478091834,0.09371819516079057,0.05902395918458925,0.04934770913439475,-0.32896547869246257,-0.03469423597620132,,,,,,,,,True,0.8000000000000002,0.029873054227944184,0.08,0.0
combined,saddle_node,stationary,18,Latent Neural SDE (VI),0.49854958057403564,1.2031935453414917,0.06738396841422073,0.046354817062078016,0.008171067404706299,-0.704643964767456,-0.021029151352142714,,,,,,,,,True,0.8000000000000002,0.029873054227944184,0.08,0.0
combined,saddle_node,stationary,18,Moment OU,0.018274724658673767,,0.00926948657120718,,,,,,,,,,,,,False,0.8000000000000002,0.029873054227944184,0.08,0.0
combined,saddle_node,stationary,18,Neural SDE (Euler),0.8017524480819702,,0.06361486636908091,,,,,,,,,,,,,False,0.8000000000000002,0.029873054227944184,0.08,0.0
combined,saddle_node,stationary,18,SINDy-STLSQ,2.642443523592514,,0.05437746886422226,,,,,,,,,,,,,False,0.8000000000000002,0.029873054227944184,0.08,0.0
combined,saddle_node,stationary,19,Bayesian SINDy (spike-slab),1.0504683991367147,,0.08751846928135733,,,,,,,,,,,,,False,0.8000000000000002,0.030090708149366513,0.08,0.0
combined,saddle_node,stationary,19,Kalman OU,1.6829643748274086,3.0000000000000004,0.07088087118351759,0.010000000000000005,0.07633068037140335,-1.3170356251725919,-0.06088087118351758,,,,,,,,,True,0.8000000000000002,0.030090708149366513,0.08,0.0
combined,saddle_node,stationary,19,Latent Neural SDE (VI),3.100153923034668,0.9616084098815918,0.08842266106531488,0.07050385293572152,0.009127120380643972,2.138545513153076,-0.017918808129593358,,,,,,,,,True,0.8000000000000002,0.030090708149366513,0.08,0.0
combined,saddle_node,stationary,19,Moment OU,,,,,,,,,,,,,,,,False,0.8000000000000002,0.030090708149366513,0.08,0.0
combined,saddle_node,stationary,19,Neural SDE (Euler),2.466710329055786,,0.1179753233551429,,,,,,,,,,,,,False,0.8000000000000002,0.030090708149366513,0.08,0.0
combined,saddle_node,stationary,19,SINDy-STLSQ,1.9288353272262693,,0.08386461627491994,,,,,,,,,,,,,False,0.8000000000000002,0.030090708149366513,0.08,0.0
combined,saddle_node,stationary,20,Bayesian SINDy (spike-slab),0.5577639118514999,1.5350237908225666,0.09897832814792963,0.04345991959018793,,-0.9772598789710667,-0.0555184085577417,0.7384713620283789,2.2068708790204385,0.028798455836629645,0.06976678574713406,0.9208339205779635,0.08749812791466197,0.09029385355688493,2.0,True,0.8000000000000002,0.03011364713080531,0.08,0.0
combined,saddle_node,stationary,20,Kalman OU,0.5868142613203406,3.0000000000000004,0.05690264546844908,0.010000000000000005,0.05385526914894781,-2.41318573867966,-0.04690264546844908,,,,,,,,,True,0.8000000000000002,0.03011364713080531,0.08,0.0
combined,saddle_node,stationary,20,Latent Neural SDE (VI),1.900392770767212,1.3793742656707764,0.057535503807659746,0.05648240717824996,0.0065801313766691676,0.5210185050964355,-0.0010530966294097846,,,,,,,,,True,0.8000000000000002,0.03011364713080531,0.08,0.0
combined,saddle_node,stationary,20,Moment OU,,,,,,,,,,,,,,,,False,0.8000000000000002,0.03011364713080531,0.08,0.0
combined,saddle_node,stationary,20,Neural SDE (Euler),1.9426631927490234,1.7054517269134521,0.056007355693720146,0.048069637683499346,,0.2372114658355713,-0.0079377180102208,,,,,,,,,True,0.8000000000000002,0.03011364713080531,0.08,0.0
combined,saddle_node,stationary,20,SINDy-STLSQ,0.5420342771987586,2.1458465550286223,0.09412887022184453,0.04050446776805706,,-1.6038122778298636,-0.053624402453787474,,,,,,,,4.0,True,0.8000000000000002,0.03011364713080531,0.08,0.0
combined,saddle_node,stationary,21,Bayesian SINDy (spike-slab),0.5004219521609251,,0.08034935476075715,,,,,,,,,,,,,False,0.8000000000000002,0.029924004498328837,0.08,0.0
combined,saddle_node,stationary,21,Kalman OU,1.170414316567434,3.0000000000000004,0.06463215052561355,0.010000000000000005,0.08802207877303335,-1.8295856834325663,-0.05463215052561354,,,,,,,,,True,0.8000000000000002,0.029924004498328837,0.08,0.0
combined,saddle_node,stationary,21,Latent Neural SDE (VI),1.0313043594360352,1.3292657136917114,0.08326463766302106,0.10507470886095947,0.010276685314527311,-0.29796135425567627,0.021810071197938416,,,,,,,,,True,0.8000000000000002,0.029924004498328837,0.08,0.0
combined,saddle_node,stationary,21,Moment OU,,,,,,,,,,,,,,,,False,0.8000000000000002,0.029924004498328837,0.08,0.0
combined,saddle_node,stationary,21,Neural SDE (Euler),0.9330007433891296,,0.09462978008768184,,,,,,,,,,,,,False,0.8000000000000002,0.029924004498328837,0.08,0.0
combined,saddle_node,stationary,21,SINDy-STLSQ,1.8522919578093158,,0.07175148803662958,,,,,,,,,,,,,False,0.8000000000000002,0.029924004498328837,0.08,0.0
combined,saddle_node,stationary,22,Bayesian SINDy (spike-slab),0.6121899699500435,,0.14372083694322785,,,,,,,,,,,,,False,0.8000000000000002,0.02992447010006848,0.08,0.0
combined,saddle_node,stationary,22,Kalman OU,2.335986571130092,3.0000000000000004,0.0653738715990844,0.14678877768167162,0.05776237308355202,-0.6640134288699087,0.08141490608258722,,,,,,,,,True,0.8000000000000002,0.02992447010006848,0.08,0.0
combined,saddle_node,stationary,22,Latent Neural SDE (VI),1.805121898651123,0.7805100679397583,0.06801031575215179,0.057381989777162926,0.010196080379889219,1.0246118307113647,-0.010628325974988861,,,,,,,,,True,0.8000000000000002,0.02992447010006848,0.08,0.0
combined,saddle_node,stationary,22,Moment OU,4.51451584487807,,0.24313528413564078,,,,,,,,,,,,,False,0.8000000000000002,0.02992447010006848,0.08,0.0
combined,saddle_node,stationary,22,Neural SDE (Euler),2.0731849670410156,,0.04299303149152128,,,,,,,,,,,,,False,0.8000000000000002,0.02992447010006848,0.08,0.0
combined,saddle_node,stationary,22,SINDy-STLSQ,2.1303600386560215,,0.1212868715250443,,,,,,,,,,,,,False,0.8000000000000002,0.02992447010006848,0.08,0.0
combined,saddle_node,stationary,23,Bayesian SINDy (spike-slab),1.610458514290375,,0.07994947298697448,,,,,,,,,,,,,False,0.8000000000000002,0.03002295375034253,0.08,0.0
combined,saddle_node,stationary,23,Kalman OU,3.0000000000000004,3.0000000000000004,0.010000000000000005,0.010000000000000005,0.05083361065852823,0.0,0.0,,,,,,,,,True,0.8000000000000002,0.03002295375034253,0.08,0.0
combined,saddle_node,stationary,23,Latent Neural SDE (VI),2.3132729530334473,1.9160267114639282,0.07640351546366314,0.0449874096131603,0.0062751482188078715,0.39724624156951904,-0.03141610585050284,,,,,,,,,True,0.8000000000000002,0.03002295375034253,0.08,0.0
combined,saddle_node,stationary,23,Moment OU,,,,,,,,,,,,,,,,False,0.8000000000000002,0.03002295375034253,0.08,0.0
combined,saddle_node,stationary,23,Neural SDE (Euler),2.2636570930480957,,0.09575731519749191,,,,,,,,,,,,,False,0.8000000000000002,0.03002295375034253,0.08,0.0
combined,saddle_node,stationary,23,SINDy-STLSQ,1.8996821597221187,,0.0852106456195155,,,,,,,,,,,,,False,0.8000000000000002,0.03002295375034253,0.08,0.0
combined,saddle_node,stationary,24,Bayesian SINDy (spike-slab),1.2432577887530822,1.326672181963424,0.09355129448967123,0.04601543819593255,,-0.08341439321034172,-0.04753585629373868,0.67615093992481,1.872532291628716,0.03347559257177677,0.06833795137208865,0.9851259324687179,0.019620708005708334,0.016208777591544363,2.0,True,0.8000000000000002,0.03017213888493368,0.08,0.0
combined,saddle_node,stationary,24,Kalman OU,1.0024582772739785,3.0000000000000004,0.09069234588183166,0.010000000000000005,0.05169412806140107,-1.997541722726022,-0.08069234588183165,,,,,,,,,True,0.8000000000000002,0.03017213888493368,0.08,0.0
combined,saddle_node,stationary,24,Latent Neural SDE (VI),1.4817057847976685,2.295292615890503,0.0881726863925128,0.03865591399804731,0.00670546275010074,-0.8135868310928345,-0.04951677239446549,,,,,,,,,True,0.8000000000000002,0.03017213888493368,0.08,0.0
combined,saddle_node,stationary,24,Moment OU,1.7368177018171984,,0.0943252463734023,,,,,,,,,,,,,False,0.8000000000000002,0.03017213888493368,0.08,0.0
combined,saddle_node,stationary,24,Neural SDE (Euler),2.054755210876465,3.1388559341430664,0.09324170524024032,0.04389078796013512,,-1.0841007232666016,-0.049350917280105204,,,,,,,,,True,0.8000000000000002,0.03017213888493368,0.08,0.0
combined,saddle_node,stationary,24,SINDy-STLSQ,3.2252973666686113,1.454106733561816,0.07116615224229476,0.04803381819351418,,1.7711906331067953,-0.02313233404878058,,,,,,,,3.0,True,0.8000000000000002,0.03017213888493368,0.08,0.0
combined,saddle_node,stationary,25,Bayesian SINDy (spike-slab),1.609325324136102,,0.07446540236512551,,,,,,,,,,,,,False,0.8000000000000002,0.030163045284074548,0.08,0.0
combined,saddle_node,stationary,25,Kalman OU,3.0000000000000004,3.0000000000000004,0.010000000000000005,0.010000000000000005,0.05841321373902117,0.0,0.0,,,,,,,,,True,0.8000000000000002,0.030163045284074548,0.08,0.0
combined,saddle_node,stationary,25,Latent Neural SDE (VI),3.3572473526000977,1.5130155086517334,0.05616747471727432,0.06344420798075569,0.0072180165371184294,1.8442318439483643,0.007276733263481369,,,,,,,,,True,0.8000000000000002,0.030163045284074548,0.08,0.0
combined,saddle_node,stationary,25,Moment OU,,,,,,,,,,,,,,,,False,0.8000000000000002,0.030163045284074548,0.08,0.0
combined,saddle_node,stationary,25,Neural SDE (Euler),4.024514198303223,,0.05825485888158203,,,,,,,,,,,,,False,0.8000000000000002,0.030163045284074548,0.08,0.0
combined,saddle_node,stationary,25,SINDy-STLSQ,2.5862698208091244,,0.07267831585541093,,,,,,,,,,,,,False,0.8000000000000002,0.030163045284074548,0.08,0.0
combined,saddle_node,stationary,26,Bayesian SINDy (spike-slab),1.330281589888163,2.4299856443796877,0.0595161141484766,0.06451108902053396,,-1.0997040544915246,0.004994974872057356,1.0476370886680866,4.8048128776524015,0.04464804842045074,0.09567634520490718,0.8017077859997203,0.720761971136733,0.2308792782269458,3.0,True,0.8000000000000002,0.029903375200431504,0.08,0.0
combined,saddle_node,stationary,26,Kalman OU,0.9275529917462805,3.0000000000000004,0.06025016085435232,0.010000000000000005,0.0747171707187151,-2.07244700825372,-0.05025016085435231,,,,,,,,,True,0.8000000000000002,0.029903375200431504,0.08,0.0
combined,saddle_node,stationary,26,Latent Neural SDE (VI),0.6464599370956421,2.4015274047851562,0.047971104786496396,0.08147851109961973,0.00861814792561684,-1.7550674676895142,0.033507406313123336,,,,,,,,,True,0.8000000000000002,0.029903375200431504,0.08,0.0
combined,saddle_node,stationary,26,Moment OU,1.2145332414836776,,0.03958777739860757,,,,,,,,,,,,,False,0.8000000000000002,0.029903375200431504,0.08,0.0
combined,saddle_node,stationary,26,Neural SDE (Euler),1.319558024406433,2.5158135890960693,0.02497893081743209,0.08134144496524134,,-1.1962555646896362,0.05636251414780925,,,,,,,,,True,0.8000000000000002,0.029903375200431504,0.08,0.0
combined,saddle_node,stationary,26,SINDy-STLSQ,1.99944216777673,2.688975410867216,0.05458436047703586,0.062205248032122136,,-0.6895332430904859,0.007620887555086275,,,,,,,,4.0,True,0.8000000000000002,0.029903375200431504,0.08,0.0
combined,saddle_node,stationary,27,Bayesian SINDy (spike-slab),,1.273449818074514,,0.08156037336820735,,,,0.3795547693044453,2.069117318534513,0.05495606240917909,0.13546321305622816,0.7563389164965035,0.03635764480032392,0.22713931829843279,2.0,False,0.8000000000000002,0.029910407711974358,0.08,0.0
combined,saddle_node,stationary,27,Kalman OU,0.4027674615441515,3.0000000000000004,0.06297110473456123,0.010000000000000005,0.09972808278228762,-2.597232538455849,-0.05297110473456122,,,,,,,,,True,0.8000000000000002,0.029910407711974358,0.08,0.0
combined,saddle_node,stationary,27,Latent Neural SDE (VI),0.4078177809715271,1.2123961448669434,0.08076182608759468,0.07531222208939305,0.011603654646860365,-0.8045783638954163,-0.00544960399820163,,,,,,,,,True,0.8000000000000002,0.029910407711974358,0.08,0.0
combined,saddle_node,stationary,27,Moment OU,,2.9612344911005204,,0.16129063567643878,,,,,,,,,,,,False,0.8000000000000002,0.029910407711974358,0.08,0.0
combined,saddle_node,stationary,27,Neural SDE (Euler),,1.3025727272033691,,0.08384104398689655,,,,,,,,,,,,False,0.8000000000000002,0.029910407711974358,0.08,0.0
combined,saddle_node,stationary,27,SINDy-STLSQ,,1.3883602135326651,,0.08304599664569187,,,,,,,,,,,3.0,False,0.8000000000000002,0.029910407711974358,0.08,0.0
combined,saddle_node,stationary,28,Bayesian SINDy (spike-slab),1.180256692347767,3.1319845414896115,0.08467599318130255,0.03369617016455683,,-1.9517278491418444,-0.050979823016745716,1.9517509986792567,4.078205971087107,0.020734154905117822,0.0600612696510456,0.9999338842647397,0.22763456732871423,0.8351873604531095,3.0,True,0.8000000000000002,0.02998846630506638,0.08,0.0
combined,saddle_node,stationary,28,Kalman OU,0.7347271627411041,3.0000000000000004,0.02545347190194293,0.010000000000000005,0.07748559654721927,-2.2652728372588964,-0.015453471901942923,,,,,,,,,True,0.8000000000000002,0.02998846630506638,0.08,0.0
combined,saddle_node,stationary,28,Latent Neural SDE (VI),1.4864048957824707,2.576535224914551,0.10221788828193884,0.029663980246241985,0.008976836689278542,-1.09013032913208,-0.07255390803569686,,,,,,,,,True,0.8000000000000002,0.02998846630506638,0.08,0.0
combined,saddle_node,stationary,28,Moment OU,2.2055676284359818,,0.08780453958014418,,,,,,,,,,,,,False,0.8000000000000002,0.02998846630506638,0.08,0.0
combined,saddle_node,stationary,28,Neural SDE (Euler),1.4155049324035645,3.2531368732452393,0.09856270121388293,0.026716953635196192,,-1.8376319408416748,-0.07184574757868674,,,,,,,,,True,0.8000000000000002,0.02998846630506638,0.08,0.0
combined,saddle_node,stationary,28,SINDy-STLSQ,1.60332730314746,3.619992954569068,0.08751355424195555,0.02838461876735762,,-2.016665651421608,-0.059128935474597924,,,,,,,,4.0,True,0.8000000000000002,0.02998846630506638,0.08,0.0
combined,saddle_node,stationary,29,Bayesian SINDy (spike-slab),1.743997949820549,1.5063010092172229,0.035409571670436596,0.08805549402222096,,0.23769694060332602,0.05264592235178436,0.7049191469202658,2.1503229331422857,0.06383546149690626,0.12501151095538238,0.9569190664908119,0.015331223538156195,0.0481489315650603,2.0,True,0.8000000000000002,0.02986122696309288,0.08,0.0
combined,saddle_node,stationary,29,Kalman OU,3.0000000000000004,3.0000000000000004,0.010000000000000005,0.010000000000000005,0.08594742316523919,0.0,0.0,,,,,,,,,True,0.8000000000000002,0.02986122696309288,0.08,0.0
combined,saddle_node,stationary,29,Latent Neural SDE (VI),0.966066300868988,1.490515947341919,0.05416311856335509,0.09646114571690687,0.010189727097362171,-0.5244496464729309,0.04229802715355178,,,,,,,,,True,0.8000000000000002,0.02986122696309288,0.08,0.0
combined,saddle_node,stationary,29,Moment OU,,,,,,,,,,,,,,,,False,0.8000000000000002,0.02986122696309288,0.08,0.0
combined,saddle_node,stationary,29,Neural SDE (Euler),1.3206828832626343,1.3931466341018677,0.06022690754690076,0.11474105727982004,,-0.0724637508392334,0.05451414973291928,,,,,,,,,True,0.8000000000000002,0.02986122696309288,0.08,0.0
combined,saddle_node,stationary,29,SINDy-STLSQ,1.597915598034803,1.5197156001653247,0.03835575889255168,0.09432026209852887,,0.07819999786947829,0.055964503205977185,,,,,,,,3.0,True,0.8000000000000002,0.02986122696309288,0.08,0.0
combined,transcritical,noise_growth,0,Bayesian SINDy (spike-slab),0.9162711978420901,1.0995077728524214,0.09996284009394767,0.11267791663123734,,-0.1832365750103313,0.012715076537289677,-0.0,2.883843390201111,0.07277918020268687,0.1827894799143455,0.7957032566538246,0.03550374444853244,0.09882428672677299,2.0,True,0.8000000000000002,0.07429745588393943,0.08,0.0
combined,transcritical,noise_growth,0,Kalman OU,1.0231382466258612,3.0000000000000004,0.0682732591997607,0.010000000000000005,0.1113622206971748,-1.9768617533741393,-0.05827325919976069,,,,,,,,,True,0.8000000000000002,0.07429745588393943,0.08,0.0
combined,transcritical,noise_growth,0,Latent Neural SDE (VI),1.6156470775604248,1.1789628267288208,0.08820659915061975,0.14029772790941136,0.013589351157546338,0.436684250831604,0.05209112875879161,,,,,,,,,True,0.8000000000000002,0.07429745588393943,0.08,0.0
combined,transcritical,noise_growth,0,Moment OU,1.4686477773422084,4.045805122636076,0.06759899161875041,0.2353612129374137,,-2.577157345293868,0.16776222131866328,,,,,,,,,True,0.8000000000000002,0.07429745588393943,0.08,0.0
combined,transcritical,noise_growth,0,Neural SDE (Euler),1.6063183546066284,1.9493603706359863,0.10286951110281554,0.18791729134816007,,-0.3430420160293579,0.08504778024534453,,,,,,,,,True,0.8000000000000002,0.07429745588393943,0.08,0.0
combined,transcritical,noise_growth,0,SINDy-STLSQ,1.6086952626526345,2.386852425323645,0.09770423157715584,0.09995576005539374,,-0.7781571626710104,0.0022515284782378964,,,,,,,,4.0,True,0.8000000000000002,0.07429745588393943,0.08,0.0
combined,transcritical,noise_growth,1,Bayesian SINDy (spike-slab),0.8393037169886535,0.9868785307163269,0.06440016083433903,0.08420521157377958,,-0.14757481372767345,0.019805050739440555,-0.0,3.019185092010258,0.04814589472400527,0.1465574099574724,0.15280875763853546,0.2824305237737167,0.6256558389126516,2.0,True,0.8000000000000002,0.07340516114547065,0.08,0.0
combined,transcritical,noise_growth,1,Kalman OU,1.60530721030972,0.19979757505023338,0.12871407873769056,0.06635089965140721,0.06982379537432248,1.4055096352594865,-0.062363179086283346,,,,,,,,,True,0.8000000000000002,0.07340516114547065,0.08,0.0
combined,transcritical,noise_growth,1,Latent Neural SDE (VI),0.7002607583999634,0.36730945110321045,0.08252375058254942,0.06321231159018625,0.014920320493929298,0.33295130729675293,-0.019311438992363164,,,,,,,,,True,0.8000000000000002,0.07340516114547065,0.08,0.0
combined,transcritical,noise_growth,1,Moment OU,,1.0585090571846836,,0.13621201684601222,,,,,,,,,,,,False,0.8000000000000002,0.07340516114547065,0.08,0.0
combined,transcritical,noise_growth,1,Neural SDE (Euler),1.0342142581939697,0.664756715297699,0.08294709518991282,0.09227766640710053,,0.36945754289627075,0.009330571217187708,,,,,,,,,True,0.8000000000000002,0.07340516114547065,0.08,0.0
combined,transcritical,noise_growth,1,SINDy-STLSQ,2.1672456788719603,2.1499097386049977,0.06087919149662819,0.0631560387189091,,0.017335940266962613,0.0022768472222809075,,,,,,,,4.0,True,0.8000000000000002,0.07340516114547065,0.08,0.0
combined,transcritical,noise_growth,2,Bayesian SINDy (spike-slab),2.230775846849944,0.10690807273549176,0.0725755223734761,0.08731600617647332,,2.1238677741144523,0.014740483802997223,-0.0,1.1352613862828007,0.06093785567334017,0.1349865244469204,0.0708761415898344,0.04285917196462398,0.03157820066139873,1.0,True,0.8000000000000002,0.07297600228838154,0.08,0.0
combined,transcritical,noise_growth,2,Kalman OU,3.0000000000000004,1.650999465588429,0.010000000000000005,0.1420854483952305,0.0010000000000000002,1.3490005344115714,0.13208544839523048,,,,,,,,,True,0.8000000000000002,0.07297600228838154,0.08,0.0
combined,transcritical,noise_growth,2,Latent Neural SDE (VI),3.027275323867798,0.8306486010551453,0.06656660203728715,0.06645966335743203,0.009300954476373373,2.1966267228126526,-0.00010693867985511751,,,,,,,,,True,0.8000000000000002,0.07297600228838154,0.08,0.0
combined,transcritical,noise_growth,2,Moment OU,,,,,,,,,,,,,,,,False,0.8000000000000002,0.07297600228838154,0.08,0.0
combined,transcritical,noise_growth,2,Neural SDE (Euler),3.269787311553955,1.2258257865905762,0.07180593486684662,0.030515193785266292,,2.043961524963379,-0.04129074108158033,,,,,,,,,True,0.8000000000000002,0.07297600228838154,0.08,0.0
combined,transcritical,noise_growth,2,SINDy-STLSQ,2.9787942001695074,1.1120372939043757,0.07761945066260664,0.08845503483088651,,1.8667569062651317,0.010835584168279871,,,,,,,,4.0,True,0.8000000000000002,0.07297600228838154,0.08,0.0
combined,transcritical,noise_growth,3,Bayesian SINDy (spike-slab),0.04686808466045643,,0.06616120968735173,,,,,,,,,,,,,False,0.8000000000000002,0.07418429798770756,0.08,0.0
combined,transcritical,noise_growth,3,Kalman OU,0.6091223895671227,2.511202620574504,0.09064000142110835,0.1415419236273106,0.0010000000000000002,-1.9020802310073814,0.05090192220620225,,,,,,,,,True,0.8000000000000002,0.07418429798770756,0.08,0.0
combined,transcritical,noise_growth,3,Latent Neural SDE (VI),0.5855562090873718,0.6602586507797241,0.08183926617546054,0.08886571018962353,0.0074299263964579315,-0.0747024416923523,0.007026444014162983,,,,,,,,,True,0.8000000000000002,0.07418429798770756,0.08,0.0
combined,transcritical,noise_growth,3,Moment OU,,,,,,,,,,,,,,,,False,0.8000000000000002,0.07418429798770756,0.08,0.0
combined,transcritical,noise_growth,3,Neural SDE (Euler),0.3744831383228302,,0.1042033599828238,,,,,,,,,,,,,False,0.8000000000000002,0.07418429798770756,0.08,0.0
combined,transcritical,noise_growth,3,SINDy-STLSQ,1.1946455962163733,,0.062305685164157666,,,,,,,,,,,,,False,0.8000000000000002,0.07418429798770756,0.08,0.0
combined,transcritical,noise_growth,4,Bayesian SINDy (spike-slab),0.7450009766766896,0.14392868121357444,0.08712727082230916,0.09545852248072376,,0.6010722954631151,0.008331251658414598,-0.0,1.2306523046428137,0.06385394843408083,0.15307766536285441,0.11746275066942566,0.025281759718385886,0.058744394768282415,1.0,True,0.8000000000000002,0.072813118707589,0.08,0.0
combined,transcritical,noise_growth,4,Kalman OU,3.0000000000000004,0.09148009738991286,0.010000000000000005,0.045906763917230684,0.05751129634327865,2.9085199026100876,0.035906763917230675,,,,,,,,,True,0.8000000000000002,0.072813118707589,0.08,0.0
combined,transcritical,noise_growth,4,Latent Neural SDE (VI),0.842657208442688,0.4110003113746643,0.08292665568156923,0.08547189240818773,0.012719142423206231,0.4316568970680237,0.002545236726618494,,,,,,,,,True,0.8000000000000002,0.072813118707589,0.08,0.0
combined,transcritical,noise_growth,4,Moment OU,2.621189636700159,0.005876266238089287,0.059702856321068025,0.008396669770148024,,2.61531337046207,-0.05130618655092,,,,,,,,,True,0.8000000000000002,0.072813118707589,0.08,0.0
combined,transcritical,noise_growth,4,Neural SDE (Euler),1.2358598709106445,0.8540481925010681,0.0943884574228117,0.12268932665171091,,0.3818116784095764,0.02830086922889921,,,,,,,,,True,0.8000000000000002,0.072813118707589,0.08,0.0
combined,transcritical,noise_growth,4,SINDy-STLSQ,2.138121307176245,0.38918615453089844,0.07902549437424476,0.09478097766044469,,1.7489351526453465,0.015755483286199926,,,,,,,,4.0,True,0.8000000000000002,0.072813118707589,0.08,0.0
combined,transcritical,noise_growth,5,Bayesian SINDy (spike-slab),,0.5746159395303646,,0.11536761297914006,,,,-0.0,1.6585135733289724,0.0751084816407861,0.17456501158370277,0.5727517272933234,0.049961487017684186,0.04519366575601539,2.0,False,0.8000000000000002,0.07414770521962256,0.08,0.0
combined,transcritical,noise_growth,5,Kalman OU,1.1294095774390251,1.5861300991624065,0.10208351721002058,0.18391113361623923,0.0010000000000000002,-0.4567205217233814,0.08182761640621865,,,,,,,,,True,0.8000000000000002,0.07414770521962256,0.08,0.0
combined,transcritical,noise_growth,5,Latent Neural SDE (VI),1.4541451930999756,1.2184867858886719,0.04874750012481262,0.07523277807148145,0.01241304113686888,0.2356584072113037,0.026485277946668828,,,,,,,,,True,0.8000000000000002,0.07414770521962256,0.08,0.0
combined,transcritical,noise_growth,5,Moment OU,,0.46983734131942734,,0.06890058184130822,,,,,,,,,,,,False,0.8000000000000002,0.07414770521962256,0.08,0.0
combined,transcritical,noise_growth,5,Neural SDE (Euler),,1.3574082851409912,,0.0604770842653567,,,,,,,,,,,,False,0.8000000000000002,0.07414770521962256,0.08,0.0
combined,transcritical,noise_growth,5,SINDy-STLSQ,,1.521888673757106,,0.0956321092995553,,,,,,,,,,,4.0,False,0.8000000000000002,0.07414770521962256,0.08,0.0
combined,transcritical,noise_growth,6,Bayesian SINDy (spike-slab),,1.7716209792291289,,0.07012885305430092,,,,0.8021949674107756,2.6849710237155993,0.045684130423256884,0.10848360178188067,0.9814851907359945,0.08150274284969147,0.02534092425754881,2.0,False,0.8000000000000002,0.07320364322992128,0.08,0.0
combined,transcritical,noise_growth,6,Kalman OU,1.559311670419406,3.0000000000000004,0.15510796703288304,0.010000000000000005,0.07402654780080936,-1.4406883295805943,-0.14510796703288303,,,,,,,,,True,0.8000000000000002,0.07320364322992128,0.08,0.0
combined,transcritical,noise_growth,6,Latent Neural SDE (VI),1.718522310256958,2.403888463973999,0.05902549490716675,0.06517041238749459,0.009165466641849362,-0.685366153717041,0.00614491748032784,,,,,,,,,True,0.8000000000000002,0.07320364322992128,0.08,0.0
combined,transcritical,noise_growth,6,Moment OU,,,,,,,,,,,,,,,,False,0.8000000000000002,0.07320364322992128,0.08,0.0
combined,transcritical,noise_growth,6,Neural SDE (Euler),,2.697709560394287,,0.07556934948581996,,,,,,,,,,,,False,0.8000000000000002,0.07320364322992128,0.08,0.0
combined,transcritical,noise_growth,6,SINDy-STLSQ,,2.386897181605203,,0.06816177228264857,,,,,,,,,,,4.0,False,0.8000000000000002,0.07320364322992128,0.08,0.0
combined,transcritical,noise_growth,7,Bayesian SINDy (spike-slab),1.395101062623562,1.5472441927936944,0.09262802912516685,0.11442748414571718,,-0.15214313017013237,0.021799455020550335,-0.0,3.303495954980965,0.0772315691306311,0.1879936238087356,0.9446792432248466,0.18624763427064717,0.07217457394829031,2.0,True,0.8000000000000002,0.07401305363262066,0.08,0.0
combined,transcritical,noise_growth,7,Kalman OU,3.0000000000000004,3.0000000000000004,0.010000000000000005,0.010000000000000005,0.13979588829148207,0.0,0.0,,,,,,,,,True,0.8000000000000002,0.07401305363262066,0.08,0.0
combined,transcritical,noise_growth,7,Latent Neural SDE (VI),2.079287528991699,1.6811555624008179,0.10041106282235944,0.1636474315022344,0.016356236345743905,0.39813196659088135,0.06323636867987496,,,,,,,,,True,0.8000000000000002,0.07401305363262066,0.08,0.0
combined,transcritical,noise_growth,7,Moment OU,,,,,,,,,,,,,,,,False,0.8000000000000002,0.07401305363262066,0.08,0.0
combined,transcritical,noise_growth,7,Neural SDE (Euler),2.4130024909973145,3.139028549194336,0.09956763880896381,0.043473977267529856,,-0.7260260581970215,-0.056093661541433956,,,,,,,,,True,0.8000000000000002,0.07401305363262066,0.08,0.0
combined,transcritical,noise_growth,7,SINDy-STLSQ,2.307822717248691,2.8344617582773664,0.09320947413596106,0.10894959903507327,,-0.5266390410286754,0.01574012489911221,,,,,,,,4.0,True,0.8000000000000002,0.07401305363262066,0.08,0.0
combined,transcritical,noise_growth,8,Bayesian SINDy (spike-slab),1.5968528644038655,1.3966742949304711,0.0729827374699636,0.08828665360964999,,0.2001785694733944,0.015303916139686388,-0.0,3.60151614963669,0.055593250238263225,0.15115688258190949,0.03225626088643688,0.682356503540912,0.0318899861610471,2.0,True,0.8000000000000002,0.07350002140971126,0.08,0.0
combined,transcritical,noise_growth,8,Kalman OU,3.0000000000000004,0.1722578699891374,0.010000000000000005,0.06491882484038031,0.06243466513231876,2.827742130010863,0.0549188248403803,,,,,,,,,True,0.8000000000000002,0.07350002140971126,0.08,0.0
combined,transcritical,noise_growth,8,Latent Neural SDE (VI),1.297722339630127,0.7205030918121338,0.0756973545142485,0.07465768512644087,0.014536430916671481,0.5772192478179932,-0.0010396693878076263,,,,,,,,,True,0.8000000000000002,0.07350002140971126,0.08,0.0
combined,transcritical,noise_growth,8,Moment OU,,0.16195304777330613,,0.051682475816858864,,,,,,,,,,,,False,0.8000000000000002,0.07350002140971126,0.08,0.0
combined,transcritical,noise_growth,8,Neural SDE (Euler),2.212104082107544,2.4186713695526123,0.04022757484121327,0.09973778459298986,,-0.20656728744506836,0.059510209751776594,,,,,,,,,True,0.8000000000000002,0.07350002140971126,0.08,0.0
combined,transcritical,noise_growth,8,SINDy-STLSQ,2.7481964448407683,2.0991401692326304,0.05664442756001539,0.08513406606580591,,0.649056275608138,0.028489638505790518,,,,,,,,4.0,True,0.8000000000000002,0.07350002140971126,0.08,0.0
combined,transcritical,noise_growth,9,Bayesian SINDy (spike-slab),,,,,,,,,,,,,,,,False,0.8000000000000002,0.07341233111690972,0.08,0.0
combined,transcritical,noise_growth,9,Kalman OU,0.736034106320788,1.3850510703882366,0.05859281710918302,0.21106865372252592,0.0010000000000000002,-0.6490169640674486,0.1524758366133429,,,,,,,,,True,0.8000000000000002,0.07341233111690972,0.08,0.0
combined,transcritical,noise_growth,9,Latent Neural SDE (VI),1.4746012687683105,0.4075669050216675,0.038044852720944974,0.10513953525210513,0.015261519058850447,1.067034363746643,0.06709468253116016,,,,,,,,,True,0.8000000000000002,0.07341233111690972,0.08,0.0
combined,transcritical,noise_growth,9,Moment OU,,,,,,,,,,,,,,,,False,0.8000000000000002,0.07341233111690972,0.08,0.0
combined,transcritical,noise_growth,9,Neural SDE (Euler),,,,,,,,,,,,,,,,False,0.8000000000000002,0.07341233111690972,0.08,0.0
combined,transcritical,noise_growth,9,SINDy-STLSQ,,,,,,,,,,,,,,,,False,0.8000000000000002,0.07341233111690972,0.08,0.0
combined,transcritical,noise_growth,10,Bayesian SINDy (spike-slab),0.6343747202458089,,0.10256944857732417,,,,,,,,,,,,,False,0.8000000000000002,0.07440584622703611,0.08,0.0
combined,transcritical,noise_growth,10,Kalman OU,0.9899459997428919,3.0000000000000004,0.047127995440952086,0.14819850348252275,0.0010000000000000002,-2.0100540002571083,0.10107050804157067,,,,,,,,,True,0.8000000000000002,0.07440584622703611,0.08,0.0
combined,transcritical,noise_growth,10,Latent Neural SDE (VI),1.0092085599899292,1.187233328819275,0.11376048247580764,0.0479554584546777,0.007027344843021117,-0.1780247688293457,-0.06580502402112995,,,,,,,,,True,0.8000000000000002,0.07440584622703611,0.08,0.0
combined,transcritical,noise_growth,10,Moment OU,2.7959781860850894,,0.12108060063237239,,,,,,,,,,,,,False,0.8000000000000002,0.07440584622703611,0.08,0.0
combined,transcritical,noise_growth,10,Neural SDE (Euler),1.1548969745635986,,0.14176312043683234,,,,,,,,,,,,,False,0.8000000000000002,0.07440584622703611,0.08,0.0
combined,transcritical,noise_growth,10,SINDy-STLSQ,3.8698971949126135,,0.06926448174310715,,,,,,,,,,,,,False,0.8000000000000002,0.07440584622703611,0.08,0.0
combined,transcritical,noise_growth,11,Bayesian SINDy (spike-slab),1.2180903027550172,1.675118650595151,0.08555947791323124,0.08042148709267077,,-0.4570283478401338,-0.005137990820560462,1.0708075785201403,2.245825826229789,0.05730747203799608,0.11536461082772187,0.9828589076191658,0.0683699788135442,0.027754615605650648,2.0,True,0.8000000000000002,0.07472101660601495,0.08,0.0
combined,transcritical,noise_growth,11,Kalman OU,3.0000000000000004,3.0000000000000004,0.010000000000000005,0.010000000000000005,0.09047758188710267,0.0,0.0,,,,,,,,,True,0.8000000000000002,0.07472101660601495,0.08,0.0
combined,transcritical,noise_growth,11,Latent Neural SDE (VI),2.376406669616699,1.2691552639007568,0.055598619906194184,0.0861187161960437,0.010449420596412984,1.1072514057159424,0.03052009628984951,,,,,,,,,True,0.8000000000000002,0.07472101660601495,0.08,0.0
combined,transcritical,noise_growth,11,Moment OU,,,,,,,,,,,,,,,,False,0.8000000000000002,0.07472101660601495,0.08,0.0
combined,transcritical,noise_growth,11,Neural SDE (Euler),1.5914779901504517,1.6734259128570557,0.038691854279806155,0.08538622775740273,,-0.081947922706604,0.04669437347759658,,,,,,,,,True,0.8000000000000002,0.07472101660601495,0.08,0.0
combined,transcritical,noise_growth,11,SINDy-STLSQ,1.5748019329350311,1.5399605231901303,0.07976454985207977,0.07816384843403378,,0.0348414097449008,-0.0016007014180459966,,,,,,,,4.0,True,0.8000000000000002,0.07472101660601495,0.08,0.0
combined,transcritical,noise_growth,12,Bayesian SINDy (spike-slab),,0.7393516296081074,,0.12471837868532722,,,,-0.0,1.9709800406396782,0.0824849202998371,0.1896050708805321,0.43651086957334667,0.043326402835116996,0.205022938512092,1.0,False,0.8000000000000002,0.07347126528257877,0.08,0.0
combined,transcritical,noise_growth,12,Kalman OU,3.0000000000000004,0.7299863557944423,0.010000000000000005,0.057090889842953345,0.10020813324604619,2.2700136442055583,0.04709088984295334,,,,,,,,,True,0.8000000000000002,0.07347126528257877,0.08,0.0
combined,transcritical,noise_growth,12,Latent Neural SDE (VI),1.7342828512191772,1.0672789812088013,0.051213833670813995,0.13650613687560273,0.013109318647090583,0.667003870010376,0.08529230320478873,,,,,,,,,True,0.8000000000000002,0.07347126528257877,0.08,0.0
combined,transcritical,noise_growth,12,Moment OU,,3.718604802980148,,0.22304436220425838,,,,,,,,,,,,False,0.8000000000000002,0.07347126528257877,0.08,0.0
combined,transcritical,noise_growth,12,Neural SDE (Euler),,1.2587568759918213,,0.1563419124828569,,,,,,,,,,,,False,0.8000000000000002,0.07347126528257877,0.08,0.0
combined,transcritical,noise_growth,12,SINDy-STLSQ,,0.8681513884302363,,0.12104704338284529,,,,,,,,,,,4.0,False,0.8000000000000002,0.07347126528257877,0.08,0.0
combined,transcritical,noise_growth,13,Bayesian SINDy (spike-slab),,1.0592641492415447,,0.06120844733431324,,,,-0.0,1.8310342014698588,0.0409775725061079,0.10258553187023119,0.8244327924471447,0.047076984503426955,0.14557443822031396,2.0,False,0.8000000000000002,0.07473287295728705,0.08,0.0
combined,transcritical,noise_growth,13,Kalman OU,3.0000000000000004,2.0032939995566412,0.010000000000000005,0.12359370629121041,0.04167110400933034,0.9967060004433592,0.1135937062912104,,,,,,,,,True,0.8000000000000002,0.07473287295728705,0.08,0.0
combined,transcritical,noise_growth,13,Latent Neural SDE (VI),1.3667458295822144,1.2276201248168945,0.06396042647045519,0.07084668824837874,0.008985061289417165,0.13912570476531982,0.00688626177792355,,,,,,,,,True,0.8000000000000002,0.07473287295728705,0.08,0.0
combined,transcritical,noise_growth,13,Moment OU,,,,,,,,,,,,,,,,False,0.8000000000000002,0.07473287295728705,0.08,0.0
combined,transcritical,noise_growth,13,Neural SDE (Euler),,0.7760963439941406,,0.15778182386342754,,,,,,,,,,,,False,0.8000000000000002,0.07473287295728705,0.08,0.0
combined,transcritical,noise_growth,13,SINDy-STLSQ,,1.6047668831534336,,0.06009614975157531,,,,,,,,,,,4.0,False,0.8000000000000002,0.07473287295728705,0.08,0.0
combined,transcritical,noise_growth,14,Bayesian SINDy (spike-slab),,,,,,,,,,,,,,,,False,0.8000000000000002,0.07389831840085838,0.08,0.0
combined,transcritical,noise_growth,14,Kalman OU,0.9444071358040774,3.0000000000000004,0.12489574509021166,0.010000000000000005,0.06759767793868802,-2.055592864195923,-0.11489574509021165,,,,,,,,,True,0.8000000000000002,0.07389831840085838,0.08,0.0
combined,transcritical,noise_growth,14,Latent Neural SDE (VI),0.7749494314193726,3.024972438812256,0.07886336082080168,0.05024891587218558,0.008033528385074942,-2.2500230073928833,-0.028614444948616105,,,,,,,,,True,0.8000000000000002,0.07389831840085838,0.08,0.0
combined,transcritical,noise_growth,14,Moment OU,,,,,,,,,,,,,,,,False,0.8000000000000002,0.07389831840085838,0.08,0.0
combined,transcritical,noise_growth,14,Neural SDE (Euler),,,,,,,,,,,,,,,,False,0.8000000000000002,0.07389831840085838,0.08,0.0
combined,transcritical,noise_growth,14,SINDy-STLSQ,,,,,,,,,,,,,,,,False,0.8000000000000002,0.07389831840085838,0.08,0.0
combined,transcritical,noise_growth,15,Bayesian SINDy (spike-slab),1.9761367403813734,1.7134399793914448,0.07777656370538297,0.06737227323960324,,0.26269676098992867,-0.01040429046577973,-0.0,3.3016952997080318,0.0397579837057976,0.13494592915072892,0.8397695635256277,0.47562425992304197,0.42586147556829695,2.0,True,0.8000000000000002,0.0732624530510351,0.08,0.0
combined,transcritical,noise_growth,15,Kalman OU,3.0000000000000004,0.603279807836273,0.010000000000000005,0.08829101967647635,0.08375915042526472,2.3967201921637273,0.07829101967647634,,,,,,,,,True,0.8000000000000002,0.0732624530510351,0.08,0.0
combined,transcritical,noise_growth,15,Latent Neural SDE (VI),2.267543077468872,1.3827290534973145,0.08316318610261307,0.0835264869373757,0.01419338187675431,0.8848140239715576,0.000363300834762631,,,,,,,,,True,0.8000000000000002,0.0732624530510351,0.08,0.0
combined,transcritical,noise_growth,15,Moment OU,,1.4649841289091328,,0.1505238734801857,,,,,,,,,,,,False,0.8000000000000002,0.0732624530510351,0.08,0.0
combined,transcritical,noise_growth,15,Neural SDE (Euler),3.7682785987854004,1.178781509399414,0.060851681401838956,0.03320290456602286,,2.5894970893859863,-0.027648776835816097,,,,,,,,,True,0.8000000000000002,0.0732624530510351,0.08,0.0
combined,transcritical,noise_growth,15,SINDy-STLSQ,3.0187996202252783,1.8767409630341183,0.06923150574435016,0.06094127149567224,,1.14205865719116,-0.008290234248677926,,,,,,,,4.0,True,0.8000000000000002,0.0732624530510351,0.08,0.0
combined,transcritical,noise_growth,16,Bayesian SINDy (spike-slab),,0.21649676125601416,,0.09804557849005313,,,,-0.0,2.0147184766245054,0.06693901301821387,0.15007851493670255,0.08953323724045816,0.04909136201031745,0.08772681151909092,1.0,False,0.8000000000000002,0.0734855313632756,0.08,0.0
combined,transcritical,noise_growth,16,Kalman OU,3.0000000000000004,2.459744775724158,0.1410452607870547,0.18923119740224462,0.0010000000000000002,0.5402552242758425,0.04818593661518991,,,,,,,,,True,0.8000000000000002,0.0734855313632756,0.08,0.0
combined,transcritical,noise_growth,16,Latent Neural SDE (VI),0.7227928638458252,1.4659003019332886,0.06281244376737395,0.0910459910274487,0.01013207645936215,-0.7431074380874634,0.02823354726007475,,,,,,,,,True,0.8000000000000002,0.0734855313632756,0.08,0.0
combined,transcritical,noise_growth,16,Moment OU,,0.07168042609993303,,0.014547330819135673,,,,,,,,,,,,False,0.8000000000000002,0.0734855313632756,0.08,0.0
combined,transcritical,noise_growth,16,Neural SDE (Euler),,1.7400319576263428,,0.17554487417646958,,,,,,,,,,,,False,0.8000000000000002,0.0734855313632756,0.08,0.0
combined,transcritical,noise_growth,16,SINDy-STLSQ,,1.5706549566477155,,0.09186702460747076,,,,,,,,,,,4.0,False,0.8000000000000002,0.0734855313632756,0.08,0.0
combined,transcritical,noise_growth,17,Bayesian SINDy (spike-slab),0.40057504850892656,0.09355855606810116,0.05806484121818947,0.11839395604715332,,0.3070164924408254,0.060329114828963845,-0.0,1.1629885067990284,0.08054027965526041,0.17423495847376064,0.06522753397541314,0.051158087221535475,0.024989402842326112,1.0,True,0.8000000000000002,0.07278473069718248,0.08,0.0
combined,transcritical,noise_growth,17,Kalman OU,2.0916145914793582,1.261132970939678,0.09216982374008782,0.17606717327361565,0.0010000000000000002,0.8304816205396803,0.08389734953352783,,,,,,,,,True,0.8000000000000002,0.07278473069718248,0.08,0.0
combined,transcritical,noise_growth,17,Latent Neural SDE (VI),1.2482829093933105,0.601665735244751,0.06231587566214792,0.1292261636215645,0.012880941612857745,0.6466171741485596,0.06691028795941659,,,,,,,,,True,0.8000000000000002,0.07278473069718248,0.08,0.0
combined,transcritical,noise_growth,17,Moment OU,,0.33744330106222364,,0.06937006752598635,,,,,,,,,,,,False,0.8000000000000002,0.07278473069718248,0.08,0.0
combined,transcritical,noise_growth,17,Neural SDE (Euler),1.3678741455078125,0.6136536598205566,0.07444595118481848,0.11764329594083701,,0.7542204856872559,0.04319734475601854,,,,,,,,,True,0.8000000000000002,0.07278473069718248,0.08,0.0
combined,transcritical,noise_growth,17,SINDy-STLSQ,1.049636694323128,2.2970377278987573,0.05194579082296272,0.116313958980858,,-1.2474010335756294,0.06436816815789528,,,,,,,,4.0,True,0.8000000000000002,0.07278473069718248,0.08,0.0
combined,transcritical,noise_growth,18,Bayesian SINDy (spike-slab),,0.9163299929501459,,0.09329912737275727,,,,-0.0,1.915263299133792,0.06185448125891061,0.14580645599988473,0.6878387441183031,0.027422737912257456,0.09739457028286781,2.0,False,0.8000000000000002,0.07428910835266925,0.08,0.0
combined,transcritical,noise_growth,18,Kalman OU,3.0000000000000004,3.0000000000000004,0.010000000000000005,0.010000000000000005,0.0858124367337534,0.0,0.0,,,,,,,,,True,0.8000000000000002,0.07428910835266925,0.08,0.0
combined,transcritical,noise_growth,18,Latent Neural SDE (VI),1.0785775184631348,1.1230944395065308,0.07913716347103614,0.091267006668239,0.01028699866555911,-0.044516921043395996,0.012129843197202866,,,,,,,,,True,0.8000000000000002,0.07428910835266925,0.08,0.0
combined,transcritical,noise_growth,18,Moment OU,,,,,,,,,,,,,,,,False,0.8000000000000002,0.07428910835266925,0.08,0.0
combined,transcritical,noise_growth,18,Neural SDE (Euler),,1.3540993928909302,,0.10525337488791264,,,,,,,,,,,,False,0.8000000000000002,0.07428910835266925,0.08,0.0
combined,transcritical,noise_growth,18,SINDy-STLSQ,,1.1711141885034746,,0.0929593300195888,,,,,,,,,,,4.0,False,0.8000000000000002,0.07428910835266925,0.08,0.0
combined,transcritical,noise_growth,19,Bayesian SINDy (spike-slab),,1.3481026266625669,,0.07076600096029745,,,,-0.0,2.5746124038457365,0.04556430553738611,0.1250588515178415,0.14023156604062603,0.7900961272353713,0.8533517097695853,3.0,False,0.8000000000000002,0.07324002747863353,0.08,0.0
combined,transcritical,noise_growth,19,Kalman OU,3.0000000000000004,1.3989507913202353,0.010000000000000005,0.16736173396440898,0.0010000000000000002,1.6010492086797652,0.15736173396440897,,,,,,,,,True,0.8000000000000002,0.07324002747863353,0.08,0.0
combined,transcritical,noise_growth,19,Latent Neural SDE (VI),1.3372329473495483,1.283539056777954,0.059581020239369765,0.08149186413775991,0.011633779086675195,0.05369389057159424,0.021910843898390146,,,,,,,,,True,0.8000000000000002,0.07324002747863353,0.08,0.0
combined,transcritical,noise_growth,19,Moment OU,,0.08130654205334387,,0.02688491631776744,,,,,,,,,,,,False,0.8000000000000002,0.07324002747863353,0.08,0.0
combined,transcritical,noise_growth,19,Neural SDE (Euler),,1.039913535118103,,0.06551222891643323,,,,,,,,,,,,False,0.8000000000000002,0.07324002747863353,0.08,0.0
combined,transcritical,noise_growth,19,SINDy-STLSQ,,1.9988556303233254,,0.06526542985333472,,,,,,,,,,,4.0,False,0.8000000000000002,0.07324002747863353,0.08,0.0
combined,transcritical,noise_growth,20,Bayesian SINDy (spike-slab),,,,,,,,,,,,,,,,False,0.8000000000000002,0.07324798847775658,0.08,0.0
combined,transcritical,noise_growth,20,Kalman OU,3.0000000000000004,0.46355627566962726,0.010000000000000005,0.05963044560871792,0.09441201945783922,2.5364437243303732,0.04963044560871792,,,,,,,,,True,0.8000000000000002,0.07324798847775658,0.08,0.0
combined,transcritical,noise_growth,20,Latent Neural SDE (VI),1.2562501430511475,0.27984189987182617,0.09155657942823904,0.08113798305625397,0.013733213683974429,0.9764082431793213,-0.01041859637198507,,,,,,,,,True,0.8000000000000002,0.07324798847775658,0.08,0.0
combined,transcritical,noise_growth,20,Moment OU,,,,,,,,,,,,,,,,False,0.8000000000000002,0.07324798847775658,0.08,0.0
combined,transcritical,noise_growth,20,Neural SDE (Euler),,,,,,,,,,,,,,,,False,0.8000000000000002,0.07324798847775658,0.08,0.0
combined,transcritical,noise_growth,20,SINDy-STLSQ,,,,,,,,,,,,,,,,False,0.8000000000000002,0.07324798847775658,0.08,0.0
combined,transcritical,noise_growth,21,Bayesian SINDy (spike-slab),,0.44490361663452993,,0.09570212925288615,,,,-0.0,1.2944593319020121,0.059162590222965626,0.15518117108786345,0.4847599831339075,0.05743990043793526,0.07592265766022119,1.0,False,0.8000000000000002,0.07379087809977002,0.08,0.0
combined,transcritical,noise_growth,21,Kalman OU,0.8203150460387041,0.14410547770070584,0.05223358663239221,0.06172247909614854,0.07461003546916947,0.6762095683379983,0.00948889246375633,,,,,,,,,True,0.8000000000000002,0.07379087809977002,0.08,0.0
combined,transcritical,noise_growth,21,Latent Neural SDE (VI),0.32686635851860046,0.7493428587913513,0.03626670747289641,0.04203609043404865,0.01559443819749976,-0.42247650027275085,0.005769382961152238,,,,,,,,,True,0.8000000000000002,0.07379087809977002,0.08,0.0
combined,transcritical,noise_growth,21,Moment OU,,0.7710429105696068,,0.12658649511376183,,,,,,,,,,,,False,0.8000000000000002,0.07379087809977002,0.08,0.0
combined,transcritical,noise_growth,21,Neural SDE (Euler),,0.7033007144927979,,0.020118609885696418,,,,,,,,,,,,False,0.8000000000000002,0.07379087809977002,0.08,0.0
combined,transcritical,noise_growth,21,SINDy-STLSQ,,1.6393652617983994,,0.08895244551341276,,,,,,,,,,,4.0,False,0.8000000000000002,0.07379087809977002,0.08,0.0
combined,transcritical,noise_growth,22,Bayesian SINDy (spike-slab),1.1304049432584942,1.1008782016951533,0.0615632730370356,0.06544441945393663,,0.029526741563340897,0.0038811464169010296,-0.0,1.750655295427325,0.044246032129385854,0.10598266075459217,0.9359361264186272,0.013923884504373294,0.026215938046405807,2.0,True,0.8000000000000002,0.07382538080354487,0.08,0.0
combined,transcritical,noise_growth,22,Kalman OU,3.0000000000000004,2.94546264438175,0.010000000000000005,0.17779102723458998,0.0010000000000000002,0.05453735561825024,0.16779102723458997,,,,,,,,,True,0.8000000000000002,0.07382538080354487,0.08,0.0
combined,transcritical,noise_growth,22,Latent Neural SDE (VI),0.9784548878669739,1.4626951217651367,0.09312289169467564,0.06253668490981028,0.008959181212972369,-0.48424023389816284,-0.030586206784865358,,,,,,,,,True,0.8000000000000002,0.07382538080354487,0.08,0.0
combined,transcritical,noise_growth,22,Moment OU,,,,,,,,,,,,,,,,False,0.8000000000000002,0.07382538080354487,0.08,0.0
combined,transcritical,noise_growth,22,Neural SDE (Euler),0.8797525763511658,1.8872675895690918,0.07364629092259838,0.06504686733160285,,-1.007515013217926,-0.008599423590995525,,,,,,,,,True,0.8000000000000002,0.07382538080354487,0.08,0.0
combined,transcritical,noise_growth,22,SINDy-STLSQ,1.1488081824913403,1.6704279317684447,0.06178727138075523,0.06632422733733813,,-0.5216197492771044,0.0045369559565828985,,,,,,,,3.0,True,0.8000000000000002,0.07382538080354487,0.08,0.0
combined,transcritical,noise_growth,23,Bayesian SINDy (spike-slab),1.4039320926670917,0.31459480393069655,0.09374573647405793,0.10893336066299661,,1.0893372887363952,0.015187624188938681,-0.0,1.3465521147146973,0.07405190533786996,0.15882774979220027,0.20814355477093396,0.04024314736080385,0.16376409554313154,1.0,True,0.8000000000000002,0.07426608969863005,0.08,0.0
combined,transcritical,noise_growth,23,Kalman OU,3.0000000000000004,1.5082395673472693,0.010000000000000005,0.16387239037923962,0.0010000000000000002,1.4917604326527312,0.1538723903792396,,,,,,,,,True,0.8000000000000002,0.07426608969863005,0.08,0.0
combined,transcritical,noise_growth,23,Latent Neural SDE (VI),3.0421512126922607,0.7313523888587952,0.055931270311524305,0.09235478542417928,0.011064830060998735,2.3107988238334656,0.03642351511265498,,,,,,,,,True,0.8000000000000002,0.07426608969863005,0.08,0.0
combined,transcritical,noise_growth,23,Moment OU,,0.0974871115986358,,0.024640286747604958,,,,,,,,,,,,False,0.8000000000000002,0.07426608969863005,0.08,0.0
combined,transcritical,noise_growth,23,Neural SDE (Euler),3.8549418449401855,0.6643708348274231,0.08869575478225315,0.10618387882539772,,3.1905710101127625,0.017488124043144565,,,,,,,,,True,0.8000000000000002,0.07426608969863005,0.08,0.0
combined,transcritical,noise_growth,23,SINDy-STLSQ,2.563968316963624,0.45051796596324084,0.08819191135990033,0.10093449706236818,,2.113450351000383,0.012742585702467848,,,,,,,,2.0,True,0.8000000000000002,0.07426608969863005,0.08,0.0
combined,transcritical,noise_growth,24,Bayesian SINDy (spike-slab),1.2713729653696308,1.4591921349290238,0.062099063029405495,0.12695536957113518,,-0.18781916955939293,0.06485630654172969,0.08736027668467924,2.212418536023483,0.08926583769015928,0.20090165066782273,0.8887329460615513,0.01695994606322747,0.10254928893933622,2.0,True,0.8000000000000002,0.07292943149621206,0.08,0.0
combined,transcritical,noise_growth,24,Kalman OU,3.0000000000000004,3.0000000000000004,0.010000000000000005,0.010000000000000005,0.12003468116410283,0.0,0.0,,,,,,,,,True,0.8000000000000002,0.07292943149621206,0.08,0.0
combined,transcritical,noise_growth,24,Latent Neural SDE (VI),2.589035749435425,1.5482231378555298,0.06200501677137187,0.07877099347151477,0.014640539313905233,1.040812611579895,0.016765976700142897,,,,,,,,,True,0.8000000000000002,0.07292943149621206,0.08,0.0
combined,transcritical,noise_growth,24,Moment OU,,,,,,,,,,,,,,,,False,0.8000000000000002,0.07292943149621206,0.08,0.0
combined,transcritical,noise_growth,24,Neural SDE (Euler),3.3178179264068604,1.5197734832763672,0.06544020652853741,0.11056385140125735,,1.7980444431304932,0.04512364487271994,,,,,,,,,True,0.8000000000000002,0.07292943149621206,0.08,0.0
combined,transcritical,noise_growth,24,SINDy-STLSQ,2.114228478262813,1.0100291074388266,0.06190400726318095,0.13167951058892421,,1.1041993708239866,0.06977550332574325,,,,,,,,4.0,True,0.8000000000000002,0.07292943149621206,0.08,0.0
combined,transcritical,noise_growth,25,Bayesian SINDy (spike-slab),2.3330780758128595,,0.05689974401638888,,,,,,,,,,,,,False,0.8000000000000002,0.07463706971611596,0.08,0.0
combined,transcritical,noise_growth,25,Kalman OU,3.0000000000000004,2.169668228766575,0.010000000000000005,0.17542723581848038,0.0010000000000000002,0.8303317712334253,0.16542723581848037,,,,,,,,,True,0.8000000000000002,0.07463706971611596,0.08,0.0
combined,transcritical,noise_growth,25,Latent Neural SDE (VI),2.751234292984009,0.7083553075790405,0.08169940478974577,0.10382930401898731,0.01024945258004666,2.0428789854049683,0.022129899229241537,,,,,,,,,True,0.8000000000000002,0.07463706971611596,0.08,0.0
combined,transcritical,noise_growth,25,Moment OU,,,,,,,,,,,,,,,,False,0.8000000000000002,0.07463706971611596,0.08,0.0
combined,transcritical,noise_growth,25,Neural SDE (Euler),3.6811108589172363,,0.020867533900709553,,,,,,,,,,,,,False,0.8000000000000002,0.07463706971611596,0.08,0.0
combined,transcritical,noise_growth,25,SINDy-STLSQ,3.378183169976295,,0.04396280264013463,,,,,,,,,,,,,False,0.8000000000000002,0.07463706971611596,0.08,0.0
combined,transcritical,noise_growth,26,Bayesian SINDy (spike-slab),1.0775230913093754,1.955141217307875,0.07805214367674235,0.09436340030190876,,-0.8776181259984996,0.016311256625166415,1.190762505058065,3.3025439105980428,0.06245314983169625,0.14432283075900348,0.9909765576557367,0.05815673814159294,0.09656371783207117,2.0,True,0.8000000000000002,0.07395619960923261,0.08,0.0
combined,transcritical,noise_growth,26,Kalman OU,3.0000000000000004,3.0000000000000004,0.010000000000000005,0.010000000000000005,0.09751370981991493,0.0,0.0,,,,,,,,,True,0.8000000000000002,0.07395619960923261,0.08,0.0
combined,transcritical,noise_growth,26,Latent Neural SDE (VI),2.241765022277832,2.56872296333313,0.06545770086145661,0.0739276448370504,0.012198189549188276,-0.32695794105529785,0.008469943975593794,,,,,,,,,True,0.8000000000000002,0.07395619960923261,0.08,0.0
combined,transcritical,noise_growth,26,Moment OU,,,,,,,,,,,,,,,,False,0.8000000000000002,0.07395619960923261,0.08,0.0
combined,transcritical,noise_growth,26,Neural SDE (Euler),2.4628376960754395,3.415489673614502,0.05676969512272562,0.1011506998223978,,-0.9526519775390625,0.044381004699672176,,,,,,,,,True,0.8000000000000002,0.07395619960923261,0.08,0.0
combined,transcritical,noise_growth,26,SINDy-STLSQ,0.8244597094691105,2.8789698656776577,0.08004742067927252,0.09114614364712993,,-2.054510156208547,0.01109872296785741,,,,,,,,4.0,True,0.8000000000000002,0.07395619960923261,0.08,0.0
combined,transcritical,noise_growth,27,Bayesian SINDy (spike-slab),,0.8177578832373371,,0.11421018499435671,,,,-0.0,2.9180370389707786,0.07169454608705429,0.17747355472329357,0.5986530491727575,0.07490059531478686,0.10267119131249745,2.0,False,0.8000000000000002,0.07378143172278978,0.08,0.0
combined,transcritical,noise_growth,27,Kalman OU,3.0000000000000004,0.6137221834992815,0.010000000000000005,0.07926529265366661,0.07487674838859129,2.386277816500719,0.0692652926536666,,,,,,,,,True,0.8000000000000002,0.07378143172278978,0.08,0.0
combined,transcritical,noise_growth,27,Latent Neural SDE (VI),1.2269618511199951,1.9708421230316162,0.07394010930001016,0.10212281007277829,0.012557284281391098,-0.7438802719116211,0.028182700772768132,,,,,,,,,True,0.8000000000000002,0.07378143172278978,0.08,0.0
combined,transcritical,noise_growth,27,Moment OU,,0.8552000464875303,,0.09424431958222414,,,,,,,,,,,,False,0.8000000000000002,0.07378143172278978,0.08,0.0
combined,transcritical,noise_growth,27,Neural SDE (Euler),,2.053056240081787,,0.12958944807499265,,,,,,,,,,,,False,0.8000000000000002,0.07378143172278978,0.08,0.0
combined,transcritical,noise_growth,27,SINDy-STLSQ,,2.362408122419417,,0.09474819745037644,,,,,,,,,,,4.0,False,0.8000000000000002,0.07378143172278978,0.08,0.0
combined,transcritical,noise_growth,28,Bayesian SINDy (spike-slab),2.660011676463025,2.4969631785056463,0.02005569302800928,0.06289426591302077,,0.16304849795737875,0.0428385728850115,-0.0,4.517340096931123,0.03694368613340363,0.11084648879092171,0.49646826181566966,0.4679222580486256,0.619877318056432,2.0,True,0.8000000000000002,0.07440125433617106,0.08,0.0
combined,transcritical,noise_growth,28,Kalman OU,3.0000000000000004,0.38301401374722477,0.010000000000000005,0.07042640012282549,0.05678483249405683,2.6169859862527756,0.06042640012282548,,,,,,,,,True,0.8000000000000002,0.07440125433617106,0.08,0.0
combined,transcritical,noise_growth,28,Latent Neural SDE (VI),3.2001681327819824,1.0642755031585693,0.02252683099566283,0.0477129900098857,0.01073566542949381,2.135892629623413,0.02518615901422287,,,,,,,,,True,0.8000000000000002,0.07440125433617106,0.08,0.0
combined,transcritical,noise_growth,28,Moment OU,,,,,,,,,,,,,,,,False,0.8000000000000002,0.07440125433617106,0.08,0.0
combined,transcritical,noise_growth,28,Neural SDE (Euler),3.6210639476776123,1.5859163999557495,0.028292703657208516,0.05285499073854335,,2.035147547721863,0.024562287081334833,,,,,,,,,True,0.8000000000000002,0.07440125433617106,0.08,0.0
combined,transcritical,noise_growth,28,SINDy-STLSQ,2.62085280426963,3.0595467712874056,0.01967029505973816,0.053092409944351646,,-0.4386939670177754,0.03342211488461348,,,,,,,,4.0,True,0.8000000000000002,0.07440125433617106,0.08,0.0
combined,transcritical,noise_growth,29,Bayesian SINDy (spike-slab),0.8662938651847389,,0.08870863442360853,,,,,,,,,,,,,False,0.8000000000000002,0.07369189947095221,0.08,0.0
combined,transcritical,noise_growth,29,Kalman OU,0.19391851428189585,3.0000000000000004,0.02742948326636325,0.010000000000000005,0.048002039051998936,-2.8060814857181047,-0.017429483266363243,,,,,,,,,True,0.8000000000000002,0.07369189947095221,0.08,0.0
combined,transcritical,noise_growth,29,Latent Neural SDE (VI),1.170017957687378,1.8056190013885498,0.08178772976836782,0.04201804169049855,0.005590333579596827,-0.6356010437011719,-0.039769688077869264,,,,,,,,,True,0.8000000000000002,0.07369189947095221,0.08,0.0
combined,transcritical,noise_growth,29,Moment OU,,,,,,,,,,,,,,,,False,0.8000000000000002,0.07369189947095221,0.08,0.0
combined,transcritical,noise_growth,29,Neural SDE (Euler),1.4574012756347656,,0.0994071057237955,,,,,,,,,,,,,False,0.8000000000000002,0.07369189947095221,0.08,0.0
combined,transcritical,noise_growth,29,SINDy-STLSQ,1.933964067066989,,0.08099574578981238,,,,,,,,,,,,,False,0.8000000000000002,0.07369189947095221,0.08,0.0
combined,transcritical,stability_loss,0,Bayesian SINDy (spike-slab),,0.08547759971438446,,0.08734259465385369,,,,-0.0,0.8940327953831313,0.05715363512955353,0.1351763345244356,0.08007261151120497,0.04124339325399712,0.051541317003312555,1.0,False,0.135315,0.030274340306036113,0.08,0.0
combined,transcritical,stability_loss,0,Kalman OU,1.522974480736439,0.13944619183714774,0.1467317537136113,0.06072569304185111,0.05077063681607442,1.3835282888992912,-0.0860060606717602,,,,,,,,,True,0.135315,0.030274340306036113,0.08,0.0
combined,transcritical,stability_loss,0,Latent Neural SDE (VI),0.743443489074707,0.23172849416732788,0.09269908303267076,0.1029083712602418,0.013461546779197994,0.5117149949073792,0.010209288227571042,,,,,,,,,True,0.135315,0.030274340306036113,0.08,0.0
combined,transcritical,stability_loss,0,Moment OU,,0.4159518663483069,,0.07207995371265263,,,,,,,,,,,,False,0.135315,0.030274340306036113,0.08,0.0
combined,transcritical,stability_loss,0,Neural SDE (Euler),,0.9091016054153442,,0.1323819516941781,,,,,,,,,,,,False,0.135315,0.030274340306036113,0.08,0.0
combined,transcritical,stability_loss,0,SINDy-STLSQ,,0.6111955618615441,,0.08777351811440176,,,,,,,,,,,2.0,False,0.135315,0.030274340306036113,0.08,0.0
combined,transcritical,stability_loss,1,Bayesian SINDy (spike-slab),1.8419973111326684,0.184916477691524,0.08280365021722831,0.10197840565748713,,1.6570808334411444,0.019174755440258817,-0.0,1.7007601458638408,0.06799394961110498,0.169131210209203,0.11281765695001184,0.06093372698104595,0.02084565116590331,1.0,True,0.135315,0.030231636283860074,0.08,0.0
combined,transcritical,stability_loss,1,Kalman OU,3.0000000000000004,0.2485790169372209,0.010000000000000005,0.03674978758314471,0.06827998969575734,2.7514209830627796,0.026749787583144707,,,,,,,,,True,0.135315,0.030231636283860074,0.08,0.0
combined,transcritical,stability_loss,1,Latent Neural SDE (VI),0.8303228616714478,1.8789385557174683,0.10249969330487671,0.06375090937806181,0.010593378023785092,-1.0486156940460205,-0.0387487839268149,,,,,,,,,True,0.135315,0.030231636283860074,0.08,0.0
combined,transcritical,stability_loss,1,Moment OU,,,,,,,,,,,,,,,,False,0.135315,0.030231636283860074,0.08,0.0
combined,transcritical,stability_loss,1,Neural SDE (Euler),3.174643039703369,1.3890492916107178,0.09837020328883561,0.08471129706405783,,1.7855937480926514,-0.013658906224777778,,,,,,,,,True,0.135315,0.030231636283860074,0.08,0.0
combined,transcritical,stability_loss,1,SINDy-STLSQ,2.8405943778403993,2.5332967024973128,0.08534236112609847,0.07761322330965417,,0.3072976753430865,-0.007729137816444298,,,,,,,,4.0,True,0.135315,0.030231636283860074,0.08,0.0
combined,transcritical,stability_loss,2,Bayesian SINDy (spike-slab),0.8118480653504954,0.2757975001384829,0.07506956177319847,0.11517326905706554,,0.5360505652120124,0.04010370728386707,-0.0,2.150082627202544,0.07761557765946057,0.179089706903541,0.11498877262443999,0.07207648537430997,0.10633258288885723,1.0,True,0.135315,0.03051772772579676,0.08,0.0
combined,transcritical,stability_loss,2,Kalman OU,3.0000000000000004,2.291501093437818,0.13472508741617056,0.2604002227232532,0.0010000000000000002,0.7084989065621823,0.12567513530708263,,,,,,,,,True,0.135315,0.03051772772579676,0.08,0.0
combined,transcritical,stability_loss,2,Latent Neural SDE (VI),1.9529080390930176,0.8638415932655334,0.04135304690041818,0.131524613625268,0.01497209121031599,1.0890664458274841,0.0901715667248498,,,,,,,,,True,0.135315,0.03051772772579676,0.08,0.0
combined,transcritical,stability_loss,2,Moment OU,,2.242508707532674,,0.20576376003700683,,,,,,,,,,,,False,0.135315,0.03051772772579676,0.08,0.0
combined,transcritical,stability_loss,2,Neural SDE (Euler),2.0411319732666016,1.4248796701431274,0.07047051199866548,0.1660037023475805,,0.6162523031234741,0.09553319034891501,,,,,,,,,True,0.135315,0.03051772772579676,0.08,0.0
combined,transcritical,stability_loss,2,SINDy-STLSQ,1.1396490828543735,0.8889264962152323,0.07419113954065919,0.11060833049825694,,0.25072258663914115,0.03641719095759775,,,,,,,,4.0,True,0.135315,0.03051772772579676,0.08,0.0
combined,transcritical,stability_loss,3,Bayesian SINDy (spike-slab),1.5008877452697988,1.567230315232919,0.10906451637922161,0.05863738446436026,,-0.06634256996312016,-0.05042713191486135,0.6536934821454621,2.5801849486190753,0.04090568250037575,0.08963526360969276,0.9734112953787264,0.05495072862280177,0.06326823637257957,2.0,True,0.135315,0.030524154185231127,0.08,0.0
combined,transcritical,stability_loss,3,Kalman OU,3.0000000000000004,3.0000000000000004,0.010000000000000005,0.010000000000000005,0.0722996544474693,0.0,0.0,,,,,,,,,True,0.135315,0.030524154185231127,0.08,0.0
combined,transcritical,stability_loss,3,Latent Neural SDE (VI),1.6463795900344849,2.006814479827881,0.08933568242904837,0.09391415349874067,0.008223121329979821,-0.360434889793396,0.004578471069692308,,,,,,,,,True,0.135315,0.030524154185231127,0.08,0.0
combined,transcritical,stability_loss,3,Moment OU,,,,,,,,,,,,,,,,False,0.135315,0.030524154185231127,0.08,0.0
combined,transcritical,stability_loss,3,Neural SDE (Euler),1.5906636714935303,3.2347233295440674,0.10401590775979086,0.07319530653311868,,-1.644059658050537,-0.030820601226672184,,,,,,,,,True,0.135315,0.030524154185231127,0.08,0.0
combined,transcritical,stability_loss,3,SINDy-STLSQ,1.342632817812556,2.170828900683967,0.10984294335893402,0.05762670746299134,,-0.8281960828714112,-0.05221623589594268,,,,,,,,4.0,True,0.135315,0.030524154185231127,0.08,0.0
combined,transcritical,stability_loss,4,Bayesian SINDy (spike-slab),1.2360139215104191,,0.074295314136359,,,,,,,,,,,,,False,0.135315,0.03068917425993183,0.08,0.0
combined,transcritical,stability_loss,4,Kalman OU,3.0000000000000004,0.20552446695479734,0.010000000000000005,0.029221508955034246,0.05367836013437818,2.794475533045203,0.01922150895503424,,,,,,,,,True,0.135315,0.03068917425993183,0.08,0.0
combined,transcritical,stability_loss,4,Latent Neural SDE (VI),1.7827706336975098,0.54685378074646,0.07535772824372708,0.08137533154560384,0.009299025072543264,1.2359168529510498,0.006017603301876756,,,,,,,,,True,0.135315,0.03068917425993183,0.08,0.0
combined,transcritical,stability_loss,4,Moment OU,,,,,,,,,,,,,,,,False,0.135315,0.03068917425993183,0.08,0.0
combined,transcritical,stability_loss,4,Neural SDE (Euler),1.5724735260009766,,0.0835499856080836,,,,,,,,,,,,,False,0.135315,0.03068917425993183,0.08,0.0
combined,transcritical,stability_loss,4,SINDy-STLSQ,1.9737107137569905,,0.0716247851440405,,,,,,,,,,,,,False,0.135315,0.03068917425993183,0.08,0.0
combined,transcritical,stability_loss,5,Bayesian SINDy (spike-slab),0.26556501533213983,,0.10897377410261094,,,,,,,,,,,,,False,0.135315,0.030440002170118004,0.08,0.0
combined,transcritical,stability_loss,5,Kalman OU,0.925528405707677,0.20027968475233754,0.1277759432099651,0.06542070102595512,0.0010000000000000002,0.7252487209553395,-0.06235524218400998,,,,,,,,,True,0.135315,0.030440002170118004,0.08,0.0
combined,transcritical,stability_loss,5,Latent Neural SDE (VI),0.587764322757721,0.08687817305326462,0.07593953630126744,0.06993968077825959,0.012520457638248637,0.5008861497044563,-0.005999855523007858,,,,,,,,,True,0.135315,0.030440002170118004,0.08,0.0
combined,transcritical,stability_loss,5,Moment OU,0.03191529226812653,,0.01858840777581355,,,,,,,,,,,,,False,0.135315,0.030440002170118004,0.08,0.0
combined,transcritical,stability_loss,5,Neural SDE (Euler),2.179016351699829,,0.05714029898393492,,,,,,,,,,,,,False,0.135315,0.030440002170118004,0.08,0.0
combined,transcritical,stability_loss,5,SINDy-STLSQ,0.30735627830590806,,0.09661643971023572,,,,,,,,,,,,,False,0.135315,0.030440002170118004,0.08,0.0
combined,transcritical,stability_loss,6,Bayesian SINDy (spike-slab),0.9774627696067638,1.8814934965151582,0.0914579591627237,0.08205270368191987,,-0.9040307269083944,-0.009405255480803829,-0.0,3.5728683047608656,0.05512633903437436,0.13037669993187623,0.5451999721209901,0.047920390618154604,0.4218266378109248,2.0,True,0.135315,0.0306751025420495,0.08,0.0
combined,transcritical,stability_loss,6,Kalman OU,0.6462761228890994,3.0000000000000004,0.029650917554746248,0.010000000000000005,0.07712294063250139,-2.353723877110901,-0.019650917554746242,,,,,,,,,True,0.135315,0.0306751025420495,0.08,0.0
combined,transcritical,stability_loss,6,Latent Neural SDE (VI),1.5006834268569946,1.7757558822631836,0.06905321258060539,0.06912585341069606,0.009066466877355704,-0.27507245540618896,7.264083009067557e-05,,,,,,,,,True,0.135315,0.0306751025420495,0.08,0.0
combined,transcritical,stability_loss,6,Moment OU,0.6694383759718826,,0.008769534207329602,,,,,,,,,,,,,False,0.135315,0.0306751025420495,0.08,0.0
combined,transcritical,stability_loss,6,Neural SDE (Euler),1.4439574480056763,2.028611660003662,0.08656310856314932,0.0865279519171738,,-0.5846542119979858,-3.51566459755176e-05,,,,,,,,,True,0.135315,0.0306751025420495,0.08,0.0
combined,transcritical,stability_loss,6,SINDy-STLSQ,1.2148110365181914,1.331272917774,0.09141141824638467,0.08480644187657944,,-0.11646188125580847,-0.006604976369805227,,,,,,,,4.0,True,0.135315,0.0306751025420495,0.08,0.0
combined,transcritical,stability_loss,7,Bayesian SINDy (spike-slab),,0.02068979987366226,,0.054978923803920686,,,,-0.0,0.3537058167138265,0.0391517537351212,0.0796859691369231,0.02885167891685368,0.07049548434281327,0.014650581271041137,1.0,False,0.135315,0.029944574339659212,0.08,0.0
combined,transcritical,stability_loss,7,Kalman OU,,0.44463650480540995,,0.0841094989222956,0.0010000000000000002,,,,,,,,,,,False,0.135315,0.029944574339659212,0.08,0.0
combined,transcritical,stability_loss,7,Latent Neural SDE (VI),,0.47491255402565,,0.07802474650686836,0.010114468334223838,,,,,,,,,,,False,0.135315,0.029944574339659212,0.08,0.0
combined,transcritical,stability_loss,7,Moment OU,,,,,,,,,,,,,,,,False,0.135315,0.029944574339659212,0.08,0.0
combined,transcritical,stability_loss,7,Neural SDE (Euler),,0.4577554762363434,,0.08061145069081017,,,,,,,,,,,,False,0.135315,0.029944574339659212,0.08,0.0
combined,transcritical,stability_loss,7,SINDy-STLSQ,,0.6228981766679175,,0.052134328718602824,,,,,,,,,,,4.0,False,0.135315,0.029944574339659212,0.08,0.0
combined,transcritical,stability_loss,8,Bayesian SINDy (spike-slab),3.9962641488508903,1.0523621605806224,0.024063024956094522,0.08748514161136767,,2.9439019882702677,0.06342211665527314,-0.0,1.846159112212285,0.060146608802081405,0.13595790860976184,0.8503587723049862,0.014941793561271583,0.02537626679534353,2.0,True,0.135315,0.030268861789075167,0.08,0.0
combined,transcritical,stability_loss,8,Kalman OU,0.1798909752475374,3.0000000000000004,0.029100628638452208,0.010000000000000005,0.08207297081039273,-2.820109024752463,-0.019100628638452202,,,,,,,,,True,0.135315,0.030268861789075167,0.08,0.0
combined,transcritical,stability_loss,8,Latent Neural SDE (VI),2.176497220993042,1.157224178314209,0.08999036939782147,0.06343094683470961,0.010179367447931706,1.019273042678833,-0.026559422563111862,,,,,,,,,True,0.135315,0.030268861789075167,0.08,0.0
combined,transcritical,stability_loss,8,Moment OU,,2.0859384159800216,,0.05901925428750838,,,,,,,,,,,,False,0.135315,0.030268861789075167,0.08,0.0
combined,transcritical,stability_loss,8,Neural SDE (Euler),5.060730934143066,1.1078031063079834,0.030258327083809215,0.07456943085941603,,3.952927827835083,0.04431110377560682,,,,,,,,,True,0.135315,0.030268861789075167,0.08,0.0
combined,transcritical,stability_loss,8,SINDy-STLSQ,4.107974919395094,1.4569930180121198,0.02299127451095569,0.08837235666729727,,2.6509819013829743,0.06538108215634159,,,,,,,,3.0,True,0.135315,0.030268861789075167,0.08,0.0
combined,transcritical,stability_loss,9,Bayesian SINDy (spike-slab),0.5954917423632653,0.16450803756809004,0.09062286955247002,0.06806003981979387,,0.4309837047951752,-0.02256282973267615,-0.0,1.1111302961231946,0.04914590858469605,0.09909886609453665,0.1286686033319236,0.022875993690321887,0.11515656883733147,1.0,True,0.135315,0.030671216124547894,0.08,0.0
combined,transcritical,stability_loss,9,Kalman OU,0.7272243764094047,0.3272357881261216,0.09134108066362208,0.0652048427955388,0.02420580959673325,0.39998858828328315,-0.02613623786808328,,,,,,,,,True,0.135315,0.030671216124547894,0.08,0.0
combined,transcritical,stability_loss,9,Latent Neural SDE (VI),0.8795555233955383,0.5331953763961792,0.08254767101638712,0.07737989130918449,0.009601300678767374,0.34636014699935913,-0.005167779707202627,,,,,,,,,True,0.135315,0.030671216124547894,0.08,0.0
combined,transcritical,stability_loss,9,Moment OU,,,,,,,,,,,,,,,,False,0.135315,0.030671216124547894,0.08,0.0
combined,transcritical,stability_loss,9,Neural SDE (Euler),2.6738710403442383,0.7486905455589294,0.09078769467119924,0.0850472007255534,,1.9251804947853088,-0.005740493945645839,,,,,,,,,True,0.135315,0.030671216124547894,0.08,0.0
combined,transcritical,stability_loss,9,SINDy-STLSQ,5.281492506612106,0.287762936150744,0.057813678385134105,0.06399698278938364,,4.993729570461362,0.00618330440424953,,,,,,,,4.0,True,0.135315,0.030671216124547894,0.08,0.0
combined,transcritical,stability_loss,10,Bayesian SINDy (spike-slab),0.7029171880656128,1.846202195506663,0.06389578684728824,0.060906123165771583,,-1.14328500744105,-0.002989663681516652,0.6699475612369069,3.294438507362172,0.03843605198702963,0.09451027566010846,0.8034889423922958,0.2319270742002629,0.13608149896594893,2.0,True,0.135315,0.030323522073061816,0.08,0.0
combined,transcritical,stability_loss,10,Kalman OU,0.7315609060920908,3.0000000000000004,0.07272264839377965,0.010000000000000005,0.06692085952162365,-2.2684390939079098,-0.06272264839377964,,,,,,,,,True,0.135315,0.030323522073061816,0.08,0.0
combined,transcritical,stability_loss,10,Latent Neural SDE (VI),0.877750039100647,1.1394588947296143,0.05978187122686766,0.04383081551218699,0.007695544306129657,-0.2617088556289673,-0.015951055714680668,,,,,,,,,True,0.135315,0.030323522073061816,0.08,0.0
combined,transcritical,stability_loss,10,Moment OU,,,,,,,,,,,,,,,,False,0.135315,0.030323522073061816,0.08,0.0
combined,transcritical,stability_loss,10,Neural SDE (Euler),1.7362825870513916,1.671859860420227,0.07368803850296726,0.0036854036420815987,,0.06442272663116455,-0.07000263486088566,,,,,,,,,True,0.135315,0.030323522073061816,0.08,0.0
combined,transcritical,stability_loss,10,SINDy-STLSQ,1.8025334228894907,2.7197482299533067,0.06365897948300324,0.05405591791973474,,-0.917214807063816,-0.009603061563268497,,,,,,,,4.0,True,0.135315,0.030323522073061816,0.08,0.0
combined,transcritical,stability_loss,11,Bayesian SINDy (spike-slab),,1.9516891778789662,,0.10466372868676001,,,,-0.0,4.029280795267602,0.059591783794259716,0.20846522674884482,0.7448725653768236,0.6320958195894563,0.1640791183556986,3.0,False,0.135315,0.029596547475510725,0.08,0.0
combined,transcritical,stability_loss,11,Kalman OU,3.0000000000000004,0.39080019056915405,0.010000000000000005,0.04632264521942193,0.11571402733202539,2.609199809430846,0.036322645219421926,,,,,,,,,True,0.135315,0.029596547475510725,0.08,0.0
combined,transcritical,stability_loss,11,Latent Neural SDE (VI),0.5678126811981201,0.649755597114563,0.0415616345481042,0.15064508792892115,0.015807353895813298,-0.08194291591644287,0.10908345338081694,,,,,,,,,True,0.135315,0.029596547475510725,0.08,0.0
combined,transcritical,stability_loss,11,Moment OU,,,,,,,,,,,,,,,,False,0.135315,0.029596547475510725,0.08,0.0
combined,transcritical,stability_loss,11,Neural SDE (Euler),,0.8648386001586914,,0.22948223705705323,,,,,,,,,,,,False,0.135315,0.029596547475510725,0.08,0.0
combined,transcritical,stability_loss,11,SINDy-STLSQ,,2.397352499740842,,0.09533817893514164,,,,,,,,,,,4.0,False,0.135315,0.029596547475510725,0.08,0.0
combined,transcritical,stability_loss,12,Bayesian SINDy (spike-slab),1.4235938373700867,0.6743577060875694,0.07008112994775158,0.10403980740140621,,0.7492361312825173,0.033958677453654634,-0.0,2.0355903785827447,0.06891417327157989,0.15652043540079344,0.5197306158443795,0.07994567645141366,0.16583698843447747,2.0,True,0.135315,0.029927615783103073,0.08,0.0
combined,transcritical,stability_loss,12,Kalman OU,3.0000000000000004,0.37214175552414386,0.010000000000000005,0.06385079705423378,0.0801288283779957,2.6278582444758567,0.053850797054233776,,,,,,,,,True,0.135315,0.029927615783103073,0.08,0.0
combined,transcritical,stability_loss,12,Latent Neural SDE (VI),1.690578818321228,0.7257968187332153,0.08411036518941525,0.133868973745487,0.013841911579125607,0.9647819995880127,0.049758608556071754,,,,,,,,,True,0.135315,0.029927615783103073,0.08,0.0
combined,transcritical,stability_loss,12,Moment OU,,0.6171495942401768,,0.08777661591690461,,,,,,,,,,,,False,0.135315,0.029927615783103073,0.08,0.0
combined,transcritical,stability_loss,12,Neural SDE (Euler),2.8249526023864746,0.9965426325798035,0.0728165189640182,0.22225651849608177,,1.8284099698066711,0.14943999953206358,,,,,,,,,True,0.135315,0.029927615783103073,0.08,0.0
combined,transcritical,stability_loss,12,SINDy-STLSQ,2.1623364451821474,1.711565497986094,0.06972696686283847,0.0913345199807299,,0.4507709471960535,0.021607553117891434,,,,,,,,4.0,True,0.135315,0.029927615783103073,0.08,0.0
combined,transcritical,stability_loss,13,Bayesian SINDy (spike-slab),,,,,,,,,,,,,,,,False,0.135315,0.02963272859167035,0.08,0.0
combined,transcritical,stability_loss,13,Kalman OU,0.5419621627147575,0.06849618200031943,0.09530135239583887,0.07343423828421808,0.0010000000000000002,0.4734659807144381,-0.02186711411162079,,,,,,,,,True,0.135315,0.02963272859167035,0.08,0.0
combined,transcritical,stability_loss,13,Latent Neural SDE (VI),0.40228185057640076,-0.39835286140441895,0.06838480094014357,0.05816730155968076,0.015244993211000498,0.8006347119808197,-0.010217499380462812,,,,,,,,,True,0.135315,0.02963272859167035,0.08,0.0
combined,transcritical,stability_loss,13,Moment OU,,,,,,,,,,,,,,,,False,0.135315,0.02963272859167035,0.08,0.0
combined,transcritical,stability_loss,13,Neural SDE (Euler),,,,,,,,,,,,,,,,False,0.135315,0.02963272859167035,0.08,0.0
combined,transcritical,stability_loss,13,SINDy-STLSQ,,,,,,,,,,,,,,,,False,0.135315,0.02963272859167035,0.08,0.0
combined,transcritical,stability_loss,14,Bayesian SINDy (spike-slab),,,,,,,,,,,,,,,,False,0.135315,0.03016654151663218,0.08,0.0
combined,transcritical,stability_loss,14,Kalman OU,3.0000000000000004,3.0000000000000004,0.010000000000000005,0.010000000000000005,0.0600777279347594,0.0,0.0,,,,,,,,,True,0.135315,0.03016654151663218,0.08,0.0
combined,transcritical,stability_loss,14,Latent Neural SDE (VI),1.4323803186416626,2.3105735778808594,0.05488946835958454,0.06478537993627613,0.007301569454809846,-0.8781932592391968,0.00989591157669159,,,,,,,,,True,0.135315,0.03016654151663218,0.08,0.0
combined,transcritical,stability_loss,14,Moment OU,,,,,,,,,,,,,,,,False,0.135315,0.03016654151663218,0.08,0.0
combined,transcritical,stability_loss,14,Neural SDE (Euler),,,,,,,,,,,,,,,,False,0.135315,0.03016654151663218,0.08,0.0
combined,transcritical,stability_loss,14,SINDy-STLSQ,,,,,,,,,,,,,,,,False,0.135315,0.03016654151663218,0.08,0.0
combined,transcritical,stability_loss,15,Bayesian SINDy (spike-slab),1.1450807408710595,,0.056194909318160305,,,,,,,,,,,,,False,0.135315,0.030375042720183994,0.08,0.0
combined,transcritical,stability_loss,15,Kalman OU,0.3300482956573718,3.0000000000000004,0.032529542452809534,0.010000000000000005,0.09217744731911835,-2.669951704342629,-0.02252954245280953,,,,,,,,,True,0.135315,0.030375042720183994,0.08,0.0
combined,transcritical,stability_loss,15,Latent Neural SDE (VI),1.298290491104126,1.0359269380569458,0.0752062753969712,0.09200968845179369,0.010765400333483593,0.2623635530471802,0.016803413054822497,,,,,,,,,True,0.135315,0.030375042720183994,0.08,0.0
combined,transcritical,stability_loss,15,Moment OU,,,,,,,,,,,,,,,,False,0.135315,0.030375042720183994,0.08,0.0
combined,transcritical,stability_loss,15,Neural SDE (Euler),2.8827550411224365,,0.0510535198835806,,,,,,,,,,,,,False,0.135315,0.030375042720183994,0.08,0.0
combined,transcritical,stability_loss,15,SINDy-STLSQ,1.8291203897592316,,0.051841932016525816,,,,,,,,,,,,,False,0.135315,0.030375042720183994,0.08,0.0
combined,transcritical,stability_loss,16,Bayesian SINDy (spike-slab),1.8259607607069968,,0.1133905092610525,,,,,,,,,,,,,False,0.135315,0.030062942979029478,0.08,0.0
combined,transcritical,stability_loss,16,Kalman OU,3.0000000000000004,3.0000000000000004,0.010000000000000005,0.010000000000000005,0.10721351703384856,0.0,0.0,,,,,,,,,True,0.135315,0.030062942979029478,0.08,0.0
combined,transcritical,stability_loss,16,Latent Neural SDE (VI),2.1250784397125244,1.6127479076385498,0.05093730811287437,0.06891205813056797,0.013194823996518537,0.5123305320739746,0.0179747500176936,,,,,,,,,True,0.135315,0.030062942979029478,0.08,0.0
combined,transcritical,stability_loss,16,Moment OU,,,,,,,,,,,,,,,,False,0.135315,0.030062942979029478,0.08,0.0
combined,transcritical,stability_loss,16,Neural SDE (Euler),1.923590064048767,,0.000529911085806773,,,,,,,,,,,,,False,0.135315,0.030062942979029478,0.08,0.0
combined,transcritical,stability_loss,16,SINDy-STLSQ,3.35461442955139,,0.08416726962033583,,,,,,,,,,,,,False,0.135315,0.030062942979029478,0.08,0.0
combined,transcritical,stability_loss,17,Bayesian SINDy (spike-slab),0.3937855640416082,1.3189854230772193,0.10126745129131752,0.07654135692405285,,-0.9251998590356112,-0.024726094367264667,-0.0,2.842030214531188,0.04790934653787349,0.1328287363802,0.8161183515423042,0.09658342740919912,0.08880917064207099,2.0,True,0.135315,0.03050024187797417,0.08,0.0
combined,transcritical,stability_loss,17,Kalman OU,1.1540822193068963,3.0000000000000004,0.14508634871192844,0.010000000000000005,0.09204789502185748,-1.8459177806931042,-0.13508634871192843,,,,,,,,,True,0.135315,0.03050024187797417,0.08,0.0
combined,transcritical,stability_loss,17,Latent Neural SDE (VI),0.3194156885147095,2.1001734733581543,0.0948996311131197,0.0860542298119697,0.011454957382393605,-1.7807577848434448,-0.00884540130115001,,,,,,,,,True,0.135315,0.03050024187797417,0.08,0.0
combined,transcritical,stability_loss,17,Moment OU,,,,,,,,,,,,,,,,False,0.135315,0.03050024187797417,0.08,0.0
combined,transcritical,stability_loss,17,Neural SDE (Euler),1.0102089643478394,2.567120313644409,0.2093441570451291,0.07105071846975076,,-1.5569113492965698,-0.13829343857537835,,,,,,,,,True,0.135315,0.03050024187797417,0.08,0.0
combined,transcritical,stability_loss,17,SINDy-STLSQ,0.9972318790251238,1.8033410588313075,0.09190771779822744,0.0766298692780393,,-0.8061091798061837,-0.01527784852018814,,,,,,,,4.0,True,0.135315,0.03050024187797417,0.08,0.0
combined,transcritical,stability_loss,18,Bayesian SINDy (spike-slab),0.7753081200610097,,0.059777553278585444,,,,,,,,,,,,,False,0.135315,0.030105515928961525,0.08,0.0
combined,transcritical,stability_loss,18,Kalman OU,1.0188479399166626,0.3360088209398143,0.06007341866012249,0.02794663956816329,0.05798844272473137,0.6828391189768482,-0.0321267790919592,,,,,,,,,True,0.135315,0.030105515928961525,0.08,0.0
combined,transcritical,stability_loss,18,Latent Neural SDE (VI),0.8595712780952454,0.6003509759902954,0.05798489448014145,0.02434208861846679,0.00907256621203752,0.25922030210494995,-0.03364280586167466,,,,,,,,,True,0.135315,0.030105515928961525,0.08,0.0
combined,transcritical,stability_loss,18,Moment OU,,,,,,,,,,,,,,,,False,0.135315,0.030105515928961525,0.08,0.0
combined,transcritical,stability_loss,18,Neural SDE (Euler),1.436361312866211,,0.060894196987053235,,,,,,,,,,,,,False,0.135315,0.030105515928961525,0.08,0.0
combined,transcritical,stability_loss,18,SINDy-STLSQ,1.6723262888867243,,0.056295377717949076,,,,,,,,,,,,,False,0.135315,0.030105515928961525,0.08,0.0
combined,transcritical,stability_loss,19,Bayesian SINDy (spike-slab),0.43653990853231195,0.763342936415982,0.09749464547914917,0.07690523343911955,,-0.3268030278836701,-0.02058941204002962,-0.0,1.4967463787828976,0.050469894815847564,0.12182176765439098,0.500619558925535,0.020528974990082858,0.35274139497556184,2.0,True,0.135315,0.030575010908270202,0.08,0.0
combined,transcritical,stability_loss,19,Kalman OU,0.20109717387578813,0.28216740729973055,0.026294543288150483,0.04615506263266669,0.06331710670263672,-0.08107023342394243,0.019860519344516204,,,,,,,,,True,0.135315,0.030575010908270202,0.08,0.0
combined,transcritical,stability_loss,19,Latent Neural SDE (VI),1.2984015941619873,0.458551824092865,0.10224735498129306,0.06628897758746902,0.010327159244375756,0.8398497700691223,-0.03595837739382404,,,,,,,,,True,0.135315,0.030575010908270202,0.08,0.0
combined,transcritical,stability_loss,19,Moment OU,0.24303680235909572,,0.012327715612180674,,,,,,,,,,,,,False,0.135315,0.030575010908270202,0.08,0.0
combined,transcritical,stability_loss,19,Neural SDE (Euler),1.2870385646820068,1.2611243724822998,0.1173978745870394,0.06256345429268197,,0.02591419219970703,-0.054834420294357436,,,,,,,,,True,0.135315,0.030575010908270202,0.08,0.0
combined,transcritical,stability_loss,19,SINDy-STLSQ,0.6440560777676609,0.8224423935203489,0.09691175978648124,0.07219223398466253,,-0.17838631575268793,-0.024719525801818715,,,,,,,,4.0,True,0.135315,0.030575010908270202,0.08,0.0
combined,transcritical,stability_loss,20,Bayesian SINDy (spike-slab),0.6115214474467456,1.2117064160865147,0.07959262872908343,0.0834919776527224,,-0.6001849686397691,0.003899348923638968,-0.0,1.8652336966562522,0.05746634184435542,0.12953594644156388,0.9105865433541102,0.01535211111966926,0.032538922740514536,2.0,True,0.135315,0.030218263914719518,0.08,0.0
combined,transcritical,stability_loss,20,Kalman OU,1.144555774435445,3.0000000000000004,0.09000130976762798,0.010000000000000005,0.09409491557052453,-1.8554442255645553,-0.08000130976762797,,,,,,,,,True,0.135315,0.030218263914719518,0.08,0.0
combined,transcritical,stability_loss,20,Latent Neural SDE (VI),1.3408201932907104,1.9766719341278076,0.032994960650952185,0.09019946783505196,0.011506942761454399,-0.6358517408370972,0.05720450718409978,,,,,,,,,True,0.135315,0.030218263914719518,0.08,0.0
combined,transcritical,stability_loss,20,Moment OU,,,,,,,,,,,,,,,,False,0.135315,0.030218263914719518,0.08,0.0
combined,transcritical,stability_loss,20,Neural SDE (Euler),1.7269411087036133,2.512488842010498,0.021451321696202324,0.08734139123443593,,-0.7855477333068848,0.0658900695382336,,,,,,,,,True,0.135315,0.030218263914719518,0.08,0.0
combined,transcritical,stability_loss,20,SINDy-STLSQ,2.2967290857591594,1.2680280800168537,0.061745267737702406,0.09028197038745173,,1.0287010057423056,0.02853670264974932,,,,,,,,2.0,True,0.135315,0.030218263914719518,0.08,0.0
combined,transcritical,stability_loss,21,Bayesian SINDy (spike-slab),1.2306645667859102,0.2714991459673681,0.07162044985547676,0.07719776081273858,,0.9591654208185421,0.0055773109572618135,-0.0,1.0818136849876572,0.05083754536372542,0.11132073662359915,0.3269102725570184,0.019883988440769617,0.10047206398317443,1.0,True,0.135315,0.029674176608105084,0.08,0.0
combined,transcritical,stability_loss,21,Kalman OU,0.9198992029999403,0.5093712623070772,0.06742014667039893,0.10021549915940557,0.0010000000000000002,0.41052794069286314,0.03279535248900664,,,,,,,,,True,0.135315,0.029674176608105084,0.08,0.0
combined,transcritical,stability_loss,21,Latent Neural SDE (VI),1.6217870712280273,0.8115991353988647,0.07399997150772253,0.06360823216125379,0.010768699112592043,0.8101879358291626,-0.01039173934646874,,,,,,,,,True,0.135315,0.029674176608105084,0.08,0.0
combined,transcritical,stability_loss,21,Moment OU,5.215565897872568,,0.10859397309038135,,,,,,,,,,,,,False,0.135315,0.029674176608105084,0.08,0.0
combined,transcritical,stability_loss,21,Neural SDE (Euler),1.6025052070617676,1.0970206260681152,0.0721778927455546,0.0771681575821953,,0.5054845809936523,0.004990264836640695,,,,,,,,,True,0.135315,0.029674176608105084,0.08,0.0
combined,transcritical,stability_loss,21,SINDy-STLSQ,1.489231859010782,0.5889021237237538,0.06977654879542267,0.07292713091565918,,0.9003297352870282,0.003150582120236514,,,,,,,,3.0,True,0.135315,0.029674176608105084,0.08,0.0
combined,transcritical,stability_loss,22,Bayesian SINDy (spike-slab),0.5104343754099315,0.8502834472608001,0.1494821554651919,0.054323269262297774,,-0.33984907185086854,-0.09515888620289412,-0.0,1.966678041447696,0.03214210669015563,0.09170784979375513,0.8158087227027374,0.029517440270681643,0.10127414729054167,2.0,True,0.135315,0.030323701909271812,0.08,0.0
combined,transcritical,stability_loss,22,Kalman OU,0.7607537362527931,0.3301264451335198,0.09964705178263586,0.041886588740243945,0.04954168948708802,0.4306272911192733,-0.057760463042391914,,,,,,,,,True,0.135315,0.030323701909271812,0.08,0.0
combined,transcritical,stability_loss,22,Latent Neural SDE (VI),0.9720072746276855,0.7016150951385498,0.08387656031031411,0.06712996651495631,0.008354386078519283,0.27039217948913574,-0.016746593795357798,,,,,,,,,True,0.135315,0.030323701909271812,0.08,0.0
combined,transcritical,stability_loss,22,Moment OU,1.0459902050336425,,0.14818418179087853,,,,,,,,,,,,,False,0.135315,0.030323701909271812,0.08,0.0
combined,transcritical,stability_loss,22,Neural SDE (Euler),2.4578185081481934,2.472071886062622,0.001497891149327411,0.05041826567526552,,-0.014253377914428711,0.04892037452593811,,,,,,,,,True,0.135315,0.030323701909271812,0.08,0.0
combined,transcritical,stability_loss,22,SINDy-STLSQ,1.2672787838479167,1.7202861555809823,0.13098028372208595,0.04642233919349677,,-0.4530073717330656,-0.08455794452858918,,,,,,,,3.0,True,0.135315,0.030323701909271812,0.08,0.0
combined,transcritical,stability_loss,23,Bayesian SINDy (spike-slab),1.8199240478142442,0.5848069713075893,0.07812922495887697,0.08025607592627666,,1.235117076506655,0.0021268509673996877,-0.0,1.6407869395450314,0.05008544617328835,0.1312153826614488,0.5008845405108716,0.023476151909184593,0.03717441800932428,2.0,True,0.135315,0.029917271849487215,0.08,0.0
combined,transcritical,stability_loss,23,Kalman OU,3.0000000000000004,3.0000000000000004,0.010000000000000005,0.186929805704307,0.0010000000000000002,0.0,0.176929805704307,,,,,,,,,True,0.135315,0.029917271849487215,0.08,0.0
combined,transcritical,stability_loss,23,Latent Neural SDE (VI),2.2445507049560547,1.6901159286499023,0.06684324755199736,0.08628505677785571,0.009364089130085611,0.5544347763061523,0.01944180922585835,,,,,,,,,True,0.135315,0.029917271849487215,0.08,0.0
combined,transcritical,stability_loss,23,Moment OU,,,,,,,,,,,,,,,,False,0.135315,0.029917271849487215,0.08,0.0
combined,transcritical,stability_loss,23,Neural SDE (Euler),1.9492902755737305,1.9995393753051758,0.024575911780563973,0.08854672913560985,,-0.05024909973144531,0.06397081735504587,,,,,,,,,True,0.135315,0.029917271849487215,0.08,0.0
combined,transcritical,stability_loss,23,SINDy-STLSQ,1.8321646192817043,1.6384417094093517,0.07400271389739033,0.07616032561482321,,0.19372290987235252,0.0021576117174328807,,,,,,,,4.0,True,0.135315,0.029917271849487215,0.08,0.0
combined,transcritical,stability_loss,24,Bayesian SINDy (spike-slab),0.7866650055956086,0.6830594988783989,0.09429749524008432,0.09808142484230568,,0.1036055067172097,0.0037839296022213614,-0.0,1.8643616837083201,0.06571597230042764,0.1438001984375916,0.5554949386389335,0.041009554152496755,0.014711004724176652,2.0,True,0.135315,0.030015660408597367,0.08,0.0
combined,transcritical,stability_loss,24,Kalman OU,2.725484192019784,3.0000000000000004,0.1962534077355409,0.08982002196848303,0.0659998912962023,-0.2745158079802166,-0.10643338576705787,,,,,,,,,True,0.135315,0.030015660408597367,0.08,0.0
combined,transcritical,stability_loss,24,Latent Neural SDE (VI),1.1787312030792236,1.4062331914901733,0.09741599078425782,0.08634068721172437,0.009074102243187004,-0.2275019884109497,-0.011075303572533446,,,,,,,,,True,0.135315,0.030015660408597367,0.08,0.0
combined,transcritical,stability_loss,24,Moment OU,0.08222098170451424,,0.014032097695309243,,,,,,,,,,,,,False,0.135315,0.030015660408597367,0.08,0.0
combined,transcritical,stability_loss,24,Neural SDE (Euler),1.2215757369995117,1.9405319690704346,0.1378852469058801,0.11586553503253831,,-0.7189562320709229,-0.0220197118733418,,,,,,,,,True,0.135315,0.030015660408597367,0.08,0.0
combined,transcritical,stability_loss,24,SINDy-STLSQ,1.11381950251583,1.7095542912429467,0.09196456722089125,0.09318703757429801,,-0.5957347887271167,0.0012224703534067655,,,,,,,,4.0,True,0.135315,0.030015660408597367,0.08,0.0
combined,transcritical,stability_loss,25,Bayesian SINDy (spike-slab),,0.7571035714354309,,0.04036249701133562,,,,-0.0,1.3277886995056425,0.02762614754525703,0.06175329057658603,0.744829149657844,0.055809191027680796,0.23885866344743306,2.0,False,0.135315,0.030471701389029042,0.08,0.0
combined,transcritical,stability_loss,25,Kalman OU,3.0000000000000004,0.1526763539351904,0.010000000000000005,0.0476384287322059,0.027792275333046613,2.84732364606481,0.037638428732205895,,,,,,,,,True,0.135315,0.030471701389029042,0.08,0.0
combined,transcritical,stability_loss,25,Latent Neural SDE (VI),0.4289647340774536,0.5718480348587036,0.07171038032281382,0.041391460146519635,0.009337188787180789,-0.14288330078125,-0.030318920176294187,,,,,,,,,True,0.135315,0.030471701389029042,0.08,0.0
combined,transcritical,stability_loss,25,Moment OU,,,,,,,,,,,,,,,,False,0.135315,0.030471701389029042,0.08,0.0
combined,transcritical,stability_loss,25,Neural SDE (Euler),,0.9279769659042358,,0.04028386822035524,,,,,,,,,,,,False,0.135315,0.030471701389029042,0.08,0.0
combined,transcritical,stability_loss,25,SINDy-STLSQ,,0.8816872667173971,,0.03882400614681882,,,,,,,,,,,4.0,False,0.135315,0.030471701389029042,0.08,0.0
combined,transcritical,stability_loss,26,Bayesian SINDy (spike-slab),,1.4011336835361519,,0.08054336796263017,,,,-0.0,2.414009290108109,0.056409142427129744,0.12570161406540017,0.5499228322469898,0.043733759236190495,0.45703853976277875,2.0,False,0.135315,0.03030762096173893,0.08,0.0
combined,transcritical,stability_loss,26,Kalman OU,2.718479798833279,3.0000000000000004,0.28468277969676353,0.010000000000000005,0.07653591717976804,-0.2815202011667215,-0.2746827796967635,,,,,,,,,True,0.135315,0.03030762096173893,0.08,0.0
combined,transcritical,stability_loss,26,Latent Neural SDE (VI),1.089181900024414,1.6410449743270874,0.0990849021836053,0.03282697912161753,0.009018262988283156,-0.5518630743026733,-0.06625792306198777,,,,,,,,,True,0.135315,0.03030762096173893,0.08,0.0
combined,transcritical,stability_loss,26,Moment OU,,,,,,,,,,,,,,,,False,0.135315,0.03030762096173893,0.08,0.0
combined,transcritical,stability_loss,26,Neural SDE (Euler),,1.5292248725891113,,0.033494806937640634,,,,,,,,,,,,False,0.135315,0.03030762096173893,0.08,0.0
combined,transcritical,stability_loss,26,SINDy-STLSQ,,1.5247956348949652,,0.08062449674730705,,,,,,,,,,,4.0,False,0.135315,0.03030762096173893,0.08,0.0
combined,transcritical,stability_loss,27,Bayesian SINDy (spike-slab),,1.17060633686895,,0.12895495951167682,,,,-0.0,2.029965764710157,0.08823538778367976,0.1996136991280286,0.8277904726004017,0.09492615071609102,0.036499683827780884,2.0,False,0.135315,0.02991413449023539,0.08,0.0
combined,transcritical,stability_loss,27,Kalman OU,3.0000000000000004,0.22902429711235683,0.010000000000000005,0.03507267114705899,0.10982249095171383,2.7709757028876436,0.025072671147058984,,,,,,,,,True,0.135315,0.02991413449023539,0.08,0.0
combined,transcritical,stability_loss,27,Latent Neural SDE (VI),1.8464335203170776,2.2587921619415283,0.0544782000849609,0.12009707890060944,0.013967122470813198,-0.4123586416244507,0.06561887881564854,,,,,,,,,True,0.135315,0.02991413449023539,0.08,0.0
combined,transcritical,stability_loss,27,Moment OU,,4.141924151028367,,0.2756280597924525,,,,,,,,,,,,False,0.135315,0.02991413449023539,0.08,0.0
combined,transcritical,stability_loss,27,Neural SDE (Euler),,2.748798131942749,,0.0924749378112443,,,,,,,,,,,,False,0.135315,0.02991413449023539,0.08,0.0
combined,transcritical,stability_loss,27,SINDy-STLSQ,,2.052440991665725,,0.12262181698866342,,,,,,,,,,,4.0,False,0.135315,0.02991413449023539,0.08,0.0
combined,transcritical,stability_loss,28,Bayesian SINDy (spike-slab),1.3978065278977352,0.25473102830771066,0.05580723588486922,0.09928896642840344,,1.1430754995900245,0.04348173054353422,-0.0,1.5204785513544103,0.06672889160182648,0.14678177678326054,0.18536825494866452,0.07330212784055792,0.04528172204094541,1.0,True,0.135315,0.029985150765487873,0.08,0.0
combined,transcritical,stability_loss,28,Kalman OU,3.0000000000000004,1.997255441407387,0.010000000000000005,0.15476473020073658,0.0010000000000000002,1.0027445585926134,0.14476473020073657,,,,,,,,,True,0.135315,0.029985150765487873,0.08,0.0
combined,transcritical,stability_loss,28,Latent Neural SDE (VI),0.7769912481307983,0.9543673396110535,0.0902310121749409,0.08610686492793031,0.009109670215503575,-0.17737609148025513,-0.004124147247010587,,,,,,,,,True,0.135315,0.029985150765487873,0.08,0.0
combined,transcritical,stability_loss,28,Moment OU,,,,,,,,,,,,,,,,False,0.135315,0.029985150765487873,0.08,0.0
combined,transcritical,stability_loss,28,Neural SDE (Euler),1.6757547855377197,0.8095720410346985,0.0900614146116554,0.0986267615791343,,0.8661827445030212,0.008565346967478904,,,,,,,,,True,0.135315,0.029985150765487873,0.08,0.0
combined,transcritical,stability_loss,28,SINDy-STLSQ,1.603260878547489,1.1151711746526056,0.060185727121976604,0.0919204867155498,,0.4880897038948835,0.03173475959357319,,,,,,,,4.0,True,0.135315,0.029985150765487873,0.08,0.0
combined,transcritical,stability_loss,29,Bayesian SINDy (spike-slab),,,,,,,,,,,,,,,,False,0.135315,0.030365474848757935,0.08,0.0
combined,transcritical,stability_loss,29,Kalman OU,3.0000000000000004,0.2496387436926513,0.010000000000000005,0.04537854362229158,0.06877429221471182,2.750361256307349,0.03537854362229158,,,,,,,,,True,0.135315,0.030365474848757935,0.08,0.0
combined,transcritical,stability_loss,29,Latent Neural SDE (VI),0.40487760305404663,0.6673983931541443,0.03240064288421302,0.10961774687509003,0.01135035791262648,-0.26252079010009766,0.077217103990877,,,,,,,,,True,0.135315,0.030365474848757935,0.08,0.0
combined,transcritical,stability_loss,29,Moment OU,,,,,,,,,,,,,,,,False,0.135315,0.030365474848757935,0.08,0.0
combined,transcritical,stability_loss,29,Neural SDE (Euler),,,,,,,,,,,,,,,,False,0.135315,0.030365474848757935,0.08,0.0
combined,transcritical,stability_loss,29,SINDy-STLSQ,,,,,,,,,,,,,,,,False,0.135315,0.030365474848757935,0.08,0.0
combined,transcritical,stationary,0,Bayesian SINDy (spike-slab),1.9097105241919883,0.39532219816823977,0.044743135266983085,0.08378574473057956,,1.5143883260237485,0.03904260946359648,-0.0,1.715715054455582,0.05506537751329059,0.12836251625612197,0.2605410490648948,0.05697806892320756,0.1451690224728344,1.0,True,0.8000000000000002,0.03001146909276529,0.08,0.0
combined,transcritical,stationary,0,Kalman OU,3.0000000000000004,2.9322332927117367,0.010000000000000005,0.16874274981307846,0.0010000000000000002,0.06776670728826373,0.15874274981307845,,,,,,,,,True,0.8000000000000002,0.03001146909276529,0.08,0.0
combined,transcritical,stationary,0,Latent Neural SDE (VI),2.74426007270813,1.0727540254592896,0.04423721169884592,0.06651743333416224,0.008276221141262384,1.6715060472488403,0.022280221635316323,,,,,,,,,True,0.8000000000000002,0.03001146909276529,0.08,0.0
combined,transcritical,stationary,0,Moment OU,,,,,,,,,,,,,,,,False,0.8000000000000002,0.03001146909276529,0.08,0.0
combined,transcritical,stationary,0,Neural SDE (Euler),3.3040878772735596,0.8970245122909546,0.04881746067794276,0.07394349822681386,,2.407063364982605,0.025126037548871098,,,,,,,,,True,0.8000000000000002,0.03001146909276529,0.08,0.0
combined,transcritical,stationary,0,SINDy-STLSQ,3.2449530041321446,0.8175054829222697,0.03876536078466816,0.07752636932013338,,2.427447521209875,0.03876100853546521,,,,,,,,4.0,True,0.8000000000000002,0.03001146909276529,0.08,0.0
combined,transcritical,stationary,1,Bayesian SINDy (spike-slab),,1.5467177079094778,,0.052752876794815176,,,,0.6717312726859029,2.5024432664305762,0.03575452599272996,0.08294686353347465,0.8834038680963016,0.06189579515562715,0.12519274672267172,2.0,False,0.8000000000000002,0.02993341469736267,0.08,0.0
combined,transcritical,stationary,1,Kalman OU,3.0000000000000004,3.0000000000000004,0.010000000000000005,0.010000000000000005,0.06380924854216066,0.0,0.0,,,,,,,,,True,0.8000000000000002,0.02993341469736267,0.08,0.0
combined,transcritical,stationary,1,Latent Neural SDE (VI),1.232787013053894,1.35139799118042,0.0784770748777967,0.041437272618923875,0.007628588724794748,-0.11861097812652588,-0.03703980225887283,,,,,,,,,True,0.8000000000000002,0.02993341469736267,0.08,0.0
combined,transcritical,stationary,1,Moment OU,,,,,,,,,,,,,,,,False,0.8000000000000002,0.02993341469736267,0.08,0.0
combined,transcritical,stationary,1,Neural SDE (Euler),,0.9184403419494629,,0.02203533892832479,,,,,,,,,,,,False,0.8000000000000002,0.02993341469736267,0.08,0.0
combined,transcritical,stationary,1,SINDy-STLSQ,,0.7937633379638234,,0.04972048644056768,,,,,,,,,,,4.0,False,0.8000000000000002,0.02993341469736267,0.08,0.0
combined,transcritical,stationary,2,Bayesian SINDy (spike-slab),1.7259333432841606,1.6476666883422462,0.07205942286928059,0.07249495234757561,,0.07826665494191443,0.00043552947829501865,0.7531914593775345,2.3489262910337216,0.05247870154061964,0.10106956507947436,0.931997011990981,0.030212444628771158,0.08261087076458958,2.0,True,0.8000000000000002,0.029922972351979583,0.08,0.0
combined,transcritical,stationary,2,Kalman OU,3.0000000000000004,3.0000000000000004,0.010000000000000005,0.010000000000000005,0.06946735831719976,0.0,0.0,,,,,,,,,True,0.8000000000000002,0.029922972351979583,0.08,0.0
combined,transcritical,stationary,2,Latent Neural SDE (VI),2.269991397857666,1.6694895029067993,0.048521267503969075,0.06869175510075692,0.008143068369963523,0.6005018949508667,0.02017048759678785,,,,,,,,,True,0.8000000000000002,0.029922972351979583,0.08,0.0
combined,transcritical,stationary,2,Moment OU,,,,,,,,,,,,,,,,False,0.8000000000000002,0.029922972351979583,0.08,0.0
combined,transcritical,stationary,2,Neural SDE (Euler),1.5919225215911865,1.774965524673462,0.0927377038206123,0.07226944841194953,,-0.1830430030822754,-0.020468255408662775,,,,,,,,,True,0.8000000000000002,0.029922972351979583,0.08,0.0
combined,transcritical,stationary,2,SINDy-STLSQ,1.5212073571289193,1.8079097449712356,0.07393684862386452,0.07403522244599753,,-0.2867023878423163,9.837382213301327e-05,,,,,,,,3.0,True,0.8000000000000002,0.029922972351979583,0.08,0.0
combined,transcritical,stationary,3,Bayesian SINDy (spike-slab),2.0709118623858704,0.614881293950203,0.035731820062754105,0.0695417213025489,,1.4560305684356676,0.0338099012397948,-0.0,2.2103109883085663,0.03762621348675759,0.12429040709880623,0.6557236139443651,0.05480700304450237,0.22958275638772546,2.0,True,0.8000000000000002,0.029992940367740584,0.08,0.0
combined,transcritical,stationary,3,Kalman OU,3.0000000000000004,1.7457125186879598,0.010000000000000005,0.17639774398746488,0.0010000000000000002,1.2542874813120406,0.16639774398746487,,,,,,,,,True,0.8000000000000002,0.029992940367740584,0.08,0.0
combined,transcritical,stationary,3,Latent Neural SDE (VI),0.9000566601753235,0.7613623738288879,0.02605431833946431,0.09290372509371385,0.011671018436800507,0.13869428634643555,0.06684940675424954,,,,,,,,,True,0.8000000000000002,0.029992940367740584,0.08,0.0
combined,transcritical,stationary,3,Moment OU,,,,,,,,,,,,,,,,False,0.8000000000000002,0.029992940367740584,0.08,0.0
combined,transcritical,stationary,3,Neural SDE (Euler),1.1259486675262451,0.9991765022277832,0.015692038753229148,0.01612976295815255,,0.12677216529846191,0.0004377242049234016,,,,,,,,,True,0.8000000000000002,0.029992940367740584,0.08,0.0
combined,transcritical,stationary,3,SINDy-STLSQ,2.2139285707992817,1.4968020276172531,0.034996348839081044,0.05158570873087426,,0.7171265431820286,0.016589359891793214,,,,,,,,4.0,True,0.8000000000000002,0.029992940367740584,0.08,0.0
combined,transcritical,stationary,4,Bayesian SINDy (spike-slab),0.026632286910838784,0.7948128262419542,0.06337988739690915,0.05647098174947821,,-0.7681805393311154,-0.006908905647430942,-0.0,1.7927963414075128,0.037600323657710766,0.08987597047169567,0.6422466295199314,0.07062529538013336,0.13354593525554959,2.0,True,0.8000000000000002,0.029967761922938634,0.08,0.0
combined,transcritical,stationary,4,Kalman OU,0.7329429707418894,1.5687407742241963,0.08876467797502592,0.10659569652055091,0.025118462038934208,-0.8357978034823069,0.01783101854552499,,,,,,,,,True,0.8000000000000002,0.029967761922938634,0.08,0.0
combined,transcritical,stationary,4,Latent Neural SDE (VI),0.325524240732193,0.9085875749588013,0.08488319509021001,0.06723407208250515,0.008169202918501784,-0.5830633342266083,-0.017649123007704867,,,,,,,,,True,0.8000000000000002,0.029967761922938634,0.08,0.0
combined,transcritical,stationary,4,Moment OU,,,,,,,,,,,,,,,,False,0.8000000000000002,0.029967761922938634,0.08,0.0
combined,transcritical,stationary,4,Neural SDE (Euler),0.5185193419456482,0.7255592942237854,0.07544967997350333,0.10442418851004037,,-0.2070399522781372,0.028974508536537047,,,,,,,,,True,0.8000000000000002,0.029967761922938634,0.08,0.0
combined,transcritical,stationary,4,SINDy-STLSQ,1.3008962036346015,1.5921359485778581,0.06758098739167855,0.053814649874493796,,-0.29123974494325666,-0.01376633751718475,,,,,,,,4.0,True,0.8000000000000002,0.029967761922938634,0.08,0.0
combined,transcritical,stationary,5,Bayesian SINDy (spike-slab),1.1540276539890768,,0.09393719984051781,,,,,,,,,,,,,False,0.8000000000000002,0.0299753797654203,0.08,0.0
combined,transcritical,stationary,5,Kalman OU,3.0000000000000004,1.0471277463666657,0.010000000000000005,0.11911809986167024,0.0010000000000000002,1.9528722536333347,0.10911809986167023,,,,,,,,,True,0.8000000000000002,0.0299753797654203,0.08,0.0
combined,transcritical,stationary,5,Latent Neural SDE (VI),1.7377305030822754,0.8179848790168762,0.10748532725492534,0.04225969618656236,0.009618181003764046,0.9197456240653992,-0.06522563106836297,,,,,,,,,True,0.8000000000000002,0.0299753797654203,0.08,0.0
combined,transcritical,stationary,5,Moment OU,,,,,,,,,,,,,,,,False,0.8000000000000002,0.0299753797654203,0.08,0.0
combined,transcritical,stationary,5,Neural SDE (Euler),1.7507129907608032,,0.07680738836001075,,,,,,,,,,,,,False,0.8000000000000002,0.0299753797654203,0.08,0.0
combined,transcritical,stationary,5,SINDy-STLSQ,0.41025018408021396,,0.09394057871340898,,,,,,,,,,,,,False,0.8000000000000002,0.0299753797654203,0.08,0.0
combined,transcritical,stationary,6,Bayesian SINDy (spike-slab),0.9474811542421289,1.9681899623684558,0.06448772647219027,0.05996058995464777,,-1.020708808126327,-0.004527136517542496,1.4286701606553747,2.4740127024450875,0.04360974545810325,0.08688431025401579,0.9974349858626194,0.0212596121529787,0.013506032790922174,2.0,True,0.8000000000000002,0.02987236714520546,0.08,0.0
combined,transcritical,stationary,6,Kalman OU,1.066735229783936,3.0000000000000004,0.08783269279366673,0.010000000000000005,0.06605701797237952,-1.9332647702160644,-0.07783269279366672,,,,,,,,,True,0.8000000000000002,0.02987236714520546,0.08,0.0
combined,transcritical,stationary,6,Latent Neural SDE (VI),1.3711540699005127,2.9357450008392334,0.08262448768486992,0.051602290983691,0.008616993077281193,-1.5645909309387207,-0.031022196701178922,,,,,,,,,True,0.8000000000000002,0.02987236714520546,0.08,0.0
combined,transcritical,stationary,6,Moment OU,,,,,,,,,,,,,,,,False,0.8000000000000002,0.02987236714520546,0.08,0.0
combined,transcritical,stationary,6,Neural SDE (Euler),1.948493242263794,3.492387533187866,0.08118646434534309,0.047728850468970976,,-1.5438942909240723,-0.03345761387637211,,,,,,,,,True,0.8000000000000002,0.02987236714520546,0.08,0.0
combined,transcritical,stationary,6,SINDy-STLSQ,0.9605607321717564,1.9228447779230013,0.06182430979385007,0.06426070069661634,,-0.9622840457512449,0.002436390902766268,,,,,,,,4.0,True,0.8000000000000002,0.02987236714520546,0.08,0.0
combined,transcritical,stationary,7,Bayesian SINDy (spike-slab),1.3566720511245938,1.5945061288962585,0.07392303130717166,0.07009791747671422,,-0.23783407777166476,-0.003825113830457444,0.3562200101476003,2.294114456283105,0.049167298133826344,0.1025803256744566,0.8207119154237529,0.021378089378282374,0.2115370380357816,2.0,True,0.8000000000000002,0.02983320848551,0.08,0.0
combined,transcritical,stationary,7,Kalman OU,3.0000000000000004,3.0000000000000004,0.010000000000000005,0.010000000000000005,0.08910479367387805,0.0,0.0,,,,,,,,,True,0.8000000000000002,0.02983320848551,0.08,0.0
combined,transcritical,stationary,7,Latent Neural SDE (VI),2.6865506172180176,1.5898890495300293,0.06159206475120738,0.08917452139057915,0.01093704510350157,1.0966615676879883,0.027582456639371762,,,,,,,,,True,0.8000000000000002,0.02983320848551,0.08,0.0
combined,transcritical,stationary,7,Moment OU,,,,,,,,,,,,,,,,False,0.8000000000000002,0.02983320848551,0.08,0.0
combined,transcritical,stationary,7,Neural SDE (Euler),2.536407470703125,2.5568666458129883,0.08227930959507164,0.10090355278378851,,-0.02045917510986328,0.018624243188716874,,,,,,,,,True,0.8000000000000002,0.02983320848551,0.08,0.0
combined,transcritical,stationary,7,SINDy-STLSQ,3.954250144502019,1.112582645566064,0.06318507692215185,0.07346434536063857,,2.841667498935955,0.010279268438486727,,,,,,,,4.0,True,0.8000000000000002,0.02983320848551,0.08,0.0
combined,transcritical,stationary,8,Bayesian SINDy (spike-slab),0.7908098843464555,1.2513785939789777,0.0799132028848439,0.07444084325908866,,-0.46056870963252217,-0.005472359625755235,-0.0,2.7277272030468924,0.04975838958734585,0.11695470650492039,0.060439207214263435,0.7480692924911422,0.053824645544657566,2.0,True,0.8000000000000002,0.02994503088092552,0.08,0.0
combined,transcritical,stationary,8,Kalman OU,1.797476457858976,0.3788187458712348,0.15108590574428296,0.048738402963901584,0.05222172218905579,1.418657711987741,-0.10234750278038138,,,,,,,,,True,0.8000000000000002,0.02994503088092552,0.08,0.0
combined,transcritical,stationary,8,Latent Neural SDE (VI),0.6589859127998352,1.3544790744781494,0.08411180904082789,0.07190561473741777,0.009360925010219397,-0.6954931616783142,-0.01220619430341012,,,,,,,,,True,0.8000000000000002,0.02994503088092552,0.08,0.0
combined,transcritical,stationary,8,Moment OU,,,,,,,,,,,,,,,,False,0.8000000000000002,0.02994503088092552,0.08,0.0
combined,transcritical,stationary,8,Neural SDE (Euler),0.8362860083580017,2.1215367317199707,0.08404211674019454,0.09180973320341183,,-1.285250723361969,0.007767616463217289,,,,,,,,,True,0.8000000000000002,0.02994503088092552,0.08,0.0
combined,transcritical,stationary,8,SINDy-STLSQ,0.7135637542946447,2.122032124748641,0.07638134440026123,0.06866278574558594,,-1.4084683704539964,-0.007718558654675287,,,,,,,,4.0,True,0.8000000000000002,0.02994503088092552,0.08,0.0
combined,transcritical,stationary,9,Bayesian SINDy (spike-slab),1.826475164086493,2.2833100355999405,0.02931044776580304,0.04313281750006686,,-0.4568348715134476,0.013822369734263821,0.8996914823990394,4.126279462157403,0.025510722380961644,0.07378759176759712,0.9839650086889045,0.19693342141690512,0.5800640190643348,3.0,True,0.8000000000000002,0.029990939523139703,0.08,0.0
combined,transcritical,stationary,9,Kalman OU,3.0000000000000004,0.5150945767032121,0.010000000000000005,0.04833227810648564,0.06706434834654595,2.484905423296788,0.03833227810648564,,,,,,,,,True,0.8000000000000002,0.029990939523139703,0.08,0.0
combined,transcritical,stationary,9,Latent Neural SDE (VI),1.6707630157470703,1.254082441329956,0.06513956671170991,0.08047788470454456,0.01001108555774266,0.41668057441711426,0.015338317992834652,,,,,,,,,True,0.8000000000000002,0.029990939523139703,0.08,0.0
combined,transcritical,stationary,9,Moment OU,,,,,,,,,,,,,,,,False,0.8000000000000002,0.029990939523139703,0.08,0.0
combined,transcritical,stationary,9,Neural SDE (Euler),1.9934298992156982,3.1890296936035156,0.034172588646459646,0.05283737865233885,,-1.1955997943878174,0.0186647900058792,,,,,,,,,True,0.8000000000000002,0.029990939523139703,0.08,0.0
combined,transcritical,stationary,9,SINDy-STLSQ,1.930586656777803,3.56434608222857,0.029938280715756094,0.03520115731869618,,-1.6337594254507672,0.005262876602940083,,,,,,,,4.0,True,0.8000000000000002,0.029990939523139703,0.08,0.0
combined,transcritical,stationary,10,Bayesian SINDy (spike-slab),,1.7411465702449924,,0.08184376764522965,,,,1.0051327082929278,3.0100089519090028,0.058709711976883586,0.11720101749784806,0.8098087866768862,0.057363884410696606,0.1998871918244847,2.0,False,0.8000000000000002,0.029849848312446952,0.08,0.0
combined,transcritical,stationary,10,Kalman OU,1.1606746732423048,3.0000000000000004,0.1271068914214418,0.010000000000000005,0.08495881520351135,-1.8393253267576957,-0.11710689142144179,,,,,,,,,True,0.8000000000000002,0.029849848312446952,0.08,0.0
combined,transcritical,stationary,10,Latent Neural SDE (VI),0.333364337682724,1.696323275566101,0.1232571375520211,0.08735602538676925,0.00988511538743357,-1.362958937883377,-0.03590111216525185,,,,,,,,,True,0.8000000000000002,0.029849848312446952,0.08,0.0
combined,transcritical,stationary,10,Moment OU,,,,,,,,,,,,,,,,False,0.8000000000000002,0.029849848312446952,0.08,0.0
combined,transcritical,stationary,10,Neural SDE (Euler),,1.673766851425171,,0.08199929044570625,,,,,,,,,,,,False,0.8000000000000002,0.029849848312446952,0.08,0.0
combined,transcritical,stationary,10,SINDy-STLSQ,,1.6537543589661987,,0.08368014424613722,,,,,,,,,,,3.0,False,0.8000000000000002,0.029849848312446952,0.08,0.0
combined,transcritical,stationary,11,Bayesian SINDy (spike-slab),,1.3917458129135025,,0.04659878459230486,,,,0.8742939573333913,1.8952953040911906,0.03253251675187815,0.06959593153572718,0.986201337576912,0.015370442850490747,0.012906012790307281,2.0,False,0.8000000000000002,0.03004043151421292,0.08,0.0
combined,transcritical,stationary,11,Kalman OU,3.0000000000000004,3.0000000000000004,0.13145789477997205,0.010000000000000005,0.059570575635277775,0.0,-0.12145789477997204,,,,,,,,,True,0.8000000000000002,0.03004043151421292,0.08,0.0
combined,transcritical,stationary,11,Latent Neural SDE (VI),1.0340436697006226,0.8869689702987671,0.03416307212986567,0.05541467407142478,0.007022707569965841,0.14707469940185547,0.02125160194155911,,,,,,,,,True,0.8000000000000002,0.03004043151421292,0.08,0.0
combined,transcritical,stationary,11,Moment OU,,,,,,,,,,,,,,,,False,0.8000000000000002,0.03004043151421292,0.08,0.0
combined,transcritical,stationary,11,Neural SDE (Euler),,2.884852409362793,,0.0581766371294742,,,,,,,,,,,,False,0.8000000000000002,0.03004043151421292,0.08,0.0
combined,transcritical,stationary,11,SINDy-STLSQ,,1.5414672730841723,,0.051089082394899295,,,,,,,,,,,4.0,False,0.8000000000000002,0.03004043151421292,0.08,0.0
combined,transcritical,stationary,12,Bayesian SINDy (spike-slab),0.9877257642967819,,0.07856650342193883,,,,,,,,,,,,,False,0.8000000000000002,0.029991208730762976,0.08,0.0
combined,transcritical,stationary,12,Kalman OU,3.0000000000000004,3.0000000000000004,0.16135520874366155,0.056820246036844914,0.0544788141741487,0.0,-0.10453496270681664,,,,,,,,,True,0.8000000000000002,0.029991208730762976,0.08,0.0
combined,transcritical,stationary,12,Latent Neural SDE (VI),1.2960841655731201,1.2250956296920776,0.0686662610187347,0.05581567605347304,0.006827840850433341,0.07098853588104248,-0.01285058496526166,,,,,,,,,True,0.8000000000000002,0.029991208730762976,0.08,0.0
combined,transcritical,stationary,12,Moment OU,0.7095420524584376,,0.026634890060465006,,,,,,,,,,,,,False,0.8000000000000002,0.029991208730762976,0.08,0.0
combined,transcritical,stationary,12,Neural SDE (Euler),0.6525055766105652,,0.019140746673102126,,,,,,,,,,,,,False,0.8000000000000002,0.029991208730762976,0.08,0.0
combined,transcritical,stationary,12,SINDy-STLSQ,3.2426634345439016,,0.06577405436320763,,,,,,,,,,,,,False,0.8000000000000002,0.029991208730762976,0.08,0.0
combined,transcritical,stationary,13,Bayesian SINDy (spike-slab),0.14264739450795683,1.6746202903256213,0.04603130586258563,0.04373940750827256,,-1.5319728958176646,-0.0022918983543130725,1.0513073583538401,2.373732809979116,0.02803162226144017,0.06998513306709842,0.7547007729752333,0.8476747135096525,0.39521119859064824,3.0,True,0.8000000000000002,0.029964493954767375,0.08,0.0
combined,transcritical,stationary,13,Kalman OU,0.7273329509502843,3.0000000000000004,0.06603135119756307,0.010000000000000005,0.07840760018509403,-2.272667049049716,-0.056031351197563056,,,,,,,,,True,0.8000000000000002,0.029964493954767375,0.08,0.0
combined,transcritical,stationary,13,Latent Neural SDE (VI),1.045640468597412,1.1429040431976318,0.03901996068016871,0.0727189596994961,0.008769486497571009,-0.09726357460021973,0.03369899901932739,,,,,,,,,True,0.8000000000000002,0.029964493954767375,0.08,0.0
combined,transcritical,stationary,13,Moment OU,,,,,,,,,,,,,,,,False,0.8000000000000002,0.029964493954767375,0.08,0.0
combined,transcritical,stationary,13,Neural SDE (Euler),0.40964776277542114,1.2324402332305908,0.0562981778041018,0.050227340556376794,,-0.8227924704551697,-0.006070837247725003,,,,,,,,,True,0.8000000000000002,0.029964493954767375,0.08,0.0
combined,transcritical,stationary,13,SINDy-STLSQ,-3.239265247298576,1.5477476030291544,0.046767138659816035,0.037407958955879755,,-4.787012850327731,-0.00935917970393628,,,,,,,,4.0,True,0.8000000000000002,0.029964493954767375,0.08,0.0
combined,transcritical,stationary,14,Bayesian SINDy (spike-slab),1.0259707324829257,1.1624359748583974,0.0815325717488291,0.08886327504574679,,-0.13646524237547175,0.007330703296917693,-0.0,2.4935780873984177,0.060978893492867704,0.1372607723471229,0.5296479891140997,0.04218967396954482,0.2581906360179455,2.0,True,0.8000000000000002,0.029939523689946977,0.08,0.0
combined,transcritical,stationary,14,Kalman OU,3.0000000000000004,3.0000000000000004,0.010000000000000005,0.010000000000000005,0.0756808667623093,0.0,0.0,,,,,,,,,True,0.8000000000000002,0.029939523689946977,0.08,0.0
combined,transcritical,stationary,14,Latent Neural SDE (VI),1.6268739700317383,1.1311157941818237,0.0889006624792831,0.041753589764648415,0.009179890961274953,0.49575817584991455,-0.04714707271463469,,,,,,,,,True,0.8000000000000002,0.029939523689946977,0.08,0.0
combined,transcritical,stationary,14,Moment OU,,,,,,,,,,,,,,,,False,0.8000000000000002,0.029939523689946977,0.08,0.0
combined,transcritical,stationary,14,Neural SDE (Euler),1.3523266315460205,0.6243442296981812,0.10153110753262316,0.031016725852912694,,0.7279824018478394,-0.07051438167971047,,,,,,,,,True,0.8000000000000002,0.029939523689946977,0.08,0.0
combined,transcritical,stationary,14,SINDy-STLSQ,3.102803990660797,1.6430150846542764,0.0699029066488724,0.0875892808251373,,1.4597889060065208,0.017686374176264896,,,,,,,,4.0,True,0.8000000000000002,0.029939523689946977,0.08,0.0
combined,transcritical,stationary,15,Bayesian SINDy (spike-slab),1.5426590940942486,0.5595278551262592,0.037674565969479774,0.061577179867304974,,0.9831312389679894,0.0239026138978252,-0.0,1.500698406322055,0.039583105246009546,0.1040866251462876,0.27822263646330353,0.05769198918791325,0.4666710361400358,1.0,True,0.8000000000000002,0.030031839664137455,0.08,0.0
combined,transcritical,stationary,15,Kalman OU,3.0000000000000004,0.9565821658114151,0.010000000000000005,0.10792072210721444,0.017452771169316254,2.0434178341885856,0.09792072210721443,,,,,,,,,True,0.8000000000000002,0.030031839664137455,0.08,0.0
combined,transcritical,stationary,15,Latent Neural SDE (VI),1.6896286010742188,0.7756325602531433,0.04833442655417746,0.05745948654308902,0.009144814329745581,0.9139960408210754,0.009125059988911562,,,,,,,,,True,0.8000000000000002,0.030031839664137455,0.08,0.0
combined,transcritical,stationary,15,Moment OU,,,,,,,,,,,,,,,,False,0.8000000000000002,0.030031839664137455,0.08,0.0
combined,transcritical,stationary,15,Neural SDE (Euler),1.8193778991699219,0.7646942734718323,0.044056543272726456,0.057936740723265163,,1.0546836256980896,0.013880197450538707,,,,,,,,,True,0.8000000000000002,0.030031839664137455,0.08,0.0
combined,transcritical,stationary,15,SINDy-STLSQ,1.4582566088473938,0.6062140995358714,0.038920433208857956,0.05743560741078572,,0.8520425093115225,0.01851517420192776,,,,,,,,4.0,True,0.8000000000000002,0.030031839664137455,0.08,0.0
combined,transcritical,stationary,16,Bayesian SINDy (spike-slab),,0.2907032765694896,,0.07260705876819382,,,,-0.0,1.3694014985356155,0.04572730895152668,0.10963579649308546,0.27241256795983704,0.08274703191265294,0.05108399753621394,1.0,False,0.8000000000000002,0.0300167164936213,0.08,0.0
combined,transcritical,stationary,16,Kalman OU,1.0333506003188602,1.0065559302571139,0.07835269801110561,0.10537824823464785,0.03624971142290457,0.026794670061746295,0.027025550223542236,,,,,,,,,True,0.8000000000000002,0.0300167164936213,0.08,0.0
combined,transcritical,stationary,16,Latent Neural SDE (VI),0.8428502082824707,1.6367814540863037,0.05491835025007327,0.07846233941556795,0.009744774450804392,-0.793931245803833,0.023543989165494675,,,,,,,,,True,0.8000000000000002,0.0300167164936213,0.08,0.0
combined,transcritical,stationary,16,Moment OU,,,,,,,,,,,,,,,,False,0.8000000000000002,0.0300167164936213,0.08,0.0
combined,transcritical,stationary,16,Neural SDE (Euler),,2.2479910850524902,,0.04885260945266952,,,,,,,,,,,,False,0.8000000000000002,0.0300167164936213,0.08,0.0
combined,transcritical,stationary,16,SINDy-STLSQ,,1.480647420705961,,0.05976575865131284,,,,,,,,,,,4.0,False,0.8000000000000002,0.0300167164936213,0.08,0.0
combined,transcritical,stationary,17,Bayesian SINDy (spike-slab),,1.1053362836376848,,0.07574399847760682,,,,-0.0,2.0771265876982814,0.050510866198316615,0.11644780394190914,0.8685371850173171,0.02270391178625187,0.05303465645730464,2.0,False,0.8000000000000002,0.029883583162429155,0.08,0.0
combined,transcritical,stationary,17,Kalman OU,0.6472019681629857,3.0000000000000004,0.10587549957782418,0.1147373927058718,0.0531411062723882,-2.3527980318370147,0.008861893128047624,,,,,,,,,True,0.8000000000000002,0.029883583162429155,0.08,0.0
combined,transcritical,stationary,17,Latent Neural SDE (VI),0.262228399515152,2.5644097328186035,0.07015992094257463,0.06970767991088923,0.008353699225176795,-2.3021813333034515,-0.0004522410316853964,,,,,,,,,True,0.8000000000000002,0.029883583162429155,0.08,0.0
combined,transcritical,stationary,17,Moment OU,,,,,,,,,,,,,,,,False,0.8000000000000002,0.029883583162429155,0.08,0.0
combined,transcritical,stationary,17,Neural SDE (Euler),,3.5525193214416504,,0.06102621437248824,,,,,,,,,,,,False,0.8000000000000002,0.029883583162429155,0.08,0.0
combined,transcritical,stationary,17,SINDy-STLSQ,,2.793381749182211,,0.062080186787537274,,,,,,,,,,,4.0,False,0.8000000000000002,0.029883583162429155,0.08,0.0
combined,transcritical,stationary,18,Bayesian SINDy (spike-slab),2.182645674882623,1.2772080202701563,0.08245152133012526,0.053268347058809146,,0.9054376546124667,-0.029183174271316115,0.3867788996503285,1.784731975849939,0.03476386353716792,0.08552429984936603,0.9467771056356183,0.049696950287034095,0.030996775776370954,2.0,True,0.8000000000000002,0.029977733708680204,0.08,0.0
combined,transcritical,stationary,18,Kalman OU,3.0000000000000004,3.0000000000000004,0.010000000000000005,0.010000000000000005,0.08225069702983605,0.0,0.0,,,,,,,,,True,0.8000000000000002,0.029977733708680204,0.08,0.0
combined,transcritical,stationary,18,Latent Neural SDE (VI),2.487020969390869,0.5414112210273743,0.08421576972765366,0.08064478325129154,0.009638575710858893,1.9456097483634949,-0.0035709864763621146,,,,,,,,,True,0.8000000000000002,0.029977733708680204,0.08,0.0
combined,transcritical,stationary,18,Moment OU,,,,,,,,,,,,,,,,False,0.8000000000000002,0.029977733708680204,0.08,0.0
combined,transcritical,stationary,18,Neural SDE (Euler),1.5245113372802734,1.0321969985961914,0.11118254644362505,0.04357102360357724,,0.49231433868408203,-0.06761152284004782,,,,,,,,,True,0.8000000000000002,0.029977733708680204,0.08,0.0
combined,transcritical,stationary,18,SINDy-STLSQ,2.504948801721533,1.0752434763500447,0.07882396611656678,0.05767431420877532,,1.4297053253714882,-0.02114965190779146,,,,,,,,3.0,True,0.8000000000000002,0.029977733708680204,0.08,0.0
combined,transcritical,stationary,19,Bayesian SINDy (spike-slab),,0.7244730928227554,,0.09139194501700622,,,,-0.0,1.6518210306037693,0.06044954100620872,0.1389111578325031,0.6591239866858237,0.020161001099256563,0.0731746714975573,2.0,False,0.8000000000000002,0.02994978703155506,0.08,0.0
combined,transcritical,stationary,19,Kalman OU,3.0000000000000004,2.236724676790898,0.010000000000000005,0.17236048640492266,0.0010000000000000002,0.7632753232091023,0.16236048640492265,,,,,,,,,True,0.8000000000000002,0.02994978703155506,0.08,0.0
combined,transcritical,stationary,19,Latent Neural SDE (VI),1.1244943141937256,0.9909398555755615,0.05659818419807993,0.0871199436175385,0.009900561357322415,0.13355445861816406,0.030521759419458568,,,,,,,,,True,0.8000000000000002,0.02994978703155506,0.08,0.0
combined,transcritical,stationary,19,Moment OU,,,,,,,,,,,,,,,,False,0.8000000000000002,0.02994978703155506,0.08,0.0
combined,transcritical,stationary,19,Neural SDE (Euler),,1.508908987045288,,0.10026916192162999,,,,,,,,,,,,False,0.8000000000000002,0.02994978703155506,0.08,0.0
combined,transcritical,stationary,19,SINDy-STLSQ,,1.0527358293439444,,0.0877865081259503,,,,,,,,,,,3.0,False,0.8000000000000002,0.02994978703155506,0.08,0.0
combined,transcritical,stationary,20,Bayesian SINDy (spike-slab),1.6068148589117885,0.07201525241123838,0.07452048572249023,0.06850352706522772,,1.5347996065005503,-0.006016958657262511,-0.0,0.8564245377605751,0.04760775889390414,0.09768878857968191,0.05901404005348624,0.060074878611116905,0.029156928036914515,1.0,True,0.8000000000000002,0.0299847138948162,0.08,0.0
combined,transcritical,stationary,20,Kalman OU,3.0000000000000004,0.3006411534976754,0.010000000000000005,0.0806394081597275,0.0010000000000000002,2.6993588465023253,0.0706394081597275,,,,,,,,,True,0.8000000000000002,0.0299847138948162,0.08,0.0
combined,transcritical,stationary,20,Latent Neural SDE (VI),3.2815961837768555,0.6661990284919739,0.06898697504020479,0.0563317402737863,0.012251005586716624,2.6153971552848816,-0.012655234766418492,,,,,,,,,True,0.8000000000000002,0.0299847138948162,0.08,0.0
combined,transcritical,stationary,20,Moment OU,,,,,,,,,,,,,,,,False,0.8000000000000002,0.0299847138948162,0.08,0.0
combined,transcritical,stationary,20,Neural SDE (Euler),3.2147023677825928,0.241244375705719,0.07374680673283275,0.06368880359640873,,2.973457992076874,-0.01005800313642402,,,,,,,,,True,0.8000000000000002,0.0299847138948162,0.08,0.0
combined,transcritical,stationary,20,SINDy-STLSQ,2.8240733589107294,0.7783120317211814,0.07058264568654976,0.06218375573657011,,2.045761327189548,-0.00839888994997965,,,,,,,,3.0,True,0.8000000000000002,0.0299847138948162,0.08,0.0
combined,transcritical,stationary,21,Bayesian SINDy (spike-slab),1.5795777844406955,,0.10666257434413925,,,,,,,,,,,,,False,0.8000000000000002,0.029887781135452207,0.08,0.0
combined,transcritical,stationary,21,Kalman OU,3.0000000000000004,3.0000000000000004,0.010000000000000005,0.010000000000000005,0.09862877901427233,0.0,0.0,,,,,,,,,True,0.8000000000000002,0.029887781135452207,0.08,0.0
combined,transcritical,stationary,21,Latent Neural SDE (VI),2.6278867721557617,1.8115535974502563,0.09387227517212152,0.10341692902683647,0.01159561644358656,0.8163331747055054,0.009544653854714952,,,,,,,,,True,0.8000000000000002,0.029887781135452207,0.08,0.0
combined,transcritical,stationary,21,Moment OU,,,,,,,,,,,,,,,,False,0.8000000000000002,0.029887781135452207,0.08,0.0
combined,transcritical,stationary,21,Neural SDE (Euler),2.808999538421631,,0.10315153725279937,,,,,,,,,,,,,False,0.8000000000000002,0.029887781135452207,0.08,0.0
combined,transcritical,stationary,21,SINDy-STLSQ,3.1230929656775754,,0.10415215673986825,,,,,,,,,,,,,False,0.8000000000000002,0.029887781135452207,0.08,0.0
combined,transcritical,stationary,22,Bayesian SINDy (spike-slab),3.059822042200617,1.4837463162486353,0.054032930842354485,0.0589108847368453,,1.5760757259519815,0.004877953894490812,0.958859569736216,1.8646291168430014,0.04291113110933715,0.08040408450596882,0.9745085788601073,0.015271631415688748,0.04326728712387941,2.0,True,0.8000000000000002,0.029915777083885143,0.08,0.0
combined,transcritical,stationary,22,Kalman OU,3.0000000000000004,3.0000000000000004,0.010000000000000005,0.010000000000000005,0.079816292839354,0.0,0.0,,,,,,,,,True,0.8000000000000002,0.029915777083885143,0.08,0.0
combined,transcritical,stationary,22,Latent Neural SDE (VI),2.632842540740967,1.115404725074768,0.0631089001541525,0.08948764466243095,0.009507996199813485,1.5174378156661987,0.026378744508278443,,,,,,,,,True,0.8000000000000002,0.029915777083885143,0.08,0.0
combined,transcritical,stationary,22,Moment OU,,,,,,,,,,,,,,,,False,0.8000000000000002,0.029915777083885143,0.08,0.0
combined,transcritical,stationary,22,Neural SDE (Euler),5.638514518737793,1.4868228435516357,0.025073673915690618,0.06744007973665996,,4.151691675186157,0.04236640582096934,,,,,,,,,True,0.8000000000000002,0.029915777083885143,0.08,0.0
combined,transcritical,stationary,22,SINDy-STLSQ,3.1682900466606987,1.1336815134122082,0.05027170542394903,0.0617863210510842,,2.0346085332484902,0.011514615627135169,,,,,,,,4.0,True,0.8000000000000002,0.029915777083885143,0.08,0.0
combined,transcritical,stationary,23,Bayesian SINDy (spike-slab),,1.8887204687760766,,0.03809447995621224,,,,1.132006742166244,3.222619026580771,0.025999748272216214,0.05831416540646307,0.9887477756081441,0.0369912115448542,0.09498787492268908,2.0,False,0.8000000000000002,0.030071160146594816,0.08,0.0
combined,transcritical,stationary,23,Kalman OU,3.0000000000000004,3.0000000000000004,0.010000000000000005,0.010000000000000005,0.04305273670837271,0.0,0.0,,,,,,,,,True,0.8000000000000002,0.030071160146594816,0.08,0.0
combined,transcritical,stationary,23,Latent Neural SDE (VI),0.4900358319282532,2.748494863510132,0.11557209316177791,0.03606715085929517,0.005172280028295874,-2.2584590315818787,-0.07950494230248274,,,,,,,,,True,0.8000000000000002,0.030071160146594816,0.08,0.0
combined,transcritical,stationary,23,Moment OU,,,,,,,,,,,,,,,,False,0.8000000000000002,0.030071160146594816,0.08,0.0
combined,transcritical,stationary,23,Neural SDE (Euler),,2.8936400413513184,,0.03657479644110435,,,,,,,,,,,,False,0.8000000000000002,0.030071160146594816,0.08,0.0
combined,transcritical,stationary,23,SINDy-STLSQ,,2.9169011406577074,,0.03646807709723813,,,,,,,,,,,4.0,False,0.8000000000000002,0.030071160146594816,0.08,0.0
combined,transcritical,stationary,24,Bayesian SINDy (spike-slab),,,,,,,,,,,,,,,,False,0.8000000000000002,0.029965880867699014,0.08,0.0
combined,transcritical,stationary,24,Kalman OU,3.0000000000000004,3.0000000000000004,0.010000000000000005,0.010000000000000005,0.08912086387047741,0.0,0.0,,,,,,,,,True,0.8000000000000002,0.029965880867699014,0.08,0.0
combined,transcritical,stationary,24,Latent Neural SDE (VI),1.4079395532608032,1.326204776763916,0.04504052897777365,0.05751853027299942,0.01094205243958392,0.08173477649688721,0.01247800129522577,,,,,,,,,True,0.8000000000000002,0.029965880867699014,0.08,0.0
combined,transcritical,stationary,24,Moment OU,,,,,,,,,,,,,,,,False,0.8000000000000002,0.029965880867699014,0.08,0.0
combined,transcritical,stationary,24,Neural SDE (Euler),,,,,,,,,,,,,,,,False,0.8000000000000002,0.029965880867699014,0.08,0.0
combined,transcritical,stationary,24,SINDy-STLSQ,,,,,,,,,,,,,,,,False,0.8000000000000002,0.029965880867699014,0.08,0.0
combined,transcritical,stationary,25,Bayesian SINDy (spike-slab),4.152965387655097,,0.04813956707946332,,,,,,,,,,,,,False,0.8000000000000002,0.029957161979647966,0.08,0.0
combined,transcritical,stationary,25,Kalman OU,3.0000000000000004,2.177183803544627,0.010000000000000005,0.1241022521231633,0.0010000000000000002,0.8228161964553733,0.11410225212316329,,,,,,,,,True,0.8000000000000002,0.029957161979647966,0.08,0.0
combined,transcritical,stationary,25,Latent Neural SDE (VI),2.2420849800109863,1.221452236175537,0.0677615322388543,0.05776436136040882,0.007562314567506485,1.0206327438354492,-0.009997170878445476,,,,,,,,,True,0.8000000000000002,0.029957161979647966,0.08,0.0
combined,transcritical,stationary,25,Moment OU,,,,,,,,,,,,,,,,False,0.8000000000000002,0.029957161979647966,0.08,0.0
combined,transcritical,stationary,25,Neural SDE (Euler),2.8458645343780518,,0.05386519917574094,,,,,,,,,,,,,False,0.8000000000000002,0.029957161979647966,0.08,0.0
combined,transcritical,stationary,25,SINDy-STLSQ,4.859831179714303,,0.04226022151095532,,,,,,,,,,,,,False,0.8000000000000002,0.029957161979647966,0.08,0.0
combined,transcritical,stationary,26,Bayesian SINDy (spike-slab),1.4813433069282758,1.2170249805181985,0.061197898393765035,0.0444663343542689,,0.26431832641007724,-0.016731564039496133,0.2131408237787195,2.7949879807745073,0.030742110710126495,0.0702161563913816,0.10198800553200513,0.028918570485232237,0.9699675523036908,2.0,True,0.8000000000000002,0.030047780362762993,0.08,0.0
combined,transcritical,stationary,26,Kalman OU,3.0000000000000004,3.0000000000000004,0.010000000000000005,0.010000000000000005,0.07222930116006493,0.0,0.0,,,,,,,,,True,0.8000000000000002,0.030047780362762993,0.08,0.0
combined,transcritical,stationary,26,Latent Neural SDE (VI),1.905224323272705,0.9909718036651611,0.05498478713058826,0.0661210195615533,0.00865001659914324,0.914252519607544,0.01113623243096503,,,,,,,,,True,0.8000000000000002,0.030047780362762993,0.08,0.0
combined,transcritical,stationary,26,Moment OU,,,,,,,,,,,,,,,,False,0.8000000000000002,0.030047780362762993,0.08,0.0
combined,transcritical,stationary,26,Neural SDE (Euler),1.9303644895553589,1.9106886386871338,0.05488137326930634,0.04510156408683799,,0.019675850868225098,-0.009779809182468346,,,,,,,,,True,0.8000000000000002,0.030047780362762993,0.08,0.0
combined,transcritical,stationary,26,SINDy-STLSQ,1.8853049077902133,2.7284826829693807,0.05740666195288225,0.04604788725605893,,-0.8431777751791674,-0.011358774696823323,,,,,,,,4.0,True,0.8000000000000002,0.030047780362762993,0.08,0.0
combined,transcritical,stationary,27,Bayesian SINDy (spike-slab),,,,,,,,,,,,,,,,False,0.8000000000000002,0.029916620915542102,0.08,0.0
combined,transcritical,stationary,27,Kalman OU,3.0000000000000004,3.0000000000000004,0.010000000000000005,0.010000000000000005,0.08177958146565674,0.0,0.0,,,,,,,,,True,0.8000000000000002,0.029916620915542102,0.08,0.0
combined,transcritical,stationary,27,Latent Neural SDE (VI),1.945207118988037,1.00754976272583,0.04423987173145193,0.04624054704632241,0.010490447983487902,0.937657356262207,0.0020006753148704842,,,,,,,,,True,0.8000000000000002,0.029916620915542102,0.08,0.0
combined,transcritical,stationary,27,Moment OU,,,,,,,,,,,,,,,,False,0.8000000000000002,0.029916620915542102,0.08,0.0
combined,transcritical,stationary,27,Neural SDE (Euler),,,,,,,,,,,,,,,,False,0.8000000000000002,0.029916620915542102,0.08,0.0
combined,transcritical,stationary,27,SINDy-STLSQ,,,,,,,,,,,,,,,,False,0.8000000000000002,0.029916620915542102,0.08,0.0
combined,transcritical,stationary,28,Bayesian SINDy (spike-slab),1.6445720632219247,,0.0850714642705956,,,,,,,,,,,,,False,0.8000000000000002,0.02998912900667037,0.08,0.0
combined,transcritical,stationary,28,Kalman OU,3.0000000000000004,0.6907401966788771,0.010000000000000005,0.08800719879234152,0.06334985998740382,2.3092598033211233,0.07800719879234151,,,,,,,,,True,0.8000000000000002,0.02998912900667037,0.08,0.0
combined,transcritical,stationary,28,Latent Neural SDE (VI),2.234539747238159,0.7502906918525696,0.09212518985122886,0.07915588075659857,0.012117467738090243,1.4842490553855896,-0.012969309094630288,,,,,,,,,True,0.8000000000000002,0.02998912900667037,0.08,0.0
combined,transcritical,stationary,28,Moment OU,,,,,,,,,,,,,,,,False,0.8000000000000002,0.02998912900667037,0.08,0.0
combined,transcritical,stationary,28,Neural SDE (Euler),3.2433724403381348,,0.060599329747525035,,,,,,,,,,,,,False,0.8000000000000002,0.02998912900667037,0.08,0.0
combined,transcritical,stationary,28,SINDy-STLSQ,2.705457461690968,,0.08564468458390952,,,,,,,,,,,,,False,0.8000000000000002,0.02998912900667037,0.08,0.0
combined,transcritical,stationary,29,Bayesian SINDy (spike-slab),1.6654897575822747,1.366074725455089,0.06110550330901102,0.100518828499929,,0.2994150321271858,0.03941332519091799,-0.0,2.0566018478983112,0.07197702044775377,0.15097583132310205,0.9506988864300581,0.01433139758641163,0.019743922825898385,2.0,True,0.8000000000000002,0.030003696862439883,0.08,0.0
combined,transcritical,stationary,29,Kalman OU,3.0000000000000004,3.0000000000000004,0.010000000000000005,0.010000000000000005,0.09050454197895011,0.0,0.0,,,,,,,,,True,0.8000000000000002,0.030003696862439883,0.08,0.0
combined,transcritical,stationary,29,Latent Neural SDE (VI),2.0835933685302734,2.4005770683288574,0.06938312616177687,0.05375334783098571,0.010795234481768144,-0.316983699798584,-0.015629778330791162,,,,,,,,,True,0.8000000000000002,0.030003696862439883,0.08,0.0
combined,transcritical,stationary,29,Moment OU,,,,,,,,,,,,,,,,False,0.8000000000000002,0.030003696862439883,0.08,0.0
combined,transcritical,stationary,29,Neural SDE (Euler),1.9181864261627197,3.6724748611450195,0.06971084301377428,0.019212036637970383,,-1.7542884349822998,-0.050498806375803895,,,,,,,,,True,0.8000000000000002,0.030003696862439883,0.08,0.0
combined,transcritical,stationary,29,SINDy-STLSQ,1.8472466477849558,1.4204072458071857,0.06271670913257972,0.10591378304641365,,0.42683940197777015,0.04319707391383393,,,,,,,,2.0,True,0.8000000000000002,0.030003696862439883,0.08,0.0
