condition,system,scenario,repetition,method,window_end,kappa_decline,sigma_growth,converged
baseline,bistable,noise_growth,20,Bayesian SINDy (spike-slab),38.0,0.41205006666598587,0.005762115799215942,True
baseline,bistable,noise_growth,20,Bayesian SINDy (spike-slab),54.0,1.0967507418033895,0.006827751710645882,True
baseline,bistable,noise_growth,20,Bayesian SINDy (spike-slab),70.0,1.8426017006972275,0.006909932577935943,True
baseline,bistable,noise_growth,20,Bayesian SINDy (spike-slab),78.0,1.6103038557022087,0.031492357172919316,True
baseline,bistable,noise_growth,20,Kalman OU,38.0,-1.547168873459624,0.03873544110018832,True
baseline,bistable,noise_growth,20,Kalman OU,54.0,-0.6102111344594707,0.033992586383198346,True
baseline,bistable,noise_growth,20,Kalman OU,70.0,0.2436272974914161,0.004774866440488551,True
baseline,bistable,noise_growth,20,Kalman OU,78.0,-0.3171000400147468,0.053604228484609016,True
baseline,bistable,noise_growth,20,Latent Neural SDE (VI),38.0,1.38881516456604,0.008090054147352005,True
baseline,bistable,noise_growth,20,Latent Neural SDE (VI),54.0,1.700270175933838,0.00600033104893391,True
baseline,bistable,noise_growth,20,Latent Neural SDE (VI),70.0,1.9664392471313477,0.010815170820973455,True
baseline,bistable,noise_growth,20,Latent Neural SDE (VI),78.0,2.876821517944336,0.03152354693041852,True
baseline,bistable,noise_growth,20,Moment OU,38.0,-1.041588985839394,0.025320322316820104,True
baseline,bistable,noise_growth,20,Moment OU,54.0,0.49302306830087916,-0.003399796383455767,True
baseline,bistable,noise_growth,20,Moment OU,70.0,-0.3114674679489762,0.020490931601527942,True
baseline,bistable,noise_growth,20,Moment OU,78.0,-0.5230770803853617,0.05949029800237189,True
baseline,bistable,noise_growth,20,Neural SDE (Euler),38.0,1.3691465854644775,0.0076730609810020944,True
baseline,bistable,noise_growth,20,Neural SDE (Euler),54.0,1.7376937866210938,0.006244701528237542,True
baseline,bistable,noise_growth,20,Neural SDE (Euler),70.0,1.9672553539276123,0.012207538186942757,True
baseline,bistable,noise_growth,20,Neural SDE (Euler),78.0,2.819256067276001,0.03334335778181796,True
baseline,bistable,noise_growth,20,SINDy-STLSQ,38.0,0.6503460184916956,0.0035776952900462983,True
baseline,bistable,noise_growth,20,SINDy-STLSQ,54.0,1.1831841143562474,0.006867678429393717,True
baseline,bistable,noise_growth,20,SINDy-STLSQ,70.0,2.8538911604761115,0.006557799536002315,True
baseline,bistable,noise_growth,20,SINDy-STLSQ,78.0,2.091882010151361,0.031000746300959364,True
baseline,bistable,noise_growth,21,Bayesian SINDy (spike-slab),38.0,1.8876659727999914,0.01691587976879093,True
baseline,bistable,noise_growth,21,Bayesian SINDy (spike-slab),54.0,1.4996921072176752,0.022432997705502652,True
baseline,bistable,noise_growth,21,Bayesian SINDy (spike-slab),70.0,3.1883581452655796,0.031793217585515204,True
baseline,bistable,noise_growth,21,Bayesian SINDy (spike-slab),78.0,2.7714541079266755,0.0324509759498406,True
baseline,bistable,noise_growth,21,Kalman OU,38.0,0.5317516221590235,0.02097334127020926,True
baseline,bistable,noise_growth,21,Kalman OU,54.0,-1.8977553944700634,0.07836122442057172,True
baseline,bistable,noise_growth,21,Kalman OU,70.0,-0.2601300288403565,0.07528478150980074,True
baseline,bistable,noise_growth,21,Kalman OU,78.0,0.09427914022581696,0.05894293816991154,True
baseline,bistable,noise_growth,21,Latent Neural SDE (VI),38.0,1.8677558898925781,0.009994331028181702,True
baseline,bistable,noise_growth,21,Latent Neural SDE (VI),54.0,1.360790729522705,0.02134549760499521,True
baseline,bistable,noise_growth,21,Latent Neural SDE (VI),70.0,4.398887395858765,0.03566282370191655,True
baseline,bistable,noise_growth,21,Latent Neural SDE (VI),78.0,3.2590627670288086,0.03668857211337208,True
baseline,bistable,noise_growth,21,Moment OU,38.0,11.588097404809744,-0.01431495872246423,True
baseline,bistable,noise_growth,21,Moment OU,54.0,9.952493506488263,0.015017726439309334,True
baseline,bistable,noise_growth,21,Moment OU,70.0,12.121957532399927,0.0018850505704993414,True
baseline,bistable,noise_growth,21,Moment OU,78.0,11.637765170651319,0.014432971586706617,True
baseline,bistable,noise_growth,21,Neural SDE (Euler),38.0,2.4828951358795166,0.0016506047665106605,True
baseline,bistable,noise_growth,21,Neural SDE (Euler),54.0,1.3637480735778809,0.02135192446666294,True
baseline,bistable,noise_growth,21,Neural SDE (Euler),70.0,4.425282835960388,0.03657728725444154,True
baseline,bistable,noise_growth,21,Neural SDE (Euler),78.0,3.3701529502868652,0.03810588340237625,True
baseline,bistable,noise_growth,21,SINDy-STLSQ,38.0,1.1468020110168071,0.01432425096110565,True
baseline,bistable,noise_growth,21,SINDy-STLSQ,54.0,3.017863440884532,0.02316926216327557,True
baseline,bistable,noise_growth,21,SINDy-STLSQ,70.0,4.708952151333029,0.03206622967387107,True
baseline,bistable,noise_growth,21,SINDy-STLSQ,78.0,3.3461113518748555,0.033623967308066244,True
baseline,bistable,noise_growth,22,Bayesian SINDy (spike-slab),38.0,0.04743945966517149,0.00247967822355058,True
baseline,bistable,noise_growth,22,Bayesian SINDy (spike-slab),54.0,-0.5754395277857731,0.0007342088161423482,True
baseline,bistable,noise_growth,22,Bayesian SINDy (spike-slab),70.0,-0.07287941638117479,0.01606685254699909,True
baseline,bistable,noise_growth,22,Bayesian SINDy (spike-slab),78.0,0.5095600128668314,0.022551208883618765,True
baseline,bistable,noise_growth,22,Kalman OU,38.0,0.16200886372757817,-0.006030790565502139,True
baseline,bistable,noise_growth,22,Kalman OU,54.0,-0.07300653504427868,-0.005770968917216318,True
baseline,bistable,noise_growth,22,Kalman OU,70.0,-0.9014360096802628,0.03840500678031991,True
baseline,bistable,noise_growth,22,Kalman OU,78.0,-0.8777372997958143,0.056792895276801814,True
baseline,bistable,noise_growth,22,Latent Neural SDE (VI),38.0,0.8591296672821045,0.002364436687629201,True
baseline,bistable,noise_growth,22,Latent Neural SDE (VI),54.0,0.013533830642700195,0.003427214369591175,True
baseline,bistable,noise_growth,22,Latent Neural SDE (VI),70.0,0.35615992546081543,0.012133775363677407,True
baseline,bistable,noise_growth,22,Latent Neural SDE (VI),78.0,1.4824997186660767,0.0136692554592268,True
baseline,bistable,noise_growth,22,Moment OU,38.0,,,False
baseline,bistable,noise_growth,22,Moment OU,54.0,,,False
baseline,bistable,noise_growth,22,Moment OU,70.0,,,False
baseline,bistable,noise_growth,22,Moment OU,78.0,,,False
baseline,bistable,noise_growth,22,Neural SDE (Euler),38.0,0.8424606323242188,0.0018465809562699664,True
baseline,bistable,noise_growth,22,Neural SDE (Euler),54.0,-0.12902545928955078,0.0026996287648806405,True
baseline,bistable,noise_growth,22,Neural SDE (Euler),70.0,0.3814089298248291,0.010341988858989112,True
baseline,bistable,noise_growth,22,Neural SDE (Euler),78.0,1.2666504383087158,0.014966031063327057,True
baseline,bistable,noise_growth,22,SINDy-STLSQ,38.0,0.8056752497974573,0.0007360069378835599,True
baseline,bistable,noise_growth,22,SINDy-STLSQ,54.0,-0.9663939680325662,-0.00038634016223668133,True
baseline,bistable,noise_growth,22,SINDy-STLSQ,70.0,0.6456117142660278,0.016170112507238696,True
baseline,bistable,noise_growth,22,SINDy-STLSQ,78.0,1.6031939922483318,0.02182799891991373,True
baseline,bistable,noise_growth,23,Bayesian SINDy (spike-slab),38.0,0.29469900224445666,-0.004368969847578799,True
baseline,bistable,noise_growth,23,Bayesian SINDy (spike-slab),54.0,-0.7333336837265692,-0.010866112199458433,True
baseline,bistable,noise_growth,23,Bayesian SINDy (spike-slab),70.0,1.3096994765315622,0.004912983059159576,True
baseline,bistable,noise_growth,23,Bayesian SINDy (spike-slab),78.0,-0.5360714432743103,0.008387003227610365,True
baseline,bistable,noise_growth,23,Kalman OU,38.0,0.6433384708868511,-0.023248866101448988,True
baseline,bistable,noise_growth,23,Kalman OU,54.0,0.1266254459668934,-0.022783174259424575,True
baseline,bistable,noise_growth,23,Kalman OU,70.0,-0.1069873274066574,0.029917340205564948,True
baseline,bistable,noise_growth,23,Kalman OU,78.0,-0.4616393317626396,0.014463511844828629,True
baseline,bistable,noise_growth,23,Latent Neural SDE (VI),38.0,-0.19090533256530762,-0.011682061092940413,True
baseline,bistable,noise_growth,23,Latent Neural SDE (VI),54.0,-0.709338903427124,-0.016668769144766837,True
baseline,bistable,noise_growth,23,Latent Neural SDE (VI),70.0,1.4718101024627686,1.645180732280649e-05,True
baseline,bistable,noise_growth,23,Latent Neural SDE (VI),78.0,-0.4886951446533203,0.00024197361916114546,True
baseline,bistable,noise_growth,23,Moment OU,38.0,0.5323416145436648,-0.014375091424649003,True
baseline,bistable,noise_growth,23,Moment OU,54.0,-0.37733856855025527,-0.018333915074514144,True
baseline,bistable,noise_growth,23,Moment OU,70.0,0.9910529180051775,-0.015597239881423627,True
baseline,bistable,noise_growth,23,Moment OU,78.0,-1.3160568381545805,0.033841951662405306,True
baseline,bistable,noise_growth,23,Neural SDE (Euler),38.0,-0.34130001068115234,-0.01021248655107855,True
baseline,bistable,noise_growth,23,Neural SDE (Euler),54.0,-0.8087668418884277,-0.01673102826520087,True
baseline,bistable,noise_growth,23,Neural SDE (Euler),70.0,1.5153987407684326,0.0004372877973549544,True
baseline,bistable,noise_growth,23,Neural SDE (Euler),78.0,-0.42052698135375977,-0.00018299120551025505,True
baseline,bistable,noise_growth,23,SINDy-STLSQ,38.0,1.184256736996986,-0.0036457130780358504,True
baseline,bistable,noise_growth,23,SINDy-STLSQ,54.0,0.5505255623956051,-0.010190901727369056,True
baseline,bistable,noise_growth,23,SINDy-STLSQ,70.0,2.4375933279148314,0.004674338639844941,True
baseline,bistable,noise_growth,23,SINDy-STLSQ,78.0,0.06195020973815479,0.006833484535939849,True
baseline,bistable,noise_growth,24,Bayesian SINDy (spike-slab),38.0,-2.4682113155286274,-0.0006057078197017063,True
baseline,bistable,noise_growth,24,Bayesian SINDy (spike-slab),54.0,-1.1286490821919286,-0.0017766174720083988,True
baseline,bistable,noise_growth,24,Bayesian SINDy (spike-slab),70.0,1.404438048677218,0.010245377247739926,True
baseline,bistable,noise_growth,24,Bayesian SINDy (spike-slab),78.0,0.6330658081873146,0.01262278982739927,True
baseline,bistable,noise_growth,24,Kalman OU,38.0,0.1999047111084289,-0.03371286759528266,True
baseline,bistable,noise_growth,24,Kalman OU,54.0,-2.2215034333249877,0.030115342406216168,True
baseline,bistable,noise_growth,24,Kalman OU,70.0,0.4205817745213214,0.008015837772008406,True
baseline,bistable,noise_growth,24,Kalman OU,78.0,0.5515982582676792,-0.008232342728406707,True
baseline,bistable,noise_growth,24,Latent Neural SDE (VI),38.0,-3.431621789932251,0.00313923566593427,True
baseline,bistable,noise_growth,24,Latent Neural SDE (VI),54.0,-2.637711763381958,0.002052194202457544,True
baseline,bistable,noise_growth,24,Latent Neural SDE (VI),70.0,1.4444409608840942,0.00601172289068809,True
baseline,bistable,noise_growth,24,Latent Neural SDE (VI),78.0,0.8161900043487549,0.025649694744151477,True
baseline,bistable,noise_growth,24,Moment OU,38.0,-7.753905900871795,0.08635593497554234,True
baseline,bistable,noise_growth,24,Moment OU,54.0,-0.7549639222193085,0.020312543725559108,True
baseline,bistable,noise_growth,24,Moment OU,70.0,-0.02263206486654238,0.013891570579283008,True
baseline,bistable,noise_growth,24,Moment OU,78.0,-0.3035837620303317,0.03654833128678309,True
baseline,bistable,noise_growth,24,Neural SDE (Euler),38.0,-3.4009716510772705,0.0026218090671698835,True
baseline,bistable,noise_growth,24,Neural SDE (Euler),54.0,-2.4584991931915283,0.0019999009430670817,True
baseline,bistable,noise_growth,24,Neural SDE (Euler),70.0,1.4214541912078857,0.00889864221568755,True
baseline,bistable,noise_growth,24,Neural SDE (Euler),78.0,0.7413184642791748,0.027592236551485516,True
baseline,bistable,noise_growth,24,SINDy-STLSQ,38.0,-3.9841469667742957,-0.0019086261107713054,True
baseline,bistable,noise_growth,24,SINDy-STLSQ,54.0,-1.4593003099211819,-0.0001583079269207449,True
baseline,bistable,noise_growth,24,SINDy-STLSQ,70.0,-0.7786050297997331,0.006112445100136019,True
baseline,bistable,noise_growth,24,SINDy-STLSQ,78.0,-0.4431793657970369,0.010606035642991951,True
baseline,bistable,noise_growth,25,Bayesian SINDy (spike-slab),38.0,-0.3718474989454532,0.009171955242684798,True
baseline,bistable,noise_growth,25,Bayesian SINDy (spike-slab),54.0,0.0905566623707168,0.00667437939455634,True
baseline,bistable,noise_growth,25,Bayesian SINDy (spike-slab),70.0,0.8490547337872054,0.01333820166605397,True
baseline,bistable,noise_growth,25,Bayesian SINDy (spike-slab),78.0,1.584630251724282,0.02468707609102487,True
baseline,bistable,noise_growth,25,Kalman OU,38.0,0.0,-0.0024108298868330685,True
baseline,bistable,noise_growth,25,Kalman OU,54.0,2.363617479264422,-0.03362431681001145,True
baseline,bistable,noise_growth,25,Kalman OU,70.0,1.8102690706004194,-0.010065010155087387,True
baseline,bistable,noise_growth,25,Kalman OU,78.0,1.1259867636816405,0.035498201336805466,True
baseline,bistable,noise_growth,25,Latent Neural SDE (VI),38.0,-0.5644760131835938,0.007947789261180352,True
baseline,bistable,noise_growth,25,Latent Neural SDE (VI),54.0,-0.0003304481506347656,0.003322048027443736,True
baseline,bistable,noise_growth,25,Latent Neural SDE (VI),70.0,0.6311149597167969,0.007440405250642948,True
baseline,bistable,noise_growth,25,Latent Neural SDE (VI),78.0,1.9059598445892334,0.020206651662258476,True
baseline,bistable,noise_growth,25,Moment OU,38.0,,,False
baseline,bistable,noise_growth,25,Moment OU,54.0,,,False
baseline,bistable,noise_growth,25,Moment OU,70.0,,,False
baseline,bistable,noise_growth,25,Moment OU,78.0,,,False
baseline,bistable,noise_growth,25,Neural SDE (Euler),38.0,-0.5962176322937012,0.008156359644052716,True
baseline,bistable,noise_growth,25,Neural SDE (Euler),54.0,0.20178461074829102,0.004222296789748822,True
baseline,bistable,noise_growth,25,Neural SDE (Euler),70.0,0.7307753562927246,0.007747095058481368,True
baseline,bistable,noise_growth,25,Neural SDE (Euler),78.0,2.095895528793335,0.018373468524961217,True
baseline,bistable,noise_growth,25,SINDy-STLSQ,38.0,-1.2073142919495394,0.009911708147884501,True
baseline,bistable,noise_growth,25,SINDy-STLSQ,54.0,-0.8937878083464978,0.007467737150474746,True
baseline,bistable,noise_growth,25,SINDy-STLSQ,70.0,-0.26873550638507293,0.01357130367141253,True
baseline,bistable,noise_growth,25,SINDy-STLSQ,78.0,1.4580362206267954,0.02499243933342543,True
baseline,bistable,noise_growth,26,Bayesian SINDy (spike-slab),38.0,0.09935658634277544,-0.003098417413666496,True
baseline,bistable,noise_growth,26,Bayesian SINDy (spike-slab),54.0,-1.2851828456460392,0.0062206096997844545,True
baseline,bistable,noise_growth,26,Bayesian SINDy (spike-slab),70.0,-0.047316798737886856,0.023479050119197598,True
baseline,bistable,noise_growth,26,Bayesian SINDy (spike-slab),78.0,0.3798294196643879,0.04058339621521943,True
baseline,bistable,noise_growth,26,Kalman OU,38.0,-2.216926507555095,0.058793392887944884,True
baseline,bistable,noise_growth,26,Kalman OU,54.0,-0.19431326482497013,0.0020907883298034932,True
baseline,bistable,noise_growth,26,Kalman OU,70.0,-0.4488965174746792,0.024657855375674484,True
baseline,bistable,noise_growth,26,Kalman OU,78.0,0.013505616178351998,0.025328905413531312,True
baseline,bistable,noise_growth,26,Latent Neural SDE (VI),38.0,0.16932988166809082,-0.0064804839743585335,True
baseline,bistable,noise_growth,26,Latent Neural SDE (VI),54.0,-0.8769049644470215,0.0103275210452059,True
baseline,bistable,noise_growth,26,Latent Neural SDE (VI),70.0,0.6751105785369873,0.029955115351121164,True
baseline,bistable,noise_growth,26,Latent Neural SDE (VI),78.0,-0.033319950103759766,0.04710880139948802,True
baseline,bistable,noise_growth,26,Moment OU,38.0,,,False
baseline,bistable,noise_growth,26,Moment OU,54.0,,,False
baseline,bistable,noise_growth,26,Moment OU,70.0,,,False
baseline,bistable,noise_growth,26,Moment OU,78.0,,,False
baseline,bistable,noise_growth,26,Neural SDE (Euler),38.0,0.14950942993164062,-0.008353408992576083,True
baseline,bistable,noise_growth,26,Neural SDE (Euler),54.0,-1.050445556640625,0.009740270212122593,True
baseline,bistable,noise_growth,26,Neural SDE (Euler),70.0,0.47777843475341797,0.029576694324541047,True
baseline,bistable,noise_growth,26,Neural SDE (Euler),78.0,-0.1560525894165039,0.04702415306049798,True
baseline,bistable,noise_growth,26,SINDy-STLSQ,38.0,-0.8512230866543895,-0.00376279328216908,True
baseline,bistable,noise_growth,26,SINDy-STLSQ,54.0,-2.0035947593536374,0.004593648794230229,True
baseline,bistable,noise_growth,26,SINDy-STLSQ,70.0,-0.39772755493288514,0.02294320377907684,True
baseline,bistable,noise_growth,26,SINDy-STLSQ,78.0,0.14822686244743344,0.040789718794401436,True
baseline,bistable,noise_growth,27,Bayesian SINDy (spike-slab),38.0,0.12690054232820902,-0.001239415648096695,True
baseline,bistable,noise_growth,27,Bayesian SINDy (spike-slab),54.0,-0.40579379036726904,0.004844966584191257,True
baseline,bistable,noise_growth,27,Bayesian SINDy (spike-slab),70.0,0.6893074358808255,0.028407663852966683,True
baseline,bistable,noise_growth,27,Bayesian SINDy (spike-slab),78.0,0.7951321294977709,0.02938395651461874,True
baseline,bistable,noise_growth,27,Kalman OU,38.0,-0.5740664698101745,0.010410796655955776,True
baseline,bistable,noise_growth,27,Kalman OU,54.0,-0.8493452108340667,0.007109857170333564,True
baseline,bistable,noise_growth,27,Kalman OU,70.0,0.4874632007233082,0.021846348188470782,True
baseline,bistable,noise_growth,27,Kalman OU,78.0,-0.3009074541822798,0.05013459698117828,True
baseline,bistable,noise_growth,27,Latent Neural SDE (VI),38.0,0.17075061798095703,0.006801867707113163,True
baseline,bistable,noise_growth,27,Latent Neural SDE (VI),54.0,-0.9518265724182129,-0.005277707919076127,True
baseline,bistable,noise_growth,27,Latent Neural SDE (VI),70.0,0.23480486869812012,0.028904846827790015,True
baseline,bistable,noise_growth,27,Latent Neural SDE (VI),78.0,0.6365199089050293,0.03195532887281691,True
baseline,bistable,noise_growth,27,Moment OU,38.0,,,False
baseline,bistable,noise_growth,27,Moment OU,54.0,-2.4043225851989116,0.03887525945168929,True
baseline,bistable,noise_growth,27,Moment OU,70.0,-1.8925217859997758,0.0756567482025151,True
baseline,bistable,noise_growth,27,Moment OU,78.0,-1.9998547891163239,0.0810559151473592,True
baseline,bistable,noise_growth,27,Neural SDE (Euler),38.0,0.12188911437988281,0.006858033328401444,True
baseline,bistable,noise_growth,27,Neural SDE (Euler),54.0,-1.342440128326416,-0.0154432295502802,True
baseline,bistable,noise_growth,27,Neural SDE (Euler),70.0,0.13184285163879395,0.029682023443711056,True
baseline,bistable,noise_growth,27,Neural SDE (Euler),78.0,0.7221393585205078,0.032514499018766185,True
baseline,bistable,noise_growth,27,SINDy-STLSQ,38.0,-0.30301648274866233,-0.0013789373477067768,True
baseline,bistable,noise_growth,27,SINDy-STLSQ,54.0,-0.40876135196385066,0.0047731750716256405,True
baseline,bistable,noise_growth,27,SINDy-STLSQ,70.0,0.862435604741925,0.02897980498600508,True
baseline,bistable,noise_growth,27,SINDy-STLSQ,78.0,1.1601133394274368,0.02946335803533992,True
baseline,bistable,noise_growth,28,Bayesian SINDy (spike-slab),38.0,-1.0040981152686004,0.014050952796291413,True
baseline,bistable,noise_growth,28,Bayesian SINDy (spike-slab),54.0,1.0144802784910951,0.009025671115931208,True
baseline,bistable,noise_growth,28,Bayesian SINDy (spike-slab),70.0,0.129251024882989,0.01504003734636672,True
baseline,bistable,noise_growth,28,Bayesian SINDy (spike-slab),78.0,0.5785920251501662,0.014053582000574813,True
baseline,bistable,noise_growth,28,Kalman OU,38.0,-0.5358063759968853,0.016901825182786396,True
baseline,bistable,noise_growth,28,Kalman OU,54.0,-0.30093058235776526,0.03412136486050704,True
baseline,bistable,noise_growth,28,Kalman OU,70.0,-1.0074191480946872,0.04871470733655914,True
baseline,bistable,noise_growth,28,Kalman OU,78.0,-2.1296119031006424,0.09628176378688927,True
baseline,bistable,noise_growth,28,Latent Neural SDE (VI),38.0,-0.7880654335021973,0.018890170590011288,True
baseline,bistable,noise_growth,28,Latent Neural SDE (VI),54.0,2.187793493270874,0.008001515787964111,True
baseline,bistable,noise_growth,28,Latent Neural SDE (VI),70.0,0.7224340438842773,0.022822970358987477,True
baseline,bistable,noise_growth,28,Latent Neural SDE (VI),78.0,0.2461259365081787,0.012156672437697358,True
baseline,bistable,noise_growth,28,Moment OU,38.0,-2.476368750034034,0.05345930716161011,True
baseline,bistable,noise_growth,28,Moment OU,54.0,0.4027701261941673,0.0032893519290189722,True
baseline,bistable,noise_growth,28,Moment OU,70.0,-0.35411539200233033,0.029146280804693534,True
baseline,bistable,noise_growth,28,Moment OU,78.0,-0.03210950417542546,0.023028840613068893,True
baseline,bistable,noise_growth,28,Neural SDE (Euler),38.0,-0.7745883464813232,0.0194232481244402,True
baseline,bistable,noise_growth,28,Neural SDE (Euler),54.0,2.14925754070282,0.010289193101164176,True
baseline,bistable,noise_growth,28,Neural SDE (Euler),70.0,0.9399466514587402,0.02347393961117057,True
baseline,bistable,noise_growth,28,Neural SDE (Euler),78.0,0.18042564392089844,0.011696618449564253,True
baseline,bistable,noise_growth,28,SINDy-STLSQ,38.0,-2.9772606172700327,0.013783578518148557,True
baseline,bistable,noise_growth,28,SINDy-STLSQ,54.0,0.04186570066662454,0.008105240068101163,True
baseline,bistable,noise_growth,28,SINDy-STLSQ,70.0,-0.832795314729917,0.01629328514120741,True
baseline,bistable,noise_growth,28,SINDy-STLSQ,78.0,0.279129142125339,0.014384884655042757,True
baseline,bistable,noise_growth,29,Bayesian SINDy (spike-slab),38.0,1.4700948863044956,0.0019024300031101754,True
baseline,bistable,noise_growth,29,Bayesian SINDy (spike-slab),54.0,0.16199330443850135,-0.008297137411956784,True
baseline,bistable,noise_growth,29,Bayesian SINDy (spike-slab),70.0,1.6137721782646208,0.02549176458550649,True
baseline,bistable,noise_growth,29,Bayesian SINDy (spike-slab),78.0,2.4337028936989116,0.022612895693650853,True
baseline,bistable,noise_growth,29,Kalman OU,38.0,1.6530133762908217,-0.023149309502004937,True
baseline,bistable,noise_growth,29,Kalman OU,54.0,1.848830306764204,-0.0459656765273374,True
baseline,bistable,noise_growth,29,Kalman OU,70.0,1.4867651184645205,0.012304499991623724,True
baseline,bistable,noise_growth,29,Kalman OU,78.0,1.5123718550989114,0.02883465981817082,True
baseline,bistable,noise_growth,29,Latent Neural SDE (VI),38.0,1.502814531326294,0.0009623384203498592,True
baseline,bistable,noise_growth,29,Latent Neural SDE (VI),54.0,0.15329837799072266,-0.012033090935745061,True
baseline,bistable,noise_growth,29,Latent Neural SDE (VI),70.0,1.1402385234832764,0.02757291005408627,True
baseline,bistable,noise_growth,29,Latent Neural SDE (VI),78.0,2.1310149431228638,0.015526643404052881,True
baseline,bistable,noise_growth,29,Moment OU,38.0,0.8867005295541067,-0.011937021946083065,True
baseline,bistable,noise_growth,29,Moment OU,54.0,,,False
baseline,bistable,noise_growth,29,Moment OU,70.0,0.5098137012639037,0.030791437879028057,True
baseline,bistable,noise_growth,29,Moment OU,78.0,0.8681261998646141,0.01749239984096044,True
baseline,bistable,noise_growth,29,Neural SDE (Euler),38.0,1.5344908237457275,0.00042060353611991785,True
baseline,bistable,noise_growth,29,Neural SDE (Euler),54.0,0.36337995529174805,-0.01248851012775734,True
baseline,bistable,noise_growth,29,Neural SDE (Euler),70.0,1.1053907871246338,0.027764024930869727,True
baseline,bistable,noise_growth,29,Neural SDE (Euler),78.0,2.110134243965149,0.01730965137602225,True
baseline,bistable,noise_growth,29,SINDy-STLSQ,38.0,2.026976664616984,0.0011961607621677611,True
baseline,bistable,noise_growth,29,SINDy-STLSQ,54.0,0.33405304366119193,-0.010351504264393088,True
baseline,bistable,noise_growth,29,SINDy-STLSQ,70.0,0.5458802311757824,0.02284812575229389,True
baseline,bistable,noise_growth,29,SINDy-STLSQ,78.0,1.4648044977860386,0.019936273998830606,True
baseline,bistable,stability_loss,20,Bayesian SINDy (spike-slab),38.0,0.42750726738230105,0.012268527829140327,True
baseline,bistable,stability_loss,20,Bayesian SINDy (spike-slab),54.0,0.7804553833602625,0.005608952701851688,True
baseline,bistable,stability_loss,20,Bayesian SINDy (spike-slab),70.0,0.2892257194606551,0.002115387872699187,True
baseline,bistable,stability_loss,20,Bayesian SINDy (spike-slab),78.0,0.41699245223768155,0.006079191265049716,True
baseline,bistable,stability_loss,20,Kalman OU,38.0,0.1749558061960908,-0.005904798034645234,True
baseline,bistable,stability_loss,20,Kalman OU,54.0,0.3353606263306397,-0.01577764253570748,True
baseline,bistable,stability_loss,20,Kalman OU,70.0,-2.4232310578843146,0.04666473071191998,True
baseline,bistable,stability_loss,20,Kalman OU,78.0,-2.4232310578843146,0.06763903062243153,True
baseline,bistable,stability_loss,20,Latent Neural SDE (VI),38.0,-1.4716744422912598,0.008099975048592375,True
baseline,bistable,stability_loss,20,Latent Neural SDE (VI),54.0,0.9270362854003906,0.005096142515464294,True
baseline,bistable,stability_loss,20,Latent Neural SDE (VI),70.0,-0.24112343788146973,0.002741435930226452,True
baseline,bistable,stability_loss,20,Latent Neural SDE (VI),78.0,-0.2764449119567871,0.009655691429322433,True
baseline,bistable,stability_loss,20,Moment OU,38.0,-0.6439534775028184,0.02382375359904828,True
baseline,bistable,stability_loss,20,Moment OU,54.0,0.11467367065690182,-0.000943034607671929,True
baseline,bistable,stability_loss,20,Moment OU,70.0,0.09820845788411792,-0.006332007312037986,True
baseline,bistable,stability_loss,20,Moment OU,78.0,-0.06951794325524308,0.0035380662286013595,True
baseline,bistable,stability_loss,20,Neural SDE (Euler),38.0,-1.3554461002349854,0.007086159613403628,True
baseline,bistable,stability_loss,20,Neural SDE (Euler),54.0,0.9002373218536377,0.007981849416306322,True
baseline,bistable,stability_loss,20,Neural SDE (Euler),70.0,-0.21081328392028809,0.0018032992923067565,True
baseline,bistable,stability_loss,20,Neural SDE (Euler),78.0,-0.20568370819091797,0.009462957078360909,True
baseline,bistable,stability_loss,20,SINDy-STLSQ,38.0,0.49937107279651727,0.014970764490934249,True
baseline,bistable,stability_loss,20,SINDy-STLSQ,54.0,2.2223080929026677,0.006764361690104567,True
baseline,bistable,stability_loss,20,SINDy-STLSQ,70.0,1.1485402010809738,0.001151505394787769,True
baseline,bistable,stability_loss,20,SINDy-STLSQ,78.0,1.0021995816540654,0.008771813205624784,True
baseline,bistable,stability_loss,21,Bayesian SINDy (spike-slab),38.0,-0.8920526821487713,-0.0006018767033788702,True
baseline,bistable,stability_loss,21,Bayesian SINDy (spike-slab),54.0,1.5917221577610898,0.0007015474172050451,True
baseline,bistable,stability_loss,21,Bayesian SINDy (spike-slab),70.0,-0.9362274581247876,-9.731269132123854e-05,True
baseline,bistable,stability_loss,21,Bayesian SINDy (spike-slab),78.0,3.0223499820845614,0.03382666573897809,True
baseline,bistable,stability_loss,21,Kalman OU,38.0,0.8373233289601671,-0.03227789718056928,True
baseline,bistable,stability_loss,21,Kalman OU,54.0,1.2017364614653356,-0.01493501223649956,True
baseline,bistable,stability_loss,21,Kalman OU,70.0,1.289689682502978,-0.0339366571967585,True
baseline,bistable,stability_loss,21,Kalman OU,78.0,1.6837922431555583,0.08246180520538482,True
baseline,bistable,stability_loss,21,Latent Neural SDE (VI),38.0,-0.5598387718200684,0.0038451020286525417,True
baseline,bistable,stability_loss,21,Latent Neural SDE (VI),54.0,2.7085338830947876,0.0012197486799076368,True
baseline,bistable,stability_loss,21,Latent Neural SDE (VI),70.0,-0.2801852226257324,0.0028017026607320278,True
baseline,bistable,stability_loss,21,Latent Neural SDE (VI),78.0,4.42086535692215,0.019690613192164405,True
baseline,bistable,stability_loss,21,Moment OU,38.0,,,False
baseline,bistable,stability_loss,21,Moment OU,54.0,,,False
baseline,bistable,stability_loss,21,Moment OU,70.0,,,False
baseline,bistable,stability_loss,21,Moment OU,78.0,,,False
baseline,bistable,stability_loss,21,Neural SDE (Euler),38.0,-0.864861011505127,0.009044471024911224,True
baseline,bistable,stability_loss,21,Neural SDE (Euler),54.0,2.4631972312927246,0.003260013953185606,True
baseline,bistable,stability_loss,21,Neural SDE (Euler),70.0,-0.4939441680908203,0.004114947080138917,True
baseline,bistable,stability_loss,21,Neural SDE (Euler),78.0,4.351811170578003,0.05086347370776169,True
baseline,bistable,stability_loss,21,SINDy-STLSQ,38.0,-1.552867083774609,-5.032554709279158e-05,True
baseline,bistable,stability_loss,21,SINDy-STLSQ,54.0,1.8382856524227305,-0.00013898476334289755,True
baseline,bistable,stability_loss,21,SINDy-STLSQ,70.0,-0.7131097587164743,-0.0005824381559982883,True
baseline,bistable,stability_loss,21,SINDy-STLSQ,78.0,-0.04491277209386313,0.028596846571591006,True
baseline,bistable,stability_loss,22,Bayesian SINDy (spike-slab),38.0,0.6329803865168246,0.00660794059348406,True
baseline,bistable,stability_loss,22,Bayesian SINDy (spike-slab),54.0,0.5720691846975341,0.007724827929819225,True
baseline,bistable,stability_loss,22,Bayesian SINDy (spike-slab),70.0,0.47323791024963,0.019481139349965412,True
baseline,bistable,stability_loss,22,Bayesian SINDy (spike-slab),78.0,0.5748464530324764,0.007654012377788205,True
baseline,bistable,stability_loss,22,Kalman OU,38.0,0.40490634763629874,0.0029722903685990842,True
baseline,bistable,stability_loss,22,Kalman OU,54.0,0.31443661157328684,0.0025268777926937547,True
baseline,bistable,stability_loss,22,Kalman OU,70.0,0.33219259717820104,0.010272840568834235,True
baseline,bistable,stability_loss,22,Kalman OU,78.0,0.227473606367934,0.004367621514147574,True
baseline,bistable,stability_loss,22,Latent Neural SDE (VI),38.0,0.8917586803436279,0.00412791523369388,True
baseline,bistable,stability_loss,22,Latent Neural SDE (VI),54.0,0.11086297035217285,0.012044645386309338,True
baseline,bistable,stability_loss,22,Latent Neural SDE (VI),70.0,0.8437325954437256,0.017184415185082,True
baseline,bistable,stability_loss,22,Latent Neural SDE (VI),78.0,0.6796412467956543,0.0033085219975474006,True
baseline,bistable,stability_loss,22,Moment OU,38.0,,,False
baseline,bistable,stability_loss,22,Moment OU,54.0,,,False
baseline,bistable,stability_loss,22,Moment OU,70.0,,,False
baseline,bistable,stability_loss,22,Moment OU,78.0,,,False
baseline,bistable,stability_loss,22,Neural SDE (Euler),38.0,0.8477416038513184,0.004852594779359662,True
baseline,bistable,stability_loss,22,Neural SDE (Euler),54.0,0.06583857536315918,0.011409826671123321,True
baseline,bistable,stability_loss,22,Neural SDE (Euler),70.0,0.7925009727478027,0.01725161654294992,True
baseline,bistable,stability_loss,22,Neural SDE (Euler),78.0,0.6322407722473145,0.0018258935151607286,True
baseline,bistable,stability_loss,22,SINDy-STLSQ,38.0,-0.9600405325913712,0.005766632355408335,True
baseline,bistable,stability_loss,22,SINDy-STLSQ,54.0,-0.8037300812061723,0.008452530013154741,True
baseline,bistable,stability_loss,22,SINDy-STLSQ,70.0,-0.7303034975465792,0.018091245071703982,True
baseline,bistable,stability_loss,22,SINDy-STLSQ,78.0,-0.5044948167663228,0.006429281893063701,True
baseline,bistable,stability_loss,23,Bayesian SINDy (spike-slab),38.0,1.1973210087627457,-1.7012699128710063e-05,True
baseline,bistable,stability_loss,23,Bayesian SINDy (spike-slab),54.0,1.9336417966578807,0.01809484400949836,True
baseline,bistable,stability_loss,23,Bayesian SINDy (spike-slab),70.0,2.6239518283071095,0.012099176671505701,True
baseline,bistable,stability_loss,23,Bayesian SINDy (spike-slab),78.0,1.382446605461324,-0.004018385922636772,True
baseline,bistable,stability_loss,23,Kalman OU,38.0,-0.9130004165376191,0.03354549482282461,True
baseline,bistable,stability_loss,23,Kalman OU,54.0,0.9453473948433846,0.009187125548239711,True
baseline,bistable,stability_loss,23,Kalman OU,70.0,1.036410047026145,0.007964842337470524,True
baseline,bistable,stability_loss,23,Kalman OU,78.0,1.0234763220361043,0.0013156690000715558,True
baseline,bistable,stability_loss,23,Latent Neural SDE (VI),38.0,0.47574472427368164,-0.004201414173161666,True
baseline,bistable,stability_loss,23,Latent Neural SDE (VI),54.0,2.3664498329162598,0.015187001905166628,True
baseline,bistable,stability_loss,23,Latent Neural SDE (VI),70.0,3.8217053413391113,0.005229288216978198,True
baseline,bistable,stability_loss,23,Latent Neural SDE (VI),78.0,1.7779664993286133,-0.005612385406228174,True
baseline,bistable,stability_loss,23,Moment OU,38.0,4.252008561218138,-0.028476251188373644,True
baseline,bistable,stability_loss,23,Moment OU,54.0,3.5899183891896715,0.009930153149345436,True
baseline,bistable,stability_loss,23,Moment OU,70.0,4.854610875653408,-0.01959401402273584,True
baseline,bistable,stability_loss,23,Moment OU,78.0,5.299687195287648,-0.05034540025615983,True
baseline,bistable,stability_loss,23,Neural SDE (Euler),38.0,0.5739283561706543,-0.004129797678582917,True
baseline,bistable,stability_loss,23,Neural SDE (Euler),54.0,2.551377296447754,0.015478526454113545,True
baseline,bistable,stability_loss,23,Neural SDE (Euler),70.0,3.965186834335327,0.004749370351870577,True
baseline,bistable,stability_loss,23,Neural SDE (Euler),78.0,1.9764165878295898,-0.004742559217518344,True
baseline,bistable,stability_loss,23,SINDy-STLSQ,38.0,1.6091851477529788,0.0027386176995784633,True
baseline,bistable,stability_loss,23,SINDy-STLSQ,54.0,3.379384090837521,0.02135664804370667,True
baseline,bistable,stability_loss,23,SINDy-STLSQ,70.0,4.308670760423283,0.013517523632251546,True
baseline,bistable,stability_loss,23,SINDy-STLSQ,78.0,2.9811297293067605,-0.000417509093722096,True
baseline,bistable,stability_loss,24,Bayesian SINDy (spike-slab),38.0,1.9130924079912779,0.026129190960218346,True
baseline,bistable,stability_loss,24,Bayesian SINDy (spike-slab),54.0,0.626876512432557,0.005697248453055151,True
baseline,bistable,stability_loss,24,Bayesian SINDy (spike-slab),70.0,3.302101039470222,0.013840405809828205,True
baseline,bistable,stability_loss,24,Bayesian SINDy (spike-slab),78.0,1.6290485955923546,0.013878056632051286,True
baseline,bistable,stability_loss,24,Kalman OU,38.0,0.582519594742169,0.01662337894943567,True
baseline,bistable,stability_loss,24,Kalman OU,54.0,-1.255660435337672,0.03425215841647868,True
baseline,bistable,stability_loss,24,Kalman OU,70.0,0.460010565180962,0.030756122538750784,True
baseline,bistable,stability_loss,24,Kalman OU,78.0,-0.3390034870378664,0.03940653974174708,True
baseline,bistable,stability_loss,24,Latent Neural SDE (VI),38.0,0.4009737968444824,0.030646987940505008,True
baseline,bistable,stability_loss,24,Latent Neural SDE (VI),54.0,-0.49113988876342773,0.011044759895219233,True
baseline,bistable,stability_loss,24,Latent Neural SDE (VI),70.0,2.6027716398239136,0.01915576208650438,True
baseline,bistable,stability_loss,24,Latent Neural SDE (VI),78.0,1.3757600784301758,0.020638597100044564,True
baseline,bistable,stability_loss,24,Moment OU,38.0,3.882636784870571,0.02402064837896649,True
baseline,bistable,stability_loss,24,Moment OU,54.0,2.89064851593998,-0.0020359741367128106,True
baseline,bistable,stability_loss,24,Moment OU,70.0,5.245297204064146,-0.027594580058561715,True
baseline,bistable,stability_loss,24,Moment OU,78.0,4.123410180236778,-0.0009083795808940281,True
baseline,bistable,stability_loss,24,Neural SDE (Euler),38.0,0.17380738258361816,0.03373150582900371,True
baseline,bistable,stability_loss,24,Neural SDE (Euler),54.0,-0.6192317008972168,0.012348141803138146,True
baseline,bistable,stability_loss,24,Neural SDE (Euler),70.0,2.4064879417419434,0.02363535403305493,True
baseline,bistable,stability_loss,24,Neural SDE (Euler),78.0,1.215156078338623,0.023528463444716805,True
baseline,bistable,stability_loss,24,SINDy-STLSQ,38.0,-0.2342018573750595,0.025450597176656792,True
baseline,bistable,stability_loss,24,SINDy-STLSQ,54.0,-0.21332804190551835,0.007460166069164956,True
baseline,bistable,stability_loss,24,SINDy-STLSQ,70.0,1.6243216875440323,0.01568369017937736,True
baseline,bistable,stability_loss,24,SINDy-STLSQ,78.0,0.09016354612309296,0.01561975882591149,True
baseline,bistable,stability_loss,25,Bayesian SINDy (spike-slab),38.0,1.8801352431219525,0.005618771684474527,True
baseline,bistable,stability_loss,25,Bayesian SINDy (spike-slab),54.0,0.8929933861998487,-0.004929341361913073,True
baseline,bistable,stability_loss,25,Bayesian SINDy (spike-slab),70.0,2.4973182754468928,0.01282790214953669,True
baseline,bistable,stability_loss,25,Bayesian SINDy (spike-slab),78.0,1.2621324488330692,0.0030339710825537797,True
baseline,bistable,stability_loss,25,Kalman OU,38.0,0.155471000952695,0.002061704648973475,True
baseline,bistable,stability_loss,25,Kalman OU,54.0,0.09988510811403709,-0.00038418239285107486,True
baseline,bistable,stability_loss,25,Kalman OU,70.0,0.21378500695936123,0.010140324803254245,True
baseline,bistable,stability_loss,25,Kalman OU,78.0,-0.263671634693738,0.023640886025409563,True
baseline,bistable,stability_loss,25,Latent Neural SDE (VI),38.0,2.4378650188446045,0.011666609769034206,True
baseline,bistable,stability_loss,25,Latent Neural SDE (VI),54.0,0.9164555072784424,-0.004133633562138306,True
baseline,bistable,stability_loss,25,Latent Neural SDE (VI),70.0,3.6051096320152283,0.02137095700675977,True
baseline,bistable,stability_loss,25,Latent Neural SDE (VI),78.0,0.7058436870574951,-0.00011191558028988968,True
baseline,bistable,stability_loss,25,Moment OU,38.0,-0.4675035337786464,0.02638004695839996,True
baseline,bistable,stability_loss,25,Moment OU,54.0,,,False
baseline,bistable,stability_loss,25,Moment OU,70.0,0.08338809639485817,0.02058665050321542,True
baseline,bistable,stability_loss,25,Moment OU,78.0,,,False
baseline,bistable,stability_loss,25,Neural SDE (Euler),38.0,2.318571090698242,0.013808278496380041,True
baseline,bistable,stability_loss,25,Neural SDE (Euler),54.0,0.9513602256774902,-0.004290145546309798,True
baseline,bistable,stability_loss,25,Neural SDE (Euler),70.0,3.4266703128814697,0.03276159597317334,True
baseline,bistable,stability_loss,25,Neural SDE (Euler),78.0,0.6365532875061035,0.001383528733346684,True
baseline,bistable,stability_loss,25,SINDy-STLSQ,38.0,1.8396580664628566,0.0050014792338073655,True
baseline,bistable,stability_loss,25,SINDy-STLSQ,54.0,1.3134965359269648,-0.006900626067267893,True
baseline,bistable,stability_loss,25,SINDy-STLSQ,70.0,2.497072504627147,0.009461077345602836,True
baseline,bistable,stability_loss,25,SINDy-STLSQ,78.0,0.6259584453329432,0.002548531725694164,True
baseline,bistable,stability_loss,26,Bayesian SINDy (spike-slab),38.0,1.5749589215687392,-0.01237044731785239,True
baseline,bistable,stability_loss,26,Bayesian SINDy (spike-slab),54.0,1.0152044108454246,0.010561331535224178,True
baseline,bistable,stability_loss,26,Bayesian SINDy (spike-slab),70.0,2.163705915142694,0.017937915719623276,True
baseline,bistable,stability_loss,26,Bayesian SINDy (spike-slab),78.0,1.375512622152041,0.01255553171271559,True
baseline,bistable,stability_loss,26,Kalman OU,38.0,-0.5104321646904795,0.024595325422657976,True
baseline,bistable,stability_loss,26,Kalman OU,54.0,0.4888320647399901,0.007698738381656401,True
baseline,bistable,stability_loss,26,Kalman OU,70.0,0.6954501771171668,0.014718463135413171,True
baseline,bistable,stability_loss,26,Kalman OU,78.0,0.5187075867812014,0.007812112890429535,True
baseline,bistable,stability_loss,26,Latent Neural SDE (VI),38.0,1.5753483772277832,-0.006334074611150375,True
baseline,bistable,stability_loss,26,Latent Neural SDE (VI),54.0,1.6439735889434814,0.003662020817912892,True
baseline,bistable,stability_loss,26,Latent Neural SDE (VI),70.0,1.6374611854553223,0.010178323097358333,True
baseline,bistable,stability_loss,26,Latent Neural SDE (VI),78.0,1.9031999111175537,0.006008104282636553,True
baseline,bistable,stability_loss,26,Moment OU,38.0,,,False
baseline,bistable,stability_loss,26,Moment OU,54.0,1.2476071874174544,0.018223990695980637,True
baseline,bistable,stability_loss,26,Moment OU,70.0,2.5983830539849655,0.007767624514350695,True
baseline,bistable,stability_loss,26,Moment OU,78.0,1.8947167525616,0.006330784366675758,True
baseline,bistable,stability_loss,26,Neural SDE (Euler),38.0,1.632904052734375,-0.006552572623883174,True
baseline,bistable,stability_loss,26,Neural SDE (Euler),54.0,1.6890525817871094,0.005345558475994772,True
baseline,bistable,stability_loss,26,Neural SDE (Euler),70.0,1.634005069732666,0.011008294518275022,True
baseline,bistable,stability_loss,26,Neural SDE (Euler),78.0,1.8316881656646729,0.00537604855427197,True
baseline,bistable,stability_loss,26,SINDy-STLSQ,38.0,1.1320516791042472,-0.013436044837218011,True
baseline,bistable,stability_loss,26,SINDy-STLSQ,54.0,1.4484813893665769,0.007982419234947524,True
baseline,bistable,stability_loss,26,SINDy-STLSQ,70.0,1.7687221939704107,0.016553432344794533,True
baseline,bistable,stability_loss,26,SINDy-STLSQ,78.0,1.6079498883900012,0.011480148856887876,True
baseline,bistable,stability_loss,27,Bayesian SINDy (spike-slab),38.0,-0.23397068025058676,0.009305000670719682,True
baseline,bistable,stability_loss,27,Bayesian SINDy (spike-slab),54.0,0.7140877051860444,0.0024799056627381327,True
baseline,bistable,stability_loss,27,Bayesian SINDy (spike-slab),70.0,0.5845095930391095,-0.0007332793834673029,True
baseline,bistable,stability_loss,27,Bayesian SINDy (spike-slab),78.0,3.3024581099793453,0.016492235797824842,True
baseline,bistable,stability_loss,27,Kalman OU,38.0,1.9260517244028588,-0.032257929757012006,True
baseline,bistable,stability_loss,27,Kalman OU,54.0,2.690719942717852,-0.04436886851800027,True
baseline,bistable,stability_loss,27,Kalman OU,70.0,2.553538466690071,-0.04421995517755507,True
baseline,bistable,stability_loss,27,Kalman OU,78.0,2.965136491894241,-0.029792039645363512,True
baseline,bistable,stability_loss,27,Latent Neural SDE (VI),38.0,0.5411663055419922,0.007470831884834175,True
baseline,bistable,stability_loss,27,Latent Neural SDE (VI),54.0,0.3267960548400879,0.007860684073042551,True
baseline,bistable,stability_loss,27,Latent Neural SDE (VI),70.0,-0.6976723670959473,-0.006306858118352798,True
baseline,bistable,stability_loss,27,Latent Neural SDE (VI),78.0,3.575586348772049,0.003437332583424671,True
baseline,bistable,stability_loss,27,Moment OU,38.0,,,False
baseline,bistable,stability_loss,27,Moment OU,54.0,,,False
baseline,bistable,stability_loss,27,Moment OU,70.0,,,False
baseline,bistable,stability_loss,27,Moment OU,78.0,,,False
baseline,bistable,stability_loss,27,Neural SDE (Euler),38.0,0.6825287342071533,0.0017478256064893255,True
baseline,bistable,stability_loss,27,Neural SDE (Euler),54.0,0.40317487716674805,0.006868508545714344,True
baseline,bistable,stability_loss,27,Neural SDE (Euler),70.0,-0.623945951461792,-0.007004585967525137,True
baseline,bistable,stability_loss,27,Neural SDE (Euler),78.0,3.3887442350387573,0.01485561291325925,True
baseline,bistable,stability_loss,27,SINDy-STLSQ,38.0,-0.8109559099487789,0.010435398349342498,True
baseline,bistable,stability_loss,27,SINDy-STLSQ,54.0,0.07372592477957873,0.003468648442165753,True
baseline,bistable,stability_loss,27,SINDy-STLSQ,70.0,-0.4862978269320486,0.00023755834499561423,True
baseline,bistable,stability_loss,27,SINDy-STLSQ,78.0,1.784265801284806,0.015234936957221931,True
baseline,bistable,stability_loss,28,Bayesian SINDy (spike-slab),38.0,-1.0720787243553516,0.0017295403827389672,True
baseline,bistable,stability_loss,28,Bayesian SINDy (spike-slab),54.0,-0.0005027913186372857,0.024990677895874086,True
baseline,bistable,stability_loss,28,Bayesian SINDy (spike-slab),70.0,1.7249053683196964,-0.0050961593257001225,True
baseline,bistable,stability_loss,28,Bayesian SINDy (spike-slab),78.0,1.1956434462099457,0.004002464163675501,True
baseline,bistable,stability_loss,28,Kalman OU,38.0,0.24235828029310924,-0.015255949723812685,True
baseline,bistable,stability_loss,28,Kalman OU,54.0,0.35961391563055733,-0.006743129754909621,True
baseline,bistable,stability_loss,28,Kalman OU,70.0,0.5186407513842353,-0.0027115252170313506,True
baseline,bistable,stability_loss,28,Kalman OU,78.0,0.5539238393780495,-0.0100379504207295,True
baseline,bistable,stability_loss,28,Latent Neural SDE (VI),38.0,-0.989870548248291,-0.0006787084063247656,True
baseline,bistable,stability_loss,28,Latent Neural SDE (VI),54.0,1.104931354522705,0.030225515285529372,True
baseline,bistable,stability_loss,28,Latent Neural SDE (VI),70.0,2.973293423652649,-0.00768825637337997,True
baseline,bistable,stability_loss,28,Latent Neural SDE (VI),78.0,2.5918755531311035,0.0073659796690663665,True
baseline,bistable,stability_loss,28,Moment OU,38.0,,,False
baseline,bistable,stability_loss,28,Moment OU,54.0,,,False
baseline,bistable,stability_loss,28,Moment OU,70.0,,,False
baseline,bistable,stability_loss,28,Moment OU,78.0,,,False
baseline,bistable,stability_loss,28,Neural SDE (Euler),38.0,-1.0059795379638672,-0.0031282590454285997,True
baseline,bistable,stability_loss,28,Neural SDE (Euler),54.0,1.0290188789367676,0.03201305340905293,True
baseline,bistable,stability_loss,28,Neural SDE (Euler),70.0,3.093934655189514,-0.005285609443098235,True
baseline,bistable,stability_loss,28,Neural SDE (Euler),78.0,2.425831913948059,0.008131604885994029,True
baseline,bistable,stability_loss,28,SINDy-STLSQ,38.0,-0.35587751843380655,0.0018940564808870158,True
baseline,bistable,stability_loss,28,SINDy-STLSQ,54.0,1.5914952593990868,0.025064569185182725,True
baseline,bistable,stability_loss,28,SINDy-STLSQ,70.0,3.562617199584876,-0.004491001036617481,True
baseline,bistable,stability_loss,28,SINDy-STLSQ,78.0,2.6817145939255544,0.005063478289372342,True
baseline,bistable,stability_loss,29,Bayesian SINDy (spike-slab),38.0,-0.2680841663644027,-0.002908169537562233,True
baseline,bistable,stability_loss,29,Bayesian SINDy (spike-slab),54.0,-0.451436452635924,-0.007089520171767227,True
baseline,bistable,stability_loss,29,Bayesian SINDy (spike-slab),70.0,-0.9193840290507742,-0.011211562293357902,True
baseline,bistable,stability_loss,29,Bayesian SINDy (spike-slab),78.0,-0.3436901078881198,-0.02209942506547974,True
baseline,bistable,stability_loss,29,Kalman OU,38.0,-0.3007511470919666,0.0005758049033759358,True
baseline,bistable,stability_loss,29,Kalman OU,54.0,0.3670858421730897,-0.017697223220381492,True
baseline,bistable,stability_loss,29,Kalman OU,70.0,-2.1068281800919637,0.029951855528779367,True
baseline,bistable,stability_loss,29,Kalman OU,78.0,0.05915882841200504,-0.017559572749927508,True
baseline,bistable,stability_loss,29,Latent Neural SDE (VI),38.0,-0.2723197937011719,0.003118958014724796,True
baseline,bistable,stability_loss,29,Latent Neural SDE (VI),54.0,-1.3837776184082031,0.0016690575702272975,True
baseline,bistable,stability_loss,29,Latent Neural SDE (VI),70.0,-0.8535492420196533,-0.0037173598354375975,True
baseline,bistable,stability_loss,29,Latent Neural SDE (VI),78.0,-0.0852975845336914,-0.023196586874914812,True
baseline,bistable,stability_loss,29,Moment OU,38.0,0.001527440448161499,-0.0045459386932781565,True
baseline,bistable,stability_loss,29,Moment OU,54.0,0.4656737178107164,-0.028354678707748954,True
baseline,bistable,stability_loss,29,Moment OU,70.0,0.35169858314191504,-0.022052456074461255,True
baseline,bistable,stability_loss,29,Moment OU,78.0,,,False
baseline,bistable,stability_loss,29,Neural SDE (Euler),38.0,-0.3187985420227051,0.0021105851548748333,True
baseline,bistable,stability_loss,29,Neural SDE (Euler),54.0,-1.459467887878418,0.00024876867399936664,True
baseline,bistable,stability_loss,29,Neural SDE (Euler),70.0,-0.8859765529632568,-0.004744939283057248,True
baseline,bistable,stability_loss,29,Neural SDE (Euler),78.0,-0.16245269775390625,-0.02506088805585724,True
baseline,bistable,stability_loss,29,SINDy-STLSQ,38.0,-1.0080678761756015,-0.004182245285872452,True
baseline,bistable,stability_loss,29,SINDy-STLSQ,54.0,-1.9183135504346356,-0.006024749305156313,True
baseline,bistable,stability_loss,29,SINDy-STLSQ,70.0,-2.104659728830121,-0.010048138489209685,True
baseline,bistable,stability_loss,29,SINDy-STLSQ,78.0,-1.240868444193703,-0.02212051751146528,True
baseline,bistable,stationary,0,Bayesian SINDy (spike-slab),38.0,0.4058089155297804,-0.00442633194666682,True
baseline,bistable,stationary,0,Bayesian SINDy (spike-slab),54.0,-0.8729876212773728,-0.005694582934438919,True
baseline,bistable,stationary,0,Bayesian SINDy (spike-slab),70.0,-0.6593825573851313,0.0007154767271494722,True
baseline,bistable,stationary,0,Bayesian SINDy (spike-slab),78.0,-0.6839206939603,-0.003066935952293265,True
baseline,bistable,stationary,0,Kalman OU,38.0,1.9990213299289283,-0.01322282957311332,True
baseline,bistable,stationary,0,Kalman OU,54.0,2.478894103666032,-0.033768547668581665,True
baseline,bistable,stationary,0,Kalman OU,70.0,1.0922441151493951,-0.007293259756908324,True
baseline,bistable,stationary,0,Kalman OU,78.0,0.0,0.008218639830034201,True
baseline,bistable,stationary,0,Latent Neural SDE (VI),38.0,1.1544809341430664,-0.00027795629575753933,True
baseline,bistable,stationary,0,Latent Neural SDE (VI),54.0,-1.4469623565673828,0.0023716562302805444,True
baseline,bistable,stationary,0,Latent Neural SDE (VI),70.0,-0.675055980682373,0.004164911536747945,True
baseline,bistable,stationary,0,Latent Neural SDE (VI),78.0,0.3570137023925781,-0.0021393392906910724,True
baseline,bistable,stationary,0,Moment OU,38.0,,,False
baseline,bistable,stationary,0,Moment OU,54.0,,,False
baseline,bistable,stationary,0,Moment OU,70.0,1.0787590987662952,-0.009072632563351384,True
baseline,bistable,stationary,0,Moment OU,78.0,,,False
baseline,bistable,stationary,0,Neural SDE (Euler),38.0,1.13059401512146,-0.0007323885334263036,True
baseline,bistable,stationary,0,Neural SDE (Euler),54.0,-1.556776762008667,0.0018795110565430345,True
baseline,bistable,stationary,0,Neural SDE (Euler),70.0,-0.5731561183929443,0.0028057910631399535,True
baseline,bistable,stationary,0,Neural SDE (Euler),78.0,0.43202781677246094,-0.0032871904334762225,True
baseline,bistable,stationary,0,SINDy-STLSQ,38.0,-0.67549291742187,-0.004324791537181433,True
baseline,bistable,stationary,0,SINDy-STLSQ,54.0,-2.4562970958435866,-0.004960291226588809,True
baseline,bistable,stationary,0,SINDy-STLSQ,70.0,-2.408365298133912,0.0010911622948320543,True
baseline,bistable,stationary,0,SINDy-STLSQ,78.0,-1.728994279652553,-0.001716063624621872,True
baseline,bistable,stationary,1,Bayesian SINDy (spike-slab),38.0,-0.21586511203312275,0.0007395893697591943,True
baseline,bistable,stationary,1,Bayesian SINDy (spike-slab),54.0,2.035723232770245,0.005994371559665798,True
baseline,bistable,stationary,1,Bayesian SINDy (spike-slab),70.0,0.33572454273879293,-0.003981106828725531,True
baseline,bistable,stationary,1,Bayesian SINDy (spike-slab),78.0,0.4436888240479746,-0.014128861096453602,True
baseline,bistable,stationary,1,Kalman OU,38.0,-0.25422442150569613,0.002669312888941861,True
baseline,bistable,stationary,1,Kalman OU,54.0,0.24703962878546742,0.017631371260772206,True
baseline,bistable,stationary,1,Kalman OU,70.0,0.49010393891323734,-0.0072520287515936595,True
baseline,bistable,stationary,1,Kalman OU,78.0,-2.26392624896156,0.040134666386179185,True
baseline,bistable,stationary,1,Latent Neural SDE (VI),38.0,0.3240523338317871,0.002400957726924946,True
baseline,bistable,stationary,1,Latent Neural SDE (VI),54.0,3.5231597423553467,0.00861947045791335,True
baseline,bistable,stationary,1,Latent Neural SDE (VI),70.0,0.2737083435058594,-0.00555489326046435,True
baseline,bistable,stationary,1,Latent Neural SDE (VI),78.0,1.921912670135498,-0.014628270352839978,True
baseline,bistable,stationary,1,Moment OU,38.0,-0.6033807313929977,0.006990132427741665,True
baseline,bistable,stationary,1,Moment OU,54.0,1.6095300521974614,-0.018086469396702817,True
baseline,bistable,stationary,1,Moment OU,70.0,1.0090081406652809,-0.015796428804449147,True
baseline,bistable,stationary,1,Moment OU,78.0,,,False
baseline,bistable,stationary,1,Neural SDE (Euler),38.0,0.3952484130859375,0.0010951842129466455,True
baseline,bistable,stationary,1,Neural SDE (Euler),54.0,3.481458902359009,0.010681042669359542,True
baseline,bistable,stationary,1,Neural SDE (Euler),70.0,0.22587060928344727,-0.005637429186438919,True
baseline,bistable,stationary,1,Neural SDE (Euler),78.0,1.9869027137756348,-0.015606202933869023,True
baseline,bistable,stationary,1,SINDy-STLSQ,38.0,0.009338051829054006,0.0031552550729642553,True
baseline,bistable,stationary,1,SINDy-STLSQ,54.0,2.11050361527976,0.006097130455047353,True
baseline,bistable,stationary,1,SINDy-STLSQ,70.0,-0.11048244286825648,-0.002478745638609961,True
baseline,bistable,stationary,1,SINDy-STLSQ,78.0,1.6463730356588617,-0.013234343552330885,True
baseline,bistable,stationary,2,Bayesian SINDy (spike-slab),38.0,0.39983038440154495,0.000158841505929333,True
baseline,bistable,stationary,2,Bayesian SINDy (spike-slab),54.0,-0.236855775460608,-0.008300857229570302,True
baseline,bistable,stationary,2,Bayesian SINDy (spike-slab),70.0,-0.4702067772167142,-0.0015374093262869176,True
baseline,bistable,stationary,2,Bayesian SINDy (spike-slab),78.0,-0.9864655371123501,-0.012495173459997885,True
baseline,bistable,stationary,2,Kalman OU,38.0,1.715158201027894,-0.027843259351833304,True
baseline,bistable,stationary,2,Kalman OU,54.0,-0.7538273877660053,-0.001673528738457497,True
baseline,bistable,stationary,2,Kalman OU,70.0,-0.7538273877660053,-0.010664154649654568,True
baseline,bistable,stationary,2,Kalman OU,78.0,-0.46271625812276573,-0.030088406318270474,True
baseline,bistable,stationary,2,Latent Neural SDE (VI),38.0,0.3636031150817871,0.0002330564454055828,True
baseline,bistable,stationary,2,Latent Neural SDE (VI),54.0,-0.6383419036865234,-0.0004171752039511256,True
baseline,bistable,stationary,2,Latent Neural SDE (VI),70.0,0.20072078704833984,-0.009356914707887756,True
baseline,bistable,stationary,2,Latent Neural SDE (VI),78.0,-0.0343937873840332,-0.011760259930907083,True
baseline,bistable,stationary,2,Moment OU,38.0,1.1066497732160356,-0.011666687761820636,True
baseline,bistable,stationary,2,Moment OU,54.0,1.168209835786222,-0.02757971367870677,True
baseline,bistable,stationary,2,Moment OU,70.0,-2.009601594920216,0.010790798378008865,True
baseline,bistable,stationary,2,Moment OU,78.0,-4.385987678089446,-0.01362343385064562,True
baseline,bistable,stationary,2,Neural SDE (Euler),38.0,0.5423793792724609,0.0019449425730640874,True
baseline,bistable,stationary,2,Neural SDE (Euler),54.0,-0.5021576881408691,0.0023768469201619485,True
baseline,bistable,stationary,2,Neural SDE (Euler),70.0,0.5013628005981445,-0.008124350792016705,True
baseline,bistable,stationary,2,Neural SDE (Euler),78.0,0.0814661979675293,-0.010899246209820718,True
baseline,bistable,stationary,2,SINDy-STLSQ,38.0,1.894136981899155,0.0034616395807109818,True
baseline,bistable,stationary,2,SINDy-STLSQ,54.0,0.22459727259807494,-0.0064879037118462934,True
baseline,bistable,stationary,2,SINDy-STLSQ,70.0,1.8022409269488353,0.0014924102359452351,True
baseline,bistable,stationary,2,SINDy-STLSQ,78.0,0.46805131004764533,-0.009828709897763258,True
baseline,bistable,stationary,3,Bayesian SINDy (spike-slab),38.0,0.1152166877974743,0.004115369994700274,True
baseline,bistable,stationary,3,Bayesian SINDy (spike-slab),54.0,0.6264372551799955,0.010023012002181086,True
baseline,bistable,stationary,3,Bayesian SINDy (spike-slab),70.0,-0.05910086232343126,-0.0030340879555607464,True
baseline,bistable,stationary,3,Bayesian SINDy (spike-slab),78.0,0.1285725957401893,-0.00015813455028418355,True
baseline,bistable,stationary,3,Kalman OU,38.0,-1.7675449634143108,0.035837934562274035,True
baseline,bistable,stationary,3,Kalman OU,54.0,0.8709204935291053,-0.007662974869328529,True
baseline,bistable,stationary,3,Kalman OU,70.0,0.6724080663358845,-0.014669951146935749,True
baseline,bistable,stationary,3,Kalman OU,78.0,-1.7675449634143108,0.033078141527368515,True
baseline,bistable,stationary,3,Latent Neural SDE (VI),38.0,-0.12828969955444336,0.003097028839379151,True
baseline,bistable,stationary,3,Latent Neural SDE (VI),54.0,1.455195665359497,0.00823783105810999,True
baseline,bistable,stationary,3,Latent Neural SDE (VI),70.0,0.7207198143005371,-0.004130772836239194,True
baseline,bistable,stationary,3,Latent Neural SDE (VI),78.0,0.9815192222595215,-0.0006468728893096742,True
baseline,bistable,stationary,3,Moment OU,38.0,,,False
baseline,bistable,stationary,3,Moment OU,54.0,,,False
baseline,bistable,stationary,3,Moment OU,70.0,,,False
baseline,bistable,stationary,3,Moment OU,78.0,,,False
baseline,bistable,stationary,3,Neural SDE (Euler),38.0,-0.31489133834838867,0.002879777263266381,True
baseline,bistable,stationary,3,Neural SDE (Euler),54.0,1.3844993114471436,0.009296507370554444,True
baseline,bistable,stationary,3,Neural SDE (Euler),70.0,0.6038370132446289,-0.0035660020535093484,True
baseline,bistable,stationary,3,Neural SDE (Euler),78.0,0.9884662628173828,-0.0005680972635437181,True
baseline,bistable,stationary,3,SINDy-STLSQ,38.0,-0.07309479540926311,0.0038653168729997217,True
baseline,bistable,stationary,3,SINDy-STLSQ,54.0,0.962350574530888,0.009057632719758707,True
baseline,bistable,stationary,3,SINDy-STLSQ,70.0,0.5014479297252614,-0.001954028359192339,True
baseline,bistable,stationary,3,SINDy-STLSQ,78.0,-0.10034098899654698,-0.0009511218658588144,True
baseline,bistable,stationary,4,Bayesian SINDy (spike-slab),38.0,-1.7511061099437746,0.002218631510878949,True
baseline,bistable,stationary,4,Bayesian SINDy (spike-slab),54.0,1.0348740416385889,0.005611082906028533,True
baseline,bistable,stationary,4,Bayesian SINDy (spike-slab),70.0,0.2506125531110741,-0.0013964960193860176,True
baseline,bistable,stationary,4,Bayesian SINDy (spike-slab),78.0,0.8063889544525842,-0.00018321027918470623,True
baseline,bistable,stationary,4,Kalman OU,38.0,-1.3978544772282102,-0.02691601815822565,True
baseline,bistable,stationary,4,Kalman OU,54.0,0.04876467106050408,0.01769531977466013,True
baseline,bistable,stationary,4,Kalman OU,70.0,-1.3978544772282102,0.020665091297875755,True
baseline,bistable,stationary,4,Kalman OU,78.0,0.5705823537290065,-1.0839396550506308e-05,True
baseline,bistable,stationary,4,Latent Neural SDE (VI),38.0,-0.5986461639404297,0.005403205005508213,True
baseline,bistable,stationary,4,Latent Neural SDE (VI),54.0,0.3932642936706543,-0.0021317354424259527,True
baseline,bistable,stationary,4,Latent Neural SDE (VI),70.0,-0.31267452239990234,-0.005309028704306121,True
baseline,bistable,stationary,4,Latent Neural SDE (VI),78.0,1.3627591133117676,-0.008278117875209351,True
baseline,bistable,stationary,4,Moment OU,38.0,,,False
baseline,bistable,stationary,4,Moment OU,54.0,1.1821529373999042,-0.009036205077467427,True
baseline,bistable,stationary,4,Moment OU,70.0,1.5149835966420124,-0.02918358129921754,True
baseline,bistable,stationary,4,Moment OU,78.0,1.4312817068303936,-0.022065143149126727,True
baseline,bistable,stationary,4,Neural SDE (Euler),38.0,-0.9032258987426758,0.0017678217518861672,True
baseline,bistable,stationary,4,Neural SDE (Euler),54.0,0.35622167587280273,-0.0015468624265939784,True
baseline,bistable,stationary,4,Neural SDE (Euler),70.0,-0.3061943054199219,-0.005047234105431314,True
baseline,bistable,stationary,4,Neural SDE (Euler),78.0,1.3466837406158447,-0.007104098568337852,True
baseline,bistable,stationary,4,SINDy-STLSQ,38.0,-1.4638845943416143,0.002928082039895155,True
baseline,bistable,stationary,4,SINDy-STLSQ,54.0,1.0951208799274958,0.0065310785978956315,True
baseline,bistable,stationary,4,SINDy-STLSQ,70.0,0.5182362966990595,-0.0004898166691203326,True
baseline,bistable,stationary,4,SINDy-STLSQ,78.0,2.032433162767365,4.03698694670801e-05,True
baseline,bistable,stationary,5,Bayesian SINDy (spike-slab),38.0,0.882605842747239,0.004530809243377648,True
baseline,bistable,stationary,5,Bayesian SINDy (spike-slab),54.0,1.5715493771284827,0.012313506876243524,True
baseline,bistable,stationary,5,Bayesian SINDy (spike-slab),70.0,1.2263157833189204,-0.004074687368635546,True
baseline,bistable,stationary,5,Bayesian SINDy (spike-slab),78.0,1.4139708793239545,0.009203093895312611,True
baseline,bistable,stationary,5,Kalman OU,38.0,-0.6470273476203894,0.01935026861237346,True
baseline,bistable,stationary,5,Kalman OU,54.0,0.4498715488267669,0.009522835458784963,True
baseline,bistable,stationary,5,Kalman OU,70.0,-2.0847895920780806,0.039698810077958585,True
baseline,bistable,stationary,5,Kalman OU,78.0,-2.0847895920780806,0.0423022833921529,True
baseline,bistable,stationary,5,Latent Neural SDE (VI),38.0,-1.529381275177002,-9.559671556266802e-05,True
baseline,bistable,stationary,5,Latent Neural SDE (VI),54.0,0.3519153594970703,0.007499100739697548,True
baseline,bistable,stationary,5,Latent Neural SDE (VI),70.0,-0.17329835891723633,-0.00842591082933937,True
baseline,bistable,stationary,5,Latent Neural SDE (VI),78.0,0.4797830581665039,0.006259518434509781,True
baseline,bistable,stationary,5,Moment OU,38.0,,,False
baseline,bistable,stationary,5,Moment OU,54.0,,,False
baseline,bistable,stationary,5,Moment OU,70.0,,,False
baseline,bistable,stationary,5,Moment OU,78.0,,,False
baseline,bistable,stationary,5,Neural SDE (Euler),38.0,-1.6418747901916504,-0.001481682240718138,True
baseline,bistable,stationary,5,Neural SDE (Euler),54.0,0.5087704658508301,0.007910295108389809,True
baseline,bistable,stationary,5,Neural SDE (Euler),70.0,0.0152435302734375,-0.01064860283337414,True
baseline,bistable,stationary,5,Neural SDE (Euler),78.0,0.6669950485229492,0.004626674580503823,True
baseline,bistable,stationary,5,SINDy-STLSQ,38.0,-0.7850145829475972,0.00441356980472303,True
baseline,bistable,stationary,5,SINDy-STLSQ,54.0,1.4130424884758916,0.012154677071041897,True
baseline,bistable,stationary,5,SINDy-STLSQ,70.0,-0.029629738228877933,-0.003884956743018614,True
baseline,bistable,stationary,5,SINDy-STLSQ,78.0,0.939326624494282,0.006139501098173572,True
baseline,bistable,stationary,6,Bayesian SINDy (spike-slab),38.0,-0.37506536139063673,-0.0006685092523092823,True
baseline,bistable,stationary,6,Bayesian SINDy (spike-slab),54.0,1.3741427887017652,0.02194231381673284,True
baseline,bistable,stationary,6,Bayesian SINDy (spike-slab),70.0,0.682914223976895,-0.00010845929944312827,True
baseline,bistable,stationary,6,Bayesian SINDy (spike-slab),78.0,0.9956332932424283,-0.00018890180055786132,True
baseline,bistable,stationary,6,Kalman OU,38.0,-2.3683227456431397,0.010778669978444573,True
baseline,bistable,stationary,6,Kalman OU,54.0,0.11665802440304418,0.01836316762351635,True
baseline,bistable,stationary,6,Kalman OU,70.0,-0.2755075132247541,0.01173614576876406,True
baseline,bistable,stationary,6,Kalman OU,78.0,-0.8681497185723169,0.013488952269677956,True
baseline,bistable,stationary,6,Latent Neural SDE (VI),38.0,-1.6978564262390137,0.0014089040638871897,True
baseline,bistable,stationary,6,Latent Neural SDE (VI),54.0,0.04701089859008789,0.02218198157711619,True
baseline,bistable,stationary,6,Latent Neural SDE (VI),70.0,-0.2000265121459961,-0.007964010525218557,True
baseline,bistable,stationary,6,Latent Neural SDE (VI),78.0,-0.5537867546081543,-0.00231325309887849,True
baseline,bistable,stationary,6,Moment OU,38.0,,,False
baseline,bistable,stationary,6,Moment OU,54.0,,,False
baseline,bistable,stationary,6,Moment OU,70.0,,,False
baseline,bistable,stationary,6,Moment OU,78.0,,,False
baseline,bistable,stationary,6,Neural SDE (Euler),38.0,-1.9230570793151855,0.0018554575615053193,True
baseline,bistable,stationary,6,Neural SDE (Euler),54.0,-0.032265663146972656,0.02339147736689602,True
baseline,bistable,stationary,6,Neural SDE (Euler),70.0,-0.10311698913574219,-0.007419483790023967,True
baseline,bistable,stationary,6,Neural SDE (Euler),78.0,-0.5266408920288086,-0.001957962311962505,True
baseline,bistable,stationary,6,SINDy-STLSQ,38.0,-2.437395326356256,-0.0008802196975058046,True
baseline,bistable,stationary,6,SINDy-STLSQ,54.0,0.7395210568215833,0.02294256319772446,True
baseline,bistable,stationary,6,SINDy-STLSQ,70.0,1.1014697234014599,0.001014093101779634,True
baseline,bistable,stationary,6,SINDy-STLSQ,78.0,1.7760928695899247,-6.654326863281268e-05,True
baseline,bistable,stationary,7,Bayesian SINDy (spike-slab),38.0,0.8565778599615568,-0.007687434647715055,True
baseline,bistable,stationary,7,Bayesian SINDy (spike-slab),54.0,0.12839210408064172,0.0028024346679730444,True
baseline,bistable,stationary,7,Bayesian SINDy (spike-slab),70.0,0.22289296192651742,0.005483704216825827,True
baseline,bistable,stationary,7,Bayesian SINDy (spike-slab),78.0,0.5761313009298883,0.0050980698858995865,True
baseline,bistable,stationary,7,Kalman OU,38.0,-1.2697101017140617,0.017637247418885362,True
baseline,bistable,stationary,7,Kalman OU,54.0,-0.037916174716420614,0.001305248532977702,True
baseline,bistable,stationary,7,Kalman OU,70.0,0.01424125193601844,0.0014678392738950025,True
baseline,bistable,stationary,7,Kalman OU,78.0,-0.06886062440980967,0.0064539023054454685,True
baseline,bistable,stationary,7,Latent Neural SDE (VI),38.0,-0.12381625175476074,-0.01109728496668591,True
baseline,bistable,stationary,7,Latent Neural SDE (VI),54.0,-1.506065845489502,0.0021272676538620916,True
baseline,bistable,stationary,7,Latent Neural SDE (VI),70.0,-0.5866293907165527,0.002760806557467063,True
baseline,bistable,stationary,7,Latent Neural SDE (VI),78.0,-0.6607546806335449,0.005527954344871813,True
baseline,bistable,stationary,7,Moment OU,38.0,,,False
baseline,bistable,stationary,7,Moment OU,54.0,0.30268034234216135,0.003215408746439982,True
baseline,bistable,stationary,7,Moment OU,70.0,0.46471364220051914,0.002632810912675705,True
baseline,bistable,stationary,7,Moment OU,78.0,1.5622333563188129,-0.005370601782229173,True
baseline,bistable,stationary,7,Neural SDE (Euler),38.0,-0.03817152976989746,-0.014328845525269668,True
baseline,bistable,stationary,7,Neural SDE (Euler),54.0,-1.435469388961792,9.289712243755466e-05,True
baseline,bistable,stationary,7,Neural SDE (Euler),70.0,-0.45879387855529785,0.0013402793016051018,True
baseline,bistable,stationary,7,Neural SDE (Euler),78.0,-0.533703088760376,0.003387763416488443,True
baseline,bistable,stationary,7,SINDy-STLSQ,38.0,2.3119380489417867,-0.007796385669527339,True
baseline,bistable,stationary,7,SINDy-STLSQ,54.0,-0.03271037931881793,0.0015580002273020699,True
baseline,bistable,stationary,7,SINDy-STLSQ,70.0,0.7761545083710644,0.005629489062073778,True
baseline,bistable,stationary,7,SINDy-STLSQ,78.0,1.0830935454865487,0.005540831754785355,True
baseline,bistable,stationary,8,Bayesian SINDy (spike-slab),38.0,-0.5830296675449169,0.007490778957379526,True
baseline,bistable,stationary,8,Bayesian SINDy (spike-slab),54.0,0.37712276742074025,0.004508257742840374,True
baseline,bistable,stationary,8,Bayesian SINDy (spike-slab),70.0,0.7683646579501224,-0.0005675217440745811,True
baseline,bistable,stationary,8,Bayesian SINDy (spike-slab),78.0,-0.17412688154120648,-0.0010053359865174194,True
baseline,bistable,stationary,8,Kalman OU,38.0,-1.1329759998948208,0.019145373573144553,True
baseline,bistable,stationary,8,Kalman OU,54.0,-0.979422039593893,0.02147833028796579,True
baseline,bistable,stationary,8,Kalman OU,70.0,-0.7755427070443174,0.024266264331603258,True
baseline,bistable,stationary,8,Kalman OU,78.0,-0.2794577937306534,0.0029032343108996266,True
baseline,bistable,stationary,8,Latent Neural SDE (VI),38.0,-0.9050726890563965,0.007078490856320424,True
baseline,bistable,stationary,8,Latent Neural SDE (VI),54.0,-1.3845386505126953,0.00041734705819337914,True
baseline,bistable,stationary,8,Latent Neural SDE (VI),70.0,-0.15386199951171875,-0.0009214569501088399,True
baseline,bistable,stationary,8,Latent Neural SDE (VI),78.0,-0.9165992736816406,-0.0010114545960235588,True
baseline,bistable,stationary,8,Moment OU,38.0,-4.232460096597411,0.048141473938761836,True
baseline,bistable,stationary,8,Moment OU,54.0,0.24768838379637126,0.004463122379259339,True
baseline,bistable,stationary,8,Moment OU,70.0,,,False
baseline,bistable,stationary,8,Moment OU,78.0,-0.06894528507947117,-0.0016602540966913354,True
baseline,bistable,stationary,8,Neural SDE (Euler),38.0,-0.9656624794006348,0.007119089574333923,True
baseline,bistable,stationary,8,Neural SDE (Euler),54.0,-1.4464330673217773,2.705945934045051e-06,True
baseline,bistable,stationary,8,Neural SDE (Euler),70.0,-0.277463436126709,-0.0007954576884651038,True
baseline,bistable,stationary,8,Neural SDE (Euler),78.0,-0.9445023536682129,-0.0003263958769092329,True
baseline,bistable,stationary,8,SINDy-STLSQ,38.0,-1.5979603247731906,0.006505678747472765,True
baseline,bistable,stationary,8,SINDy-STLSQ,54.0,-0.8255851153999845,0.006115902690149874,True
baseline,bistable,stationary,8,SINDy-STLSQ,70.0,-0.6952217877694316,-0.0014801735402147076,True
baseline,bistable,stationary,8,SINDy-STLSQ,78.0,-1.1128000706412533,-0.00013523810746010612,True
baseline,bistable,stationary,9,Bayesian SINDy (spike-slab),38.0,-0.27101617637217545,-0.003299761214224234,True
baseline,bistable,stationary,9,Bayesian SINDy (spike-slab),54.0,-0.2911838971504199,-0.012331388373576127,True
baseline,bistable,stationary,9,Bayesian SINDy (spike-slab),70.0,-0.3714328424610551,0.015178571589091985,True
baseline,bistable,stationary,9,Bayesian SINDy (spike-slab),78.0,-0.06669582469099389,0.013652397885946146,True
baseline,bistable,stationary,9,Kalman OU,38.0,0.0,-0.016392066139769228,True
baseline,bistable,stationary,9,Kalman OU,54.0,0.0,-0.016743866753449133,True
baseline,bistable,stationary,9,Kalman OU,70.0,1.308449541892116,-0.015535034961049056,True
baseline,bistable,stationary,9,Kalman OU,78.0,1.505369755918026,-0.015116833012033037,True
baseline,bistable,stationary,9,Latent Neural SDE (VI),38.0,-0.7557275295257568,-0.0010854868185348615,True
baseline,bistable,stationary,9,Latent Neural SDE (VI),54.0,-2.0570123195648193,-0.011617250136206833,True
baseline,bistable,stationary,9,Latent Neural SDE (VI),70.0,-3.055645704269409,0.011834624922130527,True
baseline,bistable,stationary,9,Latent Neural SDE (VI),78.0,-1.267829179763794,0.013482438995281343,True
baseline,bistable,stationary,9,Moment OU,38.0,,,False
baseline,bistable,stationary,9,Moment OU,54.0,,,False
baseline,bistable,stationary,9,Moment OU,70.0,-3.8280022454801403,0.06528326063345623,True
baseline,bistable,stationary,9,Moment OU,78.0,-2.508540053189509,0.05174177907195279,True
baseline,bistable,stationary,9,Neural SDE (Euler),38.0,-0.6884920597076416,-0.0011333914334115125,True
baseline,bistable,stationary,9,Neural SDE (Euler),54.0,-2.1119067668914795,-0.011528679875656617,True
baseline,bistable,stationary,9,Neural SDE (Euler),70.0,-3.111863374710083,0.012837493512775244,True
baseline,bistable,stationary,9,Neural SDE (Euler),78.0,-1.1244375705718994,0.014349818039073564,True
baseline,bistable,stationary,9,SINDy-STLSQ,38.0,0.46211631586106705,-0.005393176294029203,True
baseline,bistable,stationary,9,SINDy-STLSQ,54.0,-0.818727220635338,-0.013188871949558284,True
baseline,bistable,stationary,9,SINDy-STLSQ,70.0,-1.9703367979117243,0.012992726486506317,True
baseline,bistable,stationary,9,SINDy-STLSQ,78.0,-0.5266757555998924,0.01194678737986761,True
baseline,bistable,stationary,10,Bayesian SINDy (spike-slab),38.0,-0.6464372953758963,-0.004255815125474252,True
baseline,bistable,stationary,10,Bayesian SINDy (spike-slab),54.0,0.6577707404765518,-0.02023951810975856,True
baseline,bistable,stationary,10,Bayesian SINDy (spike-slab),70.0,0.4058872215682747,-0.0025944468735098897,True
baseline,bistable,stationary,10,Bayesian SINDy (spike-slab),78.0,0.07487330580905649,-0.0013499340530442466,True
baseline,bistable,stationary,10,Kalman OU,38.0,2.020348584496912,-0.04348046590702484,True
baseline,bistable,stationary,10,Kalman OU,54.0,0.37333897786544545,-0.002800260286323873,True
baseline,bistable,stationary,10,Kalman OU,70.0,1.1860403662966688,-0.012974228133673063,True
baseline,bistable,stationary,10,Kalman OU,78.0,1.2694797072060622,-0.018163376818773176,True
baseline,bistable,stationary,10,Latent Neural SDE (VI),38.0,-0.3579859733581543,-0.012186996645627196,True
baseline,bistable,stationary,10,Latent Neural SDE (VI),54.0,-0.4345078468322754,-0.019681996693043477,True
baseline,bistable,stationary,10,Latent Neural SDE (VI),70.0,0.6210219860076904,-0.0009751996339797397,True
baseline,bistable,stationary,10,Latent Neural SDE (VI),78.0,1.453319787979126,-0.0004459150953988744,True
baseline,bistable,stationary,10,Moment OU,38.0,-2.8489000080680036,0.012660996786996684,True
baseline,bistable,stationary,10,Moment OU,54.0,,,False
baseline,bistable,stationary,10,Moment OU,70.0,1.5840644193527142,-0.021201400630657098,True
baseline,bistable,stationary,10,Moment OU,78.0,0.5723705221635105,-0.008909853724044889,True
baseline,bistable,stationary,10,Neural SDE (Euler),38.0,-0.5088744163513184,-0.012049691746577426,True
baseline,bistable,stationary,10,Neural SDE (Euler),54.0,-0.7064142227172852,-0.019905734449122817,True
baseline,bistable,stationary,10,Neural SDE (Euler),70.0,0.5376458168029785,-0.0015879911655178047,True
baseline,bistable,stationary,10,Neural SDE (Euler),78.0,1.2466769218444824,-0.0007620440636300907,True
baseline,bistable,stationary,10,SINDy-STLSQ,38.0,-1.474940815804163,-0.004740107553134823,True
baseline,bistable,stationary,10,SINDy-STLSQ,54.0,0.24808150915818494,-0.02010204828980923,True
baseline,bistable,stationary,10,SINDy-STLSQ,70.0,0.018996483724868174,-0.0024983075480511513,True
baseline,bistable,stationary,10,SINDy-STLSQ,78.0,0.13145861015130933,-0.0018142211059511276,True
baseline,bistable,stationary,11,Bayesian SINDy (spike-slab),38.0,0.04267385926888778,-0.01135497044768638,True
baseline,bistable,stationary,11,Bayesian SINDy (spike-slab),54.0,-0.1456807013269077,-0.0008234681106164266,True
baseline,bistable,stationary,11,Bayesian SINDy (spike-slab),70.0,0.07378232783711836,0.002626549166820591,True
baseline,bistable,stationary,11,Bayesian SINDy (spike-slab),78.0,1.0352828731781867,0.008289377130474687,True
baseline,bistable,stationary,11,Kalman OU,38.0,-1.7375821803226144,0.01874449056753212,True
baseline,bistable,stationary,11,Kalman OU,54.0,0.5613394817300651,-0.00991333268822121,True
baseline,bistable,stationary,11,Kalman OU,70.0,0.8695204760900035,-0.016451810608239918,True
baseline,bistable,stationary,11,Kalman OU,78.0,1.1435707655957554,-0.014864712112864834,True
baseline,bistable,stationary,11,Latent Neural SDE (VI),38.0,1.021131992340088,-0.0074078109646479595,True
baseline,bistable,stationary,11,Latent Neural SDE (VI),54.0,0.5259156227111816,0.003666178611135884,True
baseline,bistable,stationary,11,Latent Neural SDE (VI),70.0,0.9795236587524414,0.0017901391149766493,True
baseline,bistable,stationary,11,Latent Neural SDE (VI),78.0,-0.7088751792907715,0.0009839536214861777,True
baseline,bistable,stationary,11,Moment OU,38.0,,,False
baseline,bistable,stationary,11,Moment OU,54.0,0.19399111059468666,-0.005619174105179224,True
baseline,bistable,stationary,11,Moment OU,70.0,-0.29288736197671406,0.005982945797542036,True
baseline,bistable,stationary,11,Moment OU,78.0,0.42895067321768376,0.006191551182452383,True
baseline,bistable,stationary,11,Neural SDE (Euler),38.0,1.036315679550171,-0.007178144841346948,True
baseline,bistable,stationary,11,Neural SDE (Euler),54.0,0.6040692329406738,0.0030007470280575127,True
baseline,bistable,stationary,11,Neural SDE (Euler),70.0,1.4876458644866943,0.0009064718493421997,True
baseline,bistable,stationary,11,Neural SDE (Euler),78.0,-0.9018101692199707,-0.00596492984562845,True
baseline,bistable,stationary,11,SINDy-STLSQ,38.0,0.16587478003170464,-0.011756785780847698,True
baseline,bistable,stationary,11,SINDy-STLSQ,54.0,0.01138008345565833,-0.0009439474344948573,True
baseline,bistable,stationary,11,SINDy-STLSQ,70.0,1.0707827903017453,0.0018941833552935106,True
baseline,bistable,stationary,11,SINDy-STLSQ,78.0,0.4713638515439067,0.007532254179676609,True
baseline,bistable,stationary,12,Bayesian SINDy (spike-slab),38.0,0.08168089928153188,-0.004476105680929862,True
baseline,bistable,stationary,12,Bayesian SINDy (spike-slab),54.0,0.09232193924817178,-0.007181190371410254,True
baseline,bistable,stationary,12,Bayesian SINDy (spike-slab),70.0,0.482352551752653,0.0017963256877738254,True
baseline,bistable,stationary,12,Bayesian SINDy (spike-slab),78.0,0.8557097985933129,-0.002083176401984757,True
baseline,bistable,stationary,12,Kalman OU,38.0,-0.8661117242846124,0.01468569137530861,True
baseline,bistable,stationary,12,Kalman OU,54.0,-0.3275985617871369,0.0071636507968228565,True
baseline,bistable,stationary,12,Kalman OU,70.0,-1.0871299709866122,0.026408872432963845,True
baseline,bistable,stationary,12,Kalman OU,78.0,-0.4850936751447727,0.017773822667790422,True
baseline,bistable,stationary,12,Latent Neural SDE (VI),38.0,1.9629387855529785,0.0029801344058368734,True
baseline,bistable,stationary,12,Latent Neural SDE (VI),54.0,0.45581674575805664,-0.005132737967098719,True
baseline,bistable,stationary,12,Latent Neural SDE (VI),70.0,1.4584951400756836,0.005324902857378702,True
baseline,bistable,stationary,12,Latent Neural SDE (VI),78.0,1.8122577667236328,0.005187436321892405,True
baseline,bistable,stationary,12,Moment OU,38.0,1.4520678791550141,-0.02194859523204913,True
baseline,bistable,stationary,12,Moment OU,54.0,2.2410374717847352,-0.03394079240602285,True
baseline,bistable,stationary,12,Moment OU,70.0,1.1303090132541982,-0.005973099501124825,True
baseline,bistable,stationary,12,Moment OU,78.0,2.831994047949046,-0.03782163143458972,True
baseline,bistable,stationary,12,Neural SDE (Euler),38.0,2.3687071800231934,0.0036994757473092915,True
baseline,bistable,stationary,12,Neural SDE (Euler),54.0,0.6686348915100098,-0.005289412016498421,True
baseline,bistable,stationary,12,Neural SDE (Euler),70.0,1.6987981796264648,0.004964938727924723,True
baseline,bistable,stationary,12,Neural SDE (Euler),78.0,2.131351947784424,0.004167301060246903,True
baseline,bistable,stationary,12,SINDy-STLSQ,38.0,-1.1006033431888445,-0.004792665216702838,True
baseline,bistable,stationary,12,SINDy-STLSQ,54.0,-0.6285842189800861,-0.0075431192420280235,True
baseline,bistable,stationary,12,SINDy-STLSQ,70.0,-0.4914300210410647,0.0016313976853342405,True
baseline,bistable,stationary,12,SINDy-STLSQ,78.0,-0.8510213143720509,-0.003476914877794224,True
baseline,bistable,stationary,13,Bayesian SINDy (spike-slab),38.0,-0.15295013094613497,0.009721028262059214,True
baseline,bistable,stationary,13,Bayesian SINDy (spike-slab),54.0,-0.29208725527055046,-0.01428311044495413,True
baseline,bistable,stationary,13,Bayesian SINDy (spike-slab),70.0,-0.2759546235138983,0.003821378032556555,True
baseline,bistable,stationary,13,Bayesian SINDy (spike-slab),78.0,1.8113222728406333,0.005013666454190838,True
baseline,bistable,stationary,13,Kalman OU,38.0,0.6579480248051988,-0.009898417233742986,True
baseline,bistable,stationary,13,Kalman OU,54.0,0.0651490571190605,-0.01004212801712465,True
baseline,bistable,stationary,13,Kalman OU,70.0,0.13187514385266053,6.0896673903413495e-05,True
baseline,bistable,stationary,13,Kalman OU,78.0,0.20578503873884135,0.015369343704647306,True
baseline,bistable,stationary,13,Latent Neural SDE (VI),38.0,-0.9234156608581543,0.0026029232977112515,True
baseline,bistable,stationary,13,Latent Neural SDE (VI),54.0,0.2210845947265625,-0.016741345717087658,True
baseline,bistable,stationary,13,Latent Neural SDE (VI),70.0,0.01630544662475586,0.0023852738354996766,True
baseline,bistable,stationary,13,Latent Neural SDE (VI),78.0,2.580222725868225,0.0029154037692065843,True
baseline,bistable,stationary,13,Moment OU,38.0,-1.9784853724802223,0.042067732567366393,True
baseline,bistable,stationary,13,Moment OU,54.0,,,False
baseline,bistable,stationary,13,Moment OU,70.0,-1.6895748294547537,0.0267479586586337,True
baseline,bistable,stationary,13,Moment OU,78.0,0.3604189649636593,0.0029079411612148477,True
baseline,bistable,stationary,13,Neural SDE (Euler),38.0,-1.0292854309082031,0.002363271534382136,True
baseline,bistable,stationary,13,Neural SDE (Euler),54.0,0.3068547248840332,-0.015633738193721117,True
baseline,bistable,stationary,13,Neural SDE (Euler),70.0,-0.040596961975097656,0.0021476433891167712,True
baseline,bistable,stationary,13,Neural SDE (Euler),78.0,2.474113941192627,0.0029829291313065165,True
baseline,bistable,stationary,13,SINDy-STLSQ,38.0,-0.39701957193065907,0.009813336168231948,True
baseline,bistable,stationary,13,SINDy-STLSQ,54.0,-0.3296851252461801,-0.014950691142580713,True
baseline,bistable,stationary,13,SINDy-STLSQ,70.0,-0.9033163787181282,0.002390205530468592,True
baseline,bistable,stationary,13,SINDy-STLSQ,78.0,1.834410750997984,0.004254795868607095,True
baseline,bistable,stationary,14,Bayesian SINDy (spike-slab),38.0,-0.07812025237644082,-0.015357629718308424,True
baseline,bistable,stationary,14,Bayesian SINDy (spike-slab),54.0,-1.076378608852734,-0.013550244776302622,True
baseline,bistable,stationary,14,Bayesian SINDy (spike-slab),70.0,-0.582045105617087,-0.006729704744064424,True
baseline,bistable,stationary,14,Bayesian SINDy (spike-slab),78.0,-0.14527624579122023,-0.004406410972038657,True
baseline,bistable,stationary,14,Kalman OU,38.0,0.9141075324903613,-0.02700239326507022,True
baseline,bistable,stationary,14,Kalman OU,54.0,-1.0138715251946335,-0.009651117619324353,True
baseline,bistable,stationary,14,Kalman OU,70.0,-1.8197792223215488,-0.0013518568739864303,True
baseline,bistable,stationary,14,Kalman OU,78.0,-0.16580999315578793,-0.004620013982967484,True
baseline,bistable,stationary,14,Latent Neural SDE (VI),38.0,0.24405145645141602,-0.016540850594712858,True
baseline,bistable,stationary,14,Latent Neural SDE (VI),54.0,-0.6369051933288574,-0.01081070977460502,True
baseline,bistable,stationary,14,Latent Neural SDE (VI),70.0,-0.31543922424316406,-0.007633718797167885,True
baseline,bistable,stationary,14,Latent Neural SDE (VI),78.0,0.2815427780151367,-0.007906815724770325,True
baseline,bistable,stationary,14,Moment OU,38.0,,,False
baseline,bistable,stationary,14,Moment OU,54.0,-5.254008440757975,-0.006271550658913633,True
baseline,bistable,stationary,14,Moment OU,70.0,-2.1368812098681502,0.0003884213448688556,True
baseline,bistable,stationary,14,Moment OU,78.0,-0.3230091270124591,-0.004311401369413312,True
baseline,bistable,stationary,14,Neural SDE (Euler),38.0,0.26459598541259766,-0.016473244999827788,True
baseline,bistable,stationary,14,Neural SDE (Euler),54.0,-0.7252340316772461,-0.010739394593141424,True
baseline,bistable,stationary,14,Neural SDE (Euler),70.0,-0.30386877059936523,-0.007452327020388436,True
baseline,bistable,stationary,14,Neural SDE (Euler),78.0,0.40386390686035156,-0.0072476111811300425,True
baseline,bistable,stationary,14,SINDy-STLSQ,38.0,-0.2599270313735258,-0.016545213299210867,True
baseline,bistable,stationary,14,SINDy-STLSQ,54.0,-1.937262520171505,-0.016191638960999677,True
baseline,bistable,stationary,14,SINDy-STLSQ,70.0,-0.90581917438247,-0.006673559971187182,True
baseline,bistable,stationary,14,SINDy-STLSQ,78.0,0.33625984011898247,-0.004725957275317549,True
baseline,bistable,stationary,15,Bayesian SINDy (spike-slab),38.0,-0.5037016365287679,0.006512125660174908,True
baseline,bistable,stationary,15,Bayesian SINDy (spike-slab),54.0,-0.26141920174166433,0.02131800617432783,True
baseline,bistable,stationary,15,Bayesian SINDy (spike-slab),70.0,2.3312354594891445,0.004906669729498117,True
baseline,bistable,stationary,15,Bayesian SINDy (spike-slab),78.0,0.8124132953427301,0.0015803903424015248,True
baseline,bistable,stationary,15,Kalman OU,38.0,-0.9476174765326922,0.012117748277052736,True
baseline,bistable,stationary,15,Kalman OU,54.0,-0.46332501758454303,0.015942903779207214,True
baseline,bistable,stationary,15,Kalman OU,70.0,-0.04090088722134555,0.023864409978550955,True
baseline,bistable,stationary,15,Kalman OU,78.0,-0.883121522465934,0.02852896138062101,True
baseline,bistable,stationary,15,Latent Neural SDE (VI),38.0,-0.023696184158325195,0.025822575717994845,True
baseline,bistable,stationary,15,Latent Neural SDE (VI),54.0,-0.7046213150024414,0.03393207262400519,True
baseline,bistable,stationary,15,Latent Neural SDE (VI),70.0,1.7576370239257812,0.021313303263456693,True
baseline,bistable,stationary,15,Latent Neural SDE (VI),78.0,-0.2904629707336426,0.012549217181386116,True
baseline,bistable,stationary,15,Moment OU,38.0,-6.045752359895437,0.05562194765251402,True
baseline,bistable,stationary,15,Moment OU,54.0,-6.4534039348859515,0.09918685905941842,True
baseline,bistable,stationary,15,Moment OU,70.0,,,False
baseline,bistable,stationary,15,Moment OU,78.0,0.9151442706809404,-0.013327319702380654,True
baseline,bistable,stationary,15,Neural SDE (Euler),38.0,-0.09411191940307617,0.028217467186718165,True
baseline,bistable,stationary,15,Neural SDE (Euler),54.0,-0.7247710227966309,0.03462700921479479,True
baseline,bistable,stationary,15,Neural SDE (Euler),70.0,1.533449411392212,0.024072119516823004,True
baseline,bistable,stationary,15,Neural SDE (Euler),78.0,-0.3406331539154053,0.014542840385179265,True
baseline,bistable,stationary,15,SINDy-STLSQ,38.0,-0.7749429349868584,0.006721673470283213,True
baseline,bistable,stationary,15,SINDy-STLSQ,54.0,-1.199556837109843,0.019846626969443046,True
baseline,bistable,stationary,15,SINDy-STLSQ,70.0,1.676562430913007,0.005255283002815442,True
baseline,bistable,stationary,15,SINDy-STLSQ,78.0,-0.13453692180691146,0.002350404779440207,True
baseline,bistable,stationary,16,Bayesian SINDy (spike-slab),38.0,0.587371034003962,0.013821339459251236,True
baseline,bistable,stationary,16,Bayesian SINDy (spike-slab),54.0,0.35634654930202236,0.004810316203655324,True
baseline,bistable,stationary,16,Bayesian SINDy (spike-slab),70.0,1.4714741689261923,0.009241251554916938,True
baseline,bistable,stationary,16,Bayesian SINDy (spike-slab),78.0,1.2604268564716419,0.01372021911123622,True
baseline,bistable,stationary,16,Kalman OU,38.0,1.0460899777577999,-0.005153804254696755,True
baseline,bistable,stationary,16,Kalman OU,54.0,0.7346819327424334,-0.009128981176421747,True
baseline,bistable,stationary,16,Kalman OU,70.0,1.3528828478832038,-0.006153940213727293,True
baseline,bistable,stationary,16,Kalman OU,78.0,1.4616360896472498,-0.01447491959412919,True
baseline,bistable,stationary,16,Latent Neural SDE (VI),38.0,0.8461203575134277,0.015806279434660633,True
baseline,bistable,stationary,16,Latent Neural SDE (VI),54.0,1.513378620147705,0.004335656840588828,True
baseline,bistable,stationary,16,Latent Neural SDE (VI),70.0,2.065561294555664,0.007736490226237153,True
baseline,bistable,stationary,16,Latent Neural SDE (VI),78.0,2.349546194076538,0.013739208467415776,True
baseline,bistable,stationary,16,Moment OU,38.0,-0.1749411536498462,0.030653201810233954,True
baseline,bistable,stationary,16,Moment OU,54.0,0.2249757253782554,0.008904448138027737,True
baseline,bistable,stationary,16,Moment OU,70.0,2.029543712165058,-0.001323189083493971,True
baseline,bistable,stationary,16,Moment OU,78.0,1.353214845408526,0.014796700025585932,True
baseline,bistable,stationary,16,Neural SDE (Euler),38.0,0.7529034614562988,0.016564921047129005,True
baseline,bistable,stationary,16,Neural SDE (Euler),54.0,1.486459732055664,0.004353637826550183,True
baseline,bistable,stationary,16,Neural SDE (Euler),70.0,2.07612943649292,0.007612219207931398,True
baseline,bistable,stationary,16,Neural SDE (Euler),78.0,2.3429441452026367,0.014632625064019064,True
baseline,bistable,stationary,16,SINDy-STLSQ,38.0,0.9263389313825368,0.013561495071682736,True
baseline,bistable,stationary,16,SINDy-STLSQ,54.0,2.2352483238850973,0.004989389324181262,True
baseline,bistable,stationary,16,SINDy-STLSQ,70.0,1.7416094719281934,0.007810270549923684,True
baseline,bistable,stationary,16,SINDy-STLSQ,78.0,3.3391375408736104,0.013664833721486663,True
baseline,bistable,stationary,17,Bayesian SINDy (spike-slab),38.0,-0.5677429108434895,0.0002083293084652188,True
baseline,bistable,stationary,17,Bayesian SINDy (spike-slab),54.0,1.8101852562789453,0.006274674989883891,True
baseline,bistable,stationary,17,Bayesian SINDy (spike-slab),70.0,1.342295413275712,0.016077257381687887,True
baseline,bistable,stationary,17,Bayesian SINDy (spike-slab),78.0,1.171699726136469,0.019116337094167296,True
baseline,bistable,stationary,17,Kalman OU,38.0,-2.6812300871942703,0.009657259783635012,True
baseline,bistable,stationary,17,Kalman OU,54.0,-0.7703598340411261,0.03902859691574495,True
baseline,bistable,stationary,17,Kalman OU,70.0,-0.1631652964609035,0.01719257740433205,True
baseline,bistable,stationary,17,Kalman OU,78.0,-0.48776233333720365,0.027715636644023284,True
baseline,bistable,stationary,17,Latent Neural SDE (VI),38.0,-2.079683303833008,-0.0046379256663065666,True
baseline,bistable,stationary,17,Latent Neural SDE (VI),54.0,-0.7236790657043457,-0.0026027684858358907,True
baseline,bistable,stationary,17,Latent Neural SDE (VI),70.0,-0.08744239807128906,0.013096285051059461,True
baseline,bistable,stationary,17,Latent Neural SDE (VI),78.0,0.9009747505187988,0.010945122424440318,True
baseline,bistable,stationary,17,Moment OU,38.0,,,False
baseline,bistable,stationary,17,Moment OU,54.0,,,False
baseline,bistable,stationary,17,Moment OU,70.0,,,False
baseline,bistable,stationary,17,Moment OU,78.0,,,False
baseline,bistable,stationary,17,Neural SDE (Euler),38.0,-2.2805328369140625,-0.005768266252522539,True
baseline,bistable,stationary,17,Neural SDE (Euler),54.0,-0.9671611785888672,-0.003974283338518417,True
baseline,bistable,stationary,17,Neural SDE (Euler),70.0,-0.2737398147583008,0.012357494460119064,True
baseline,bistable,stationary,17,Neural SDE (Euler),78.0,0.7278318405151367,0.010632792157233242,True
baseline,bistable,stationary,17,SINDy-STLSQ,38.0,-0.7508847613063132,0.0008503996389184754,True
baseline,bistable,stationary,17,SINDy-STLSQ,54.0,1.0289367362895283,0.005459057785658264,True
baseline,bistable,stationary,17,SINDy-STLSQ,70.0,0.8608006824252707,0.015188879036980282,True
baseline,bistable,stationary,17,SINDy-STLSQ,78.0,1.3513599883332152,0.019756346587768606,True
baseline,bistable,stationary,18,Bayesian SINDy (spike-slab),38.0,-0.027611190066289648,-0.0015493962397620797,True
baseline,bistable,stationary,18,Bayesian SINDy (spike-slab),54.0,1.4548706887993403,-0.002356965842513964,True
baseline,bistable,stationary,18,Bayesian SINDy (spike-slab),70.0,0.10303401516333333,-0.002029689994314257,True
baseline,bistable,stationary,18,Bayesian SINDy (spike-slab),78.0,0.20599694012285363,-0.0040588042868824475,True
baseline,bistable,stationary,18,Kalman OU,38.0,0.10007485129177629,-0.0033408511280649776,True
baseline,bistable,stationary,18,Kalman OU,54.0,0.03760625997539635,0.010523686111820585,True
baseline,bistable,stationary,18,Kalman OU,70.0,-1.8374540437946227,0.03155455382109677,True
baseline,bistable,stationary,18,Kalman OU,78.0,0.025574970225634708,0.0011543249992530778,True
baseline,bistable,stationary,18,Latent Neural SDE (VI),38.0,-1.1512336730957031,-0.0022181120541499844,True
baseline,bistable,stationary,18,Latent Neural SDE (VI),54.0,1.0657293796539307,-0.0063610930202736005,True
baseline,bistable,stationary,18,Latent Neural SDE (VI),70.0,-0.9940176010131836,-0.0029907796679317644,True
baseline,bistable,stationary,18,Latent Neural SDE (VI),78.0,-0.5057930946350098,-0.0030466338165206913,True
baseline,bistable,stationary,18,Moment OU,38.0,0.29365991083734455,-0.006821495500878613,True
baseline,bistable,stationary,18,Moment OU,54.0,3.0707259144961343,-0.03565738178618816,True
baseline,bistable,stationary,18,Moment OU,70.0,0.9318212490076543,-0.012731247483851543,True
baseline,bistable,stationary,18,Moment OU,78.0,1.1236049790026126,-0.014221243852378454,True
baseline,bistable,stationary,18,Neural SDE (Euler),38.0,-1.1068694591522217,-0.0030529416429521394,True
baseline,bistable,stationary,18,Neural SDE (Euler),54.0,0.9438779354095459,-0.007453144885928575,True
baseline,bistable,stationary,18,Neural SDE (Euler),70.0,-0.929548978805542,-0.0037495874714763844,True
baseline,bistable,stationary,18,Neural SDE (Euler),78.0,-0.4168837070465088,-0.004055922137352522,True
baseline,bistable,stationary,18,SINDy-STLSQ,38.0,-0.39465968972974697,-0.0017453131195000748,True
baseline,bistable,stationary,18,SINDy-STLSQ,54.0,1.6794003105701982,-0.005204971915221374,True
baseline,bistable,stationary,18,SINDy-STLSQ,70.0,-0.1313716933281448,-0.0019302272717589414,True
baseline,bistable,stationary,18,SINDy-STLSQ,78.0,0.3516568624929244,-0.003932541574891979,True
baseline,bistable,stationary,19,Bayesian SINDy (spike-slab),38.0,-1.6684262148743523,-0.0058937037174185,True
baseline,bistable,stationary,19,Bayesian SINDy (spike-slab),54.0,0.25357995217025175,-0.004394106985060889,True
baseline,bistable,stationary,19,Bayesian SINDy (spike-slab),70.0,0.16955586394143607,-0.017614489474570144,True
baseline,bistable,stationary,19,Bayesian SINDy (spike-slab),78.0,1.0480347046730163,-0.011205513774287496,True
baseline,bistable,stationary,19,Kalman OU,38.0,0.7824717647974788,-0.030905960855814516,True
baseline,bistable,stationary,19,Kalman OU,54.0,0.8916211823089887,-0.021769316142484927,True
baseline,bistable,stationary,19,Kalman OU,70.0,-0.7713597980061557,0.007710607508128985,True
baseline,bistable,stationary,19,Kalman OU,78.0,0.8065049542101275,-0.007605785728307161,True
baseline,bistable,stationary,19,Latent Neural SDE (VI),38.0,0.630859375,0.007138574969162759,True
baseline,bistable,stationary,19,Latent Neural SDE (VI),54.0,1.547872543334961,0.001793397247932066,True
baseline,bistable,stationary,19,Latent Neural SDE (VI),70.0,1.0493721961975098,-0.01293456612974267,True
baseline,bistable,stationary,19,Latent Neural SDE (VI),78.0,3.5914427042007446,-0.0071428567046108865,True
baseline,bistable,stationary,19,Moment OU,38.0,-7.778835778136304,0.04344703735715911,True
baseline,bistable,stationary,19,Moment OU,54.0,0.9110835418558503,-0.02721844495629822,True
baseline,bistable,stationary,19,Moment OU,70.0,,,False
baseline,bistable,stationary,19,Moment OU,78.0,,,False
baseline,bistable,stationary,19,Neural SDE (Euler),38.0,0.5205063819885254,0.005453412106937172,True
baseline,bistable,stationary,19,Neural SDE (Euler),54.0,1.5651230812072754,0.0027379904255188936,True
baseline,bistable,stationary,19,Neural SDE (Euler),70.0,1.119734287261963,-0.013084262899947574,True
baseline,bistable,stationary,19,Neural SDE (Euler),78.0,3.3853743076324463,-0.006389176509259964,True
baseline,bistable,stationary,19,SINDy-STLSQ,38.0,-0.908161398508565,-0.005190701842033477,True
baseline,bistable,stationary,19,SINDy-STLSQ,54.0,0.4777326689580579,-0.004165587216396052,True
baseline,bistable,stationary,19,SINDy-STLSQ,70.0,-0.8855406471030416,-0.018035198757235027,True
baseline,bistable,stationary,19,SINDy-STLSQ,78.0,0.6316236168435427,-0.013002953643976675,True
baseline,bistable,stationary,20,Bayesian SINDy (spike-slab),38.0,-2.7828142290307385,-0.013202645379616754,True
baseline,bistable,stationary,20,Bayesian SINDy (spike-slab),54.0,-1.1483141530918761,-0.008341248703047907,True
baseline,bistable,stationary,20,Bayesian SINDy (spike-slab),70.0,-1.4318336158275633,-0.012440592870900755,True
baseline,bistable,stationary,20,Bayesian SINDy (spike-slab),78.0,-0.4649291985311246,-0.01584381872517543,True
baseline,bistable,stationary,20,Kalman OU,38.0,-0.21863629310146265,-0.018651755597153367,True
baseline,bistable,stationary,20,Kalman OU,54.0,0.1374241432266421,-0.014281403725124375,True
baseline,bistable,stationary,20,Kalman OU,70.0,-2.5537266992600536,0.021189059257832734,True
baseline,bistable,stationary,20,Kalman OU,78.0,-1.4821381789053527,0.021602540292525074,True
baseline,bistable,stationary,20,Latent Neural SDE (VI),38.0,-3.5945777893066406,-0.008292122698249804,True
baseline,bistable,stationary,20,Latent Neural SDE (VI),54.0,-1.305678367614746,-0.005858169450496442,True
baseline,bistable,stationary,20,Latent Neural SDE (VI),70.0,-2.107846260070801,-0.01195234959636679,True
baseline,bistable,stationary,20,Latent Neural SDE (VI),78.0,-0.752443790435791,-0.01713436823513162,True
baseline,bistable,stationary,20,Moment OU,38.0,,,False
baseline,bistable,stationary,20,Moment OU,54.0,0.09210554556919381,-0.01621047335852587,True
baseline,bistable,stationary,20,Moment OU,70.0,0.4855042715697544,-0.028099451513833612,True
baseline,bistable,stationary,20,Moment OU,78.0,,,False
baseline,bistable,stationary,20,Neural SDE (Euler),38.0,-3.6215474605560303,-0.008926484772443607,True
baseline,bistable,stationary,20,Neural SDE (Euler),54.0,-1.3993322849273682,-0.0069820465780906366,True
baseline,bistable,stationary,20,Neural SDE (Euler),70.0,-2.022383451461792,-0.012959389699336799,True
baseline,bistable,stationary,20,Neural SDE (Euler),78.0,-0.758620023727417,-0.017657242943014947,True
baseline,bistable,stationary,20,SINDy-STLSQ,38.0,-4.070824034223231,-0.011285530336003977,True
baseline,bistable,stationary,20,SINDy-STLSQ,54.0,-0.7906003681975924,-0.006829849051740305,True
baseline,bistable,stationary,20,SINDy-STLSQ,70.0,-0.671232536201047,-0.011028263984938405,True
baseline,bistable,stationary,20,SINDy-STLSQ,78.0,-0.11040915389397288,-0.014451450289599224,True
baseline,bistable,stationary,21,Bayesian SINDy (spike-slab),38.0,-0.7862194871816093,-0.005988237421182499,True
baseline,bistable,stationary,21,Bayesian SINDy (spike-slab),54.0,0.08293730607627126,-0.003973171879575105,True
baseline,bistable,stationary,21,Bayesian SINDy (spike-slab),70.0,-0.5104425762454108,0.0006549435575345097,True
baseline,bistable,stationary,21,Bayesian SINDy (spike-slab),78.0,-0.10652044575719932,-0.004391145723018533,True
baseline,bistable,stationary,21,Kalman OU,38.0,-1.3482615665359783,0.014201837214501304,True
baseline,bistable,stationary,21,Kalman OU,54.0,-1.2931624520758027,0.029684243786993855,True
baseline,bistable,stationary,21,Kalman OU,70.0,-2.592618368826936,0.05148039770854243,True
baseline,bistable,stationary,21,Kalman OU,78.0,-2.592618368826936,0.054515737461864486,True
baseline,bistable,stationary,21,Latent Neural SDE (VI),38.0,-0.6486568450927734,-0.004734004304818615,True
baseline,bistable,stationary,21,Latent Neural SDE (VI),54.0,-0.30870509147644043,-0.008418136303591742,True
baseline,bistable,stationary,21,Latent Neural SDE (VI),70.0,-1.8164210319519043,-0.0002057333140655926,True
baseline,bistable,stationary,21,Latent Neural SDE (VI),78.0,-1.0774354934692383,-0.004692514218690991,True
baseline,bistable,stationary,21,Moment OU,38.0,,,False
baseline,bistable,stationary,21,Moment OU,54.0,,,False
baseline,bistable,stationary,21,Moment OU,70.0,,,False
baseline,bistable,stationary,21,Moment OU,78.0,,,False
baseline,bistable,stationary,21,Neural SDE (Euler),38.0,-0.5052361488342285,-0.00412639808097745,True
baseline,bistable,stationary,21,Neural SDE (Euler),54.0,-0.17812299728393555,-0.006145182590247267,True
baseline,bistable,stationary,21,Neural SDE (Euler),70.0,-1.9724533557891846,0.0007982603112057785,True
baseline,bistable,stationary,21,Neural SDE (Euler),78.0,-0.999382734298706,-0.004467229600714717,True
baseline,bistable,stationary,21,SINDy-STLSQ,38.0,-0.5009952517865508,-0.007041387869349727,True
baseline,bistable,stationary,21,SINDy-STLSQ,54.0,-0.14995037414475254,-0.003951668557304458,True
baseline,bistable,stationary,21,SINDy-STLSQ,70.0,-1.8685907424155457,0.0004298744442754743,True
baseline,bistable,stationary,21,SINDy-STLSQ,78.0,-0.7750356731332189,-0.003582216998114632,True
baseline,bistable,stationary,22,Bayesian SINDy (spike-slab),38.0,-0.6664754209384962,0.0038485442216401183,True
baseline,bistable,stationary,22,Bayesian SINDy (spike-slab),54.0,-1.0044650640152892,-0.01656636642355533,True
baseline,bistable,stationary,22,Bayesian SINDy (spike-slab),70.0,-0.055522135318470056,-0.01978806839844502,True
baseline,bistable,stationary,22,Bayesian SINDy (spike-slab),78.0,-0.5110971339440815,-0.015440226734563509,True
baseline,bistable,stationary,22,Kalman OU,38.0,-1.2902646876908999,0.02279998574793214,True
baseline,bistable,stationary,22,Kalman OU,54.0,-2.8446470054811273,0.019414527673523897,True
baseline,bistable,stationary,22,Kalman OU,70.0,-0.46306921479935303,0.004410947021115375,True
baseline,bistable,stationary,22,Kalman OU,78.0,-0.6357616835602921,0.004398183897336979,True
baseline,bistable,stationary,22,Latent Neural SDE (VI),38.0,-0.8944640159606934,0.00375748344209563,True
baseline,bistable,stationary,22,Latent Neural SDE (VI),54.0,-1.0696630477905273,-0.01624014044007227,True
baseline,bistable,stationary,22,Latent Neural SDE (VI),70.0,1.0769426822662354,-0.01918272800295423,True
baseline,bistable,stationary,22,Latent Neural SDE (VI),78.0,-0.20823431015014648,-0.012341722674964625,True
baseline,bistable,stationary,22,Moment OU,38.0,-2.8409111677052197,0.032151835236813496,True
baseline,bistable,stationary,22,Moment OU,54.0,,,False
baseline,bistable,stationary,22,Moment OU,70.0,,,False
baseline,bistable,stationary,22,Moment OU,78.0,,,False
baseline,bistable,stationary,22,Neural SDE (Euler),38.0,-0.8077974319458008,0.004331859967656365,True
baseline,bistable,stationary,22,Neural SDE (Euler),54.0,-0.9999780654907227,-0.01631994626270858,True
baseline,bistable,stationary,22,Neural SDE (Euler),70.0,1.000380039215088,-0.019571027172888666,True
baseline,bistable,stationary,22,Neural SDE (Euler),78.0,-0.13843536376953125,-0.012249868675011669,True
baseline,bistable,stationary,22,SINDy-STLSQ,38.0,-1.1031905018705186,0.004150734566337438,True
baseline,bistable,stationary,22,SINDy-STLSQ,54.0,-1.0542333062507185,-0.018256337121817165,True
baseline,bistable,stationary,22,SINDy-STLSQ,70.0,0.14594734278914157,-0.020124899761454887,True
baseline,bistable,stationary,22,SINDy-STLSQ,78.0,-1.1849516220362233,-0.015160820009418291,True
baseline,bistable,stationary,23,Bayesian SINDy (spike-slab),38.0,-0.923837081755114,-0.00022758540210938982,True
baseline,bistable,stationary,23,Bayesian SINDy (spike-slab),54.0,-0.6251701229654283,-0.0003944493600659543,True
baseline,bistable,stationary,23,Bayesian SINDy (spike-slab),70.0,1.0823073921043878,0.00906041519705375,True
baseline,bistable,stationary,23,Bayesian SINDy (spike-slab),78.0,-0.3343783461028216,0.013123423015055494,True
baseline,bistable,stationary,23,Kalman OU,38.0,1.3199042190443588,-0.03000440857787005,True
baseline,bistable,stationary,23,Kalman OU,54.0,2.293536711513155,-0.03807440853555558,True
baseline,bistable,stationary,23,Kalman OU,70.0,1.5099854956992174,-0.0030013862490095647,True
baseline,bistable,stationary,23,Kalman OU,78.0,2.347012355402665,-0.03070990084074066,True
baseline,bistable,stationary,23,Latent Neural SDE (VI),38.0,-1.233973503112793,-6.611202838512076e-05,True
baseline,bistable,stationary,23,Latent Neural SDE (VI),54.0,-0.6789226531982422,0.001042024588345819,True
baseline,bistable,stationary,23,Latent Neural SDE (VI),70.0,0.7387948036193848,0.004933702069670962,True
baseline,bistable,stationary,23,Latent Neural SDE (VI),78.0,-0.5555095672607422,0.015130053077631059,True
baseline,bistable,stationary,23,Moment OU,38.0,,,False
baseline,bistable,stationary,23,Moment OU,54.0,,,False
baseline,bistable,stationary,23,Moment OU,70.0,,,False
baseline,bistable,stationary,23,Moment OU,78.0,,,False
baseline,bistable,stationary,23,Neural SDE (Euler),38.0,-1.2403955459594727,-0.0027585379896272466,True
baseline,bistable,stationary,23,Neural SDE (Euler),54.0,-0.7567539215087891,0.0015336136637350284,True
baseline,bistable,stationary,23,Neural SDE (Euler),70.0,0.6860363483428955,0.006244312037593694,True
baseline,bistable,stationary,23,Neural SDE (Euler),78.0,-0.584902286529541,0.016017266113710904,True
baseline,bistable,stationary,23,SINDy-STLSQ,38.0,-0.7513839897795491,0.0011038483166534024,True
baseline,bistable,stationary,23,SINDy-STLSQ,54.0,-1.0990734349115656,0.001300914334207981,True
baseline,bistable,stationary,23,SINDy-STLSQ,70.0,1.807703575105513,0.010000710370939025,True
baseline,bistable,stationary,23,SINDy-STLSQ,78.0,-0.24487866869882646,0.015418580662453898,True
baseline,bistable,stationary,24,Bayesian SINDy (spike-slab),38.0,-0.2010769571938873,-0.00922797026892759,True
baseline,bistable,stationary,24,Bayesian SINDy (spike-slab),54.0,-0.27461950327420315,-0.004404684162537295,True
baseline,bistable,stationary,24,Bayesian SINDy (spike-slab),70.0,-1.0222120776237968,-0.010857885444999854,True
baseline,bistable,stationary,24,Bayesian SINDy (spike-slab),78.0,-0.5781881197563417,-0.00931104696028591,True
baseline,bistable,stationary,24,Kalman OU,38.0,0.3668595104270438,-0.0160723463337931,True
baseline,bistable,stationary,24,Kalman OU,54.0,-0.003732610074894893,-0.00911646642610657,True
baseline,bistable,stationary,24,Kalman OU,70.0,0.8880429887583607,-0.035042037318026686,True
baseline,bistable,stationary,24,Kalman OU,78.0,-0.2302192350545651,-0.01815178372908604,True
baseline,bistable,stationary,24,Latent Neural SDE (VI),38.0,-0.4009263515472412,-0.008644740806265344,True
baseline,bistable,stationary,24,Latent Neural SDE (VI),54.0,-0.23665332794189453,-0.00106972995149468,True
baseline,bistable,stationary,24,Latent Neural SDE (VI),70.0,-1.6116065979003906,-0.008907158552040426,True
baseline,bistable,stationary,24,Latent Neural SDE (VI),78.0,-0.8154749870300293,-0.00712655309126492,True
baseline,bistable,stationary,24,Moment OU,38.0,1.798066737214838,-0.0400017572196077,True
baseline,bistable,stationary,24,Moment OU,54.0,-0.14727235475391787,-0.01059991283452752,True
baseline,bistable,stationary,24,Moment OU,70.0,-5.695625802265956,-0.0036095346796324243,True
baseline,bistable,stationary,24,Moment OU,78.0,0.31593020271984185,-0.02550326551589824,True
baseline,bistable,stationary,24,Neural SDE (Euler),38.0,-0.4045603275299072,-0.008396192758291662,True
baseline,bistable,stationary,24,Neural SDE (Euler),54.0,-0.3219184875488281,-0.0008268926644745961,True
baseline,bistable,stationary,24,Neural SDE (Euler),70.0,-1.6422741413116455,-0.00842774374361939,True
baseline,bistable,stationary,24,Neural SDE (Euler),78.0,-0.7277882099151611,-0.006869873100075807,True
baseline,bistable,stationary,24,SINDy-STLSQ,38.0,0.42007769820250074,-0.007291798107209119,True
baseline,bistable,stationary,24,SINDy-STLSQ,54.0,0.13496780995630875,-0.002522152040099951,True
baseline,bistable,stationary,24,SINDy-STLSQ,70.0,0.18954826874443675,-0.009764189294386882,True
baseline,bistable,stationary,24,SINDy-STLSQ,78.0,-0.04485660828008564,-0.007770634231765827,True
baseline,bistable,stationary,25,Bayesian SINDy (spike-slab),38.0,-0.7340480548451249,-0.0012722483381591987,True
baseline,bistable,stationary,25,Bayesian SINDy (spike-slab),54.0,-0.21092628870709618,0.007461108094779359,True
baseline,bistable,stationary,25,Bayesian SINDy (spike-slab),70.0,-0.25196952371325,-0.0006890021645155897,True
baseline,bistable,stationary,25,Bayesian SINDy (spike-slab),78.0,-0.8387760463133529,-0.00471255959084349,True
baseline,bistable,stationary,25,Kalman OU,38.0,1.0573255266356427,-0.03212532990343718,True
baseline,bistable,stationary,25,Kalman OU,54.0,-0.3900768031688071,0.006073187395794197,True
baseline,bistable,stationary,25,Kalman OU,70.0,1.8067270993793265,-0.03595897900022458,True
baseline,bistable,stationary,25,Kalman OU,78.0,2.370802009762194,-0.053779912923197476,True
baseline,bistable,stationary,25,Latent Neural SDE (VI),38.0,-0.6416068077087402,-0.001354447749735796,True
baseline,bistable,stationary,25,Latent Neural SDE (VI),54.0,-0.45113039016723633,0.0048036121994142755,True
baseline,bistable,stationary,25,Latent Neural SDE (VI),70.0,-0.2221238613128662,-0.005462688277438968,True
baseline,bistable,stationary,25,Latent Neural SDE (VI),78.0,-0.3339653015136719,-0.0011072002683687049,True
baseline,bistable,stationary,25,Moment OU,38.0,-0.7144612818247071,0.006557621789072685,True
baseline,bistable,stationary,25,Moment OU,54.0,-1.2337449706026582,0.027506897371824903,True
baseline,bistable,stationary,25,Moment OU,70.0,0.39201820329035797,-0.01426761089339889,True
baseline,bistable,stationary,25,Moment OU,78.0,,,False
baseline,bistable,stationary,25,Neural SDE (Euler),38.0,-0.6300032138824463,-0.0008568384634530524,True
baseline,bistable,stationary,25,Neural SDE (Euler),54.0,-0.37575387954711914,0.004095310579805486,True
baseline,bistable,stationary,25,Neural SDE (Euler),70.0,-0.3450968265533447,-0.005744461690260938,True
baseline,bistable,stationary,25,Neural SDE (Euler),78.0,-0.37372899055480957,-0.00047113472336236806,True
baseline,bistable,stationary,25,SINDy-STLSQ,38.0,-1.3619789946532626,-0.0010172586906214698,True
baseline,bistable,stationary,25,SINDy-STLSQ,54.0,0.14265751642052482,0.0073291299369772495,True
baseline,bistable,stationary,25,SINDy-STLSQ,70.0,-0.9151334421780644,-0.0018058258419961226,True
baseline,bistable,stationary,25,SINDy-STLSQ,78.0,-2.2030139073800337,-0.004823902251358883,True
baseline,bistable,stationary,26,Bayesian SINDy (spike-slab),38.0,1.1224612437321517,0.0012298379665273695,True
baseline,bistable,stationary,26,Bayesian SINDy (spike-slab),54.0,1.431897255358371,0.0025514537822003552,True
baseline,bistable,stationary,26,Bayesian SINDy (spike-slab),70.0,0.3972886152656976,-0.009314401740402142,True
baseline,bistable,stationary,26,Bayesian SINDy (spike-slab),78.0,-0.5287630510559982,-0.004089181956904164,True
baseline,bistable,stationary,26,Kalman OU,38.0,1.5521038857875504,-0.0035016757864531414,True
baseline,bistable,stationary,26,Kalman OU,54.0,2.5507144272072333,-0.019438124807806816,True
baseline,bistable,stationary,26,Kalman OU,70.0,0.0,0.004401982350875008,True
baseline,bistable,stationary,26,Kalman OU,78.0,1.37561025721047,-0.03228997487896694,True
baseline,bistable,stationary,26,Latent Neural SDE (VI),38.0,1.8325839042663574,-0.01087665739314568,True
baseline,bistable,stationary,26,Latent Neural SDE (VI),54.0,0.07144689559936523,-0.010114958824503348,True
baseline,bistable,stationary,26,Latent Neural SDE (VI),70.0,0.790642261505127,-0.011390457274108631,True
baseline,bistable,stationary,26,Latent Neural SDE (VI),78.0,-0.1435227394104004,-0.016587760738476676,True
baseline,bistable,stationary,26,Moment OU,38.0,2.702323467634992,-0.022790422455239386,True
baseline,bistable,stationary,26,Moment OU,54.0,3.0489619313976437,-0.0218324053406218,True
baseline,bistable,stationary,26,Moment OU,70.0,2.8259493355966523,-0.042215228803511785,True
baseline,bistable,stationary,26,Moment OU,78.0,-2.8926816648515707,0.010779929947648426,True
baseline,bistable,stationary,26,Neural SDE (Euler),38.0,1.7682421207427979,-0.011227709780763859,True
baseline,bistable,stationary,26,Neural SDE (Euler),54.0,0.02924823760986328,-0.009212515688213616,True
baseline,bistable,stationary,26,Neural SDE (Euler),70.0,0.7873392105102539,-0.01200769141140147,True
baseline,bistable,stationary,26,Neural SDE (Euler),78.0,-0.20515060424804688,-0.01793174817841038,True
baseline,bistable,stationary,26,SINDy-STLSQ,38.0,1.9033207736278364,0.00023176178389920643,True
baseline,bistable,stationary,26,SINDy-STLSQ,54.0,1.2481918242371548,-0.00038592930935456293,True
baseline,bistable,stationary,26,SINDy-STLSQ,70.0,0.4319291463686854,-0.009828885349606506,True
baseline,bistable,stationary,26,SINDy-STLSQ,78.0,-1.4225547355825583,-0.005457422002321716,True
baseline,bistable,stationary,27,Bayesian SINDy (spike-slab),38.0,0.5269491922342495,0.005874594385089332,True
baseline,bistable,stationary,27,Bayesian SINDy (spike-slab),54.0,-0.7517033857614552,0.009086236533463715,True
baseline,bistable,stationary,27,Bayesian SINDy (spike-slab),70.0,-0.1024957970948206,-0.008240577574719632,True
baseline,bistable,stationary,27,Bayesian SINDy (spike-slab),78.0,-0.2482146109862673,-0.005022636001430242,True
baseline,bistable,stationary,27,Kalman OU,38.0,0.4496844555184616,0.007291292288039271,True
baseline,bistable,stationary,27,Kalman OU,54.0,2.1245071828154005,-0.04028465158805361,True
baseline,bistable,stationary,27,Kalman OU,70.0,0.0,-0.012915162613136986,True
baseline,bistable,stationary,27,Kalman OU,78.0,0.0,-0.014096496882473976,True
baseline,bistable,stationary,27,Latent Neural SDE (VI),38.0,1.5383539199829102,0.011119084514350258,True
baseline,bistable,stationary,27,Latent Neural SDE (VI),54.0,-0.8693351745605469,0.008506325153164601,True
baseline,bistable,stationary,27,Latent Neural SDE (VI),70.0,-0.698542594909668,-0.006923156237595984,True
baseline,bistable,stationary,27,Latent Neural SDE (VI),78.0,-0.27570343017578125,-0.00432537166951176,True
baseline,bistable,stationary,27,Moment OU,38.0,,,False
baseline,bistable,stationary,27,Moment OU,54.0,,,False
baseline,bistable,stationary,27,Moment OU,70.0,,,False
baseline,bistable,stationary,27,Moment OU,78.0,,,False
baseline,bistable,stationary,27,Neural SDE (Euler),38.0,1.3716850280761719,0.010778320237477088,True
baseline,bistable,stationary,27,Neural SDE (Euler),54.0,-0.9860944747924805,0.008419606253435408,True
baseline,bistable,stationary,27,Neural SDE (Euler),70.0,-0.8178544044494629,-0.007231577190622243,True
baseline,bistable,stationary,27,Neural SDE (Euler),78.0,-0.25747251510620117,-0.004326661525143952,True
baseline,bistable,stationary,27,SINDy-STLSQ,38.0,1.911927661971117,0.005907680234786522,True
baseline,bistable,stationary,27,SINDy-STLSQ,54.0,0.1586985857087182,0.009515256644442346,True
baseline,bistable,stationary,27,SINDy-STLSQ,70.0,-0.6575750925117969,-0.009287676348743681,True
baseline,bistable,stationary,27,SINDy-STLSQ,78.0,0.4890230315145825,-0.0044400249245719475,True
baseline,bistable,stationary,28,Bayesian SINDy (spike-slab),38.0,-2.550113371534262,-0.001112413858766259,True
baseline,bistable,stationary,28,Bayesian SINDy (spike-slab),54.0,-1.2930105456002647,-0.00035578008189625365,True
baseline,bistable,stationary,28,Bayesian SINDy (spike-slab),70.0,-1.1835883583826639,-0.0029926095385286733,True
baseline,bistable,stationary,28,Bayesian SINDy (spike-slab),78.0,1.307551155554868,-0.0020562793530288642,True
baseline,bistable,stationary,28,Kalman OU,38.0,-1.0008937535679199,-0.029650902915505425,True
baseline,bistable,stationary,28,Kalman OU,54.0,-1.9097591266485854,0.0016241957440783772,True
baseline,bistable,stationary,28,Kalman OU,70.0,-1.0800803538843111,-0.004031121600709522,True
baseline,bistable,stationary,28,Kalman OU,78.0,-0.13099548084213763,0.011449435559600672,True
baseline,bistable,stationary,28,Latent Neural SDE (VI),38.0,-1.0183086395263672,0.014712440798871407,True
baseline,bistable,stationary,28,Latent Neural SDE (VI),54.0,-1.0060153007507324,0.0033841507246988867,True
baseline,bistable,stationary,28,Latent Neural SDE (VI),70.0,-1.6106796264648438,-0.0012349517920750286,True
baseline,bistable,stationary,28,Latent Neural SDE (VI),78.0,1.7026698589324951,0.0010306938806493998,True
baseline,bistable,stationary,28,Moment OU,38.0,,,False
baseline,bistable,stationary,28,Moment OU,54.0,,,False
baseline,bistable,stationary,28,Moment OU,70.0,,,False
baseline,bistable,stationary,28,Moment OU,78.0,,,False
baseline,bistable,stationary,28,Neural SDE (Euler),38.0,-1.1486468315124512,0.014594234999311312,True
baseline,bistable,stationary,28,Neural SDE (Euler),54.0,-0.9640665054321289,0.0027768799421010737,True
baseline,bistable,stationary,28,Neural SDE (Euler),70.0,-1.7297134399414062,-0.0020132479052872576,True
baseline,bistable,stationary,28,Neural SDE (Euler),78.0,1.7731006145477295,0.0025864023987831886,True
baseline,bistable,stationary,28,SINDy-STLSQ,38.0,-2.6694308332923935,-0.00040596597454246874,True
baseline,bistable,stationary,28,SINDy-STLSQ,54.0,-2.0355248588631394,-0.0005447022379708871,True
baseline,bistable,stationary,28,SINDy-STLSQ,70.0,-1.4722021342899954,-0.0025920380264578685,True
baseline,bistable,stationary,28,SINDy-STLSQ,78.0,0.16913028541626662,-0.002899504683070389,True
baseline,bistable,stationary,29,Bayesian SINDy (spike-slab),38.0,0.883743322591227,0.0015363648773896593,True
baseline,bistable,stationary,29,Bayesian SINDy (spike-slab),54.0,-0.07680980350163447,0.0004463786609110315,True
baseline,bistable,stationary,29,Bayesian SINDy (spike-slab),70.0,-0.13978084337153085,0.011055657815139022,True
baseline,bistable,stationary,29,Bayesian SINDy (spike-slab),78.0,-0.3235655977572942,-0.0012108845255177636,True
baseline,bistable,stationary,29,Kalman OU,38.0,2.5569088028965465,-0.03903301113108182,True
baseline,bistable,stationary,29,Kalman OU,54.0,1.2258703322406361,-0.020545192781946872,True
baseline,bistable,stationary,29,Kalman OU,70.0,0.7271358543476913,-0.008387792808339324,True
baseline,bistable,stationary,29,Kalman OU,78.0,1.269127018837525,-0.010950895116189886,True
baseline,bistable,stationary,29,Latent Neural SDE (VI),38.0,1.605437994003296,-0.0019407959698094362,True
baseline,bistable,stationary,29,Latent Neural SDE (VI),54.0,-0.23456478118896484,-0.0016714254290002006,True
baseline,bistable,stationary,29,Latent Neural SDE (VI),70.0,-0.17359209060668945,0.009275863082379113,True
baseline,bistable,stationary,29,Latent Neural SDE (VI),78.0,1.3189318180084229,0.006536960059740304,True
baseline,bistable,stationary,29,Moment OU,38.0,-0.009468236422542419,0.002655381563337027,True
baseline,bistable,stationary,29,Moment OU,54.0,-1.0913579983881732,0.029920055838548634,True
baseline,bistable,stationary,29,Moment OU,70.0,-2.774515020199271,0.06355434650330591,True
baseline,bistable,stationary,29,Moment OU,78.0,-0.9116005026719308,0.03392876062138685,True
baseline,bistable,stationary,29,Neural SDE (Euler),38.0,1.6896016597747803,-0.0012667113121721252,True
baseline,bistable,stationary,29,Neural SDE (Euler),54.0,-0.1036977767944336,-0.0018529911209572425,True
baseline,bistable,stationary,29,Neural SDE (Euler),70.0,-0.08625364303588867,0.008458871366692988,True
baseline,bistable,stationary,29,Neural SDE (Euler),78.0,1.3302671909332275,0.006961662550467276,True
baseline,bistable,stationary,29,SINDy-STLSQ,38.0,1.1638383944842519,-0.0001727125085033837,True
baseline,bistable,stationary,29,SINDy-STLSQ,54.0,-0.4442851435845334,0.00029496209677198904,True
baseline,bistable,stationary,29,SINDy-STLSQ,70.0,-0.8163305236235323,0.01143676877761389,True
baseline,bistable,stationary,29,SINDy-STLSQ,78.0,-0.6491195255553914,-0.0010140360663931092,True
baseline,saddle_node,noise_growth,20,Bayesian SINDy (spike-slab),38.0,-0.3395876821863908,0.002150857826998573,True
baseline,saddle_node,noise_growth,20,Bayesian SINDy (spike-slab),54.0,0.2898479422475302,0.030115097325139825,True
baseline,saddle_node,noise_growth,20,Bayesian SINDy (spike-slab),70.0,-0.3988791830897154,0.028125006553080825,True
baseline,saddle_node,noise_growth,20,Bayesian SINDy (spike-slab),78.0,1.17395345583971,0.04176544830483439,True
baseline,saddle_node,noise_growth,20,Kalman OU,38.0,-0.5580527773658697,0.011851114487448099,True
baseline,saddle_node,noise_growth,20,Kalman OU,54.0,-1.3171274236046153,0.05356165342946706,True
baseline,saddle_node,noise_growth,20,Kalman OU,70.0,-1.3666722340605302,0.039692185744742606,True
baseline,saddle_node,noise_growth,20,Kalman OU,78.0,-0.9921716458963241,0.07591864675951995,True
baseline,saddle_node,noise_growth,20,Latent Neural SDE (VI),38.0,-0.5196108818054199,0.0017790530838071167,True
baseline,saddle_node,noise_growth,20,Latent Neural SDE (VI),54.0,0.18560123443603516,0.030527553642044652,True
baseline,saddle_node,noise_growth,20,Latent Neural SDE (VI),70.0,-0.30945539474487305,0.027075033633230425,True
baseline,saddle_node,noise_growth,20,Latent Neural SDE (VI),78.0,1.4824488162994385,0.053593389512346254,True
baseline,saddle_node,noise_growth,20,Moment OU,38.0,,,False
baseline,saddle_node,noise_growth,20,Moment OU,54.0,,,False
baseline,saddle_node,noise_growth,20,Moment OU,70.0,,,False
baseline,saddle_node,noise_growth,20,Moment OU,78.0,,,False
baseline,saddle_node,noise_growth,20,Neural SDE (Euler),38.0,-0.6617941856384277,0.002132313757306145,True
baseline,saddle_node,noise_growth,20,Neural SDE (Euler),54.0,0.18554353713989258,0.030891891366425034,True
baseline,saddle_node,noise_growth,20,Neural SDE (Euler),70.0,-0.28711462020874023,0.028692868209018438,True
baseline,saddle_node,noise_growth,20,Neural SDE (Euler),78.0,1.5361814498901367,0.05482829161656287,True
baseline,saddle_node,noise_growth,20,SINDy-STLSQ,38.0,-0.9853366300348907,0.0014995171948767316,True
baseline,saddle_node,noise_growth,20,SINDy-STLSQ,54.0,-0.02902751472430909,0.028805222452216755,True
baseline,saddle_node,noise_growth,20,SINDy-STLSQ,70.0,-1.2549910336275265,0.025505712973270436,True
baseline,saddle_node,noise_growth,20,SINDy-STLSQ,78.0,1.2286329821763213,0.04233973968784746,True
baseline,saddle_node,noise_growth,21,Bayesian SINDy (spike-slab),38.0,-1.062339020600037,0.015628054129073837,True
baseline,saddle_node,noise_growth,21,Bayesian SINDy (spike-slab),54.0,0.6226540546342814,0.003949121294882493,True
baseline,saddle_node,noise_growth,21,Bayesian SINDy (spike-slab),70.0,1.5594115160990416,0.02607618745511854,True
baseline,saddle_node,noise_growth,21,Bayesian SINDy (spike-slab),78.0,0.23969086553134877,0.028267124083535072,True
baseline,saddle_node,noise_growth,21,Kalman OU,38.0,0.0,-0.025359649882112457,True
baseline,saddle_node,noise_growth,21,Kalman OU,54.0,1.7158240542410277,-0.02762588798810328,True
baseline,saddle_node,noise_growth,21,Kalman OU,70.0,1.9202641599619164,0.00144081625548724,True
baseline,saddle_node,noise_growth,21,Kalman OU,78.0,1.089536682057738,-0.00021112082814553346,True
baseline,saddle_node,noise_growth,21,Latent Neural SDE (VI),38.0,0.40900468826293945,0.018000606930960117,True
baseline,saddle_node,noise_growth,21,Latent Neural SDE (VI),54.0,1.8298447132110596,0.007465122584094833,True
baseline,saddle_node,noise_growth,21,Latent Neural SDE (VI),70.0,2.6458609104156494,0.03201498006453314,True
baseline,saddle_node,noise_growth,21,Latent Neural SDE (VI),78.0,0.6892671585083008,0.03471494751570732,True
baseline,saddle_node,noise_growth,21,Moment OU,38.0,-5.703474735670607,0.09313997014864075,True
baseline,saddle_node,noise_growth,21,Moment OU,54.0,-0.0049882734610223745,0.007602733544142756,True
baseline,saddle_node,noise_growth,21,Moment OU,70.0,-0.37739536882348873,0.05068784102782531,True
baseline,saddle_node,noise_growth,21,Moment OU,78.0,-1.9563029516533395,0.07694244992984711,True
baseline,saddle_node,noise_growth,21,Neural SDE (Euler),38.0,0.36542367935180664,0.018943463493942048,True
baseline,saddle_node,noise_growth,21,Neural SDE (Euler),54.0,1.8952414989471436,0.008381799170418952,True
baseline,saddle_node,noise_growth,21,Neural SDE (Euler),70.0,2.729085683822632,0.032276212274294044,True
baseline,saddle_node,noise_growth,21,Neural SDE (Euler),78.0,0.7321920394897461,0.03521379056274951,True
baseline,saddle_node,noise_growth,21,SINDy-STLSQ,38.0,-0.43844957836103404,0.016662607521291353,True
baseline,saddle_node,noise_growth,21,SINDy-STLSQ,54.0,1.2249681726817045,0.004590372585788899,True
baseline,saddle_node,noise_growth,21,SINDy-STLSQ,70.0,2.1390862500851195,0.026688572184312392,True
baseline,saddle_node,noise_growth,21,SINDy-STLSQ,78.0,0.24663985293737234,0.02909660254194235,True
baseline,saddle_node,noise_growth,22,Bayesian SINDy (spike-slab),38.0,1.195662809055305,-0.016881417198362433,True
baseline,saddle_node,noise_growth,22,Bayesian SINDy (spike-slab),54.0,0.7383767590239647,0.012264146153225741,True
baseline,saddle_node,noise_growth,22,Bayesian SINDy (spike-slab),70.0,1.5226410310236593,0.004491466127907268,True
baseline,saddle_node,noise_growth,22,Bayesian SINDy (spike-slab),78.0,0.9340782484391683,0.005682630696469099,True
baseline,saddle_node,noise_growth,22,Kalman OU,38.0,-1.099032161298389,0.034609500432535696,True
baseline,saddle_node,noise_growth,22,Kalman OU,54.0,-2.2363936156741904,0.09298448851831437,True
baseline,saddle_node,noise_growth,22,Kalman OU,70.0,0.24033536914715714,0.017539676229357336,True
baseline,saddle_node,noise_growth,22,Kalman OU,78.0,-0.44593873153134,0.032807382344024937,True
baseline,saddle_node,noise_growth,22,Latent Neural SDE (VI),38.0,0.015552759170532227,-0.02256775431010924,True
baseline,saddle_node,noise_growth,22,Latent Neural SDE (VI),54.0,-0.3361694812774658,0.006617904662080856,True
baseline,saddle_node,noise_growth,22,Latent Neural SDE (VI),70.0,1.8001066446304321,0.0006798329076768833,True
baseline,saddle_node,noise_growth,22,Latent Neural SDE (VI),78.0,1.4624910354614258,-0.0038751275807084595,True
baseline,saddle_node,noise_growth,22,Moment OU,38.0,,,False
baseline,saddle_node,noise_growth,22,Moment OU,54.0,0.6843990216375495,0.011732672916112227,True
baseline,saddle_node,noise_growth,22,Moment OU,70.0,1.5878135515183711,-0.02166259941397415,True
baseline,saddle_node,noise_growth,22,Moment OU,78.0,1.3506598628151063,-0.01312039685470684,True
baseline,saddle_node,noise_growth,22,Neural SDE (Euler),38.0,0.03944802284240723,-0.0249496830553822,True
baseline,saddle_node,noise_growth,22,Neural SDE (Euler),54.0,-0.2798628807067871,0.0043019718072307145,True
baseline,saddle_node,noise_growth,22,Neural SDE (Euler),70.0,1.7886956930160522,0.002747227572969177,True
baseline,saddle_node,noise_growth,22,Neural SDE (Euler),78.0,1.4472520351409912,-0.004657952357601969,True
baseline,saddle_node,noise_growth,22,SINDy-STLSQ,38.0,0.11307509626275891,-0.015304995123846768,True
baseline,saddle_node,noise_growth,22,SINDy-STLSQ,54.0,-0.24897064151905868,0.014867538347641221,True
baseline,saddle_node,noise_growth,22,SINDy-STLSQ,70.0,0.5132209833537842,0.0052424104520157055,True
baseline,saddle_node,noise_growth,22,SINDy-STLSQ,78.0,-0.5049370050268251,0.005750992888265236,True
baseline,saddle_node,noise_growth,23,Bayesian SINDy (spike-slab),38.0,0.017860113237305075,-0.007906109355180463,True
baseline,saddle_node,noise_growth,23,Bayesian SINDy (spike-slab),54.0,-0.7779830117661333,0.00934175535115192,True
baseline,saddle_node,noise_growth,23,Bayesian SINDy (spike-slab),70.0,0.7538799476288052,0.013385293233540707,True
baseline,saddle_node,noise_growth,23,Bayesian SINDy (spike-slab),78.0,1.1930405640952546,0.009957670583379874,True
baseline,saddle_node,noise_growth,23,Kalman OU,38.0,0.23611240771755437,-0.013809774763626749,True
baseline,saddle_node,noise_growth,23,Kalman OU,54.0,-1.267609844616877,0.01850443378570725,True
baseline,saddle_node,noise_growth,23,Kalman OU,70.0,-0.8363444267966065,0.04619817186273498,True
baseline,saddle_node,noise_growth,23,Kalman OU,78.0,-0.25708915492700934,0.02298812584020552,True
baseline,saddle_node,noise_growth,23,Latent Neural SDE (VI),38.0,0.1543712615966797,-0.006657886589694129,True
baseline,saddle_node,noise_growth,23,Latent Neural SDE (VI),54.0,-1.8573248386383057,0.005132767859053214,True
baseline,saddle_node,noise_growth,23,Latent Neural SDE (VI),70.0,0.4791238307952881,0.013171069656359516,True
baseline,saddle_node,noise_growth,23,Latent Neural SDE (VI),78.0,1.2181003093719482,0.007795649355580803,True
baseline,saddle_node,noise_growth,23,Moment OU,38.0,,,False
baseline,saddle_node,noise_growth,23,Moment OU,54.0,-2.2776893143784145,0.043525123573920646,True
baseline,saddle_node,noise_growth,23,Moment OU,70.0,-0.3587220568113065,0.028396879536747743,True
baseline,saddle_node,noise_growth,23,Moment OU,78.0,0.060912230925657174,0.00852951244657233,True
baseline,saddle_node,noise_growth,23,Neural SDE (Euler),38.0,0.20169878005981445,-0.007454869723131641,True
baseline,saddle_node,noise_growth,23,Neural SDE (Euler),54.0,-1.7730555534362793,0.003593053829520035,True
baseline,saddle_node,noise_growth,23,Neural SDE (Euler),70.0,0.7512011528015137,0.012631527780573831,True
baseline,saddle_node,noise_growth,23,Neural SDE (Euler),78.0,1.2384376525878906,0.00836359440604137,True
baseline,saddle_node,noise_growth,23,SINDy-STLSQ,38.0,0.08747936019930513,-0.008934472886171371,True
baseline,saddle_node,noise_growth,23,SINDy-STLSQ,54.0,-0.1579872838370031,0.008836125454468657,True
baseline,saddle_node,noise_growth,23,SINDy-STLSQ,70.0,0.2641614031866102,0.013831039763507802,True
baseline,saddle_node,noise_growth,23,SINDy-STLSQ,78.0,1.3309222238434926,0.00982332179513419,True
baseline,saddle_node,noise_growth,24,Bayesian SINDy (spike-slab),38.0,0.2198118521936241,0.010124958232496317,True
baseline,saddle_node,noise_growth,24,Bayesian SINDy (spike-slab),54.0,0.521897771431318,-0.002235559693053779,True
baseline,saddle_node,noise_growth,24,Bayesian SINDy (spike-slab),70.0,1.5681458044801018,0.013899501205721115,True
baseline,saddle_node,noise_growth,24,Bayesian SINDy (spike-slab),78.0,2.207030146220559,0.03248233296668472,True
baseline,saddle_node,noise_growth,24,Kalman OU,38.0,-1.525444782879429,0.044984351909320076,True
baseline,saddle_node,noise_growth,24,Kalman OU,54.0,-1.641834044341659,0.04383469740728597,True
baseline,saddle_node,noise_growth,24,Kalman OU,70.0,0.2577815246477718,0.02811788592760279,True
baseline,saddle_node,noise_growth,24,Kalman OU,78.0,0.4679304934662586,0.040653593798735156,True
baseline,saddle_node,noise_growth,24,Latent Neural SDE (VI),38.0,1.022089958190918,0.012263149136393564,True
baseline,saddle_node,noise_growth,24,Latent Neural SDE (VI),54.0,0.5203545093536377,0.000483228042002265,True
baseline,saddle_node,noise_growth,24,Latent Neural SDE (VI),70.0,2.141488552093506,0.011476085348806675,True
baseline,saddle_node,noise_growth,24,Latent Neural SDE (VI),78.0,2.558572292327881,0.03363332439806374,True
baseline,saddle_node,noise_growth,24,Moment OU,38.0,,,False
baseline,saddle_node,noise_growth,24,Moment OU,54.0,,,False
baseline,saddle_node,noise_growth,24,Moment OU,70.0,,,False
baseline,saddle_node,noise_growth,24,Moment OU,78.0,,,False
baseline,saddle_node,noise_growth,24,Neural SDE (Euler),38.0,1.0326409339904785,0.010991011579303045,True
baseline,saddle_node,noise_growth,24,Neural SDE (Euler),54.0,0.7237207889556885,0.00018537236204488328,True
baseline,saddle_node,noise_growth,24,Neural SDE (Euler),70.0,2.0393002033233643,0.011431786817603692,True
baseline,saddle_node,noise_growth,24,Neural SDE (Euler),78.0,2.516000747680664,0.03717045368400215,True
baseline,saddle_node,noise_growth,24,SINDy-STLSQ,38.0,0.20805209711314854,0.010708423262917682,True
baseline,saddle_node,noise_growth,24,SINDy-STLSQ,54.0,0.6008183439566754,-0.0009947886015707202,True
baseline,saddle_node,noise_growth,24,SINDy-STLSQ,70.0,2.075622239074839,0.013143826344622841,True
baseline,saddle_node,noise_growth,24,SINDy-STLSQ,78.0,2.3673217553412433,0.032206521689885415,True
baseline,saddle_node,noise_growth,25,Bayesian SINDy (spike-slab),38.0,0.566427944911708,-0.015409547626358211,True
baseline,saddle_node,noise_growth,25,Bayesian SINDy (spike-slab),54.0,0.87683780586134,0.012697337389085461,True
baseline,saddle_node,noise_growth,25,Bayesian SINDy (spike-slab),70.0,-0.34597112586699685,0.01837542272874637,True
baseline,saddle_node,noise_growth,25,Bayesian SINDy (spike-slab),78.0,1.1587759898613763,0.023447236632228516,True
baseline,saddle_node,noise_growth,25,Kalman OU,38.0,-0.6672136066648962,0.020503567816081272,True
baseline,saddle_node,noise_growth,25,Kalman OU,54.0,0.6712266645561916,-0.004811646757714918,True
baseline,saddle_node,noise_growth,25,Kalman OU,70.0,-0.19257824461419415,0.0048822870073303645,True
baseline,saddle_node,noise_growth,25,Kalman OU,78.0,-0.4014488111105623,0.04468431790022171,True
baseline,saddle_node,noise_growth,25,Latent Neural SDE (VI),38.0,-0.2180933952331543,-0.014414956140571394,True
baseline,saddle_node,noise_growth,25,Latent Neural SDE (VI),54.0,-0.18177270889282227,0.009886929209435569,True
baseline,saddle_node,noise_growth,25,Latent Neural SDE (VI),70.0,-0.6010799407958984,0.01838192816486127,True
baseline,saddle_node,noise_growth,25,Latent Neural SDE (VI),78.0,0.35438108444213867,0.015540012465928246,True
baseline,saddle_node,noise_growth,25,Moment OU,38.0,,,False
baseline,saddle_node,noise_growth,25,Moment OU,54.0,0.6089994536756798,0.015056555637085786,True
baseline,saddle_node,noise_growth,25,Moment OU,70.0,-2.9548156464850246,0.07160869007553033,True
baseline,saddle_node,noise_growth,25,Moment OU,78.0,0.6680199736548231,0.030206845784309627,True
baseline,saddle_node,noise_growth,25,Neural SDE (Euler),38.0,-0.3247065544128418,-0.01334901539569669,True
baseline,saddle_node,noise_growth,25,Neural SDE (Euler),54.0,-0.23967981338500977,0.011276158514405568,True
baseline,saddle_node,noise_growth,25,Neural SDE (Euler),70.0,-0.6351714134216309,0.01878147044633076,True
baseline,saddle_node,noise_growth,25,Neural SDE (Euler),78.0,0.3676109313964844,0.01598729801259531,True
baseline,saddle_node,noise_growth,25,SINDy-STLSQ,38.0,-0.3054285905641647,-0.015672652098549095,True
baseline,saddle_node,noise_growth,25,SINDy-STLSQ,54.0,-0.6173326067340676,0.012022795958545426,True
baseline,saddle_node,noise_growth,25,SINDy-STLSQ,70.0,-1.5986589725824456,0.017902364375935703,True
baseline,saddle_node,noise_growth,25,SINDy-STLSQ,78.0,0.10442383426985202,0.023180200018518504,True
baseline,saddle_node,noise_growth,26,Bayesian SINDy (spike-slab),38.0,0.775089983408106,0.004353148608642443,True
baseline,saddle_node,noise_growth,26,Bayesian SINDy (spike-slab),54.0,0.7427436042156543,0.00033468012099713285,True
baseline,saddle_node,noise_growth,26,Bayesian SINDy (spike-slab),70.0,1.069966072561812,0.02350375087520494,True
baseline,saddle_node,noise_growth,26,Bayesian SINDy (spike-slab),78.0,0.478126838050148,0.018971378850464626,True
baseline,saddle_node,noise_growth,26,Kalman OU,38.0,-0.9849019590749492,0.02877633601226076,True
baseline,saddle_node,noise_growth,26,Kalman OU,54.0,0.5424448752194315,-0.016895013433610412,True
baseline,saddle_node,noise_growth,26,Kalman OU,70.0,0.33318281304293584,0.010226349819509525,True
baseline,saddle_node,noise_growth,26,Kalman OU,78.0,-2.2951471385950453,0.07539181832660564,True
baseline,saddle_node,noise_growth,26,Latent Neural SDE (VI),38.0,1.5372037887573242,0.0023879259233797467,True
baseline,saddle_node,noise_growth,26,Latent Neural SDE (VI),54.0,1.2800703048706055,0.002612524423448989,True
baseline,saddle_node,noise_growth,26,Latent Neural SDE (VI),70.0,-0.20090007781982422,0.013044026763972538,True
baseline,saddle_node,noise_growth,26,Latent Neural SDE (VI),78.0,0.6149997711181641,0.01811695193012293,True
baseline,saddle_node,noise_growth,26,Moment OU,38.0,0.8411473632662487,-0.004237489826469848,True
baseline,saddle_node,noise_growth,26,Moment OU,54.0,1.1868899816883045,-0.017161140625063437,True
baseline,saddle_node,noise_growth,26,Moment OU,70.0,0.06107586996751224,0.04501033582792389,True
baseline,saddle_node,noise_growth,26,Moment OU,78.0,-0.8446380679598773,0.042491011941468766,True
baseline,saddle_node,noise_growth,26,Neural SDE (Euler),38.0,1.3129854202270508,0.007055356786012573,True
baseline,saddle_node,noise_growth,26,Neural SDE (Euler),54.0,1.077185869216919,0.00793253909778252,True
baseline,saddle_node,noise_growth,26,Neural SDE (Euler),70.0,-0.24611568450927734,0.02027414119016037,True
baseline,saddle_node,noise_growth,26,Neural SDE (Euler),78.0,0.3046278953552246,0.021672982547598085,True
baseline,saddle_node,noise_growth,26,SINDy-STLSQ,38.0,1.4586316953142258,0.0024241040558864585,True
baseline,saddle_node,noise_growth,26,SINDy-STLSQ,54.0,1.3192810988241888,-0.0013145518113144988,True
baseline,saddle_node,noise_growth,26,SINDy-STLSQ,70.0,0.4683322176601106,0.019286586731717195,True
baseline,saddle_node,noise_growth,26,SINDy-STLSQ,78.0,-0.02552877274685983,0.018299992820457633,True
baseline,saddle_node,noise_growth,27,Bayesian SINDy (spike-slab),38.0,0.8420534637668102,0.023948495197175818,True
baseline,saddle_node,noise_growth,27,Bayesian SINDy (spike-slab),54.0,1.2469578465469193,0.02501223325719923,True
baseline,saddle_node,noise_growth,27,Bayesian SINDy (spike-slab),70.0,2.209413088516516,0.0268352514029358,True
baseline,saddle_node,noise_growth,27,Bayesian SINDy (spike-slab),78.0,1.8571105327863418,0.03767038134197938,True
baseline,saddle_node,noise_growth,27,Kalman OU,38.0,2.6459410887120445,-0.0228932932026499,True
baseline,saddle_node,noise_growth,27,Kalman OU,54.0,0.8050398029069337,0.04073361816706672,True
baseline,saddle_node,noise_growth,27,Kalman OU,70.0,0.7842220822518411,0.0745992362646531,True
baseline,saddle_node,noise_growth,27,Kalman OU,78.0,0.34643908441439475,0.094431665052574,True
baseline,saddle_node,noise_growth,27,Latent Neural SDE (VI),38.0,0.7036433219909668,0.026145352217024076,True
baseline,saddle_node,noise_growth,27,Latent Neural SDE (VI),54.0,0.46317005157470703,0.03270044240058814,True
baseline,saddle_node,noise_growth,27,Latent Neural SDE (VI),70.0,1.1108627319335938,0.024238074729801953,True
baseline,saddle_node,noise_growth,27,Latent Neural SDE (VI),78.0,2.0119078159332275,0.04476706113756221,True
baseline,saddle_node,noise_growth,27,Moment OU,38.0,,,False
baseline,saddle_node,noise_growth,27,Moment OU,54.0,,,False
baseline,saddle_node,noise_growth,27,Moment OU,70.0,,,False
baseline,saddle_node,noise_growth,27,Moment OU,78.0,,,False
baseline,saddle_node,noise_growth,27,Neural SDE (Euler),38.0,0.5277435779571533,0.02333285495822153,True
baseline,saddle_node,noise_growth,27,Neural SDE (Euler),54.0,0.22731351852416992,0.03426854611163667,True
baseline,saddle_node,noise_growth,27,Neural SDE (Euler),70.0,0.8745889663696289,0.027127014865069327,True
baseline,saddle_node,noise_growth,27,Neural SDE (Euler),78.0,1.8255388736724854,0.045644498762152846,True
baseline,saddle_node,noise_growth,27,SINDy-STLSQ,38.0,2.18362727904571,0.02322627059766945,True
baseline,saddle_node,noise_growth,27,SINDy-STLSQ,54.0,0.8018489506225812,0.02481543933063901,True
baseline,saddle_node,noise_growth,27,SINDy-STLSQ,70.0,2.489819515637217,0.02687028854555762,True
baseline,saddle_node,noise_growth,27,SINDy-STLSQ,78.0,1.3064635355963565,0.036769264506469695,True
baseline,saddle_node,noise_growth,28,Bayesian SINDy (spike-slab),38.0,-0.6867493059049639,0.00568728302380439,True
baseline,saddle_node,noise_growth,28,Bayesian SINDy (spike-slab),54.0,-1.1953351916016404,0.023374284548014435,True
baseline,saddle_node,noise_growth,28,Bayesian SINDy (spike-slab),70.0,0.12343431619594325,0.017925083470196695,True
baseline,saddle_node,noise_growth,28,Bayesian SINDy (spike-slab),78.0,0.4974302107771291,0.02739161366814863,True
baseline,saddle_node,noise_growth,28,Kalman OU,38.0,0.06526053622122763,-0.00948796006551763,True
baseline,saddle_node,noise_growth,28,Kalman OU,54.0,-2.600056530402552,0.05396480782727517,True
baseline,saddle_node,noise_growth,28,Kalman OU,70.0,-1.1031794156291186,0.041622961441426756,True
baseline,saddle_node,noise_growth,28,Kalman OU,78.0,-0.9519088747991842,0.05573507943034156,True
baseline,saddle_node,noise_growth,28,Latent Neural SDE (VI),38.0,-1.6896600723266602,0.007282953650197058,True
baseline,saddle_node,noise_growth,28,Latent Neural SDE (VI),54.0,-2.8464102745056152,0.023791270570441864,True
baseline,saddle_node,noise_growth,28,Latent Neural SDE (VI),70.0,-0.22176122665405273,0.020466594402807722,True
baseline,saddle_node,noise_growth,28,Latent Neural SDE (VI),78.0,-0.5876078605651855,0.024010955274268192,True
baseline,saddle_node,noise_growth,28,Moment OU,38.0,,,False
baseline,saddle_node,noise_growth,28,Moment OU,54.0,,,False
baseline,saddle_node,noise_growth,28,Moment OU,70.0,,,False
baseline,saddle_node,noise_growth,28,Moment OU,78.0,,,False
baseline,saddle_node,noise_growth,28,Neural SDE (Euler),38.0,-1.6202969551086426,0.007332536800984238,True
baseline,saddle_node,noise_growth,28,Neural SDE (Euler),54.0,-2.795933723449707,0.02185896066031147,True
baseline,saddle_node,noise_growth,28,Neural SDE (Euler),70.0,-0.12840604782104492,0.021466949669920146,True
baseline,saddle_node,noise_growth,28,Neural SDE (Euler),78.0,-0.5578973293304443,0.02546506909497187,True
baseline,saddle_node,noise_growth,28,SINDy-STLSQ,38.0,-0.24438149387264296,0.006956546803476182,True
baseline,saddle_node,noise_growth,28,SINDy-STLSQ,54.0,-2.4798465805576932,0.02278006204384614,True
baseline,saddle_node,noise_growth,28,SINDy-STLSQ,70.0,1.2772831376451361,0.018758563909473905,True
baseline,saddle_node,noise_growth,28,SINDy-STLSQ,78.0,0.7804272475001377,0.028036682499724713,True
baseline,saddle_node,noise_growth,29,Bayesian SINDy (spike-slab),38.0,-1.0981710917664467,0.009470175936195646,True
baseline,saddle_node,noise_growth,29,Bayesian SINDy (spike-slab),54.0,0.7360665372324977,0.008069835629903307,True
baseline,saddle_node,noise_growth,29,Bayesian SINDy (spike-slab),70.0,1.3896100393511213,0.012140909118273535,True
baseline,saddle_node,noise_growth,29,Bayesian SINDy (spike-slab),78.0,1.1798143624068802,0.01682463668511429,True
baseline,saddle_node,noise_growth,29,Kalman OU,38.0,-1.4683869786388595,0.0052567466963296255,True
baseline,saddle_node,noise_growth,29,Kalman OU,54.0,0.40278704128030474,0.004272567540308712,True
baseline,saddle_node,noise_growth,29,Kalman OU,70.0,0.04246153559909538,0.03437544853500225,True
baseline,saddle_node,noise_growth,29,Kalman OU,78.0,-0.6480158743371849,0.05829228767722799,True
baseline,saddle_node,noise_growth,29,Latent Neural SDE (VI),38.0,-0.8840188980102539,0.010372202264513755,True
baseline,saddle_node,noise_growth,29,Latent Neural SDE (VI),54.0,2.114623546600342,0.012992063431721296,True
baseline,saddle_node,noise_growth,29,Latent Neural SDE (VI),70.0,1.9550278186798096,0.007829075250328013,True
baseline,saddle_node,noise_growth,29,Latent Neural SDE (VI),78.0,1.697451114654541,0.014940160116899123,True
baseline,saddle_node,noise_growth,29,Moment OU,38.0,,,False
baseline,saddle_node,noise_growth,29,Moment OU,54.0,,,False
baseline,saddle_node,noise_growth,29,Moment OU,70.0,,,False
baseline,saddle_node,noise_growth,29,Moment OU,78.0,,,False
baseline,saddle_node,noise_growth,29,Neural SDE (Euler),38.0,-1.0634474754333496,0.010132726870613604,True
baseline,saddle_node,noise_growth,29,Neural SDE (Euler),54.0,2.0142688751220703,0.012735888093120803,True
baseline,saddle_node,noise_growth,29,Neural SDE (Euler),70.0,1.9995880126953125,0.008426793318097203,True
baseline,saddle_node,noise_growth,29,Neural SDE (Euler),78.0,1.723177194595337,0.015490151702346688,True
baseline,saddle_node,noise_growth,29,SINDy-STLSQ,38.0,-1.3479519809479492,0.009612781796250677,True
baseline,saddle_node,noise_growth,29,SINDy-STLSQ,54.0,0.6846195868204275,0.008047570114626493,True
baseline,saddle_node,noise_growth,29,SINDy-STLSQ,70.0,1.5830437665195294,0.011595008973860343,True
baseline,saddle_node,noise_growth,29,SINDy-STLSQ,78.0,0.8612747025260812,0.016273475181439845,True
baseline,saddle_node,stability_loss,20,Bayesian SINDy (spike-slab),38.0,0.5720317931850301,0.004126735186701827,True
baseline,saddle_node,stability_loss,20,Bayesian SINDy (spike-slab),54.0,-0.5359476755437722,0.00026235420024257883,True
baseline,saddle_node,stability_loss,20,Bayesian SINDy (spike-slab),70.0,1.079534640265458,0.01771217153084491,True
baseline,saddle_node,stability_loss,20,Bayesian SINDy (spike-slab),78.0,2.135128608299442,0.011704876848873946,True
baseline,saddle_node,stability_loss,20,Kalman OU,38.0,1.6164331818530715,-0.030303232327039742,True
baseline,saddle_node,stability_loss,20,Kalman OU,54.0,1.2271695316554234,-0.032970882906792794,True
baseline,saddle_node,stability_loss,20,Kalman OU,70.0,1.5574363913686007,-0.015261863813750394,True
baseline,saddle_node,stability_loss,20,Kalman OU,78.0,1.6958549591906265,-0.02053569161472036,True
baseline,saddle_node,stability_loss,20,Latent Neural SDE (VI),38.0,1.005199909210205,0.0029023117528909487,True
baseline,saddle_node,stability_loss,20,Latent Neural SDE (VI),54.0,-0.010365486145019531,0.003604308047486196,True
baseline,saddle_node,stability_loss,20,Latent Neural SDE (VI),70.0,1.8369578123092651,0.014002618424168847,True
baseline,saddle_node,stability_loss,20,Latent Neural SDE (VI),78.0,2.8697993755340576,0.008360574125522519,True
baseline,saddle_node,stability_loss,20,Moment OU,38.0,,,False
baseline,saddle_node,stability_loss,20,Moment OU,54.0,,,False
baseline,saddle_node,stability_loss,20,Moment OU,70.0,,,False
baseline,saddle_node,stability_loss,20,Moment OU,78.0,,,False
baseline,saddle_node,stability_loss,20,Neural SDE (Euler),38.0,1.0466980934143066,0.00349792452890596,True
baseline,saddle_node,stability_loss,20,Neural SDE (Euler),54.0,0.00020170211791992188,0.0026562972049284928,True
baseline,saddle_node,stability_loss,20,Neural SDE (Euler),70.0,1.8285763263702393,0.013912043295411486,True
baseline,saddle_node,stability_loss,20,Neural SDE (Euler),78.0,2.794299364089966,0.012521356933136732,True
baseline,saddle_node,stability_loss,20,SINDy-STLSQ,38.0,0.22428596620528318,0.0036072372560978644,True
baseline,saddle_node,stability_loss,20,SINDy-STLSQ,54.0,-2.594190116087637,-0.000621666991705655,True
baseline,saddle_node,stability_loss,20,SINDy-STLSQ,70.0,1.0952690485049406,0.01666208010566811,True
baseline,saddle_node,stability_loss,20,SINDy-STLSQ,78.0,1.6842202529236365,0.00998550858215054,True
baseline,saddle_node,stability_loss,21,Bayesian SINDy (spike-slab),38.0,-0.18698620217097361,0.004740896241059084,True
baseline,saddle_node,stability_loss,21,Bayesian SINDy (spike-slab),54.0,-0.838669065474102,-0.0018734448767504935,True
baseline,saddle_node,stability_loss,21,Bayesian SINDy (spike-slab),70.0,-0.1577475740705967,0.015567955018902874,True
baseline,saddle_node,stability_loss,21,Bayesian SINDy (spike-slab),78.0,-0.6038470113174368,0.007773820121665206,True
baseline,saddle_node,stability_loss,21,Kalman OU,38.0,0.18342205647918328,-0.013924547430655587,True
baseline,saddle_node,stability_loss,21,Kalman OU,54.0,-0.5142948461735691,0.007374968387027503,True
baseline,saddle_node,stability_loss,21,Kalman OU,70.0,-0.12130800507463113,0.003784813161099791,True
baseline,saddle_node,stability_loss,21,Kalman OU,78.0,-0.043996842994034835,-0.005273650969490357,True
baseline,saddle_node,stability_loss,21,Latent Neural SDE (VI),38.0,-0.0721433162689209,0.0017386532176938557,True
baseline,saddle_node,stability_loss,21,Latent Neural SDE (VI),54.0,-0.9232387542724609,-0.007001122877319563,True
baseline,saddle_node,stability_loss,21,Latent Neural SDE (VI),70.0,-0.5018012523651123,0.010639702804380216,True
baseline,saddle_node,stability_loss,21,Latent Neural SDE (VI),78.0,-0.526392936706543,0.00608140207408478,True
baseline,saddle_node,stability_loss,21,Moment OU,38.0,,,False
baseline,saddle_node,stability_loss,21,Moment OU,54.0,,,False
baseline,saddle_node,stability_loss,21,Moment OU,70.0,,,False
baseline,saddle_node,stability_loss,21,Moment OU,78.0,,,False
baseline,saddle_node,stability_loss,21,Neural SDE (Euler),38.0,0.021105051040649414,0.0006366628122963652,True
baseline,saddle_node,stability_loss,21,Neural SDE (Euler),54.0,-0.8830165863037109,-0.010224435780263857,True
baseline,saddle_node,stability_loss,21,Neural SDE (Euler),70.0,-0.40287256240844727,0.009107723630886286,True
baseline,saddle_node,stability_loss,21,Neural SDE (Euler),78.0,-0.552689790725708,0.002776812821831176,True
baseline,saddle_node,stability_loss,21,SINDy-STLSQ,38.0,-0.009045981378862367,0.0040522977212584105,True
baseline,saddle_node,stability_loss,21,SINDy-STLSQ,54.0,-0.895204980974218,-0.0009169781530726229,True
baseline,saddle_node,stability_loss,21,SINDy-STLSQ,70.0,-0.20030266489044668,0.014488385410071927,True
baseline,saddle_node,stability_loss,21,SINDy-STLSQ,78.0,-0.31663374350953966,0.005727524660338268,True
baseline,saddle_node,stability_loss,22,Bayesian SINDy (spike-slab),38.0,1.0922588108686357,0.003913981703676628,True
baseline,saddle_node,stability_loss,22,Bayesian SINDy (spike-slab),54.0,-0.9961152682935484,0.003151310415498293,True
baseline,saddle_node,stability_loss,22,Bayesian SINDy (spike-slab),70.0,-2.534633457457277,0.0024007610468097934,True
baseline,saddle_node,stability_loss,22,Bayesian SINDy (spike-slab),78.0,0.4218423067283139,0.010504557803961145,True
baseline,saddle_node,stability_loss,22,Kalman OU,38.0,1.2524332118756902,-0.02716141697977182,True
baseline,saddle_node,stability_loss,22,Kalman OU,54.0,1.0029505405898622,-0.03790153942285349,True
baseline,saddle_node,stability_loss,22,Kalman OU,70.0,1.0251569810458685,-0.0489773391442324,True
baseline,saddle_node,stability_loss,22,Kalman OU,78.0,1.3641454559428772,-0.03689828504022101,True
baseline,saddle_node,stability_loss,22,Latent Neural SDE (VI),38.0,1.1747982501983643,0.017912365090215265,True
baseline,saddle_node,stability_loss,22,Latent Neural SDE (VI),54.0,-0.5096371173858643,0.0022346630001790907,True
baseline,saddle_node,stability_loss,22,Latent Neural SDE (VI),70.0,-2.977766752243042,0.010612154482586553,True
baseline,saddle_node,stability_loss,22,Latent Neural SDE (VI),78.0,-0.7086734771728516,0.006368019150870416,True
baseline,saddle_node,stability_loss,22,Moment OU,38.0,,,False
baseline,saddle_node,stability_loss,22,Moment OU,54.0,,,False
baseline,saddle_node,stability_loss,22,Moment OU,70.0,,,False
baseline,saddle_node,stability_loss,22,Moment OU,78.0,,,False
baseline,saddle_node,stability_loss,22,Neural SDE (Euler),38.0,1.005864143371582,0.020062076537552848,True
baseline,saddle_node,stability_loss,22,Neural SDE (Euler),54.0,-0.5843560695648193,0.001176365610621538,True
baseline,saddle_node,stability_loss,22,Neural SDE (Euler),70.0,-3.0652222633361816,0.009745371112444084,True
baseline,saddle_node,stability_loss,22,Neural SDE (Euler),78.0,-1.0062971115112305,0.00638526915620774,True
baseline,saddle_node,stability_loss,22,SINDy-STLSQ,38.0,0.7873905247749344,0.0030868692126757857,True
baseline,saddle_node,stability_loss,22,SINDy-STLSQ,54.0,-0.39727506741803476,0.0026107264392200707,True
baseline,saddle_node,stability_loss,22,SINDy-STLSQ,70.0,-2.9473929483795884,0.0034863286767866652,True
baseline,saddle_node,stability_loss,22,SINDy-STLSQ,78.0,0.19008276282374847,0.009609703026119007,True
baseline,saddle_node,stability_loss,23,Bayesian SINDy (spike-slab),38.0,1.451892557692152,0.014311540161112926,True
baseline,saddle_node,stability_loss,23,Bayesian SINDy (spike-slab),54.0,2.611540997062916,0.012812895738000499,True
baseline,saddle_node,stability_loss,23,Bayesian SINDy (spike-slab),70.0,2.15491950663347,0.022823952496708183,True
baseline,saddle_node,stability_loss,23,Bayesian SINDy (spike-slab),78.0,1.371667841241761,0.016333415650923624,True
baseline,saddle_node,stability_loss,23,Kalman OU,38.0,1.1062589964399274,-0.02018966067092478,True
baseline,saddle_node,stability_loss,23,Kalman OU,54.0,1.049109591104112,-0.0010267465016789365,True
baseline,saddle_node,stability_loss,23,Kalman OU,70.0,0.8002829822567878,0.00462760780305068,True
baseline,saddle_node,stability_loss,23,Kalman OU,78.0,0.6488813012831176,0.0019749799754798306,True
baseline,saddle_node,stability_loss,23,Latent Neural SDE (VI),38.0,2.1037373542785645,0.02840350839569064,True
baseline,saddle_node,stability_loss,23,Latent Neural SDE (VI),54.0,3.0097196102142334,0.011826298091499765,True
baseline,saddle_node,stability_loss,23,Latent Neural SDE (VI),70.0,2.7551913261413574,0.03266133883682233,True
baseline,saddle_node,stability_loss,23,Latent Neural SDE (VI),78.0,1.2367520332336426,0.022120459768338874,True
baseline,saddle_node,stability_loss,23,Moment OU,38.0,0.14277301258476738,0.012998704671078071,True
baseline,saddle_node,stability_loss,23,Moment OU,54.0,0.6851072909509967,-0.016521956244242617,True
baseline,saddle_node,stability_loss,23,Moment OU,70.0,-0.016630824594603633,0.03202016448762586,True
baseline,saddle_node,stability_loss,23,Moment OU,78.0,0.005264119532582212,0.01939090204124939,True
baseline,saddle_node,stability_loss,23,Neural SDE (Euler),38.0,2.0275866985321045,0.0303589283502433,True
baseline,saddle_node,stability_loss,23,Neural SDE (Euler),54.0,2.9348433017730713,0.015264827567284991,True
baseline,saddle_node,stability_loss,23,Neural SDE (Euler),70.0,2.7470563650131226,0.03753272793780715,True
baseline,saddle_node,stability_loss,23,Neural SDE (Euler),78.0,1.3024277687072754,0.021940250836105263,True
baseline,saddle_node,stability_loss,23,SINDy-STLSQ,38.0,1.987803613473484,0.014370414569735757,True
baseline,saddle_node,stability_loss,23,SINDy-STLSQ,54.0,1.7233827058165612,0.011088673270110344,True
baseline,saddle_node,stability_loss,23,SINDy-STLSQ,70.0,2.8428092329269115,0.02294071749364983,True
baseline,saddle_node,stability_loss,23,SINDy-STLSQ,78.0,1.964558838479066,0.016227870322428617,True
baseline,saddle_node,stability_loss,24,Bayesian SINDy (spike-slab),38.0,-1.9377961239299226,-0.004656710702415731,True
baseline,saddle_node,stability_loss,24,Bayesian SINDy (spike-slab),54.0,-1.303397098008946,0.010018041748888665,True
baseline,saddle_node,stability_loss,24,Bayesian SINDy (spike-slab),70.0,-0.9867516062564967,0.0009305684944490578,True
baseline,saddle_node,stability_loss,24,Bayesian SINDy (spike-slab),78.0,1.1308843777943247,0.0057728314607861375,True
baseline,saddle_node,stability_loss,24,Kalman OU,38.0,-0.20079628836319963,-0.003967790091878452,True
baseline,saddle_node,stability_loss,24,Kalman OU,54.0,-0.1811160854523478,0.0017320334433952415,True
baseline,saddle_node,stability_loss,24,Kalman OU,70.0,-0.3931727778705846,0.012135118939438885,True
baseline,saddle_node,stability_loss,24,Kalman OU,78.0,0.02905440382097947,0.009440200690007266,True
baseline,saddle_node,stability_loss,24,Latent Neural SDE (VI),38.0,-2.1643331050872803,-0.0041301953192704605,True
baseline,saddle_node,stability_loss,24,Latent Neural SDE (VI),54.0,-2.185425281524658,0.010980485399567835,True
baseline,saddle_node,stability_loss,24,Latent Neural SDE (VI),70.0,-2.1079273223876953,-0.0015609109602900545,True
baseline,saddle_node,stability_loss,24,Latent Neural SDE (VI),78.0,0.9430834650993347,0.023043006304509714,True
baseline,saddle_node,stability_loss,24,Moment OU,38.0,-0.4212388005518469,-0.009015358345476187,True
baseline,saddle_node,stability_loss,24,Moment OU,54.0,-0.9924118721501699,0.023976424699449654,True
baseline,saddle_node,stability_loss,24,Moment OU,70.0,0.04816075745719922,-0.010186629934573966,True
baseline,saddle_node,stability_loss,24,Moment OU,78.0,0.3135079661083551,-0.0071278574827655095,True
baseline,saddle_node,stability_loss,24,Neural SDE (Euler),38.0,-2.001177668571472,-0.007016906961043734,True
baseline,saddle_node,stability_loss,24,Neural SDE (Euler),54.0,-2.081769585609436,0.009468418335790124,True
baseline,saddle_node,stability_loss,24,Neural SDE (Euler),70.0,-2.030594229698181,-0.0020398891309726247,True
baseline,saddle_node,stability_loss,24,Neural SDE (Euler),78.0,0.8433065414428711,0.02786371701729691,True
baseline,saddle_node,stability_loss,24,SINDy-STLSQ,38.0,-0.3066800085551096,-0.004534916113770382,True
baseline,saddle_node,stability_loss,24,SINDy-STLSQ,54.0,-0.6420547578937299,0.011343573032650503,True
baseline,saddle_node,stability_loss,24,SINDy-STLSQ,70.0,-0.2553600754915544,0.002206286589446882,True
baseline,saddle_node,stability_loss,24,SINDy-STLSQ,78.0,1.1916617422304459,0.004408069191738431,True
baseline,saddle_node,stability_loss,25,Bayesian SINDy (spike-slab),38.0,3.1107926272918656,0.01579850098317319,True
baseline,saddle_node,stability_loss,25,Bayesian SINDy (spike-slab),54.0,2.7036439108894035,0.004499570087829238,True
baseline,saddle_node,stability_loss,25,Bayesian SINDy (spike-slab),70.0,0.5715172184467483,0.008281531439957815,True
baseline,saddle_node,stability_loss,25,Bayesian SINDy (spike-slab),78.0,0.11160285282733362,0.007439194371179514,True
baseline,saddle_node,stability_loss,25,Kalman OU,38.0,1.3198198461077004,0.0014382943124279478,True
baseline,saddle_node,stability_loss,25,Kalman OU,54.0,0.9608800797349841,0.010047380621797442,True
baseline,saddle_node,stability_loss,25,Kalman OU,70.0,-1.5703922835146373,0.03883970037678766,True
baseline,saddle_node,stability_loss,25,Kalman OU,78.0,0.008233405839266794,0.000942707848308532,True
baseline,saddle_node,stability_loss,25,Latent Neural SDE (VI),38.0,3.893555521965027,0.012766122205750213,True
baseline,saddle_node,stability_loss,25,Latent Neural SDE (VI),54.0,3.764556407928467,0.004880325641238997,True
baseline,saddle_node,stability_loss,25,Latent Neural SDE (VI),70.0,1.3118557929992676,0.013974821948615948,True
baseline,saddle_node,stability_loss,25,Latent Neural SDE (VI),78.0,-0.4835796356201172,0.008240427858639113,True
baseline,saddle_node,stability_loss,25,Moment OU,38.0,0.8589924380183239,0.013991984152895036,True
baseline,saddle_node,stability_loss,25,Moment OU,54.0,,,False
baseline,saddle_node,stability_loss,25,Moment OU,70.0,-0.60131938299563,0.021416889331044714,True
baseline,saddle_node,stability_loss,25,Moment OU,78.0,-2.0679298390407297,0.03184496415527782,True
baseline,saddle_node,stability_loss,25,Neural SDE (Euler),38.0,3.8430769443511963,0.017066394623066486,True
baseline,saddle_node,stability_loss,25,Neural SDE (Euler),54.0,3.683038353919983,0.006569767164517806,True
baseline,saddle_node,stability_loss,25,Neural SDE (Euler),70.0,1.4117648601531982,0.014231779729066169,True
baseline,saddle_node,stability_loss,25,Neural SDE (Euler),78.0,-0.6307835578918457,0.008451379739890158,True
baseline,saddle_node,stability_loss,25,SINDy-STLSQ,38.0,2.575183677974021,0.013330095183988186,True
baseline,saddle_node,stability_loss,25,SINDy-STLSQ,54.0,3.3762580932802546,0.0034635021963679707,True
baseline,saddle_node,stability_loss,25,SINDy-STLSQ,70.0,0.03713627588702506,0.008156554215101197,True
baseline,saddle_node,stability_loss,25,SINDy-STLSQ,78.0,-0.8295150024014788,0.006855405293780592,True
baseline,saddle_node,stability_loss,26,Bayesian SINDy (spike-slab),38.0,1.10220210480581,-0.01925037961572111,True
baseline,saddle_node,stability_loss,26,Bayesian SINDy (spike-slab),54.0,0.9885555861200062,-0.020427163433212353,True
baseline,saddle_node,stability_loss,26,Bayesian SINDy (spike-slab),70.0,1.5425553957100742,-0.011166996330017387,True
baseline,saddle_node,stability_loss,26,Bayesian SINDy (spike-slab),78.0,0.22548559397220513,-0.01292547211379233,True
baseline,saddle_node,stability_loss,26,Kalman OU,38.0,0.12546817125086707,-0.004668775279663237,True
baseline,saddle_node,stability_loss,26,Kalman OU,54.0,0.17228273045485537,-0.011412898403800976,True
baseline,saddle_node,stability_loss,26,Kalman OU,70.0,0.33726675660225675,-0.008067261235020662,True
baseline,saddle_node,stability_loss,26,Kalman OU,78.0,0.22747614791140353,-0.016574386493787684,True
baseline,saddle_node,stability_loss,26,Latent Neural SDE (VI),38.0,1.2545557022094727,-0.032065882263414225,True
baseline,saddle_node,stability_loss,26,Latent Neural SDE (VI),54.0,1.0251494646072388,-0.026277224981319805,True
baseline,saddle_node,stability_loss,26,Latent Neural SDE (VI),70.0,1.4542871713638306,-0.020233350059817398,True
baseline,saddle_node,stability_loss,26,Latent Neural SDE (VI),78.0,0.4430825710296631,-0.025203251261458046,True
baseline,saddle_node,stability_loss,26,Moment OU,38.0,,,False
baseline,saddle_node,stability_loss,26,Moment OU,54.0,,,False
baseline,saddle_node,stability_loss,26,Moment OU,70.0,1.669012005094931,-0.053438443384048386,True
baseline,saddle_node,stability_loss,26,Moment OU,78.0,1.2412315638811222,-0.04479606731982632,True
baseline,saddle_node,stability_loss,26,Neural SDE (Euler),38.0,1.2935165166854858,-0.031626997823075195,True
baseline,saddle_node,stability_loss,26,Neural SDE (Euler),54.0,1.0224385261535645,-0.025406150739335095,True
baseline,saddle_node,stability_loss,26,Neural SDE (Euler),70.0,1.4584875106811523,-0.01707476635583874,True
baseline,saddle_node,stability_loss,26,Neural SDE (Euler),78.0,0.5798561573028564,-0.02560680455761223,True
baseline,saddle_node,stability_loss,26,SINDy-STLSQ,38.0,1.774524043095218,-0.02034175393053736,True
baseline,saddle_node,stability_loss,26,SINDy-STLSQ,54.0,0.8766706030841864,-0.021152940455256286,True
baseline,saddle_node,stability_loss,26,SINDy-STLSQ,70.0,0.7220782339742629,-0.01331573539243737,True
baseline,saddle_node,stability_loss,26,SINDy-STLSQ,78.0,0.9259012688839465,-0.014711453336753819,True
baseline,saddle_node,stability_loss,27,Bayesian SINDy (spike-slab),38.0,0.5090002157884839,0.010970166394229292,True
baseline,saddle_node,stability_loss,27,Bayesian SINDy (spike-slab),54.0,1.9990304510296413,0.008777441877550002,True
baseline,saddle_node,stability_loss,27,Bayesian SINDy (spike-slab),70.0,1.3085470114939137,0.014978754964183216,True
baseline,saddle_node,stability_loss,27,Bayesian SINDy (spike-slab),78.0,3.4707972903926088,0.016059303424123386,True
baseline,saddle_node,stability_loss,27,Kalman OU,38.0,-0.33348132240248374,0.015954968240200124,True
baseline,saddle_node,stability_loss,27,Kalman OU,54.0,0.06589198933795994,0.013968575480931642,True
baseline,saddle_node,stability_loss,27,Kalman OU,70.0,-0.02098911497224687,0.00919788599014974,True
baseline,saddle_node,stability_loss,27,Kalman OU,78.0,0.07079944781144697,0.02682570519724594,True
baseline,saddle_node,stability_loss,27,Latent Neural SDE (VI),38.0,0.9012041091918945,0.007900471211234189,True
baseline,saddle_node,stability_loss,27,Latent Neural SDE (VI),54.0,3.002360224723816,0.00735777521064758,True
baseline,saddle_node,stability_loss,27,Latent Neural SDE (VI),70.0,2.1429197788238525,0.011768686167119638,True
baseline,saddle_node,stability_loss,27,Latent Neural SDE (VI),78.0,3.9838494062423706,0.03929492410610294,True
baseline,saddle_node,stability_loss,27,Moment OU,38.0,-0.4570588886527327,0.027354907569215665,True
baseline,saddle_node,stability_loss,27,Moment OU,54.0,1.139602366766,0.0034564570728231186,True
baseline,saddle_node,stability_loss,27,Moment OU,70.0,-0.25423528961497666,0.033707277699061115,True
baseline,saddle_node,stability_loss,27,Moment OU,78.0,1.3128191846986774,0.01630700122470049,True
baseline,saddle_node,stability_loss,27,Neural SDE (Euler),38.0,1.1208624839782715,0.008243225411218885,True
baseline,saddle_node,stability_loss,27,Neural SDE (Euler),54.0,3.005008101463318,0.008319623894959438,True
baseline,saddle_node,stability_loss,27,Neural SDE (Euler),70.0,2.228896141052246,0.012980756681827382,True
baseline,saddle_node,stability_loss,27,Neural SDE (Euler),78.0,3.965380847454071,0.05113489911020849,True
baseline,saddle_node,stability_loss,27,SINDy-STLSQ,38.0,1.1074379671377654,0.012284501453100824,True
baseline,saddle_node,stability_loss,27,SINDy-STLSQ,54.0,2.5886319138093556,0.010270518575482127,True
baseline,saddle_node,stability_loss,27,SINDy-STLSQ,70.0,1.913639694552662,0.011880259581107055,True
baseline,saddle_node,stability_loss,27,SINDy-STLSQ,78.0,3.3339816412592054,0.015478190943488193,True
baseline,saddle_node,stability_loss,28,Bayesian SINDy (spike-slab),38.0,1.660408530919722,-0.009376022380555335,True
baseline,saddle_node,stability_loss,28,Bayesian SINDy (spike-slab),54.0,1.1497347058924654,-0.005433849517624878,True
baseline,saddle_node,stability_loss,28,Bayesian SINDy (spike-slab),70.0,2.2090003525796016,0.007465633742401667,True
baseline,saddle_node,stability_loss,28,Bayesian SINDy (spike-slab),78.0,1.5367388633151733,-0.00542667742152915,True
baseline,saddle_node,stability_loss,28,Kalman OU,38.0,0.3187288198989854,-0.0015072119717768999,True
baseline,saddle_node,stability_loss,28,Kalman OU,54.0,-0.5630924957430415,0.028773327514621836,True
baseline,saddle_node,stability_loss,28,Kalman OU,70.0,0.33445371097501614,0.0068519488839891875,True
baseline,saddle_node,stability_loss,28,Kalman OU,78.0,0.13502992278248427,0.002111191583220099,True
baseline,saddle_node,stability_loss,28,Latent Neural SDE (VI),38.0,2.08847713470459,-0.006094485918510598,True
baseline,saddle_node,stability_loss,28,Latent Neural SDE (VI),54.0,0.3722834587097168,-0.015149076856475471,True
baseline,saddle_node,stability_loss,28,Latent Neural SDE (VI),70.0,2.2299983501434326,0.01758388076843033,True
baseline,saddle_node,stability_loss,28,Latent Neural SDE (VI),78.0,1.7322334051132202,-0.003539639469414421,True
baseline,saddle_node,stability_loss,28,Moment OU,38.0,,,False
baseline,saddle_node,stability_loss,28,Moment OU,54.0,1.691725498528211,-0.04759547939359492,True
baseline,saddle_node,stability_loss,28,Moment OU,70.0,1.466393077560829,-0.01314153656883705,True
baseline,saddle_node,stability_loss,28,Moment OU,78.0,1.61974451305473,-0.040336973036240995,True
baseline,saddle_node,stability_loss,28,Neural SDE (Euler),38.0,1.9533121585845947,-0.006590866813357049,True
baseline,saddle_node,stability_loss,28,Neural SDE (Euler),54.0,0.3772587776184082,-0.01404728721935268,True
baseline,saddle_node,stability_loss,28,Neural SDE (Euler),70.0,2.082463026046753,0.02056325040490585,True
baseline,saddle_node,stability_loss,28,Neural SDE (Euler),78.0,1.5665465593338013,-0.0031113554455460407,True
baseline,saddle_node,stability_loss,28,SINDy-STLSQ,38.0,1.0034188679645677,-0.009239839210039485,True
baseline,saddle_node,stability_loss,28,SINDy-STLSQ,54.0,0.8755909459423088,-0.005247609391727873,True
baseline,saddle_node,stability_loss,28,SINDy-STLSQ,70.0,0.8130918822967734,0.005239128856502129,True
baseline,saddle_node,stability_loss,28,SINDy-STLSQ,78.0,1.4136806888244404,-0.005663380697166334,True
baseline,saddle_node,stability_loss,29,Bayesian SINDy (spike-slab),38.0,-0.12562571328887007,0.0006754562185637136,True
baseline,saddle_node,stability_loss,29,Bayesian SINDy (spike-slab),54.0,0.9982955171842907,0.0035037787915495194,True
baseline,saddle_node,stability_loss,29,Bayesian SINDy (spike-slab),70.0,1.4391930713792105,0.00778392122470678,True
baseline,saddle_node,stability_loss,29,Bayesian SINDy (spike-slab),78.0,0.54376691482071,0.0027456828985239073,True
baseline,saddle_node,stability_loss,29,Kalman OU,38.0,-0.8367098825442105,0.019360056542744194,True
baseline,saddle_node,stability_loss,29,Kalman OU,54.0,0.14672158200339258,0.008004106918138982,True
baseline,saddle_node,stability_loss,29,Kalman OU,70.0,0.3429793061598081,-0.00548368842918974,True
baseline,saddle_node,stability_loss,29,Kalman OU,78.0,0.11858970778226707,0.0008702416496452516,True
baseline,saddle_node,stability_loss,29,Latent Neural SDE (VI),38.0,-0.6656520366668701,0.00212860945552705,True
baseline,saddle_node,stability_loss,29,Latent Neural SDE (VI),54.0,1.1108839511871338,0.004570926364288672,True
baseline,saddle_node,stability_loss,29,Latent Neural SDE (VI),70.0,1.3425450325012207,0.010814244926495326,True
baseline,saddle_node,stability_loss,29,Latent Neural SDE (VI),78.0,-0.3511490821838379,0.003287994699961022,True
baseline,saddle_node,stability_loss,29,Moment OU,38.0,-0.9384885425005592,0.020709602925118694,True
baseline,saddle_node,stability_loss,29,Moment OU,54.0,-0.29871922838756515,0.022081223315238662,True
baseline,saddle_node,stability_loss,29,Moment OU,70.0,-0.15270974102068155,0.018459406499031324,True
baseline,saddle_node,stability_loss,29,Moment OU,78.0,-0.05238038310029361,0.006293590462158081,True
baseline,saddle_node,stability_loss,29,Neural SDE (Euler),38.0,-0.5427651405334473,0.001799803505333153,True
baseline,saddle_node,stability_loss,29,Neural SDE (Euler),54.0,1.0393366813659668,0.00432679974679008,True
baseline,saddle_node,stability_loss,29,Neural SDE (Euler),70.0,1.3412132263183594,0.01624556156734773,True
baseline,saddle_node,stability_loss,29,Neural SDE (Euler),78.0,-0.33366966247558594,0.003990096837173829,True
baseline,saddle_node,stability_loss,29,SINDy-STLSQ,38.0,-0.06496328195986534,0.00010655896845432333,True
baseline,saddle_node,stability_loss,29,SINDy-STLSQ,54.0,1.1153653862026347,0.0035049136961643745,True
baseline,saddle_node,stability_loss,29,SINDy-STLSQ,70.0,1.3477066332668641,0.007287392274062249,True
baseline,saddle_node,stability_loss,29,SINDy-STLSQ,78.0,0.00493544038221394,0.0027593080916971657,True
baseline,saddle_node,stationary,0,Bayesian SINDy (spike-slab),38.0,0.1758554247309183,-0.005695887531608296,True
baseline,saddle_node,stationary,0,Bayesian SINDy (spike-slab),54.0,0.48714179440283667,0.007130949837752226,True
baseline,saddle_node,stationary,0,Bayesian SINDy (spike-slab),70.0,0.13131227209182672,-0.008161458893242768,True
baseline,saddle_node,stationary,0,Bayesian SINDy (spike-slab),78.0,0.5694412686262647,0.0029109535455063285,True
baseline,saddle_node,stationary,0,Kalman OU,38.0,0.19751377480507415,-0.006074620056300373,True
baseline,saddle_node,stationary,0,Kalman OU,54.0,-0.749798450973459,0.015860021344953863,True
baseline,saddle_node,stationary,0,Kalman OU,70.0,-1.9749411020659247,0.012301321388531693,True
baseline,saddle_node,stationary,0,Kalman OU,78.0,0.7727852766221426,-0.014567793685711402,True
baseline,saddle_node,stationary,0,Latent Neural SDE (VI),38.0,1.3838615417480469,0.005930695295600766,True
baseline,saddle_node,stationary,0,Latent Neural SDE (VI),54.0,1.7562460899353027,0.028211064432379376,True
baseline,saddle_node,stationary,0,Latent Neural SDE (VI),70.0,2.3459067344665527,0.0073478086824975974,True
baseline,saddle_node,stationary,0,Latent Neural SDE (VI),78.0,2.0391077995300293,0.013479833301590374,True
baseline,saddle_node,stationary,0,Moment OU,38.0,1.6768477555320611,-0.027030123788338564,True
baseline,saddle_node,stationary,0,Moment OU,54.0,-1.0395400654734184,0.026308130241207386,True
baseline,saddle_node,stationary,0,Moment OU,70.0,,,False
baseline,saddle_node,stationary,0,Moment OU,78.0,0.5833925201180694,-0.0004486563126842938,True
baseline,saddle_node,stationary,0,Neural SDE (Euler),38.0,1.8190679550170898,0.00881841796456033,True
baseline,saddle_node,stationary,0,Neural SDE (Euler),54.0,2.079909324645996,0.03163903015508118,True
baseline,saddle_node,stationary,0,Neural SDE (Euler),70.0,2.618159294128418,0.01126063595744746,True
baseline,saddle_node,stationary,0,Neural SDE (Euler),78.0,2.3836183547973633,0.01690105078699765,True
baseline,saddle_node,stationary,0,SINDy-STLSQ,38.0,1.2471933725220774,-0.004661260525172517,True
baseline,saddle_node,stationary,0,SINDy-STLSQ,54.0,0.7760576737568394,0.00875354598468843,True
baseline,saddle_node,stationary,0,SINDy-STLSQ,70.0,1.889757500320207,-0.006545483163484939,True
baseline,saddle_node,stationary,0,SINDy-STLSQ,78.0,0.5696396497164775,0.0036916639876299756,True
baseline,saddle_node,stationary,1,Bayesian SINDy (spike-slab),38.0,0.3780034517273929,-0.005275706576392203,True
baseline,saddle_node,stationary,1,Bayesian SINDy (spike-slab),54.0,0.7771962381769786,-0.008747571675633448,True
baseline,saddle_node,stationary,1,Bayesian SINDy (spike-slab),70.0,0.9925172872877637,-0.0010686037010340377,True
baseline,saddle_node,stationary,1,Bayesian SINDy (spike-slab),78.0,0.8460549015998899,-0.00669574777802015,True
baseline,saddle_node,stationary,1,Kalman OU,38.0,-0.5821778990952835,0.011397912569950944,True
baseline,saddle_node,stationary,1,Kalman OU,54.0,-0.006205288241815543,0.004933440780035173,True
baseline,saddle_node,stationary,1,Kalman OU,70.0,0.4436583560992762,0.0053516261643723195,True
baseline,saddle_node,stationary,1,Kalman OU,78.0,-1.5192541022702024,0.04198218447612248,True
baseline,saddle_node,stationary,1,Latent Neural SDE (VI),38.0,0.6965434551239014,-0.007595753350967099,True
baseline,saddle_node,stationary,1,Latent Neural SDE (VI),54.0,1.345463752746582,-0.01207532968382323,True
baseline,saddle_node,stationary,1,Latent Neural SDE (VI),70.0,1.427959680557251,-0.008546817653843367,True
baseline,saddle_node,stationary,1,Latent Neural SDE (VI),78.0,1.3148431777954102,-0.0139423797826808,True
baseline,saddle_node,stationary,1,Moment OU,38.0,,,False
baseline,saddle_node,stationary,1,Moment OU,54.0,,,False
baseline,saddle_node,stationary,1,Moment OU,70.0,,,False
baseline,saddle_node,stationary,1,Moment OU,78.0,,,False
baseline,saddle_node,stationary,1,Neural SDE (Euler),38.0,0.6466634273529053,-0.0076434047890658885,True
baseline,saddle_node,stationary,1,Neural SDE (Euler),54.0,1.3630948066711426,-0.011578817477201839,True
baseline,saddle_node,stationary,1,Neural SDE (Euler),70.0,1.3592703342437744,-0.008345661477784747,True
baseline,saddle_node,stationary,1,Neural SDE (Euler),78.0,1.4060912132263184,-0.015048311665799882,True
baseline,saddle_node,stationary,1,SINDy-STLSQ,38.0,0.44230027886790646,-0.006088280770881707,True
baseline,saddle_node,stationary,1,SINDy-STLSQ,54.0,1.3025559428658133,-0.00967177654245352,True
baseline,saddle_node,stationary,1,SINDy-STLSQ,70.0,0.2595114808217498,-0.0030962925054262708,True
baseline,saddle_node,stationary,1,SINDy-STLSQ,78.0,0.6629323060269647,-0.009844624731191937,True
baseline,saddle_node,stationary,2,Bayesian SINDy (spike-slab),38.0,-2.031897614140224,-0.004416127926963567,True
baseline,saddle_node,stationary,2,Bayesian SINDy (spike-slab),54.0,0.3822590643844952,0.00564240173531258,True
baseline,saddle_node,stationary,2,Bayesian SINDy (spike-slab),70.0,-0.9557315450457464,0.006709422193758974,True
baseline,saddle_node,stationary,2,Bayesian SINDy (spike-slab),78.0,-0.8354100237514399,-0.0012972862939659574,True
baseline,saddle_node,stationary,2,Kalman OU,38.0,0.8873642811149861,-0.038446759935830035,True
baseline,saddle_node,stationary,2,Kalman OU,54.0,0.9568721198116352,-0.022669430285875578,True
baseline,saddle_node,stationary,2,Kalman OU,70.0,0.28872054918099455,-0.018740643411248675,True
baseline,saddle_node,stationary,2,Kalman OU,78.0,0.9029300432660011,-0.03129497403998965,True
baseline,saddle_node,stationary,2,Latent Neural SDE (VI),38.0,-0.38588857650756836,0.0036414926888912735,True
baseline,saddle_node,stationary,2,Latent Neural SDE (VI),54.0,1.8038699626922607,0.010105189570455739,True
baseline,saddle_node,stationary,2,Latent Neural SDE (VI),70.0,-0.38582420349121094,0.0139857311747867,True
baseline,saddle_node,stationary,2,Latent Neural SDE (VI),78.0,0.7045702934265137,0.005240473102972737,True
baseline,saddle_node,stationary,2,Moment OU,38.0,,,False
baseline,saddle_node,stationary,2,Moment OU,54.0,,,False
baseline,saddle_node,stationary,2,Moment OU,70.0,,,False
baseline,saddle_node,stationary,2,Moment OU,78.0,,,False
baseline,saddle_node,stationary,2,Neural SDE (Euler),38.0,-0.5440225601196289,0.004209500900387686,True
baseline,saddle_node,stationary,2,Neural SDE (Euler),54.0,1.8284156322479248,0.010583825627055718,True
baseline,saddle_node,stationary,2,Neural SDE (Euler),70.0,-0.1703634262084961,0.0145846262561206,True
baseline,saddle_node,stationary,2,Neural SDE (Euler),78.0,1.043288230895996,0.006484890028511381,True
baseline,saddle_node,stationary,2,SINDy-STLSQ,38.0,-2.311358219858156,-0.004621117576699807,True
baseline,saddle_node,stationary,2,SINDy-STLSQ,54.0,1.6386248732438238,0.00547107624343561,True
baseline,saddle_node,stationary,2,SINDy-STLSQ,70.0,-1.32778316864015,0.0067113683465125085,True
baseline,saddle_node,stationary,2,SINDy-STLSQ,78.0,-0.5638342499157241,-0.0014254936351757591,True
baseline,saddle_node,stationary,3,Bayesian SINDy (spike-slab),38.0,1.2880731929820564,-0.006583265344438066,True
baseline,saddle_node,stationary,3,Bayesian SINDy (spike-slab),54.0,1.8994116150631677,-0.0011519795204814887,True
baseline,saddle_node,stationary,3,Bayesian SINDy (spike-slab),70.0,0.8097156187333061,-0.014303799870477349,True
baseline,saddle_node,stationary,3,Bayesian SINDy (spike-slab),78.0,2.597626190465029,-0.008074562079229283,True
baseline,saddle_node,stationary,3,Kalman OU,38.0,-0.6087435403310693,0.024646997260509514,True
baseline,saddle_node,stationary,3,Kalman OU,54.0,-2.1947093155018282,0.07334648087099671,True
baseline,saddle_node,stationary,3,Kalman OU,70.0,-0.590190814102793,0.01756635422063562,True
baseline,saddle_node,stationary,3,Kalman OU,78.0,0.3362086346635246,0.018351071719022838,True
baseline,saddle_node,stationary,3,Latent Neural SDE (VI),38.0,0.6046981811523438,-0.005397999012426782,True
baseline,saddle_node,stationary,3,Latent Neural SDE (VI),54.0,2.0778446197509766,-0.0023346538843209835,True
baseline,saddle_node,stationary,3,Latent Neural SDE (VI),70.0,0.48455810546875,-0.009870446164963867,True
baseline,saddle_node,stationary,3,Latent Neural SDE (VI),78.0,1.6891310214996338,-0.006575257689684311,True
baseline,saddle_node,stationary,3,Moment OU,38.0,20.61780794116396,-0.12911090493473643,True
baseline,saddle_node,stationary,3,Moment OU,54.0,20.900590631326654,-0.12128575022150226,True
baseline,saddle_node,stationary,3,Moment OU,70.0,20.77561442693882,-0.14205825767386357,True
baseline,saddle_node,stationary,3,Moment OU,78.0,,,False
baseline,saddle_node,stationary,3,Neural SDE (Euler),38.0,0.6181483268737793,-0.004679521716468668,True
baseline,saddle_node,stationary,3,Neural SDE (Euler),54.0,2.0791895389556885,-0.001694289532059426,True
baseline,saddle_node,stationary,3,Neural SDE (Euler),70.0,0.3478837013244629,-0.009470671239728848,True
baseline,saddle_node,stationary,3,Neural SDE (Euler),78.0,1.6200966835021973,-0.004726806572293296,True
baseline,saddle_node,stationary,3,SINDy-STLSQ,38.0,-0.23525930594065958,-0.006145578398041446,True
baseline,saddle_node,stationary,3,SINDy-STLSQ,54.0,1.4125861314195118,-0.0008695010085956328,True
baseline,saddle_node,stationary,3,SINDy-STLSQ,70.0,-0.456264797274204,-0.013261789318381817,True
baseline,saddle_node,stationary,3,SINDy-STLSQ,78.0,1.1723538192535665,-0.008194578411485742,True
baseline,saddle_node,stationary,4,Bayesian SINDy (spike-slab),38.0,0.4917175303234296,-0.0007043196627995185,True
baseline,saddle_node,stationary,4,Bayesian SINDy (spike-slab),54.0,0.5421354407624106,0.009951759845568606,True
baseline,saddle_node,stationary,4,Bayesian SINDy (spike-slab),70.0,-0.5602163531505586,0.014722829981385382,True
baseline,saddle_node,stationary,4,Bayesian SINDy (spike-slab),78.0,0.15240273452263509,0.018336743738021744,True
baseline,saddle_node,stationary,4,Kalman OU,38.0,2.314235589659585,-0.027768823693150667,True
baseline,saddle_node,stationary,4,Kalman OU,54.0,0.5168565413398443,0.012270939719221538,True
baseline,saddle_node,stationary,4,Kalman OU,70.0,1.3665058808640858,-0.020436921676226648,True
baseline,saddle_node,stationary,4,Kalman OU,78.0,2.1758760447779597,-0.02383905031674178,True
baseline,saddle_node,stationary,4,Latent Neural SDE (VI),38.0,-0.5173401832580566,0.002042672139343213,True
baseline,saddle_node,stationary,4,Latent Neural SDE (VI),54.0,0.9117088317871094,0.011734478878156984,True
baseline,saddle_node,stationary,4,Latent Neural SDE (VI),70.0,0.586327314376831,0.021296996552330485,True
baseline,saddle_node,stationary,4,Latent Neural SDE (VI),78.0,-0.003383636474609375,0.021512968677803238,True
baseline,saddle_node,stationary,4,Moment OU,38.0,,,False
baseline,saddle_node,stationary,4,Moment OU,54.0,,,False
baseline,saddle_node,stationary,4,Moment OU,70.0,,,False
baseline,saddle_node,stationary,4,Moment OU,78.0,,,False
baseline,saddle_node,stationary,4,Neural SDE (Euler),38.0,-0.4669194221496582,0.0027202702621087205,True
baseline,saddle_node,stationary,4,Neural SDE (Euler),54.0,1.062809944152832,0.013549198391121592,True
baseline,saddle_node,stationary,4,Neural SDE (Euler),70.0,0.6288061141967773,0.022285109981164022,True
baseline,saddle_node,stationary,4,Neural SDE (Euler),78.0,0.029487133026123047,0.023483654326510298,True
baseline,saddle_node,stationary,4,SINDy-STLSQ,38.0,-0.3765232608933733,-0.0004917624929837994,True
baseline,saddle_node,stationary,4,SINDy-STLSQ,54.0,-0.27426669659707903,0.009650853316000144,True
baseline,saddle_node,stationary,4,SINDy-STLSQ,70.0,-0.4906912382801276,0.014655071349897464,True
baseline,saddle_node,stationary,4,SINDy-STLSQ,78.0,0.5685693836635206,0.01764445579097966,True
baseline,saddle_node,stationary,5,Bayesian SINDy (spike-slab),38.0,1.8177401708096466,-0.0054758693878795145,True
baseline,saddle_node,stationary,5,Bayesian SINDy (spike-slab),54.0,1.9331529439271402,-0.011333209015429183,True
baseline,saddle_node,stationary,5,Bayesian SINDy (spike-slab),70.0,0.06814521844402588,-0.011267393411020274,True
baseline,saddle_node,stationary,5,Bayesian SINDy (spike-slab),78.0,0.5042987683039799,-0.014497163942463392,True
baseline,saddle_node,stationary,5,Kalman OU,38.0,0.2608813905055005,0.007482332867312064,True
baseline,saddle_node,stationary,5,Kalman OU,54.0,0.2471446149789746,0.005867270526472044,True
baseline,saddle_node,stationary,5,Kalman OU,70.0,0.20177368119692513,-0.005043483010688639,True
baseline,saddle_node,stationary,5,Kalman OU,78.0,-0.3339595303503611,0.004911826792608973,True
baseline,saddle_node,stationary,5,Latent Neural SDE (VI),38.0,0.6137571334838867,-0.0035351289683543258,True
baseline,saddle_node,stationary,5,Latent Neural SDE (VI),54.0,2.527848482131958,-0.001693088743797519,True
baseline,saddle_node,stationary,5,Latent Neural SDE (VI),70.0,0.3081836700439453,-0.006980673079822711,True
baseline,saddle_node,stationary,5,Latent Neural SDE (VI),78.0,1.4488801956176758,-0.01207571144094513,True
baseline,saddle_node,stationary,5,Moment OU,38.0,9.57558520216168,-0.09105270654282284,True
baseline,saddle_node,stationary,5,Moment OU,54.0,,,False
baseline,saddle_node,stationary,5,Moment OU,70.0,4.589698343556821,-0.05819244265805252,True
baseline,saddle_node,stationary,5,Moment OU,78.0,,,False
baseline,saddle_node,stationary,5,Neural SDE (Euler),38.0,0.7399415969848633,-0.0028818955917574024,True
baseline,saddle_node,stationary,5,Neural SDE (Euler),54.0,2.7856314182281494,-0.0013552746988228503,True
baseline,saddle_node,stationary,5,Neural SDE (Euler),70.0,0.5753211975097656,-0.006367645185029941,True
baseline,saddle_node,stationary,5,Neural SDE (Euler),78.0,1.762728214263916,-0.012364871260285501,True
baseline,saddle_node,stationary,5,SINDy-STLSQ,38.0,1.0397703075380806,-0.00657434695639611,True
baseline,saddle_node,stationary,5,SINDy-STLSQ,54.0,1.7436370983325067,-0.011769497368121995,True
baseline,saddle_node,stationary,5,SINDy-STLSQ,70.0,0.13133728606336614,-0.011711769842782674,True
baseline,saddle_node,stationary,5,SINDy-STLSQ,78.0,1.9315544260625264,-0.015381219975602184,True
baseline,saddle_node,stationary,6,Bayesian SINDy (spike-slab),38.0,0.05529009077754132,0.0019441279305916076,True
baseline,saddle_node,stationary,6,Bayesian SINDy (spike-slab),54.0,-0.15132511893607514,0.014620220877964163,True
baseline,saddle_node,stationary,6,Bayesian SINDy (spike-slab),70.0,-0.8965237622543323,-0.007632275093033408,True
baseline,saddle_node,stationary,6,Bayesian SINDy (spike-slab),78.0,0.09686331221860289,-0.006534996319819103,True
baseline,saddle_node,stationary,6,Kalman OU,38.0,-0.7113295270519878,0.014690118838341704,True
baseline,saddle_node,stationary,6,Kalman OU,54.0,0.3849071368520519,-0.0106800902218132,True
baseline,saddle_node,stationary,6,Kalman OU,70.0,-1.2073410278054046,0.00412070819755557,True
baseline,saddle_node,stationary,6,Kalman OU,78.0,-0.5239537003146225,0.00759334212794318,True
baseline,saddle_node,stationary,6,Latent Neural SDE (VI),38.0,1.8289694786071777,0.0028838555198738014,True
baseline,saddle_node,stationary,6,Latent Neural SDE (VI),54.0,1.014141321182251,0.013558809678744801,True
baseline,saddle_node,stationary,6,Latent Neural SDE (VI),70.0,-0.17501068115234375,-0.007486194057927442,True
baseline,saddle_node,stationary,6,Latent Neural SDE (VI),78.0,0.624598503112793,-0.006659567641587316,True
baseline,saddle_node,stationary,6,Moment OU,38.0,,,False
baseline,saddle_node,stationary,6,Moment OU,54.0,,,False
baseline,saddle_node,stationary,6,Moment OU,70.0,,,False
baseline,saddle_node,stationary,6,Moment OU,78.0,,,False
baseline,saddle_node,stationary,6,Neural SDE (Euler),38.0,1.8576290607452393,0.00047931183472789407,True
baseline,saddle_node,stationary,6,Neural SDE (Euler),54.0,1.1950318813323975,0.011851403962193863,True
baseline,saddle_node,stationary,6,Neural SDE (Euler),70.0,0.016866683959960938,-0.009863988293752485,True
baseline,saddle_node,stationary,6,Neural SDE (Euler),78.0,0.5854964256286621,-0.008513629320482871,True
baseline,saddle_node,stationary,6,SINDy-STLSQ,38.0,1.9246354985023122,0.0036114100861951715,True
baseline,saddle_node,stationary,6,SINDy-STLSQ,54.0,2.10242640455006,0.015201587122266616,True
baseline,saddle_node,stationary,6,SINDy-STLSQ,70.0,1.0498700659081774,-0.004809902686253212,True
baseline,saddle_node,stationary,6,SINDy-STLSQ,78.0,0.5837300973149233,-0.004000108895203192,True
baseline,saddle_node,stationary,7,Bayesian SINDy (spike-slab),38.0,-1.139286072868408,-0.0011183490761511317,True
baseline,saddle_node,stationary,7,Bayesian SINDy (spike-slab),54.0,-1.4450911443789516,-0.001602270463705202,True
baseline,saddle_node,stationary,7,Bayesian SINDy (spike-slab),70.0,-0.8455619364995539,-0.0013264017219379587,True
baseline,saddle_node,stationary,7,Bayesian SINDy (spike-slab),78.0,-1.7258966727585086,-0.0017987413889674758,True
baseline,saddle_node,stationary,7,Kalman OU,38.0,-1.2696755615115365,0.008924476458478377,True
baseline,saddle_node,stationary,7,Kalman OU,54.0,-0.33550231383584017,-0.013646952640991278,True
baseline,saddle_node,stationary,7,Kalman OU,70.0,-2.366075242232389,0.030636082257116882,True
baseline,saddle_node,stationary,7,Kalman OU,78.0,-2.366075242232389,-0.005591968235737058,True
baseline,saddle_node,stationary,7,Latent Neural SDE (VI),38.0,-1.0284719467163086,0.004308330028343965,True
baseline,saddle_node,stationary,7,Latent Neural SDE (VI),54.0,-1.5755014419555664,-0.001996932627463907,True
baseline,saddle_node,stationary,7,Latent Neural SDE (VI),70.0,-1.3240323066711426,0.0006268185702285184,True
baseline,saddle_node,stationary,7,Latent Neural SDE (VI),78.0,-1.4988751411437988,0.004875312865632905,True
baseline,saddle_node,stationary,7,Moment OU,38.0,,,False
baseline,saddle_node,stationary,7,Moment OU,54.0,,,False
baseline,saddle_node,stationary,7,Moment OU,70.0,,,False
baseline,saddle_node,stationary,7,Moment OU,78.0,,,False
baseline,saddle_node,stationary,7,Neural SDE (Euler),38.0,-0.9531190395355225,0.0041470177684887755,True
baseline,saddle_node,stationary,7,Neural SDE (Euler),54.0,-1.4393126964569092,-0.0033475144022294956,True
baseline,saddle_node,stationary,7,Neural SDE (Euler),70.0,-1.3575775623321533,-8.024153347796492e-05,True
baseline,saddle_node,stationary,7,Neural SDE (Euler),78.0,-1.545680284500122,0.003480953260463493,True
baseline,saddle_node,stationary,7,SINDy-STLSQ,38.0,-0.7268658796126903,-0.0011444782712984186,True
baseline,saddle_node,stationary,7,SINDy-STLSQ,54.0,-1.548930221236846,-0.0018036279212917256,True
baseline,saddle_node,stationary,7,SINDy-STLSQ,70.0,-0.7494235522168533,-0.0011718165993038626,True
baseline,saddle_node,stationary,7,SINDy-STLSQ,78.0,-2.223528197212774,-0.0019580609884663758,True
baseline,saddle_node,stationary,8,Bayesian SINDy (spike-slab),38.0,-0.06444098333583481,0.007244083873983356,True
baseline,saddle_node,stationary,8,Bayesian SINDy (spike-slab),54.0,-0.1286307341438908,0.011511537956043108,True
baseline,saddle_node,stationary,8,Bayesian SINDy (spike-slab),70.0,-0.6668976669590538,0.0021004893788835882,True
baseline,saddle_node,stationary,8,Bayesian SINDy (spike-slab),78.0,0.1742245336684518,0.009123891507571591,True
baseline,saddle_node,stationary,8,Kalman OU,38.0,-1.1842873794322337,0.013961498027851356,True
baseline,saddle_node,stationary,8,Kalman OU,54.0,0.8817625428281421,-0.013413968192156608,True
baseline,saddle_node,stationary,8,Kalman OU,70.0,-1.1842873794322337,0.004700260700371828,True
baseline,saddle_node,stationary,8,Kalman OU,78.0,-0.4145942588602043,0.017164168551513335,True
baseline,saddle_node,stationary,8,Latent Neural SDE (VI),38.0,0.8806815147399902,0.006818464315278244,True
baseline,saddle_node,stationary,8,Latent Neural SDE (VI),54.0,0.3829154968261719,0.01455855259751633,True
baseline,saddle_node,stationary,8,Latent Neural SDE (VI),70.0,-0.1370987892150879,0.006974140276585675,True
baseline,saddle_node,stationary,8,Latent Neural SDE (VI),78.0,1.1653971672058105,0.013012473343110315,True
baseline,saddle_node,stationary,8,Moment OU,38.0,,,False
baseline,saddle_node,stationary,8,Moment OU,54.0,,,False
baseline,saddle_node,stationary,8,Moment OU,70.0,,,False
baseline,saddle_node,stationary,8,Moment OU,78.0,,,False
baseline,saddle_node,stationary,8,Neural SDE (Euler),38.0,0.8619799613952637,0.010030113523240625,True
baseline,saddle_node,stationary,8,Neural SDE (Euler),54.0,0.30709028244018555,0.01841116421781741,True
baseline,saddle_node,stationary,8,Neural SDE (Euler),70.0,-0.37448883056640625,0.009670069763323963,True
baseline,saddle_node,stationary,8,Neural SDE (Euler),78.0,1.184082269668579,0.016498912426488863,True
baseline,saddle_node,stationary,8,SINDy-STLSQ,38.0,1.447788527038171,0.006523006370208348,True
baseline,saddle_node,stationary,8,SINDy-STLSQ,54.0,0.9914398621886171,0.012697793287963735,True
baseline,saddle_node,stationary,8,SINDy-STLSQ,70.0,-1.161457223484502,0.0027796361729870295,True
baseline,saddle_node,stationary,8,SINDy-STLSQ,78.0,1.126370315691143,0.009301847939945845,True
baseline,saddle_node,stationary,9,Bayesian SINDy (spike-slab),38.0,1.5331836237469783,0.01827937906450597,True
baseline,saddle_node,stationary,9,Bayesian SINDy (spike-slab),54.0,1.5324995089866644,0.00561101367047509,True
baseline,saddle_node,stationary,9,Bayesian SINDy (spike-slab),70.0,2.306454348974278,0.0017301686764391866,True
baseline,saddle_node,stationary,9,Bayesian SINDy (spike-slab),78.0,1.7868877150902773,0.002644838094391949,True
baseline,saddle_node,stationary,9,Kalman OU,38.0,-0.48353009285362175,0.018023055992202844,True
baseline,saddle_node,stationary,9,Kalman OU,54.0,0.24856737700953127,0.0,True
baseline,saddle_node,stationary,9,Kalman OU,70.0,-0.6959850826283787,0.02464554174425101,True
baseline,saddle_node,stationary,9,Kalman OU,78.0,-1.8174290334393062,0.036542854071949515,True
baseline,saddle_node,stationary,9,Latent Neural SDE (VI),38.0,1.8767995834350586,0.013127779614920426,True
baseline,saddle_node,stationary,9,Latent Neural SDE (VI),54.0,0.11376953125,0.0023412916910284104,True
baseline,saddle_node,stationary,9,Latent Neural SDE (VI),70.0,1.0172405242919922,-0.002233184816804318,True
baseline,saddle_node,stationary,9,Latent Neural SDE (VI),78.0,-0.24977636337280273,-0.0025019827328844335,True
baseline,saddle_node,stationary,9,Moment OU,38.0,,,False
baseline,saddle_node,stationary,9,Moment OU,54.0,,,False
baseline,saddle_node,stationary,9,Moment OU,70.0,,,False
baseline,saddle_node,stationary,9,Moment OU,78.0,,,False
baseline,saddle_node,stationary,9,Neural SDE (Euler),38.0,1.8872833251953125,0.01426288624468304,True
baseline,saddle_node,stationary,9,Neural SDE (Euler),54.0,0.12807178497314453,0.0037824512681865485,True
baseline,saddle_node,stationary,9,Neural SDE (Euler),70.0,1.1093025207519531,-0.0011747131616085121,True
baseline,saddle_node,stationary,9,Neural SDE (Euler),78.0,-0.2990121841430664,-0.0020560563521917208,True
baseline,saddle_node,stationary,9,SINDy-STLSQ,38.0,3.415626996383488,0.016752266821123463,True
baseline,saddle_node,stationary,9,SINDy-STLSQ,54.0,1.7658027582965747,0.006448791713399127,True
baseline,saddle_node,stationary,9,SINDy-STLSQ,70.0,2.417028835442271,0.0029626646913871457,True
baseline,saddle_node,stationary,9,SINDy-STLSQ,78.0,2.267562871479227,0.0032742641918284965,True
baseline,saddle_node,stationary,10,Bayesian SINDy (spike-slab),38.0,-0.20538045155422946,0.0010107076289342376,True
baseline,saddle_node,stationary,10,Bayesian SINDy (spike-slab),54.0,-0.9746621167874228,-0.0008175587083545655,True
baseline,saddle_node,stationary,10,Bayesian SINDy (spike-slab),70.0,-0.5673028692265261,0.008339874017330232,True
baseline,saddle_node,stationary,10,Bayesian SINDy (spike-slab),78.0,0.8615141131742261,0.015468680662637749,True
baseline,saddle_node,stationary,10,Kalman OU,38.0,-1.5084347975229502,-0.003951266269098291,True
baseline,saddle_node,stationary,10,Kalman OU,54.0,-1.5084347975229502,-0.01998344051384479,True
baseline,saddle_node,stationary,10,Kalman OU,70.0,-0.3545655518524151,-0.00968030313164539,True
baseline,saddle_node,stationary,10,Kalman OU,78.0,0.21105308338680095,0.012239549125267136,True
baseline,saddle_node,stationary,10,Latent Neural SDE (VI),38.0,-0.40552759170532227,7.581458579153377e-05,True
baseline,saddle_node,stationary,10,Latent Neural SDE (VI),54.0,-0.8449993133544922,0.0046810608708945795,True
baseline,saddle_node,stationary,10,Latent Neural SDE (VI),70.0,-0.6734652519226074,0.01209482449613411,True
baseline,saddle_node,stationary,10,Latent Neural SDE (VI),78.0,1.1521835327148438,0.006556500716240629,True
baseline,saddle_node,stationary,10,Moment OU,38.0,-1.1019618745472666,0.005547793033939661,True
baseline,saddle_node,stationary,10,Moment OU,54.0,,,False
baseline,saddle_node,stationary,10,Moment OU,70.0,-17.767926665717898,0.08975081628872353,True
baseline,saddle_node,stationary,10,Moment OU,78.0,-1.2630437482212664,0.03608961319779903,True
baseline,saddle_node,stationary,10,Neural SDE (Euler),38.0,-0.26578807830810547,0.00031898688883055804,True
baseline,saddle_node,stationary,10,Neural SDE (Euler),54.0,-0.8626422882080078,0.006201694787610151,True
baseline,saddle_node,stationary,10,Neural SDE (Euler),70.0,-0.6797723770141602,0.012793114952393228,True
baseline,saddle_node,stationary,10,Neural SDE (Euler),78.0,1.304553508758545,0.0069009520771111665,True
baseline,saddle_node,stationary,10,SINDy-STLSQ,38.0,-0.2201404389535977,0.0023871067778457183,True
baseline,saddle_node,stationary,10,SINDy-STLSQ,54.0,-2.9228406255162094,-0.002751682312004386,True
baseline,saddle_node,stationary,10,SINDy-STLSQ,70.0,0.11289993605174065,0.010129123347767013,True
baseline,saddle_node,stationary,10,SINDy-STLSQ,78.0,2.196720878611431,0.015397538445235948,True
baseline,saddle_node,stationary,11,Bayesian SINDy (spike-slab),38.0,-1.1035997541832456,-0.0047164010788867256,True
baseline,saddle_node,stationary,11,Bayesian SINDy (spike-slab),54.0,-0.852770972876618,-0.0055434335871525076,True
baseline,saddle_node,stationary,11,Bayesian SINDy (spike-slab),70.0,-0.7258987600327274,0.0002672036337131589,True
baseline,saddle_node,stationary,11,Bayesian SINDy (spike-slab),78.0,-0.4571068215270029,-0.0005416431516657022,True
baseline,saddle_node,stationary,11,Kalman OU,38.0,-0.30189775273638775,-0.025386620533302783,True
baseline,saddle_node,stationary,11,Kalman OU,54.0,-0.30189775273638775,-0.02288340088477761,True
baseline,saddle_node,stationary,11,Kalman OU,70.0,-0.05199094300637874,-0.018337231522056505,True
baseline,saddle_node,stationary,11,Kalman OU,78.0,-0.30189775273638775,-0.007157595414026469,True
baseline,saddle_node,stationary,11,Latent Neural SDE (VI),38.0,0.8822164535522461,0.0022250936703081953,True
baseline,saddle_node,stationary,11,Latent Neural SDE (VI),54.0,1.1758968830108643,0.0024682416337401536,True
baseline,saddle_node,stationary,11,Latent Neural SDE (VI),70.0,0.9016551971435547,0.0018046495614891522,True
baseline,saddle_node,stationary,11,Latent Neural SDE (VI),78.0,1.1116247177124023,0.002007364991374605,True
baseline,saddle_node,stationary,11,Moment OU,38.0,-3.658440284106239,0.029186121679664754,True
baseline,saddle_node,stationary,11,Moment OU,54.0,-0.6158652972904015,0.0005629978346006412,True
baseline,saddle_node,stationary,11,Moment OU,70.0,-2.279569902449178,0.02748682303482407,True
baseline,saddle_node,stationary,11,Moment OU,78.0,-0.9901493638954799,0.013349616152573126,True
baseline,saddle_node,stationary,11,Neural SDE (Euler),38.0,0.8602256774902344,0.001163262159917397,True
baseline,saddle_node,stationary,11,Neural SDE (Euler),54.0,1.4116954803466797,0.002096273856841538,True
baseline,saddle_node,stationary,11,Neural SDE (Euler),70.0,0.9436969757080078,0.0014885110968725773,True
baseline,saddle_node,stationary,11,Neural SDE (Euler),78.0,1.2627084255218506,0.0005941896058161561,True
baseline,saddle_node,stationary,11,SINDy-STLSQ,38.0,-0.7141656436410542,-0.004855658377654767,True
baseline,saddle_node,stationary,11,SINDy-STLSQ,54.0,-0.3535737956289968,-0.005674250227924865,True
baseline,saddle_node,stationary,11,SINDy-STLSQ,70.0,0.43526462696139623,0.0004964595587544085,True
baseline,saddle_node,stationary,11,SINDy-STLSQ,78.0,0.6310928431109688,-0.0004922428268907958,True
baseline,saddle_node,stationary,12,Bayesian SINDy (spike-slab),38.0,-0.1854543653520433,0.008062556503931534,True
baseline,saddle_node,stationary,12,Bayesian SINDy (spike-slab),54.0,-2.294618001355837,0.0003841393375459412,True
baseline,saddle_node,stationary,12,Bayesian SINDy (spike-slab),70.0,-1.5373007428057979,0.012263848238655922,True
baseline,saddle_node,stationary,12,Bayesian SINDy (spike-slab),78.0,-1.5096385586646806,-0.00019924233506919686,True
baseline,saddle_node,stationary,12,Kalman OU,38.0,0.5682773836929266,-0.009963041519262326,True
baseline,saddle_node,stationary,12,Kalman OU,54.0,-0.7658665472154591,-0.01617826435494275,True
baseline,saddle_node,stationary,12,Kalman OU,70.0,-1.207031146758149,0.007939975892865728,True
baseline,saddle_node,stationary,12,Kalman OU,78.0,-0.9913718486483623,-0.0009147917542843345,True
baseline,saddle_node,stationary,12,Latent Neural SDE (VI),38.0,0.42980122566223145,0.012853804150248671,True
baseline,saddle_node,stationary,12,Latent Neural SDE (VI),54.0,-4.1621105670928955,0.005478838379345111,True
baseline,saddle_node,stationary,12,Latent Neural SDE (VI),70.0,-2.1519176959991455,0.020547636686039428,True
baseline,saddle_node,stationary,12,Latent Neural SDE (VI),78.0,-1.3153789043426514,0.005451792166755232,True
baseline,saddle_node,stationary,12,Moment OU,38.0,,,False
baseline,saddle_node,stationary,12,Moment OU,54.0,,,False
baseline,saddle_node,stationary,12,Moment OU,70.0,,,False
baseline,saddle_node,stationary,12,Moment OU,78.0,,,False
baseline,saddle_node,stationary,12,Neural SDE (Euler),38.0,0.22256255149841309,0.01325842948973921,True
baseline,saddle_node,stationary,12,Neural SDE (Euler),54.0,-4.464979887008667,0.0036712208756281978,True
baseline,saddle_node,stationary,12,Neural SDE (Euler),70.0,-2.2563326358795166,0.02032671056217185,True
baseline,saddle_node,stationary,12,Neural SDE (Euler),78.0,-1.2476234436035156,0.004426913621596029,True
baseline,saddle_node,stationary,12,SINDy-STLSQ,38.0,-0.8605942418640278,0.007809104167167569,True
baseline,saddle_node,stationary,12,SINDy-STLSQ,54.0,-4.752954423720709,0.001033952164829613,True
baseline,saddle_node,stationary,12,SINDy-STLSQ,70.0,-2.735997589251801,0.014191747092495682,True
baseline,saddle_node,stationary,12,SINDy-STLSQ,78.0,-1.4271173537602775,0.001797615152299259,True
baseline,saddle_node,stationary,13,Bayesian SINDy (spike-slab),38.0,-0.3797242388057147,-0.002348513884653583,True
baseline,saddle_node,stationary,13,Bayesian SINDy (spike-slab),54.0,1.3815834245797052,0.00790687010067595,True
baseline,saddle_node,stationary,13,Bayesian SINDy (spike-slab),70.0,-0.5194104640381907,0.0015654250490452354,True
baseline,saddle_node,stationary,13,Bayesian SINDy (spike-slab),78.0,-0.10606760475689025,0.0016567389290655793,True
baseline,saddle_node,stationary,13,Kalman OU,38.0,1.8031779365397902,-0.03685476578063085,True
baseline,saddle_node,stationary,13,Kalman OU,54.0,1.4171075794840058,-0.0038650318405199016,True
baseline,saddle_node,stationary,13,Kalman OU,70.0,1.0843497776766249,-0.026996630662937282,True
baseline,saddle_node,stationary,13,Kalman OU,78.0,1.4605447867989079,-0.026137172921973248,True
baseline,saddle_node,stationary,13,Latent Neural SDE (VI),38.0,-1.404325008392334,0.0005995116207842127,True
baseline,saddle_node,stationary,13,Latent Neural SDE (VI),54.0,1.452958345413208,0.01064519495688332,True
baseline,saddle_node,stationary,13,Latent Neural SDE (VI),70.0,-0.38533973693847656,0.010525449570674902,True
baseline,saddle_node,stationary,13,Latent Neural SDE (VI),78.0,-0.5327320098876953,0.0043763603289011105,True
baseline,saddle_node,stationary,13,Moment OU,38.0,-0.4764281878293267,0.0032334016604078607,True
baseline,saddle_node,stationary,13,Moment OU,54.0,0.13392318198759812,0.007774165131673276,True
baseline,saddle_node,stationary,13,Moment OU,70.0,-2.3722973178754834,0.026551397224049506,True
baseline,saddle_node,stationary,13,Moment OU,78.0,-0.9321464801001479,0.014673549156544508,True
baseline,saddle_node,stationary,13,Neural SDE (Euler),38.0,-1.5351808071136475,0.0011828781101893698,True
baseline,saddle_node,stationary,13,Neural SDE (Euler),54.0,1.181473970413208,0.011721467958155207,True
baseline,saddle_node,stationary,13,Neural SDE (Euler),70.0,-0.5497415065765381,0.01256863899518594,True
baseline,saddle_node,stationary,13,Neural SDE (Euler),78.0,-0.6398975849151611,0.005430875837214133,True
baseline,saddle_node,stationary,13,SINDy-STLSQ,38.0,-1.5461604243090399,-0.0027268887255866014,True
baseline,saddle_node,stationary,13,SINDy-STLSQ,54.0,1.9116569420679954,0.0064980085671433735,True
baseline,saddle_node,stationary,13,SINDy-STLSQ,70.0,-0.9758368358772795,0.0019151288840371372,True
baseline,saddle_node,stationary,13,SINDy-STLSQ,78.0,0.1505198205080478,0.0018266814570725431,True
baseline,saddle_node,stationary,14,Bayesian SINDy (spike-slab),38.0,1.7721664414035931,0.004216086075229691,True
baseline,saddle_node,stationary,14,Bayesian SINDy (spike-slab),54.0,1.453677238821764,0.006128358786573751,True
baseline,saddle_node,stationary,14,Bayesian SINDy (spike-slab),70.0,1.5921041217018002,-0.003686927664501044,True
baseline,saddle_node,stationary,14,Bayesian SINDy (spike-slab),78.0,0.7212998209404713,0.0002969172686115712,True
baseline,saddle_node,stationary,14,Kalman OU,38.0,-1.44566356580297,0.06186036413295036,True
baseline,saddle_node,stationary,14,Kalman OU,54.0,-1.44566356580297,0.05156950009412155,True
baseline,saddle_node,stationary,14,Kalman OU,70.0,0.42481118198393153,0.007932663085794298,True
baseline,saddle_node,stationary,14,Kalman OU,78.0,-0.010759418995575531,0.007571459268204139,True
baseline,saddle_node,stationary,14,Latent Neural SDE (VI),38.0,1.9052376747131348,-0.003963976391777119,True
baseline,saddle_node,stationary,14,Latent Neural SDE (VI),54.0,1.0653939247131348,0.008637760064497249,True
baseline,saddle_node,stationary,14,Latent Neural SDE (VI),70.0,0.9680142402648926,-0.01269680069485804,True
baseline,saddle_node,stationary,14,Latent Neural SDE (VI),78.0,0.7109928131103516,-0.005882000370875717,True
baseline,saddle_node,stationary,14,Moment OU,38.0,7.569602874041118,-0.04893937363829325,True
baseline,saddle_node,stationary,14,Moment OU,54.0,6.7525077942971405,-0.027727006384609197,True
baseline,saddle_node,stationary,14,Moment OU,70.0,,,False
baseline,saddle_node,stationary,14,Moment OU,78.0,6.101681071013136,-0.031729887705866225,True
baseline,saddle_node,stationary,14,Neural SDE (Euler),38.0,2.0399646759033203,-0.003974802196728883,True
baseline,saddle_node,stationary,14,Neural SDE (Euler),54.0,1.1320185661315918,0.008150665888412276,True
baseline,saddle_node,stationary,14,Neural SDE (Euler),70.0,0.9422540664672852,-0.012024372642289421,True
baseline,saddle_node,stationary,14,Neural SDE (Euler),78.0,0.7163987159729004,-0.0058975087538692544,True
baseline,saddle_node,stationary,14,SINDy-STLSQ,38.0,2.0453711600494575,0.0023088146628682665,True
baseline,saddle_node,stationary,14,SINDy-STLSQ,54.0,1.208607412766733,0.004758293773986455,True
baseline,saddle_node,stationary,14,SINDy-STLSQ,70.0,2.65979897707618,-0.005094400005529756,True
baseline,saddle_node,stationary,14,SINDy-STLSQ,78.0,1.3406236428687581,-0.0015940729614092874,True
baseline,saddle_node,stationary,15,Bayesian SINDy (spike-slab),38.0,-1.0484025709584128,0.00842780534328226,True
baseline,saddle_node,stationary,15,Bayesian SINDy (spike-slab),54.0,-1.5465662347773024,0.005483892355321887,True
baseline,saddle_node,stationary,15,Bayesian SINDy (spike-slab),70.0,-1.57376789896975,0.0062530325640124396,True
baseline,saddle_node,stationary,15,Bayesian SINDy (spike-slab),78.0,-0.33708856542063925,0.0033741655334538767,True
baseline,saddle_node,stationary,15,Kalman OU,38.0,2.00289357549177,-0.03840692852734574,True
baseline,saddle_node,stationary,15,Kalman OU,54.0,0.255829311903244,-0.035023565861530936,True
baseline,saddle_node,stationary,15,Kalman OU,70.0,-0.30468538309896953,-0.031871448101321316,True
baseline,saddle_node,stationary,15,Kalman OU,78.0,0.3478297627817719,-0.0097076357881856,True
baseline,saddle_node,stationary,15,Latent Neural SDE (VI),38.0,-1.100022315979004,0.010109466330335493,True
baseline,saddle_node,stationary,15,Latent Neural SDE (VI),54.0,-1.52335786819458,0.010057902543433903,True
baseline,saddle_node,stationary,15,Latent Neural SDE (VI),70.0,-2.32167911529541,0.008972714794623415,True
baseline,saddle_node,stationary,15,Latent Neural SDE (VI),78.0,-0.4404633045196533,0.0026910200706068976,True
baseline,saddle_node,stationary,15,Moment OU,38.0,,,False
baseline,saddle_node,stationary,15,Moment OU,54.0,,,False
baseline,saddle_node,stationary,15,Moment OU,70.0,,,False
baseline,saddle_node,stationary,15,Moment OU,78.0,,,False
baseline,saddle_node,stationary,15,Neural SDE (Euler),38.0,-1.2186369895935059,0.009583835310271488,True
baseline,saddle_node,stationary,15,Neural SDE (Euler),54.0,-1.7401986122131348,0.009624476852576141,True
baseline,saddle_node,stationary,15,Neural SDE (Euler),70.0,-2.4579272270202637,0.009037662731160315,True
baseline,saddle_node,stationary,15,Neural SDE (Euler),78.0,-0.7321701049804688,0.0030030234757548874,True
baseline,saddle_node,stationary,15,SINDy-STLSQ,38.0,-0.6143951099764,0.008380860705170787,True
baseline,saddle_node,stationary,15,SINDy-STLSQ,54.0,-2.1805451548661745,0.005344480307134775,True
baseline,saddle_node,stationary,15,SINDy-STLSQ,70.0,-2.1587506118399826,0.006238040638717274,True
baseline,saddle_node,stationary,15,SINDy-STLSQ,78.0,0.23033663329541954,0.0032019531729893663,True
baseline,saddle_node,stationary,16,Bayesian SINDy (spike-slab),38.0,1.7379831275078947,0.014062035772118904,True
baseline,saddle_node,stationary,16,Bayesian SINDy (spike-slab),54.0,1.3299996132556942,0.013737953397887158,True
baseline,saddle_node,stationary,16,Bayesian SINDy (spike-slab),70.0,0.7798265863903486,0.009174689777054164,True
baseline,saddle_node,stationary,16,Bayesian SINDy (spike-slab),78.0,0.6350189537940212,0.020931193246758274,True
baseline,saddle_node,stationary,16,Kalman OU,38.0,-1.466357031147637,0.053379527749499285,True
baseline,saddle_node,stationary,16,Kalman OU,54.0,-0.638046417991863,0.03041718214599321,True
baseline,saddle_node,stationary,16,Kalman OU,70.0,-2.214537043370325,0.036927494837333534,True
baseline,saddle_node,stationary,16,Kalman OU,78.0,0.34110704216028453,0.005684671548089314,True
baseline,saddle_node,stationary,16,Latent Neural SDE (VI),38.0,1.935349941253662,0.01928565513221593,True
baseline,saddle_node,stationary,16,Latent Neural SDE (VI),54.0,1.4556446075439453,0.012212917372906654,True
baseline,saddle_node,stationary,16,Latent Neural SDE (VI),70.0,1.842970848083496,0.014520842562557368,True
baseline,saddle_node,stationary,16,Latent Neural SDE (VI),78.0,0.8194794654846191,0.025375845514443787,True
baseline,saddle_node,stationary,16,Moment OU,38.0,,,False
baseline,saddle_node,stationary,16,Moment OU,54.0,,,False
baseline,saddle_node,stationary,16,Moment OU,70.0,,,False
baseline,saddle_node,stationary,16,Moment OU,78.0,,,False
baseline,saddle_node,stationary,16,Neural SDE (Euler),38.0,2.0823631286621094,0.01983899661558576,True
baseline,saddle_node,stationary,16,Neural SDE (Euler),54.0,1.5303549766540527,0.01293580611929357,True
baseline,saddle_node,stationary,16,Neural SDE (Euler),70.0,1.9879887104034424,0.015094314029001785,True
baseline,saddle_node,stationary,16,Neural SDE (Euler),78.0,1.024125576019287,0.02636505131010429,True
baseline,saddle_node,stationary,16,SINDy-STLSQ,38.0,1.832213646572217,0.014073465249961115,True
baseline,saddle_node,stationary,16,SINDy-STLSQ,54.0,1.5922574591226066,0.013621622122785143,True
baseline,saddle_node,stationary,16,SINDy-STLSQ,70.0,1.0469899886923661,0.008991357549142404,True
baseline,saddle_node,stationary,16,SINDy-STLSQ,78.0,0.7649484875999084,0.020083606709428617,True
baseline,saddle_node,stationary,17,Bayesian SINDy (spike-slab),38.0,1.1136401065001529,0.012861102823869396,True
baseline,saddle_node,stationary,17,Bayesian SINDy (spike-slab),54.0,1.1543937244724338,0.015899901840882046,True
baseline,saddle_node,stationary,17,Bayesian SINDy (spike-slab),70.0,1.999632792114589,0.004455415841035072,True
baseline,saddle_node,stationary,17,Bayesian SINDy (spike-slab),78.0,1.2726420208476297,0.007234171305523444,True
baseline,saddle_node,stationary,17,Kalman OU,38.0,0.0,0.039305111616591955,True
baseline,saddle_node,stationary,17,Kalman OU,54.0,0.0,0.04218476304645811,True
baseline,saddle_node,stationary,17,Kalman OU,70.0,1.7416492485643114,0.018829119235797574,True
baseline,saddle_node,stationary,17,Kalman OU,78.0,1.188159707973375,0.031358043031236564,True
baseline,saddle_node,stationary,17,Latent Neural SDE (VI),38.0,1.4280385971069336,0.011423790658954047,True
baseline,saddle_node,stationary,17,Latent Neural SDE (VI),54.0,0.5520234107971191,0.013304266997672592,True
baseline,saddle_node,stationary,17,Latent Neural SDE (VI),70.0,3.1797842979431152,-0.0012480280145660827,True
baseline,saddle_node,stationary,17,Latent Neural SDE (VI),78.0,2.9339847564697266,0.011342556191900707,True
baseline,saddle_node,stationary,17,Moment OU,38.0,,,False
baseline,saddle_node,stationary,17,Moment OU,54.0,,,False
baseline,saddle_node,stationary,17,Moment OU,70.0,,,False
baseline,saddle_node,stationary,17,Moment OU,78.0,,,False
baseline,saddle_node,stationary,17,Neural SDE (Euler),38.0,1.4731636047363281,0.011331022677581945,True
baseline,saddle_node,stationary,17,Neural SDE (Euler),54.0,0.4370121955871582,0.012568879856355158,True
baseline,saddle_node,stationary,17,Neural SDE (Euler),70.0,3.156083345413208,-0.0014250984441412928,True
baseline,saddle_node,stationary,17,Neural SDE (Euler),78.0,2.852677345275879,0.01101388210146545,True
baseline,saddle_node,stationary,17,SINDy-STLSQ,38.0,0.9608941862039346,0.010589758941754526,True
baseline,saddle_node,stationary,17,SINDy-STLSQ,54.0,1.1768647755928239,0.014841474033942079,True
baseline,saddle_node,stationary,17,SINDy-STLSQ,70.0,2.723424073063726,0.0033935184775363975,True
baseline,saddle_node,stationary,17,SINDy-STLSQ,78.0,1.8716498651224844,0.005799149350981109,True
baseline,saddle_node,stationary,18,Bayesian SINDy (spike-slab),38.0,1.091172638065249,0.00602699587938757,True
baseline,saddle_node,stationary,18,Bayesian SINDy (spike-slab),54.0,1.4568032808749174,0.016145831728731186,True
baseline,saddle_node,stationary,18,Bayesian SINDy (spike-slab),70.0,1.3105910072525058,0.0073240692006758396,True
baseline,saddle_node,stationary,18,Bayesian SINDy (spike-slab),78.0,1.4586060339595956,0.008390596527410407,True
baseline,saddle_node,stationary,18,Kalman OU,38.0,-0.8061111001253853,0.021785620899715887,True
baseline,saddle_node,stationary,18,Kalman OU,54.0,-0.040256414424443276,0.02200520058830845,True
baseline,saddle_node,stationary,18,Kalman OU,70.0,0.5236885418790831,0.005464113572151135,True
baseline,saddle_node,stationary,18,Kalman OU,78.0,-0.7310090903568565,0.028933172122104864,True
baseline,saddle_node,stationary,18,Latent Neural SDE (VI),38.0,1.2145318984985352,-0.0005688711626919557,True
baseline,saddle_node,stationary,18,Latent Neural SDE (VI),54.0,1.3982791900634766,0.017151686902045507,True
baseline,saddle_node,stationary,18,Latent Neural SDE (VI),70.0,1.7871432304382324,0.0017800026578584927,True
baseline,saddle_node,stationary,18,Latent Neural SDE (VI),78.0,1.2338228225708008,0.006880325107915447,True
baseline,saddle_node,stationary,18,Moment OU,38.0,,,False
baseline,saddle_node,stationary,18,Moment OU,54.0,,,False
baseline,saddle_node,stationary,18,Moment OU,70.0,,,False
baseline,saddle_node,stationary,18,Moment OU,78.0,,,False
baseline,saddle_node,stationary,18,Neural SDE (Euler),38.0,1.202601432800293,-0.0011200690907193916,True
baseline,saddle_node,stationary,18,Neural SDE (Euler),54.0,1.455897331237793,0.017147224338872016,True
baseline,saddle_node,stationary,18,Neural SDE (Euler),70.0,1.8343167304992676,0.00010438254590863782,True
baseline,saddle_node,stationary,18,Neural SDE (Euler),78.0,1.3031935691833496,0.007298336806184011,True
baseline,saddle_node,stationary,18,SINDy-STLSQ,38.0,0.21882719294066533,0.004162007625664224,True
baseline,saddle_node,stationary,18,SINDy-STLSQ,54.0,1.5623132703909413,0.01647664035676405,True
baseline,saddle_node,stationary,18,SINDy-STLSQ,70.0,1.6225831873534577,0.007463496497615851,True
baseline,saddle_node,stationary,18,SINDy-STLSQ,78.0,2.216457326608329,0.008636746531014733,True
baseline,saddle_node,stationary,19,Bayesian SINDy (spike-slab),38.0,-0.22302210845103865,-0.007266336693417974,True
baseline,saddle_node,stationary,19,Bayesian SINDy (spike-slab),54.0,0.09204571703589526,0.012120617680216175,True
baseline,saddle_node,stationary,19,Bayesian SINDy (spike-slab),70.0,0.16392130970495078,0.010143381276560101,True
baseline,saddle_node,stationary,19,Bayesian SINDy (spike-slab),78.0,0.5863855538598846,0.008319862201230224,True
baseline,saddle_node,stationary,19,Kalman OU,38.0,-0.3783932434844861,-0.0026785783151641387,True
baseline,saddle_node,stationary,19,Kalman OU,54.0,0.47671715691049055,-0.003800492198501218,True
baseline,saddle_node,stationary,19,Kalman OU,70.0,0.7294507875098338,-0.007747270681103473,True
baseline,saddle_node,stationary,19,Kalman OU,78.0,0.35769890808496685,0.0065469571323124726,True
baseline,saddle_node,stationary,19,Latent Neural SDE (VI),38.0,-0.9411916732788086,-0.005605012029526429,True
baseline,saddle_node,stationary,19,Latent Neural SDE (VI),54.0,0.6608669757843018,0.015768946397405975,True
baseline,saddle_node,stationary,19,Latent Neural SDE (VI),70.0,-0.7079896926879883,0.012214518793344717,True
baseline,saddle_node,stationary,19,Latent Neural SDE (VI),78.0,-0.42591190338134766,0.012216335222131475,True
baseline,saddle_node,stationary,19,Moment OU,38.0,,,False
baseline,saddle_node,stationary,19,Moment OU,54.0,-1.6583791710950864,0.04685783706199059,True
baseline,saddle_node,stationary,19,Moment OU,70.0,-1.5690208838571411,0.04293999352838512,True
baseline,saddle_node,stationary,19,Moment OU,78.0,-0.5009521789292324,0.024631151587584027,True
baseline,saddle_node,stationary,19,Neural SDE (Euler),38.0,-0.8882746696472168,-0.006471598156078798,True
baseline,saddle_node,stationary,19,Neural SDE (Euler),54.0,0.5675215721130371,0.01602621263754317,True
baseline,saddle_node,stationary,19,Neural SDE (Euler),70.0,-0.7017793655395508,0.013325099140033256,True
baseline,saddle_node,stationary,19,Neural SDE (Euler),78.0,-0.48743343353271484,0.012157437288771292,True
baseline,saddle_node,stationary,19,SINDy-STLSQ,38.0,0.5407607888271668,-0.008168274696357197,True
baseline,saddle_node,stationary,19,SINDy-STLSQ,54.0,0.9084708626288709,0.010011312298638303,True
baseline,saddle_node,stationary,19,SINDy-STLSQ,70.0,-0.6153155570347426,0.009494479293676167,True
baseline,saddle_node,stationary,19,SINDy-STLSQ,78.0,-0.09710618325683473,0.007685059115941778,True
baseline,saddle_node,stationary,20,Bayesian SINDy (spike-slab),38.0,0.14883020868835928,0.011400140230802769,True
baseline,saddle_node,stationary,20,Bayesian SINDy (spike-slab),54.0,-0.17535878812167205,0.013140441244226156,True
baseline,saddle_node,stationary,20,Bayesian SINDy (spike-slab),70.0,0.8071693444925057,0.0016115168505357325,True
baseline,saddle_node,stationary,20,Bayesian SINDy (spike-slab),78.0,1.274636974157782,-0.006084282498316246,True
baseline,saddle_node,stationary,20,Kalman OU,38.0,-0.27447133916794075,0.01313807990336836,True
baseline,saddle_node,stationary,20,Kalman OU,54.0,-0.19263598902161827,0.004748391827862027,True
baseline,saddle_node,stationary,20,Kalman OU,70.0,-2.061536539345969,0.04515695014525581,True
baseline,saddle_node,stationary,20,Kalman OU,78.0,-0.4146545271851785,0.021220110406134446,True
baseline,saddle_node,stationary,20,Latent Neural SDE (VI),38.0,-1.1272261142730713,0.014400791985262618,True
baseline,saddle_node,stationary,20,Latent Neural SDE (VI),54.0,-1.954840898513794,0.014345027562279594,True
baseline,saddle_node,stationary,20,Latent Neural SDE (VI),70.0,-0.06224846839904785,0.0060656596881284025,True
baseline,saddle_node,stationary,20,Latent Neural SDE (VI),78.0,0.6879847049713135,-0.004072149075011924,True
baseline,saddle_node,stationary,20,Moment OU,38.0,-2.752455693082206,0.04813300296480354,True
baseline,saddle_node,stationary,20,Moment OU,54.0,-4.801533808270469,0.06423884803388821,True
baseline,saddle_node,stationary,20,Moment OU,70.0,,,False
baseline,saddle_node,stationary,20,Moment OU,78.0,,,False
baseline,saddle_node,stationary,20,Neural SDE (Euler),38.0,-1.2092933654785156,0.015552111083946621,True
baseline,saddle_node,stationary,20,Neural SDE (Euler),54.0,-1.9285845756530762,0.013943173128852307,True
baseline,saddle_node,stationary,20,Neural SDE (Euler),70.0,-0.05331754684448242,0.005431396986344733,True
baseline,saddle_node,stationary,20,Neural SDE (Euler),78.0,0.6295499801635742,-0.004356787952855004,True
baseline,saddle_node,stationary,20,SINDy-STLSQ,38.0,0.32265970600795413,0.012214070220552806,True
baseline,saddle_node,stationary,20,SINDy-STLSQ,54.0,-0.07079019457248936,0.013849889515291702,True
baseline,saddle_node,stationary,20,SINDy-STLSQ,70.0,0.9270239405637732,0.002012507311906886,True
baseline,saddle_node,stationary,20,SINDy-STLSQ,78.0,1.6822714008760076,-0.0059656805193597645,True
baseline,saddle_node,stationary,21,Bayesian SINDy (spike-slab),38.0,1.3020825970101817,0.004786123742919812,True
baseline,saddle_node,stationary,21,Bayesian SINDy (spike-slab),54.0,0.7616431572555253,-0.0062352501740087635,True
baseline,saddle_node,stationary,21,Bayesian SINDy (spike-slab),70.0,1.9518682940411032,-0.004500683890765286,True
baseline,saddle_node,stationary,21,Bayesian SINDy (spike-slab),78.0,1.226094908300635,-0.004422885723353198,True
baseline,saddle_node,stationary,21,Kalman OU,38.0,0.5532263492163572,0.022045958867787284,True
baseline,saddle_node,stationary,21,Kalman OU,54.0,-0.14336231805743171,0.012366853876507614,True
baseline,saddle_node,stationary,21,Kalman OU,70.0,0.3581197198211541,0.030687026341558815,True
baseline,saddle_node,stationary,21,Kalman OU,78.0,1.3700203138104619,0.0025134861849796727,True
baseline,saddle_node,stationary,21,Latent Neural SDE (VI),38.0,0.35796546936035156,0.0036532672476294326,True
baseline,saddle_node,stationary,21,Latent Neural SDE (VI),54.0,-0.009714126586914062,-0.004501593034141077,True
baseline,saddle_node,stationary,21,Latent Neural SDE (VI),70.0,0.9533395767211914,-0.005040207353106868,True
baseline,saddle_node,stationary,21,Latent Neural SDE (VI),78.0,1.2760248184204102,-0.00398118347965791,True
baseline,saddle_node,stationary,21,Moment OU,38.0,7.063842951899906,-0.023695541047526518,True
baseline,saddle_node,stationary,21,Moment OU,54.0,,,False
baseline,saddle_node,stationary,21,Moment OU,70.0,,,False
baseline,saddle_node,stationary,21,Moment OU,78.0,,,False
baseline,saddle_node,stationary,21,Neural SDE (Euler),38.0,0.48656177520751953,0.003889582671874961,True
baseline,saddle_node,stationary,21,Neural SDE (Euler),54.0,0.0009965896606445312,-0.005459161708134666,True
baseline,saddle_node,stationary,21,Neural SDE (Euler),70.0,0.9419441223144531,-0.0035717997182819206,True
baseline,saddle_node,stationary,21,Neural SDE (Euler),78.0,1.230522871017456,-0.0037792719179283313,True
baseline,saddle_node,stationary,21,SINDy-STLSQ,38.0,0.40351576543197964,0.004616764342271373,True
baseline,saddle_node,stationary,21,SINDy-STLSQ,54.0,-0.12601122673953302,-0.007488426844160595,True
baseline,saddle_node,stationary,21,SINDy-STLSQ,70.0,1.2222944250491024,-0.004937108946512378,True
baseline,saddle_node,stationary,21,SINDy-STLSQ,78.0,1.1635558790174367,-0.004852357820689893,True
baseline,saddle_node,stationary,22,Bayesian SINDy (spike-slab),38.0,-1.320523180733196,-0.0043494766963126374,True
baseline,saddle_node,stationary,22,Bayesian SINDy (spike-slab),54.0,-1.377477547949951,-0.00546413480881687,True
baseline,saddle_node,stationary,22,Bayesian SINDy (spike-slab),70.0,-0.7741441537027596,-0.012990546578160636,True
baseline,saddle_node,stationary,22,Bayesian SINDy (spike-slab),78.0,-0.4449075175011439,-0.009202347185257906,True
baseline,saddle_node,stationary,22,Kalman OU,38.0,-1.1777781857906366,-0.0021051975950419077,True
baseline,saddle_node,stationary,22,Kalman OU,54.0,-0.0474241912981751,-0.016790870761045237,True
baseline,saddle_node,stationary,22,Kalman OU,70.0,0.1776739549211988,-0.013598716408042574,True
baseline,saddle_node,stationary,22,Kalman OU,78.0,-1.4837064260851958,0.013149624515104597,True
baseline,saddle_node,stationary,22,Latent Neural SDE (VI),38.0,-0.852292537689209,-0.004763393307859076,True
baseline,saddle_node,stationary,22,Latent Neural SDE (VI),54.0,-0.7430057525634766,-0.007945789121220959,True
baseline,saddle_node,stationary,22,Latent Neural SDE (VI),70.0,-0.7267112731933594,-0.012586703247874503,True
baseline,saddle_node,stationary,22,Latent Neural SDE (VI),78.0,0.5367474555969238,-0.006347938623800828,True
baseline,saddle_node,stationary,22,Moment OU,38.0,-11.113752162483971,0.060705900564951704,True
baseline,saddle_node,stationary,22,Moment OU,54.0,-10.827258818733876,0.04691981530376528,True
baseline,saddle_node,stationary,22,Moment OU,70.0,0.8575969136007204,-0.033838701237337704,True
baseline,saddle_node,stationary,22,Moment OU,78.0,-0.07777117368760633,-0.015249193623422308,True
baseline,saddle_node,stationary,22,Neural SDE (Euler),38.0,-0.9518265724182129,-0.004556285085133963,True
baseline,saddle_node,stationary,22,Neural SDE (Euler),54.0,-0.7377328872680664,-0.008904910737077013,True
baseline,saddle_node,stationary,22,Neural SDE (Euler),70.0,-0.759979248046875,-0.012120903641969064,True
baseline,saddle_node,stationary,22,Neural SDE (Euler),78.0,0.4343299865722656,-0.005934918540123166,True
baseline,saddle_node,stationary,22,SINDy-STLSQ,38.0,-1.0292335520340967,-0.0045789264775738525,True
baseline,saddle_node,stationary,22,SINDy-STLSQ,54.0,-0.8170035172035965,-0.007629559440801681,True
baseline,saddle_node,stationary,22,SINDy-STLSQ,70.0,-1.552245872942183,-0.013747852218613299,True
baseline,saddle_node,stationary,22,SINDy-STLSQ,78.0,-0.109872674643134,-0.009557064681467789,True
baseline,saddle_node,stationary,23,Bayesian SINDy (spike-slab),38.0,2.358140596068712,0.008292332086230605,True
baseline,saddle_node,stationary,23,Bayesian SINDy (spike-slab),54.0,3.021689733331652,-0.0008121616644465035,True
baseline,saddle_node,stationary,23,Bayesian SINDy (spike-slab),70.0,1.7767095677745797,0.006196563928733828,True
baseline,saddle_node,stationary,23,Bayesian SINDy (spike-slab),78.0,2.051054968321215,0.00588133571736342,True
baseline,saddle_node,stationary,23,Kalman OU,38.0,-0.9689111749685818,0.040636550035305065,True
baseline,saddle_node,stationary,23,Kalman OU,54.0,-0.8603733132605634,0.04349245405606184,True
baseline,saddle_node,stationary,23,Kalman OU,70.0,-0.8646931101122771,0.02697466580928143,True
baseline,saddle_node,stationary,23,Kalman OU,78.0,-0.8253122194324886,0.028195374081020748,True
baseline,saddle_node,stationary,23,Latent Neural SDE (VI),38.0,2.117687702178955,0.008963582473874326,True
baseline,saddle_node,stationary,23,Latent Neural SDE (VI),54.0,4.046326160430908,-0.006453499806773191,True
baseline,saddle_node,stationary,23,Latent Neural SDE (VI),70.0,2.7170815467834473,0.0034499139493948255,True
baseline,saddle_node,stationary,23,Latent Neural SDE (VI),78.0,1.7398033142089844,-0.004758937723499668,True
baseline,saddle_node,stationary,23,Moment OU,38.0,,,False
baseline,saddle_node,stationary,23,Moment OU,54.0,,,False
baseline,saddle_node,stationary,23,Moment OU,70.0,,,False
baseline,saddle_node,stationary,23,Moment OU,78.0,,,False
baseline,saddle_node,stationary,23,Neural SDE (Euler),38.0,2.138416290283203,0.011647020746945014,True
baseline,saddle_node,stationary,23,Neural SDE (Euler),54.0,4.167386054992676,-0.0070328200650530415,True
baseline,saddle_node,stationary,23,Neural SDE (Euler),70.0,2.827279567718506,0.005001258482305718,True
baseline,saddle_node,stationary,23,Neural SDE (Euler),78.0,1.9106273651123047,-0.0030475195934357296,True
baseline,saddle_node,stationary,23,SINDy-STLSQ,38.0,3.603622852999553,0.010354940611771002,True
baseline,saddle_node,stationary,23,SINDy-STLSQ,54.0,5.29608427234143,0.001236689188566939,True
baseline,saddle_node,stationary,23,SINDy-STLSQ,70.0,4.115222086330873,0.008346266779885217,True
baseline,saddle_node,stationary,23,SINDy-STLSQ,78.0,4.6163420572542915,0.005432057205440793,True
baseline,saddle_node,stationary,24,Bayesian SINDy (spike-slab),38.0,-0.9002937692258253,-0.002431719977047067,True
baseline,saddle_node,stationary,24,Bayesian SINDy (spike-slab),54.0,-0.08212918266115343,0.007293605031842149,True
baseline,saddle_node,stationary,24,Bayesian SINDy (spike-slab),70.0,0.9012982371382603,-0.0028776799708208067,True
baseline,saddle_node,stationary,24,Bayesian SINDy (spike-slab),78.0,0.9209690845471346,-0.0017149774544249763,True
baseline,saddle_node,stationary,24,Kalman OU,38.0,2.160574599978377,-0.03823945439167814,True
baseline,saddle_node,stationary,24,Kalman OU,54.0,1.5187045790320286,-0.022926995794728157,True
baseline,saddle_node,stationary,24,Kalman OU,70.0,2.278064191782864,-0.024574852263095845,True
baseline,saddle_node,stationary,24,Kalman OU,78.0,0.0,0.020812205272107018,True
baseline,saddle_node,stationary,24,Latent Neural SDE (VI),38.0,-1.5673205852508545,-0.009270852295210005,True
baseline,saddle_node,stationary,24,Latent Neural SDE (VI),54.0,-1.4197700023651123,0.003061107146575981,True
baseline,saddle_node,stationary,24,Latent Neural SDE (VI),70.0,-0.28745245933532715,-0.008679658953041514,True
baseline,saddle_node,stationary,24,Latent Neural SDE (VI),78.0,0.07206034660339355,-0.008329436753068728,True
baseline,saddle_node,stationary,24,Moment OU,38.0,-6.389205947456181,0.023097190820186395,True
baseline,saddle_node,stationary,24,Moment OU,54.0,-1.8777933668509794,0.028939721746237733,True
baseline,saddle_node,stationary,24,Moment OU,70.0,,,False
baseline,saddle_node,stationary,24,Moment OU,78.0,,,False
baseline,saddle_node,stationary,24,Neural SDE (Euler),38.0,-1.671844720840454,-0.009581791681337465,True
baseline,saddle_node,stationary,24,Neural SDE (Euler),54.0,-1.5376007556915283,0.0028363423176057945,True
baseline,saddle_node,stationary,24,Neural SDE (Euler),70.0,-0.38217854499816895,-0.009039895542550691,True
baseline,saddle_node,stationary,24,Neural SDE (Euler),78.0,0.06117606163024902,-0.009094497435780988,True
baseline,saddle_node,stationary,24,SINDy-STLSQ,38.0,-0.23865985614759255,-0.001912593171671223,True
baseline,saddle_node,stationary,24,SINDy-STLSQ,54.0,-0.8111511123912276,0.00857716841250604,True
baseline,saddle_node,stationary,24,SINDy-STLSQ,70.0,0.4828282347561279,-0.0029405399883627448,True
baseline,saddle_node,stationary,24,SINDy-STLSQ,78.0,1.3796130322773625,-0.0012534004693870726,True
baseline,saddle_node,stationary,25,Bayesian SINDy (spike-slab),38.0,-0.25644802848361525,-0.00025008980695084837,True
baseline,saddle_node,stationary,25,Bayesian SINDy (spike-slab),54.0,0.27143248593812697,-0.0018172950580649383,True
baseline,saddle_node,stationary,25,Bayesian SINDy (spike-slab),70.0,0.8771478845265586,-0.0006957006264261961,True
baseline,saddle_node,stationary,25,Bayesian SINDy (spike-slab),78.0,0.9738371611443819,0.009629112901465384,True
baseline,saddle_node,stationary,25,Kalman OU,38.0,-2.256961896458596,0.022906303416940194,True
baseline,saddle_node,stationary,25,Kalman OU,54.0,0.17696790813634866,-0.0005864991415757727,True
baseline,saddle_node,stationary,25,Kalman OU,70.0,-0.3838250528204694,0.01689773870301029,True
baseline,saddle_node,stationary,25,Kalman OU,78.0,-0.8693782951518343,0.03652980506704914,True
baseline,saddle_node,stationary,25,Latent Neural SDE (VI),38.0,-0.13940000534057617,0.0006946662679776366,True
baseline,saddle_node,stationary,25,Latent Neural SDE (VI),54.0,-0.4187774658203125,-0.004424613564001034,True
baseline,saddle_node,stationary,25,Latent Neural SDE (VI),70.0,-0.5955548286437988,-0.0073951223997935495,True
baseline,saddle_node,stationary,25,Latent Neural SDE (VI),78.0,0.7867305278778076,0.006092022985028436,True
baseline,saddle_node,stationary,25,Moment OU,38.0,-0.9305783336631783,0.007181943804278813,True
baseline,saddle_node,stationary,25,Moment OU,54.0,,,False
baseline,saddle_node,stationary,25,Moment OU,70.0,,,False
baseline,saddle_node,stationary,25,Moment OU,78.0,0.11491379900763166,0.015777830370946926,True
baseline,saddle_node,stationary,25,Neural SDE (Euler),38.0,-0.2559061050415039,0.0004222441693546991,True
baseline,saddle_node,stationary,25,Neural SDE (Euler),54.0,-0.42342376708984375,-0.004585500832890582,True
baseline,saddle_node,stationary,25,Neural SDE (Euler),70.0,-0.704108715057373,-0.007422747809456634,True
baseline,saddle_node,stationary,25,Neural SDE (Euler),78.0,0.8292050361633301,0.006571499730809546,True
baseline,saddle_node,stationary,25,SINDy-STLSQ,38.0,-1.2140750293001314,-0.0018690998432011746,True
baseline,saddle_node,stationary,25,SINDy-STLSQ,54.0,0.21911837864605532,-0.002163347521267983,True
baseline,saddle_node,stationary,25,SINDy-STLSQ,70.0,-0.08537453293597119,-0.0007044927465782169,True
baseline,saddle_node,stationary,25,SINDy-STLSQ,78.0,0.7268411623737574,0.009665196699948947,True
baseline,saddle_node,stationary,26,Bayesian SINDy (spike-slab),38.0,-0.4431762571032207,0.004685748613360213,True
baseline,saddle_node,stationary,26,Bayesian SINDy (spike-slab),54.0,-0.8970356399576414,-0.01726632151961141,True
baseline,saddle_node,stationary,26,Bayesian SINDy (spike-slab),70.0,0.4959444107167865,-0.0123728100869797,True
baseline,saddle_node,stationary,26,Bayesian SINDy (spike-slab),78.0,0.9053978175005666,-0.013560908726883786,True
baseline,saddle_node,stationary,26,Kalman OU,38.0,1.799528382665749,-0.030168538367658926,True
baseline,saddle_node,stationary,26,Kalman OU,54.0,0.06398481851094084,-0.03401729438985819,True
baseline,saddle_node,stationary,26,Kalman OU,70.0,1.535345195644123,-0.026366824786905666,True
baseline,saddle_node,stationary,26,Kalman OU,78.0,0.6978960121507012,-0.005552938960405984,True
baseline,saddle_node,stationary,26,Latent Neural SDE (VI),38.0,-1.7661480903625488,0.006207467245448309,True
baseline,saddle_node,stationary,26,Latent Neural SDE (VI),54.0,-1.6085443496704102,-0.016641401544413487,True
baseline,saddle_node,stationary,26,Latent Neural SDE (VI),70.0,-1.1177997589111328,-0.01434082039220469,True
baseline,saddle_node,stationary,26,Latent Neural SDE (VI),78.0,0.9726691246032715,-0.01522819927689889,True
baseline,saddle_node,stationary,26,Moment OU,38.0,-3.694218496208574,0.03497398376888709,True
baseline,saddle_node,stationary,26,Moment OU,54.0,,,False
baseline,saddle_node,stationary,26,Moment OU,70.0,,,False
baseline,saddle_node,stationary,26,Moment OU,78.0,,,False
baseline,saddle_node,stationary,26,Neural SDE (Euler),38.0,-1.9022808074951172,0.006105844573315686,True
baseline,saddle_node,stationary,26,Neural SDE (Euler),54.0,-1.7194609642028809,-0.016399315152235416,True
baseline,saddle_node,stationary,26,Neural SDE (Euler),70.0,-1.0953359603881836,-0.014238439288721788,True
baseline,saddle_node,stationary,26,Neural SDE (Euler),78.0,0.7702178955078125,-0.015338641166661837,True
baseline,saddle_node,stationary,26,SINDy-STLSQ,38.0,-0.6540684229133742,0.004606674242206371,True
baseline,saddle_node,stationary,26,SINDy-STLSQ,54.0,-1.2619265381419513,-0.018589420989398586,True
baseline,saddle_node,stationary,26,SINDy-STLSQ,70.0,-0.7849943511141388,-0.013578547164844051,True
baseline,saddle_node,stationary,26,SINDy-STLSQ,78.0,0.9293045287653907,-0.014392974243863252,True
baseline,saddle_node,stationary,27,Bayesian SINDy (spike-slab),38.0,-1.279720228874508,-0.0009098390007924867,True
baseline,saddle_node,stationary,27,Bayesian SINDy (spike-slab),54.0,-0.16305103107043495,-0.004122890348681976,True
baseline,saddle_node,stationary,27,Bayesian SINDy (spike-slab),70.0,-1.7138322352161572,-0.01889400403460898,True
baseline,saddle_node,stationary,27,Bayesian SINDy (spike-slab),78.0,-1.6589373376116874,-0.007315728530073534,True
baseline,saddle_node,stationary,27,Kalman OU,38.0,0.2946833112990498,-0.019436426359488314,True
baseline,saddle_node,stationary,27,Kalman OU,54.0,-0.1556599409712165,-0.019930467343029116,True
baseline,saddle_node,stationary,27,Kalman OU,70.0,-1.9170270591701941,-0.006598625090856923,True
baseline,saddle_node,stationary,27,Kalman OU,78.0,-1.6834139742388388,-0.0025531715281645884,True
baseline,saddle_node,stationary,27,Latent Neural SDE (VI),38.0,-1.4399175643920898,0.0004978525394140204,True
baseline,saddle_node,stationary,27,Latent Neural SDE (VI),54.0,-1.3394615650177002,-0.0004955668224874143,True
baseline,saddle_node,stationary,27,Latent Neural SDE (VI),70.0,-2.2558157444000244,-0.014378176474273863,True
baseline,saddle_node,stationary,27,Latent Neural SDE (VI),78.0,-2.8077313899993896,-0.002955128272425986,True
baseline,saddle_node,stationary,27,Moment OU,38.0,,,False
baseline,saddle_node,stationary,27,Moment OU,54.0,,,False
baseline,saddle_node,stationary,27,Moment OU,70.0,,,False
baseline,saddle_node,stationary,27,Moment OU,78.0,,,False
baseline,saddle_node,stationary,27,Neural SDE (Euler),38.0,-1.3485674858093262,-0.0003742548404601226,True
baseline,saddle_node,stationary,27,Neural SDE (Euler),54.0,-1.3224282264709473,6.994174581162471e-05,True
baseline,saddle_node,stationary,27,Neural SDE (Euler),70.0,-2.274756908416748,-0.014357949464190542,True
baseline,saddle_node,stationary,27,Neural SDE (Euler),78.0,-2.6737499237060547,-0.003242615664374504,True
baseline,saddle_node,stationary,27,SINDy-STLSQ,38.0,-1.3745783221914598,0.00044541427646258014,True
baseline,saddle_node,stationary,27,SINDy-STLSQ,54.0,0.4740598299907497,-0.004351354158610571,True
baseline,saddle_node,stationary,27,SINDy-STLSQ,70.0,-1.9564949520021049,-0.01764104893368658,True
baseline,saddle_node,stationary,27,SINDy-STLSQ,78.0,-1.7075545065899842,-0.005885936367011763,True
baseline,saddle_node,stationary,28,Bayesian SINDy (spike-slab),38.0,-1.3772087076022843,0.003994874856641517,True
baseline,saddle_node,stationary,28,Bayesian SINDy (spike-slab),54.0,-0.889364707187124,-0.009496025042039072,True
baseline,saddle_node,stationary,28,Bayesian SINDy (spike-slab),70.0,-0.4368829382486661,0.0075136229812497735,True
baseline,saddle_node,stationary,28,Bayesian SINDy (spike-slab),78.0,-1.605886401034644,0.004529560891354867,True
baseline,saddle_node,stationary,28,Kalman OU,38.0,-0.07862369716113121,-0.00502775080334724,True
baseline,saddle_node,stationary,28,Kalman OU,54.0,-0.4312922497301755,0.00529977837142049,True
baseline,saddle_node,stationary,28,Kalman OU,70.0,0.0620612708860791,0.0010436383314353682,True
baseline,saddle_node,stationary,28,Kalman OU,78.0,-0.24727187081458696,-0.00034847239199227095,True
baseline,saddle_node,stationary,28,Latent Neural SDE (VI),38.0,-1.5940804481506348,0.0030248496426550503,True
baseline,saddle_node,stationary,28,Latent Neural SDE (VI),54.0,-1.4239482879638672,-0.011620827767667721,True
baseline,saddle_node,stationary,28,Latent Neural SDE (VI),70.0,-0.37638378143310547,0.006901867395826933,True
baseline,saddle_node,stationary,28,Latent Neural SDE (VI),78.0,-2.277649402618408,0.0031959326426037604,True
baseline,saddle_node,stationary,28,Moment OU,38.0,-4.489752906035852,0.05088754651027572,True
baseline,saddle_node,stationary,28,Moment OU,54.0,,,False
baseline,saddle_node,stationary,28,Moment OU,70.0,-1.347036450093579,0.03094506964863119,True
baseline,saddle_node,stationary,28,Moment OU,78.0,-6.196294531695925,0.062306168166331576,True
baseline,saddle_node,stationary,28,Neural SDE (Euler),38.0,-1.6096060276031494,0.0024043540357131243,True
baseline,saddle_node,stationary,28,Neural SDE (Euler),54.0,-1.4103915691375732,-0.012613059038814253,True
baseline,saddle_node,stationary,28,Neural SDE (Euler),70.0,-0.3309042453765869,0.007244965231890416,True
baseline,saddle_node,stationary,28,Neural SDE (Euler),78.0,-2.191448450088501,0.0028048627489043743,True
baseline,saddle_node,stationary,28,SINDy-STLSQ,38.0,-1.737722117934219,0.006219945870888116,True
baseline,saddle_node,stationary,28,SINDy-STLSQ,54.0,-2.322994965557502,-0.00823037877192194,True
baseline,saddle_node,stationary,28,SINDy-STLSQ,70.0,-1.2669559772220693,0.009541106777862171,True
baseline,saddle_node,stationary,28,SINDy-STLSQ,78.0,-3.1018102274032486,0.006124345078002594,True
baseline,saddle_node,stationary,29,Bayesian SINDy (spike-slab),38.0,1.4764309235380018,0.014607076549727052,True
baseline,saddle_node,stationary,29,Bayesian SINDy (spike-slab),54.0,0.6184713545539577,0.018829108538365488,True
baseline,saddle_node,stationary,29,Bayesian SINDy (spike-slab),70.0,-0.4255323173156187,0.0072174748469205074,True
baseline,saddle_node,stationary,29,Bayesian SINDy (spike-slab),78.0,0.41726169663683166,0.009244908787141112,True
baseline,saddle_node,stationary,29,Kalman OU,38.0,0.38522582349117673,0.01794378854532982,True
baseline,saddle_node,stationary,29,Kalman OU,54.0,1.022620849729368,-0.0074966380445322875,True
baseline,saddle_node,stationary,29,Kalman OU,70.0,-1.893928413884608,0.0026456959352703854,True
baseline,saddle_node,stationary,29,Kalman OU,78.0,-1.893928413884608,0.03976613730809253,True
baseline,saddle_node,stationary,29,Latent Neural SDE (VI),38.0,0.4963717460632324,0.010170869812560976,True
baseline,saddle_node,stationary,29,Latent Neural SDE (VI),54.0,1.1877844333648682,0.005493612055549851,True
baseline,saddle_node,stationary,29,Latent Neural SDE (VI),70.0,-0.5791916847229004,0.007841318731993813,True
baseline,saddle_node,stationary,29,Latent Neural SDE (VI),78.0,0.29074525833129883,0.006388604213800719,True
baseline,saddle_node,stationary,29,Moment OU,38.0,,,False
baseline,saddle_node,stationary,29,Moment OU,54.0,,,False
baseline,saddle_node,stationary,29,Moment OU,70.0,,,False
baseline,saddle_node,stationary,29,Moment OU,78.0,,,False
baseline,saddle_node,stationary,29,Neural SDE (Euler),38.0,0.6293139457702637,0.012261968379061239,True
baseline,saddle_node,stationary,29,Neural SDE (Euler),54.0,1.2504847049713135,0.007085360807983013,True
baseline,saddle_node,stationary,29,Neural SDE (Euler),70.0,-0.5704135894775391,0.007889446159446534,True
baseline,saddle_node,stationary,29,Neural SDE (Euler),78.0,0.29444026947021484,0.006845345592450036,True
baseline,saddle_node,stationary,29,SINDy-STLSQ,38.0,1.6280030710376887,0.014573599323692898,True
baseline,saddle_node,stationary,29,SINDy-STLSQ,54.0,1.0807715413029992,0.01874584658700655,True
baseline,saddle_node,stationary,29,SINDy-STLSQ,70.0,0.897987469635388,0.008145324287631359,True
baseline,saddle_node,stationary,29,SINDy-STLSQ,78.0,1.96161658146293,0.009005715535103445,True
baseline,transcritical,noise_growth,20,Bayesian SINDy (spike-slab),38.0,-0.7229850600444001,-0.009600012045832648,True
baseline,transcritical,noise_growth,20,Bayesian SINDy (spike-slab),54.0,-1.2348690825140864,0.006864216853001509,True
baseline,transcritical,noise_growth,20,Bayesian SINDy (spike-slab),70.0,0.8804820095517518,0.010876752225516942,True
baseline,transcritical,noise_growth,20,Bayesian SINDy (spike-slab),78.0,1.079683746201566,0.012449602350493957,True
baseline,transcritical,noise_growth,20,Kalman OU,38.0,0.33391003695901067,-0.023688420826255725,True
baseline,transcritical,noise_growth,20,Kalman OU,54.0,-0.4670200346599991,-0.005262219151398559,True
baseline,transcritical,noise_growth,20,Kalman OU,70.0,1.4651421306316414,-0.020259474592956142,True
baseline,transcritical,noise_growth,20,Kalman OU,78.0,1.1959110050891297,0.005463030462171975,True
baseline,transcritical,noise_growth,20,Latent Neural SDE (VI),38.0,-2.791553258895874,-0.01269148760128909,True
baseline,transcritical,noise_growth,20,Latent Neural SDE (VI),54.0,-2.6749107837677,-0.0013663768941969134,True
baseline,transcritical,noise_growth,20,Latent Neural SDE (VI),70.0,0.9048788547515869,0.008982025227488408,True
baseline,transcritical,noise_growth,20,Latent Neural SDE (VI),78.0,1.1437443494796753,0.01613321932326932,True
baseline,transcritical,noise_growth,20,Moment OU,38.0,,,False
baseline,transcritical,noise_growth,20,Moment OU,54.0,,,False
baseline,transcritical,noise_growth,20,Moment OU,70.0,,,False
baseline,transcritical,noise_growth,20,Moment OU,78.0,,,False
baseline,transcritical,noise_growth,20,Neural SDE (Euler),38.0,-2.9252915382385254,-0.012672414396654827,True
baseline,transcritical,noise_growth,20,Neural SDE (Euler),54.0,-2.6182875633239746,-0.0018503056703773613,True
baseline,transcritical,noise_growth,20,Neural SDE (Euler),70.0,0.857107400894165,0.012094611025929666,True
baseline,transcritical,noise_growth,20,Neural SDE (Euler),78.0,1.024436593055725,0.020455881502135537,True
baseline,transcritical,noise_growth,20,SINDy-STLSQ,38.0,-2.161217911578253,-0.01016405023317836,True
baseline,transcritical,noise_growth,20,SINDy-STLSQ,54.0,-3.012233475099336,0.005475516464125224,True
baseline,transcritical,noise_growth,20,SINDy-STLSQ,70.0,-0.2662546098860792,0.010212670138030538,True
baseline,transcritical,noise_growth,20,SINDy-STLSQ,78.0,0.8257400635588342,0.012448794255223355,True
baseline,transcritical,noise_growth,21,Bayesian SINDy (spike-slab),38.0,0.5712330342298206,0.006959424374263515,True
baseline,transcritical,noise_growth,21,Bayesian SINDy (spike-slab),54.0,-1.2121818438314231,0.008331328259328225,True
baseline,transcritical,noise_growth,21,Bayesian SINDy (spike-slab),70.0,0.4995876774726211,0.04084931095033603,True
baseline,transcritical,noise_growth,21,Bayesian SINDy (spike-slab),78.0,0.755923809869302,0.02873408216921873,True
baseline,transcritical,noise_growth,21,Kalman OU,38.0,0.09153811073069495,0.01181419575170483,True
baseline,transcritical,noise_growth,21,Kalman OU,54.0,-1.198066833116515,-0.0066398358567582375,True
baseline,transcritical,noise_growth,21,Kalman OU,70.0,-0.28559576855071067,0.04700222978106924,True
baseline,transcritical,noise_growth,21,Kalman OU,78.0,-1.160112746596903,0.0673240209397192,True
baseline,transcritical,noise_growth,21,Latent Neural SDE (VI),38.0,0.3689112663269043,0.004713829717750931,True
baseline,transcritical,noise_growth,21,Latent Neural SDE (VI),54.0,-0.9814844131469727,0.013734437307234906,True
baseline,transcritical,noise_growth,21,Latent Neural SDE (VI),70.0,0.29155468940734863,0.04271914194273681,True
baseline,transcritical,noise_growth,21,Latent Neural SDE (VI),78.0,0.9914052486419678,0.026455529856255794,True
baseline,transcritical,noise_growth,21,Moment OU,38.0,,,False
baseline,transcritical,noise_growth,21,Moment OU,54.0,,,False
baseline,transcritical,noise_growth,21,Moment OU,70.0,,,False
baseline,transcritical,noise_growth,21,Moment OU,78.0,,,False
baseline,transcritical,noise_growth,21,Neural SDE (Euler),38.0,0.37334442138671875,0.005683759716255857,True
baseline,transcritical,noise_growth,21,Neural SDE (Euler),54.0,-1.0582919120788574,0.014242360219855366,True
baseline,transcritical,noise_growth,21,Neural SDE (Euler),70.0,0.4154329299926758,0.0454478944980871,True
baseline,transcritical,noise_growth,21,Neural SDE (Euler),78.0,0.9645359516143799,0.02702144305463483,True
baseline,transcritical,noise_growth,21,SINDy-STLSQ,38.0,0.3485499668000349,0.00662403161796056,True
baseline,transcritical,noise_growth,21,SINDy-STLSQ,54.0,-1.5568170502894016,0.008918648466356108,True
baseline,transcritical,noise_growth,21,SINDy-STLSQ,70.0,0.6481422812113453,0.0408847107512494,True
baseline,transcritical,noise_growth,21,SINDy-STLSQ,78.0,1.3304213653421313,0.028134379082328756,True
baseline,transcritical,noise_growth,22,Bayesian SINDy (spike-slab),38.0,-0.8618146352210374,-0.000980708212224582,True
baseline,transcritical,noise_growth,22,Bayesian SINDy (spike-slab),54.0,1.323901281376246,-0.0005511335131184181,True
baseline,transcritical,noise_growth,22,Bayesian SINDy (spike-slab),70.0,1.560098246615881,0.017482599781976305,True
baseline,transcritical,noise_growth,22,Bayesian SINDy (spike-slab),78.0,2.5246376074703756,0.03120934170861958,True
baseline,transcritical,noise_growth,22,Kalman OU,38.0,0.0,-0.034631415131482005,True
baseline,transcritical,noise_growth,22,Kalman OU,54.0,1.0989252053926841,0.01393843023212913,True
baseline,transcritical,noise_growth,22,Kalman OU,70.0,0.713012730891827,0.04182665583193583,True
baseline,transcritical,noise_growth,22,Kalman OU,78.0,1.8469493349510138,0.03773318981385433,True
baseline,transcritical,noise_growth,22,Latent Neural SDE (VI),38.0,-0.796968936920166,0.004886018849239643,True
baseline,transcritical,noise_growth,22,Latent Neural SDE (VI),54.0,1.92933988571167,-0.0010565549756765547,True
baseline,transcritical,noise_growth,22,Latent Neural SDE (VI),70.0,1.9733805656433105,0.015790021489053563,True
baseline,transcritical,noise_growth,22,Latent Neural SDE (VI),78.0,3.0909790992736816,0.025687990952856316,True
baseline,transcritical,noise_growth,22,Moment OU,38.0,,,False
baseline,transcritical,noise_growth,22,Moment OU,54.0,4.685161810318679,-0.040236531292880864,True
baseline,transcritical,noise_growth,22,Moment OU,70.0,3.6041901392759774,0.002144202245062815,True
baseline,transcritical,noise_growth,22,Moment OU,78.0,4.187151834617882,0.01574058945916744,True
baseline,transcritical,noise_growth,22,Neural SDE (Euler),38.0,-0.9059820175170898,0.004316496083383359,True
baseline,transcritical,noise_growth,22,Neural SDE (Euler),54.0,1.860623836517334,-0.0014609763736949527,True
baseline,transcritical,noise_growth,22,Neural SDE (Euler),70.0,1.7462482452392578,0.016285133257351772,True
baseline,transcritical,noise_growth,22,Neural SDE (Euler),78.0,2.8609589338302612,0.026443570360383625,True
baseline,transcritical,noise_growth,22,SINDy-STLSQ,38.0,-1.4211068686330526,-0.0008514862734174955,True
baseline,transcritical,noise_growth,22,SINDy-STLSQ,54.0,2.0816357326968036,-0.0008493026311545415,True
baseline,transcritical,noise_growth,22,SINDy-STLSQ,70.0,1.6279839286803828,0.015211956361747922,True
baseline,transcritical,noise_growth,22,SINDy-STLSQ,78.0,3.2908210461531757,0.029956245407424198,True
baseline,transcritical,noise_growth,23,Bayesian SINDy (spike-slab),38.0,1.8990069868323687,0.01036771089160407,True
baseline,transcritical,noise_growth,23,Bayesian SINDy (spike-slab),54.0,2.9860424806923676,0.02878139701465722,True
baseline,transcritical,noise_growth,23,Bayesian SINDy (spike-slab),70.0,3.087670429575331,0.013340084880760786,True
baseline,transcritical,noise_growth,23,Bayesian SINDy (spike-slab),78.0,3.9674876756632393,0.023785592915558318,True
baseline,transcritical,noise_growth,23,Kalman OU,38.0,1.601981348973836,0.03147371116872731,True
baseline,transcritical,noise_growth,23,Kalman OU,54.0,2.4335933429704117,0.035341123196561255,True
baseline,transcritical,noise_growth,23,Kalman OU,70.0,0.6808514598943165,0.07806041126086419,True
baseline,transcritical,noise_growth,23,Kalman OU,78.0,1.5855863943083526,0.08467589791382175,True
baseline,transcritical,noise_growth,23,Latent Neural SDE (VI),38.0,0.5402231216430664,0.008465999041470842,True
baseline,transcritical,noise_growth,23,Latent Neural SDE (VI),54.0,3.576380729675293,0.024916040014294552,True
baseline,transcritical,noise_growth,23,Latent Neural SDE (VI),70.0,3.5568184852600098,0.010483908657739752,True
baseline,transcritical,noise_growth,23,Latent Neural SDE (VI),78.0,3.726947069168091,0.010498988418141605,True
baseline,transcritical,noise_growth,23,Moment OU,38.0,,,False
baseline,transcritical,noise_growth,23,Moment OU,54.0,,,False
baseline,transcritical,noise_growth,23,Moment OU,70.0,,,False
baseline,transcritical,noise_growth,23,Moment OU,78.0,,,False
baseline,transcritical,noise_growth,23,Neural SDE (Euler),38.0,0.4247751235961914,0.007986331126795587,True
baseline,transcritical,noise_growth,23,Neural SDE (Euler),54.0,3.583430528640747,0.026604789784561364,True
baseline,transcritical,noise_growth,23,Neural SDE (Euler),70.0,3.670647144317627,0.00915809063061232,True
baseline,transcritical,noise_growth,23,Neural SDE (Euler),78.0,3.7384109497070312,0.009945514729995872,True
baseline,transcritical,noise_growth,23,SINDy-STLSQ,38.0,0.8365777333173483,0.01151057541637561,True
baseline,transcritical,noise_growth,23,SINDy-STLSQ,54.0,2.4616687285538568,0.029112193317184065,True
baseline,transcritical,noise_growth,23,SINDy-STLSQ,70.0,3.4014815453976572,0.015471893083805949,True
baseline,transcritical,noise_growth,23,SINDy-STLSQ,78.0,3.475279298103488,0.024463698890733812,True
baseline,transcritical,noise_growth,24,Bayesian SINDy (spike-slab),38.0,0.7788905584886763,0.012768347203656397,True
baseline,transcritical,noise_growth,24,Bayesian SINDy (spike-slab),54.0,1.6386518688191756,0.010434186211200236,True
baseline,transcritical,noise_growth,24,Bayesian SINDy (spike-slab),70.0,3.725034743294918,0.015032144944768358,True
baseline,transcritical,noise_growth,24,Bayesian SINDy (spike-slab),78.0,4.7136822102773355,0.03592396321216064,True
baseline,transcritical,noise_growth,24,Kalman OU,38.0,1.919496141721209,0.008367031243961872,True
baseline,transcritical,noise_growth,24,Kalman OU,54.0,1.769951780286796,0.015813568234359508,True
baseline,transcritical,noise_growth,24,Kalman OU,70.0,1.9038093925152224,0.04969741742171965,True
baseline,transcritical,noise_growth,24,Kalman OU,78.0,2.1223409258792367,0.07586909510079635,True
baseline,transcritical,noise_growth,24,Latent Neural SDE (VI),38.0,0.6378388404846191,0.008305989317189608,True
baseline,transcritical,noise_growth,24,Latent Neural SDE (VI),54.0,2.007133960723877,0.00042222386651422084,True
baseline,transcritical,noise_growth,24,Latent Neural SDE (VI),70.0,4.656628608703613,0.020246920357678652,True
baseline,transcritical,noise_growth,24,Latent Neural SDE (VI),78.0,5.18775862455368,0.045590972665175505,True
baseline,transcritical,noise_growth,24,Moment OU,38.0,,,False
baseline,transcritical,noise_growth,24,Moment OU,54.0,,,False
baseline,transcritical,noise_growth,24,Moment OU,70.0,,,False
baseline,transcritical,noise_growth,24,Moment OU,78.0,,,False
baseline,transcritical,noise_growth,24,Neural SDE (Euler),38.0,0.6593074798583984,0.0092966915905099,True
baseline,transcritical,noise_growth,24,Neural SDE (Euler),54.0,2.030318260192871,0.001431624884117244,True
baseline,transcritical,noise_growth,24,Neural SDE (Euler),70.0,4.582256317138672,0.023437720545100127,True
baseline,transcritical,noise_growth,24,Neural SDE (Euler),78.0,5.069149017333984,0.054760770837737074,True
baseline,transcritical,noise_growth,24,SINDy-STLSQ,38.0,1.6757863398178383,0.011701993548693806,True
baseline,transcritical,noise_growth,24,SINDy-STLSQ,54.0,2.3825181444452803,0.009649299577304524,True
baseline,transcritical,noise_growth,24,SINDy-STLSQ,70.0,4.136278821615273,0.013918170923291048,True
baseline,transcritical,noise_growth,24,SINDy-STLSQ,78.0,4.182214936492854,0.03259082544597283,True
baseline,transcritical,noise_growth,25,Bayesian SINDy (spike-slab),38.0,1.754914246216412,-0.015719876580375575,True
baseline,transcritical,noise_growth,25,Bayesian SINDy (spike-slab),54.0,-0.39498079820218024,-0.002458572178867524,True
baseline,transcritical,noise_growth,25,Bayesian SINDy (spike-slab),70.0,1.3520187828748083,0.01725365862650209,True
baseline,transcritical,noise_growth,25,Bayesian SINDy (spike-slab),78.0,2.1203786716139104,0.022161124514369995,True
baseline,transcritical,noise_growth,25,Kalman OU,38.0,0.8139641599647414,-0.013732947210516946,True
baseline,transcritical,noise_growth,25,Kalman OU,54.0,1.4558146887031578,-0.04176770029246058,True
baseline,transcritical,noise_growth,25,Kalman OU,70.0,1.0767226433488513,0.007875889407642958,True
baseline,transcritical,noise_growth,25,Kalman OU,78.0,1.2355190081639695,0.02542807067889366,True
baseline,transcritical,noise_growth,25,Latent Neural SDE (VI),38.0,2.650326728820801,-0.016748644893744308,True
baseline,transcritical,noise_growth,25,Latent Neural SDE (VI),54.0,0.05618572235107422,-0.00154079777653425,True
baseline,transcritical,noise_growth,25,Latent Neural SDE (VI),70.0,0.5378866195678711,0.005311307118812156,True
baseline,transcritical,noise_growth,25,Latent Neural SDE (VI),78.0,3.3807390928268433,0.019296062762533567,True
baseline,transcritical,noise_growth,25,Moment OU,38.0,,,False
baseline,transcritical,noise_growth,25,Moment OU,54.0,-0.23583331038654376,-0.005973273586765478,True
baseline,transcritical,noise_growth,25,Moment OU,70.0,0.5601525994029055,0.01969531701889045,True
baseline,transcritical,noise_growth,25,Moment OU,78.0,0.8428454764877886,0.025965691554367884,True
baseline,transcritical,noise_growth,25,Neural SDE (Euler),38.0,2.7419495582580566,-0.017101133585852538,True
baseline,transcritical,noise_growth,25,Neural SDE (Euler),54.0,0.19420528411865234,-0.0025218516812450936,True
baseline,transcritical,noise_growth,25,Neural SDE (Euler),70.0,0.6515240669250488,0.00804124017104911,True
baseline,transcritical,noise_growth,25,Neural SDE (Euler),78.0,3.466325879096985,0.02068102659471166,True
baseline,transcritical,noise_growth,25,SINDy-STLSQ,38.0,2.1830014186891584,-0.016550430115902154,True
baseline,transcritical,noise_growth,25,SINDy-STLSQ,54.0,0.6697192770763367,-0.0035053137707346943,True
baseline,transcritical,noise_growth,25,SINDy-STLSQ,70.0,1.2585129831118775,0.017706554365743934,True
baseline,transcritical,noise_growth,25,SINDy-STLSQ,78.0,1.9608160957672758,0.020826916672899945,True
baseline,transcritical,noise_growth,26,Bayesian SINDy (spike-slab),38.0,-0.06788773099198098,-0.0011199733790518002,True
baseline,transcritical,noise_growth,26,Bayesian SINDy (spike-slab),54.0,0.848744051699466,0.003878247361400189,True
baseline,transcritical,noise_growth,26,Bayesian SINDy (spike-slab),70.0,0.6821372528265441,0.02351015936405354,True
baseline,transcritical,noise_growth,26,Bayesian SINDy (spike-slab),78.0,1.4371478219374594,0.03199715762950715,True
baseline,transcritical,noise_growth,26,Kalman OU,38.0,0.2740980334552555,-0.011175900326433175,True
baseline,transcritical,noise_growth,26,Kalman OU,54.0,0.5931845788590749,-0.01120050550131503,True
baseline,transcritical,noise_growth,26,Kalman OU,70.0,-0.20799337169458476,0.032661621322690584,True
baseline,transcritical,noise_growth,26,Kalman OU,78.0,0.08732436998555004,0.03975133761973862,True
baseline,transcritical,noise_growth,26,Latent Neural SDE (VI),38.0,-0.3893871307373047,-0.003458465182153758,True
baseline,transcritical,noise_growth,26,Latent Neural SDE (VI),54.0,1.0921368598937988,0.013478690018583706,True
baseline,transcritical,noise_growth,26,Latent Neural SDE (VI),70.0,1.3639984130859375,0.02228731455082207,True
baseline,transcritical,noise_growth,26,Latent Neural SDE (VI),78.0,2.069589376449585,0.03300070426690603,True
baseline,transcritical,noise_growth,26,Moment OU,38.0,0.21812152787462513,-0.0074644378557465335,True
baseline,transcritical,noise_growth,26,Moment OU,54.0,0.6210885564116422,-0.010218053354507609,True
baseline,transcritical,noise_growth,26,Moment OU,70.0,-0.5115583649162001,0.044404786437028186,True
baseline,transcritical,noise_growth,26,Moment OU,78.0,-0.024679262328885843,0.04833605634822171,True
baseline,transcritical,noise_growth,26,Neural SDE (Euler),38.0,-0.354769229888916,-0.005646731428600352,True
baseline,transcritical,noise_growth,26,Neural SDE (Euler),54.0,1.119431495666504,0.01354220951968331,True
baseline,transcritical,noise_growth,26,Neural SDE (Euler),70.0,1.2787034511566162,0.021775932357286726,True
baseline,transcritical,noise_growth,26,Neural SDE (Euler),78.0,2.022461414337158,0.0336718432484544,True
baseline,transcritical,noise_growth,26,SINDy-STLSQ,38.0,-0.4101378952529009,-0.0006449011307216868,True
baseline,transcritical,noise_growth,26,SINDy-STLSQ,54.0,0.49549613618535315,0.003794996102893078,True
baseline,transcritical,noise_growth,26,SINDy-STLSQ,70.0,-0.36382635743489145,0.020671473987567635,True
baseline,transcritical,noise_growth,26,SINDy-STLSQ,78.0,0.8064327404904035,0.03173327896016258,True
baseline,transcritical,noise_growth,27,Bayesian SINDy (spike-slab),38.0,-1.0097804075742038,0.00040675136563755876,True
baseline,transcritical,noise_growth,27,Bayesian SINDy (spike-slab),54.0,-0.7090041612675884,0.018313484899198165,True
baseline,transcritical,noise_growth,27,Bayesian SINDy (spike-slab),70.0,-0.14853757070173979,0.008673390417556895,True
baseline,transcritical,noise_growth,27,Bayesian SINDy (spike-slab),78.0,0.5844579472425637,0.018244368581749715,True
baseline,transcritical,noise_growth,27,Kalman OU,38.0,-0.22034772579189515,0.005461117850924114,True
baseline,transcritical,noise_growth,27,Kalman OU,54.0,-0.39112946551128486,0.01085189770003989,True
baseline,transcritical,noise_growth,27,Kalman OU,70.0,-1.095477934008164,0.034309488848219896,True
baseline,transcritical,noise_growth,27,Kalman OU,78.0,-0.05018705989171257,0.03917513162653874,True
baseline,transcritical,noise_growth,27,Latent Neural SDE (VI),38.0,-1.1165452003479004,0.0011554134858643844,True
baseline,transcritical,noise_growth,27,Latent Neural SDE (VI),54.0,0.2777431011199951,0.020744046295810448,True
baseline,transcritical,noise_growth,27,Latent Neural SDE (VI),70.0,1.0221290588378906,0.0085125543955058,True
baseline,transcritical,noise_growth,27,Latent Neural SDE (VI),78.0,0.9209344387054443,0.01283085562538358,True
baseline,transcritical,noise_growth,27,Moment OU,38.0,,,False
baseline,transcritical,noise_growth,27,Moment OU,54.0,,,False
baseline,transcritical,noise_growth,27,Moment OU,70.0,,,False
baseline,transcritical,noise_growth,27,Moment OU,78.0,,,False
baseline,transcritical,noise_growth,27,Neural SDE (Euler),38.0,-1.2482693195343018,0.0021050387712819585,True
baseline,transcritical,noise_growth,27,Neural SDE (Euler),54.0,0.3177046775817871,0.02012088487565597,True
baseline,transcritical,noise_growth,27,Neural SDE (Euler),70.0,0.9825165271759033,0.009074603019606317,True
baseline,transcritical,noise_growth,27,Neural SDE (Euler),78.0,1.1744141578674316,0.014180817104173432,True
baseline,transcritical,noise_growth,27,SINDy-STLSQ,38.0,-2.057070430252186,-0.00301480048573316,True
baseline,transcritical,noise_growth,27,SINDy-STLSQ,54.0,0.10681474892547538,0.01785111148871349,True
baseline,transcritical,noise_growth,27,SINDy-STLSQ,70.0,0.30036644182358385,0.00884793604905569,True
baseline,transcritical,noise_growth,27,SINDy-STLSQ,78.0,0.3184515705062809,0.01461725093685505,True
baseline,transcritical,noise_growth,28,Bayesian SINDy (spike-slab),38.0,1.711518751033923,0.015294299745172685,True
baseline,transcritical,noise_growth,28,Bayesian SINDy (spike-slab),54.0,1.8455436753440666,0.02768225167604904,True
baseline,transcritical,noise_growth,28,Bayesian SINDy (spike-slab),70.0,2.0243758277130905,0.030580484966919882,True
baseline,transcritical,noise_growth,28,Bayesian SINDy (spike-slab),78.0,2.387666585370373,0.027486114822567992,True
baseline,transcritical,noise_growth,28,Kalman OU,38.0,0.9192085238156069,0.018520168193552962,True
baseline,transcritical,noise_growth,28,Kalman OU,54.0,1.3084288956067232,0.016609940048657762,True
baseline,transcritical,noise_growth,28,Kalman OU,70.0,-0.13681022290543332,0.05953705308477811,True
baseline,transcritical,noise_growth,28,Kalman OU,78.0,-0.5920436666284257,0.07447115257359833,True
baseline,transcritical,noise_growth,28,Latent Neural SDE (VI),38.0,2.4048495292663574,0.019690321068284597,True
baseline,transcritical,noise_growth,28,Latent Neural SDE (VI),54.0,2.7379415035247803,0.030648521085209476,True
baseline,transcritical,noise_growth,28,Latent Neural SDE (VI),70.0,2.3450841903686523,0.03260231460658067,True
baseline,transcritical,noise_growth,28,Latent Neural SDE (VI),78.0,2.475125789642334,0.02549478279879372,True
baseline,transcritical,noise_growth,28,Moment OU,38.0,,,False
baseline,transcritical,noise_growth,28,Moment OU,54.0,,,False
baseline,transcritical,noise_growth,28,Moment OU,70.0,,,False
baseline,transcritical,noise_growth,28,Moment OU,78.0,,,False
baseline,transcritical,noise_growth,28,Neural SDE (Euler),38.0,2.1846089363098145,0.02232627708996121,True
baseline,transcritical,noise_growth,28,Neural SDE (Euler),54.0,2.5468852519989014,0.03346174316395516,True
baseline,transcritical,noise_growth,28,Neural SDE (Euler),70.0,2.2315797805786133,0.0328344565094035,True
baseline,transcritical,noise_growth,28,Neural SDE (Euler),78.0,2.3517751693725586,0.02843067162501625,True
baseline,transcritical,noise_growth,28,SINDy-STLSQ,38.0,2.759527173781045,0.015669577864841314,True
baseline,transcritical,noise_growth,28,SINDy-STLSQ,54.0,2.461640801314329,0.028818501967729282,True
baseline,transcritical,noise_growth,28,SINDy-STLSQ,70.0,1.2069942259805124,0.028810302025143245,True
baseline,transcritical,noise_growth,28,SINDy-STLSQ,78.0,2.512136484344362,0.026500058978381286,True
baseline,transcritical,noise_growth,29,Bayesian SINDy (spike-slab),38.0,0.6045186681561687,-0.008114785564952667,True
baseline,transcritical,noise_growth,29,Bayesian SINDy (spike-slab),54.0,0.6000503451052217,0.012705715207784588,True
baseline,transcritical,noise_growth,29,Bayesian SINDy (spike-slab),70.0,0.16812503814022906,0.008956293228852719,True
baseline,transcritical,noise_growth,29,Bayesian SINDy (spike-slab),78.0,1.3002319526665187,0.015519098358365013,True
baseline,transcritical,noise_growth,29,Kalman OU,38.0,-1.3477019293707935,0.027191689214878738,True
baseline,transcritical,noise_growth,29,Kalman OU,54.0,0.9779658103142918,-0.014131230399203547,True
baseline,transcritical,noise_growth,29,Kalman OU,70.0,0.46700265837470245,-0.006430604230642074,True
baseline,transcritical,noise_growth,29,Kalman OU,78.0,0.9433829458684131,0.0011480981724385012,True
baseline,transcritical,noise_growth,29,Latent Neural SDE (VI),38.0,1.5027713775634766,-0.006099387534424058,True
baseline,transcritical,noise_growth,29,Latent Neural SDE (VI),54.0,1.0396900177001953,0.01489084136837257,True
baseline,transcritical,noise_growth,29,Latent Neural SDE (VI),70.0,1.0243141651153564,0.008641818964053388,True
baseline,transcritical,noise_growth,29,Latent Neural SDE (VI),78.0,2.169163942337036,0.02131186135805771,True
baseline,transcritical,noise_growth,29,Moment OU,38.0,,,False
baseline,transcritical,noise_growth,29,Moment OU,54.0,0.08870915527767798,0.016010688609125218,True
baseline,transcritical,noise_growth,29,Moment OU,70.0,-0.5040216531430453,0.016167244564214284,True
baseline,transcritical,noise_growth,29,Moment OU,78.0,0.65241160617202,0.01477883147786753,True
baseline,transcritical,noise_growth,29,Neural SDE (Euler),38.0,1.5249662399291992,-0.00672664130038686,True
baseline,transcritical,noise_growth,29,Neural SDE (Euler),54.0,1.0116052627563477,0.015852267976497886,True
baseline,transcritical,noise_growth,29,Neural SDE (Euler),70.0,0.9437370300292969,0.00888769748234372,True
baseline,transcritical,noise_growth,29,Neural SDE (Euler),78.0,2.069946050643921,0.0230560980666958,True
baseline,transcritical,noise_growth,29,SINDy-STLSQ,38.0,1.9218085574424646,-0.007684654701223606,True
baseline,transcritical,noise_growth,29,SINDy-STLSQ,54.0,0.8399210587487707,0.012495805006267319,True
baseline,transcritical,noise_growth,29,SINDy-STLSQ,70.0,1.3644431299547954,0.00959285370969215,True
baseline,transcritical,noise_growth,29,SINDy-STLSQ,78.0,1.6614987804219732,0.015824571683624944,True
baseline,transcritical,stability_loss,20,Bayesian SINDy (spike-slab),38.0,-1.0215484965203687,0.02523593839204233,True
baseline,transcritical,stability_loss,20,Bayesian SINDy (spike-slab),54.0,0.23148206164747365,0.001250116880357116,True
baseline,transcritical,stability_loss,20,Bayesian SINDy (spike-slab),70.0,-1.8727517482492166,0.020566526086164216,True
baseline,transcritical,stability_loss,20,Bayesian SINDy (spike-slab),78.0,-3.0588618829860765,0.0009471840728797892,True
baseline,transcritical,stability_loss,20,Kalman OU,38.0,-0.1376714258544282,0.006247114172870452,True
baseline,transcritical,stability_loss,20,Kalman OU,54.0,-0.21715503901685806,0.014347838147123662,True
baseline,transcritical,stability_loss,20,Kalman OU,70.0,0.10175818199260808,0.006683816487350655,True
baseline,transcritical,stability_loss,20,Kalman OU,78.0,-2.8613147698308494,0.012808950422605068,True
baseline,transcritical,stability_loss,20,Latent Neural SDE (VI),38.0,-1.5022939443588257,0.031241444993245854,True
baseline,transcritical,stability_loss,20,Latent Neural SDE (VI),54.0,0.6881011724472046,0.004279514631724601,True
baseline,transcritical,stability_loss,20,Latent Neural SDE (VI),70.0,0.2902756929397583,0.015075864844634565,True
baseline,transcritical,stability_loss,20,Latent Neural SDE (VI),78.0,-3.631198763847351,0.00790383144237386,True
baseline,transcritical,stability_loss,20,Moment OU,38.0,,,False
baseline,transcritical,stability_loss,20,Moment OU,54.0,,,False
baseline,transcritical,stability_loss,20,Moment OU,70.0,,,False
baseline,transcritical,stability_loss,20,Moment OU,78.0,,,False
baseline,transcritical,stability_loss,20,Neural SDE (Euler),38.0,-1.4611215591430664,0.03057269959809983,True
baseline,transcritical,stability_loss,20,Neural SDE (Euler),54.0,0.7058067321777344,0.006331289706323379,True
baseline,transcritical,stability_loss,20,Neural SDE (Euler),70.0,0.265838623046875,0.023731424056344305,True
baseline,transcritical,stability_loss,20,Neural SDE (Euler),78.0,-3.624187469482422,0.006165138001615431,True
baseline,transcritical,stability_loss,20,SINDy-STLSQ,38.0,-0.9697500644452772,0.02728550411589188,True
baseline,transcritical,stability_loss,20,SINDy-STLSQ,54.0,0.16903378263543334,0.0007160554210613873,True
baseline,transcritical,stability_loss,20,SINDy-STLSQ,70.0,-2.0576637398717814,0.021528334555076203,True
baseline,transcritical,stability_loss,20,SINDy-STLSQ,78.0,-2.537105948073701,0.0027130217482879276,True
baseline,transcritical,stability_loss,21,Bayesian SINDy (spike-slab),38.0,-0.35875705906880695,-0.0072701320549404674,True
baseline,transcritical,stability_loss,21,Bayesian SINDy (spike-slab),54.0,0.11136406191495396,0.00871391338304199,True
baseline,transcritical,stability_loss,21,Bayesian SINDy (spike-slab),70.0,0.0026102789019188943,0.010903922535897267,True
baseline,transcritical,stability_loss,21,Bayesian SINDy (spike-slab),78.0,-2.2587808717938374,0.007731270308431001,True
baseline,transcritical,stability_loss,21,Kalman OU,38.0,0.07024198379603666,-0.0069305371912747014,True
baseline,transcritical,stability_loss,21,Kalman OU,54.0,0.07060019165383946,-0.0008704213427242549,True
baseline,transcritical,stability_loss,21,Kalman OU,70.0,-0.1358499345244613,0.019425137217293376,True
baseline,transcritical,stability_loss,21,Kalman OU,78.0,0.02473067473399676,-0.011497009627102577,True
baseline,transcritical,stability_loss,21,Latent Neural SDE (VI),38.0,0.09331190586090088,-0.014566109644205016,True
baseline,transcritical,stability_loss,21,Latent Neural SDE (VI),54.0,-0.08274579048156738,0.008617523445979589,True
baseline,transcritical,stability_loss,21,Latent Neural SDE (VI),70.0,-0.18067395687103271,0.01541653604172448,True
baseline,transcritical,stability_loss,21,Latent Neural SDE (VI),78.0,-2.60276997089386,0.00873020635696753,True
baseline,transcritical,stability_loss,21,Moment OU,38.0,,,False
baseline,transcritical,stability_loss,21,Moment OU,54.0,,,False
baseline,transcritical,stability_loss,21,Moment OU,70.0,,,False
baseline,transcritical,stability_loss,21,Moment OU,78.0,,,False
baseline,transcritical,stability_loss,21,Neural SDE (Euler),38.0,0.04653501510620117,-0.011899981856026129,True
baseline,transcritical,stability_loss,21,Neural SDE (Euler),54.0,-0.2584739923477173,0.010619085546452245,True
baseline,transcritical,stability_loss,21,Neural SDE (Euler),70.0,-0.2813224792480469,0.017939509637874287,True
baseline,transcritical,stability_loss,21,Neural SDE (Euler),78.0,-2.4802005290985107,0.007507062812639201,True
baseline,transcritical,stability_loss,21,SINDy-STLSQ,38.0,-1.413353275337775,-0.009444062880495208,True
baseline,transcritical,stability_loss,21,SINDy-STLSQ,54.0,-0.9360877164765589,0.007658241332972798,True
baseline,transcritical,stability_loss,21,SINDy-STLSQ,70.0,-1.5760849065294043,0.008037684857246763,True
baseline,transcritical,stability_loss,21,SINDy-STLSQ,78.0,-2.723821444339657,0.0077027783958558,True
baseline,transcritical,stability_loss,22,Bayesian SINDy (spike-slab),38.0,-0.09627519726140821,-0.004121171954487218,True
baseline,transcritical,stability_loss,22,Bayesian SINDy (spike-slab),54.0,-0.17311003970012462,-0.01753682717679768,True
baseline,transcritical,stability_loss,22,Bayesian SINDy (spike-slab),70.0,0.40430221568224334,-0.013714819417213045,True
baseline,transcritical,stability_loss,22,Bayesian SINDy (spike-slab),78.0,0.6754993291362174,-0.010192486998718636,True
baseline,transcritical,stability_loss,22,Kalman OU,38.0,-0.16734601313112907,0.009491276314974546,True
baseline,transcritical,stability_loss,22,Kalman OU,54.0,-0.1530574068020041,0.016918371402145187,True
baseline,transcritical,stability_loss,22,Kalman OU,70.0,0.0042835752944748035,-2.8798508680309698e-05,True
baseline,transcritical,stability_loss,22,Kalman OU,78.0,0.010494536584572924,0.006340378279223225,True
baseline,transcritical,stability_loss,22,Latent Neural SDE (VI),38.0,0.09129178524017334,-0.009491948847006548,True
baseline,transcritical,stability_loss,22,Latent Neural SDE (VI),54.0,0.009029030799865723,-0.02403922773320405,True
baseline,transcritical,stability_loss,22,Latent Neural SDE (VI),70.0,0.7813289761543274,-0.018559310150589745,True
baseline,transcritical,stability_loss,22,Latent Neural SDE (VI),78.0,1.226882517337799,0.007377643661922895,True
baseline,transcritical,stability_loss,22,Moment OU,38.0,0.2299027046873483,-0.016745357185422652,True
baseline,transcritical,stability_loss,22,Moment OU,54.0,0.40896805985975476,-0.02739154788645505,True
baseline,transcritical,stability_loss,22,Moment OU,70.0,0.35762995644889667,-0.01743964288300886,True
baseline,transcritical,stability_loss,22,Moment OU,78.0,0.5189076956036587,-0.010058196109125277,True
baseline,transcritical,stability_loss,22,Neural SDE (Euler),38.0,0.0239865779876709,-0.009742268101940454,True
baseline,transcritical,stability_loss,22,Neural SDE (Euler),54.0,0.08568954467773438,-0.023585252460843767,True
baseline,transcritical,stability_loss,22,Neural SDE (Euler),70.0,0.7729349136352539,-0.018328538236650968,True
baseline,transcritical,stability_loss,22,Neural SDE (Euler),78.0,0.5306073427200317,0.028045788516691053,True
baseline,transcritical,stability_loss,22,SINDy-STLSQ,38.0,-0.5765285598048637,-0.006164325311160554,True
baseline,transcritical,stability_loss,22,SINDy-STLSQ,54.0,-1.33063015230688,-0.02031359350154062,True
baseline,transcritical,stability_loss,22,SINDy-STLSQ,70.0,-0.6427223308145302,-0.013455240363609816,True
baseline,transcritical,stability_loss,22,SINDy-STLSQ,78.0,0.03772411903460582,-0.01216295891547349,True
baseline,transcritical,stability_loss,23,Bayesian SINDy (spike-slab),38.0,0.7547012227608234,9.891414784417296e-05,True
baseline,transcritical,stability_loss,23,Bayesian SINDy (spike-slab),54.0,0.5214362429618695,0.002420146081572705,True
baseline,transcritical,stability_loss,23,Bayesian SINDy (spike-slab),70.0,0.45142124213159107,-0.006734599389531151,True
baseline,transcritical,stability_loss,23,Bayesian SINDy (spike-slab),78.0,1.1839964031552996,-0.007872204249097708,True
baseline,transcritical,stability_loss,23,Kalman OU,38.0,-0.172746729478012,0.021528500434153615,True
baseline,transcritical,stability_loss,23,Kalman OU,54.0,0.02324042143201506,0.006329127973776966,True
baseline,transcritical,stability_loss,23,Kalman OU,70.0,-0.541023391727129,0.032112914575685735,True
baseline,transcritical,stability_loss,23,Kalman OU,78.0,-0.3631980443755242,0.03264323923066736,True
baseline,transcritical,stability_loss,23,Latent Neural SDE (VI),38.0,0.5651345252990723,-0.011956331438467846,True
baseline,transcritical,stability_loss,23,Latent Neural SDE (VI),54.0,0.9047468900680542,-0.017522684164457333,True
baseline,transcritical,stability_loss,23,Latent Neural SDE (VI),70.0,0.5101966857910156,-0.02246103731261502,True
baseline,transcritical,stability_loss,23,Latent Neural SDE (VI),78.0,1.2081809043884277,-0.030224080595349437,True
baseline,transcritical,stability_loss,23,Moment OU,38.0,0.5406850152752243,-0.013354739688727864,True
baseline,transcritical,stability_loss,23,Moment OU,54.0,0.22287109154339002,0.005197071387846697,True
baseline,transcritical,stability_loss,23,Moment OU,70.0,0.6568718710326371,-0.02830967647398942,True
baseline,transcritical,stability_loss,23,Moment OU,78.0,,,False
baseline,transcritical,stability_loss,23,Neural SDE (Euler),38.0,0.46902990341186523,-0.009566048286046819,True
baseline,transcritical,stability_loss,23,Neural SDE (Euler),54.0,0.8815555572509766,-0.018176147560227382,True
baseline,transcritical,stability_loss,23,Neural SDE (Euler),70.0,0.5869040489196777,-0.022843790376877296,True
baseline,transcritical,stability_loss,23,Neural SDE (Euler),78.0,1.1439180374145508,-0.03151980887137931,True
baseline,transcritical,stability_loss,23,SINDy-STLSQ,38.0,0.9865534857254068,-0.0001601610673235554,True
baseline,transcritical,stability_loss,23,SINDy-STLSQ,54.0,1.9535054703002106,0.0015306476207675723,True
baseline,transcritical,stability_loss,23,SINDy-STLSQ,70.0,1.3154309295766857,-0.006864870188831307,True
baseline,transcritical,stability_loss,23,SINDy-STLSQ,78.0,0.6188380001741214,-0.010809805810155407,True
baseline,transcritical,stability_loss,24,Bayesian SINDy (spike-slab),38.0,0.40850416738328554,0.0043327399350415186,True
baseline,transcritical,stability_loss,24,Bayesian SINDy (spike-slab),54.0,-0.09508656998430687,0.027506063969679778,True
baseline,transcritical,stability_loss,24,Bayesian SINDy (spike-slab),70.0,0.31647726619826033,0.01901860830244001,True
baseline,transcritical,stability_loss,24,Bayesian SINDy (spike-slab),78.0,-0.32546602306725547,0.016547606021354702,True
baseline,transcritical,stability_loss,24,Kalman OU,38.0,0.15972338918661608,-0.004208965200732308,True
baseline,transcritical,stability_loss,24,Kalman OU,54.0,0.16034107441188472,0.00404952140318109,True
baseline,transcritical,stability_loss,24,Kalman OU,70.0,0.08651598637821756,0.013290633803242097,True
baseline,transcritical,stability_loss,24,Kalman OU,78.0,-0.18303536577272123,0.02049070150389425,True
baseline,transcritical,stability_loss,24,Latent Neural SDE (VI),38.0,0.5194939374923706,0.005553338331687904,True
baseline,transcritical,stability_loss,24,Latent Neural SDE (VI),54.0,-0.09620976448059082,0.0386989885965371,True
baseline,transcritical,stability_loss,24,Latent Neural SDE (VI),70.0,0.4159557819366455,0.026473962390253195,True
baseline,transcritical,stability_loss,24,Latent Neural SDE (VI),78.0,-0.5880813598632812,0.03369465540176389,True
baseline,transcritical,stability_loss,24,Moment OU,38.0,,,False
baseline,transcritical,stability_loss,24,Moment OU,54.0,,,False
baseline,transcritical,stability_loss,24,Moment OU,70.0,,,False
baseline,transcritical,stability_loss,24,Moment OU,78.0,,,False
baseline,transcritical,stability_loss,24,Neural SDE (Euler),38.0,1.008273959159851,0.006290456171162084,True
baseline,transcritical,stability_loss,24,Neural SDE (Euler),54.0,-0.13345837593078613,0.04650071039932399,True
baseline,transcritical,stability_loss,24,Neural SDE (Euler),70.0,0.3747190237045288,0.03615139828345272,True
baseline,transcritical,stability_loss,24,Neural SDE (Euler),78.0,-0.591309666633606,0.03425692231373849,True
baseline,transcritical,stability_loss,24,SINDy-STLSQ,38.0,-0.15014124484369296,0.003997684621005304,True
baseline,transcritical,stability_loss,24,SINDy-STLSQ,54.0,-1.52793378477275,0.02371255801080123,True
baseline,transcritical,stability_loss,24,SINDy-STLSQ,70.0,0.6459011757079057,0.017380285847638205,True
baseline,transcritical,stability_loss,24,SINDy-STLSQ,78.0,-0.3016177636195383,0.015912131228653342,True
baseline,transcritical,stability_loss,25,Bayesian SINDy (spike-slab),38.0,0.4022870313446433,0.005012469647990972,True
baseline,transcritical,stability_loss,25,Bayesian SINDy (spike-slab),54.0,-0.7034818065064068,0.004959025923278265,True
baseline,transcritical,stability_loss,25,Bayesian SINDy (spike-slab),70.0,0.8502103665209335,0.016281366915138845,True
baseline,transcritical,stability_loss,25,Bayesian SINDy (spike-slab),78.0,-0.9771844354902437,0.005764846814316674,True
baseline,transcritical,stability_loss,25,Kalman OU,38.0,-0.004632319975652444,0.007503122649554394,True
baseline,transcritical,stability_loss,25,Kalman OU,54.0,0.02879716081353447,-0.0013769765538096113,True
baseline,transcritical,stability_loss,25,Kalman OU,70.0,0.011940456364749122,0.018629705537359754,True
baseline,transcritical,stability_loss,25,Kalman OU,78.0,-0.012696132411141592,0.006474027043738929,True
baseline,transcritical,stability_loss,25,Latent Neural SDE (VI),38.0,0.47234946489334106,-0.004050190997836656,True
baseline,transcritical,stability_loss,25,Latent Neural SDE (VI),54.0,-0.5708680152893066,-0.004323023566185191,True
baseline,transcritical,stability_loss,25,Latent Neural SDE (VI),70.0,0.47384899854660034,0.0028199684708938716,True
baseline,transcritical,stability_loss,25,Latent Neural SDE (VI),78.0,-2.3481720685958862,-0.014051875601363312,True
baseline,transcritical,stability_loss,25,Moment OU,38.0,,,False
baseline,transcritical,stability_loss,25,Moment OU,54.0,,,False
baseline,transcritical,stability_loss,25,Moment OU,70.0,,,False
baseline,transcritical,stability_loss,25,Moment OU,78.0,,,False
baseline,transcritical,stability_loss,25,Neural SDE (Euler),38.0,0.4865099787712097,9.339575871768202e-05,True
baseline,transcritical,stability_loss,25,Neural SDE (Euler),54.0,-0.591986894607544,-0.006720989497282934,True
baseline,transcritical,stability_loss,25,Neural SDE (Euler),70.0,0.8975199460983276,0.014761516270829209,True
baseline,transcritical,stability_loss,25,Neural SDE (Euler),78.0,-2.1722099781036377,-0.015259741332627821,True
baseline,transcritical,stability_loss,25,SINDy-STLSQ,38.0,-0.9625026702061983,0.0021417086118859646,True
baseline,transcritical,stability_loss,25,SINDy-STLSQ,54.0,-1.5661882231568052,0.0027124033981406337,True
baseline,transcritical,stability_loss,25,SINDy-STLSQ,70.0,0.1333363418840527,0.012866154438270452,True
baseline,transcritical,stability_loss,25,SINDy-STLSQ,78.0,-2.082427124034338,0.004211643697469125,True
baseline,transcritical,stability_loss,26,Bayesian SINDy (spike-slab),38.0,0.08818572262423197,-0.0051926115460249195,True
baseline,transcritical,stability_loss,26,Bayesian SINDy (spike-slab),54.0,1.0249176223708996,-0.0007207072836969558,True
baseline,transcritical,stability_loss,26,Bayesian SINDy (spike-slab),70.0,1.3162695283993378,-0.0013923745760660855,True
baseline,transcritical,stability_loss,26,Bayesian SINDy (spike-slab),78.0,-0.09129246051323325,-0.0013819096813751514,True
baseline,transcritical,stability_loss,26,Kalman OU,38.0,-0.07374628866227448,0.008223760659085477,True
baseline,transcritical,stability_loss,26,Kalman OU,54.0,0.14752664996318104,0.005702169537445255,True
baseline,transcritical,stability_loss,26,Kalman OU,70.0,0.10187455114232515,0.012547199555546264,True
baseline,transcritical,stability_loss,26,Kalman OU,78.0,-0.03967292047423915,0.012190744505755392,True
baseline,transcritical,stability_loss,26,Latent Neural SDE (VI),38.0,-0.14388442039489746,-0.004594639360339506,True
baseline,transcritical,stability_loss,26,Latent Neural SDE (VI),54.0,1.2035752534866333,-0.023680014727920987,True
baseline,transcritical,stability_loss,26,Latent Neural SDE (VI),70.0,1.1436480283737183,-0.02225690112447061,True
baseline,transcritical,stability_loss,26,Latent Neural SDE (VI),78.0,-1.436070442199707,-0.006540493371325784,True
baseline,transcritical,stability_loss,26,Moment OU,38.0,0.3976487119369639,-0.01826265046519151,True
baseline,transcritical,stability_loss,26,Moment OU,54.0,0.43043150870322755,0.004079023478793735,True
baseline,transcritical,stability_loss,26,Moment OU,70.0,0.6161897417654009,-0.012576479777015995,True
baseline,transcritical,stability_loss,26,Moment OU,78.0,0.12868201861073025,-0.00010371901712416531,True
baseline,transcritical,stability_loss,26,Neural SDE (Euler),38.0,-0.20038986206054688,-0.005108843088296788,True
baseline,transcritical,stability_loss,26,Neural SDE (Euler),54.0,1.1883206963539124,-0.014012905766496705,True
baseline,transcritical,stability_loss,26,Neural SDE (Euler),70.0,1.298518180847168,0.0033518291515858972,True
baseline,transcritical,stability_loss,26,Neural SDE (Euler),78.0,-1.326225996017456,-0.005447699649477708,True
baseline,transcritical,stability_loss,26,SINDy-STLSQ,38.0,-0.3624673569830563,-0.004501449759595225,True
baseline,transcritical,stability_loss,26,SINDy-STLSQ,54.0,-1.5008960670082903,-0.004706322242581593,True
baseline,transcritical,stability_loss,26,SINDy-STLSQ,70.0,-1.2959489672726254,-0.005487694647794042,True
baseline,transcritical,stability_loss,26,SINDy-STLSQ,78.0,-1.567949888829174,-0.002430506430441459,True
baseline,transcritical,stability_loss,27,Bayesian SINDy (spike-slab),38.0,1.2002209217028161,0.0116464262106349,True
baseline,transcritical,stability_loss,27,Bayesian SINDy (spike-slab),54.0,0.6871602110025445,0.015539829048650061,True
baseline,transcritical,stability_loss,27,Bayesian SINDy (spike-slab),70.0,1.0259002107252855,0.017529813898780805,True
baseline,transcritical,stability_loss,27,Bayesian SINDy (spike-slab),78.0,0.09605927624641919,0.011290094905004641,True
baseline,transcritical,stability_loss,27,Kalman OU,38.0,0.25053786467002126,-0.0014810551912263457,True
baseline,transcritical,stability_loss,27,Kalman OU,54.0,0.24917448723340185,-0.00947680064768757,True
baseline,transcritical,stability_loss,27,Kalman OU,70.0,0.22425703886552473,0.009653208987971604,True
baseline,transcritical,stability_loss,27,Kalman OU,78.0,0.21044479894845183,0.00492897348479112,True
baseline,transcritical,stability_loss,27,Latent Neural SDE (VI),38.0,0.8870533108711243,0.018633841491477607,True
baseline,transcritical,stability_loss,27,Latent Neural SDE (VI),54.0,0.2544153928756714,0.027445211667838476,True
baseline,transcritical,stability_loss,27,Latent Neural SDE (VI),70.0,1.2474205493927002,0.029845240670408363,True
baseline,transcritical,stability_loss,27,Latent Neural SDE (VI),78.0,-1.2751965522766113,0.009436358501699105,True
baseline,transcritical,stability_loss,27,Moment OU,38.0,0.34791530921461566,0.007226634010346886,True
baseline,transcritical,stability_loss,27,Moment OU,54.0,0.006672340930941045,0.02035371631779386,True
baseline,transcritical,stability_loss,27,Moment OU,70.0,0.18432025989861878,0.030338653116419735,True
baseline,transcritical,stability_loss,27,Moment OU,78.0,-0.4293449494550895,0.03377275250625116,True
baseline,transcritical,stability_loss,27,Neural SDE (Euler),38.0,1.0093011856079102,0.023199405405954637,True
baseline,transcritical,stability_loss,27,Neural SDE (Euler),54.0,0.16928088665008545,0.028821904300561002,True
baseline,transcritical,stability_loss,27,Neural SDE (Euler),70.0,0.989323616027832,0.038379212623936856,True
baseline,transcritical,stability_loss,27,Neural SDE (Euler),78.0,-1.1196366548538208,0.012460563038366332,True
baseline,transcritical,stability_loss,27,SINDy-STLSQ,38.0,1.2008166240981235,0.011537645536796634,True
baseline,transcritical,stability_loss,27,SINDy-STLSQ,54.0,0.6705639224922634,0.016099695549149695,True
baseline,transcritical,stability_loss,27,SINDy-STLSQ,70.0,-1.1285151373809712,0.01767283233066312,True
baseline,transcritical,stability_loss,27,SINDy-STLSQ,78.0,-0.7504191734871482,0.012315345224614901,True
baseline,transcritical,stability_loss,28,Bayesian SINDy (spike-slab),38.0,0.2081804426767977,-0.010434952372845724,True
baseline,transcritical,stability_loss,28,Bayesian SINDy (spike-slab),54.0,-0.5507140785368423,0.003596519173066512,True
baseline,transcritical,stability_loss,28,Bayesian SINDy (spike-slab),70.0,-2.749151182658225,-0.023329834862075197,True
baseline,transcritical,stability_loss,28,Bayesian SINDy (spike-slab),78.0,-1.2692428371970663,-0.00822652335267779,True
baseline,transcritical,stability_loss,28,Kalman OU,38.0,-0.19422326233676918,0.023276458599237437,True
baseline,transcritical,stability_loss,28,Kalman OU,54.0,-0.1355063085287937,0.009917806328911441,True
baseline,transcritical,stability_loss,28,Kalman OU,70.0,-0.18059461217067008,0.016695629969285933,True
baseline,transcritical,stability_loss,28,Kalman OU,78.0,-0.3238871748029594,0.010469139305066499,True
baseline,transcritical,stability_loss,28,Latent Neural SDE (VI),38.0,0.3434438109397888,-0.014794031491166634,True
baseline,transcritical,stability_loss,28,Latent Neural SDE (VI),54.0,-1.231071650981903,-0.0050949655026684,True
baseline,transcritical,stability_loss,28,Latent Neural SDE (VI),70.0,0.1100625991821289,-0.02003668366368906,True
baseline,transcritical,stability_loss,28,Latent Neural SDE (VI),78.0,-1.9232987761497498,-0.010428222022801109,True
baseline,transcritical,stability_loss,28,Moment OU,38.0,,,False
baseline,transcritical,stability_loss,28,Moment OU,54.0,-0.2793582084235035,0.004330748131605597,True
baseline,transcritical,stability_loss,28,Moment OU,70.0,,,False
baseline,transcritical,stability_loss,28,Moment OU,78.0,0.2563185929149542,-0.034711722874895795,True
baseline,transcritical,stability_loss,28,Neural SDE (Euler),38.0,0.3813285231590271,-0.015052982308655788,True
baseline,transcritical,stability_loss,28,Neural SDE (Euler),54.0,-1.1255360841751099,-0.008430543530516477,True
baseline,transcritical,stability_loss,28,Neural SDE (Euler),70.0,0.14804106950759888,-0.020103045325748872,True
baseline,transcritical,stability_loss,28,Neural SDE (Euler),78.0,-1.5820175409317017,-0.015879927825957665,True
baseline,transcritical,stability_loss,28,SINDy-STLSQ,38.0,-1.4470175313401008,-0.011030650222673702,True
baseline,transcritical,stability_loss,28,SINDy-STLSQ,54.0,-1.4903031711556267,0.001088304579818039,True
baseline,transcritical,stability_loss,28,SINDy-STLSQ,70.0,-3.4642978656752064,-0.023559656788523065,True
baseline,transcritical,stability_loss,28,SINDy-STLSQ,78.0,-1.437883642594113,-0.007533355000004627,True
baseline,transcritical,stability_loss,29,Bayesian SINDy (spike-slab),38.0,1.9198196577597275,-0.006092528913892448,True
baseline,transcritical,stability_loss,29,Bayesian SINDy (spike-slab),54.0,-0.17911981364966856,0.011309209328384348,True
baseline,transcritical,stability_loss,29,Bayesian SINDy (spike-slab),70.0,0.725054620606578,0.007003381127103095,True
baseline,transcritical,stability_loss,29,Bayesian SINDy (spike-slab),78.0,1.0740780459061252,0.009079840779108603,True
baseline,transcritical,stability_loss,29,Kalman OU,38.0,0.15314981414010514,0.01781497543414324,True
baseline,transcritical,stability_loss,29,Kalman OU,54.0,0.4499618710508098,-0.003061074787233921,True
baseline,transcritical,stability_loss,29,Kalman OU,70.0,0.40296637094290977,-0.013239519231102524,True
baseline,transcritical,stability_loss,29,Kalman OU,78.0,0.4046461090337159,-0.002814604216106284,True
baseline,transcritical,stability_loss,29,Latent Neural SDE (VI),38.0,1.9559017419815063,-0.015611558755665389,True
baseline,transcritical,stability_loss,29,Latent Neural SDE (VI),54.0,0.7702634334564209,0.005470316861135985,True
baseline,transcritical,stability_loss,29,Latent Neural SDE (VI),70.0,0.8425439596176147,0.022198199429579873,True
baseline,transcritical,stability_loss,29,Latent Neural SDE (VI),78.0,0.996469259262085,0.0016971371682052289,True
baseline,transcritical,stability_loss,29,Moment OU,38.0,,,False
baseline,transcritical,stability_loss,29,Moment OU,54.0,-0.13591690087198577,0.04597541594031724,True
baseline,transcritical,stability_loss,29,Moment OU,70.0,-0.3744141271365155,0.02574046966172893,True
baseline,transcritical,stability_loss,29,Moment OU,78.0,-0.2610429899346725,0.027940750442549886,True
baseline,transcritical,stability_loss,29,Neural SDE (Euler),38.0,1.803573489189148,-0.013269971350214696,True
baseline,transcritical,stability_loss,29,Neural SDE (Euler),54.0,0.7509474754333496,0.008288998719334445,True
baseline,transcritical,stability_loss,29,Neural SDE (Euler),70.0,0.7073287963867188,0.02426731754680332,True
baseline,transcritical,stability_loss,29,Neural SDE (Euler),78.0,1.0158662796020508,0.0004817565836995885,True
baseline,transcritical,stability_loss,29,SINDy-STLSQ,38.0,1.312198124568773,-0.007011381279053777,True
baseline,transcritical,stability_loss,29,SINDy-STLSQ,54.0,-1.215405154863194,0.010564231618043748,True
baseline,transcritical,stability_loss,29,SINDy-STLSQ,70.0,0.8603307706887344,0.007772664399720727,True
baseline,transcritical,stability_loss,29,SINDy-STLSQ,78.0,0.10806175047675737,0.006710855268887428,True
baseline,transcritical,stationary,0,Bayesian SINDy (spike-slab),38.0,0.581844829545263,0.006805968394856796,True
baseline,transcritical,stationary,0,Bayesian SINDy (spike-slab),54.0,1.0161413139456195,0.02632847238547649,True
baseline,transcritical,stationary,0,Bayesian SINDy (spike-slab),70.0,0.2808084385109213,0.01244255134780653,True
baseline,transcritical,stationary,0,Bayesian SINDy (spike-slab),78.0,0.8692682924499242,0.006613698770689472,True
baseline,transcritical,stationary,0,Kalman OU,38.0,-0.458569303741859,0.019547917325735867,True
baseline,transcritical,stationary,0,Kalman OU,54.0,0.16068258279130165,0.02294599627892361,True
baseline,transcritical,stationary,0,Kalman OU,70.0,0.6612951393578006,0.0018224447628737723,True
baseline,transcritical,stationary,0,Kalman OU,78.0,-0.23857180912040388,0.02077904908864408,True
baseline,transcritical,stationary,0,Latent Neural SDE (VI),38.0,0.28334712982177734,0.009464559888213847,True
baseline,transcritical,stationary,0,Latent Neural SDE (VI),54.0,0.5188536643981934,0.030490174647556656,True
baseline,transcritical,stationary,0,Latent Neural SDE (VI),70.0,-0.005618095397949219,0.015852288754125643,True
baseline,transcritical,stationary,0,Latent Neural SDE (VI),78.0,0.565974235534668,0.0071947599375229015,True
baseline,transcritical,stationary,0,Moment OU,38.0,,,False
baseline,transcritical,stationary,0,Moment OU,54.0,,,False
baseline,transcritical,stationary,0,Moment OU,70.0,,,False
baseline,transcritical,stationary,0,Moment OU,78.0,,,False
baseline,transcritical,stationary,0,Neural SDE (Euler),38.0,0.2611570358276367,0.008979470711069512,True
baseline,transcritical,stationary,0,Neural SDE (Euler),54.0,0.5096592903137207,0.028432285382171088,True
baseline,transcritical,stationary,0,Neural SDE (Euler),70.0,-0.05999755859375,0.0143424340333234,True
baseline,transcritical,stationary,0,Neural SDE (Euler),78.0,0.7140569686889648,0.006546962406661305,True
baseline,transcritical,stationary,0,SINDy-STLSQ,38.0,2.742439157013747,0.010755978590722581,True
baseline,transcritical,stationary,0,SINDy-STLSQ,54.0,4.602434601951332,0.02893360221898869,True
baseline,transcritical,stationary,0,SINDy-STLSQ,70.0,1.7472229359715552,0.01619063116844903,True
baseline,transcritical,stationary,0,SINDy-STLSQ,78.0,3.2198215051034613,0.010779164328224067,True
baseline,transcritical,stationary,1,Bayesian SINDy (spike-slab),38.0,-0.4641895523671722,0.00010133899828670967,True
baseline,transcritical,stationary,1,Bayesian SINDy (spike-slab),54.0,-0.32546950180617396,0.026161203822648596,True
baseline,transcritical,stationary,1,Bayesian SINDy (spike-slab),70.0,-1.0839989503911571,0.0036242839189036258,True
baseline,transcritical,stationary,1,Bayesian SINDy (spike-slab),78.0,-0.41408207447724443,0.016664926836556543,True
baseline,transcritical,stationary,1,Kalman OU,38.0,-0.8557930505390486,0.009296397977123557,True
baseline,transcritical,stationary,1,Kalman OU,54.0,-1.5417580870864653,0.03820548523793528,True
baseline,transcritical,stationary,1,Kalman OU,70.0,-2.1859743322769085,0.013476920009783174,True
baseline,transcritical,stationary,1,Kalman OU,78.0,-1.8809656309460272,0.03411822343927508,True
baseline,transcritical,stationary,1,Latent Neural SDE (VI),38.0,-1.5875916481018066,0.0014025627195438928,True
baseline,transcritical,stationary,1,Latent Neural SDE (VI),54.0,-0.12181425094604492,0.032089121306713334,True
baseline,transcritical,stationary,1,Latent Neural SDE (VI),70.0,-1.6018028259277344,0.004511948026521773,True
baseline,transcritical,stationary,1,Latent Neural SDE (VI),78.0,0.2388172149658203,0.01886947230128208,True
baseline,transcritical,stationary,1,Moment OU,38.0,,,False
baseline,transcritical,stationary,1,Moment OU,54.0,,,False
baseline,transcritical,stationary,1,Moment OU,70.0,,,False
baseline,transcritical,stationary,1,Moment OU,78.0,,,False
baseline,transcritical,stationary,1,Neural SDE (Euler),38.0,-1.5915007591247559,0.0005549369524417286,True
baseline,transcritical,stationary,1,Neural SDE (Euler),54.0,-0.0871419906616211,0.031505090518295004,True
baseline,transcritical,stationary,1,Neural SDE (Euler),70.0,-1.5191636085510254,0.003634581170112783,True
baseline,transcritical,stationary,1,Neural SDE (Euler),78.0,0.32584095001220703,0.01829796433783004,True
baseline,transcritical,stationary,1,SINDy-STLSQ,38.0,-2.59033658730374,-0.00047805454018476357,True
baseline,transcritical,stationary,1,SINDy-STLSQ,54.0,-2.212970162622011,0.026431473404359418,True
baseline,transcritical,stationary,1,SINDy-STLSQ,70.0,-1.5017035544837194,0.0036501052918893606,True
baseline,transcritical,stationary,1,SINDy-STLSQ,78.0,-0.49070697103166205,0.016671362384777594,True
baseline,transcritical,stationary,2,Bayesian SINDy (spike-slab),38.0,2.132247909016958,0.01450296340223639,True
baseline,transcritical,stationary,2,Bayesian SINDy (spike-slab),54.0,4.426520801667689,0.009893786093904039,True
baseline,transcritical,stationary,2,Bayesian SINDy (spike-slab),70.0,2.2646425662085745,-0.0021407774049077566,True
baseline,transcritical,stationary,2,Bayesian SINDy (spike-slab),78.0,4.335782650824689,-0.008566825623159649,True
baseline,transcritical,stationary,2,Kalman OU,38.0,1.7217487922392782,0.027514436974927402,True
baseline,transcritical,stationary,2,Kalman OU,54.0,2.371206746926127,0.030657141985558054,True
baseline,transcritical,stationary,2,Kalman OU,70.0,1.8733711169830898,0.023159286446071185,True
baseline,transcritical,stationary,2,Kalman OU,78.0,1.6960596392235865,0.0328569609913741,True
baseline,transcritical,stationary,2,Latent Neural SDE (VI),38.0,0.7177443504333496,-0.01904212269187884,True
baseline,transcritical,stationary,2,Latent Neural SDE (VI),54.0,2.824424982070923,-0.005092584095004488,True
baseline,transcritical,stationary,2,Latent Neural SDE (VI),70.0,1.238532543182373,-0.02428319491766004,True
baseline,transcritical,stationary,2,Latent Neural SDE (VI),78.0,3.1692309379577637,-0.02677372893002354,True
baseline,transcritical,stationary,2,Moment OU,38.0,,,False
baseline,transcritical,stationary,2,Moment OU,54.0,,,False
baseline,transcritical,stationary,2,Moment OU,70.0,,,False
baseline,transcritical,stationary,2,Moment OU,78.0,,,False
baseline,transcritical,stationary,2,Neural SDE (Euler),38.0,0.7589387893676758,-0.029752802608315282,True
baseline,transcritical,stationary,2,Neural SDE (Euler),54.0,2.877561092376709,-0.006019704263194467,True
baseline,transcritical,stationary,2,Neural SDE (Euler),70.0,1.3694548606872559,-0.024768100851413094,True
baseline,transcritical,stationary,2,Neural SDE (Euler),78.0,3.134152889251709,-0.026542399063275407,True
baseline,transcritical,stationary,2,SINDy-STLSQ,38.0,2.2824251609906776,0.014078151469315611,True
baseline,transcritical,stationary,2,SINDy-STLSQ,54.0,5.710524907469706,0.009935661203780644,True
baseline,transcritical,stationary,2,SINDy-STLSQ,70.0,4.348096766162582,-0.003654526641291733,True
baseline,transcritical,stationary,2,SINDy-STLSQ,78.0,5.040334210571879,-0.010073968357538848,True
baseline,transcritical,stationary,3,Bayesian SINDy (spike-slab),38.0,0.7617347568158661,0.0061175180824091235,True
baseline,transcritical,stationary,3,Bayesian SINDy (spike-slab),54.0,-1.024837051885621,0.003399918557283249,True
baseline,transcritical,stationary,3,Bayesian SINDy (spike-slab),70.0,-0.20268756022838819,0.0004238716587215835,True
baseline,transcritical,stationary,3,Bayesian SINDy (spike-slab),78.0,-0.1959745773036472,0.007484344053599656,True
baseline,transcritical,stationary,3,Kalman OU,38.0,0.26463282809629884,0.023141228691074954,True
baseline,transcritical,stationary,3,Kalman OU,54.0,1.8691460760449665,-0.03497296085988209,True
baseline,transcritical,stationary,3,Kalman OU,70.0,2.3290132331893334,-0.029578798220380374,True
baseline,transcritical,stationary,3,Kalman OU,78.0,1.8790730161931224,-0.02034396536947834,True
baseline,transcritical,stationary,3,Latent Neural SDE (VI),38.0,1.1066913604736328,0.012891639321662082,True
baseline,transcritical,stationary,3,Latent Neural SDE (VI),54.0,-0.7646722793579102,0.018240910349616793,True
baseline,transcritical,stationary,3,Latent Neural SDE (VI),70.0,-0.5702223777770996,0.002998455830307445,True
baseline,transcritical,stationary,3,Latent Neural SDE (VI),78.0,-1.1779937744140625,0.012050475006717187,True
baseline,transcritical,stationary,3,Moment OU,38.0,,,False
baseline,transcritical,stationary,3,Moment OU,54.0,,,False
baseline,transcritical,stationary,3,Moment OU,70.0,,,False
baseline,transcritical,stationary,3,Moment OU,78.0,,,False
baseline,transcritical,stationary,3,Neural SDE (Euler),38.0,1.1049139499664307,0.01492972370633193,True
baseline,transcritical,stationary,3,Neural SDE (Euler),54.0,-0.9804306030273438,0.01983855218136818,True
baseline,transcritical,stationary,3,Neural SDE (Euler),70.0,-0.876622200012207,0.002161895949858522,True
baseline,transcritical,stationary,3,Neural SDE (Euler),78.0,-1.416161060333252,0.013557645629865153,True
baseline,transcritical,stationary,3,SINDy-STLSQ,38.0,1.1341964733500198,0.0060798033596660694,True
baseline,transcritical,stationary,3,SINDy-STLSQ,54.0,-0.8625570909270097,0.0038808985795318607,True
baseline,transcritical,stationary,3,SINDy-STLSQ,70.0,-0.37723173800146137,0.0007036505638527146,True
baseline,transcritical,stationary,3,SINDy-STLSQ,78.0,-1.2059758750280292,0.0075452286595070195,True
baseline,transcritical,stationary,4,Bayesian SINDy (spike-slab),38.0,0.2360396154904767,0.007917032147239947,True
baseline,transcritical,stationary,4,Bayesian SINDy (spike-slab),54.0,-0.8844741433787875,0.006611372018725067,True
baseline,transcritical,stationary,4,Bayesian SINDy (spike-slab),70.0,-0.47213488560924555,0.009057386084454513,True
baseline,transcritical,stationary,4,Bayesian SINDy (spike-slab),78.0,-0.8630590827978586,0.012727633801724134,True
baseline,transcritical,stationary,4,Kalman OU,38.0,0.6178311228574486,-0.004705658886518232,True
baseline,transcritical,stationary,4,Kalman OU,54.0,-0.2765270130711228,-0.007673138912586523,True
baseline,transcritical,stationary,4,Kalman OU,70.0,0.28560957305641943,-0.00345062794525023,True
baseline,transcritical,stationary,4,Kalman OU,78.0,0.8614011158943187,-0.01488923013593601,True
baseline,transcritical,stationary,4,Latent Neural SDE (VI),38.0,-0.8445854187011719,0.005707042228033213,True
baseline,transcritical,stationary,4,Latent Neural SDE (VI),54.0,-0.1881542205810547,0.011721107504943637,True
baseline,transcritical,stationary,4,Latent Neural SDE (VI),70.0,-0.9354729652404785,0.005466989677279932,True
baseline,transcritical,stationary,4,Latent Neural SDE (VI),78.0,-1.5169849395751953,0.00971159517147234,True
baseline,transcritical,stationary,4,Moment OU,38.0,,,False
baseline,transcritical,stationary,4,Moment OU,54.0,,,False
baseline,transcritical,stationary,4,Moment OU,70.0,,,False
baseline,transcritical,stationary,4,Moment OU,78.0,,,False
baseline,transcritical,stationary,4,Neural SDE (Euler),38.0,-0.8140509128570557,0.004740652729988332,True
baseline,transcritical,stationary,4,Neural SDE (Euler),54.0,-0.23472809791564941,0.011404414778937985,True
baseline,transcritical,stationary,4,Neural SDE (Euler),70.0,-1.0053536891937256,0.004600878027344657,True
baseline,transcritical,stationary,4,Neural SDE (Euler),78.0,-1.5000097751617432,0.009604560834894457,True
baseline,transcritical,stationary,4,SINDy-STLSQ,38.0,-0.7281101231834719,0.00917992005277947,True
baseline,transcritical,stationary,4,SINDy-STLSQ,54.0,-0.6682249363439512,0.007664803401158646,True
baseline,transcritical,stationary,4,SINDy-STLSQ,70.0,-1.125994726658976,0.010319650043437073,True
baseline,transcritical,stationary,4,SINDy-STLSQ,78.0,-2.223919076158044,0.013919201260700773,True
baseline,transcritical,stationary,5,Bayesian SINDy (spike-slab),38.0,-0.2998449248466053,-0.0019901937271582515,True
baseline,transcritical,stationary,5,Bayesian SINDy (spike-slab),54.0,0.04918991633369929,-0.006579429589932531,True
baseline,transcritical,stationary,5,Bayesian SINDy (spike-slab),70.0,0.10066647131360629,-0.0022340189059365106,True
baseline,transcritical,stationary,5,Bayesian SINDy (spike-slab),78.0,0.9985831688469751,-0.00966426124115928,True
baseline,transcritical,stationary,5,Kalman OU,38.0,0.2989936699026501,-0.008995939427913009,True
baseline,transcritical,stationary,5,Kalman OU,54.0,-1.0762375499456673,0.016538297377042745,True
baseline,transcritical,stationary,5,Kalman OU,70.0,-1.5036739094221605,0.02912344021640466,True
baseline,transcritical,stationary,5,Kalman OU,78.0,-2.3767669082194587,0.04914594615744677,True
baseline,transcritical,stationary,5,Latent Neural SDE (VI),38.0,0.8510284423828125,0.0001818191154879245,True
baseline,transcritical,stationary,5,Latent Neural SDE (VI),54.0,0.22002363204956055,0.006784974668485419,True
baseline,transcritical,stationary,5,Latent Neural SDE (VI),70.0,-0.0014591217041015625,0.0004965763922691463,True
baseline,transcritical,stationary,5,Latent Neural SDE (VI),78.0,2.031407117843628,-0.007102285345264664,True
baseline,transcritical,stationary,5,Moment OU,38.0,-0.18132472339487338,-0.0016302857392063441,True
baseline,transcritical,stationary,5,Moment OU,54.0,,,False
baseline,transcritical,stationary,5,Moment OU,70.0,0.7799574589311961,-0.016881673651816767,True
baseline,transcritical,stationary,5,Moment OU,78.0,,,False
baseline,transcritical,stationary,5,Neural SDE (Euler),38.0,0.7725100517272949,0.000664728223358238,True
baseline,transcritical,stationary,5,Neural SDE (Euler),54.0,0.33866119384765625,0.007525949466602275,True
baseline,transcritical,stationary,5,Neural SDE (Euler),70.0,0.025578975677490234,0.0018294930969496304,True
baseline,transcritical,stationary,5,Neural SDE (Euler),78.0,1.9562735557556152,-0.006548226596693088,True
baseline,transcritical,stationary,5,SINDy-STLSQ,38.0,-0.16611579998049653,-0.0032021380675981564,True
baseline,transcritical,stationary,5,SINDy-STLSQ,54.0,-0.28218463326317256,-0.006329813776408524,True
baseline,transcritical,stationary,5,SINDy-STLSQ,70.0,0.046268051585620196,-0.002394642322093049,True
baseline,transcritical,stationary,5,SINDy-STLSQ,78.0,2.3256946976612376,-0.010781062554631876,True
baseline,transcritical,stationary,6,Bayesian SINDy (spike-slab),38.0,0.9751797614606166,-0.007027208090571294,True
baseline,transcritical,stationary,6,Bayesian SINDy (spike-slab),54.0,-0.210691811401575,-0.002904608489248464,True
baseline,transcritical,stationary,6,Bayesian SINDy (spike-slab),70.0,0.15647776774907474,0.00044926657439742224,True
baseline,transcritical,stationary,6,Bayesian SINDy (spike-slab),78.0,0.4598660885504957,0.01003088708780274,True
baseline,transcritical,stationary,6,Kalman OU,38.0,-1.529208067461593,0.046399915757789456,True
baseline,transcritical,stationary,6,Kalman OU,54.0,0.7290986708681151,-0.010836309773162512,True
baseline,transcritical,stationary,6,Kalman OU,70.0,-0.06577033718317038,0.005559944681012764,True
baseline,transcritical,stationary,6,Kalman OU,78.0,-0.26183863555938647,0.019586618138033217,True
baseline,transcritical,stationary,6,Latent Neural SDE (VI),38.0,0.35256505012512207,-0.0147321013448488,True
baseline,transcritical,stationary,6,Latent Neural SDE (VI),54.0,-0.177764892578125,-0.0014116412322716237,True
baseline,transcritical,stationary,6,Latent Neural SDE (VI),70.0,0.2045145034790039,-0.0015400230855989044,True
baseline,transcritical,stationary,6,Latent Neural SDE (VI),78.0,0.5310816764831543,0.011270702738677252,True
baseline,transcritical,stationary,6,Moment OU,38.0,,,False
baseline,transcritical,stationary,6,Moment OU,54.0,-0.3286862486580726,-0.0065251972881063755,True
baseline,transcritical,stationary,6,Moment OU,70.0,0.5930581880943047,-0.002714594505698553,True
baseline,transcritical,stationary,6,Moment OU,78.0,0.10330288246923924,0.019218202326026154,True
baseline,transcritical,stationary,6,Neural SDE (Euler),38.0,0.25798773765563965,-0.015679211282606104,True
baseline,transcritical,stationary,6,Neural SDE (Euler),54.0,-0.2239398956298828,-0.0017363521839672685,True
baseline,transcritical,stationary,6,Neural SDE (Euler),70.0,0.08992576599121094,5.566163320663842e-05,True
baseline,transcritical,stationary,6,Neural SDE (Euler),78.0,0.2503483295440674,0.012277096098796417,True
baseline,transcritical,stationary,6,SINDy-STLSQ,38.0,-0.202234967385563,-0.0064109358400194355,True
baseline,transcritical,stationary,6,SINDy-STLSQ,54.0,-0.5367122334826271,-0.0013490191476990127,True
baseline,transcritical,stationary,6,SINDy-STLSQ,70.0,0.06380314814216215,0.0010314560229364028,True
baseline,transcritical,stationary,6,SINDy-STLSQ,78.0,0.48961099278520637,0.011346295205028611,True
baseline,transcritical,stationary,7,Bayesian SINDy (spike-slab),38.0,-0.842469919862948,0.0014258600596408905,True
baseline,transcritical,stationary,7,Bayesian SINDy (spike-slab),54.0,-0.6389035804766015,0.01062036549975609,True
baseline,transcritical,stationary,7,Bayesian SINDy (spike-slab),70.0,-1.1116045840818956,0.004401269629407734,True
baseline,transcritical,stationary,7,Bayesian SINDy (spike-slab),78.0,-1.2270240408180157,0.007327843619609531,True
baseline,transcritical,stationary,7,Kalman OU,38.0,-0.4291382931780806,0.005974299625772488,True
baseline,transcritical,stationary,7,Kalman OU,54.0,-1.7813387244888879,0.035409863734493924,True
baseline,transcritical,stationary,7,Kalman OU,70.0,-2.3058113617723768,0.027945400050946072,True
baseline,transcritical,stationary,7,Kalman OU,78.0,-2.3058113617723768,0.024711103076255295,True
baseline,transcritical,stationary,7,Latent Neural SDE (VI),38.0,-2.791748523712158,0.0005779903516641011,True
baseline,transcritical,stationary,7,Latent Neural SDE (VI),54.0,-2.403316020965576,0.010119534045296835,True
baseline,transcritical,stationary,7,Latent Neural SDE (VI),70.0,-1.2855010032653809,0.002918345053442517,True
baseline,transcritical,stationary,7,Latent Neural SDE (VI),78.0,-2.0657176971435547,0.004497041462185422,True
baseline,transcritical,stationary,7,Moment OU,38.0,,,False
baseline,transcritical,stationary,7,Moment OU,54.0,,,False
baseline,transcritical,stationary,7,Moment OU,70.0,,,False
baseline,transcritical,stationary,7,Moment OU,78.0,,,False
baseline,transcritical,stationary,7,Neural SDE (Euler),38.0,-2.7953810691833496,-0.00157286543484636,True
baseline,transcritical,stationary,7,Neural SDE (Euler),54.0,-2.5038914680480957,0.00847215362690018,True
baseline,transcritical,stationary,7,Neural SDE (Euler),70.0,-1.3087072372436523,0.0014098756227356873,True
baseline,transcritical,stationary,7,Neural SDE (Euler),78.0,-1.9840741157531738,0.003096656191601571,True
baseline,transcritical,stationary,7,SINDy-STLSQ,38.0,-2.825769534463688,0.0014075892169274073,True
baseline,transcritical,stationary,7,SINDy-STLSQ,54.0,-2.4633155082918354,0.010909482980315216,True
baseline,transcritical,stationary,7,SINDy-STLSQ,70.0,-2.54563668829948,0.005631708031760552,True
baseline,transcritical,stationary,7,SINDy-STLSQ,78.0,-3.2258551187117317,0.00745597396125415,True
baseline,transcritical,stationary,8,Bayesian SINDy (spike-slab),38.0,2.068022727823641,0.00275604544723472,True
baseline,transcritical,stationary,8,Bayesian SINDy (spike-slab),54.0,-0.6239336602082859,0.00020975430845192322,True
baseline,transcritical,stationary,8,Bayesian SINDy (spike-slab),70.0,-0.5797239554476095,0.004219735956454251,True
baseline,transcritical,stationary,8,Bayesian SINDy (spike-slab),78.0,-0.3670101573041462,-0.0025545460113761825,True
baseline,transcritical,stationary,8,Kalman OU,38.0,2.229476957398165,-0.0284162435946091,True
baseline,transcritical,stationary,8,Kalman OU,54.0,2.021153514882877,-0.04384976244886962,True
baseline,transcritical,stationary,8,Kalman OU,70.0,2.2746742244891,-0.047936669135,True
baseline,transcritical,stationary,8,Kalman OU,78.0,1.8378090404357132,-0.04132400378528865,True
baseline,transcritical,stationary,8,Latent Neural SDE (VI),38.0,1.994977593421936,2.2154024184248278e-05,True
baseline,transcritical,stationary,8,Latent Neural SDE (VI),54.0,-1.481323480606079,-0.003310443434209359,True
baseline,transcritical,stationary,8,Latent Neural SDE (VI),70.0,-1.649261713027954,0.0012290539246338633,True
baseline,transcritical,stationary,8,Latent Neural SDE (VI),78.0,-1.8278815746307373,-0.007240911057002947,True
baseline,transcritical,stationary,8,Moment OU,38.0,,,False
baseline,transcritical,stationary,8,Moment OU,54.0,,,False
baseline,transcritical,stationary,8,Moment OU,70.0,,,False
baseline,transcritical,stationary,8,Moment OU,78.0,,,False
baseline,transcritical,stationary,8,Neural SDE (Euler),38.0,1.91764497756958,0.0011007300116968322,True
baseline,transcritical,stationary,8,Neural SDE (Euler),54.0,-1.531252384185791,-0.002665350632587049,True
baseline,transcritical,stationary,8,Neural SDE (Euler),70.0,-1.6726288795471191,0.0011312643692869828,True
baseline,transcritical,stationary,8,Neural SDE (Euler),78.0,-1.8352012634277344,-0.0068519277134671125,True
baseline,transcritical,stationary,8,SINDy-STLSQ,38.0,2.584404954950189,0.002759677967596394,True
baseline,transcritical,stationary,8,SINDy-STLSQ,54.0,-1.6633299659658376,-0.0004086136759430259,True
baseline,transcritical,stationary,8,SINDy-STLSQ,70.0,-1.3307650428360893,0.002847050162560316,True
baseline,transcritical,stationary,8,SINDy-STLSQ,78.0,-0.8534943916771627,-0.0032475952636989575,True
baseline,transcritical,stationary,9,Bayesian SINDy (spike-slab),38.0,-0.1722844281210345,0.00731792962980847,True
baseline,transcritical,stationary,9,Bayesian SINDy (spike-slab),54.0,-0.4359768400583497,0.01527720198066121,True
baseline,transcritical,stationary,9,Bayesian SINDy (spike-slab),70.0,-1.2640480883526686,0.013364318606405579,True
baseline,transcritical,stationary,9,Bayesian SINDy (spike-slab),78.0,-0.9154697615626852,0.003171285921996461,True
baseline,transcritical,stationary,9,Kalman OU,38.0,-2.457660723126053,0.04604960176211623,True
baseline,transcritical,stationary,9,Kalman OU,54.0,-1.4547370711255658,0.028583133964219392,True
baseline,transcritical,stationary,9,Kalman OU,70.0,-0.5139877506957509,-0.00015419870266950714,True
baseline,transcritical,stationary,9,Kalman OU,78.0,-0.08824278232178806,-0.0016733234431683397,True
baseline,transcritical,stationary,9,Latent Neural SDE (VI),38.0,-0.7192220687866211,0.011181936021297835,True
baseline,transcritical,stationary,9,Latent Neural SDE (VI),54.0,-2.4083962440490723,0.019404112410721645,True
baseline,transcritical,stationary,9,Latent Neural SDE (VI),70.0,-2.275226593017578,0.020625965009219142,True
baseline,transcritical,stationary,9,Latent Neural SDE (VI),78.0,-0.7656421661376953,0.007588838916344105,True
baseline,transcritical,stationary,9,Moment OU,38.0,,,False
baseline,transcritical,stationary,9,Moment OU,54.0,,,False
baseline,transcritical,stationary,9,Moment OU,70.0,,,False
baseline,transcritical,stationary,9,Moment OU,78.0,,,False
baseline,transcritical,stationary,9,Neural SDE (Euler),38.0,-1.0140669345855713,0.011587610631643784,True
baseline,transcritical,stationary,9,Neural SDE (Euler),54.0,-2.718411684036255,0.0187513452961443,True
baseline,transcritical,stationary,9,Neural SDE (Euler),70.0,-2.6389987468719482,0.021083529815044806,True
baseline,transcritical,stationary,9,Neural SDE (Euler),78.0,-0.8840925693511963,0.007635680030945412,True
baseline,transcritical,stationary,9,SINDy-STLSQ,38.0,-1.816001050281534,0.006041866877442459,True
baseline,transcritical,stationary,9,SINDy-STLSQ,54.0,-1.3679939894317257,0.014632520269049626,True
baseline,transcritical,stationary,9,SINDy-STLSQ,70.0,-1.8568026032460643,0.013524137792880503,True
baseline,transcritical,stationary,9,SINDy-STLSQ,78.0,-0.8271449949734464,0.0031100281490388793,True
baseline,transcritical,stationary,10,Bayesian SINDy (spike-slab),38.0,-1.5460052885617186,0.0037887637296710325,True
baseline,transcritical,stationary,10,Bayesian SINDy (spike-slab),54.0,-0.16742575897310497,-0.006891207044687056,True
baseline,transcritical,stationary,10,Bayesian SINDy (spike-slab),70.0,-1.0416349084512362,-0.007472854191959116,True
baseline,transcritical,stationary,10,Bayesian SINDy (spike-slab),78.0,-0.8619598264865256,-0.0021581615626609096,True
baseline,transcritical,stationary,10,Kalman OU,38.0,0.027847124527070832,-0.01817947477554689,True
baseline,transcritical,stationary,10,Kalman OU,54.0,1.110224827627355,-0.03217278203491937,True
baseline,transcritical,stationary,10,Kalman OU,70.0,0.4025143221062575,-0.0260472529772291,True
baseline,transcritical,stationary,10,Kalman OU,78.0,-1.5845662194377814,0.011033452551192383,True
baseline,transcritical,stationary,10,Latent Neural SDE (VI),38.0,-2.30532169342041,0.007961266294427755,True
baseline,transcritical,stationary,10,Latent Neural SDE (VI),54.0,-1.599947452545166,-0.00783527799055797,True
baseline,transcritical,stationary,10,Latent Neural SDE (VI),70.0,-1.2494964599609375,-0.007900906711269667,True
baseline,transcritical,stationary,10,Latent Neural SDE (VI),78.0,-0.6747000217437744,-0.0007700665542533652,True
baseline,transcritical,stationary,10,Moment OU,38.0,-6.315248098880105,0.06741200475041027,True
baseline,transcritical,stationary,10,Moment OU,54.0,,,False
baseline,transcritical,stationary,10,Moment OU,70.0,-0.029099550907296434,-0.008101238739608477,True
baseline,transcritical,stationary,10,Moment OU,78.0,-1.2553989496912354,0.015944074694356575,True
baseline,transcritical,stationary,10,Neural SDE (Euler),38.0,-2.266394853591919,0.007508409910353286,True
baseline,transcritical,stationary,10,Neural SDE (Euler),54.0,-1.722205400466919,-0.008385276180585141,True
baseline,transcritical,stationary,10,Neural SDE (Euler),70.0,-1.2194931507110596,-0.008887984909765154,True
baseline,transcritical,stationary,10,Neural SDE (Euler),78.0,-0.5842278003692627,-0.0005502268630337981,True
baseline,transcritical,stationary,10,SINDy-STLSQ,38.0,-1.5250406001614554,0.004261787997246913,True
baseline,transcritical,stationary,10,SINDy-STLSQ,54.0,-0.5028148611212857,-0.00763133286662121,True
baseline,transcritical,stationary,10,SINDy-STLSQ,70.0,-0.5037750887354764,-0.007596959073925075,True
baseline,transcritical,stationary,10,SINDy-STLSQ,78.0,0.29927823723549274,-0.002969097484883221,True
baseline,transcritical,stationary,11,Bayesian SINDy (spike-slab),38.0,1.3726973764700783,-0.0008195929513955535,True
baseline,transcritical,stationary,11,Bayesian SINDy (spike-slab),54.0,0.4073083726669209,0.012085598304398287,True
baseline,transcritical,stationary,11,Bayesian SINDy (spike-slab),70.0,0.5489015697682644,0.013090890144300218,True
baseline,transcritical,stationary,11,Bayesian SINDy (spike-slab),78.0,-0.12734708507181125,0.008153652011615886,True
baseline,transcritical,stationary,11,Kalman OU,38.0,-2.6269488849681952,0.0656158088110409,True
baseline,transcritical,stationary,11,Kalman OU,54.0,-0.814934400629518,0.021831989493691195,True
baseline,transcritical,stationary,11,Kalman OU,70.0,-2.6269488849681952,0.05420620357878869,True
baseline,transcritical,stationary,11,Kalman OU,78.0,-1.2635754953186693,0.016070064355159116,True
baseline,transcritical,stationary,11,Latent Neural SDE (VI),38.0,1.92689847946167,-0.0040164922165062955,True
baseline,transcritical,stationary,11,Latent Neural SDE (VI),54.0,2.6910271644592285,0.012337615665265297,True
baseline,transcritical,stationary,11,Latent Neural SDE (VI),70.0,0.18714427947998047,0.01077967355072193,True
baseline,transcritical,stationary,11,Latent Neural SDE (VI),78.0,0.6996798515319824,0.004206504468714567,True
baseline,transcritical,stationary,11,Moment OU,38.0,,,False
baseline,transcritical,stationary,11,Moment OU,54.0,,,False
baseline,transcritical,stationary,11,Moment OU,70.0,,,False
baseline,transcritical,stationary,11,Moment OU,78.0,,,False
baseline,transcritical,stationary,11,Neural SDE (Euler),38.0,2.1494412422180176,-0.004290644498736035,True
baseline,transcritical,stationary,11,Neural SDE (Euler),54.0,2.770132541656494,0.013470832217918186,True
baseline,transcritical,stationary,11,Neural SDE (Euler),70.0,0.26662445068359375,0.007781057644477313,True
baseline,transcritical,stationary,11,Neural SDE (Euler),78.0,0.7180895805358887,0.0023473166411746987,True
baseline,transcritical,stationary,11,SINDy-STLSQ,38.0,1.7786488149714597,0.00029138643747664283,True
baseline,transcritical,stationary,11,SINDy-STLSQ,54.0,1.768094089748323,0.012792181879488412,True
baseline,transcritical,stationary,11,SINDy-STLSQ,70.0,-0.17632116532601572,0.013922207876758769,True
baseline,transcritical,stationary,11,SINDy-STLSQ,78.0,-0.09482347361323384,0.00932652890042815,True
baseline,transcritical,stationary,12,Bayesian SINDy (spike-slab),38.0,-1.9875208042723989,-0.004564665567962756,True
baseline,transcritical,stationary,12,Bayesian SINDy (spike-slab),54.0,-0.3255922468539625,-0.007579898320509718,True
baseline,transcritical,stationary,12,Bayesian SINDy (spike-slab),70.0,-1.6982808226463835,0.00039411618037953067,True
baseline,transcritical,stationary,12,Bayesian SINDy (spike-slab),78.0,-0.13832531093707656,0.0061170920598682815,True
baseline,transcritical,stationary,12,Kalman OU,38.0,2.048545740077936,-0.07552713822423322,True
baseline,transcritical,stationary,12,Kalman OU,54.0,0.9533787587880074,-0.036521487674403594,True
baseline,transcritical,stationary,12,Kalman OU,70.0,-0.0008981694310321586,-0.04827122382003888,True
baseline,transcritical,stationary,12,Kalman OU,78.0,2.453292110692545,-0.06352701534595848,True
baseline,transcritical,stationary,12,Latent Neural SDE (VI),38.0,-2.1790220737457275,0.000596681665856913,True
baseline,transcritical,stationary,12,Latent Neural SDE (VI),54.0,-0.5231132507324219,-0.004078038316705765,True
baseline,transcritical,stationary,12,Latent Neural SDE (VI),70.0,-2.0833380222320557,0.008367000028209878,True
baseline,transcritical,stationary,12,Latent Neural SDE (VI),78.0,0.295382022857666,0.012368426365498564,True
baseline,transcritical,stationary,12,Moment OU,38.0,,,False
baseline,transcritical,stationary,12,Moment OU,54.0,,,False
baseline,transcritical,stationary,12,Moment OU,70.0,,,False
baseline,transcritical,stationary,12,Moment OU,78.0,,,False
baseline,transcritical,stationary,12,Neural SDE (Euler),38.0,-2.2905192375183105,0.0023637185648709425,True
baseline,transcritical,stationary,12,Neural SDE (Euler),54.0,-0.5776715278625488,-0.004589486069260018,True
baseline,transcritical,stationary,12,Neural SDE (Euler),70.0,-1.9581298828125,0.007614145711133613,True
baseline,transcritical,stationary,12,Neural SDE (Euler),78.0,0.16388201713562012,0.013732908738196242,True
baseline,transcritical,stationary,12,SINDy-STLSQ,38.0,-1.7425007190146817,-0.004313482792648274,True
baseline,transcritical,stationary,12,SINDy-STLSQ,54.0,-0.5526131382996087,-0.009142123423608511,True
baseline,transcritical,stationary,12,SINDy-STLSQ,70.0,-1.2789592697605476,-8.650384753519647e-06,True
baseline,transcritical,stationary,12,SINDy-STLSQ,78.0,-0.09329169677301064,0.00587186182130342,True
baseline,transcritical,stationary,13,Bayesian SINDy (spike-slab),38.0,-0.3555548912943429,0.009971454476517455,True
baseline,transcritical,stationary,13,Bayesian SINDy (spike-slab),54.0,1.068853772506373,0.0019782941672274595,True
baseline,transcritical,stationary,13,Bayesian SINDy (spike-slab),70.0,0.2875563759749191,-0.001543269129784669,True
baseline,transcritical,stationary,13,Bayesian SINDy (spike-slab),78.0,-0.565247432129576,-0.0025738584134717413,True
baseline,transcritical,stationary,13,Kalman OU,38.0,0.9031451038532556,-0.015319841811452552,True
baseline,transcritical,stationary,13,Kalman OU,54.0,0.9870149425739814,0.008558963555649855,True
baseline,transcritical,stationary,13,Kalman OU,70.0,2.3805312904008322,-0.0291784802312337,True
baseline,transcritical,stationary,13,Kalman OU,78.0,1.784561366578058,-0.029652908230384432,True
baseline,transcritical,stationary,13,Latent Neural SDE (VI),38.0,-1.403468132019043,0.0077075136112050024,True
baseline,transcritical,stationary,13,Latent Neural SDE (VI),54.0,1.0882916450500488,0.0015108719764475864,True
baseline,transcritical,stationary,13,Latent Neural SDE (VI),70.0,0.20141077041625977,-0.00793707198745093,True
baseline,transcritical,stationary,13,Latent Neural SDE (VI),78.0,0.3484644889831543,-0.0009070863203377577,True
baseline,transcritical,stationary,13,Moment OU,38.0,-5.183978823264596,0.06270601492387401,True
baseline,transcritical,stationary,13,Moment OU,54.0,1.8535337793512165,-0.020346060235992176,True
baseline,transcritical,stationary,13,Moment OU,70.0,1.1503493244921137,-0.014793685682765463,True
baseline,transcritical,stationary,13,Moment OU,78.0,-4.025659016778523,0.01605169172827374,True
baseline,transcritical,stationary,13,Neural SDE (Euler),38.0,-1.386190414428711,0.0076203627358783915,True
baseline,transcritical,stationary,13,Neural SDE (Euler),54.0,1.1178922653198242,0.0005094602925561215,True
baseline,transcritical,stationary,13,Neural SDE (Euler),70.0,0.23070144653320312,-0.008554410150497016,True
baseline,transcritical,stationary,13,Neural SDE (Euler),78.0,0.45434999465942383,-0.0018371350699803862,True
baseline,transcritical,stationary,13,SINDy-STLSQ,38.0,0.5761262900188306,0.01242227551021409,True
baseline,transcritical,stationary,13,SINDy-STLSQ,54.0,2.3213044272979415,0.0038785844912167383,True
baseline,transcritical,stationary,13,SINDy-STLSQ,70.0,1.114789401817864,0.000244722274300363,True
baseline,transcritical,stationary,13,SINDy-STLSQ,78.0,0.2743253200487201,-0.0002963883958532476,True
baseline,transcritical,stationary,14,Bayesian SINDy (spike-slab),38.0,1.984367997736757,-0.007968217682959647,True
baseline,transcritical,stationary,14,Bayesian SINDy (spike-slab),54.0,1.7924662284799284,-0.018463518163489873,True
baseline,transcritical,stationary,14,Bayesian SINDy (spike-slab),70.0,1.2899011053116634,-0.00012953030442441893,True
baseline,transcritical,stationary,14,Bayesian SINDy (spike-slab),78.0,0.19388458571326073,-0.0017543360282875065,True
baseline,transcritical,stationary,14,Kalman OU,38.0,2.430324337308473,0.018876727410580198,True
baseline,transcritical,stationary,14,Kalman OU,54.0,2.4485424358004573,0.010121437003719643,True
baseline,transcritical,stationary,14,Kalman OU,70.0,1.5855714702480965,0.030461909671325647,True
baseline,transcritical,stationary,14,Kalman OU,78.0,2.3822209333774236,0.0022197472161432207,True
baseline,transcritical,stationary,14,Latent Neural SDE (VI),38.0,1.1169524192810059,-0.009783425090765685,True
baseline,transcritical,stationary,14,Latent Neural SDE (VI),54.0,0.9370763301849365,-0.019515645624727157,True
baseline,transcritical,stationary,14,Latent Neural SDE (VI),70.0,0.6477484703063965,0.0043249871320196615,True
baseline,transcritical,stationary,14,Latent Neural SDE (VI),78.0,0.6315112113952637,-0.0017244993064700898,True
baseline,transcritical,stationary,14,Moment OU,38.0,,,False
baseline,transcritical,stationary,14,Moment OU,54.0,,,False
baseline,transcritical,stationary,14,Moment OU,70.0,10.564816729591614,-0.06464382037372936,True
baseline,transcritical,stationary,14,Moment OU,78.0,4.846509977878254,-0.029699553543653445,True
baseline,transcritical,stationary,14,Neural SDE (Euler),38.0,1.0163743495941162,-0.008182808383187204,True
baseline,transcritical,stationary,14,Neural SDE (Euler),54.0,1.0424509048461914,-0.018597680314175413,True
baseline,transcritical,stationary,14,Neural SDE (Euler),70.0,0.5295171737670898,0.005167472917169902,True
baseline,transcritical,stationary,14,Neural SDE (Euler),78.0,0.5328564643859863,-0.0011732921742086955,True
baseline,transcritical,stationary,14,SINDy-STLSQ,38.0,2.8674097615682403,-0.007873358634707922,True
baseline,transcritical,stationary,14,SINDy-STLSQ,54.0,2.2611435545835805,-0.01919541787882445,True
baseline,transcritical,stationary,14,SINDy-STLSQ,70.0,1.0804108628263975,-0.002534673144775332,True
baseline,transcritical,stationary,14,SINDy-STLSQ,78.0,1.7439355251432742,-0.0020530752385589657,True
baseline,transcritical,stationary,15,Bayesian SINDy (spike-slab),38.0,-0.07237252658739957,0.004865057503112169,True
baseline,transcritical,stationary,15,Bayesian SINDy (spike-slab),54.0,0.29773459654728196,0.0026133859583735153,True
baseline,transcritical,stationary,15,Bayesian SINDy (spike-slab),70.0,-1.493608771285445,-0.009661770838115799,True
baseline,transcritical,stationary,15,Bayesian SINDy (spike-slab),78.0,-1.1708305570155475,-0.009697147321841543,True
baseline,transcritical,stationary,15,Kalman OU,38.0,-0.6110441224807305,0.01638694474425248,True
baseline,transcritical,stationary,15,Kalman OU,54.0,-2.3612741510058415,0.05939140286278605,True
baseline,transcritical,stationary,15,Kalman OU,70.0,-0.8402441636802501,-0.01211728102342206,True
baseline,transcritical,stationary,15,Kalman OU,78.0,-2.3612741510058415,-0.00010384049954834107,True
baseline,transcritical,stationary,15,Latent Neural SDE (VI),38.0,-0.7051966190338135,0.006821662833442946,True
baseline,transcritical,stationary,15,Latent Neural SDE (VI),54.0,-0.9997894763946533,0.002471136972649654,True
baseline,transcritical,stationary,15,Latent Neural SDE (VI),70.0,-3.0218403339385986,-0.013687031979224648,True
baseline,transcritical,stationary,15,Latent Neural SDE (VI),78.0,-0.9706146717071533,-0.005497404038571976,True
baseline,transcritical,stationary,15,Moment OU,38.0,-0.46855725888526445,0.014506262270149638,True
baseline,transcritical,stationary,15,Moment OU,54.0,0.6323543620764207,-0.002560540453004738,True
baseline,transcritical,stationary,15,Moment OU,70.0,-5.888849443343824,0.002991125037442907,True
baseline,transcritical,stationary,15,Moment OU,78.0,-0.9914437321597913,-0.014328735571068459,True
baseline,transcritical,stationary,15,Neural SDE (Euler),38.0,-0.7581148147583008,0.007359754766966722,True
baseline,transcritical,stationary,15,Neural SDE (Euler),54.0,-0.9576153755187988,0.0026103828404987345,True
baseline,transcritical,stationary,15,Neural SDE (Euler),70.0,-3.156745433807373,-0.014545705173101497,True
baseline,transcritical,stationary,15,Neural SDE (Euler),78.0,-1.1380620002746582,-0.005811626605110795,True
baseline,transcritical,stationary,15,SINDy-STLSQ,38.0,-0.6552675193383526,0.006595148138491741,True
baseline,transcritical,stationary,15,SINDy-STLSQ,54.0,-0.281768651796793,0.004201714998760278,True
baseline,transcritical,stationary,15,SINDy-STLSQ,70.0,-4.087937483182099,-0.010017820422520182,True
baseline,transcritical,stationary,15,SINDy-STLSQ,78.0,-2.3690340856448033,-0.008931342805622383,True
baseline,transcritical,stationary,16,Bayesian SINDy (spike-slab),38.0,0.6134235860339472,0.003652096123426943,True
baseline,transcritical,stationary,16,Bayesian SINDy (spike-slab),54.0,-0.7803626064464959,0.002703734410017755,True
baseline,transcritical,stationary,16,Bayesian SINDy (spike-slab),70.0,0.37014336935733505,0.004377920647927622,True
baseline,transcritical,stationary,16,Bayesian SINDy (spike-slab),78.0,0.6475774160112286,0.00548398462628312,True
baseline,transcritical,stationary,16,Kalman OU,38.0,0.9026882795764193,0.0018221655310709309,True
baseline,transcritical,stationary,16,Kalman OU,54.0,-0.6500860145073375,-0.013238495400904216,True
baseline,transcritical,stationary,16,Kalman OU,70.0,0.17978000551683992,0.009730614870961794,True
baseline,transcritical,stationary,16,Kalman OU,78.0,1.7268722594290098,-0.01777914770616411,True
baseline,transcritical,stationary,16,Latent Neural SDE (VI),38.0,0.5539093017578125,0.0039075381705011986,True
baseline,transcritical,stationary,16,Latent Neural SDE (VI),54.0,-2.3011064529418945,0.004218118649585337,True
baseline,transcritical,stationary,16,Latent Neural SDE (VI),70.0,-0.2701601982116699,0.007996120356948092,True
baseline,transcritical,stationary,16,Latent Neural SDE (VI),78.0,-0.15655231475830078,0.00489542585815908,True
baseline,transcritical,stationary,16,Moment OU,38.0,,,False
baseline,transcritical,stationary,16,Moment OU,54.0,,,False
baseline,transcritical,stationary,16,Moment OU,70.0,,,False
baseline,transcritical,stationary,16,Moment OU,78.0,,,False
baseline,transcritical,stationary,16,Neural SDE (Euler),38.0,0.4556725025177002,0.004002355300667337,True
baseline,transcritical,stationary,16,Neural SDE (Euler),54.0,-2.4766485691070557,0.0038428624025740044,True
baseline,transcritical,stationary,16,Neural SDE (Euler),70.0,-0.3244342803955078,0.007993080370225988,True
baseline,transcritical,stationary,16,Neural SDE (Euler),78.0,-0.21550774574279785,0.006046059696555292,True
baseline,transcritical,stationary,16,SINDy-STLSQ,38.0,0.4668912755730563,0.0026269368910237095,True
baseline,transcritical,stationary,16,SINDy-STLSQ,54.0,-0.9390381701260471,0.004464479316097489,True
baseline,transcritical,stationary,16,SINDy-STLSQ,70.0,-0.7743842766126225,0.005326133709031872,True
baseline,transcritical,stationary,16,SINDy-STLSQ,78.0,-0.10409978145707877,0.006252169675873623,True
baseline,transcritical,stationary,17,Bayesian SINDy (spike-slab),38.0,-0.08406089938174022,0.01456004520020053,True
baseline,transcritical,stationary,17,Bayesian SINDy (spike-slab),54.0,-0.4216767606799765,0.0007927167742401153,True
baseline,transcritical,stationary,17,Bayesian SINDy (spike-slab),70.0,0.5862413406969407,0.0025770563393970325,True
baseline,transcritical,stationary,17,Bayesian SINDy (spike-slab),78.0,1.0170303138658103,0.0022824869937003306,True
baseline,transcritical,stationary,17,Kalman OU,38.0,0.32863190679480303,-0.002580974094340365,True
baseline,transcritical,stationary,17,Kalman OU,54.0,-1.8688847353208056,0.023079835773767335,True
baseline,transcritical,stationary,17,Kalman OU,70.0,-1.673019246070846,0.04690346999337517,True
baseline,transcritical,stationary,17,Kalman OU,78.0,0.8340548832673039,-0.011220928896996055,True
baseline,transcritical,stationary,17,Latent Neural SDE (VI),38.0,-0.6069092750549316,0.016393926561633465,True
baseline,transcritical,stationary,17,Latent Neural SDE (VI),54.0,-0.6880826950073242,0.00380210523878792,True
baseline,transcritical,stationary,17,Latent Neural SDE (VI),70.0,1.2065587043762207,0.0038342389054112497,True
baseline,transcritical,stationary,17,Latent Neural SDE (VI),78.0,1.9338657855987549,0.004915025123794645,True
baseline,transcritical,stationary,17,Moment OU,38.0,-2.3849486482749453,0.05246347176760689,True
baseline,transcritical,stationary,17,Moment OU,54.0,-0.9472436260434207,0.01059132235852622,True
baseline,transcritical,stationary,17,Moment OU,70.0,0.46723090555707253,-0.007708888329613223,True
baseline,transcritical,stationary,17,Moment OU,78.0,,,False
baseline,transcritical,stationary,17,Neural SDE (Euler),38.0,-0.685697078704834,0.016945118205414028,True
baseline,transcritical,stationary,17,Neural SDE (Euler),54.0,-0.7497062683105469,0.0033553704860829064,True
baseline,transcritical,stationary,17,Neural SDE (Euler),70.0,1.184948205947876,0.003998397003396076,True
baseline,transcritical,stationary,17,Neural SDE (Euler),78.0,1.8277175426483154,0.004996318089405746,True
baseline,transcritical,stationary,17,SINDy-STLSQ,38.0,0.7388899643198927,0.015164168700202374,True
baseline,transcritical,stationary,17,SINDy-STLSQ,54.0,-0.644152485491043,0.0007315113298220349,True
baseline,transcritical,stationary,17,SINDy-STLSQ,70.0,1.3842737717141205,0.003037369602809384,True
baseline,transcritical,stationary,17,SINDy-STLSQ,78.0,1.7891518678233749,0.0014560551142032002,True
baseline,transcritical,stationary,18,Bayesian SINDy (spike-slab),38.0,0.15237345183026285,0.010301982889889566,True
baseline,transcritical,stationary,18,Bayesian SINDy (spike-slab),54.0,-0.4893236018212317,0.007173845386040725,True
baseline,transcritical,stationary,18,Bayesian SINDy (spike-slab),70.0,1.1288964099373509,0.01461255409660664,True
baseline,transcritical,stationary,18,Bayesian SINDy (spike-slab),78.0,0.23703045234469622,0.005551642759580033,True
baseline,transcritical,stationary,18,Kalman OU,38.0,-1.4713159887381504,0.02934715440941042,True
baseline,transcritical,stationary,18,Kalman OU,54.0,-1.4713159887381504,-0.008645153656414249,True
baseline,transcritical,stationary,18,Kalman OU,70.0,0.780859389133733,0.006417641712309494,True
baseline,transcritical,stationary,18,Kalman OU,78.0,0.2741306024236694,0.0029683419926351644,True
baseline,transcritical,stationary,18,Latent Neural SDE (VI),38.0,0.015582084655761719,0.011532533955004809,True
baseline,transcritical,stationary,18,Latent Neural SDE (VI),54.0,-0.6652536392211914,0.0047299114054312336,True
baseline,transcritical,stationary,18,Latent Neural SDE (VI),70.0,1.1684293746948242,0.011450934295900952,True
baseline,transcritical,stationary,18,Latent Neural SDE (VI),78.0,0.2688608169555664,0.003134352782949129,True
baseline,transcritical,stationary,18,Moment OU,38.0,,,False
baseline,transcritical,stationary,18,Moment OU,54.0,,,False
baseline,transcritical,stationary,18,Moment OU,70.0,,,False
baseline,transcritical,stationary,18,Moment OU,78.0,,,False
baseline,transcritical,stationary,18,Neural SDE (Euler),38.0,0.05150604248046875,0.01133762760928711,True
baseline,transcritical,stationary,18,Neural SDE (Euler),54.0,-0.7116250991821289,0.002991983517810076,True
baseline,transcritical,stationary,18,Neural SDE (Euler),70.0,1.0994062423706055,0.01112687337996654,True
baseline,transcritical,stationary,18,Neural SDE (Euler),78.0,0.28742361068725586,0.0024605393060750796,True
baseline,transcritical,stationary,18,SINDy-STLSQ,38.0,-0.40520604495590273,0.008984154228947147,True
baseline,transcritical,stationary,18,SINDy-STLSQ,54.0,-0.3467611853854806,0.006686773080215563,True
baseline,transcritical,stationary,18,SINDy-STLSQ,70.0,0.2564883921920136,0.014061462665740432,True
baseline,transcritical,stationary,18,SINDy-STLSQ,78.0,-0.86124316026733,0.005916534812405991,True
baseline,transcritical,stationary,19,Bayesian SINDy (spike-slab),38.0,0.14632961070111294,0.01036983716911255,True
baseline,transcritical,stationary,19,Bayesian SINDy (spike-slab),54.0,0.008976767915405581,0.01553012747511287,True
baseline,transcritical,stationary,19,Bayesian SINDy (spike-slab),70.0,0.784059195598962,0.01801988227254392,True
baseline,transcritical,stationary,19,Bayesian SINDy (spike-slab),78.0,1.1332977638759885,0.004731570371356464,True
baseline,transcritical,stationary,19,Kalman OU,38.0,-1.9265354266533092,0.030254635770138077,True
baseline,transcritical,stationary,19,Kalman OU,54.0,-1.9265354266533092,0.033885813265118456,True
baseline,transcritical,stationary,19,Kalman OU,70.0,-1.8273901634625205,0.055558878498529446,True
baseline,transcritical,stationary,19,Kalman OU,78.0,-1.9265354266533092,0.051463322208177883,True
baseline,transcritical,stationary,19,Latent Neural SDE (VI),38.0,0.13860464096069336,0.00039866396110158075,True
baseline,transcritical,stationary,19,Latent Neural SDE (VI),54.0,-1.5547399520874023,0.018341879843948666,True
baseline,transcritical,stationary,19,Latent Neural SDE (VI),70.0,-0.8251771926879883,0.018618854993008513,True
baseline,transcritical,stationary,19,Latent Neural SDE (VI),78.0,0.6434495449066162,0.005383333980906027,True
baseline,transcritical,stationary,19,Moment OU,38.0,,,False
baseline,transcritical,stationary,19,Moment OU,54.0,,,False
baseline,transcritical,stationary,19,Moment OU,70.0,,,False
baseline,transcritical,stationary,19,Moment OU,78.0,,,False
baseline,transcritical,stationary,19,Neural SDE (Euler),38.0,0.10388040542602539,0.0004988844182665098,True
baseline,transcritical,stationary,19,Neural SDE (Euler),54.0,-1.6718549728393555,0.018169039474011273,True
baseline,transcritical,stationary,19,Neural SDE (Euler),70.0,-0.7487516403198242,0.017234633702613467,True
baseline,transcritical,stationary,19,Neural SDE (Euler),78.0,0.7443034648895264,0.005301920798649745,True
baseline,transcritical,stationary,19,SINDy-STLSQ,38.0,-0.70858512041243,0.012313543695661636,True
baseline,transcritical,stationary,19,SINDy-STLSQ,54.0,-1.3936570341378967,0.017581342711250156,True
baseline,transcritical,stationary,19,SINDy-STLSQ,70.0,-0.3263700015632862,0.019822541865349305,True
baseline,transcritical,stationary,19,SINDy-STLSQ,78.0,1.5054117957937425,0.006047073361019173,True
baseline,transcritical,stationary,20,Bayesian SINDy (spike-slab),38.0,0.6068825674858243,-0.013074069465834892,True
baseline,transcritical,stationary,20,Bayesian SINDy (spike-slab),54.0,0.9576114544349985,0.0072572766631869845,True
baseline,transcritical,stationary,20,Bayesian SINDy (spike-slab),70.0,1.5965309783629689,0.00033623654420619764,True
baseline,transcritical,stationary,20,Bayesian SINDy (spike-slab),78.0,0.7817325337929955,-0.004215241281757487,True
baseline,transcritical,stationary,20,Kalman OU,38.0,1.8956784473615174,-0.021314236344865116,True
baseline,transcritical,stationary,20,Kalman OU,54.0,1.989090041962892,-0.010362809183059478,True
baseline,transcritical,stationary,20,Kalman OU,70.0,2.5800922074450816,-0.01896758239811897,True
baseline,transcritical,stationary,20,Kalman OU,78.0,2.2463545095926034,-0.020019551685741228,True
baseline,transcritical,stationary,20,Latent Neural SDE (VI),38.0,1.48305082321167,-0.013745311808380373,True
baseline,transcritical,stationary,20,Latent Neural SDE (VI),54.0,1.9599289894104004,0.007774529874109065,True
baseline,transcritical,stationary,20,Latent Neural SDE (VI),70.0,1.719935655593872,0.00140101688369422,True
baseline,transcritical,stationary,20,Latent Neural SDE (VI),78.0,0.5605940818786621,-0.001510301024384486,True
baseline,transcritical,stationary,20,Moment OU,38.0,,,False
baseline,transcritical,stationary,20,Moment OU,54.0,3.0056966230644364,-0.01288915070594053,True
baseline,transcritical,stationary,20,Moment OU,70.0,4.826848129784161,-0.04982128344171539,True
baseline,transcritical,stationary,20,Moment OU,78.0,4.577334503261357,-0.051933810119653784,True
baseline,transcritical,stationary,20,Neural SDE (Euler),38.0,1.5444526672363281,-0.013772295180319818,True
baseline,transcritical,stationary,20,Neural SDE (Euler),54.0,1.8862228393554688,0.008363931453668844,True
baseline,transcritical,stationary,20,Neural SDE (Euler),70.0,1.671489953994751,0.001435600907575399,True
baseline,transcritical,stationary,20,Neural SDE (Euler),78.0,0.45674991607666016,-0.0016715809509503243,True
baseline,transcritical,stationary,20,SINDy-STLSQ,38.0,1.3657533947326748,-0.013395244871558465,True
baseline,transcritical,stationary,20,SINDy-STLSQ,54.0,2.2977100440282414,0.006857710154312316,True
baseline,transcritical,stationary,20,SINDy-STLSQ,70.0,2.3917614853037605,0.0010818217404014174,True
baseline,transcritical,stationary,20,SINDy-STLSQ,78.0,1.0758317295688684,-0.004590232470334771,True
baseline,transcritical,stationary,21,Bayesian SINDy (spike-slab),38.0,-0.18339373969397554,0.009664359112763699,True
baseline,transcritical,stationary,21,Bayesian SINDy (spike-slab),54.0,-1.8073225091845835,-0.0005290937702178145,True
baseline,transcritical,stationary,21,Bayesian SINDy (spike-slab),70.0,-1.250991414904199,0.008733284012910264,True
baseline,transcritical,stationary,21,Bayesian SINDy (spike-slab),78.0,-1.4798875576045694,0.0049508134301847195,True
baseline,transcritical,stationary,21,Kalman OU,38.0,2.0252655020254706,-0.03383379135715942,True
baseline,transcritical,stationary,21,Kalman OU,54.0,0.531869043474059,-0.045772972528713395,True
baseline,transcritical,stationary,21,Kalman OU,70.0,1.6737516198653246,-0.04238597235501712,True
baseline,transcritical,stationary,21,Kalman OU,78.0,1.8592028367130247,-0.04949172691809836,True
baseline,transcritical,stationary,21,Latent Neural SDE (VI),38.0,-1.0694282054901123,0.009736468981701801,True
baseline,transcritical,stationary,21,Latent Neural SDE (VI),54.0,-1.5795135498046875,0.00535533258939648,True
baseline,transcritical,stationary,21,Latent Neural SDE (VI),70.0,-0.9413094520568848,0.005940922421793768,True
baseline,transcritical,stationary,21,Latent Neural SDE (VI),78.0,-2.162881374359131,-0.00047773033437893686,True
baseline,transcritical,stationary,21,Moment OU,38.0,,,False
baseline,transcritical,stationary,21,Moment OU,54.0,,,False
baseline,transcritical,stationary,21,Moment OU,70.0,,,False
baseline,transcritical,stationary,21,Moment OU,78.0,,,False
baseline,transcritical,stationary,21,Neural SDE (Euler),38.0,-1.1576564311981201,0.009990448431376683,True
baseline,transcritical,stationary,21,Neural SDE (Euler),54.0,-1.6349642276763916,0.005931005282303212,True
baseline,transcritical,stationary,21,Neural SDE (Euler),70.0,-0.9219582080841064,0.006588661818419161,True
baseline,transcritical,stationary,21,Neural SDE (Euler),78.0,-2.1139023303985596,-0.0004800238161357523,True
baseline,transcritical,stationary,21,SINDy-STLSQ,38.0,-1.8676243857711317,0.009125909810997618,True
baseline,transcritical,stationary,21,SINDy-STLSQ,54.0,-1.2574625357291338,-0.0012697532688951269,True
baseline,transcritical,stationary,21,SINDy-STLSQ,70.0,-0.770853786012264,0.007743547008465995,True
baseline,transcritical,stationary,21,SINDy-STLSQ,78.0,-2.8573820474172495,0.004357091167164151,True
baseline,transcritical,stationary,22,Bayesian SINDy (spike-slab),38.0,0.9836322562213118,0.0009369967170561183,True
baseline,transcritical,stationary,22,Bayesian SINDy (spike-slab),54.0,-0.6744143204600492,-0.004373777873893911,True
baseline,transcritical,stationary,22,Bayesian SINDy (spike-slab),70.0,-0.15919445750099026,-0.0008728410403291004,True
baseline,transcritical,stationary,22,Bayesian SINDy (spike-slab),78.0,0.9591399421319422,-0.0008643696455853528,True
baseline,transcritical,stationary,22,Kalman OU,38.0,-0.7420030027388389,0.02636068876779755,True
baseline,transcritical,stationary,22,Kalman OU,54.0,-0.3963517802376475,0.0002549991514836439,True
baseline,transcritical,stationary,22,Kalman OU,70.0,-1.1213749437248164,0.014796209302062647,True
baseline,transcritical,stationary,22,Kalman OU,78.0,0.3941433824729137,-0.0024479333120924207,True
baseline,transcritical,stationary,22,Latent Neural SDE (VI),38.0,1.0921885967254639,-0.005488459197626486,True
baseline,transcritical,stationary,22,Latent Neural SDE (VI),54.0,-1.238471508026123,-7.683946098203942e-05,True
baseline,transcritical,stationary,22,Latent Neural SDE (VI),70.0,0.2896754741668701,0.0035716177328023596,True
baseline,transcritical,stationary,22,Latent Neural SDE (VI),78.0,1.1662487983703613,0.003428784763967921,True
baseline,transcritical,stationary,22,Moment OU,38.0,,,False
baseline,transcritical,stationary,22,Moment OU,54.0,,,False
baseline,transcritical,stationary,22,Moment OU,70.0,-0.46485514531833627,0.009991816519549692,True
baseline,transcritical,stationary,22,Moment OU,78.0,,,False
baseline,transcritical,stationary,22,Neural SDE (Euler),38.0,1.4009284973144531,-0.00787958744099869,True
baseline,transcritical,stationary,22,Neural SDE (Euler),54.0,-1.2629151344299316,0.00034459169483816443,True
baseline,transcritical,stationary,22,Neural SDE (Euler),70.0,0.2895188331604004,0.004242993747446036,True
baseline,transcritical,stationary,22,Neural SDE (Euler),78.0,1.195239543914795,0.004130664861957581,True
baseline,transcritical,stationary,22,SINDy-STLSQ,38.0,1.7716470631448966,0.0007167167817791892,True
baseline,transcritical,stationary,22,SINDy-STLSQ,54.0,-1.759517999267957,-0.005550693026051073,True
baseline,transcritical,stationary,22,SINDy-STLSQ,70.0,1.1667482913109208,-0.0015318516117486664,True
baseline,transcritical,stationary,22,SINDy-STLSQ,78.0,1.7019355857552396,-0.0004852911377115493,True
baseline,transcritical,stationary,23,Bayesian SINDy (spike-slab),38.0,-0.13623114452577711,-0.01076238237307485,True
baseline,transcritical,stationary,23,Bayesian SINDy (spike-slab),54.0,-0.36596846246786097,-0.01795723855076717,True
baseline,transcritical,stationary,23,Bayesian SINDy (spike-slab),70.0,0.2620716843330979,-0.0037875071499314655,True
baseline,transcritical,stationary,23,Bayesian SINDy (spike-slab),78.0,-0.1528375457766602,-0.0032247297894918286,True
baseline,transcritical,stationary,23,Kalman OU,38.0,-0.3804071314544829,0.0007557026572109632,True
baseline,transcritical,stationary,23,Kalman OU,54.0,-1.1050665202469516,0.007128748900897645,True
baseline,transcritical,stationary,23,Kalman OU,70.0,-0.28023387583858217,0.010818363074943958,True
baseline,transcritical,stationary,23,Kalman OU,78.0,-0.533824537600241,0.009223251523366768,True
baseline,transcritical,stationary,23,Latent Neural SDE (VI),38.0,0.19106054306030273,-0.013550967139665637,True
baseline,transcritical,stationary,23,Latent Neural SDE (VI),54.0,0.17713022232055664,-0.02261187697074897,True
baseline,transcritical,stationary,23,Latent Neural SDE (VI),70.0,1.7310762405395508,-0.009751312447395494,True
baseline,transcritical,stationary,23,Latent Neural SDE (VI),78.0,0.6859016418457031,-0.014398146755308372,True
baseline,transcritical,stationary,23,Moment OU,38.0,1.1103793587243218,-0.03428496702481793,True
baseline,transcritical,stationary,23,Moment OU,54.0,,,False
baseline,transcritical,stationary,23,Moment OU,70.0,0.49342272588371716,-0.009061760327339977,True
baseline,transcritical,stationary,23,Moment OU,78.0,-0.10119104715061988,-0.0031355218129951595,True
baseline,transcritical,stationary,23,Neural SDE (Euler),38.0,0.28992176055908203,-0.012892181104456751,True
baseline,transcritical,stationary,23,Neural SDE (Euler),54.0,0.21889686584472656,-0.02196357931727129,True
baseline,transcritical,stationary,23,Neural SDE (Euler),70.0,1.7395660877227783,-0.009047642858088775,True
baseline,transcritical,stationary,23,Neural SDE (Euler),78.0,0.7976493835449219,-0.014445523110119318,True
baseline,transcritical,stationary,23,SINDy-STLSQ,38.0,-0.6149741531385944,-0.010888035391791548,True
baseline,transcritical,stationary,23,SINDy-STLSQ,54.0,-1.4182962958293448,-0.019076311267239035,True
baseline,transcritical,stationary,23,SINDy-STLSQ,70.0,1.0732124134269894,-0.00412059550183802,True
baseline,transcritical,stationary,23,SINDy-STLSQ,78.0,0.06056377057732876,-0.003254150979623671,True
baseline,transcritical,stationary,24,Bayesian SINDy (spike-slab),38.0,1.0862554811422855,0.004335690015951743,True
baseline,transcritical,stationary,24,Bayesian SINDy (spike-slab),54.0,2.155440230570818,0.007937884813598653,True
baseline,transcritical,stationary,24,Bayesian SINDy (spike-slab),70.0,0.36821771759926225,-0.006385302720377475,True
baseline,transcritical,stationary,24,Bayesian SINDy (spike-slab),78.0,0.485400316589061,-0.00017990530803813076,True
baseline,transcritical,stationary,24,Kalman OU,38.0,-0.7554834304829146,0.040581770575928426,True
baseline,transcritical,stationary,24,Kalman OU,54.0,1.4589121511912087,0.017146376825868552,True
baseline,transcritical,stationary,24,Kalman OU,70.0,1.5757878555759683,-0.002705019779440019,True
baseline,transcritical,stationary,24,Kalman OU,78.0,1.32414053464413,0.003421067350169997,True
baseline,transcritical,stationary,24,Latent Neural SDE (VI),38.0,1.0509142875671387,0.006139883587265388,True
baseline,transcritical,stationary,24,Latent Neural SDE (VI),54.0,2.6121444702148438,0.0036843760395671443,True
baseline,transcritical,stationary,24,Latent Neural SDE (VI),70.0,0.028705596923828125,-0.008225627747253522,True
baseline,transcritical,stationary,24,Latent Neural SDE (VI),78.0,1.3695168495178223,-0.0024351693175470868,True
baseline,transcritical,stationary,24,Moment OU,38.0,6.755585711981313,-0.022775003875924363,True
baseline,transcritical,stationary,24,Moment OU,54.0,7.91358426745985,-0.03982100076180213,True
baseline,transcritical,stationary,24,Moment OU,70.0,,,False
baseline,transcritical,stationary,24,Moment OU,78.0,5.810323416516323,-0.025370495106254765,True
baseline,transcritical,stationary,24,Neural SDE (Euler),38.0,1.0010743141174316,0.006619393795582892,True
baseline,transcritical,stationary,24,Neural SDE (Euler),54.0,2.654296398162842,0.002439813069018068,True
baseline,transcritical,stationary,24,Neural SDE (Euler),70.0,0.040635108947753906,-0.00862206141550631,True
baseline,transcritical,stationary,24,Neural SDE (Euler),78.0,1.4123115539550781,-0.0033858825460575254,True
baseline,transcritical,stationary,24,SINDy-STLSQ,38.0,0.9013366778328384,0.005994136738306122,True
baseline,transcritical,stationary,24,SINDy-STLSQ,54.0,3.315257420602476,0.009689966233587727,True
baseline,transcritical,stationary,24,SINDy-STLSQ,70.0,0.14940030463785092,-0.005471742162708529,True
baseline,transcritical,stationary,24,SINDy-STLSQ,78.0,1.2334983480324615,0.0008417459617092032,True
baseline,transcritical,stationary,25,Bayesian SINDy (spike-slab),38.0,-0.2510811634976493,0.007871742600525422,True
baseline,transcritical,stationary,25,Bayesian SINDy (spike-slab),54.0,0.2655034305250825,-0.00014081213726933883,True
baseline,transcritical,stationary,25,Bayesian SINDy (spike-slab),70.0,-0.4495439245691193,0.0123713001073575,True
baseline,transcritical,stationary,25,Bayesian SINDy (spike-slab),78.0,-0.6692203497444336,0.011736933147606515,True
baseline,transcritical,stationary,25,Kalman OU,38.0,-0.03645260270300832,0.0018651269142528903,True
baseline,transcritical,stationary,25,Kalman OU,54.0,-0.36582740072050735,0.007658243704990082,True
baseline,transcritical,stationary,25,Kalman OU,70.0,-1.2064454925358787,0.015084896056965155,True
baseline,transcritical,stationary,25,Kalman OU,78.0,-1.0217247729141712,0.008356826724860607,True
baseline,transcritical,stationary,25,Latent Neural SDE (VI),38.0,-0.769740104675293,0.011194135064570454,True
baseline,transcritical,stationary,25,Latent Neural SDE (VI),54.0,1.5553507804870605,0.0024462823315940935,True
baseline,transcritical,stationary,25,Latent Neural SDE (VI),70.0,1.3040189743041992,0.02069257051872926,True
baseline,transcritical,stationary,25,Latent Neural SDE (VI),78.0,-0.3518819808959961,0.015744566003967536,True
baseline,transcritical,stationary,25,Moment OU,38.0,-2.056076334421694,0.03457673326363937,True
baseline,transcritical,stationary,25,Moment OU,54.0,0.5182172461628105,-0.009202198856873438,True
baseline,transcritical,stationary,25,Moment OU,70.0,-3.9791778307411256,0.061224730645176945,True
baseline,transcritical,stationary,25,Moment OU,78.0,-4.90777393731857,0.06640117612182793,True
baseline,transcritical,stationary,25,Neural SDE (Euler),38.0,-0.7088460922241211,0.011127359995069072,True
baseline,transcritical,stationary,25,Neural SDE (Euler),54.0,1.5411596298217773,0.003523168691129841,True
baseline,transcritical,stationary,25,Neural SDE (Euler),70.0,1.4464597702026367,0.023197833085718267,True
baseline,transcritical,stationary,25,Neural SDE (Euler),78.0,-0.20530939102172852,0.0178870117767954,True
baseline,transcritical,stationary,25,SINDy-STLSQ,38.0,0.2743742571020782,0.008203876066566598,True
baseline,transcritical,stationary,25,SINDy-STLSQ,54.0,1.9229431036518534,-0.0005888912811110175,True
baseline,transcritical,stationary,25,SINDy-STLSQ,70.0,1.6067492280919367,0.011623644790676582,True
baseline,transcritical,stationary,25,SINDy-STLSQ,78.0,0.6994435526455307,0.012540499741978114,True
baseline,transcritical,stationary,26,Bayesian SINDy (spike-slab),38.0,-0.8137164267171384,0.0018666339042285873,True
baseline,transcritical,stationary,26,Bayesian SINDy (spike-slab),54.0,-0.2607434575996397,0.001348730647868418,True
baseline,transcritical,stationary,26,Bayesian SINDy (spike-slab),70.0,0.10280254430839353,0.004890300138872303,True
baseline,transcritical,stationary,26,Bayesian SINDy (spike-slab),78.0,-0.7263818094195793,0.0019770483751111456,True
baseline,transcritical,stationary,26,Kalman OU,38.0,2.562513969137936,-0.04827499832443294,True
baseline,transcritical,stationary,26,Kalman OU,54.0,1.3389377777619618,-0.025933776219968598,True
baseline,transcritical,stationary,26,Kalman OU,70.0,1.5469155731634252,-0.018917977357109136,True
baseline,transcritical,stationary,26,Kalman OU,78.0,0.03980506145461815,-0.014273984077504472,True
baseline,transcritical,stationary,26,Latent Neural SDE (VI),38.0,0.3998551368713379,0.0034864585353926447,True
baseline,transcritical,stationary,26,Latent Neural SDE (VI),54.0,-1.17185640335083,-0.00031209144991953264,True
baseline,transcritical,stationary,26,Latent Neural SDE (VI),70.0,0.5981478691101074,0.0065111850004022365,True
baseline,transcritical,stationary,26,Latent Neural SDE (VI),78.0,-0.4307589530944824,0.0031361970761156904,True
baseline,transcritical,stationary,26,Moment OU,38.0,,,False
baseline,transcritical,stationary,26,Moment OU,54.0,,,False
baseline,transcritical,stationary,26,Moment OU,70.0,,,False
baseline,transcritical,stationary,26,Moment OU,78.0,,,False
baseline,transcritical,stationary,26,Neural SDE (Euler),38.0,0.3564133644104004,0.003139290042945886,True
baseline,transcritical,stationary,26,Neural SDE (Euler),54.0,-1.298266887664795,-0.0004896306490672353,True
baseline,transcritical,stationary,26,Neural SDE (Euler),70.0,0.423159122467041,0.007117745354183358,True
baseline,transcritical,stationary,26,Neural SDE (Euler),78.0,-0.5626239776611328,0.002256225893188829,True
baseline,transcritical,stationary,26,SINDy-STLSQ,38.0,-0.019198565654618527,0.0009567015265633944,True
baseline,transcritical,stationary,26,SINDy-STLSQ,54.0,-1.472586507329737,0.00018581267867641416,True
baseline,transcritical,stationary,26,SINDy-STLSQ,70.0,-0.21855621917683044,0.005696208364622757,True
baseline,transcritical,stationary,26,SINDy-STLSQ,78.0,-0.759253538725011,0.0018259094116592628,True
baseline,transcritical,stationary,27,Bayesian SINDy (spike-slab),38.0,-0.05718544927182201,2.8286604402127935e-05,True
baseline,transcritical,stationary,27,Bayesian SINDy (spike-slab),54.0,-1.093904666606209,-0.008062441095272072,True
baseline,transcritical,stationary,27,Bayesian SINDy (spike-slab),70.0,0.5727938314765342,0.002742804270190996,True
baseline,transcritical,stationary,27,Bayesian SINDy (spike-slab),78.0,0.6721311558080854,0.0033296734162520936,True
baseline,transcritical,stationary,27,Kalman OU,38.0,-2.31809923896878,0.03906750916827921,True
baseline,transcritical,stationary,27,Kalman OU,54.0,-0.39349718592435234,-0.002739939202468702,True
baseline,transcritical,stationary,27,Kalman OU,70.0,-0.07633947241604322,0.008185481123948776,True
baseline,transcritical,stationary,27,Kalman OU,78.0,-2.31809923896878,0.0657032261862596,True
baseline,transcritical,stationary,27,Latent Neural SDE (VI),38.0,-0.673062801361084,0.003448745534197703,True
baseline,transcritical,stationary,27,Latent Neural SDE (VI),54.0,-0.594123363494873,-0.005080319895358842,True
baseline,transcritical,stationary,27,Latent Neural SDE (VI),70.0,1.810119390487671,0.003156622356775579,True
baseline,transcritical,stationary,27,Latent Neural SDE (VI),78.0,0.6293292045593262,0.008082300621132452,True
baseline,transcritical,stationary,27,Moment OU,38.0,-0.1340444425626488,-0.0005581292317155956,True
baseline,transcritical,stationary,27,Moment OU,54.0,-2.9515786789135285,-0.0006202311934262045,True
baseline,transcritical,stationary,27,Moment OU,70.0,0.6383596954389917,-0.00595971607599732,True
baseline,transcritical,stationary,27,Moment OU,78.0,0.6047629192082344,-0.003601139983296392,True
baseline,transcritical,stationary,27,Neural SDE (Euler),38.0,-0.8315467834472656,0.0032665639285203996,True
baseline,transcritical,stationary,27,Neural SDE (Euler),54.0,-0.661555290222168,-0.00608214468054219,True
baseline,transcritical,stationary,27,Neural SDE (Euler),70.0,1.8217370510101318,0.0037068055688161267,True
baseline,transcritical,stationary,27,Neural SDE (Euler),78.0,0.6928248405456543,0.008467091013834374,True
baseline,transcritical,stationary,27,SINDy-STLSQ,38.0,-1.225752063118608,0.0008455524046268176,True
baseline,transcritical,stationary,27,SINDy-STLSQ,54.0,-1.8760051204439652,-0.007118778832676323,True
baseline,transcritical,stationary,27,SINDy-STLSQ,70.0,0.31726415197408553,0.0020356583463025796,True
baseline,transcritical,stationary,27,SINDy-STLSQ,78.0,-0.029976892736223615,0.0045581601930340665,True
baseline,transcritical,stationary,28,Bayesian SINDy (spike-slab),38.0,0.9447621144998197,0.01725521914653634,True
baseline,transcritical,stationary,28,Bayesian SINDy (spike-slab),54.0,-0.23376815622270986,0.004464396577382124,True
baseline,transcritical,stationary,28,Bayesian SINDy (spike-slab),70.0,1.0274499224714058,0.011888704069739561,True
baseline,transcritical,stationary,28,Bayesian SINDy (spike-slab),78.0,0.46772630054502073,0.016345028306341297,True
baseline,transcritical,stationary,28,Kalman OU,38.0,-0.7218906948649679,0.046755657611915115,True
baseline,transcritical,stationary,28,Kalman OU,54.0,0.7296822773305973,-0.014858108501464691,True
baseline,transcritical,stationary,28,Kalman OU,70.0,2.0198529387034028,-0.023856059878862204,True
baseline,transcritical,stationary,28,Kalman OU,78.0,-0.7218906948649679,0.030899634514497433,True
baseline,transcritical,stationary,28,Latent Neural SDE (VI),38.0,2.160844564437866,0.017723046959151723,True
baseline,transcritical,stationary,28,Latent Neural SDE (VI),54.0,0.5151357650756836,0.003937239401960696,True
baseline,transcritical,stationary,28,Latent Neural SDE (VI),70.0,2.7886781692504883,0.008076620449768451,True
baseline,transcritical,stationary,28,Latent Neural SDE (VI),78.0,0.689568042755127,0.016836773480353603,True
baseline,transcritical,stationary,28,Moment OU,38.0,,,False
baseline,transcritical,stationary,28,Moment OU,54.0,,,False
baseline,transcritical,stationary,28,Moment OU,70.0,,,False
baseline,transcritical,stationary,28,Moment OU,78.0,,,False
baseline,transcritical,stationary,28,Neural SDE (Euler),38.0,2.026712656021118,0.01829385501713035,True
baseline,transcritical,stationary,28,Neural SDE (Euler),54.0,0.5070466995239258,0.003924685043847159,True
baseline,transcritical,stationary,28,Neural SDE (Euler),70.0,2.6918158531188965,0.007761738434175755,True
baseline,transcritical,stationary,28,Neural SDE (Euler),78.0,0.7605609893798828,0.017295937538246,True
baseline,transcritical,stationary,28,SINDy-STLSQ,38.0,1.2687542736819828,0.018081978224496156,True
baseline,transcritical,stationary,28,SINDy-STLSQ,54.0,-0.9265832829848408,0.005084153879038281,True
baseline,transcritical,stationary,28,SINDy-STLSQ,70.0,1.890464751197265,0.009917262160675205,True
baseline,transcritical,stationary,28,SINDy-STLSQ,78.0,1.2775703956215398,0.01743517303789552,True
baseline,transcritical,stationary,29,Bayesian SINDy (spike-slab),38.0,-0.3298802155309546,0.007373636863840793,True
baseline,transcritical,stationary,29,Bayesian SINDy (spike-slab),54.0,-0.0209678485950624,0.0022121025959490753,True
baseline,transcritical,stationary,29,Bayesian SINDy (spike-slab),70.0,-1.1034614191169485,-0.010237895568764685,True
baseline,transcritical,stationary,29,Bayesian SINDy (spike-slab),78.0,-1.0151197530262426,-0.01269915157884581,True
baseline,transcritical,stationary,29,Kalman OU,38.0,1.2587000673046491,-0.02555632909065772,True
baseline,transcritical,stationary,29,Kalman OU,54.0,0.6304462405576101,-0.013913328539789716,True
baseline,transcritical,stationary,29,Kalman OU,70.0,-0.7829857121532635,-0.019630936789355666,True
baseline,transcritical,stationary,29,Kalman OU,78.0,-0.7829857121532635,-0.0184682745929778,True
baseline,transcritical,stationary,29,Latent Neural SDE (VI),38.0,-0.6723067760467529,-0.008917457760438383,True
baseline,transcritical,stationary,29,Latent Neural SDE (VI),54.0,0.5275137424468994,-0.0176010945923534,True
baseline,transcritical,stationary,29,Latent Neural SDE (VI),70.0,-0.6808185577392578,-0.02054197076301184,True
baseline,transcritical,stationary,29,Latent Neural SDE (VI),78.0,-2.3787150382995605,-0.02695262881479052,True
baseline,transcritical,stationary,29,Moment OU,38.0,,,False
baseline,transcritical,stationary,29,Moment OU,54.0,,,False
baseline,transcritical,stationary,29,Moment OU,70.0,,,False
baseline,transcritical,stationary,29,Moment OU,78.0,,,False
baseline,transcritical,stationary,29,Neural SDE (Euler),38.0,-0.6595652103424072,-0.009307619083170265,True
baseline,transcritical,stationary,29,Neural SDE (Euler),54.0,0.5431101322174072,-0.02550253588198416,True
baseline,transcritical,stationary,29,Neural SDE (Euler),70.0,-0.6743757724761963,-0.020974875898459908,True
baseline,transcritical,stationary,29,Neural SDE (Euler),78.0,-2.416398525238037,-0.027678630783182223,True
baseline,transcritical,stationary,29,SINDy-STLSQ,38.0,-0.6877373063153449,0.007281667347477289,True
baseline,transcritical,stationary,29,SINDy-STLSQ,54.0,0.8364655604143199,0.0010301677508416374,True
baseline,transcritical,stationary,29,SINDy-STLSQ,70.0,-0.40809089889592887,-0.010657633698777605,True
baseline,transcritical,stationary,29,SINDy-STLSQ,78.0,-1.9615710207528232,-0.014381897833351143,True
combined,bistable,noise_growth,20,Bayesian SINDy (spike-slab),38.0,0.5756325730945255,-0.008625401644333078,True
combined,bistable,noise_growth,20,Bayesian SINDy (spike-slab),54.0,-0.40096603733933645,-0.0035564560022531,True
combined,bistable,noise_growth,20,Bayesian SINDy (spike-slab),70.0,,,False
combined,bistable,noise_growth,20,Bayesian SINDy (spike-slab),78.0,0.5770844154034571,0.053802851108557495,True
combined,bistable,noise_growth,20,Kalman OU,38.0,0.0,0.08220635359500421,True
combined,bistable,noise_growth,20,Kalman OU,54.0,0.0,0.0,True
combined,bistable,noise_growth,20,Kalman OU,70.0,2.6426904236790856,0.07741519946258543,True
combined,bistable,noise_growth,20,Kalman OU,78.0,2.618168602276622,0.055159253235285366,True
combined,bistable,noise_growth,20,Latent Neural SDE (VI),38.0,1.7170382738113403,0.001573597012069404,True
combined,bistable,noise_growth,20,Latent Neural SDE (VI),54.0,0.8572998046875,0.027027581714877832,True
combined,bistable,noise_growth,20,Latent Neural SDE (VI),70.0,2.1829954981803894,0.09401462649217514,True
combined,bistable,noise_growth,20,Latent Neural SDE (VI),78.0,2.440765857696533,0.07181552621270144,True
combined,bistable,noise_growth,20,Moment OU,38.0,,,False
combined,bistable,noise_growth,20,Moment OU,54.0,,,False
combined,bistable,noise_growth,20,Moment OU,70.0,,,False
combined,bistable,noise_growth,20,Moment OU,78.0,,,False
combined,bistable,noise_growth,20,Neural SDE (Euler),38.0,1.288170576095581,-0.03784543637604165,True
combined,bistable,noise_growth,20,Neural SDE (Euler),54.0,0.7698343992233276,-0.022924487871770205,True
combined,bistable,noise_growth,20,Neural SDE (Euler),70.0,,,False
combined,bistable,noise_growth,20,Neural SDE (Euler),78.0,1.57673978805542,0.018978998331316388,True
combined,bistable,noise_growth,20,SINDy-STLSQ,38.0,1.1167452944158605,-0.011130290139619359,True
combined,bistable,noise_growth,20,SINDy-STLSQ,54.0,0.10365774447085085,-0.0035266562992055384,True
combined,bistable,noise_growth,20,SINDy-STLSQ,70.0,,,False
combined,bistable,noise_growth,20,SINDy-STLSQ,78.0,1.4984729199719005,0.05166934689020862,True
combined,bistable,noise_growth,21,Bayesian SINDy (spike-slab),38.0,,,False
combined,bistable,noise_growth,21,Bayesian SINDy (spike-slab),54.0,,,False
combined,bistable,noise_growth,21,Bayesian SINDy (spike-slab),70.0,,,False
combined,bistable,noise_growth,21,Bayesian SINDy (spike-slab),78.0,,,False
combined,bistable,noise_growth,21,Kalman OU,38.0,0.0,0.0,True
combined,bistable,noise_growth,21,Kalman OU,54.0,1.6021399041532596,0.16155394281878996,True
combined,bistable,noise_growth,21,Kalman OU,70.0,0.0,0.0,True
combined,bistable,noise_growth,21,Kalman OU,78.0,1.7538029474608283,0.12929332572334676,True
combined,bistable,noise_growth,21,Latent Neural SDE (VI),38.0,1.1235191822052002,-0.0008829186953483448,True
combined,bistable,noise_growth,21,Latent Neural SDE (VI),54.0,1.4438424110412598,0.046280392340184835,True
combined,bistable,noise_growth,21,Latent Neural SDE (VI),70.0,1.4513599872589111,0.06711149966851665,True
combined,bistable,noise_growth,21,Latent Neural SDE (VI),78.0,1.6847604513168335,0.02116251472752883,True
combined,bistable,noise_growth,21,Moment OU,38.0,,,False
combined,bistable,noise_growth,21,Moment OU,54.0,,,False
combined,bistable,noise_growth,21,Moment OU,70.0,,,False
combined,bistable,noise_growth,21,Moment OU,78.0,,,False
combined,bistable,noise_growth,21,Neural SDE (Euler),38.0,,,False
combined,bistable,noise_growth,21,Neural SDE (Euler),54.0,,,False
combined,bistable,noise_growth,21,Neural SDE (Euler),70.0,,,False
combined,bistable,noise_growth,21,Neural SDE (Euler),78.0,,,False
combined,bistable,noise_growth,21,SINDy-STLSQ,38.0,,,False
combined,bistable,noise_growth,21,SINDy-STLSQ,54.0,,,False
combined,bistable,noise_growth,21,SINDy-STLSQ,70.0,,,False
combined,bistable,noise_growth,21,SINDy-STLSQ,78.0,,,False
combined,bistable,noise_growth,22,Bayesian SINDy (spike-slab),38.0,,,False
combined,bistable,noise_growth,22,Bayesian SINDy (spike-slab),54.0,,,False
combined,bistable,noise_growth,22,Bayesian SINDy (spike-slab),70.0,,,False
combined,bistable,noise_growth,22,Bayesian SINDy (spike-slab),78.0,,,False
combined,bistable,noise_growth,22,Kalman OU,38.0,0.0,-0.1450908272723955,True
combined,bistable,noise_growth,22,Kalman OU,54.0,0.0,-0.1450908272723955,True
combined,bistable,noise_growth,22,Kalman OU,70.0,0.0,-0.1450908272723955,True
combined,bistable,noise_growth,22,Kalman OU,78.0,0.0,-0.1450908272723955,True
combined,bistable,noise_growth,22,Latent Neural SDE (VI),38.0,-1.4875253438949585,-0.026599725629145476,True
combined,bistable,noise_growth,22,Latent Neural SDE (VI),54.0,-1.2548223733901978,-0.006781310623529824,True
combined,bistable,noise_growth,22,Latent Neural SDE (VI),70.0,-0.10239839553833008,-0.021267986084980733,True
combined,bistable,noise_growth,22,Latent Neural SDE (VI),78.0,-0.7995045185089111,-0.04568427928387917,True
combined,bistable,noise_growth,22,Moment OU,38.0,,,False
combined,bistable,noise_growth,22,Moment OU,54.0,,,False
combined,bistable,noise_growth,22,Moment OU,70.0,,,False
combined,bistable,noise_growth,22,Moment OU,78.0,,,False
combined,bistable,noise_growth,22,Neural SDE (Euler),38.0,,,False
combined,bistable,noise_growth,22,Neural SDE (Euler),54.0,,,False
combined,bistable,noise_growth,22,Neural SDE (Euler),70.0,,,False
combined,bistable,noise_growth,22,Neural SDE (Euler),78.0,,,False
combined,bistable,noise_growth,22,SINDy-STLSQ,38.0,,,False
combined,bistable,noise_growth,22,SINDy-STLSQ,54.0,,,False
combined,bistable,noise_growth,22,SINDy-STLSQ,70.0,,,False
combined,bistable,noise_growth,22,SINDy-STLSQ,78.0,,,False
combined,bistable,noise_growth,23,Bayesian SINDy (spike-slab),38.0,-0.37016585324137363,-0.04732062029556097,True
combined,bistable,noise_growth,23,Bayesian SINDy (spike-slab),54.0,,,False
combined,bistable,noise_growth,23,Bayesian SINDy (spike-slab),70.0,0.8811053722473496,-0.020003759885621336,True
combined,bistable,noise_growth,23,Bayesian SINDy (spike-slab),78.0,0.5591348182969609,-0.032074726868748196,True
combined,bistable,noise_growth,23,Kalman OU,38.0,0.0,0.0,True
combined,bistable,noise_growth,23,Kalman OU,54.0,0.0,0.0,True
combined,bistable,noise_growth,23,Kalman OU,70.0,2.591317316503455,0.06106644789391337,True
combined,bistable,noise_growth,23,Kalman OU,78.0,1.6533885175774132,0.13913357851179894,True
combined,bistable,noise_growth,23,Latent Neural SDE (VI),38.0,-1.2102932929992676,-0.05893184087003826,True
combined,bistable,noise_growth,23,Latent Neural SDE (VI),54.0,0.044779181480407715,-0.08685479063736336,True
combined,bistable,noise_growth,23,Latent Neural SDE (VI),70.0,1.0073557496070862,-0.05872463367145639,True
combined,bistable,noise_growth,23,Latent Neural SDE (VI),78.0,0.6924676299095154,-0.061213081275762235,True
combined,bistable,noise_growth,23,Moment OU,38.0,,,False
combined,bistable,noise_growth,23,Moment OU,54.0,,,False
combined,bistable,noise_growth,23,Moment OU,70.0,,,False
combined,bistable,noise_growth,23,Moment OU,78.0,,,False
combined,bistable,noise_growth,23,Neural SDE (Euler),38.0,-1.9022831916809082,-0.08122767414635931,True
combined,bistable,noise_growth,23,Neural SDE (Euler),54.0,,,False
combined,bistable,noise_growth,23,Neural SDE (Euler),70.0,0.16690552234649658,-0.06521573212345659,True
combined,bistable,noise_growth,23,Neural SDE (Euler),78.0,-1.184218406677246,-0.12412307007658113,True
combined,bistable,noise_growth,23,SINDy-STLSQ,38.0,-0.7211524060304819,-0.03356092712157967,True
combined,bistable,noise_growth,23,SINDy-STLSQ,54.0,,,False
combined,bistable,noise_growth,23,SINDy-STLSQ,70.0,-0.5889937602658823,-0.017354932841360277,True
combined,bistable,noise_growth,23,SINDy-STLSQ,78.0,-0.2826530514996062,-0.026769667522590995,True
combined,bistable,noise_growth,24,Bayesian SINDy (spike-slab),38.0,,,False
combined,bistable,noise_growth,24,Bayesian SINDy (spike-slab),54.0,,,False
combined,bistable,noise_growth,24,Bayesian SINDy (spike-slab),70.0,2.212589096884758,0.021855642609954484,True
combined,bistable,noise_growth,24,Bayesian SINDy (spike-slab),78.0,1.3695039713436148,0.02171444075563754,True
combined,bistable,noise_growth,24,Kalman OU,38.0,0.0,0.0,True
combined,bistable,noise_growth,24,Kalman OU,54.0,1.3005334813482927,0.1533682804125227,True
combined,bistable,noise_growth,24,Kalman OU,70.0,1.7882438979898785,0.12230436918681775,True
combined,bistable,noise_growth,24,Kalman OU,78.0,0.0,0.0,True
combined,bistable,noise_growth,24,Latent Neural SDE (VI),38.0,0.6503183245658875,-0.015718545514441733,True
combined,bistable,noise_growth,24,Latent Neural SDE (VI),54.0,0.42256033420562744,0.04437706347509188,True
combined,bistable,noise_growth,24,Latent Neural SDE (VI),70.0,0.6455917656421661,0.033490568796711986,True
combined,bistable,noise_growth,24,Latent Neural SDE (VI),78.0,-0.006613254547119141,0.012723872795919272,True
combined,bistable,noise_growth,24,Moment OU,38.0,,,False
combined,bistable,noise_growth,24,Moment OU,54.0,,,False
combined,bistable,noise_growth,24,Moment OU,70.0,,,False
combined,bistable,noise_growth,24,Moment OU,78.0,,,False
combined,bistable,noise_growth,24,Neural SDE (Euler),38.0,,,False
combined,bistable,noise_growth,24,Neural SDE (Euler),54.0,,,False
combined,bistable,noise_growth,24,Neural SDE (Euler),70.0,1.0177160501480103,0.0925995836210671,True
combined,bistable,noise_growth,24,Neural SDE (Euler),78.0,1.1751627922058105,0.023588764610740595,True
combined,bistable,noise_growth,24,SINDy-STLSQ,38.0,,,False
combined,bistable,noise_growth,24,SINDy-STLSQ,54.0,,,False
combined,bistable,noise_growth,24,SINDy-STLSQ,70.0,1.5963241871878333,0.01987317464491717,True
combined,bistable,noise_growth,24,SINDy-STLSQ,78.0,0.9967626864600059,0.0156506426257758,True
combined,bistable,noise_growth,25,Bayesian SINDy (spike-slab),38.0,0.10123513217258129,0.007736532008041079,True
combined,bistable,noise_growth,25,Bayesian SINDy (spike-slab),54.0,1.7874220152076048,0.03745952481958003,True
combined,bistable,noise_growth,25,Bayesian SINDy (spike-slab),70.0,0.09173765643453358,-0.016854762602802657,True
combined,bistable,noise_growth,25,Bayesian SINDy (spike-slab),78.0,0.6057474620312802,0.0036382454108105436,True
combined,bistable,noise_growth,25,Kalman OU,38.0,0.0,0.0,True
combined,bistable,noise_growth,25,Kalman OU,54.0,1.6189435411894078,0.13482094472603806,True
combined,bistable,noise_growth,25,Kalman OU,70.0,0.0,0.0,True
combined,bistable,noise_growth,25,Kalman OU,78.0,2.105314751994756,0.08764884904408429,True
combined,bistable,noise_growth,25,Latent Neural SDE (VI),38.0,0.2993295192718506,0.011714574953544159,True
combined,bistable,noise_growth,25,Latent Neural SDE (VI),54.0,1.5185567736625671,0.04102282740147941,True
combined,bistable,noise_growth,25,Latent Neural SDE (VI),70.0,1.5981297492980957,0.009463800624557393,True
combined,bistable,noise_growth,25,Latent Neural SDE (VI),78.0,1.4714523553848267,0.045708341356912825,True
combined,bistable,noise_growth,25,Moment OU,38.0,,,False
combined,bistable,noise_growth,25,Moment OU,54.0,,,False
combined,bistable,noise_growth,25,Moment OU,70.0,,,False
combined,bistable,noise_growth,25,Moment OU,78.0,,,False
combined,bistable,noise_growth,25,Neural SDE (Euler),38.0,-1.0446999073028564,0.026912568257540348,True
combined,bistable,noise_growth,25,Neural SDE (Euler),54.0,1.2036947011947632,0.06106900783337886,True
combined,bistable,noise_growth,25,Neural SDE (Euler),70.0,1.5876961946487427,0.03385115869078503,True
combined,bistable,noise_growth,25,Neural SDE (Euler),78.0,-0.22192859649658203,0.02470733599474076,True
combined,bistable,noise_growth,25,SINDy-STLSQ,38.0,0.5351233413872636,0.006919747588190646,True
combined,bistable,noise_growth,25,SINDy-STLSQ,54.0,1.3746729872531145,0.02787244506174031,True
combined,bistable,noise_growth,25,SINDy-STLSQ,70.0,0.16634551923788665,-0.018087475397068134,True
combined,bistable,noise_growth,25,SINDy-STLSQ,78.0,0.5378172273068744,-0.0011842551074970828,True
combined,bistable,noise_growth,26,Bayesian SINDy (spike-slab),38.0,0.674171516578125,0.03392538906945644,True
combined,bistable,noise_growth,26,Bayesian SINDy (spike-slab),54.0,0.17759803400091645,0.003632090626161655,True
combined,bistable,noise_growth,26,Bayesian SINDy (spike-slab),70.0,0.1268775419801238,-0.00881571311838441,True
combined,bistable,noise_growth,26,Bayesian SINDy (spike-slab),78.0,,,False
combined,bistable,noise_growth,26,Kalman OU,38.0,0.0,0.18037070836969765,True
combined,bistable,noise_growth,26,Kalman OU,54.0,0.0,0.0,True
combined,bistable,noise_growth,26,Kalman OU,70.0,0.0,0.0,True
combined,bistable,noise_growth,26,Kalman OU,78.0,0.0,0.0,True
combined,bistable,noise_growth,26,Latent Neural SDE (VI),38.0,0.8423179388046265,0.08218142752330314,True
combined,bistable,noise_growth,26,Latent Neural SDE (VI),54.0,0.4127464294433594,-0.008312404008034957,True
combined,bistable,noise_growth,26,Latent Neural SDE (VI),70.0,0.07191574573516846,0.007145231166157326,True
combined,bistable,noise_growth,26,Latent Neural SDE (VI),78.0,0.5998456478118896,0.009820450101191217,True
combined,bistable,noise_growth,26,Moment OU,38.0,,,False
combined,bistable,noise_growth,26,Moment OU,54.0,,,False
combined,bistable,noise_growth,26,Moment OU,70.0,,,False
combined,bistable,noise_growth,26,Moment OU,78.0,,,False
combined,bistable,noise_growth,26,Neural SDE (Euler),38.0,1.2747480869293213,0.12003630122676767,True
combined,bistable,noise_growth,26,Neural SDE (Euler),54.0,0.5841145515441895,0.014659851286100534,True
combined,bistable,noise_growth,26,Neural SDE (Euler),70.0,0.5579915046691895,0.051547532526204136,True
combined,bistable,noise_growth,26,Neural SDE (Euler),78.0,,,False
combined,bistable,noise_growth,26,SINDy-STLSQ,38.0,0.9568248882848605,0.02966118883901349,True
combined,bistable,noise_growth,26,SINDy-STLSQ,54.0,-0.773836362391136,-0.006132811068627349,True
combined,bistable,noise_growth,26,SINDy-STLSQ,70.0,0.5143492839220858,-0.009904513659297065,True
combined,bistable,noise_growth,26,SINDy-STLSQ,78.0,,,False
combined,bistable,noise_growth,27,Bayesian SINDy (spike-slab),38.0,,,False
combined,bistable,noise_growth,27,Bayesian SINDy (spike-slab),54.0,,,False
combined,bistable,noise_growth,27,Bayesian SINDy (spike-slab),70.0,,,False
combined,bistable,noise_growth,27,Bayesian SINDy (spike-slab),78.0,,,False
combined,bistable,noise_growth,27,Kalman OU,38.0,-1.8521058148823366,-0.12040336236328399,True
combined,bistable,noise_growth,27,Kalman OU,54.0,-0.20186936072717887,-0.11179214360137532,True
combined,bistable,noise_growth,27,Kalman OU,70.0,-1.3132732518056232,-0.0008078456638714593,True
combined,bistable,noise_growth,27,Kalman OU,78.0,-0.24210466565331412,-0.0539180497827801,True
combined,bistable,noise_growth,27,Latent Neural SDE (VI),38.0,0.2254014015197754,-0.02100713001294255,True
combined,bistable,noise_growth,27,Latent Neural SDE (VI),54.0,-0.5234570503234863,-0.06093170536154239,True
combined,bistable,noise_growth,27,Latent Neural SDE (VI),70.0,-0.2485259771347046,-0.018732363333014007,True
combined,bistable,noise_growth,27,Latent Neural SDE (VI),78.0,-0.020342111587524414,-0.025289555906486322,True
combined,bistable,noise_growth,27,Moment OU,38.0,,,False
combined,bistable,noise_growth,27,Moment OU,54.0,,,False
combined,bistable,noise_growth,27,Moment OU,70.0,,,False
combined,bistable,noise_growth,27,Moment OU,78.0,,,False
combined,bistable,noise_growth,27,Neural SDE (Euler),38.0,,,False
combined,bistable,noise_growth,27,Neural SDE (Euler),54.0,,,False
combined,bistable,noise_growth,27,Neural SDE (Euler),70.0,,,False
combined,bistable,noise_growth,27,Neural SDE (Euler),78.0,,,False
combined,bistable,noise_growth,27,SINDy-STLSQ,38.0,,,False
combined,bistable,noise_growth,27,SINDy-STLSQ,54.0,,,False
combined,bistable,noise_growth,27,SINDy-STLSQ,70.0,,,False
combined,bistable,noise_growth,27,SINDy-STLSQ,78.0,,,False
combined,bistable,noise_growth,28,Bayesian SINDy (spike-slab),38.0,,,False
combined,bistable,noise_growth,28,Bayesian SINDy (spike-slab),54.0,,,False
combined,bistable,noise_growth,28,Bayesian SINDy (spike-slab),70.0,1.1295977123920504,0.0028434326292849504,True
combined,bistable,noise_growth,28,Bayesian SINDy (spike-slab),78.0,,,False
combined,bistable,noise_growth,28,Kalman OU,38.0,0.0,0.0,True
combined,bistable,noise_growth,28,Kalman OU,54.0,0.0,0.0,True
combined,bistable,noise_growth,28,Kalman OU,70.0,2.5612989498345335,0.04368452367422093,True
combined,bistable,noise_growth,28,Kalman OU,78.0,0.0,0.0,True
combined,bistable,noise_growth,28,Latent Neural SDE (VI),38.0,0.9870002269744873,0.003094044876075175,True
combined,bistable,noise_growth,28,Latent Neural SDE (VI),54.0,-0.11721062660217285,-0.05427179850089266,True
combined,bistable,noise_growth,28,Latent Neural SDE (VI),70.0,1.1083258986473083,-0.01522616294297044,True
combined,bistable,noise_growth,28,Latent Neural SDE (VI),78.0,0.7513854503631592,-0.02475743208664731,True
combined,bistable,noise_growth,28,Moment OU,38.0,,,False
combined,bistable,noise_growth,28,Moment OU,54.0,,,False
combined,bistable,noise_growth,28,Moment OU,70.0,,,False
combined,bistable,noise_growth,28,Moment OU,78.0,,,False
combined,bistable,noise_growth,28,Neural SDE (Euler),38.0,,,False
combined,bistable,noise_growth,28,Neural SDE (Euler),54.0,,,False
combined,bistable,noise_growth,28,Neural SDE (Euler),70.0,1.1500186920166016,0.006633822541003392,True
combined,bistable,noise_growth,28,Neural SDE (Euler),78.0,,,False
combined,bistable,noise_growth,28,SINDy-STLSQ,38.0,,,False
combined,bistable,noise_growth,28,SINDy-STLSQ,54.0,,,False
combined,bistable,noise_growth,28,SINDy-STLSQ,70.0,0.06141000841810218,-0.010606824655393116,True
combined,bistable,noise_growth,28,SINDy-STLSQ,78.0,,,False
combined,bistable,noise_growth,29,Bayesian SINDy (spike-slab),38.0,0.9041917481044244,0.025448598453218438,True
combined,bistable,noise_growth,29,Bayesian SINDy (spike-slab),54.0,,,False
combined,bistable,noise_growth,29,Bayesian SINDy (spike-slab),70.0,0.9248280657880814,-0.013609471492671998,True
combined,bistable,noise_growth,29,Bayesian SINDy (spike-slab),78.0,1.9115369321514317,0.040729356775159806,True
combined,bistable,noise_growth,29,Kalman OU,38.0,0.0,0.0,True
combined,bistable,noise_growth,29,Kalman OU,54.0,0.0,0.0,True
combined,bistable,noise_growth,29,Kalman OU,70.0,0.8575043795167727,0.14639385899768925,True
combined,bistable,noise_growth,29,Kalman OU,78.0,2.6746129860896994,0.05186009388400627,True
combined,bistable,noise_growth,29,Latent Neural SDE (VI),38.0,0.6523150205612183,0.04231228068424951,True
combined,bistable,noise_growth,29,Latent Neural SDE (VI),54.0,1.227510929107666,0.07472119004995535,True
combined,bistable,noise_growth,29,Latent Neural SDE (VI),70.0,1.3240911960601807,0.030929871478499682,True
combined,bistable,noise_growth,29,Latent Neural SDE (VI),78.0,2.0307373702526093,0.10317304932659574,True
combined,bistable,noise_growth,29,Moment OU,38.0,,,False
combined,bistable,noise_growth,29,Moment OU,54.0,,,False
combined,bistable,noise_growth,29,Moment OU,70.0,,,False
combined,bistable,noise_growth,29,Moment OU,78.0,,,False
combined,bistable,noise_growth,29,Neural SDE (Euler),38.0,0.5884242057800293,0.04525210881222111,True
combined,bistable,noise_growth,29,Neural SDE (Euler),54.0,,,False
combined,bistable,noise_growth,29,Neural SDE (Euler),70.0,0.6866422891616821,-0.014106369653418306,True
combined,bistable,noise_growth,29,Neural SDE (Euler),78.0,1.5441594123840332,0.04052393903906766,True
combined,bistable,noise_growth,29,SINDy-STLSQ,38.0,0.3111220792224647,0.0160774725499946,True
combined,bistable,noise_growth,29,SINDy-STLSQ,54.0,,,False
combined,bistable,noise_growth,29,SINDy-STLSQ,70.0,0.3020440262110826,-0.025197317662895825,True
combined,bistable,noise_growth,29,SINDy-STLSQ,78.0,0.6972362613156382,0.03231180263195446,True
combined,bistable,stability_loss,20,Bayesian SINDy (spike-slab),38.0,,,False
combined,bistable,stability_loss,20,Bayesian SINDy (spike-slab),54.0,,,False
combined,bistable,stability_loss,20,Bayesian SINDy (spike-slab),70.0,,,False
combined,bistable,stability_loss,20,Bayesian SINDy (spike-slab),78.0,,,False
combined,bistable,stability_loss,20,Kalman OU,38.0,1.821443734901199,0.11535248188161104,True
combined,bistable,stability_loss,20,Kalman OU,54.0,1.167934371906837,0.13714583055777352,True
combined,bistable,stability_loss,20,Kalman OU,70.0,2.440965768664685,0.013927175065035307,True
combined,bistable,stability_loss,20,Kalman OU,78.0,1.8219496579914012,0.020792699516068845,True
combined,bistable,stability_loss,20,Latent Neural SDE (VI),38.0,0.5359798073768616,-0.0036106651905809806,True
combined,bistable,stability_loss,20,Latent Neural SDE (VI),54.0,0.703911304473877,0.014570538436724692,True
combined,bistable,stability_loss,20,Latent Neural SDE (VI),70.0,0.17852020263671875,-0.013803662814663054,True
combined,bistable,stability_loss,20,Latent Neural SDE (VI),78.0,-1.7216092348098755,-0.024190081379036353,True
combined,bistable,stability_loss,20,Moment OU,38.0,,,False
combined,bistable,stability_loss,20,Moment OU,54.0,,,False
combined,bistable,stability_loss,20,Moment OU,70.0,,,False
combined,bistable,stability_loss,20,Moment OU,78.0,,,False
combined,bistable,stability_loss,20,Neural SDE (Euler),38.0,,,False
combined,bistable,stability_loss,20,Neural SDE (Euler),54.0,,,False
combined,bistable,stability_loss,20,Neural SDE (Euler),70.0,,,False
combined,bistable,stability_loss,20,Neural SDE (Euler),78.0,,,False
combined,bistable,stability_loss,20,SINDy-STLSQ,38.0,,,False
combined,bistable,stability_loss,20,SINDy-STLSQ,54.0,,,False
combined,bistable,stability_loss,20,SINDy-STLSQ,70.0,,,False
combined,bistable,stability_loss,20,SINDy-STLSQ,78.0,,,False
combined,bistable,stability_loss,21,Bayesian SINDy (spike-slab),38.0,1.1919107316743078,0.011532089639796558,True
combined,bistable,stability_loss,21,Bayesian SINDy (spike-slab),54.0,0.2211339417975169,0.008148690164605607,True
combined,bistable,stability_loss,21,Bayesian SINDy (spike-slab),70.0,0.5712215381763943,-0.01819002748791565,True
combined,bistable,stability_loss,21,Bayesian SINDy (spike-slab),78.0,,,False
combined,bistable,stability_loss,21,Kalman OU,38.0,0.5210803718328889,0.1632489065032841,True
combined,bistable,stability_loss,21,Kalman OU,54.0,0.0,0.0,True
combined,bistable,stability_loss,21,Kalman OU,70.0,2.090031414030775,0.0770361728692929,True
combined,bistable,stability_loss,21,Kalman OU,78.0,2.8222128343776594,0.18699305462822657,True
combined,bistable,stability_loss,21,Latent Neural SDE (VI),38.0,2.514397442340851,0.011965449068230966,True
combined,bistable,stability_loss,21,Latent Neural SDE (VI),54.0,1.4807450771331787,0.0346682199037575,True
combined,bistable,stability_loss,21,Latent Neural SDE (VI),70.0,2.4983245134353638,-0.00022518521447932593,True
combined,bistable,stability_loss,21,Latent Neural SDE (VI),78.0,3.1022631525993347,0.0704490827525449,True
combined,bistable,stability_loss,21,Moment OU,38.0,,,False
combined,bistable,stability_loss,21,Moment OU,54.0,,,False
combined,bistable,stability_loss,21,Moment OU,70.0,,,False
combined,bistable,stability_loss,21,Moment OU,78.0,,,False
combined,bistable,stability_loss,21,Neural SDE (Euler),38.0,2.8160629272460938,0.036694411881112214,True
combined,bistable,stability_loss,21,Neural SDE (Euler),54.0,1.6105601787567139,0.03643300216684029,True
combined,bistable,stability_loss,21,Neural SDE (Euler),70.0,2.698297679424286,0.0004903342134756558,True
combined,bistable,stability_loss,21,Neural SDE (Euler),78.0,,,False
combined,bistable,stability_loss,21,SINDy-STLSQ,38.0,1.0351660994846532,-0.005897214456108288,True
combined,bistable,stability_loss,21,SINDy-STLSQ,54.0,0.5520399913891618,0.005575874185449858,True
combined,bistable,stability_loss,21,SINDy-STLSQ,70.0,2.11407832968103,-0.024446185955262018,True
combined,bistable,stability_loss,21,SINDy-STLSQ,78.0,,,False
combined,bistable,stability_loss,22,Bayesian SINDy (spike-slab),38.0,0.015294482204602833,-0.0064523875764316285,True
combined,bistable,stability_loss,22,Bayesian SINDy (spike-slab),54.0,-1.0385075459496138,-0.009137129914633266,True
combined,bistable,stability_loss,22,Bayesian SINDy (spike-slab),70.0,-0.5369190206304733,0.0029278629613963825,True
combined,bistable,stability_loss,22,Bayesian SINDy (spike-slab),78.0,-0.680761065688136,-0.0026851240466007897,True
combined,bistable,stability_loss,22,Kalman OU,38.0,0.1710862788276457,0.1660326396772339,True
combined,bistable,stability_loss,22,Kalman OU,54.0,0.0,0.0,True
combined,bistable,stability_loss,22,Kalman OU,70.0,0.0,0.0,True
combined,bistable,stability_loss,22,Kalman OU,78.0,0.0,0.0,True
combined,bistable,stability_loss,22,Latent Neural SDE (VI),38.0,-1.533377766609192,-0.0006877748142880488,True
combined,bistable,stability_loss,22,Latent Neural SDE (VI),54.0,-1.1740931272506714,0.019877363103086222,True
combined,bistable,stability_loss,22,Latent Neural SDE (VI),70.0,-1.226049780845642,0.004898020825821449,True
combined,bistable,stability_loss,22,Latent Neural SDE (VI),78.0,-1.5381420850753784,0.005434244820928698,True
combined,bistable,stability_loss,22,Moment OU,38.0,,,False
combined,bistable,stability_loss,22,Moment OU,54.0,,,False
combined,bistable,stability_loss,22,Moment OU,70.0,,,False
combined,bistable,stability_loss,22,Moment OU,78.0,,,False
combined,bistable,stability_loss,22,Neural SDE (Euler),38.0,-1.6574440002441406,-0.004022316715820012,True
combined,bistable,stability_loss,22,Neural SDE (Euler),54.0,-0.662238597869873,0.010998099470636513,True
combined,bistable,stability_loss,22,Neural SDE (Euler),70.0,-1.3886678218841553,-0.0009493793145582963,True
combined,bistable,stability_loss,22,Neural SDE (Euler),78.0,-2.3603909015655518,-0.01040702875930806,True
combined,bistable,stability_loss,22,SINDy-STLSQ,38.0,0.49675877863374085,-0.01946189925057412,True
combined,bistable,stability_loss,22,SINDy-STLSQ,54.0,0.9862226874373188,0.00768313237455312,True
combined,bistable,stability_loss,22,SINDy-STLSQ,70.0,-0.3409686538610477,0.0011664424642410937,True
combined,bistable,stability_loss,22,SINDy-STLSQ,78.0,-0.40561663806320825,-0.015148640584034478,True
combined,bistable,stability_loss,23,Bayesian SINDy (spike-slab),38.0,,,False
combined,bistable,stability_loss,23,Bayesian SINDy (spike-slab),54.0,,,False
combined,bistable,stability_loss,23,Bayesian SINDy (spike-slab),70.0,,,False
combined,bistable,stability_loss,23,Bayesian SINDy (spike-slab),78.0,,,False
combined,bistable,stability_loss,23,Kalman OU,38.0,0.15539364653275534,0.004804488333644018,True
combined,bistable,stability_loss,23,Kalman OU,54.0,-2.495934965231003,-0.037675051909344365,True
combined,bistable,stability_loss,23,Kalman OU,70.0,-2.495934965231003,-0.037675051909344365,True
combined,bistable,stability_loss,23,Kalman OU,78.0,-0.7867142280014204,0.03220717245130447,True
combined,bistable,stability_loss,23,Latent Neural SDE (VI),38.0,-0.1527782678604126,-0.012160658991023705,True
combined,bistable,stability_loss,23,Latent Neural SDE (VI),54.0,0.0968862771987915,0.00854687776209126,True
combined,bistable,stability_loss,23,Latent Neural SDE (VI),70.0,0.13005006313323975,0.003712442028884988,True
combined,bistable,stability_loss,23,Latent Neural SDE (VI),78.0,0.30810868740081787,-0.04759020541623634,True
combined,bistable,stability_loss,23,Moment OU,38.0,,,False
combined,bistable,stability_loss,23,Moment OU,54.0,,,False
combined,bistable,stability_loss,23,Moment OU,70.0,,,False
combined,bistable,stability_loss,23,Moment OU,78.0,,,False
combined,bistable,stability_loss,23,Neural SDE (Euler),38.0,,,False
combined,bistable,stability_loss,23,Neural SDE (Euler),54.0,,,False
combined,bistable,stability_loss,23,Neural SDE (Euler),70.0,,,False
combined,bistable,stability_loss,23,Neural SDE (Euler),78.0,,,False
combined,bistable,stability_loss,23,SINDy-STLSQ,38.0,,,False
combined,bistable,stability_loss,23,SINDy-STLSQ,54.0,,,False
combined,bistable,stability_loss,23,SINDy-STLSQ,70.0,,,False
combined,bistable,stability_loss,23,SINDy-STLSQ,78.0,,,False
combined,bistable,stability_loss,24,Bayesian SINDy (spike-slab),38.0,,,False
combined,bistable,stability_loss,24,Bayesian SINDy (spike-slab),54.0,-0.3959153203977305,0.007958952790044618,True
combined,bistable,stability_loss,24,Bayesian SINDy (spike-slab),70.0,,,False
combined,bistable,stability_loss,24,Bayesian SINDy (spike-slab),78.0,-0.11614316597764907,0.15652628687743017,True
combined,bistable,stability_loss,24,Kalman OU,38.0,-0.413774001203392,0.028357750463032037,True
combined,bistable,stability_loss,24,Kalman OU,54.0,0.12962619193926986,-0.0030094609866056776,True
combined,bistable,stability_loss,24,Kalman OU,70.0,-0.5577814828215932,0.1297941443135256,True
combined,bistable,stability_loss,24,Kalman OU,78.0,0.29656009727992705,0.23685701210270563,True
combined,bistable,stability_loss,24,Latent Neural SDE (VI),38.0,0.3216246962547302,-0.02669870128005044,True
combined,bistable,stability_loss,24,Latent Neural SDE (VI),54.0,-0.026913464069366455,0.006991370242167075,True
combined,bistable,stability_loss,24,Latent Neural SDE (VI),70.0,0.40619128942489624,0.007146620243937779,True
combined,bistable,stability_loss,24,Latent Neural SDE (VI),78.0,0.4560985565185547,0.2972920815622314,True
combined,bistable,stability_loss,24,Moment OU,38.0,,,False
combined,bistable,stability_loss,24,Moment OU,54.0,,,False
combined,bistable,stability_loss,24,Moment OU,70.0,,,False
combined,bistable,stability_loss,24,Moment OU,78.0,,,False
combined,bistable,stability_loss,24,Neural SDE (Euler),38.0,,,False
combined,bistable,stability_loss,24,Neural SDE (Euler),54.0,-0.7560398578643799,0.022475815636670664,True
combined,bistable,stability_loss,24,Neural SDE (Euler),70.0,,,False
combined,bistable,stability_loss,24,Neural SDE (Euler),78.0,0.05769932270050049,0.10000397118141272,True
combined,bistable,stability_loss,24,SINDy-STLSQ,38.0,,,False
combined,bistable,stability_loss,24,SINDy-STLSQ,54.0,-1.6162717360680692,-4.979041757335878e-06,True
combined,bistable,stability_loss,24,SINDy-STLSQ,70.0,,,False
combined,bistable,stability_loss,24,SINDy-STLSQ,78.0,-1.550078549308244,0.08087759581736081,True
combined,bistable,stability_loss,25,Bayesian SINDy (spike-slab),38.0,,,False
combined,bistable,stability_loss,25,Bayesian SINDy (spike-slab),54.0,,,False
combined,bistable,stability_loss,25,Bayesian SINDy (spike-slab),70.0,,,False
combined,bistable,stability_loss,25,Bayesian SINDy (spike-slab),78.0,,,False
combined,bistable,stability_loss,25,Kalman OU,38.0,0.0,0.0,True
combined,bistable,stability_loss,25,Kalman OU,54.0,2.319866903815522,0.09598091005000273,True
combined,bistable,stability_loss,25,Kalman OU,70.0,0.0,0.0,True
combined,bistable,stability_loss,25,Kalman OU,78.0,0.0,0.0,True
combined,bistable,stability_loss,25,Latent Neural SDE (VI),38.0,-0.2825915813446045,-0.004977314576434598,True
combined,bistable,stability_loss,25,Latent Neural SDE (VI),54.0,1.2930505275726318,0.01758825257764788,True
combined,bistable,stability_loss,25,Latent Neural SDE (VI),70.0,0.9539861679077148,-0.006206261249461706,True
combined,bistable,stability_loss,25,Latent Neural SDE (VI),78.0,0.6823242902755737,0.03682860275605896,True
combined,bistable,stability_loss,25,Moment OU,38.0,,,False
combined,bistable,stability_loss,25,Moment OU,54.0,,,False
combined,bistable,stability_loss,25,Moment OU,70.0,,,False
combined,bistable,stability_loss,25,Moment OU,78.0,,,False
combined,bistable,stability_loss,25,Neural SDE (Euler),38.0,,,False
combined,bistable,stability_loss,25,Neural SDE (Euler),54.0,,,False
combined,bistable,stability_loss,25,Neural SDE (Euler),70.0,,,False
combined,bistable,stability_loss,25,Neural SDE (Euler),78.0,,,False
combined,bistable,stability_loss,25,SINDy-STLSQ,38.0,,,False
combined,bistable,stability_loss,25,SINDy-STLSQ,54.0,,,False
combined,bistable,stability_loss,25,SINDy-STLSQ,70.0,,,False
combined,bistable,stability_loss,25,SINDy-STLSQ,78.0,,,False
combined,bistable,stability_loss,26,Bayesian SINDy (spike-slab),38.0,0.4557500906473826,-0.02705121990041319,True
combined,bistable,stability_loss,26,Bayesian SINDy (spike-slab),54.0,-0.7466956344784661,-0.0354867899721983,True
combined,bistable,stability_loss,26,Bayesian SINDy (spike-slab),70.0,0.10686503833922179,-0.043323204358348355,True
combined,bistable,stability_loss,26,Bayesian SINDy (spike-slab),78.0,0.5760218284437608,0.05993849531602001,True
combined,bistable,stability_loss,26,Kalman OU,38.0,2.7081171466395517,0.029323338418490868,True
combined,bistable,stability_loss,26,Kalman OU,54.0,0.0,0.0,True
combined,bistable,stability_loss,26,Kalman OU,70.0,0.0,0.0,True
combined,bistable,stability_loss,26,Kalman OU,78.0,2.9345881462299372,0.29081898348470236,True
combined,bistable,stability_loss,26,Latent Neural SDE (VI),38.0,1.9455453157424927,0.026344960036349938,True
combined,bistable,stability_loss,26,Latent Neural SDE (VI),54.0,-0.17750239372253418,-0.03992932602027187,True
combined,bistable,stability_loss,26,Latent Neural SDE (VI),70.0,1.3945276737213135,-0.06162139314731344,True
combined,bistable,stability_loss,26,Latent Neural SDE (VI),78.0,3.181183561682701,0.16486188311813424,True
combined,bistable,stability_loss,26,Moment OU,38.0,,,False
combined,bistable,stability_loss,26,Moment OU,54.0,,,False
combined,bistable,stability_loss,26,Moment OU,70.0,,,False
combined,bistable,stability_loss,26,Moment OU,78.0,,,False
combined,bistable,stability_loss,26,Neural SDE (Euler),38.0,0.831001877784729,-0.011081877848424126,True
combined,bistable,stability_loss,26,Neural SDE (Euler),54.0,-1.2457835674285889,-0.05773669619548419,True
combined,bistable,stability_loss,26,Neural SDE (Euler),70.0,0.0576399564743042,-0.1048386161340309,True
combined,bistable,stability_loss,26,Neural SDE (Euler),78.0,1.8886952474713326,-0.04988257520438448,True
combined,bistable,stability_loss,26,SINDy-STLSQ,38.0,0.11109782887708608,-0.029037438177447777,True
combined,bistable,stability_loss,26,SINDy-STLSQ,54.0,-2.0320387976311745,-0.04392737011194418,True
combined,bistable,stability_loss,26,SINDy-STLSQ,70.0,-2.7471588248254193,-0.05326490518891942,True
combined,bistable,stability_loss,26,SINDy-STLSQ,78.0,1.4252626587368102,0.017942227382650888,True
combined,bistable,stability_loss,27,Bayesian SINDy (spike-slab),38.0,,,False
combined,bistable,stability_loss,27,Bayesian SINDy (spike-slab),54.0,,,False
combined,bistable,stability_loss,27,Bayesian SINDy (spike-slab),70.0,,,False
combined,bistable,stability_loss,27,Bayesian SINDy (spike-slab),78.0,,,False
combined,bistable,stability_loss,27,Kalman OU,38.0,0.0,0.0,True
combined,bistable,stability_loss,27,Kalman OU,54.0,0.0,0.0,True
combined,bistable,stability_loss,27,Kalman OU,70.0,0.0,0.0,True
combined,bistable,stability_loss,27,Kalman OU,78.0,0.0,0.09507567546898742,True
combined,bistable,stability_loss,27,Latent Neural SDE (VI),38.0,-1.2724575996398926,-0.020857699821485012,True
combined,bistable,stability_loss,27,Latent Neural SDE (VI),54.0,0.6755238771438599,-0.016647117945187986,True
combined,bistable,stability_loss,27,Latent Neural SDE (VI),70.0,0.13413465023040771,-0.03616690766856085,True
combined,bistable,stability_loss,27,Latent Neural SDE (VI),78.0,0.3007230758666992,-0.015138247294132517,True
combined,bistable,stability_loss,27,Moment OU,38.0,,,False
combined,bistable,stability_loss,27,Moment OU,54.0,,,False
combined,bistable,stability_loss,27,Moment OU,70.0,,,False
combined,bistable,stability_loss,27,Moment OU,78.0,,,False
combined,bistable,stability_loss,27,Neural SDE (Euler),38.0,,,False
combined,bistable,stability_loss,27,Neural SDE (Euler),54.0,,,False
combined,bistable,stability_loss,27,Neural SDE (Euler),70.0,,,False
combined,bistable,stability_loss,27,Neural SDE (Euler),78.0,,,False
combined,bistable,stability_loss,27,SINDy-STLSQ,38.0,,,False
combined,bistable,stability_loss,27,SINDy-STLSQ,54.0,,,False
combined,bistable,stability_loss,27,SINDy-STLSQ,70.0,,,False
combined,bistable,stability_loss,27,SINDy-STLSQ,78.0,,,False
combined,bistable,stability_loss,28,Bayesian SINDy (spike-slab),38.0,0.9491802548678784,0.03276528313136236,True
combined,bistable,stability_loss,28,Bayesian SINDy (spike-slab),54.0,-0.030990011822146446,-0.053260076737165624,True
combined,bistable,stability_loss,28,Bayesian SINDy (spike-slab),70.0,1.2218556650974157,0.0012459728998135966,True
combined,bistable,stability_loss,28,Bayesian SINDy (spike-slab),78.0,0.12469716183691948,-0.032220817653073636,True
combined,bistable,stability_loss,28,Kalman OU,38.0,-0.46739863915559066,0.061325177528242944,True
combined,bistable,stability_loss,28,Kalman OU,54.0,-2.793809164607837,-0.023721558599442628,True
combined,bistable,stability_loss,28,Kalman OU,70.0,-0.9135702994365918,0.10229560821219515,True
combined,bistable,stability_loss,28,Kalman OU,78.0,-2.793809164607837,-0.023721558599442628,True
combined,bistable,stability_loss,28,Latent Neural SDE (VI),38.0,1.160362422466278,-0.03545000535668948,True
combined,bistable,stability_loss,28,Latent Neural SDE (VI),54.0,0.47459280490875244,-0.008699721436363494,True
combined,bistable,stability_loss,28,Latent Neural SDE (VI),70.0,0.6117914915084839,0.017793011855158067,True
combined,bistable,stability_loss,28,Latent Neural SDE (VI),78.0,0.45129823684692383,-0.02155438499987368,True
combined,bistable,stability_loss,28,Moment OU,38.0,,,False
combined,bistable,stability_loss,28,Moment OU,54.0,,,False
combined,bistable,stability_loss,28,Moment OU,70.0,,,False
combined,bistable,stability_loss,28,Moment OU,78.0,,,False
combined,bistable,stability_loss,28,Neural SDE (Euler),38.0,0.86396324634552,-0.06410602537888015,True
combined,bistable,stability_loss,28,Neural SDE (Euler),54.0,-0.26627469062805176,-0.042896428505885945,True
combined,bistable,stability_loss,28,Neural SDE (Euler),70.0,0.09775447845458984,0.0008962275621487298,True
combined,bistable,stability_loss,28,Neural SDE (Euler),78.0,-0.5965894460678101,-0.0467630200537002,True
combined,bistable,stability_loss,28,SINDy-STLSQ,38.0,0.06436660802671157,0.010078013878842912,True
combined,bistable,stability_loss,28,SINDy-STLSQ,54.0,0.48071262708968754,-0.05653173607551727,True
combined,bistable,stability_loss,28,SINDy-STLSQ,70.0,0.5183963866876975,-0.011598874770216275,True
combined,bistable,stability_loss,28,SINDy-STLSQ,78.0,0.11422265635236539,-0.039222687289767286,True
combined,bistable,stability_loss,29,Bayesian SINDy (spike-slab),38.0,0.2586683799128324,-0.004146594488522781,True
combined,bistable,stability_loss,29,Bayesian SINDy (spike-slab),54.0,-0.9380534099287252,-0.010244209129848164,True
combined,bistable,stability_loss,29,Bayesian SINDy (spike-slab),70.0,,,False
combined,bistable,stability_loss,29,Bayesian SINDy (spike-slab),78.0,,,False
combined,bistable,stability_loss,29,Kalman OU,38.0,0.0,0.16422656411811543,True
combined,bistable,stability_loss,29,Kalman OU,54.0,0.0,0.0,True
combined,bistable,stability_loss,29,Kalman OU,70.0,0.0,0.0,True
combined,bistable,stability_loss,29,Kalman OU,78.0,2.3666300060868775,0.04910449064130583,True
combined,bistable,stability_loss,29,Latent Neural SDE (VI),38.0,0.09576570987701416,-0.007068369767892907,True
combined,bistable,stability_loss,29,Latent Neural SDE (VI),54.0,-0.3437155485153198,-0.049563375813733324,True
combined,bistable,stability_loss,29,Latent Neural SDE (VI),70.0,-0.192315936088562,-0.049926509434455084,True
combined,bistable,stability_loss,29,Latent Neural SDE (VI),78.0,0.6538934111595154,0.0069122939770994846,True
combined,bistable,stability_loss,29,Moment OU,38.0,,,False
combined,bistable,stability_loss,29,Moment OU,54.0,,,False
combined,bistable,stability_loss,29,Moment OU,70.0,,,False
combined,bistable,stability_loss,29,Moment OU,78.0,,,False
combined,bistable,stability_loss,29,Neural SDE (Euler),38.0,1.3583126068115234,0.05354637613524209,True
combined,bistable,stability_loss,29,Neural SDE (Euler),54.0,0.6114490032196045,0.014051222026110387,True
combined,bistable,stability_loss,29,Neural SDE (Euler),70.0,,,False
combined,bistable,stability_loss,29,Neural SDE (Euler),78.0,,,False
combined,bistable,stability_loss,29,SINDy-STLSQ,38.0,0.8845787633500395,0.001360914928880047,True
combined,bistable,stability_loss,29,SINDy-STLSQ,54.0,-0.1387246516248184,-0.004149095326152805,True
combined,bistable,stability_loss,29,SINDy-STLSQ,70.0,,,False
combined,bistable,stability_loss,29,SINDy-STLSQ,78.0,,,False
combined,bistable,stationary,0,Bayesian SINDy (spike-slab),38.0,0.20468564018282853,0.04266389531900595,True
combined,bistable,stationary,0,Bayesian SINDy (spike-slab),54.0,,,False
combined,bistable,stationary,0,Bayesian SINDy (spike-slab),70.0,-0.5338648502961085,0.020776470496975445,True
combined,bistable,stationary,0,Bayesian SINDy (spike-slab),78.0,-0.44122151020590583,-0.01752624870763106,True
combined,bistable,stationary,0,Kalman OU,38.0,2.179483072413555,0.01994478329491836,True
combined,bistable,stationary,0,Kalman OU,54.0,1.841613487971665,0.07830253084627553,True
combined,bistable,stationary,0,Kalman OU,70.0,0.0,0.0,True
combined,bistable,stationary,0,Kalman OU,78.0,0.0,0.0,True
combined,bistable,stationary,0,Latent Neural SDE (VI),38.0,0.44292378425598145,0.0334953344947283,True
combined,bistable,stationary,0,Latent Neural SDE (VI),54.0,0.6027428507804871,-0.007091550403178201,True
combined,bistable,stationary,0,Latent Neural SDE (VI),70.0,-1.2070879936218262,0.01028174053375873,True
combined,bistable,stationary,0,Latent Neural SDE (VI),78.0,-1.3265008926391602,-0.031719141444925034,True
combined,bistable,stationary,0,Moment OU,38.0,,,False
combined,bistable,stationary,0,Moment OU,54.0,,,False
combined,bistable,stationary,0,Moment OU,70.0,,,False
combined,bistable,stationary,0,Moment OU,78.0,,,False
combined,bistable,stationary,0,Neural SDE (Euler),38.0,2.08013978600502,0.11953340349179253,True
combined,bistable,stationary,0,Neural SDE (Euler),54.0,,,False
combined,bistable,stationary,0,Neural SDE (Euler),70.0,0.2941429615020752,0.04502589603366623,True
combined,bistable,stationary,0,Neural SDE (Euler),78.0,-1.1762902736663818,-0.011826495679737132,True
combined,bistable,stationary,0,SINDy-STLSQ,38.0,-0.2210995834986258,0.028642115430950334,True
combined,bistable,stationary,0,SINDy-STLSQ,54.0,,,False
combined,bistable,stationary,0,SINDy-STLSQ,70.0,-0.22806606722839873,0.015510866807469263,True
combined,bistable,stationary,0,SINDy-STLSQ,78.0,-0.7336416513190305,-0.02823074330309849,True
combined,bistable,stationary,1,Bayesian SINDy (spike-slab),38.0,0.003193709632484776,0.01288807390896933,True
combined,bistable,stationary,1,Bayesian SINDy (spike-slab),54.0,,,False
combined,bistable,stationary,1,Bayesian SINDy (spike-slab),70.0,-1.0910469317189797,0.03195346338008666,True
combined,bistable,stationary,1,Bayesian SINDy (spike-slab),78.0,-0.8762439868218904,-0.0063423075417732705,True
combined,bistable,stationary,1,Kalman OU,38.0,-2.291532554474031,0.14482155728756654,True
combined,bistable,stationary,1,Kalman OU,54.0,-0.8437561848374996,0.11121978066457633,True
combined,bistable,stationary,1,Kalman OU,70.0,-2.291532554474031,-0.040648651952060966,True
combined,bistable,stationary,1,Kalman OU,78.0,-2.291532554474031,-0.040648651952060966,True
combined,bistable,stationary,1,Latent Neural SDE (VI),38.0,0.6253854036331177,0.01422466677353762,True
combined,bistable,stationary,1,Latent Neural SDE (VI),54.0,0.8648855686187744,0.002005445989644472,True
combined,bistable,stationary,1,Latent Neural SDE (VI),70.0,-1.1560242176055908,0.011785987645308027,True
combined,bistable,stationary,1,Latent Neural SDE (VI),78.0,-0.29921722412109375,-0.022569851032510677,True
combined,bistable,stationary,1,Moment OU,38.0,,,False
combined,bistable,stationary,1,Moment OU,54.0,,,False
combined,bistable,stationary,1,Moment OU,70.0,,,False
combined,bistable,stationary,1,Moment OU,78.0,,,False
combined,bistable,stationary,1,Neural SDE (Euler),38.0,2.151347517967224,0.07436586165474439,True
combined,bistable,stationary,1,Neural SDE (Euler),54.0,,,False
combined,bistable,stationary,1,Neural SDE (Euler),70.0,0.19824790954589844,0.06725129497402109,True
combined,bistable,stationary,1,Neural SDE (Euler),78.0,0.6750211715698242,0.014006487011066937,True
combined,bistable,stationary,1,SINDy-STLSQ,38.0,0.2536918562723618,0.01418657565990962,True
combined,bistable,stationary,1,SINDy-STLSQ,54.0,,,False
combined,bistable,stationary,1,SINDy-STLSQ,70.0,-4.147288608416684,0.01456090706417025,True
combined,bistable,stationary,1,SINDy-STLSQ,78.0,-0.5042354093161168,0.004353959729870641,True
combined,bistable,stationary,2,Bayesian SINDy (spike-slab),38.0,-0.8181619796994277,-0.016060003070750575,True
combined,bistable,stationary,2,Bayesian SINDy (spike-slab),54.0,-0.41387553992206794,0.004411181225955935,True
combined,bistable,stationary,2,Bayesian SINDy (spike-slab),70.0,0.12796927353715593,-0.013187168358883825,True
combined,bistable,stationary,2,Bayesian SINDy (spike-slab),78.0,0.3666338540445485,0.0043243105238652685,True
combined,bistable,stationary,2,Kalman OU,38.0,1.0697894658048905,0.15107498258775504,True
combined,bistable,stationary,2,Kalman OU,54.0,0.0,0.0,True
combined,bistable,stationary,2,Kalman OU,70.0,2.1222994343678665,0.08310206538688726,True
combined,bistable,stationary,2,Kalman OU,78.0,0.0,0.1556036782120716,True
combined,bistable,stationary,2,Latent Neural SDE (VI),38.0,-0.2242945432662964,0.004933671216109145,True
combined,bistable,stationary,2,Latent Neural SDE (VI),54.0,0.2424372434616089,-0.005919083977702105,True
combined,bistable,stationary,2,Latent Neural SDE (VI),70.0,0.9689344763755798,-0.020990312019784567,True
combined,bistable,stationary,2,Latent Neural SDE (VI),78.0,-0.023089051246643066,-0.017432086131091463,True
combined,bistable,stationary,2,Moment OU,38.0,,,False
combined,bistable,stationary,2,Moment OU,54.0,,,False
combined,bistable,stationary,2,Moment OU,70.0,,,False
combined,bistable,stationary,2,Moment OU,78.0,,,False
combined,bistable,stationary,2,Neural SDE (Euler),38.0,-1.5810625553131104,-0.0511798702077064,True
combined,bistable,stationary,2,Neural SDE (Euler),54.0,0.5929877758026123,-0.009548429930263516,True
combined,bistable,stationary,2,Neural SDE (Euler),70.0,1.7395555078983307,-0.03589978012679443,True
combined,bistable,stationary,2,Neural SDE (Euler),78.0,-0.1887531280517578,-0.040876707631532824,True
combined,bistable,stationary,2,SINDy-STLSQ,38.0,-0.5647953006372746,-0.020090743176711272,True
combined,bistable,stationary,2,SINDy-STLSQ,54.0,1.0633221829712831,0.004785632739460727,True
combined,bistable,stationary,2,SINDy-STLSQ,70.0,0.49905284532097594,-0.01678264854909757,True
combined,bistable,stationary,2,SINDy-STLSQ,78.0,0.6975793532573189,0.0004481765522140052,True
combined,bistable,stationary,3,Bayesian SINDy (spike-slab),38.0,2.556611402008114,0.007372928055913913,True
combined,bistable,stationary,3,Bayesian SINDy (spike-slab),54.0,,,False
combined,bistable,stationary,3,Bayesian SINDy (spike-slab),70.0,2.761272266330569,-0.017648854100053533,True
combined,bistable,stationary,3,Bayesian SINDy (spike-slab),78.0,,,False
combined,bistable,stationary,3,Kalman OU,38.0,0.0,0.0,True
combined,bistable,stationary,3,Kalman OU,54.0,1.446366513413957,0.13997367516601117,True
combined,bistable,stationary,3,Kalman OU,70.0,1.4883668854806278,0.11887072729007087,True
combined,bistable,stationary,3,Kalman OU,78.0,0.0,0.18126096908505054,True
combined,bistable,stationary,3,Latent Neural SDE (VI),38.0,1.245935320854187,-0.0341759060824566,True
combined,bistable,stationary,3,Latent Neural SDE (VI),54.0,1.4845919609069824,-0.012294055314783059,True
combined,bistable,stationary,3,Latent Neural SDE (VI),70.0,2.493063986301422,-0.02529795131149601,True
combined,bistable,stationary,3,Latent Neural SDE (VI),78.0,1.992972493171692,-0.0012630300597098326,True
combined,bistable,stationary,3,Moment OU,38.0,,,False
combined,bistable,stationary,3,Moment OU,54.0,,,False
combined,bistable,stationary,3,Moment OU,70.0,,,False
combined,bistable,stationary,3,Moment OU,78.0,,,False
combined,bistable,stationary,3,Neural SDE (Euler),38.0,1.823858380317688,-0.00855354795249215,True
combined,bistable,stationary,3,Neural SDE (Euler),54.0,,,False
combined,bistable,stationary,3,Neural SDE (Euler),70.0,1.87428879737854,-0.05493931529838467,True
combined,bistable,stationary,3,Neural SDE (Euler),78.0,,,False
combined,bistable,stationary,3,SINDy-STLSQ,38.0,5.512539205674071,0.030877495816561858,True
combined,bistable,stationary,3,SINDy-STLSQ,54.0,,,False
combined,bistable,stationary,3,SINDy-STLSQ,70.0,4.50859796248556,-0.004060365182614829,True
combined,bistable,stationary,3,SINDy-STLSQ,78.0,,,False
combined,bistable,stationary,4,Bayesian SINDy (spike-slab),38.0,0.3419360023269562,0.04203891584082403,True
combined,bistable,stationary,4,Bayesian SINDy (spike-slab),54.0,-1.5731601890019489,-0.027064778575765083,True
combined,bistable,stationary,4,Bayesian SINDy (spike-slab),70.0,0.5405586661539941,0.02731701078560858,True
combined,bistable,stationary,4,Bayesian SINDy (spike-slab),78.0,-0.10924886210038454,0.07574822894159115,True
combined,bistable,stationary,4,Kalman OU,38.0,0.2345321777988718,0.1699248674893722,True
combined,bistable,stationary,4,Kalman OU,54.0,0.0,0.0,True
combined,bistable,stationary,4,Kalman OU,70.0,1.0863993526801146,0.1496021640957572,True
combined,bistable,stationary,4,Kalman OU,78.0,0.0,0.0,True
combined,bistable,stationary,4,Latent Neural SDE (VI),38.0,0.25683164596557617,-0.02082542957254859,True
combined,bistable,stationary,4,Latent Neural SDE (VI),54.0,0.44524967670440674,-0.05274402966478267,True
combined,bistable,stationary,4,Latent Neural SDE (VI),70.0,-0.10737907886505127,0.037373154566254105,True
combined,bistable,stationary,4,Latent Neural SDE (VI),78.0,-0.061653733253479004,0.06799357899485872,True
combined,bistable,stationary,4,Moment OU,38.0,,,False
combined,bistable,stationary,4,Moment OU,54.0,,,False
combined,bistable,stationary,4,Moment OU,70.0,,,False
combined,bistable,stationary,4,Moment OU,78.0,,,False
combined,bistable,stationary,4,Neural SDE (Euler),38.0,0.2941005229949951,-0.01618895413051044,True
combined,bistable,stationary,4,Neural SDE (Euler),54.0,0.253309428691864,-0.044035439284390486,True
combined,bistable,stationary,4,Neural SDE (Euler),70.0,-0.03673398494720459,0.059529492483735236,True
combined,bistable,stationary,4,Neural SDE (Euler),78.0,-0.9871337413787842,0.043213640061637484,True
combined,bistable,stationary,4,SINDy-STLSQ,38.0,-0.23379122524885976,0.028583744289923246,True
combined,bistable,stationary,4,SINDy-STLSQ,54.0,-2.5901255388986937,-0.03010892176688094,True
combined,bistable,stationary,4,SINDy-STLSQ,70.0,-2.2750472856347543,0.010969700097956309,True
combined,bistable,stationary,4,SINDy-STLSQ,78.0,-1.134969457396711,0.06776603712547191,True
combined,bistable,stationary,5,Bayesian SINDy (spike-slab),38.0,-0.04762994960150024,0.0069820114338761535,True
combined,bistable,stationary,5,Bayesian SINDy (spike-slab),54.0,1.0699451773696171,0.008339907093873639,True
combined,bistable,stationary,5,Bayesian SINDy (spike-slab),70.0,1.289410915449693,0.01537184746901557,True
combined,bistable,stationary,5,Bayesian SINDy (spike-slab),78.0,1.0297859092755361,0.01498643905608113,True
combined,bistable,stationary,5,Kalman OU,38.0,0.0,0.0,True
combined,bistable,stationary,5,Kalman OU,54.0,0.9348077535846002,0.1429241115031345,True
combined,bistable,stationary,5,Kalman OU,70.0,2.219131592984681,0.12987622038780636,True
combined,bistable,stationary,5,Kalman OU,78.0,1.2706663740558437,0.1622794718123825,True
combined,bistable,stationary,5,Latent Neural SDE (VI),38.0,-0.1071012020111084,0.015498406860596968,True
combined,bistable,stationary,5,Latent Neural SDE (VI),54.0,0.8690145015716553,-0.003762199701297972,True
combined,bistable,stationary,5,Latent Neural SDE (VI),70.0,1.1759436130523682,0.03146517243227256,True
combined,bistable,stationary,5,Latent Neural SDE (VI),78.0,0.5810551643371582,0.019537807568902603,True
combined,bistable,stationary,5,Moment OU,38.0,,,False
combined,bistable,stationary,5,Moment OU,54.0,,,False
combined,bistable,stationary,5,Moment OU,70.0,,,False
combined,bistable,stationary,5,Moment OU,78.0,,,False
combined,bistable,stationary,5,Neural SDE (Euler),38.0,0.06754350662231445,0.046228806643666145,True
combined,bistable,stationary,5,Neural SDE (Euler),54.0,1.198426902294159,-0.016007816938864716,True
combined,bistable,stationary,5,Neural SDE (Euler),70.0,1.2843180894851685,0.021822180677496597,True
combined,bistable,stationary,5,Neural SDE (Euler),78.0,-0.06603860855102539,0.021495698486288406,True
combined,bistable,stationary,5,SINDy-STLSQ,38.0,2.305208639236616,0.021984692833240574,True
combined,bistable,stationary,5,SINDy-STLSQ,54.0,2.787999943085111,0.020036027864208925,True
combined,bistable,stationary,5,SINDy-STLSQ,70.0,2.6568973476963533,0.02617679350049737,True
combined,bistable,stationary,5,SINDy-STLSQ,78.0,1.4126741813582906,0.014868880280826044,True
combined,bistable,stationary,6,Bayesian SINDy (spike-slab),38.0,0.9279878796451543,0.03983896743865914,True
combined,bistable,stationary,6,Bayesian SINDy (spike-slab),54.0,-0.3237556064522127,-0.009983212501746108,True
combined,bistable,stationary,6,Bayesian SINDy (spike-slab),70.0,-0.1833244072172684,0.002872127522104792,True
combined,bistable,stationary,6,Bayesian SINDy (spike-slab),78.0,0.7745313095590911,-0.016731987864562925,True
combined,bistable,stationary,6,Kalman OU,38.0,1.0620283217184778,0.21055775518168474,True
combined,bistable,stationary,6,Kalman OU,54.0,0.0,0.0,True
combined,bistable,stationary,6,Kalman OU,70.0,0.0,0.0,True
combined,bistable,stationary,6,Kalman OU,78.0,1.2575543040908603,0.12540047764452902,True
combined,bistable,stationary,6,Latent Neural SDE (VI),38.0,0.26338720321655273,0.019606643650690758,True
combined,bistable,stationary,6,Latent Neural SDE (VI),54.0,-0.15223419666290283,-0.031117119683787026,True
combined,bistable,stationary,6,Latent Neural SDE (VI),70.0,-0.06200742721557617,-0.006698806937666418,True
combined,bistable,stationary,6,Latent Neural SDE (VI),78.0,0.6664063930511475,-0.022526782329234635,True
combined,bistable,stationary,6,Moment OU,38.0,,,False
combined,bistable,stationary,6,Moment OU,54.0,,,False
combined,bistable,stationary,6,Moment OU,70.0,,,False
combined,bistable,stationary,6,Moment OU,78.0,,,False
combined,bistable,stationary,6,Neural SDE (Euler),38.0,1.0335252285003662,0.04173144521686574,True
combined,bistable,stationary,6,Neural SDE (Euler),54.0,0.5362186431884766,-0.035574085920731816,True
combined,bistable,stationary,6,Neural SDE (Euler),70.0,0.9224233627319336,-0.0029678912574783722,True
combined,bistable,stationary,6,Neural SDE (Euler),78.0,1.0387486219406128,-0.04345421403393596,True
combined,bistable,stationary,6,SINDy-STLSQ,38.0,0.46857649433323,0.025707546924464128,True
combined,bistable,stationary,6,SINDy-STLSQ,54.0,-0.09490187060063038,-0.016887792705837165,True
combined,bistable,stationary,6,SINDy-STLSQ,70.0,0.5346881008123547,0.002852809730890027,True
combined,bistable,stationary,6,SINDy-STLSQ,78.0,0.4848405909669071,-0.02595452667271088,True
combined,bistable,stationary,7,Bayesian SINDy (spike-slab),38.0,-2.2532737882572538,-0.045045459209843756,True
combined,bistable,stationary,7,Bayesian SINDy (spike-slab),54.0,,,False
combined,bistable,stationary,7,Bayesian SINDy (spike-slab),70.0,-0.8261909684461342,-0.00488176594202544,True
combined,bistable,stationary,7,Bayesian SINDy (spike-slab),78.0,,,False
combined,bistable,stationary,7,Kalman OU,38.0,-0.061334361217128985,0.07797173013134163,True
combined,bistable,stationary,7,Kalman OU,54.0,-2.242275638713981,-0.018033052837446998,True
combined,bistable,stationary,7,Kalman OU,70.0,-2.242275638713981,-0.018033052837446998,True
combined,bistable,stationary,7,Kalman OU,78.0,-1.5570002436439014,0.14544762010327053,True
combined,bistable,stationary,7,Latent Neural SDE (VI),38.0,0.7856378555297852,-0.02140236531105528,True
combined,bistable,stationary,7,Latent Neural SDE (VI),54.0,0.2838033437728882,-0.014697455191587515,True
combined,bistable,stationary,7,Latent Neural SDE (VI),70.0,-1.5095568895339966,0.012338613546474045,True
combined,bistable,stationary,7,Latent Neural SDE (VI),78.0,0.28535163402557373,0.02471954578184203,True
combined,bistable,stationary,7,Moment OU,38.0,,,False
combined,bistable,stationary,7,Moment OU,54.0,,,False
combined,bistable,stationary,7,Moment OU,70.0,,,False
combined,bistable,stationary,7,Moment OU,78.0,,,False
combined,bistable,stationary,7,Neural SDE (Euler),38.0,0.16914379596710205,-0.06951304979064257,True
combined,bistable,stationary,7,Neural SDE (Euler),54.0,,,False
combined,bistable,stationary,7,Neural SDE (Euler),70.0,-1.1092720031738281,-0.007989442002894101,True
combined,bistable,stationary,7,Neural SDE (Euler),78.0,,,False
combined,bistable,stationary,7,SINDy-STLSQ,38.0,-0.4942609090803316,-0.029003131754981364,True
combined,bistable,stationary,7,SINDy-STLSQ,54.0,,,False
combined,bistable,stationary,7,SINDy-STLSQ,70.0,-0.059259125841073956,0.006910348722020038,True
combined,bistable,stationary,7,SINDy-STLSQ,78.0,,,False
combined,bistable,stationary,8,Bayesian SINDy (spike-slab),38.0,0.30834468220599764,0.04161191777898298,True
combined,bistable,stationary,8,Bayesian SINDy (spike-slab),54.0,,,False
combined,bistable,stationary,8,Bayesian SINDy (spike-slab),70.0,,,False
combined,bistable,stationary,8,Bayesian SINDy (spike-slab),78.0,-3.619769037735335,-0.0017340369332220912,True
combined,bistable,stationary,8,Kalman OU,38.0,0.0,0.0,True
combined,bistable,stationary,8,Kalman OU,54.0,2.3350761387908645,0.02924317802804242,True
combined,bistable,stationary,8,Kalman OU,70.0,2.230818234631027,0.0844052097803403,True
combined,bistable,stationary,8,Kalman OU,78.0,2.384927455265502,0.03266877935516334,True
combined,bistable,stationary,8,Latent Neural SDE (VI),38.0,0.556605339050293,0.036079857230817546,True
combined,bistable,stationary,8,Latent Neural SDE (VI),54.0,0.6457726359367371,0.05666316393650605,True
combined,bistable,stationary,8,Latent Neural SDE (VI),70.0,0.8860158920288086,-0.014080139130470633,True
combined,bistable,stationary,8,Latent Neural SDE (VI),78.0,0.8587043881416321,0.005819652453258134,True
combined,bistable,stationary,8,Moment OU,38.0,,,False
combined,bistable,stationary,8,Moment OU,54.0,,,False
combined,bistable,stationary,8,Moment OU,70.0,,,False
combined,bistable,stationary,8,Moment OU,78.0,,,False
combined,bistable,stationary,8,Neural SDE (Euler),38.0,1.4097678661346436,0.05587984587787628,True
combined,bistable,stationary,8,Neural SDE (Euler),54.0,,,False
combined,bistable,stationary,8,Neural SDE (Euler),70.0,,,False
combined,bistable,stationary,8,Neural SDE (Euler),78.0,-0.33356690406799316,-0.006250767504956532,True
combined,bistable,stationary,8,SINDy-STLSQ,38.0,2.567490111631937,0.054967869102908865,True
combined,bistable,stationary,8,SINDy-STLSQ,54.0,,,False
combined,bistable,stationary,8,SINDy-STLSQ,70.0,,,False
combined,bistable,stationary,8,SINDy-STLSQ,78.0,-3.941208903233924,0.0018437909010631734,True
combined,bistable,stationary,9,Bayesian SINDy (spike-slab),38.0,0.8287796414875911,-0.0019744936901950477,True
combined,bistable,stationary,9,Bayesian SINDy (spike-slab),54.0,0.05224449629300598,-0.026243893124550347,True
combined,bistable,stationary,9,Bayesian SINDy (spike-slab),70.0,,,False
combined,bistable,stationary,9,Bayesian SINDy (spike-slab),78.0,0.9326280273551467,-0.012505415369891179,True
combined,bistable,stationary,9,Kalman OU,38.0,1.0821592441924954,0.13578161075263637,True
combined,bistable,stationary,9,Kalman OU,54.0,2.3976990062283177,0.03014461406362216,True
combined,bistable,stationary,9,Kalman OU,70.0,2.310371445973427,0.08347291971134693,True
combined,bistable,stationary,9,Kalman OU,78.0,1.7932930715461306,0.1273672179957998,True
combined,bistable,stationary,9,Latent Neural SDE (VI),38.0,0.47008371353149414,0.0252308897576152,True
combined,bistable,stationary,9,Latent Neural SDE (VI),54.0,0.3426637649536133,0.001794145441076922,True
combined,bistable,stationary,9,Latent Neural SDE (VI),70.0,1.0019144117832184,-0.019589456209900463,True
combined,bistable,stationary,9,Latent Neural SDE (VI),78.0,-0.7013117074966431,-0.03610551824870269,True
combined,bistable,stationary,9,Moment OU,38.0,,,False
combined,bistable,stationary,9,Moment OU,54.0,,,False
combined,bistable,stationary,9,Moment OU,70.0,,,False
combined,bistable,stationary,9,Moment OU,78.0,,,False
combined,bistable,stationary,9,Neural SDE (Euler),38.0,1.1215956807136536,0.07364834831384601,True
combined,bistable,stationary,9,Neural SDE (Euler),54.0,0.025918960571289062,0.028315153525486723,True
combined,bistable,stationary,9,Neural SDE (Euler),70.0,,,False
combined,bistable,stationary,9,Neural SDE (Euler),78.0,1.1447539925575256,0.03067553282507288,True
combined,bistable,stationary,9,SINDy-STLSQ,38.0,2.1088923531159205,0.0031366897958749473,True
combined,bistable,stationary,9,SINDy-STLSQ,54.0,1.785842472207202,-0.012850060623382509,True
combined,bistable,stationary,9,SINDy-STLSQ,70.0,,,False
combined,bistable,stationary,9,SINDy-STLSQ,78.0,1.4271041057089542,-0.014423736842933924,True
combined,bistable,stationary,10,Bayesian SINDy (spike-slab),38.0,0.8465458418673635,0.04522831562219871,True
combined,bistable,stationary,10,Bayesian SINDy (spike-slab),54.0,,,False
combined,bistable,stationary,10,Bayesian SINDy (spike-slab),70.0,-0.5834977681731011,0.019035760677577854,True
combined,bistable,stationary,10,Bayesian SINDy (spike-slab),78.0,-0.9864103347522797,0.011781916765283514,True
combined,bistable,stationary,10,Kalman OU,38.0,0.515752388981972,0.14847739905894142,True
combined,bistable,stationary,10,Kalman OU,54.0,0.0,0.0,True
combined,bistable,stationary,10,Kalman OU,70.0,0.0,0.0,True
combined,bistable,stationary,10,Kalman OU,78.0,0.0,0.0,True
combined,bistable,stationary,10,Latent Neural SDE (VI),38.0,-0.04971909523010254,0.010708840750176793,True
combined,bistable,stationary,10,Latent Neural SDE (VI),54.0,-0.40121638774871826,0.012447548558738294,True
combined,bistable,stationary,10,Latent Neural SDE (VI),70.0,-1.2633768320083618,0.001331251077337739,True
combined,bistable,stationary,10,Latent Neural SDE (VI),78.0,-0.9398845434188843,-0.014995682676156433,True
combined,bistable,stationary,10,Moment OU,38.0,,,False
combined,bistable,stationary,10,Moment OU,54.0,,,False
combined,bistable,stationary,10,Moment OU,70.0,,,False
combined,bistable,stationary,10,Moment OU,78.0,,,False
combined,bistable,stationary,10,Neural SDE (Euler),38.0,0.34404516220092773,0.03474940071962804,True
combined,bistable,stationary,10,Neural SDE (Euler),54.0,,,False
combined,bistable,stationary,10,Neural SDE (Euler),70.0,-1.1734342575073242,0.013471103207875368,True
combined,bistable,stationary,10,Neural SDE (Euler),78.0,-0.8368661403656006,-0.0020818309627502127,True
combined,bistable,stationary,10,SINDy-STLSQ,38.0,-1.2986906388962436,0.03718721172855777,True
combined,bistable,stationary,10,SINDy-STLSQ,54.0,,,False
combined,bistable,stationary,10,SINDy-STLSQ,70.0,-0.7165840327843664,0.022808644054553955,True
combined,bistable,stationary,10,SINDy-STLSQ,78.0,-1.0806309940983052,0.015590166842994392,True
combined,bistable,stationary,11,Bayesian SINDy (spike-slab),38.0,0.9810733498781257,-0.01725879053116687,True
combined,bistable,stationary,11,Bayesian SINDy (spike-slab),54.0,0.7109069615339048,0.02149879703379072,True
combined,bistable,stationary,11,Bayesian SINDy (spike-slab),70.0,,,False
combined,bistable,stationary,11,Bayesian SINDy (spike-slab),78.0,0.22696725711048238,-0.003025418065568733,True
combined,bistable,stationary,11,Kalman OU,38.0,0.5162303452160312,-0.04379112512072522,True
combined,bistable,stationary,11,Kalman OU,54.0,-0.7617655998646453,0.03427006195963825,True
combined,bistable,stationary,11,Kalman OU,70.0,0.28202008291767167,-0.01446062993317039,True
combined,bistable,stationary,11,Kalman OU,78.0,-0.9551447164597697,0.047509422893411424,True
combined,bistable,stationary,11,Latent Neural SDE (VI),38.0,0.3450292944908142,0.02405139686061724,True
combined,bistable,stationary,11,Latent Neural SDE (VI),54.0,-0.5875357985496521,0.03071424838532131,True
combined,bistable,stationary,11,Latent Neural SDE (VI),70.0,0.44426271319389343,0.028916192615883664,True
combined,bistable,stationary,11,Latent Neural SDE (VI),78.0,-0.03665202856063843,0.024230149009218903,True
combined,bistable,stationary,11,Moment OU,38.0,,,False
combined,bistable,stationary,11,Moment OU,54.0,,,False
combined,bistable,stationary,11,Moment OU,70.0,,,False
combined,bistable,stationary,11,Moment OU,78.0,1.2891983871026524,-0.1275008135366321,True
combined,bistable,stationary,11,Neural SDE (Euler),38.0,0.46199578046798706,-0.0008454929308370773,True
combined,bistable,stationary,11,Neural SDE (Euler),54.0,0.17430996894836426,0.02925235707733069,True
combined,bistable,stationary,11,Neural SDE (Euler),70.0,,,False
combined,bistable,stationary,11,Neural SDE (Euler),78.0,-0.9123265743255615,-0.007520257346219791,True
combined,bistable,stationary,11,SINDy-STLSQ,38.0,0.44512975776644426,-0.022574254979961086,True
combined,bistable,stationary,11,SINDy-STLSQ,54.0,0.4623901752644851,0.010994547424218723,True
combined,bistable,stationary,11,SINDy-STLSQ,70.0,,,False
combined,bistable,stationary,11,SINDy-STLSQ,78.0,0.0211703926418636,-0.009490557731399979,True
combined,bistable,stationary,12,Bayesian SINDy (spike-slab),38.0,1.076815759733719,0.00368511426690514,True
combined,bistable,stationary,12,Bayesian SINDy (spike-slab),54.0,-0.27546226421627673,0.018419223427673014,True
combined,bistable,stationary,12,Bayesian SINDy (spike-slab),70.0,-0.10858599744120179,-0.0031414226103472914,True
combined,bistable,stationary,12,Bayesian SINDy (spike-slab),78.0,-0.3932405573251381,-0.010965407653491153,True
combined,bistable,stationary,12,Kalman OU,38.0,2.601781959851962,0.006623002878081853,True
combined,bistable,stationary,12,Kalman OU,54.0,0.0,0.0,True
combined,bistable,stationary,12,Kalman OU,70.0,0.0,0.0,True
combined,bistable,stationary,12,Kalman OU,78.0,0.0,0.0,True
combined,bistable,stationary,12,Latent Neural SDE (VI),38.0,-1.3037385940551758,-0.026415161306176077,True
combined,bistable,stationary,12,Latent Neural SDE (VI),54.0,-2.8507308959960938,0.007870356018825408,True
combined,bistable,stationary,12,Latent Neural SDE (VI),70.0,-2.1878859996795654,-0.03049142848530015,True
combined,bistable,stationary,12,Latent Neural SDE (VI),78.0,-2.0164496898651123,-0.03717558703397207,True
combined,bistable,stationary,12,Moment OU,38.0,,,False
combined,bistable,stationary,12,Moment OU,54.0,,,False
combined,bistable,stationary,12,Moment OU,70.0,,,False
combined,bistable,stationary,12,Moment OU,78.0,,,False
combined,bistable,stationary,12,Neural SDE (Euler),38.0,-0.17390799522399902,0.010960091356142003,True
combined,bistable,stationary,12,Neural SDE (Euler),54.0,-1.0920231342315674,0.026633503084991857,True
combined,bistable,stationary,12,Neural SDE (Euler),70.0,-0.406308650970459,-0.004264915449749246,True
combined,bistable,stationary,12,Neural SDE (Euler),78.0,-0.2620530128479004,-0.01023246166995865,True
combined,bistable,stationary,12,SINDy-STLSQ,38.0,-3.173885358364325,0.001889702039634407,True
combined,bistable,stationary,12,SINDy-STLSQ,54.0,-1.6877510185015747,0.02133558304464392,True
combined,bistable,stationary,12,SINDy-STLSQ,70.0,-0.37966184228052335,0.01120502087828993,True
combined,bistable,stationary,12,SINDy-STLSQ,78.0,-0.9250953076230284,-0.003123561684264947,True
combined,bistable,stationary,13,Bayesian SINDy (spike-slab),38.0,,,False
combined,bistable,stationary,13,Bayesian SINDy (spike-slab),54.0,,,False
combined,bistable,stationary,13,Bayesian SINDy (spike-slab),70.0,,,False
combined,bistable,stationary,13,Bayesian SINDy (spike-slab),78.0,,,False
combined,bistable,stationary,13,Kalman OU,38.0,0.0,0.0,True
combined,bistable,stationary,13,Kalman OU,54.0,0.0,0.0,True
combined,bistable,stationary,13,Kalman OU,70.0,2.5575125327246453,0.004477022236304624,True
combined,bistable,stationary,13,Kalman OU,78.0,1.5135945504261112,0.08835100647140338,True
combined,bistable,stationary,13,Latent Neural SDE (VI),38.0,0.8447467088699341,0.037730614213945614,True
combined,bistable,stationary,13,Latent Neural SDE (VI),54.0,0.12866616249084473,0.06786508584856638,True
combined,bistable,stationary,13,Latent Neural SDE (VI),70.0,2.083365336060524,-0.00036032666726080326,True
combined,bistable,stationary,13,Latent Neural SDE (VI),78.0,1.3083118200302124,0.008918692609842169,True
combined,bistable,stationary,13,Moment OU,38.0,,,False
combined,bistable,stationary,13,Moment OU,54.0,,,False
combined,bistable,stationary,13,Moment OU,70.0,,,False
combined,bistable,stationary,13,Moment OU,78.0,,,False
combined,bistable,stationary,13,Neural SDE (Euler),38.0,,,False
combined,bistable,stationary,13,Neural SDE (Euler),54.0,,,False
combined,bistable,stationary,13,Neural SDE (Euler),70.0,,,False
combined,bistable,stationary,13,Neural SDE (Euler),78.0,,,False
combined,bistable,stationary,13,SINDy-STLSQ,38.0,,,False
combined,bistable,stationary,13,SINDy-STLSQ,54.0,,,False
combined,bistable,stationary,13,SINDy-STLSQ,70.0,,,False
combined,bistable,stationary,13,SINDy-STLSQ,78.0,,,False
combined,bistable,stationary,14,Bayesian SINDy (spike-slab),38.0,-2.2507626691690312,-0.04192588215226207,True
combined,bistable,stationary,14,Bayesian SINDy (spike-slab),54.0,-0.902328057867446,-0.026382573284388935,True
combined,bistable,stationary,14,Bayesian SINDy (spike-slab),70.0,,,False
combined,bistable,stationary,14,Bayesian SINDy (spike-slab),78.0,,,False
combined,bistable,stationary,14,Kalman OU,38.0,0.0,0.0,True
combined,bistable,stationary,14,Kalman OU,54.0,0.0,0.0,True
combined,bistable,stationary,14,Kalman OU,70.0,1.5698306491449405,0.1332298025059651,True
combined,bistable,stationary,14,Kalman OU,78.0,2.7049396600622937,0.04853518429989531,True
combined,bistable,stationary,14,Latent Neural SDE (VI),38.0,-0.3790104389190674,-0.0051276865206974775,True
combined,bistable,stationary,14,Latent Neural SDE (VI),54.0,0.2980978488922119,-0.005874352305181962,True
combined,bistable,stationary,14,Latent Neural SDE (VI),70.0,-0.1710948944091797,0.003873119220199034,True
combined,bistable,stationary,14,Latent Neural SDE (VI),78.0,0.2917252779006958,-0.027549382037861954,True
combined,bistable,stationary,14,Moment OU,38.0,,,False
combined,bistable,stationary,14,Moment OU,54.0,,,False
combined,bistable,stationary,14,Moment OU,70.0,,,False
combined,bistable,stationary,14,Moment OU,78.0,,,False
combined,bistable,stationary,14,Neural SDE (Euler),38.0,-1.3136988878250122,-0.08423431040592401,True
combined,bistable,stationary,14,Neural SDE (Euler),54.0,0.36023497581481934,-0.047499033357508005,True
combined,bistable,stationary,14,Neural SDE (Euler),70.0,,,False
combined,bistable,stationary,14,Neural SDE (Euler),78.0,,,False
combined,bistable,stationary,14,SINDy-STLSQ,38.0,-0.5889949266414942,-0.03157284576115324,True
combined,bistable,stationary,14,SINDy-STLSQ,54.0,0.7449874268400656,-0.01859740510412177,True
combined,bistable,stationary,14,SINDy-STLSQ,70.0,,,False
combined,bistable,stationary,14,SINDy-STLSQ,78.0,,,False
combined,bistable,stationary,15,Bayesian SINDy (spike-slab),38.0,,,False
combined,bistable,stationary,15,Bayesian SINDy (spike-slab),54.0,,,False
combined,bistable,stationary,15,Bayesian SINDy (spike-slab),70.0,,,False
combined,bistable,stationary,15,Bayesian SINDy (spike-slab),78.0,,,False
combined,bistable,stationary,15,Kalman OU,38.0,1.876328841990187,0.09153401989265515,True
combined,bistable,stationary,15,Kalman OU,54.0,1.9317379570045976,0.08209745199881753,True
combined,bistable,stationary,15,Kalman OU,70.0,2.008974808492762,0.04424437218050992,True
combined,bistable,stationary,15,Kalman OU,78.0,0.0,0.0,True
combined,bistable,stationary,15,Latent Neural SDE (VI),38.0,0.9325225353240967,-0.03284976642150032,True
combined,bistable,stationary,15,Latent Neural SDE (VI),54.0,1.5117087364196777,0.002658080305823679,True
combined,bistable,stationary,15,Latent Neural SDE (VI),70.0,1.466590404510498,0.019339023238404758,True
combined,bistable,stationary,15,Latent Neural SDE (VI),78.0,0.5364413261413574,-0.01607230099062911,True
combined,bistable,stationary,15,Moment OU,38.0,,,False
combined,bistable,stationary,15,Moment OU,54.0,,,False
combined,bistable,stationary,15,Moment OU,70.0,,,False
combined,bistable,stationary,15,Moment OU,78.0,,,False
combined,bistable,stationary,15,Neural SDE (Euler),38.0,,,False
combined,bistable,stationary,15,Neural SDE (Euler),54.0,,,False
combined,bistable,stationary,15,Neural SDE (Euler),70.0,,,False
combined,bistable,stationary,15,Neural SDE (Euler),78.0,,,False
combined,bistable,stationary,15,SINDy-STLSQ,38.0,,,False
combined,bistable,stationary,15,SINDy-STLSQ,54.0,,,False
combined,bistable,stationary,15,SINDy-STLSQ,70.0,,,False
combined,bistable,stationary,15,SINDy-STLSQ,78.0,,,False
combined,bistable,stationary,16,Bayesian SINDy (spike-slab),38.0,,,False
combined,bistable,stationary,16,Bayesian SINDy (spike-slab),54.0,,,False
combined,bistable,stationary,16,Bayesian SINDy (spike-slab),70.0,,,False
combined,bistable,stationary,16,Bayesian SINDy (spike-slab),78.0,,,False
combined,bistable,stationary,16,Kalman OU,38.0,0.0,0.0,True
combined,bistable,stationary,16,Kalman OU,54.0,1.6688980903088737,0.08459227783434584,True
combined,bistable,stationary,16,Kalman OU,70.0,0.0,0.0,True
combined,bistable,stationary,16,Kalman OU,78.0,0.0,0.0,True
combined,bistable,stationary,16,Latent Neural SDE (VI),38.0,-0.7419825792312622,-0.059807284528224945,True
combined,bistable,stationary,16,Latent Neural SDE (VI),54.0,-0.007682681083679199,-0.05282835171672687,True
combined,bistable,stationary,16,Latent Neural SDE (VI),70.0,-0.4399220943450928,-0.05756646184278109,True
combined,bistable,stationary,16,Latent Neural SDE (VI),78.0,-1.1603926420211792,-0.05708909251131424,True
combined,bistable,stationary,16,Moment OU,38.0,,,False
combined,bistable,stationary,16,Moment OU,54.0,,,False
combined,bistable,stationary,16,Moment OU,70.0,,,False
combined,bistable,stationary,16,Moment OU,78.0,,,False
combined,bistable,stationary,16,Neural SDE (Euler),38.0,,,False
combined,bistable,stationary,16,Neural SDE (Euler),54.0,,,False
combined,bistable,stationary,16,Neural SDE (Euler),70.0,,,False
combined,bistable,stationary,16,Neural SDE (Euler),78.0,,,False
combined,bistable,stationary,16,SINDy-STLSQ,38.0,,,False
combined,bistable,stationary,16,SINDy-STLSQ,54.0,,,False
combined,bistable,stationary,16,SINDy-STLSQ,70.0,,,False
combined,bistable,stationary,16,SINDy-STLSQ,78.0,,,False
combined,bistable,stationary,17,Bayesian SINDy (spike-slab),38.0,,,False
combined,bistable,stationary,17,Bayesian SINDy (spike-slab),54.0,,,False
combined,bistable,stationary,17,Bayesian SINDy (spike-slab),70.0,,,False
combined,bistable,stationary,17,Bayesian SINDy (spike-slab),78.0,,,False
combined,bistable,stationary,17,Kalman OU,38.0,1.8844410216722411,0.11000595759582561,True
combined,bistable,stationary,17,Kalman OU,54.0,0.0,0.0,True
combined,bistable,stationary,17,Kalman OU,70.0,0.0,0.0,True
combined,bistable,stationary,17,Kalman OU,78.0,0.0,0.0,True
combined,bistable,stationary,17,Latent Neural SDE (VI),38.0,0.7384839653968811,0.06366911900258573,True
combined,bistable,stationary,17,Latent Neural SDE (VI),54.0,-0.2634233236312866,-0.012179403527028398,True
combined,bistable,stationary,17,Latent Neural SDE (VI),70.0,-0.11492717266082764,0.02011611153105418,True
combined,bistable,stationary,17,Latent Neural SDE (VI),78.0,0.14818406105041504,0.013970364601504026,True
combined,bistable,stationary,17,Moment OU,38.0,,,False
combined,bistable,stationary,17,Moment OU,54.0,,,False
combined,bistable,stationary,17,Moment OU,70.0,,,False
combined,bistable,stationary,17,Moment OU,78.0,,,False
combined,bistable,stationary,17,Neural SDE (Euler),38.0,,,False
combined,bistable,stationary,17,Neural SDE (Euler),54.0,,,False
combined,bistable,stationary,17,Neural SDE (Euler),70.0,,,False
combined,bistable,stationary,17,Neural SDE (Euler),78.0,,,False
combined,bistable,stationary,17,SINDy-STLSQ,38.0,,,False
combined,bistable,stationary,17,SINDy-STLSQ,54.0,,,False
combined,bistable,stationary,17,SINDy-STLSQ,70.0,,,False
combined,bistable,stationary,17,SINDy-STLSQ,78.0,,,False
combined,bistable,stationary,18,Bayesian SINDy (spike-slab),38.0,-0.08064641449698895,-0.01257146236658551,True
combined,bistable,stationary,18,Bayesian SINDy (spike-slab),54.0,0.1256424175928874,0.015716790182346507,True
combined,bistable,stationary,18,Bayesian SINDy (spike-slab),70.0,,,False
combined,bistable,stationary,18,Bayesian SINDy (spike-slab),78.0,1.0180332350752805,-0.0029963288701360877,True
combined,bistable,stationary,18,Kalman OU,38.0,0.0,0.0,True
combined,bistable,stationary,18,Kalman OU,54.0,0.0,0.0,True
combined,bistable,stationary,18,Kalman OU,70.0,0.0,0.0,True
combined,bistable,stationary,18,Kalman OU,78.0,2.7082935222285296,0.021267632883085755,True
combined,bistable,stationary,18,Latent Neural SDE (VI),38.0,1.0815716981887817,-0.01981949766102928,True
combined,bistable,stationary,18,Latent Neural SDE (VI),54.0,0.9099166393280029,0.00862255534476869,True
combined,bistable,stationary,18,Latent Neural SDE (VI),70.0,1.6687912344932556,0.0701499654649857,True
combined,bistable,stationary,18,Latent Neural SDE (VI),78.0,1.0404958724975586,-0.023314038274458472,True
combined,bistable,stationary,18,Moment OU,38.0,,,False
combined,bistable,stationary,18,Moment OU,54.0,,,False
combined,bistable,stationary,18,Moment OU,70.0,,,False
combined,bistable,stationary,18,Moment OU,78.0,,,False
combined,bistable,stationary,18,Neural SDE (Euler),38.0,0.9414623975753784,-0.009733322635183568,True
combined,bistable,stationary,18,Neural SDE (Euler),54.0,1.098769187927246,0.021785873623685247,True
combined,bistable,stationary,18,Neural SDE (Euler),70.0,,,False
combined,bistable,stationary,18,Neural SDE (Euler),78.0,1.828203797340393,-0.011718063042817979,True
combined,bistable,stationary,18,SINDy-STLSQ,38.0,-0.6397936284718619,-0.015775371918129645,True
combined,bistable,stationary,18,SINDy-STLSQ,54.0,-0.34737374172144553,0.01154499241517494,True
combined,bistable,stationary,18,SINDy-STLSQ,70.0,,,False
combined,bistable,stationary,18,SINDy-STLSQ,78.0,-0.03776454813797292,-0.013854840358002128,True
combined,bistable,stationary,19,Bayesian SINDy (spike-slab),38.0,,,False
combined,bistable,stationary,19,Bayesian SINDy (spike-slab),54.0,-0.44595177448955453,-0.006482350769423474,True
combined,bistable,stationary,19,Bayesian SINDy (spike-slab),70.0,0.03740890196738113,0.0022239319425721576,True
combined,bistable,stationary,19,Bayesian SINDy (spike-slab),78.0,-0.52372117939903,0.0025618098700087577,True
combined,bistable,stationary,19,Kalman OU,38.0,-2.3397495491205307,-0.0721377253231471,True
combined,bistable,stationary,19,Kalman OU,54.0,-2.3397495491205307,-0.0721377253231471,True
combined,bistable,stationary,19,Kalman OU,70.0,-0.05300590331271238,0.00985464134720103,True
combined,bistable,stationary,19,Kalman OU,78.0,-0.24240091894123938,0.03231609397831853,True
combined,bistable,stationary,19,Latent Neural SDE (VI),38.0,-0.5183445811271667,-0.013081544166360558,True
combined,bistable,stationary,19,Latent Neural SDE (VI),54.0,-0.014305472373962402,-0.011179808700182835,True
combined,bistable,stationary,19,Latent Neural SDE (VI),70.0,0.40255194902420044,0.010347095405585774,True
combined,bistable,stationary,19,Latent Neural SDE (VI),78.0,-0.8272603154182434,0.013409202322707856,True
combined,bistable,stationary,19,Moment OU,38.0,,,False
combined,bistable,stationary,19,Moment OU,54.0,,,False
combined,bistable,stationary,19,Moment OU,70.0,,,False
combined,bistable,stationary,19,Moment OU,78.0,,,False
combined,bistable,stationary,19,Neural SDE (Euler),38.0,,,False
combined,bistable,stationary,19,Neural SDE (Euler),54.0,-0.5681130886077881,0.005853946247310948,True
combined,bistable,stationary,19,Neural SDE (Euler),70.0,0.5831332206726074,0.015574721560159155,True
combined,bistable,stationary,19,Neural SDE (Euler),78.0,-2.9951765537261963,-0.010771795998951568,True
combined,bistable,stationary,19,SINDy-STLSQ,38.0,,,False
combined,bistable,stationary,19,SINDy-STLSQ,54.0,0.42027812269922304,-0.006949000691760604,True
combined,bistable,stationary,19,SINDy-STLSQ,70.0,0.2640055206589276,0.002036634613358901,True
combined,bistable,stationary,19,SINDy-STLSQ,78.0,-1.437591157358871,-0.015313766614024518,True
combined,bistable,stationary,20,Bayesian SINDy (spike-slab),38.0,0.5930444383865727,0.035482946906981346,True
combined,bistable,stationary,20,Bayesian SINDy (spike-slab),54.0,,,False
combined,bistable,stationary,20,Bayesian SINDy (spike-slab),70.0,0.31060883492724267,-0.016531528880794462,True
combined,bistable,stationary,20,Bayesian SINDy (spike-slab),78.0,,,False
combined,bistable,stationary,20,Kalman OU,38.0,1.6581313817013796,0.060398098742428505,True
combined,bistable,stationary,20,Kalman OU,54.0,0.0,0.0,True
combined,bistable,stationary,20,Kalman OU,70.0,0.08037414981848601,0.15644985351219642,True
combined,bistable,stationary,20,Kalman OU,78.0,0.42077451955467327,0.15233394384594787,True
combined,bistable,stationary,20,Latent Neural SDE (VI),38.0,-0.7924816608428955,0.0289993396063241,True
combined,bistable,stationary,20,Latent Neural SDE (VI),54.0,0.2916976809501648,0.010443058715395831,True
combined,bistable,stationary,20,Latent Neural SDE (VI),70.0,0.32819461822509766,-0.007727097644417091,True
combined,bistable,stationary,20,Latent Neural SDE (VI),78.0,-0.07775008678436279,-0.010418632095057029,True
combined,bistable,stationary,20,Moment OU,38.0,,,False
combined,bistable,stationary,20,Moment OU,54.0,,,False
combined,bistable,stationary,20,Moment OU,70.0,,,False
combined,bistable,stationary,20,Moment OU,78.0,,,False
combined,bistable,stationary,20,Neural SDE (Euler),38.0,-0.48820066452026367,0.04007428729884517,True
combined,bistable,stationary,20,Neural SDE (Euler),54.0,,,False
combined,bistable,stationary,20,Neural SDE (Euler),70.0,-0.013434886932373047,-0.012228530550303297,True
combined,bistable,stationary,20,Neural SDE (Euler),78.0,,,False
combined,bistable,stationary,20,SINDy-STLSQ,38.0,-0.5801250486031273,0.0402857548757378,True
combined,bistable,stationary,20,SINDy-STLSQ,54.0,,,False
combined,bistable,stationary,20,SINDy-STLSQ,70.0,-0.44698070862195105,-0.01630672437018632,True
combined,bistable,stationary,20,SINDy-STLSQ,78.0,,,False
combined,bistable,stationary,21,Bayesian SINDy (spike-slab),38.0,,,False
combined,bistable,stationary,21,Bayesian SINDy (spike-slab),54.0,,,False
combined,bistable,stationary,21,Bayesian SINDy (spike-slab),70.0,,,False
combined,bistable,stationary,21,Bayesian SINDy (spike-slab),78.0,,,False
combined,bistable,stationary,21,Kalman OU,38.0,0.0,0.0,True
combined,bistable,stationary,21,Kalman OU,54.0,1.3344358422102494,0.1605931360890982,True
combined,bistable,stationary,21,Kalman OU,70.0,1.9262273388465558,0.0725754987309101,True
combined,bistable,stationary,21,Kalman OU,78.0,0.0,0.14682908124260063,True
combined,bistable,stationary,21,Latent Neural SDE (VI),38.0,-0.7180377244949341,-0.020568488417671255,True
combined,bistable,stationary,21,Latent Neural SDE (VI),54.0,0.13513153791427612,0.042397398856485566,True
combined,bistable,stationary,21,Latent Neural SDE (VI),70.0,0.3459775447845459,-0.01601565627998136,True
combined,bistable,stationary,21,Latent Neural SDE (VI),78.0,-0.5638705492019653,-0.022370776163474493,True
combined,bistable,stationary,21,Moment OU,38.0,,,False
combined,bistable,stationary,21,Moment OU,54.0,,,False
combined,bistable,stationary,21,Moment OU,70.0,,,False
combined,bistable,stationary,21,Moment OU,78.0,,,False
combined,bistable,stationary,21,Neural SDE (Euler),38.0,,,False
combined,bistable,stationary,21,Neural SDE (Euler),54.0,,,False
combined,bistable,stationary,21,Neural SDE (Euler),70.0,,,False
combined,bistable,stationary,21,Neural SDE (Euler),78.0,,,False
combined,bistable,stationary,21,SINDy-STLSQ,38.0,,,False
combined,bistable,stationary,21,SINDy-STLSQ,54.0,,,False
combined,bistable,stationary,21,SINDy-STLSQ,70.0,,,False
combined,bistable,stationary,21,SINDy-STLSQ,78.0,,,False
combined,bistable,stationary,22,Bayesian SINDy (spike-slab),38.0,1.3630886851362807,0.012442942395860995,True
combined,bistable,stationary,22,Bayesian SINDy (spike-slab),54.0,1.861067688358996,0.008878958309425256,True
combined,bistable,stationary,22,Bayesian SINDy (spike-slab),70.0,,,False
combined,bistable,stationary,22,Bayesian SINDy (spike-slab),78.0,1.1977870611774712,-0.008098486530586466,True
combined,bistable,stationary,22,Kalman OU,38.0,2.425709799355028,0.017874630006899064,True
combined,bistable,stationary,22,Kalman OU,54.0,2.7247667878721336,0.02020589481079938,True
combined,bistable,stationary,22,Kalman OU,70.0,0.0,0.0,True
combined,bistable,stationary,22,Kalman OU,78.0,0.0,0.0,True
combined,bistable,stationary,22,Latent Neural SDE (VI),38.0,0.07830095291137695,0.002995128509453812,True
combined,bistable,stationary,22,Latent Neural SDE (VI),54.0,0.48197656869888306,-0.01629737702882804,True
combined,bistable,stationary,22,Latent Neural SDE (VI),70.0,0.6289852261543274,-0.022087553810900967,True
combined,bistable,stationary,22,Latent Neural SDE (VI),78.0,0.037555694580078125,-0.024454895797287407,True
combined,bistable,stationary,22,Moment OU,38.0,,,False
combined,bistable,stationary,22,Moment OU,54.0,,,False
combined,bistable,stationary,22,Moment OU,70.0,,,False
combined,bistable,stationary,22,Moment OU,78.0,,,False
combined,bistable,stationary,22,Neural SDE (Euler),38.0,0.0218503475189209,0.018223401850387108,True
combined,bistable,stationary,22,Neural SDE (Euler),54.0,0.5773274898529053,-0.0007177577455063366,True
combined,bistable,stationary,22,Neural SDE (Euler),70.0,,,False
combined,bistable,stationary,22,Neural SDE (Euler),78.0,0.31254124641418457,-0.005988460001051715,True
combined,bistable,stationary,22,SINDy-STLSQ,38.0,2.260757753715225,0.008176433616114143,True
combined,bistable,stationary,22,SINDy-STLSQ,54.0,2.178486952534514,0.0019477430364115977,True
combined,bistable,stationary,22,SINDy-STLSQ,70.0,,,False
combined,bistable,stationary,22,SINDy-STLSQ,78.0,3.2556125580804873,-0.007567976698136178,True
combined,bistable,stationary,23,Bayesian SINDy (spike-slab),38.0,-2.433028464122371,-0.007461574577254965,True
combined,bistable,stationary,23,Bayesian SINDy (spike-slab),54.0,-1.4975378687225975,-0.031471305821244466,True
combined,bistable,stationary,23,Bayesian SINDy (spike-slab),70.0,-1.4262768433867183,-0.02340396297968985,True
combined,bistable,stationary,23,Bayesian SINDy (spike-slab),78.0,-1.360411049221484,-0.014048963597322314,True
combined,bistable,stationary,23,Kalman OU,38.0,-1.503654299777373,0.034331884923731903,True
combined,bistable,stationary,23,Kalman OU,54.0,-1.503654299777373,-0.11965081788694187,True
combined,bistable,stationary,23,Kalman OU,70.0,-1.503654299777373,-0.11965081788694187,True
combined,bistable,stationary,23,Kalman OU,78.0,-1.503654299777373,-0.11965081788694187,True
combined,bistable,stationary,23,Latent Neural SDE (VI),38.0,-1.2392581701278687,-0.01327222813994515,True
combined,bistable,stationary,23,Latent Neural SDE (VI),54.0,-0.7901191711425781,-0.04160400520809241,True
combined,bistable,stationary,23,Latent Neural SDE (VI),70.0,-0.9550473690032959,-0.038352274539305675,True
combined,bistable,stationary,23,Latent Neural SDE (VI),78.0,-0.9514645338058472,-0.020200029284820856,True
combined,bistable,stationary,23,Moment OU,38.0,,,False
combined,bistable,stationary,23,Moment OU,54.0,,,False
combined,bistable,stationary,23,Moment OU,70.0,,,False
combined,bistable,stationary,23,Moment OU,78.0,,,False
combined,bistable,stationary,23,Neural SDE (Euler),38.0,-0.1935969591140747,0.033708596127076024,True
combined,bistable,stationary,23,Neural SDE (Euler),54.0,-0.48258376121520996,-0.039889259006306216,True
combined,bistable,stationary,23,Neural SDE (Euler),70.0,-0.4468632936477661,-0.04154674553953744,True
combined,bistable,stationary,23,Neural SDE (Euler),78.0,-0.822462797164917,-0.03649605595996533,True
combined,bistable,stationary,23,SINDy-STLSQ,38.0,-22.136475475926808,-0.03469752409778283,True
combined,bistable,stationary,23,SINDy-STLSQ,54.0,-0.9215709416533855,-0.027735298775965027,True
combined,bistable,stationary,23,SINDy-STLSQ,70.0,-1.1095792086095024,-0.01862121948923101,True
combined,bistable,stationary,23,SINDy-STLSQ,78.0,-0.5527654873718835,-0.00891977796926273,True
combined,bistable,stationary,24,Bayesian SINDy (spike-slab),38.0,,,False
combined,bistable,stationary,24,Bayesian SINDy (spike-slab),54.0,,,False
combined,bistable,stationary,24,Bayesian SINDy (spike-slab),70.0,,,False
combined,bistable,stationary,24,Bayesian SINDy (spike-slab),78.0,,,False
combined,bistable,stationary,24,Kalman OU,38.0,2.4465796738616286,0.04932708559499788,True
combined,bistable,stationary,24,Kalman OU,54.0,0.0,0.0,True
combined,bistable,stationary,24,Kalman OU,70.0,0.0,0.0,True
combined,bistable,stationary,24,Kalman OU,78.0,0.0,0.0,True
combined,bistable,stationary,24,Latent Neural SDE (VI),38.0,2.5836101770401,0.018032898684373452,True
combined,bistable,stationary,24,Latent Neural SDE (VI),54.0,1.5178978443145752,0.022684607049455838,True
combined,bistable,stationary,24,Latent Neural SDE (VI),70.0,2.676200747489929,-0.01930967108902331,True
combined,bistable,stationary,24,Latent Neural SDE (VI),78.0,1.9890064001083374,0.005085960087156394,True
combined,bistable,stationary,24,Moment OU,38.0,,,False
combined,bistable,stationary,24,Moment OU,54.0,,,False
combined,bistable,stationary,24,Moment OU,70.0,,,False
combined,bistable,stationary,24,Moment OU,78.0,,,False
combined,bistable,stationary,24,Neural SDE (Euler),38.0,,,False
combined,bistable,stationary,24,Neural SDE (Euler),54.0,,,False
combined,bistable,stationary,24,Neural SDE (Euler),70.0,,,False
combined,bistable,stationary,24,Neural SDE (Euler),78.0,,,False
combined,bistable,stationary,24,SINDy-STLSQ,38.0,,,False
combined,bistable,stationary,24,SINDy-STLSQ,54.0,,,False
combined,bistable,stationary,24,SINDy-STLSQ,70.0,,,False
combined,bistable,stationary,24,SINDy-STLSQ,78.0,,,False
combined,bistable,stationary,25,Bayesian SINDy (spike-slab),38.0,,,False
combined,bistable,stationary,25,Bayesian SINDy (spike-slab),54.0,,,False
combined,bistable,stationary,25,Bayesian SINDy (spike-slab),70.0,,,False
combined,bistable,stationary,25,Bayesian SINDy (spike-slab),78.0,,,False
combined,bistable,stationary,25,Kalman OU,38.0,-0.8201144993626843,-0.1882150776206506,True
combined,bistable,stationary,25,Kalman OU,54.0,-0.8201144993626843,-0.1882150776206506,True
combined,bistable,stationary,25,Kalman OU,70.0,0.2036544723096696,-0.1026826488939929,True
combined,bistable,stationary,25,Kalman OU,78.0,1.6519851017557472,-0.13599712165023514,True
combined,bistable,stationary,25,Latent Neural SDE (VI),38.0,-1.818533182144165,-0.0543860664443105,True
combined,bistable,stationary,25,Latent Neural SDE (VI),54.0,0.2194424867630005,-0.040379972757073515,True
combined,bistable,stationary,25,Latent Neural SDE (VI),70.0,1.0110110640525818,-0.07193818637819874,True
combined,bistable,stationary,25,Latent Neural SDE (VI),78.0,1.0070127248764038,-0.0736696324399721,True
combined,bistable,stationary,25,Moment OU,38.0,,,False
combined,bistable,stationary,25,Moment OU,54.0,,,False
combined,bistable,stationary,25,Moment OU,70.0,,,False
combined,bistable,stationary,25,Moment OU,78.0,,,False
combined,bistable,stationary,25,Neural SDE (Euler),38.0,,,False
combined,bistable,stationary,25,Neural SDE (Euler),54.0,,,False
combined,bistable,stationary,25,Neural SDE (Euler),70.0,,,False
combined,bistable,stationary,25,Neural SDE (Euler),78.0,,,False
combined,bistable,stationary,25,SINDy-STLSQ,38.0,,,False
combined,bistable,stationary,25,SINDy-STLSQ,54.0,,,False
combined,bistable,stationary,25,SINDy-STLSQ,70.0,,,False
combined,bistable,stationary,25,SINDy-STLSQ,78.0,,,False
combined,bistable,stationary,26,Bayesian SINDy (spike-slab),38.0,0.5581450460137845,0.012087179300194636,True
combined,bistable,stationary,26,Bayesian SINDy (spike-slab),54.0,-0.9786565624728697,-0.025748450447449424,True
combined,bistable,stationary,26,Bayesian SINDy (spike-slab),70.0,,,False
combined,bistable,stationary,26,Bayesian SINDy (spike-slab),78.0,0.6250638124732224,0.015750936797040968,True
combined,bistable,stationary,26,Kalman OU,38.0,0.8776644897132884,-0.018335350895089433,True
combined,bistable,stationary,26,Kalman OU,54.0,1.2776540599308017,-0.07422489346289614,True
combined,bistable,stationary,26,Kalman OU,70.0,-0.86651753821481,0.014515150999485193,True
combined,bistable,stationary,26,Kalman OU,78.0,0.4748445817209601,0.008722993956109898,True
combined,bistable,stationary,26,Latent Neural SDE (VI),38.0,0.693835437297821,-0.018951586092091674,True
combined,bistable,stationary,26,Latent Neural SDE (VI),54.0,-0.28311705589294434,-0.021692359110702462,True
combined,bistable,stationary,26,Latent Neural SDE (VI),70.0,0.6977841258049011,0.00742330647572275,True
combined,bistable,stationary,26,Latent Neural SDE (VI),78.0,0.5716714859008789,0.026050278398807337,True
combined,bistable,stationary,26,Moment OU,38.0,,,False
combined,bistable,stationary,26,Moment OU,54.0,,,False
combined,bistable,stationary,26,Moment OU,70.0,,,False
combined,bistable,stationary,26,Moment OU,78.0,,,False
combined,bistable,stationary,26,Neural SDE (Euler),38.0,1.1757259964942932,-0.04408786240162255,True
combined,bistable,stationary,26,Neural SDE (Euler),54.0,-1.0138319730758667,-0.03335702879259428,True
combined,bistable,stationary,26,Neural SDE (Euler),70.0,,,False
combined,bistable,stationary,26,Neural SDE (Euler),78.0,1.3205772638320923,0.06115916973591404,True
combined,bistable,stationary,26,SINDy-STLSQ,38.0,0.29385097427807094,0.008102623112671917,True
combined,bistable,stationary,26,SINDy-STLSQ,54.0,-2.5604947036008463,-0.04102330534071216,True
combined,bistable,stationary,26,SINDy-STLSQ,70.0,,,False
combined,bistable,stationary,26,SINDy-STLSQ,78.0,-0.6057536947979629,0.012156542284390698,True
combined,bistable,stationary,27,Bayesian SINDy (spike-slab),38.0,,,False
combined,bistable,stationary,27,Bayesian SINDy (spike-slab),54.0,-0.9064195151878821,0.005438212550948021,True
combined,bistable,stationary,27,Bayesian SINDy (spike-slab),70.0,-1.074652672822399,0.010612934558223194,True
combined,bistable,stationary,27,Bayesian SINDy (spike-slab),78.0,,,False
combined,bistable,stationary,27,Kalman OU,38.0,-1.4506710822897486,-0.06769205346909955,True
combined,bistable,stationary,27,Kalman OU,54.0,-1.4506710822897486,-0.06769205346909955,True
combined,bistable,stationary,27,Kalman OU,70.0,-1.4506710822897486,-0.06769205346909955,True
combined,bistable,stationary,27,Kalman OU,78.0,0.5280730877659845,-0.013853319523678506,True
combined,bistable,stationary,27,Latent Neural SDE (VI),38.0,-0.7312571108341217,0.025535001529751022,True
combined,bistable,stationary,27,Latent Neural SDE (VI),54.0,-1.9232760965824127,-0.0003371457789371063,True
combined,bistable,stationary,27,Latent Neural SDE (VI),70.0,-1.9484173357486725,-0.015180894949204111,True
combined,bistable,stationary,27,Latent Neural SDE (VI),78.0,-0.05610141158103943,-0.013827955153940592,True
combined,bistable,stationary,27,Moment OU,38.0,,,False
combined,bistable,stationary,27,Moment OU,54.0,,,False
combined,bistable,stationary,27,Moment OU,70.0,,,False
combined,bistable,stationary,27,Moment OU,78.0,,,False
combined,bistable,stationary,27,Neural SDE (Euler),38.0,,,False
combined,bistable,stationary,27,Neural SDE (Euler),54.0,-3.308560371398926,-0.017940948942139767,True
combined,bistable,stationary,27,Neural SDE (Euler),70.0,-1.7511980533599854,-0.0031452555200307264,True
combined,bistable,stationary,27,Neural SDE (Euler),78.0,,,False
combined,bistable,stationary,27,SINDy-STLSQ,38.0,,,False
combined,bistable,stationary,27,SINDy-STLSQ,54.0,-1.5457276913362126,0.005643984953609155,True
combined,bistable,stationary,27,SINDy-STLSQ,70.0,-0.805327599908811,0.018216575600863635,True
combined,bistable,stationary,27,SINDy-STLSQ,78.0,,,False
combined,bistable,stationary,28,Bayesian SINDy (spike-slab),38.0,,,False
combined,bistable,stationary,28,Bayesian SINDy (spike-slab),54.0,,,False
combined,bistable,stationary,28,Bayesian SINDy (spike-slab),70.0,,,False
combined,bistable,stationary,28,Bayesian SINDy (spike-slab),78.0,-1.0751704811476834,-0.008351980287553157,True
combined,bistable,stationary,28,Kalman OU,38.0,-0.8976108113358969,-0.15173963795893006,True
combined,bistable,stationary,28,Kalman OU,54.0,1.5714952282679633,-0.057482473869645084,True
combined,bistable,stationary,28,Kalman OU,70.0,-0.8976108113358969,-0.15173963795893006,True
combined,bistable,stationary,28,Kalman OU,78.0,-0.8976108113358969,-0.15173963795893006,True
combined,bistable,stationary,28,Latent Neural SDE (VI),38.0,-0.49181491136550903,-0.020326833131930372,True
combined,bistable,stationary,28,Latent Neural SDE (VI),54.0,-0.05998802185058594,0.005629543285662092,True
combined,bistable,stationary,28,Latent Neural SDE (VI),70.0,-0.9663393497467041,-0.05127448154119568,True
combined,bistable,stationary,28,Latent Neural SDE (VI),78.0,-0.3604738116264343,-0.010692584655730114,True
combined,bistable,stationary,28,Moment OU,38.0,,,False
combined,bistable,stationary,28,Moment OU,54.0,,,False
combined,bistable,stationary,28,Moment OU,70.0,,,False
combined,bistable,stationary,28,Moment OU,78.0,,,False
combined,bistable,stationary,28,Neural SDE (Euler),38.0,,,False
combined,bistable,stationary,28,Neural SDE (Euler),54.0,,,False
combined,bistable,stationary,28,Neural SDE (Euler),70.0,,,False
combined,bistable,stationary,28,Neural SDE (Euler),78.0,-0.016353249549865723,-0.023798613837806154,True
combined,bistable,stationary,28,SINDy-STLSQ,38.0,,,False
combined,bistable,stationary,28,SINDy-STLSQ,54.0,,,False
combined,bistable,stationary,28,SINDy-STLSQ,70.0,,,False
combined,bistable,stationary,28,SINDy-STLSQ,78.0,-0.7460584026524857,-0.006121131359726251,True
combined,bistable,stationary,29,Bayesian SINDy (spike-slab),38.0,-0.7686711136175948,-0.00979227414547132,True
combined,bistable,stationary,29,Bayesian SINDy (spike-slab),54.0,0.17428681455495687,0.03375993566057241,True
combined,bistable,stationary,29,Bayesian SINDy (spike-slab),70.0,0.14972519629023368,0.07920464855185194,True
combined,bistable,stationary,29,Bayesian SINDy (spike-slab),78.0,0.17365764560965655,0.0890695117389779,True
combined,bistable,stationary,29,Kalman OU,38.0,1.8665000864500536,-0.022095620090145762,True
combined,bistable,stationary,29,Kalman OU,54.0,1.545386702748659,-0.025608026930911174,True
combined,bistable,stationary,29,Kalman OU,70.0,0.4754077055609871,0.10072218502146477,True
combined,bistable,stationary,29,Kalman OU,78.0,0.2509614328542775,0.12807980470987634,True
combined,bistable,stationary,29,Latent Neural SDE (VI),38.0,1.1295828819274902,0.013503509730340216,True
combined,bistable,stationary,29,Latent Neural SDE (VI),54.0,0.4749809503555298,0.013844213503371158,True
combined,bistable,stationary,29,Latent Neural SDE (VI),70.0,-1.204763412475586,0.08596364094684626,True
combined,bistable,stationary,29,Latent Neural SDE (VI),78.0,-0.7832634449005127,0.05203666866778979,True
combined,bistable,stationary,29,Moment OU,38.0,,,False
combined,bistable,stationary,29,Moment OU,54.0,,,False
combined,bistable,stationary,29,Moment OU,70.0,,,False
combined,bistable,stationary,29,Moment OU,78.0,,,False
combined,bistable,stationary,29,Neural SDE (Euler),38.0,0.1614525318145752,0.017498425098104037,True
combined,bistable,stationary,29,Neural SDE (Euler),54.0,1.9002017974853516,0.010495791716982145,True
combined,bistable,stationary,29,Neural SDE (Euler),70.0,2.3588138818740845,0.12550936776499874,True
combined,bistable,stationary,29,Neural SDE (Euler),78.0,0.44864416122436523,0.09334065079297724,True
combined,bistable,stationary,29,SINDy-STLSQ,38.0,0.28998719032513876,-0.0077238512098125114,True
combined,bistable,stationary,29,SINDy-STLSQ,54.0,-0.060609416607654065,0.024399458994118856,True
combined,bistable,stationary,29,SINDy-STLSQ,70.0,0.098296883009374,0.06077750238319651,True
combined,bistable,stationary,29,SINDy-STLSQ,78.0,-0.17593108276407676,0.06862403424124339,True
combined,saddle_node,noise_growth,20,Bayesian SINDy (spike-slab),38.0,,,False
combined,saddle_node,noise_growth,20,Bayesian SINDy (spike-slab),54.0,1.0289133637255203,-0.049309607028142334,True
combined,saddle_node,noise_growth,20,Bayesian SINDy (spike-slab),70.0,,,False
combined,saddle_node,noise_growth,20,Bayesian SINDy (spike-slab),78.0,,,False
combined,saddle_node,noise_growth,20,Kalman OU,38.0,0.0,0.0,True
combined,saddle_node,noise_growth,20,Kalman OU,54.0,2.0733555968791912,0.05080062327031026,True
combined,saddle_node,noise_growth,20,Kalman OU,70.0,0.20846034912032074,0.1979091667797028,True
combined,saddle_node,noise_growth,20,Kalman OU,78.0,2.434234329301351,0.11376689881077398,True
combined,saddle_node,noise_growth,20,Latent Neural SDE (VI),38.0,1.0893052816390991,0.03623058954561624,True
combined,saddle_node,noise_growth,20,Latent Neural SDE (VI),54.0,1.5961619019508362,-0.006924069319745672,True
combined,saddle_node,noise_growth,20,Latent Neural SDE (VI),70.0,1.4147971272468567,0.08334342997943582,True
combined,saddle_node,noise_growth,20,Latent Neural SDE (VI),78.0,1.8468786478042603,0.06949245849240723,True
combined,saddle_node,noise_growth,20,Moment OU,38.0,,,False
combined,saddle_node,noise_growth,20,Moment OU,54.0,,,False
combined,saddle_node,noise_growth,20,Moment OU,70.0,,,False
combined,saddle_node,noise_growth,20,Moment OU,78.0,,,False
combined,saddle_node,noise_growth,20,Neural SDE (Euler),38.0,,,False
combined,saddle_node,noise_growth,20,Neural SDE (Euler),54.0,2.7331461906433105,-0.005093934664940403,True
combined,saddle_node,noise_growth,20,Neural SDE (Euler),70.0,,,False
combined,saddle_node,noise_growth,20,Neural SDE (Euler),78.0,,,False
combined,saddle_node,noise_growth,20,SINDy-STLSQ,38.0,,,False
combined,saddle_node,noise_growth,20,SINDy-STLSQ,54.0,2.3203673306570503,-0.043838162577404645,True
combined,saddle_node,noise_growth,20,SINDy-STLSQ,70.0,,,False
combined,saddle_node,noise_growth,20,SINDy-STLSQ,78.0,,,False
combined,saddle_node,noise_growth,21,Bayesian SINDy (spike-slab),38.0,,,False
combined,saddle_node,noise_growth,21,Bayesian SINDy (spike-slab),54.0,,,False
combined,saddle_node,noise_growth,21,Bayesian SINDy (spike-slab),70.0,,,False
combined,saddle_node,noise_growth,21,Bayesian SINDy (spike-slab),78.0,,,False
combined,saddle_node,noise_growth,21,Kalman OU,38.0,0.0,0.0,True
combined,saddle_node,noise_growth,21,Kalman OU,54.0,0.0,0.0,True
combined,saddle_node,noise_growth,21,Kalman OU,70.0,0.0,0.0,True
combined,saddle_node,noise_growth,21,Kalman OU,78.0,0.0,0.0,True
combined,saddle_node,noise_growth,21,Latent Neural SDE (VI),38.0,-1.6420842409133911,-0.057274554265926376,True
combined,saddle_node,noise_growth,21,Latent Neural SDE (VI),54.0,-0.6172388792037964,-0.04504637425009114,True
combined,saddle_node,noise_growth,21,Latent Neural SDE (VI),70.0,-0.46814239025115967,-0.015948692975921885,True
combined,saddle_node,noise_growth,21,Latent Neural SDE (VI),78.0,-0.3040461540222168,0.018002624872728995,True
combined,saddle_node,noise_growth,21,Moment OU,38.0,,,False
combined,saddle_node,noise_growth,21,Moment OU,54.0,,,False
combined,saddle_node,noise_growth,21,Moment OU,70.0,,,False
combined,saddle_node,noise_growth,21,Moment OU,78.0,,,False
combined,saddle_node,noise_growth,21,Neural SDE (Euler),38.0,,,False
combined,saddle_node,noise_growth,21,Neural SDE (Euler),54.0,,,False
combined,saddle_node,noise_growth,21,Neural SDE (Euler),70.0,,,False
combined,saddle_node,noise_growth,21,Neural SDE (Euler),78.0,,,False
combined,saddle_node,noise_growth,21,SINDy-STLSQ,38.0,,,False
combined,saddle_node,noise_growth,21,SINDy-STLSQ,54.0,,,False
combined,saddle_node,noise_growth,21,SINDy-STLSQ,70.0,,,False
combined,saddle_node,noise_growth,21,SINDy-STLSQ,78.0,,,False
combined,saddle_node,noise_growth,22,Bayesian SINDy (spike-slab),38.0,0.747667856102924,0.058605780333311645,True
combined,saddle_node,noise_growth,22,Bayesian SINDy (spike-slab),54.0,0.5208188237582594,0.029721262080303297,True
combined,saddle_node,noise_growth,22,Bayesian SINDy (spike-slab),70.0,0.9039201246874511,0.005681761865303676,True
combined,saddle_node,noise_growth,22,Bayesian SINDy (spike-slab),78.0,1.824312375842926,0.05999721621515105,True
combined,saddle_node,noise_growth,22,Kalman OU,38.0,-1.0727073262296551,-0.03125646132711893,True
combined,saddle_node,noise_growth,22,Kalman OU,54.0,-1.0727073262296551,-0.03125646132711893,True
combined,saddle_node,noise_growth,22,Kalman OU,70.0,-1.0727073262296551,0.060702657169798876,True
combined,saddle_node,noise_growth,22,Kalman OU,78.0,0.5211663346689022,0.1060146957485962,True
combined,saddle_node,noise_growth,22,Latent Neural SDE (VI),38.0,-1.1095748543739319,0.000491662729617176,True
combined,saddle_node,noise_growth,22,Latent Neural SDE (VI),54.0,-1.4993353486061096,0.007176310925782102,True
combined,saddle_node,noise_growth,22,Latent Neural SDE (VI),70.0,-0.32766634225845337,0.0056453234614354045,True
combined,saddle_node,noise_growth,22,Latent Neural SDE (VI),78.0,-1.10627681016922,0.030387098085793783,True
combined,saddle_node,noise_growth,22,Moment OU,38.0,,,False
combined,saddle_node,noise_growth,22,Moment OU,54.0,,,False
combined,saddle_node,noise_growth,22,Moment OU,70.0,,,False
combined,saddle_node,noise_growth,22,Moment OU,78.0,,,False
combined,saddle_node,noise_growth,22,Neural SDE (Euler),38.0,-0.9766851663589478,-0.02447026520313076,True
combined,saddle_node,noise_growth,22,Neural SDE (Euler),54.0,-1.3315883874893188,0.013227281349837118,True
combined,saddle_node,noise_growth,22,Neural SDE (Euler),70.0,-0.6292520761489868,0.019796569626851057,True
combined,saddle_node,noise_growth,22,Neural SDE (Euler),78.0,-2.053127646446228,0.03874893184574109,True
combined,saddle_node,noise_growth,22,SINDy-STLSQ,38.0,0.3226198447460451,0.06000618344294953,True
combined,saddle_node,noise_growth,22,SINDy-STLSQ,54.0,0.4220900065588147,0.03192026202434031,True
combined,saddle_node,noise_growth,22,SINDy-STLSQ,70.0,1.0839919679268835,0.014103734352300182,True
combined,saddle_node,noise_growth,22,SINDy-STLSQ,78.0,-0.027043409154911657,0.03793765826911992,True
combined,saddle_node,noise_growth,23,Bayesian SINDy (spike-slab),38.0,-0.21730003738493675,-0.03650240452928364,True
combined,saddle_node,noise_growth,23,Bayesian SINDy (spike-slab),54.0,-0.6633566445420241,-0.0016029580498077844,True
combined,saddle_node,noise_growth,23,Bayesian SINDy (spike-slab),70.0,,,False
combined,saddle_node,noise_growth,23,Bayesian SINDy (spike-slab),78.0,,,False
combined,saddle_node,noise_growth,23,Kalman OU,38.0,-0.7024452807230013,-0.03849343972506929,True
combined,saddle_node,noise_growth,23,Kalman OU,54.0,-1.5584839746301566,0.045896724316221105,True
combined,saddle_node,noise_growth,23,Kalman OU,70.0,-1.1855799298014016,0.03921026666026198,True
combined,saddle_node,noise_growth,23,Kalman OU,78.0,0.6522971054568767,-0.10592979820928998,True
combined,saddle_node,noise_growth,23,Latent Neural SDE (VI),38.0,-0.7644327282905579,-0.011268325998032985,True
combined,saddle_node,noise_growth,23,Latent Neural SDE (VI),54.0,-0.48945456743240356,0.011569098989768586,True
combined,saddle_node,noise_growth,23,Latent Neural SDE (VI),70.0,-0.9325596690177917,-0.023505960469369196,True
combined,saddle_node,noise_growth,23,Latent Neural SDE (VI),78.0,-0.5519651770591736,-0.03251322862098708,True
combined,saddle_node,noise_growth,23,Moment OU,38.0,,,False
combined,saddle_node,noise_growth,23,Moment OU,54.0,,,False
combined,saddle_node,noise_growth,23,Moment OU,70.0,,,False
combined,saddle_node,noise_growth,23,Moment OU,78.0,,,False
combined,saddle_node,noise_growth,23,Neural SDE (Euler),38.0,-0.9917274713516235,0.002308772693893818,True
combined,saddle_node,noise_growth,23,Neural SDE (Euler),54.0,-1.643297553062439,0.04661573427817907,True
combined,saddle_node,noise_growth,23,Neural SDE (Euler),70.0,,,False
combined,saddle_node,noise_growth,23,Neural SDE (Euler),78.0,,,False
combined,saddle_node,noise_growth,23,SINDy-STLSQ,38.0,-0.5428392860786481,-0.03661747133302234,True
combined,saddle_node,noise_growth,23,SINDy-STLSQ,54.0,-4.40371413076003,-0.00474739634862982,True
combined,saddle_node,noise_growth,23,SINDy-STLSQ,70.0,,,False
combined,saddle_node,noise_growth,23,SINDy-STLSQ,78.0,,,False
combined,saddle_node,noise_growth,24,Bayesian SINDy (spike-slab),38.0,,,False
combined,saddle_node,noise_growth,24,Bayesian SINDy (spike-slab),54.0,-1.0176037562578035,0.011132169622249513,True
combined,saddle_node,noise_growth,24,Bayesian SINDy (spike-slab),70.0,1.1088251141804657,0.07534564842952685,True
combined,saddle_node,noise_growth,24,Bayesian SINDy (spike-slab),78.0,,,False
combined,saddle_node,noise_growth,24,Kalman OU,38.0,2.772870901315776,0.02776934085606261,True
combined,saddle_node,noise_growth,24,Kalman OU,54.0,1.1332250100386037,0.15662872463014388,True
combined,saddle_node,noise_growth,24,Kalman OU,70.0,2.879669645431062,0.04194369335239495,True
combined,saddle_node,noise_growth,24,Kalman OU,78.0,0.19962522875734567,0.2250740410411321,True
combined,saddle_node,noise_growth,24,Latent Neural SDE (VI),38.0,0.7317582368850708,0.021503068628940643,True
combined,saddle_node,noise_growth,24,Latent Neural SDE (VI),54.0,0.7842291593551636,0.05439827906469461,True
combined,saddle_node,noise_growth,24,Latent Neural SDE (VI),70.0,0.7171744108200073,0.07103784088532852,True
combined,saddle_node,noise_growth,24,Latent Neural SDE (VI),78.0,0.45898258686065674,0.038638499392999494,True
combined,saddle_node,noise_growth,24,Moment OU,38.0,,,False
combined,saddle_node,noise_growth,24,Moment OU,54.0,,,False
combined,saddle_node,noise_growth,24,Moment OU,70.0,,,False
combined,saddle_node,noise_growth,24,Moment OU,78.0,,,False
combined,saddle_node,noise_growth,24,Neural SDE (Euler),38.0,,,False
combined,saddle_node,noise_growth,24,Neural SDE (Euler),54.0,-2.5301215648651123,-0.028510192666353323,True
combined,saddle_node,noise_growth,24,Neural SDE (Euler),70.0,-0.40696144104003906,-0.013843534338644894,True
combined,saddle_node,noise_growth,24,Neural SDE (Euler),78.0,,,False
combined,saddle_node,noise_growth,24,SINDy-STLSQ,38.0,,,False
combined,saddle_node,noise_growth,24,SINDy-STLSQ,54.0,-3.387579446115782,0.0009855603429537868,True
combined,saddle_node,noise_growth,24,SINDy-STLSQ,70.0,-1.3043704628241102,0.05548759255528818,True
combined,saddle_node,noise_growth,24,SINDy-STLSQ,78.0,,,False
combined,saddle_node,noise_growth,25,Bayesian SINDy (spike-slab),38.0,-0.7789718953802098,0.042702404758815427,True
combined,saddle_node,noise_growth,25,Bayesian SINDy (spike-slab),54.0,0.5393292912104425,0.03946197839460194,True
combined,saddle_node,noise_growth,25,Bayesian SINDy (spike-slab),70.0,,,False
combined,saddle_node,noise_growth,25,Bayesian SINDy (spike-slab),78.0,0.802790976095948,0.05930810297136217,True
combined,saddle_node,noise_growth,25,Kalman OU,38.0,-1.342517137708424,-0.061477452644701405,True
combined,saddle_node,noise_growth,25,Kalman OU,54.0,-0.3293946642083483,0.13553978248509402,True
combined,saddle_node,noise_growth,25,Kalman OU,70.0,-1.342517137708424,-0.061477452644701405,True
combined,saddle_node,noise_growth,25,Kalman OU,78.0,1.434193585344575,-0.03415427631699396,True
combined,saddle_node,noise_growth,25,Latent Neural SDE (VI),38.0,-1.3373929858207703,0.01602328195874264,True
combined,saddle_node,noise_growth,25,Latent Neural SDE (VI),54.0,-0.272036612033844,0.022944210862534217,True
combined,saddle_node,noise_growth,25,Latent Neural SDE (VI),70.0,-1.4000303149223328,-0.017227961755587183,True
combined,saddle_node,noise_growth,25,Latent Neural SDE (VI),78.0,-0.5934242606163025,0.027405314225915398,True
combined,saddle_node,noise_growth,25,Moment OU,38.0,,,False
combined,saddle_node,noise_growth,25,Moment OU,54.0,,,False
combined,saddle_node,noise_growth,25,Moment OU,70.0,,,False
combined,saddle_node,noise_growth,25,Moment OU,78.0,,,False
combined,saddle_node,noise_growth,25,Neural SDE (Euler),38.0,-1.3260090351104736,0.04750598566895042,True
combined,saddle_node,noise_growth,25,Neural SDE (Euler),54.0,-2.0410526990890503,0.0027518122323787267,True
combined,saddle_node,noise_growth,25,Neural SDE (Euler),70.0,,,False
combined,saddle_node,noise_growth,25,Neural SDE (Euler),78.0,-0.26039159297943115,0.2050351790827014,True
combined,saddle_node,noise_growth,25,SINDy-STLSQ,38.0,-1.4091908461670999,0.04243150105120999,True
combined,saddle_node,noise_growth,25,SINDy-STLSQ,54.0,0.4777240797469706,0.03848411432443122,True
combined,saddle_node,noise_growth,25,SINDy-STLSQ,70.0,,,False
combined,saddle_node,noise_growth,25,SINDy-STLSQ,78.0,-1.7355532116217327,0.04578664409923537,True
combined,saddle_node,noise_growth,26,Bayesian SINDy (spike-slab),38.0,-0.5018720976569606,-0.032801541940293485,True
combined,saddle_node,noise_growth,26,Bayesian SINDy (spike-slab),54.0,1.2672966452742038,0.018459032269015158,True
combined,saddle_node,noise_growth,26,Bayesian SINDy (spike-slab),70.0,0.164817089786077,0.06751170707881606,True
combined,saddle_node,noise_growth,26,Bayesian SINDy (spike-slab),78.0,0.8107385528132448,0.05033729900181429,True
combined,saddle_node,noise_growth,26,Kalman OU,38.0,2.5203961912517974,0.034405594912965076,True
combined,saddle_node,noise_growth,26,Kalman OU,54.0,2.6263031702919646,0.05334538051957395,True
combined,saddle_node,noise_growth,26,Kalman OU,70.0,2.389811570465908,0.061128079892572434,True
combined,saddle_node,noise_growth,26,Kalman OU,78.0,2.2867525942750557,0.09871060655030402,True
combined,saddle_node,noise_growth,26,Latent Neural SDE (VI),38.0,0.7820851802825928,-0.018052627663297634,True
combined,saddle_node,noise_growth,26,Latent Neural SDE (VI),54.0,1.1051518321037292,0.009114118995098522,True
combined,saddle_node,noise_growth,26,Latent Neural SDE (VI),70.0,0.41515088081359863,0.09469947742157074,True
combined,saddle_node,noise_growth,26,Latent Neural SDE (VI),78.0,1.8308016657829285,0.05092555615890208,True
combined,saddle_node,noise_growth,26,Moment OU,38.0,,,False
combined,saddle_node,noise_growth,26,Moment OU,54.0,,,False
combined,saddle_node,noise_growth,26,Moment OU,70.0,,,False
combined,saddle_node,noise_growth,26,Moment OU,78.0,,,False
combined,saddle_node,noise_growth,26,Neural SDE (Euler),38.0,0.4393770694732666,-0.010264837539834017,True
combined,saddle_node,noise_growth,26,Neural SDE (Euler),54.0,-0.1058955192565918,0.02593449302888487,True
combined,saddle_node,noise_growth,26,Neural SDE (Euler),70.0,0.26381516456604004,0.11464444003690312,True
combined,saddle_node,noise_growth,26,Neural SDE (Euler),78.0,0.7033995389938354,0.08001899848592074,True
combined,saddle_node,noise_growth,26,SINDy-STLSQ,38.0,1.427681134763823,-0.014714691982873104,True
combined,saddle_node,noise_growth,26,SINDy-STLSQ,54.0,-0.017473728209694173,0.0035118969471290284,True
combined,saddle_node,noise_growth,26,SINDy-STLSQ,70.0,1.2953528441803168,0.08507353978789052,True
combined,saddle_node,noise_growth,26,SINDy-STLSQ,78.0,0.9486438758335689,0.04931971989424978,True
combined,saddle_node,noise_growth,27,Bayesian SINDy (spike-slab),38.0,,,False
combined,saddle_node,noise_growth,27,Bayesian SINDy (spike-slab),54.0,,,False
combined,saddle_node,noise_growth,27,Bayesian SINDy (spike-slab),70.0,,,False
combined,saddle_node,noise_growth,27,Bayesian SINDy (spike-slab),78.0,,,False
combined,saddle_node,noise_growth,27,Kalman OU,38.0,1.017113204124488,-0.07616479637314039,True
combined,saddle_node,noise_growth,27,Kalman OU,54.0,-1.3828051046983079,-0.15159930948195416,True
combined,saddle_node,noise_growth,27,Kalman OU,70.0,0.9157899733807773,-0.050600467331779767,True
combined,saddle_node,noise_growth,27,Kalman OU,78.0,-1.3828051046983079,0.036382305409140475,True
combined,saddle_node,noise_growth,27,Latent Neural SDE (VI),38.0,0.22439110279083252,-0.011599262876456573,True
combined,saddle_node,noise_growth,27,Latent Neural SDE (VI),54.0,-1.4217888116836548,0.018070443180423737,True
combined,saddle_node,noise_growth,27,Latent Neural SDE (VI),70.0,-0.12947499752044678,0.020473615294885117,True
combined,saddle_node,noise_growth,27,Latent Neural SDE (VI),78.0,-1.718469500541687,0.014659930064070084,True
combined,saddle_node,noise_growth,27,Moment OU,38.0,,,False
combined,saddle_node,noise_growth,27,Moment OU,54.0,,,False
combined,saddle_node,noise_growth,27,Moment OU,70.0,,,False
combined,saddle_node,noise_growth,27,Moment OU,78.0,,,False
combined,saddle_node,noise_growth,27,Neural SDE (Euler),38.0,,,False
combined,saddle_node,noise_growth,27,Neural SDE (Euler),54.0,,,False
combined,saddle_node,noise_growth,27,Neural SDE (Euler),70.0,,,False
combined,saddle_node,noise_growth,27,Neural SDE (Euler),78.0,,,False
combined,saddle_node,noise_growth,27,SINDy-STLSQ,38.0,,,False
combined,saddle_node,noise_growth,27,SINDy-STLSQ,54.0,,,False
combined,saddle_node,noise_growth,27,SINDy-STLSQ,70.0,,,False
combined,saddle_node,noise_growth,27,SINDy-STLSQ,78.0,,,False
combined,saddle_node,noise_growth,28,Bayesian SINDy (spike-slab),38.0,,,False
combined,saddle_node,noise_growth,28,Bayesian SINDy (spike-slab),54.0,,,False
combined,saddle_node,noise_growth,28,Bayesian SINDy (spike-slab),70.0,,,False
combined,saddle_node,noise_growth,28,Bayesian SINDy (spike-slab),78.0,,,False
combined,saddle_node,noise_growth,28,Kalman OU,38.0,-2.0024367484777335,-0.09166047958338779,True
combined,saddle_node,noise_growth,28,Kalman OU,54.0,-2.0024367484777335,-0.09166047958338779,True
combined,saddle_node,noise_growth,28,Kalman OU,70.0,-2.0024367484777335,-0.09166047958338779,True
combined,saddle_node,noise_growth,28,Kalman OU,78.0,-2.0024367484777335,-0.09166047958338779,True
combined,saddle_node,noise_growth,28,Latent Neural SDE (VI),38.0,-0.43968749046325684,0.02083891372831779,True
combined,saddle_node,noise_growth,28,Latent Neural SDE (VI),54.0,-0.8538141250610352,0.02307170239672967,True
combined,saddle_node,noise_growth,28,Latent Neural SDE (VI),70.0,-0.5926072597503662,0.0067786179814985775,True
combined,saddle_node,noise_growth,28,Latent Neural SDE (VI),78.0,-1.0552918910980225,0.021266997963869515,True
combined,saddle_node,noise_growth,28,Moment OU,38.0,,,False
combined,saddle_node,noise_growth,28,Moment OU,54.0,,,False
combined,saddle_node,noise_growth,28,Moment OU,70.0,,,False
combined,saddle_node,noise_growth,28,Moment OU,78.0,,,False
combined,saddle_node,noise_growth,28,Neural SDE (Euler),38.0,,,False
combined,saddle_node,noise_growth,28,Neural SDE (Euler),54.0,,,False
combined,saddle_node,noise_growth,28,Neural SDE (Euler),70.0,,,False
combined,saddle_node,noise_growth,28,Neural SDE (Euler),78.0,,,False
combined,saddle_node,noise_growth,28,SINDy-STLSQ,38.0,,,False
combined,saddle_node,noise_growth,28,SINDy-STLSQ,54.0,,,False
combined,saddle_node,noise_growth,28,SINDy-STLSQ,70.0,,,False
combined,saddle_node,noise_growth,28,SINDy-STLSQ,78.0,,,False
combined,saddle_node,noise_growth,29,Bayesian SINDy (spike-slab),38.0,,,False
combined,saddle_node,noise_growth,29,Bayesian SINDy (spike-slab),54.0,,,False
combined,saddle_node,noise_growth,29,Bayesian SINDy (spike-slab),70.0,,,False
combined,saddle_node,noise_growth,29,Bayesian SINDy (spike-slab),78.0,,,False
combined,saddle_node,noise_growth,29,Kalman OU,38.0,0.0,0.0,True
combined,saddle_node,noise_growth,29,Kalman OU,54.0,0.47747929429423186,0.18291537672258443,True
combined,saddle_node,noise_growth,29,Kalman OU,70.0,0.0,0.28726713729557196,True
combined,saddle_node,noise_growth,29,Kalman OU,78.0,0.0,0.0,True
combined,saddle_node,noise_growth,29,Latent Neural SDE (VI),38.0,-0.4812530279159546,0.022153463323081365,True
combined,saddle_node,noise_growth,29,Latent Neural SDE (VI),54.0,-0.4507720470428467,-0.01017569482179874,True
combined,saddle_node,noise_growth,29,Latent Neural SDE (VI),70.0,-0.0673837661743164,0.06147687784584169,True
combined,saddle_node,noise_growth,29,Latent Neural SDE (VI),78.0,-0.1731100082397461,0.06096681597760385,True
combined,saddle_node,noise_growth,29,Moment OU,38.0,,,False
combined,saddle_node,noise_growth,29,Moment OU,54.0,,,False
combined,saddle_node,noise_growth,29,Moment OU,70.0,,,False
combined,saddle_node,noise_growth,29,Moment OU,78.0,,,False
combined,saddle_node,noise_growth,29,Neural SDE (Euler),38.0,,,False
combined,saddle_node,noise_growth,29,Neural SDE (Euler),54.0,,,False
combined,saddle_node,noise_growth,29,Neural SDE (Euler),70.0,,,False
combined,saddle_node,noise_growth,29,Neural SDE (Euler),78.0,,,False
combined,saddle_node,noise_growth,29,SINDy-STLSQ,38.0,,,False
combined,saddle_node,noise_growth,29,SINDy-STLSQ,54.0,,,False
combined,saddle_node,noise_growth,29,SINDy-STLSQ,70.0,,,False
combined,saddle_node,noise_growth,29,SINDy-STLSQ,78.0,,,False
combined,saddle_node,stability_loss,20,Bayesian SINDy (spike-slab),38.0,-2.0207554915980563,-0.010890604956742336,True
combined,saddle_node,stability_loss,20,Bayesian SINDy (spike-slab),54.0,0.05915663907014923,0.02572311512073959,True
combined,saddle_node,stability_loss,20,Bayesian SINDy (spike-slab),70.0,-1.4296383941631463,-0.011683931332404737,True
combined,saddle_node,stability_loss,20,Bayesian SINDy (spike-slab),78.0,,,False
combined,saddle_node,stability_loss,20,Kalman OU,38.0,-0.6515494488171405,-0.1856985741253107,True
combined,saddle_node,stability_loss,20,Kalman OU,54.0,1.5486544898024204,-0.06321896757353657,True
combined,saddle_node,stability_loss,20,Kalman OU,70.0,-0.6515494488171405,-0.1856985741253107,True
combined,saddle_node,stability_loss,20,Kalman OU,78.0,-0.6515494488171405,-0.1856985741253107,True
combined,saddle_node,stability_loss,20,Latent Neural SDE (VI),38.0,-0.5327309370040894,-0.039683256934545656,True
combined,saddle_node,stability_loss,20,Latent Neural SDE (VI),54.0,0.11755216121673584,-0.04501789340482486,True
combined,saddle_node,stability_loss,20,Latent Neural SDE (VI),70.0,-0.7732996940612793,-0.03441119648854568,True
combined,saddle_node,stability_loss,20,Latent Neural SDE (VI),78.0,-1.2550716400146484,-0.03391034552943169,True
combined,saddle_node,stability_loss,20,Moment OU,38.0,,,False
combined,saddle_node,stability_loss,20,Moment OU,54.0,,,False
combined,saddle_node,stability_loss,20,Moment OU,70.0,,,False
combined,saddle_node,stability_loss,20,Moment OU,78.0,,,False
combined,saddle_node,stability_loss,20,Neural SDE (Euler),38.0,1.8125048875808716,0.026266594086556544,True
combined,saddle_node,stability_loss,20,Neural SDE (Euler),54.0,0.7127435207366943,-0.04681189310541636,True
combined,saddle_node,stability_loss,20,Neural SDE (Euler),70.0,0.8754150867462158,0.05606526611488899,True
combined,saddle_node,stability_loss,20,Neural SDE (Euler),78.0,,,False
combined,saddle_node,stability_loss,20,SINDy-STLSQ,38.0,3.1837783817771745,0.0004578466743852122,True
combined,saddle_node,stability_loss,20,SINDy-STLSQ,54.0,4.796316621878277,0.03561603016535381,True
combined,saddle_node,stability_loss,20,SINDy-STLSQ,70.0,3.1777159586199297,0.0006857442622207333,True
combined,saddle_node,stability_loss,20,SINDy-STLSQ,78.0,,,False
combined,saddle_node,stability_loss,21,Bayesian SINDy (spike-slab),38.0,,,False
combined,saddle_node,stability_loss,21,Bayesian SINDy (spike-slab),54.0,0.9315035706507072,-0.016303982300133663,True
combined,saddle_node,stability_loss,21,Bayesian SINDy (spike-slab),70.0,-1.0834374184366165,-0.004751885018613997,True
combined,saddle_node,stability_loss,21,Bayesian SINDy (spike-slab),78.0,-0.520502094245335,0.02474731926299782,True
combined,saddle_node,stability_loss,21,Kalman OU,38.0,1.5109675341529731,0.19087914937876377,True
combined,saddle_node,stability_loss,21,Kalman OU,54.0,2.2528137554967684,0.1213515843085694,True
combined,saddle_node,stability_loss,21,Kalman OU,70.0,0.0,0.0,True
combined,saddle_node,stability_loss,21,Kalman OU,78.0,0.0,0.0,True
combined,saddle_node,stability_loss,21,Latent Neural SDE (VI),38.0,0.8036044239997864,0.04030166387318021,True
combined,saddle_node,stability_loss,21,Latent Neural SDE (VI),54.0,0.9875381588935852,0.042257089488796404,True
combined,saddle_node,stability_loss,21,Latent Neural SDE (VI),70.0,-0.5879318714141846,0.000955621422436978,True
combined,saddle_node,stability_loss,21,Latent Neural SDE (VI),78.0,0.1942836046218872,0.016751047229039487,True
combined,saddle_node,stability_loss,21,Moment OU,38.0,,,False
combined,saddle_node,stability_loss,21,Moment OU,54.0,,,False
combined,saddle_node,stability_loss,21,Moment OU,70.0,,,False
combined,saddle_node,stability_loss,21,Moment OU,78.0,,,False
combined,saddle_node,stability_loss,21,Neural SDE (Euler),38.0,,,False
combined,saddle_node,stability_loss,21,Neural SDE (Euler),54.0,4.808188080787659,0.06284888412326933,True
combined,saddle_node,stability_loss,21,Neural SDE (Euler),70.0,1.5807113647460938,0.041025429798046284,True
combined,saddle_node,stability_loss,21,Neural SDE (Euler),78.0,1.269212007522583,0.057073797900006246,True
combined,saddle_node,stability_loss,21,SINDy-STLSQ,38.0,,,False
combined,saddle_node,stability_loss,21,SINDy-STLSQ,54.0,1.381448088308133,-0.008841440795561706,True
combined,saddle_node,stability_loss,21,SINDy-STLSQ,70.0,0.370161291983224,0.006140760111681215,True
combined,saddle_node,stability_loss,21,SINDy-STLSQ,78.0,0.12578895775142263,0.02723139140716002,True
combined,saddle_node,stability_loss,22,Bayesian SINDy (spike-slab),38.0,0.2722343782902217,0.011764030853266993,True
combined,saddle_node,stability_loss,22,Bayesian SINDy (spike-slab),54.0,-1.775757227273187,-0.0579366880742339,True
combined,saddle_node,stability_loss,22,Bayesian SINDy (spike-slab),70.0,-0.5456037310761092,-0.025747969505311177,True
combined,saddle_node,stability_loss,22,Bayesian SINDy (spike-slab),78.0,0.741503639342985,-0.04512657049525913,True
combined,saddle_node,stability_loss,22,Kalman OU,38.0,2.557644123387755,0.0760187330311379,True
combined,saddle_node,stability_loss,22,Kalman OU,54.0,0.0,0.0,True
combined,saddle_node,stability_loss,22,Kalman OU,70.0,0.0,0.0,True
combined,saddle_node,stability_loss,22,Kalman OU,78.0,2.1429559479266738,0.052497544196292434,True
combined,saddle_node,stability_loss,22,Latent Neural SDE (VI),38.0,0.5157387256622314,-0.007996774510824131,True
combined,saddle_node,stability_loss,22,Latent Neural SDE (VI),54.0,-1.0435292720794678,-0.043087201087874866,True
combined,saddle_node,stability_loss,22,Latent Neural SDE (VI),70.0,0.02069830894470215,-0.025407706131249076,True
combined,saddle_node,stability_loss,22,Latent Neural SDE (VI),78.0,0.771481454372406,-0.03847551815824873,True
combined,saddle_node,stability_loss,22,Moment OU,38.0,,,False
combined,saddle_node,stability_loss,22,Moment OU,54.0,,,False
combined,saddle_node,stability_loss,22,Moment OU,70.0,,,False
combined,saddle_node,stability_loss,22,Moment OU,78.0,,,False
combined,saddle_node,stability_loss,22,Neural SDE (Euler),38.0,0.5618041753768921,-0.043319565743939865,True
combined,saddle_node,stability_loss,22,Neural SDE (Euler),54.0,-0.5244108438491821,-0.07538153500107456,True
combined,saddle_node,stability_loss,22,Neural SDE (Euler),70.0,0.3362147808074951,-0.04053184905294524,True
combined,saddle_node,stability_loss,22,Neural SDE (Euler),78.0,0.16563737392425537,-0.07462145226043089,True
combined,saddle_node,stability_loss,22,SINDy-STLSQ,38.0,-0.38998720617242655,-0.003757056839929926,True
combined,saddle_node,stability_loss,22,SINDy-STLSQ,54.0,-1.5637939599158086,-0.053635085871951434,True
combined,saddle_node,stability_loss,22,SINDy-STLSQ,70.0,1.0392902848527328,-0.026178996669454738,True
combined,saddle_node,stability_loss,22,SINDy-STLSQ,78.0,-1.2816979461802371,-0.04527655592170255,True
combined,saddle_node,stability_loss,23,Bayesian SINDy (spike-slab),38.0,-0.5099220875956266,-0.00810302840342228,True
combined,saddle_node,stability_loss,23,Bayesian SINDy (spike-slab),54.0,-1.210317357170926,-0.04312361622598822,True
combined,saddle_node,stability_loss,23,Bayesian SINDy (spike-slab),70.0,-1.34828409493231,-0.0580504131220225,True
combined,saddle_node,stability_loss,23,Bayesian SINDy (spike-slab),78.0,-0.19390990915116102,-0.034018381531233696,True
combined,saddle_node,stability_loss,23,Kalman OU,38.0,-2.8795335434937983,-0.020624749637518154,True
combined,saddle_node,stability_loss,23,Kalman OU,54.0,-2.8795335434937983,-0.020624749637518154,True
combined,saddle_node,stability_loss,23,Kalman OU,70.0,-2.8795335434937983,-0.020624749637518154,True
combined,saddle_node,stability_loss,23,Kalman OU,78.0,-0.21471214009123896,-0.011537470165045464,True
combined,saddle_node,stability_loss,23,Latent Neural SDE (VI),38.0,-1.4508931636810303,-0.04577464073459449,True
combined,saddle_node,stability_loss,23,Latent Neural SDE (VI),54.0,-0.1670825481414795,-0.09039226047211854,True
combined,saddle_node,stability_loss,23,Latent Neural SDE (VI),70.0,-0.7779413461685181,-0.07713656486938789,True
combined,saddle_node,stability_loss,23,Latent Neural SDE (VI),78.0,0.45454347133636475,-0.08354794630182688,True
combined,saddle_node,stability_loss,23,Moment OU,38.0,,,False
combined,saddle_node,stability_loss,23,Moment OU,54.0,,,False
combined,saddle_node,stability_loss,23,Moment OU,70.0,,,False
combined,saddle_node,stability_loss,23,Moment OU,78.0,,,False
combined,saddle_node,stability_loss,23,Neural SDE (Euler),38.0,-0.957312822341919,0.01803089419694051,True
combined,saddle_node,stability_loss,23,Neural SDE (Euler),54.0,-0.24480867385864258,-0.03181202854975891,True
combined,saddle_node,stability_loss,23,Neural SDE (Euler),70.0,-1.0620174407958984,-0.07662227270733563,True
combined,saddle_node,stability_loss,23,Neural SDE (Euler),78.0,0.7955707311630249,-0.027671650385469565,True
combined,saddle_node,stability_loss,23,SINDy-STLSQ,38.0,0.4937478595532807,-0.009733059452086093,True
combined,saddle_node,stability_loss,23,SINDy-STLSQ,54.0,0.23692398865812292,-0.039915343475854494,True
combined,saddle_node,stability_loss,23,SINDy-STLSQ,70.0,-0.16432151518008498,-0.05338794227453067,True
combined,saddle_node,stability_loss,23,SINDy-STLSQ,78.0,1.8768707922304142,-0.0268403650394115,True
combined,saddle_node,stability_loss,24,Bayesian SINDy (spike-slab),38.0,,,False
combined,saddle_node,stability_loss,24,Bayesian SINDy (spike-slab),54.0,,,False
combined,saddle_node,stability_loss,24,Bayesian SINDy (spike-slab),70.0,,,False
combined,saddle_node,stability_loss,24,Bayesian SINDy (spike-slab),78.0,,,False
combined,saddle_node,stability_loss,24,Kalman OU,38.0,-0.6570239267345772,-0.1782061526000798,True
combined,saddle_node,stability_loss,24,Kalman OU,54.0,1.3575200753501333,-0.08613388914996768,True
combined,saddle_node,stability_loss,24,Kalman OU,70.0,1.312226502309662,-0.06478982589447427,True
combined,saddle_node,stability_loss,24,Kalman OU,78.0,-0.6570239267345772,-0.12947182313579214,True
combined,saddle_node,stability_loss,24,Latent Neural SDE (VI),38.0,-0.07793986797332764,-0.012116534211407112,True
combined,saddle_node,stability_loss,24,Latent Neural SDE (VI),54.0,-0.11823022365570068,-0.009029219270573971,True
combined,saddle_node,stability_loss,24,Latent Neural SDE (VI),70.0,0.05627405643463135,0.006044470889215364,True
combined,saddle_node,stability_loss,24,Latent Neural SDE (VI),78.0,-0.33502519130706787,0.010445051696664279,True
combined,saddle_node,stability_loss,24,Moment OU,38.0,,,False
combined,saddle_node,stability_loss,24,Moment OU,54.0,,,False
combined,saddle_node,stability_loss,24,Moment OU,70.0,,,False
combined,saddle_node,stability_loss,24,Moment OU,78.0,,,False
combined,saddle_node,stability_loss,24,Neural SDE (Euler),38.0,,,False
combined,saddle_node,stability_loss,24,Neural SDE (Euler),54.0,,,False
combined,saddle_node,stability_loss,24,Neural SDE (Euler),70.0,,,False
combined,saddle_node,stability_loss,24,Neural SDE (Euler),78.0,,,False
combined,saddle_node,stability_loss,24,SINDy-STLSQ,38.0,,,False
combined,saddle_node,stability_loss,24,SINDy-STLSQ,54.0,,,False
combined,saddle_node,stability_loss,24,SINDy-STLSQ,70.0,,,False
combined,saddle_node,stability_loss,24,SINDy-STLSQ,78.0,,,False
combined,saddle_node,stability_loss,25,Bayesian SINDy (spike-slab),38.0,-0.0396626891790508,0.02050601513699725,True
combined,saddle_node,stability_loss,25,Bayesian SINDy (spike-slab),54.0,-2.1605656667792137,-0.04523400128778027,True
combined,saddle_node,stability_loss,25,Bayesian SINDy (spike-slab),70.0,-1.5916266333914533,-0.02873105397846118,True
combined,saddle_node,stability_loss,25,Bayesian SINDy (spike-slab),78.0,,,False
combined,saddle_node,stability_loss,25,Kalman OU,38.0,0.28663477679634153,0.0230860371308248,True
combined,saddle_node,stability_loss,25,Kalman OU,54.0,-1.6361538554225872,-0.10779413874228208,True
combined,saddle_node,stability_loss,25,Kalman OU,70.0,0.6186835095859565,-0.04158093317191461,True
combined,saddle_node,stability_loss,25,Kalman OU,78.0,-0.27082389819434494,-0.014172889356321869,True
combined,saddle_node,stability_loss,25,Latent Neural SDE (VI),38.0,0.3219148516654968,0.046731888415064614,True
combined,saddle_node,stability_loss,25,Latent Neural SDE (VI),54.0,-1.9417513608932495,-0.010038985907822762,True
combined,saddle_node,stability_loss,25,Latent Neural SDE (VI),70.0,0.240106999874115,0.03394384426013682,True
combined,saddle_node,stability_loss,25,Latent Neural SDE (VI),78.0,-0.0490185022354126,-0.008680915256729864,True
combined,saddle_node,stability_loss,25,Moment OU,38.0,,,False
combined,saddle_node,stability_loss,25,Moment OU,54.0,,,False
combined,saddle_node,stability_loss,25,Moment OU,70.0,,,False
combined,saddle_node,stability_loss,25,Moment OU,78.0,,,False
combined,saddle_node,stability_loss,25,Neural SDE (Euler),38.0,-0.45991766452789307,0.05941462907166466,True
combined,saddle_node,stability_loss,25,Neural SDE (Euler),54.0,-2.017298698425293,-0.04445170204478478,True
combined,saddle_node,stability_loss,25,Neural SDE (Euler),70.0,-0.46412861347198486,0.00990246194789042,True
combined,saddle_node,stability_loss,25,Neural SDE (Euler),78.0,,,False
combined,saddle_node,stability_loss,25,SINDy-STLSQ,38.0,0.198639830440682,0.02111456827814362,True
combined,saddle_node,stability_loss,25,SINDy-STLSQ,54.0,-1.3968920322229574,-0.03366836423241136,True
combined,saddle_node,stability_loss,25,SINDy-STLSQ,70.0,-1.051259549523397,-0.021880025884333673,True
combined,saddle_node,stability_loss,25,SINDy-STLSQ,78.0,,,False
combined,saddle_node,stability_loss,26,Bayesian SINDy (spike-slab),38.0,0.07542545480786855,0.01859098738405585,True
combined,saddle_node,stability_loss,26,Bayesian SINDy (spike-slab),54.0,-0.26609222423164036,0.08835080865188268,True
combined,saddle_node,stability_loss,26,Bayesian SINDy (spike-slab),70.0,0.5236342898726005,0.07090250127976334,True
combined,saddle_node,stability_loss,26,Bayesian SINDy (spike-slab),78.0,-0.641891718646268,0.024734059010941074,True
combined,saddle_node,stability_loss,26,Kalman OU,38.0,-0.6586920349897384,0.004696502916760577,True
combined,saddle_node,stability_loss,26,Kalman OU,54.0,-2.808165323137601,-0.0051233868545462,True
combined,saddle_node,stability_loss,26,Kalman OU,70.0,-0.6688778831379595,0.10036836628255609,True
combined,saddle_node,stability_loss,26,Kalman OU,78.0,-1.136549840584678,0.12128837303336876,True
combined,saddle_node,stability_loss,26,Latent Neural SDE (VI),38.0,-0.22435450553894043,0.005657649423493651,True
combined,saddle_node,stability_loss,26,Latent Neural SDE (VI),54.0,-0.8016988039016724,0.046330543054327725,True
combined,saddle_node,stability_loss,26,Latent Neural SDE (VI),70.0,0.5390766859054565,0.031228303037583824,True
combined,saddle_node,stability_loss,26,Latent Neural SDE (VI),78.0,0.21267807483673096,0.03767996050221756,True
combined,saddle_node,stability_loss,26,Moment OU,38.0,,,False
combined,saddle_node,stability_loss,26,Moment OU,54.0,,,False
combined,saddle_node,stability_loss,26,Moment OU,70.0,,,False
combined,saddle_node,stability_loss,26,Moment OU,78.0,,,False
combined,saddle_node,stability_loss,26,Neural SDE (Euler),38.0,-0.8348293304443359,0.04089381150280462,True
combined,saddle_node,stability_loss,26,Neural SDE (Euler),54.0,-1.2017743587493896,0.08512170906856406,True
combined,saddle_node,stability_loss,26,Neural SDE (Euler),70.0,0.8809701800346375,0.05479684320486365,True
combined,saddle_node,stability_loss,26,Neural SDE (Euler),78.0,-0.835761547088623,0.07699221165191843,True
combined,saddle_node,stability_loss,26,SINDy-STLSQ,38.0,0.1477174513471915,0.0182378765861167,True
combined,saddle_node,stability_loss,26,SINDy-STLSQ,54.0,-0.4207641383462435,0.08699961619692635,True
combined,saddle_node,stability_loss,26,SINDy-STLSQ,70.0,-0.8316391877895479,0.046484980953079874,True
combined,saddle_node,stability_loss,26,SINDy-STLSQ,78.0,0.6550032433140611,0.02106403232991447,True
combined,saddle_node,stability_loss,27,Bayesian SINDy (spike-slab),38.0,-0.6104579006735789,-0.03999525233233805,True
combined,saddle_node,stability_loss,27,Bayesian SINDy (spike-slab),54.0,0.9812303817989421,0.015472993510490904,True
combined,saddle_node,stability_loss,27,Bayesian SINDy (spike-slab),70.0,-0.04162649557536269,0.00642919832548966,True
combined,saddle_node,stability_loss,27,Bayesian SINDy (spike-slab),78.0,-0.10682104964783767,6.806970831202408e-05,True
combined,saddle_node,stability_loss,27,Kalman OU,38.0,0.0,0.0,True
combined,saddle_node,stability_loss,27,Kalman OU,54.0,1.0691786980157811,0.12539519059529797,True
combined,saddle_node,stability_loss,27,Kalman OU,70.0,0.0,0.0,True
combined,saddle_node,stability_loss,27,Kalman OU,78.0,0.0,0.0,True
combined,saddle_node,stability_loss,27,Latent Neural SDE (VI),38.0,0.22421574592590332,-0.044351184015200766,True
combined,saddle_node,stability_loss,27,Latent Neural SDE (VI),54.0,-0.30709147453308105,-0.03866046338531056,True
combined,saddle_node,stability_loss,27,Latent Neural SDE (VI),70.0,-0.4292933940887451,-0.023385006396478572,True
combined,saddle_node,stability_loss,27,Latent Neural SDE (VI),78.0,-0.7194955348968506,-0.007500185896279266,True
combined,saddle_node,stability_loss,27,Moment OU,38.0,,,False
combined,saddle_node,stability_loss,27,Moment OU,54.0,,,False
combined,saddle_node,stability_loss,27,Moment OU,70.0,,,False
combined,saddle_node,stability_loss,27,Moment OU,78.0,,,False
combined,saddle_node,stability_loss,27,Neural SDE (Euler),38.0,-0.05736565589904785,-0.056037742672400304,True
combined,saddle_node,stability_loss,27,Neural SDE (Euler),54.0,0.5144471526145935,0.0035377978343349714,True
combined,saddle_node,stability_loss,27,Neural SDE (Euler),70.0,-0.14422321319580078,-0.004858587982094181,True
combined,saddle_node,stability_loss,27,Neural SDE (Euler),78.0,-0.6814935207366943,-0.0011529308015701956,True
combined,saddle_node,stability_loss,27,SINDy-STLSQ,38.0,-1.7621367055063657,-0.0545779607800055,True
combined,saddle_node,stability_loss,27,SINDy-STLSQ,54.0,-0.2866240070323438,0.007629497567489138,True
combined,saddle_node,stability_loss,27,SINDy-STLSQ,70.0,-1.6073804029310446,-0.0023931319002359064,True
combined,saddle_node,stability_loss,27,SINDy-STLSQ,78.0,-1.7130600877364142,-0.0063692401459471,True
combined,saddle_node,stability_loss,28,Bayesian SINDy (spike-slab),38.0,-0.023600147576940955,0.007233631885963057,True
combined,saddle_node,stability_loss,28,Bayesian SINDy (spike-slab),54.0,,,False
combined,saddle_node,stability_loss,28,Bayesian SINDy (spike-slab),70.0,0.2841646450175472,-0.016991377084062204,True
combined,saddle_node,stability_loss,28,Bayesian SINDy (spike-slab),78.0,0.5662621540237358,-0.02619336410391271,True
combined,saddle_node,stability_loss,28,Kalman OU,38.0,0.7042993319153652,0.2088093585886726,True
combined,saddle_node,stability_loss,28,Kalman OU,54.0,0.0,0.1699275264974556,True
combined,saddle_node,stability_loss,28,Kalman OU,70.0,1.6505251281209246,0.12274855740351051,True
combined,saddle_node,stability_loss,28,Kalman OU,78.0,2.5481862902717825,0.06826928138696803,True
combined,saddle_node,stability_loss,28,Latent Neural SDE (VI),38.0,-0.02682197093963623,-0.03187959635986963,True
combined,saddle_node,stability_loss,28,Latent Neural SDE (VI),54.0,0.13869822025299072,0.0012494972170837282,True
combined,saddle_node,stability_loss,28,Latent Neural SDE (VI),70.0,-0.2245466709136963,0.034491558678123646,True
combined,saddle_node,stability_loss,28,Latent Neural SDE (VI),78.0,0.7530443668365479,-0.00916495577403767,True
combined,saddle_node,stability_loss,28,Moment OU,38.0,,,False
combined,saddle_node,stability_loss,28,Moment OU,54.0,,,False
combined,saddle_node,stability_loss,28,Moment OU,70.0,,,False
combined,saddle_node,stability_loss,28,Moment OU,78.0,,,False
combined,saddle_node,stability_loss,28,Neural SDE (Euler),38.0,-1.9306926727294922,-0.07072946439505015,True
combined,saddle_node,stability_loss,28,Neural SDE (Euler),54.0,,,False
combined,saddle_node,stability_loss,28,Neural SDE (Euler),70.0,0.5430356860160828,0.053195446403697805,True
combined,saddle_node,stability_loss,28,Neural SDE (Euler),78.0,0.844921350479126,-0.015881228278095322,True
combined,saddle_node,stability_loss,28,SINDy-STLSQ,38.0,-1.9070558692969708,-0.014409742369360434,True
combined,saddle_node,stability_loss,28,SINDy-STLSQ,54.0,,,False
combined,saddle_node,stability_loss,28,SINDy-STLSQ,70.0,-0.3538352322966487,-0.024055381142676593,True
combined,saddle_node,stability_loss,28,SINDy-STLSQ,78.0,-2.620502680312934,-0.029839630025196948,True
combined,saddle_node,stability_loss,29,Bayesian SINDy (spike-slab),38.0,-0.027127587315758428,0.005896470392619257,True
combined,saddle_node,stability_loss,29,Bayesian SINDy (spike-slab),54.0,,,False
combined,saddle_node,stability_loss,29,Bayesian SINDy (spike-slab),70.0,-1.1340203991870212,0.011885429846026058,True
combined,saddle_node,stability_loss,29,Bayesian SINDy (spike-slab),78.0,-0.23219132543373422,0.04678977378560928,True
combined,saddle_node,stability_loss,29,Kalman OU,38.0,0.675027240730431,-0.05367270125451153,True
combined,saddle_node,stability_loss,29,Kalman OU,54.0,-1.8871307762488974,-0.08465461540096174,True
combined,saddle_node,stability_loss,29,Kalman OU,70.0,-1.8871307762488974,-0.08465461540096174,True
combined,saddle_node,stability_loss,29,Kalman OU,78.0,-0.6358342347668873,0.08886897350364135,True
combined,saddle_node,stability_loss,29,Latent Neural SDE (VI),38.0,0.1316714882850647,-0.03058384453306573,True
combined,saddle_node,stability_loss,29,Latent Neural SDE (VI),54.0,0.7067161500453949,0.01219649152765312,True
combined,saddle_node,stability_loss,29,Latent Neural SDE (VI),70.0,-0.09875214099884033,0.00042479461313647826,True
combined,saddle_node,stability_loss,29,Latent Neural SDE (VI),78.0,-0.7853313684463501,-0.015474438716011493,True
combined,saddle_node,stability_loss,29,Moment OU,38.0,,,False
combined,saddle_node,stability_loss,29,Moment OU,54.0,,,False
combined,saddle_node,stability_loss,29,Moment OU,70.0,,,False
combined,saddle_node,stability_loss,29,Moment OU,78.0,,,False
combined,saddle_node,stability_loss,29,Neural SDE (Euler),38.0,0.05137073993682861,-0.0477598271637515,True
combined,saddle_node,stability_loss,29,Neural SDE (Euler),54.0,,,False
combined,saddle_node,stability_loss,29,Neural SDE (Euler),70.0,-0.31766366958618164,-0.026446402491077603,True
combined,saddle_node,stability_loss,29,Neural SDE (Euler),78.0,-1.3358358144760132,-0.04585744648765763,True
combined,saddle_node,stability_loss,29,SINDy-STLSQ,38.0,0.5178897572311747,0.0066968908003152,True
combined,saddle_node,stability_loss,29,SINDy-STLSQ,54.0,,,False
combined,saddle_node,stability_loss,29,SINDy-STLSQ,70.0,-0.29960982326403296,0.02161994759509192,True
combined,saddle_node,stability_loss,29,SINDy-STLSQ,78.0,-0.83330070138785,0.0332974274970369,True
combined,saddle_node,stationary,0,Bayesian SINDy (spike-slab),38.0,0.5747278572141787,0.031113451178216095,True
combined,saddle_node,stationary,0,Bayesian SINDy (spike-slab),54.0,0.007277081354770898,0.005095854171167799,True
combined,saddle_node,stationary,0,Bayesian SINDy (spike-slab),70.0,-0.4612661530589861,-0.025572455871106875,True
combined,saddle_node,stationary,0,Bayesian SINDy (spike-slab),78.0,-0.3827709470728997,-0.023827002125087746,True
combined,saddle_node,stationary,0,Kalman OU,38.0,0.0,0.1767107727973143,True
combined,saddle_node,stationary,0,Kalman OU,54.0,0.0,0.0,True
combined,saddle_node,stationary,0,Kalman OU,70.0,0.0,0.0,True
combined,saddle_node,stationary,0,Kalman OU,78.0,0.0,0.0,True
combined,saddle_node,stationary,0,Latent Neural SDE (VI),38.0,1.033242404460907,0.05745240698852305,True
combined,saddle_node,stationary,0,Latent Neural SDE (VI),54.0,-0.20640110969543457,0.020999813733347528,True
combined,saddle_node,stationary,0,Latent Neural SDE (VI),70.0,-0.6333804130554199,-0.00965652315511284,True
combined,saddle_node,stationary,0,Latent Neural SDE (VI),78.0,0.19688796997070312,-0.011698963036427479,True
combined,saddle_node,stationary,0,Moment OU,38.0,,,False
combined,saddle_node,stationary,0,Moment OU,54.0,,,False
combined,saddle_node,stationary,0,Moment OU,70.0,,,False
combined,saddle_node,stationary,0,Moment OU,78.0,,,False
combined,saddle_node,stationary,0,Neural SDE (Euler),38.0,0.936427652835846,0.08332206485767359,True
combined,saddle_node,stationary,0,Neural SDE (Euler),54.0,-1.9777911901474,0.010931000645983457,True
combined,saddle_node,stationary,0,Neural SDE (Euler),70.0,-1.7491320371627808,-0.059712728301488514,True
combined,saddle_node,stationary,0,Neural SDE (Euler),78.0,-1.1475754976272583,-0.03750300186029817,True
combined,saddle_node,stationary,0,SINDy-STLSQ,38.0,1.8658183421615375,0.030846878809475745,True
combined,saddle_node,stationary,0,SINDy-STLSQ,54.0,0.11490877519232523,-0.008983365048389827,True
combined,saddle_node,stationary,0,SINDy-STLSQ,70.0,0.3854525750670974,-0.027215235568147277,True
combined,saddle_node,stationary,0,SINDy-STLSQ,78.0,0.035906657698612676,-0.028681996172849084,True
combined,saddle_node,stationary,1,Bayesian SINDy (spike-slab),38.0,,,False
combined,saddle_node,stationary,1,Bayesian SINDy (spike-slab),54.0,,,False
combined,saddle_node,stationary,1,Bayesian SINDy (spike-slab),70.0,,,False
combined,saddle_node,stationary,1,Bayesian SINDy (spike-slab),78.0,,,False
combined,saddle_node,stationary,1,Kalman OU,38.0,0.08234542566929415,0.20292849135346952,True
combined,saddle_node,stationary,1,Kalman OU,54.0,0.0,0.07087126949067232,True
combined,saddle_node,stationary,1,Kalman OU,70.0,0.0,0.0,True
combined,saddle_node,stationary,1,Kalman OU,78.0,0.0,0.0,True
combined,saddle_node,stationary,1,Latent Neural SDE (VI),38.0,-0.8255364894866943,0.031620256138225444,True
combined,saddle_node,stationary,1,Latent Neural SDE (VI),54.0,-0.7069919109344482,0.0043720459530578945,True
combined,saddle_node,stationary,1,Latent Neural SDE (VI),70.0,-0.12872827053070068,0.0009686198341508356,True
combined,saddle_node,stationary,1,Latent Neural SDE (VI),78.0,-1.2464995384216309,0.03177020289431928,True
combined,saddle_node,stationary,1,Moment OU,38.0,,,False
combined,saddle_node,stationary,1,Moment OU,54.0,,,False
combined,saddle_node,stationary,1,Moment OU,70.0,,,False
combined,saddle_node,stationary,1,Moment OU,78.0,,,False
combined,saddle_node,stationary,1,Neural SDE (Euler),38.0,,,False
combined,saddle_node,stationary,1,Neural SDE (Euler),54.0,,,False
combined,saddle_node,stationary,1,Neural SDE (Euler),70.0,,,False
combined,saddle_node,stationary,1,Neural SDE (Euler),78.0,,,False
combined,saddle_node,stationary,1,SINDy-STLSQ,38.0,,,False
combined,saddle_node,stationary,1,SINDy-STLSQ,54.0,,,False
combined,saddle_node,stationary,1,SINDy-STLSQ,70.0,,,False
combined,saddle_node,stationary,1,SINDy-STLSQ,78.0,,,False
combined,saddle_node,stationary,2,Bayesian SINDy (spike-slab),38.0,,,False
combined,saddle_node,stationary,2,Bayesian SINDy (spike-slab),54.0,,,False
combined,saddle_node,stationary,2,Bayesian SINDy (spike-slab),70.0,,,False
combined,saddle_node,stationary,2,Bayesian SINDy (spike-slab),78.0,,,False
combined,saddle_node,stationary,2,Kalman OU,38.0,1.9569805744320952,0.08803681266217028,True
combined,saddle_node,stationary,2,Kalman OU,54.0,2.285965262614699,0.0802888378119368,True
combined,saddle_node,stationary,2,Kalman OU,70.0,0.0,0.0,True
combined,saddle_node,stationary,2,Kalman OU,78.0,0.0,0.0,True
combined,saddle_node,stationary,2,Latent Neural SDE (VI),38.0,0.4336291551589966,0.040514100015239786,True
combined,saddle_node,stationary,2,Latent Neural SDE (VI),54.0,0.5830447673797607,0.016736895016650134,True
combined,saddle_node,stationary,2,Latent Neural SDE (VI),70.0,-0.7753469944000244,0.009459236736030607,True
combined,saddle_node,stationary,2,Latent Neural SDE (VI),78.0,-1.0939099788665771,0.024622039028433594,True
combined,saddle_node,stationary,2,Moment OU,38.0,,,False
combined,saddle_node,stationary,2,Moment OU,54.0,,,False
combined,saddle_node,stationary,2,Moment OU,70.0,,,False
combined,saddle_node,stationary,2,Moment OU,78.0,,,False
combined,saddle_node,stationary,2,Neural SDE (Euler),38.0,,,False
combined,saddle_node,stationary,2,Neural SDE (Euler),54.0,,,False
combined,saddle_node,stationary,2,Neural SDE (Euler),70.0,,,False
combined,saddle_node,stationary,2,Neural SDE (Euler),78.0,,,False
combined,saddle_node,stationary,2,SINDy-STLSQ,38.0,,,False
combined,saddle_node,stationary,2,SINDy-STLSQ,54.0,,,False
combined,saddle_node,stationary,2,SINDy-STLSQ,70.0,,,False
combined,saddle_node,stationary,2,SINDy-STLSQ,78.0,,,False
combined,saddle_node,stationary,3,Bayesian SINDy (spike-slab),38.0,,,False
combined,saddle_node,stationary,3,Bayesian SINDy (spike-slab),54.0,,,False
combined,saddle_node,stationary,3,Bayesian SINDy (spike-slab),70.0,,,False
combined,saddle_node,stationary,3,Bayesian SINDy (spike-slab),78.0,,,False
combined,saddle_node,stationary,3,Kalman OU,38.0,0.0,0.0,True
combined,saddle_node,stationary,3,Kalman OU,54.0,0.4534963428211425,0.1163096352390248,True
combined,saddle_node,stationary,3,Kalman OU,70.0,0.0,0.0,True
combined,saddle_node,stationary,3,Kalman OU,78.0,0.0,0.0,True
combined,saddle_node,stationary,3,Latent Neural SDE (VI),38.0,-0.28742551803588867,0.0026270954624949203,True
combined,saddle_node,stationary,3,Latent Neural SDE (VI),54.0,-0.27231740951538086,0.00372471555303841,True
combined,saddle_node,stationary,3,Latent Neural SDE (VI),70.0,0.29384660720825195,-0.014621965038503236,True
combined,saddle_node,stationary,3,Latent Neural SDE (VI),78.0,-0.6879866123199463,0.032258227872829774,True
combined,saddle_node,stationary,3,Moment OU,38.0,,,False
combined,saddle_node,stationary,3,Moment OU,54.0,,,False
combined,saddle_node,stationary,3,Moment OU,70.0,,,False
combined,saddle_node,stationary,3,Moment OU,78.0,,,False
combined,saddle_node,stationary,3,Neural SDE (Euler),38.0,,,False
combined,saddle_node,stationary,3,Neural SDE (Euler),54.0,,,False
combined,saddle_node,stationary,3,Neural SDE (Euler),70.0,,,False
combined,saddle_node,stationary,3,Neural SDE (Euler),78.0,,,False
combined,saddle_node,stationary,3,SINDy-STLSQ,38.0,,,False
combined,saddle_node,stationary,3,SINDy-STLSQ,54.0,,,False
combined,saddle_node,stationary,3,SINDy-STLSQ,70.0,,,False
combined,saddle_node,stationary,3,SINDy-STLSQ,78.0,,,False
combined,saddle_node,stationary,4,Bayesian SINDy (spike-slab),38.0,,,False
combined,saddle_node,stationary,4,Bayesian SINDy (spike-slab),54.0,,,False
combined,saddle_node,stationary,4,Bayesian SINDy (spike-slab),70.0,,,False
combined,saddle_node,stationary,4,Bayesian SINDy (spike-slab),78.0,,,False
combined,saddle_node,stationary,4,Kalman OU,38.0,0.0,0.0,True
combined,saddle_node,stationary,4,Kalman OU,54.0,1.8248163356204388,0.1251292208310067,True
combined,saddle_node,stationary,4,Kalman OU,70.0,2.183502764509246,0.0440561726472367,True
combined,saddle_node,stationary,4,Kalman OU,78.0,2.1511780083859353,0.06141816275185778,True
combined,saddle_node,stationary,4,Latent Neural SDE (VI),38.0,-0.13351809978485107,0.03663116997498253,True
combined,saddle_node,stationary,4,Latent Neural SDE (VI),54.0,0.5678272843360901,0.010516429905070894,True
combined,saddle_node,stationary,4,Latent Neural SDE (VI),70.0,0.3013266324996948,0.019800325021553697,True
combined,saddle_node,stationary,4,Latent Neural SDE (VI),78.0,0.2952556610107422,0.0433882504771394,True
combined,saddle_node,stationary,4,Moment OU,38.0,,,False
combined,saddle_node,stationary,4,Moment OU,54.0,,,False
combined,saddle_node,stationary,4,Moment OU,70.0,,,False
combined,saddle_node,stationary,4,Moment OU,78.0,,,False
combined,saddle_node,stationary,4,Neural SDE (Euler),38.0,,,False
combined,saddle_node,stationary,4,Neural SDE (Euler),54.0,,,False
combined,saddle_node,stationary,4,Neural SDE (Euler),70.0,,,False
combined,saddle_node,stationary,4,Neural SDE (Euler),78.0,,,False
combined,saddle_node,stationary,4,SINDy-STLSQ,38.0,,,False
combined,saddle_node,stationary,4,SINDy-STLSQ,54.0,,,False
combined,saddle_node,stationary,4,SINDy-STLSQ,70.0,,,False
combined,saddle_node,stationary,4,SINDy-STLSQ,78.0,,,False
combined,saddle_node,stationary,5,Bayesian SINDy (spike-slab),38.0,,,False
combined,saddle_node,stationary,5,Bayesian SINDy (spike-slab),54.0,,,False
combined,saddle_node,stationary,5,Bayesian SINDy (spike-slab),70.0,,,False
combined,saddle_node,stationary,5,Bayesian SINDy (spike-slab),78.0,,,False
combined,saddle_node,stationary,5,Kalman OU,38.0,2.0783448851226662,0.08668820378004284,True
combined,saddle_node,stationary,5,Kalman OU,54.0,0.0,0.0,True
combined,saddle_node,stationary,5,Kalman OU,70.0,0.0,0.0,True
combined,saddle_node,stationary,5,Kalman OU,78.0,0.0,0.0,True
combined,saddle_node,stationary,5,Latent Neural SDE (VI),38.0,1.02201247215271,-0.01957448861722328,True
combined,saddle_node,stationary,5,Latent Neural SDE (VI),54.0,0.36095285415649414,-0.027860058725032465,True
combined,saddle_node,stationary,5,Latent Neural SDE (VI),70.0,-0.2117534875869751,-0.0060972884862147,True
combined,saddle_node,stationary,5,Latent Neural SDE (VI),78.0,0.9421226978302002,0.02925318773545886,True
combined,saddle_node,stationary,5,Moment OU,38.0,,,False
combined,saddle_node,stationary,5,Moment OU,54.0,,,False
combined,saddle_node,stationary,5,Moment OU,70.0,,,False
combined,saddle_node,stationary,5,Moment OU,78.0,,,False
combined,saddle_node,stationary,5,Neural SDE (Euler),38.0,,,False
combined,saddle_node,stationary,5,Neural SDE (Euler),54.0,,,False
combined,saddle_node,stationary,5,Neural SDE (Euler),70.0,,,False
combined,saddle_node,stationary,5,Neural SDE (Euler),78.0,,,False
combined,saddle_node,stationary,5,SINDy-STLSQ,38.0,,,False
combined,saddle_node,stationary,5,SINDy-STLSQ,54.0,,,False
combined,saddle_node,stationary,5,SINDy-STLSQ,70.0,,,False
combined,saddle_node,stationary,5,SINDy-STLSQ,78.0,,,False
combined,saddle_node,stationary,6,Bayesian SINDy (spike-slab),38.0,0.3776669078081476,0.039400171743387946,True
combined,saddle_node,stationary,6,Bayesian SINDy (spike-slab),54.0,0.10664685927747053,0.002756444969235647,True
combined,saddle_node,stationary,6,Bayesian SINDy (spike-slab),70.0,0.18010705114687986,-0.013701402319758783,True
combined,saddle_node,stationary,6,Bayesian SINDy (spike-slab),78.0,0.14588754276542493,-0.023069941964611117,True
combined,saddle_node,stationary,6,Kalman OU,38.0,0.0,0.09212562031150047,True
combined,saddle_node,stationary,6,Kalman OU,54.0,0.0,0.0,True
combined,saddle_node,stationary,6,Kalman OU,70.0,0.0,0.0,True
combined,saddle_node,stationary,6,Kalman OU,78.0,0.0,0.0,True
combined,saddle_node,stationary,6,Latent Neural SDE (VI),38.0,0.646830677986145,0.06808378153211633,True
combined,saddle_node,stationary,6,Latent Neural SDE (VI),54.0,-0.7786481380462646,-0.0028381460631224584,True
combined,saddle_node,stationary,6,Latent Neural SDE (VI),70.0,0.7510080337524414,-0.019181730776025196,True
combined,saddle_node,stationary,6,Latent Neural SDE (VI),78.0,1.4276132583618164,-0.02356742433230361,True
combined,saddle_node,stationary,6,Moment OU,38.0,,,False
combined,saddle_node,stationary,6,Moment OU,54.0,,,False
combined,saddle_node,stationary,6,Moment OU,70.0,,,False
combined,saddle_node,stationary,6,Moment OU,78.0,,,False
combined,saddle_node,stationary,6,Neural SDE (Euler),38.0,0.46818113327026367,0.042559155017027256,True
combined,saddle_node,stationary,6,Neural SDE (Euler),54.0,-1.9462571144104004,-0.0373461181081228,True
combined,saddle_node,stationary,6,Neural SDE (Euler),70.0,0.22183310985565186,-0.04753793758780094,True
combined,saddle_node,stationary,6,Neural SDE (Euler),78.0,1.5302518904209137,-0.05771419742626684,True
combined,saddle_node,stationary,6,SINDy-STLSQ,38.0,0.1425346892191246,0.039927690165220006,True
combined,saddle_node,stationary,6,SINDy-STLSQ,54.0,-0.6432599694251089,-0.002148331910939466,True
combined,saddle_node,stationary,6,SINDy-STLSQ,70.0,0.0031054252625333234,-0.013584036053516935,True
combined,saddle_node,stationary,6,SINDy-STLSQ,78.0,-0.049645822323208355,-0.030479041845843283,True
combined,saddle_node,stationary,7,Bayesian SINDy (spike-slab),38.0,0.634987465058527,0.06265912697743434,True
combined,saddle_node,stationary,7,Bayesian SINDy (spike-slab),54.0,,,False
combined,saddle_node,stationary,7,Bayesian SINDy (spike-slab),70.0,0.24497430322506886,-0.004563632464980358,True
combined,saddle_node,stationary,7,Bayesian SINDy (spike-slab),78.0,,,False
combined,saddle_node,stationary,7,Kalman OU,38.0,0.0,0.0,True
combined,saddle_node,stationary,7,Kalman OU,54.0,0.0,0.0,True
combined,saddle_node,stationary,7,Kalman OU,70.0,0.0,0.0,True
combined,saddle_node,stationary,7,Kalman OU,78.0,0.0,0.0,True
combined,saddle_node,stationary,7,Latent Neural SDE (VI),38.0,-0.9835842847824097,0.03703906889821511,True
combined,saddle_node,stationary,7,Latent Neural SDE (VI),54.0,0.021166086196899414,0.001716951619451887,True
combined,saddle_node,stationary,7,Latent Neural SDE (VI),70.0,-0.43902575969696045,-0.011942409047163129,True
combined,saddle_node,stationary,7,Latent Neural SDE (VI),78.0,0.6395570635795593,-0.0329284398962697,True
combined,saddle_node,stationary,7,Moment OU,38.0,,,False
combined,saddle_node,stationary,7,Moment OU,54.0,,,False
combined,saddle_node,stationary,7,Moment OU,70.0,,,False
combined,saddle_node,stationary,7,Moment OU,78.0,,,False
combined,saddle_node,stationary,7,Neural SDE (Euler),38.0,-0.458193302154541,0.053306649523168256,True
combined,saddle_node,stationary,7,Neural SDE (Euler),54.0,,,False
combined,saddle_node,stationary,7,Neural SDE (Euler),70.0,0.9414486885070801,-0.0084310092639861,True
combined,saddle_node,stationary,7,Neural SDE (Euler),78.0,,,False
combined,saddle_node,stationary,7,SINDy-STLSQ,38.0,-1.7799078729500477,0.03419762770480698,True
combined,saddle_node,stationary,7,SINDy-STLSQ,54.0,,,False
combined,saddle_node,stationary,7,SINDy-STLSQ,70.0,0.5407248955137507,-0.008591509920958376,True
combined,saddle_node,stationary,7,SINDy-STLSQ,78.0,,,False
combined,saddle_node,stationary,8,Bayesian SINDy (spike-slab),38.0,,,False
combined,saddle_node,stationary,8,Bayesian SINDy (spike-slab),54.0,,,False
combined,saddle_node,stationary,8,Bayesian SINDy (spike-slab),70.0,,,False
combined,saddle_node,stationary,8,Bayesian SINDy (spike-slab),78.0,,,False
combined,saddle_node,stationary,8,Kalman OU,38.0,0.3777230639102278,0.14039593344905127,True
combined,saddle_node,stationary,8,Kalman OU,54.0,1.702119191889501,0.11819840634491899,True
combined,saddle_node,stationary,8,Kalman OU,70.0,0.0,0.0,True
combined,saddle_node,stationary,8,Kalman OU,78.0,0.0,0.0,True
combined,saddle_node,stationary,8,Latent Neural SDE (VI),38.0,-0.5286946296691895,0.0032984244388063882,True
combined,saddle_node,stationary,8,Latent Neural SDE (VI),54.0,1.081921100616455,0.007716959561313921,True
combined,saddle_node,stationary,8,Latent Neural SDE (VI),70.0,1.7729345858097076,0.006703993034098743,True
combined,saddle_node,stationary,8,Latent Neural SDE (VI),78.0,0.4507327079772949,0.005152606109915178,True
combined,saddle_node,stationary,8,Moment OU,38.0,,,False
combined,saddle_node,stationary,8,Moment OU,54.0,,,False
combined,saddle_node,stationary,8,Moment OU,70.0,,,False
combined,saddle_node,stationary,8,Moment OU,78.0,,,False
combined,saddle_node,stationary,8,Neural SDE (Euler),38.0,,,False
combined,saddle_node,stationary,8,Neural SDE (Euler),54.0,,,False
combined,saddle_node,stationary,8,Neural SDE (Euler),70.0,,,False
combined,saddle_node,stationary,8,Neural SDE (Euler),78.0,,,False
combined,saddle_node,stationary,8,SINDy-STLSQ,38.0,,,False
combined,saddle_node,stationary,8,SINDy-STLSQ,54.0,,,False
combined,saddle_node,stationary,8,SINDy-STLSQ,70.0,,,False
combined,saddle_node,stationary,8,SINDy-STLSQ,78.0,,,False
combined,saddle_node,stationary,9,Bayesian SINDy (spike-slab),38.0,3.4136574976798943,0.02623654918196936,True
combined,saddle_node,stationary,9,Bayesian SINDy (spike-slab),54.0,2.9795147354952505,-0.002801470875285657,True
combined,saddle_node,stationary,9,Bayesian SINDy (spike-slab),70.0,,,False
combined,saddle_node,stationary,9,Bayesian SINDy (spike-slab),78.0,,,False
combined,saddle_node,stationary,9,Kalman OU,38.0,1.855594726421846,0.09219890584265278,True
combined,saddle_node,stationary,9,Kalman OU,54.0,2.2481601963450117,0.06850990814030095,True
combined,saddle_node,stationary,9,Kalman OU,70.0,0.0,0.0,True
combined,saddle_node,stationary,9,Kalman OU,78.0,0.0,0.0,True
combined,saddle_node,stationary,9,Latent Neural SDE (VI),38.0,1.6334083080291748,0.026908861285878927,True
combined,saddle_node,stationary,9,Latent Neural SDE (VI),54.0,2.3954688906669617,0.04712102946329402,True
combined,saddle_node,stationary,9,Latent Neural SDE (VI),70.0,1.353764295578003,0.05044436724803465,True
combined,saddle_node,stationary,9,Latent Neural SDE (VI),78.0,1.1393835544586182,0.038094358964568975,True
combined,saddle_node,stationary,9,Moment OU,38.0,,,False
combined,saddle_node,stationary,9,Moment OU,54.0,,,False
combined,saddle_node,stationary,9,Moment OU,70.0,,,False
combined,saddle_node,stationary,9,Moment OU,78.0,,,False
combined,saddle_node,stationary,9,Neural SDE (Euler),38.0,3.2742687463760376,0.03883785391270311,True
combined,saddle_node,stationary,9,Neural SDE (Euler),54.0,3.904185712337494,0.03957796742925471,True
combined,saddle_node,stationary,9,Neural SDE (Euler),70.0,,,False
combined,saddle_node,stationary,9,Neural SDE (Euler),78.0,,,False
combined,saddle_node,stationary,9,SINDy-STLSQ,38.0,4.650806535329216,0.030059380460847274,True
combined,saddle_node,stationary,9,SINDy-STLSQ,54.0,2.584673968424857,-0.005044982653730892,True
combined,saddle_node,stationary,9,SINDy-STLSQ,70.0,,,False
combined,saddle_node,stationary,9,SINDy-STLSQ,78.0,,,False
combined,saddle_node,stationary,10,Bayesian SINDy (spike-slab),38.0,,,False
combined,saddle_node,stationary,10,Bayesian SINDy (spike-slab),54.0,,,False
combined,saddle_node,stationary,10,Bayesian SINDy (spike-slab),70.0,,,False
combined,saddle_node,stationary,10,Bayesian SINDy (spike-slab),78.0,,,False
combined,saddle_node,stationary,10,Kalman OU,38.0,-1.9969914749097661,-0.09806113366065096,True
combined,saddle_node,stationary,10,Kalman OU,54.0,-0.2531301317112671,0.004424149899181579,True
combined,saddle_node,stationary,10,Kalman OU,70.0,-1.9969914749097661,-0.09806113366065096,True
combined,saddle_node,stationary,10,Kalman OU,78.0,-1.9969914749097661,-0.09806113366065096,True
combined,saddle_node,stationary,10,Latent Neural SDE (VI),38.0,-1.5178263783454895,0.0023238921117166855,True
combined,saddle_node,stationary,10,Latent Neural SDE (VI),54.0,0.322981059551239,0.001859424164373083,True
combined,saddle_node,stationary,10,Latent Neural SDE (VI),70.0,-0.9346867203712463,0.0013529469387508486,True
combined,saddle_node,stationary,10,Latent Neural SDE (VI),78.0,-0.7189249396324158,0.013647175110033369,True
combined,saddle_node,stationary,10,Moment OU,38.0,,,False
combined,saddle_node,stationary,10,Moment OU,54.0,,,False
combined,saddle_node,stationary,10,Moment OU,70.0,,,False
combined,saddle_node,stationary,10,Moment OU,78.0,,,False
combined,saddle_node,stationary,10,Neural SDE (Euler),38.0,,,False
combined,saddle_node,stationary,10,Neural SDE (Euler),54.0,,,False
combined,saddle_node,stationary,10,Neural SDE (Euler),70.0,,,False
combined,saddle_node,stationary,10,Neural SDE (Euler),78.0,,,False
combined,saddle_node,stationary,10,SINDy-STLSQ,38.0,,,False
combined,saddle_node,stationary,10,SINDy-STLSQ,54.0,,,False
combined,saddle_node,stationary,10,SINDy-STLSQ,70.0,,,False
combined,saddle_node,stationary,10,SINDy-STLSQ,78.0,,,False
combined,saddle_node,stationary,11,Bayesian SINDy (spike-slab),38.0,-0.6744559620829869,0.011488843263208828,True
combined,saddle_node,stationary,11,Bayesian SINDy (spike-slab),54.0,-0.015221614981155152,0.02929016965211928,True
combined,saddle_node,stationary,11,Bayesian SINDy (spike-slab),70.0,,,False
combined,saddle_node,stationary,11,Bayesian SINDy (spike-slab),78.0,,,False
combined,saddle_node,stationary,11,Kalman OU,38.0,-2.333364400935803,-0.036787666072974914,True
combined,saddle_node,stationary,11,Kalman OU,54.0,-2.333364400935803,0.1676279158709878,True
combined,saddle_node,stationary,11,Kalman OU,70.0,0.08004686935995298,-0.0037890981497759324,True
combined,saddle_node,stationary,11,Kalman OU,78.0,-0.3186506769466283,-0.013697315885249098,True
combined,saddle_node,stationary,11,Latent Neural SDE (VI),38.0,0.02411341667175293,-0.011162617151158197,True
combined,saddle_node,stationary,11,Latent Neural SDE (VI),54.0,-0.831352710723877,-0.0376007900545318,True
combined,saddle_node,stationary,11,Latent Neural SDE (VI),70.0,0.6961898803710938,-0.04685050499421451,True
combined,saddle_node,stationary,11,Latent Neural SDE (VI),78.0,0.6154335141181946,-0.04582898156500947,True
combined,saddle_node,stationary,11,Moment OU,38.0,,,False
combined,saddle_node,stationary,11,Moment OU,54.0,,,False
combined,saddle_node,stationary,11,Moment OU,70.0,,,False
combined,saddle_node,stationary,11,Moment OU,78.0,,,False
combined,saddle_node,stationary,11,Neural SDE (Euler),38.0,-0.03064882755279541,0.011484057993776206,True
combined,saddle_node,stationary,11,Neural SDE (Euler),54.0,-0.585390567779541,-0.035664499244262744,True
combined,saddle_node,stationary,11,Neural SDE (Euler),70.0,,,False
combined,saddle_node,stationary,11,Neural SDE (Euler),78.0,,,False
combined,saddle_node,stationary,11,SINDy-STLSQ,38.0,-0.24532530154338383,0.014791018298472985,True
combined,saddle_node,stationary,11,SINDy-STLSQ,54.0,0.12214996097755781,0.029070093683815662,True
combined,saddle_node,stationary,11,SINDy-STLSQ,70.0,,,False
combined,saddle_node,stationary,11,SINDy-STLSQ,78.0,,,False
combined,saddle_node,stationary,12,Bayesian SINDy (spike-slab),38.0,,,False
combined,saddle_node,stationary,12,Bayesian SINDy (spike-slab),54.0,,,False
combined,saddle_node,stationary,12,Bayesian SINDy (spike-slab),70.0,,,False
combined,saddle_node,stationary,12,Bayesian SINDy (spike-slab),78.0,,,False
combined,saddle_node,stationary,12,Kalman OU,38.0,0.0,0.0,True
combined,saddle_node,stationary,12,Kalman OU,54.0,0.0,0.0,True
combined,saddle_node,stationary,12,Kalman OU,70.0,0.0,0.0,True
combined,saddle_node,stationary,12,Kalman OU,78.0,2.552979327525179,0.018176117897098203,True
combined,saddle_node,stationary,12,Latent Neural SDE (VI),38.0,0.5026665925979614,0.011028133808666143,True
combined,saddle_node,stationary,12,Latent Neural SDE (VI),54.0,0.8820253014564514,0.05548116403407578,True
combined,saddle_node,stationary,12,Latent Neural SDE (VI),70.0,0.15815329551696777,0.0573467519530282,True
combined,saddle_node,stationary,12,Latent Neural SDE (VI),78.0,0.5501525402069092,0.015714811054908642,True
combined,saddle_node,stationary,12,Moment OU,38.0,,,False
combined,saddle_node,stationary,12,Moment OU,54.0,,,False
combined,saddle_node,stationary,12,Moment OU,70.0,,,False
combined,saddle_node,stationary,12,Moment OU,78.0,,,False
combined,saddle_node,stationary,12,Neural SDE (Euler),38.0,,,False
combined,saddle_node,stationary,12,Neural SDE (Euler),54.0,,,False
combined,saddle_node,stationary,12,Neural SDE (Euler),70.0,,,False
combined,saddle_node,stationary,12,Neural SDE (Euler),78.0,,,False
combined,saddle_node,stationary,12,SINDy-STLSQ,38.0,,,False
combined,saddle_node,stationary,12,SINDy-STLSQ,54.0,,,False
combined,saddle_node,stationary,12,SINDy-STLSQ,70.0,,,False
combined,saddle_node,stationary,12,SINDy-STLSQ,78.0,,,False
combined,saddle_node,stationary,13,Bayesian SINDy (spike-slab),38.0,,,False
combined,saddle_node,stationary,13,Bayesian SINDy (spike-slab),54.0,,,False
combined,saddle_node,stationary,13,Bayesian SINDy (spike-slab),70.0,,,False
combined,saddle_node,stationary,13,Bayesian SINDy (spike-slab),78.0,,,False
combined,saddle_node,stationary,13,Kalman OU,38.0,0.0,0.0,True
combined,saddle_node,stationary,13,Kalman OU,54.0,0.0,0.0,True
combined,saddle_node,stationary,13,Kalman OU,70.0,0.0,0.0,True
combined,saddle_node,stationary,13,Kalman OU,78.0,0.0,0.0,True
combined,saddle_node,stationary,13,Latent Neural SDE (VI),38.0,-0.5153405666351318,0.046212653625537115,True
combined,saddle_node,stationary,13,Latent Neural SDE (VI),54.0,-0.14988625049591064,0.015529486934860719,True
combined,saddle_node,stationary,13,Latent Neural SDE (VI),70.0,-0.7537164688110352,0.041236550819933396,True
combined,saddle_node,stationary,13,Latent Neural SDE (VI),78.0,-0.14380908012390137,0.03142170788134342,True
combined,saddle_node,stationary,13,Moment OU,38.0,,,False
combined,saddle_node,stationary,13,Moment OU,54.0,,,False
combined,saddle_node,stationary,13,Moment OU,70.0,,,False
combined,saddle_node,stationary,13,Moment OU,78.0,,,False
combined,saddle_node,stationary,13,Neural SDE (Euler),38.0,,,False
combined,saddle_node,stationary,13,Neural SDE (Euler),54.0,,,False
combined,saddle_node,stationary,13,Neural SDE (Euler),70.0,,,False
combined,saddle_node,stationary,13,Neural SDE (Euler),78.0,,,False
combined,saddle_node,stationary,13,SINDy-STLSQ,38.0,,,False
combined,saddle_node,stationary,13,SINDy-STLSQ,54.0,,,False
combined,saddle_node,stationary,13,SINDy-STLSQ,70.0,,,False
combined,saddle_node,stationary,13,SINDy-STLSQ,78.0,,,False
combined,saddle_node,stationary,14,Bayesian SINDy (spike-slab),38.0,-1.510260003468992,-0.08153521447495518,True
combined,saddle_node,stationary,14,Bayesian SINDy (spike-slab),54.0,,,False
combined,saddle_node,stationary,14,Bayesian SINDy (spike-slab),70.0,,,False
combined,saddle_node,stationary,14,Bayesian SINDy (spike-slab),78.0,0.06627883814881719,-0.059500978687555,True
combined,saddle_node,stationary,14,Kalman OU,38.0,0.6988090506389977,-0.10708717357850592,True
combined,saddle_node,stationary,14,Kalman OU,54.0,0.0,-0.236657417636122,True
combined,saddle_node,stationary,14,Kalman OU,70.0,2.546754966979715,-0.20657457712518676,True
combined,saddle_node,stationary,14,Kalman OU,78.0,2.5456146776649073,-0.1959225731894446,True
combined,saddle_node,stationary,14,Latent Neural SDE (VI),38.0,0.19176769256591797,-0.00753389603026805,True
combined,saddle_node,stationary,14,Latent Neural SDE (VI),54.0,0.2824397087097168,-0.03489796158157869,True
combined,saddle_node,stationary,14,Latent Neural SDE (VI),70.0,1.088178813457489,-0.0070857068752654545,True
combined,saddle_node,stationary,14,Latent Neural SDE (VI),78.0,0.843197762966156,-0.02845456418327188,True
combined,saddle_node,stationary,14,Moment OU,38.0,,,False
combined,saddle_node,stationary,14,Moment OU,54.0,,,False
combined,saddle_node,stationary,14,Moment OU,70.0,,,False
combined,saddle_node,stationary,14,Moment OU,78.0,,,False
combined,saddle_node,stationary,14,Neural SDE (Euler),38.0,-1.4697651863098145,-0.03732087908789147,True
combined,saddle_node,stationary,14,Neural SDE (Euler),54.0,,,False
combined,saddle_node,stationary,14,Neural SDE (Euler),70.0,,,False
combined,saddle_node,stationary,14,Neural SDE (Euler),78.0,0.6512283682823181,-0.029249867808349296,True
combined,saddle_node,stationary,14,SINDy-STLSQ,38.0,-2.0488228713068715,-0.08377343834819684,True
combined,saddle_node,stationary,14,SINDy-STLSQ,54.0,,,False
combined,saddle_node,stationary,14,SINDy-STLSQ,70.0,,,False
combined,saddle_node,stationary,14,SINDy-STLSQ,78.0,0.9854657635497703,-0.053395244266922555,True
combined,saddle_node,stationary,15,Bayesian SINDy (spike-slab),38.0,-0.18842974407348057,0.05158744611966803,True
combined,saddle_node,stationary,15,Bayesian SINDy (spike-slab),54.0,,,False
combined,saddle_node,stationary,15,Bayesian SINDy (spike-slab),70.0,,,False
combined,saddle_node,stationary,15,Bayesian SINDy (spike-slab),78.0,-0.8978678355823557,-0.00600942682330341,True
combined,saddle_node,stationary,15,Kalman OU,38.0,0.0,0.0,True
combined,saddle_node,stationary,15,Kalman OU,54.0,0.7324566748029158,0.138056900773843,True
combined,saddle_node,stationary,15,Kalman OU,70.0,0.0,0.0,True
combined,saddle_node,stationary,15,Kalman OU,78.0,0.0,0.0,True
combined,saddle_node,stationary,15,Latent Neural SDE (VI),38.0,0.10253965854644775,0.0321895290036975,True
combined,saddle_node,stationary,15,Latent Neural SDE (VI),54.0,0.5758399963378906,-0.023696589732819524,True
combined,saddle_node,stationary,15,Latent Neural SDE (VI),70.0,0.2890220880508423,-0.02463945681619545,True
combined,saddle_node,stationary,15,Latent Neural SDE (VI),78.0,-1.1852933168411255,0.014563403077850819,True
combined,saddle_node,stationary,15,Moment OU,38.0,,,False
combined,saddle_node,stationary,15,Moment OU,54.0,,,False
combined,saddle_node,stationary,15,Moment OU,70.0,,,False
combined,saddle_node,stationary,15,Moment OU,78.0,,,False
combined,saddle_node,stationary,15,Neural SDE (Euler),38.0,-0.13058876991271973,0.02510561862606661,True
combined,saddle_node,stationary,15,Neural SDE (Euler),54.0,,,False
combined,saddle_node,stationary,15,Neural SDE (Euler),70.0,,,False
combined,saddle_node,stationary,15,Neural SDE (Euler),78.0,-3.5367634296417236,-0.024485936426519972,True
combined,saddle_node,stationary,15,SINDy-STLSQ,38.0,0.17656092397373668,0.06063631611917723,True
combined,saddle_node,stationary,15,SINDy-STLSQ,54.0,,,False
combined,saddle_node,stationary,15,SINDy-STLSQ,70.0,,,False
combined,saddle_node,stationary,15,SINDy-STLSQ,78.0,-1.192246167515005,-0.0023651703528032517,True
combined,saddle_node,stationary,16,Bayesian SINDy (spike-slab),38.0,0.19456601915930027,0.043748527087306435,True
combined,saddle_node,stationary,16,Bayesian SINDy (spike-slab),54.0,0.3692101552141146,0.01825597195434897,True
combined,saddle_node,stationary,16,Bayesian SINDy (spike-slab),70.0,-0.10146266509211543,0.033606716910086806,True
combined,saddle_node,stationary,16,Bayesian SINDy (spike-slab),78.0,,,False
combined,saddle_node,stationary,16,Kalman OU,38.0,-0.6569627264499929,0.03050067987536234,True
combined,saddle_node,stationary,16,Kalman OU,54.0,0.6675340613266633,-0.039389856765637804,True
combined,saddle_node,stationary,16,Kalman OU,70.0,-1.148730572368173,-0.02696776207139745,True
combined,saddle_node,stationary,16,Kalman OU,78.0,0.05101322192651514,0.014664363695085836,True
combined,saddle_node,stationary,16,Latent Neural SDE (VI),38.0,0.5036155581474304,0.03668157935635082,True
combined,saddle_node,stationary,16,Latent Neural SDE (VI),54.0,0.3359549641609192,0.010805531449960014,True
combined,saddle_node,stationary,16,Latent Neural SDE (VI),70.0,0.2866911292076111,0.05338459870700877,True
combined,saddle_node,stationary,16,Latent Neural SDE (VI),78.0,0.2119051218032837,0.07340410308347045,True
combined,saddle_node,stationary,16,Moment OU,38.0,,,False
combined,saddle_node,stationary,16,Moment OU,54.0,,,False
combined,saddle_node,stationary,16,Moment OU,70.0,,,False
combined,saddle_node,stationary,16,Moment OU,78.0,,,False
combined,saddle_node,stationary,16,Neural SDE (Euler),38.0,-0.27963221073150635,0.03243093858817628,True
combined,saddle_node,stationary,16,Neural SDE (Euler),54.0,-0.9169397354125977,-0.018625017668292942,True
combined,saddle_node,stationary,16,Neural SDE (Euler),70.0,0.14701628684997559,0.10924316283462027,True
combined,saddle_node,stationary,16,Neural SDE (Euler),78.0,,,False
combined,saddle_node,stationary,16,SINDy-STLSQ,38.0,0.9334450316030337,0.04200262230138462,True
combined,saddle_node,stationary,16,SINDy-STLSQ,54.0,-0.32860374710266793,0.009640254483615177,True
combined,saddle_node,stationary,16,SINDy-STLSQ,70.0,0.3707365836451939,0.031306788447464255,True
combined,saddle_node,stationary,16,SINDy-STLSQ,78.0,,,False
combined,saddle_node,stationary,17,Bayesian SINDy (spike-slab),38.0,,,False
combined,saddle_node,stationary,17,Bayesian SINDy (spike-slab),54.0,,,False
combined,saddle_node,stationary,17,Bayesian SINDy (spike-slab),70.0,,,False
combined,saddle_node,stationary,17,Bayesian SINDy (spike-slab),78.0,,,False
combined,saddle_node,stationary,17,Kalman OU,38.0,0.5801719339357372,0.1630840383083957,True
combined,saddle_node,stationary,17,Kalman OU,54.0,0.0,0.0,True
combined,saddle_node,stationary,17,Kalman OU,70.0,0.41902521883580235,0.16077995589683325,True
combined,saddle_node,stationary,17,Kalman OU,78.0,0.0,0.0,True
combined,saddle_node,stationary,17,Latent Neural SDE (VI),38.0,1.5619826316833496,0.009098711022514333,True
combined,saddle_node,stationary,17,Latent Neural SDE (VI),54.0,-0.11693358421325684,0.014059541254658373,True
combined,saddle_node,stationary,17,Latent Neural SDE (VI),70.0,1.8814834952354431,0.00994034380985806,True
combined,saddle_node,stationary,17,Latent Neural SDE (VI),78.0,0.9297776222229004,0.008124936355612206,True
combined,saddle_node,stationary,17,Moment OU,38.0,,,False
combined,saddle_node,stationary,17,Moment OU,54.0,,,False
combined,saddle_node,stationary,17,Moment OU,70.0,,,False
combined,saddle_node,stationary,17,Moment OU,78.0,,,False
combined,saddle_node,stationary,17,Neural SDE (Euler),38.0,,,False
combined,saddle_node,stationary,17,Neural SDE (Euler),54.0,,,False
combined,saddle_node,stationary,17,Neural SDE (Euler),70.0,,,False
combined,saddle_node,stationary,17,Neural SDE (Euler),78.0,,,False
combined,saddle_node,stationary,17,SINDy-STLSQ,38.0,,,False
combined,saddle_node,stationary,17,SINDy-STLSQ,54.0,,,False
combined,saddle_node,stationary,17,SINDy-STLSQ,70.0,,,False
combined,saddle_node,stationary,17,SINDy-STLSQ,78.0,,,False
combined,saddle_node,stationary,18,Bayesian SINDy (spike-slab),38.0,-0.48773310654726176,-0.024097249479760018,True
combined,saddle_node,stationary,18,Bayesian SINDy (spike-slab),54.0,-2.906080285098591,-0.044450488001445326,True
combined,saddle_node,stationary,18,Bayesian SINDy (spike-slab),70.0,,,False
combined,saddle_node,stationary,18,Bayesian SINDy (spike-slab),78.0,,,False
combined,saddle_node,stationary,18,Kalman OU,38.0,-2.5125948308832795,-0.001100647209444583,True
combined,saddle_node,stationary,18,Kalman OU,54.0,-2.5125948308832795,-0.08371819516079056,True
combined,saddle_node,stationary,18,Kalman OU,70.0,-2.5125948308832795,-0.08371819516079056,True
combined,saddle_node,stationary,18,Kalman OU,78.0,-0.32896547869246257,-0.03469423597620132,True
combined,saddle_node,stationary,18,Latent Neural SDE (VI),38.0,-0.5727439522743225,-0.009620866453001677,True
combined,saddle_node,stationary,18,Latent Neural SDE (VI),54.0,-1.07248455286026,-0.005047312217488477,True
combined,saddle_node,stationary,18,Latent Neural SDE (VI),70.0,-0.6755605340003967,-0.01049379920765444,True
combined,saddle_node,stationary,18,Latent Neural SDE (VI),78.0,-0.6774862408638,-0.017880753138418574,True
combined,saddle_node,stationary,18,Moment OU,38.0,,,False
combined,saddle_node,stationary,18,Moment OU,54.0,,,False
combined,saddle_node,stationary,18,Moment OU,70.0,,,False
combined,saddle_node,stationary,18,Moment OU,78.0,,,False
combined,saddle_node,stationary,18,Neural SDE (Euler),38.0,-0.4001014232635498,-0.019349565897471416,True
combined,saddle_node,stationary,18,Neural SDE (Euler),54.0,-4.08550763130188,-0.050623612095978536,True
combined,saddle_node,stationary,18,Neural SDE (Euler),70.0,,,False
combined,saddle_node,stationary,18,Neural SDE (Euler),78.0,,,False
combined,saddle_node,stationary,18,SINDy-STLSQ,38.0,0.8424335433555066,-0.010097937377337655,True
combined,saddle_node,stationary,18,SINDy-STLSQ,54.0,-1.238440074571924,-0.031845337343908924,True
combined,saddle_node,stationary,18,SINDy-STLSQ,70.0,,,False
combined,saddle_node,stationary,18,SINDy-STLSQ,78.0,,,False
combined,saddle_node,stationary,19,Bayesian SINDy (spike-slab),38.0,,,False
combined,saddle_node,stationary,19,Bayesian SINDy (spike-slab),54.0,-1.0279950167207503,-0.021293037414367,True
combined,saddle_node,stationary,19,Bayesian SINDy (spike-slab),70.0,,,False
combined,saddle_node,stationary,19,Bayesian SINDy (spike-slab),78.0,,,False
combined,saddle_node,stationary,19,Kalman OU,38.0,1.4102044165322303,-0.04226142543470309,True
combined,saddle_node,stationary,19,Kalman OU,54.0,-1.3170356251725919,0.08112601133355253,True
combined,saddle_node,stationary,19,Kalman OU,70.0,-1.3170356251725919,-0.06088087118351758,True
combined,saddle_node,stationary,19,Kalman OU,78.0,-1.3170356251725919,-0.06088087118351758,True
combined,saddle_node,stationary,19,Latent Neural SDE (VI),38.0,0.0568009614944458,-0.05332637346278919,True
combined,saddle_node,stationary,19,Latent Neural SDE (VI),54.0,-0.8604345321655273,-0.05631810253806927,True
combined,saddle_node,stationary,19,Latent Neural SDE (VI),70.0,-0.1715526580810547,-0.02578587882799195,True
combined,saddle_node,stationary,19,Latent Neural SDE (VI),78.0,0.3830833435058594,-0.025977157605911877,True
combined,saddle_node,stationary,19,Moment OU,38.0,,,False
combined,saddle_node,stationary,19,Moment OU,54.0,,,False
combined,saddle_node,stationary,19,Moment OU,70.0,,,False
combined,saddle_node,stationary,19,Moment OU,78.0,,,False
combined,saddle_node,stationary,19,Neural SDE (Euler),38.0,,,False
combined,saddle_node,stationary,19,Neural SDE (Euler),54.0,0.17754387855529785,-0.07371967802660159,True
combined,saddle_node,stationary,19,Neural SDE (Euler),70.0,,,False
combined,saddle_node,stationary,19,Neural SDE (Euler),78.0,,,False
combined,saddle_node,stationary,19,SINDy-STLSQ,38.0,,,False
combined,saddle_node,stationary,19,SINDy-STLSQ,54.0,-0.5995356141106918,-0.02313449892475883,True
combined,saddle_node,stationary,19,SINDy-STLSQ,70.0,,,False
combined,saddle_node,stationary,19,SINDy-STLSQ,78.0,,,False
combined,saddle_node,stationary,20,Bayesian SINDy (spike-slab),38.0,-0.737965711232882,-0.045258432373985254,True
combined,saddle_node,stationary,20,Bayesian SINDy (spike-slab),54.0,-1.6172413060361932,-0.03785697932082664,True
combined,saddle_node,stationary,20,Bayesian SINDy (spike-slab),70.0,-0.9347214808525647,-0.0444497115922814,True
combined,saddle_node,stationary,20,Bayesian SINDy (spike-slab),78.0,-0.9778030762584419,-0.05743174414463506,True
combined,saddle_node,stationary,20,Kalman OU,38.0,-2.4000174840716006,0.08451656659929194,True
combined,saddle_node,stationary,20,Kalman OU,54.0,-2.41318573867966,-0.04690264546844908,True
combined,saddle_node,stationary,20,Kalman OU,70.0,-2.41318573867966,-0.04690264546844908,True
combined,saddle_node,stationary,20,Kalman OU,78.0,-2.41318573867966,-0.04690264546844908,True
combined,saddle_node,stationary,20,Latent Neural SDE (VI),38.0,0.03979337215423584,-0.0023410284534342227,True
combined,saddle_node,stationary,20,Latent Neural SDE (VI),54.0,-0.8947912454605103,-0.021946771778700178,True
combined,saddle_node,stationary,20,Latent Neural SDE (VI),70.0,-0.2587534189224243,-0.006648892159903823,True
combined,saddle_node,stationary,20,Latent Neural SDE (VI),78.0,-0.800834059715271,-0.014070736783726813,True
combined,saddle_node,stationary,20,Moment OU,38.0,,,False
combined,saddle_node,stationary,20,Moment OU,54.0,,,False
combined,saddle_node,stationary,20,Moment OU,70.0,,,False
combined,saddle_node,stationary,20,Moment OU,78.0,,,False
combined,saddle_node,stationary,20,Neural SDE (Euler),38.0,-3.391035795211792,-0.037641303833534506,True
combined,saddle_node,stationary,20,Neural SDE (Euler),54.0,-2.8486011028289795,-0.02041333726219134,True
combined,saddle_node,stationary,20,Neural SDE (Euler),70.0,-0.2777750492095947,-0.033945337354784354,True
combined,saddle_node,stationary,20,Neural SDE (Euler),78.0,-3.8199713230133057,-0.02520693879335925,True
combined,saddle_node,stationary,20,SINDy-STLSQ,38.0,-1.9406909194521433,-0.04309442745171782,True
combined,saddle_node,stationary,20,SINDy-STLSQ,54.0,-2.7840637080430093,-0.03577325044298024,True
combined,saddle_node,stationary,20,SINDy-STLSQ,70.0,-0.6670363218819492,-0.044737427496077266,True
combined,saddle_node,stationary,20,SINDy-STLSQ,78.0,-1.6038122778298636,-0.053624402453787474,True
combined,saddle_node,stationary,21,Bayesian SINDy (spike-slab),38.0,-1.5276161494201048,-0.037603041136751295,True
combined,saddle_node,stationary,21,Bayesian SINDy (spike-slab),54.0,,,False
combined,saddle_node,stationary,21,Bayesian SINDy (spike-slab),70.0,-0.8645449843554335,-0.039191544126608725,True
combined,saddle_node,stationary,21,Bayesian SINDy (spike-slab),78.0,,,False
combined,saddle_node,stationary,21,Kalman OU,38.0,-1.8295856834325663,-0.05463215052561354,True
combined,saddle_node,stationary,21,Kalman OU,54.0,-1.8295856834325663,-0.05463215052561354,True
combined,saddle_node,stationary,21,Kalman OU,70.0,-1.8295856834325663,-0.05463215052561354,True
combined,saddle_node,stationary,21,Kalman OU,78.0,-1.8295856834325663,-0.05463215052561354,True
combined,saddle_node,stationary,21,Latent Neural SDE (VI),38.0,-1.4699007272720337,-0.03015270188528814,True
combined,saddle_node,stationary,21,Latent Neural SDE (VI),54.0,0.03220313787460327,-0.028995336171487127,True
combined,saddle_node,stationary,21,Latent Neural SDE (VI),70.0,-0.34557461738586426,-0.06164498680526044,True
combined,saddle_node,stationary,21,Latent Neural SDE (VI),78.0,-0.18670165538787842,-0.01131392969417648,True
combined,saddle_node,stationary,21,Moment OU,38.0,,,False
combined,saddle_node,stationary,21,Moment OU,54.0,,,False
combined,saddle_node,stationary,21,Moment OU,70.0,,,False
combined,saddle_node,stationary,21,Moment OU,78.0,,,False
combined,saddle_node,stationary,21,Neural SDE (Euler),38.0,-3.260038733482361,-0.06466825645245167,True
combined,saddle_node,stationary,21,Neural SDE (Euler),54.0,,,False
combined,saddle_node,stationary,21,Neural SDE (Euler),70.0,-0.638835072517395,-0.035236067801331206,True
combined,saddle_node,stationary,21,Neural SDE (Euler),78.0,,,False
combined,saddle_node,stationary,21,SINDy-STLSQ,38.0,-0.6486199570981828,-0.032597631430633545,True
combined,saddle_node,stationary,21,SINDy-STLSQ,54.0,,,False
combined,saddle_node,stationary,21,SINDy-STLSQ,70.0,0.5439801172672349,-0.028428558510465954,True
combined,saddle_node,stationary,21,SINDy-STLSQ,78.0,,,False
combined,saddle_node,stationary,22,Bayesian SINDy (spike-slab),38.0,-0.4021665219427505,-0.0289993107553512,True
combined,saddle_node,stationary,22,Bayesian SINDy (spike-slab),54.0,,,False
combined,saddle_node,stationary,22,Bayesian SINDy (spike-slab),70.0,,,False
combined,saddle_node,stationary,22,Bayesian SINDy (spike-slab),78.0,,,False
combined,saddle_node,stationary,22,Kalman OU,38.0,-0.6640134288699087,0.08973179017924329,True
combined,saddle_node,stationary,22,Kalman OU,54.0,-0.6640134288699087,-0.055373871599084384,True
combined,saddle_node,stationary,22,Kalman OU,70.0,-0.6640134288699087,0.060303952595812144,True
combined,saddle_node,stationary,22,Kalman OU,78.0,-0.6640134288699087,0.08141490608258722,True
combined,saddle_node,stationary,22,Latent Neural SDE (VI),38.0,-0.35954129695892334,-0.035516564249429304,True
combined,saddle_node,stationary,22,Latent Neural SDE (VI),54.0,0.4642493724822998,-0.018096894216519936,True
combined,saddle_node,stationary,22,Latent Neural SDE (VI),70.0,0.8929532766342163,-0.05121611196026922,True
combined,saddle_node,stationary,22,Latent Neural SDE (VI),78.0,0.6057795286178589,-0.02611979550602079,True
combined,saddle_node,stationary,22,Moment OU,38.0,1.851432103725693,-0.09611990021029662,True
combined,saddle_node,stationary,22,Moment OU,54.0,,,False
combined,saddle_node,stationary,22,Moment OU,70.0,,,False
combined,saddle_node,stationary,22,Moment OU,78.0,,,False
combined,saddle_node,stationary,22,Neural SDE (Euler),38.0,-0.815976619720459,-0.009615867145901381,True
combined,saddle_node,stationary,22,Neural SDE (Euler),54.0,,,False
combined,saddle_node,stationary,22,Neural SDE (Euler),70.0,,,False
combined,saddle_node,stationary,22,Neural SDE (Euler),78.0,,,False
combined,saddle_node,stationary,22,SINDy-STLSQ,38.0,1.0327556194547394,-0.010374722919602897,True
combined,saddle_node,stationary,22,SINDy-STLSQ,54.0,,,False
combined,saddle_node,stationary,22,SINDy-STLSQ,70.0,,,False
combined,saddle_node,stationary,22,SINDy-STLSQ,78.0,,,False
combined,saddle_node,stationary,23,Bayesian SINDy (spike-slab),38.0,1.4695900598216645,-0.006373938077121999,True
combined,saddle_node,stationary,23,Bayesian SINDy (spike-slab),54.0,0.4295200695706103,0.004144437963431474,True
combined,saddle_node,stationary,23,Bayesian SINDy (spike-slab),70.0,-0.8185542839989808,-0.041432856252232565,True
combined,saddle_node,stationary,23,Bayesian SINDy (spike-slab),78.0,,,False
combined,saddle_node,stationary,23,Kalman OU,38.0,2.037517369896682,0.0940024061729711,True
combined,saddle_node,stationary,23,Kalman OU,54.0,0.0,0.0,True
combined,saddle_node,stationary,23,Kalman OU,70.0,0.0,0.0,True
combined,saddle_node,stationary,23,Kalman OU,78.0,0.0,0.0,True
combined,saddle_node,stationary,23,Latent Neural SDE (VI),38.0,1.1073821783065796,-0.004567205542071559,True
combined,saddle_node,stationary,23,Latent Neural SDE (VI),54.0,-0.2847425937652588,-0.039260537883386744,True
combined,saddle_node,stationary,23,Latent Neural SDE (VI),70.0,-0.5630676746368408,-0.03428597811267305,True
combined,saddle_node,stationary,23,Latent Neural SDE (VI),78.0,-0.2857532501220703,-0.031007430234119587,True
combined,saddle_node,stationary,23,Moment OU,38.0,,,False
combined,saddle_node,stationary,23,Moment OU,54.0,,,False
combined,saddle_node,stationary,23,Moment OU,70.0,,,False
combined,saddle_node,stationary,23,Moment OU,78.0,,,False
combined,saddle_node,stationary,23,Neural SDE (Euler),38.0,1.0625298023223877,-0.009149487404110049,True
combined,saddle_node,stationary,23,Neural SDE (Euler),54.0,0.3514953851699829,-0.028640919453347555,True
combined,saddle_node,stationary,23,Neural SDE (Euler),70.0,-1.2201848030090332,-0.0580725609575983,True
combined,saddle_node,stationary,23,Neural SDE (Euler),78.0,,,False
combined,saddle_node,stationary,23,SINDy-STLSQ,38.0,0.6535437610509718,-0.018215447823032235,True
combined,saddle_node,stationary,23,SINDy-STLSQ,54.0,-1.52260351390115,-0.013035774415205995,True
combined,saddle_node,stationary,23,SINDy-STLSQ,70.0,-1.092313764074132,-0.04898189004974341,True
combined,saddle_node,stationary,23,SINDy-STLSQ,78.0,,,False
combined,saddle_node,stationary,24,Bayesian SINDy (spike-slab),38.0,-1.7732972712738655,-0.04599744347824875,True
combined,saddle_node,stationary,24,Bayesian SINDy (spike-slab),54.0,-0.15732566305837548,-0.009836965164409628,True
combined,saddle_node,stationary,24,Bayesian SINDy (spike-slab),70.0,-0.25594921148299155,-0.03598523589890855,True
combined,saddle_node,stationary,24,Bayesian SINDy (spike-slab),78.0,-0.07517417363373724,-0.046600481179010035,True
combined,saddle_node,stationary,24,Kalman OU,38.0,-1.997541722726022,-0.08069234588183165,True
combined,saddle_node,stationary,24,Kalman OU,54.0,-1.997541722726022,-0.08069234588183165,True
combined,saddle_node,stationary,24,Kalman OU,70.0,0.2510505236828182,-0.03171607054323899,True
combined,saddle_node,stationary,24,Kalman OU,78.0,-1.997541722726022,-0.08069234588183165,True
combined,saddle_node,stationary,24,Latent Neural SDE (VI),38.0,0.49426597356796265,0.0007502915937055987,True
combined,saddle_node,stationary,24,Latent Neural SDE (VI),54.0,-0.6783463954925537,-0.00315629735772352,True
combined,saddle_node,stationary,24,Latent Neural SDE (VI),70.0,-0.17506670951843262,-0.04167067873252293,True
combined,saddle_node,stationary,24,Latent Neural SDE (VI),78.0,-0.7664053440093994,-0.04658115153611536,True
combined,saddle_node,stationary,24,Moment OU,38.0,,,False
combined,saddle_node,stationary,24,Moment OU,54.0,,,False
combined,saddle_node,stationary,24,Moment OU,70.0,,,False
combined,saddle_node,stationary,24,Moment OU,78.0,,,False
combined,saddle_node,stationary,24,Neural SDE (Euler),38.0,-1.9942059516906738,-0.05633219774479018,True
combined,saddle_node,stationary,24,Neural SDE (Euler),54.0,-2.1750595569610596,-0.045648831886064015,True
combined,saddle_node,stationary,24,Neural SDE (Euler),70.0,-0.749720573425293,-0.07893976166790526,True
combined,saddle_node,stationary,24,Neural SDE (Euler),78.0,-1.0340592861175537,-0.05380886497559493,True
combined,saddle_node,stationary,24,SINDy-STLSQ,38.0,0.0771996326373161,-0.03524861613224303,True
combined,saddle_node,stationary,24,SINDy-STLSQ,54.0,1.517683968369802,0.0037486576776257913,True
combined,saddle_node,stationary,24,SINDy-STLSQ,70.0,1.1810469030989914,-0.020384954884078446,True
combined,saddle_node,stationary,24,SINDy-STLSQ,78.0,1.7711906331067953,-0.02313233404878058,True
combined,saddle_node,stationary,25,Bayesian SINDy (spike-slab),38.0,,,False
combined,saddle_node,stationary,25,Bayesian SINDy (spike-slab),54.0,,,False
combined,saddle_node,stationary,25,Bayesian SINDy (spike-slab),70.0,,,False
combined,saddle_node,stationary,25,Bayesian SINDy (spike-slab),78.0,,,False
combined,saddle_node,stationary,25,Kalman OU,38.0,0.0,0.0,True
combined,saddle_node,stationary,25,Kalman OU,54.0,0.0,0.14679633969020398,True
combined,saddle_node,stationary,25,Kalman OU,70.0,1.225732332896327,0.18112918708171846,True
combined,saddle_node,stationary,25,Kalman OU,78.0,0.0,0.0,True
combined,saddle_node,stationary,25,Latent Neural SDE (VI),38.0,2.343426823616028,4.849612604711229e-06,True
combined,saddle_node,stationary,25,Latent Neural SDE (VI),54.0,2.5598360300064087,0.011370982872287487,True
combined,saddle_node,stationary,25,Latent Neural SDE (VI),70.0,2.5888057947158813,0.00963033727808,True
combined,saddle_node,stationary,25,Latent Neural SDE (VI),78.0,2.1746485233306885,-0.002905150009317105,True
combined,saddle_node,stationary,25,Moment OU,38.0,,,False
combined,saddle_node,stationary,25,Moment OU,54.0,,,False
combined,saddle_node,stationary,25,Moment OU,70.0,,,False
combined,saddle_node,stationary,25,Moment OU,78.0,,,False
combined,saddle_node,stationary,25,Neural SDE (Euler),38.0,,,False
combined,saddle_node,stationary,25,Neural SDE (Euler),54.0,,,False
combined,saddle_node,stationary,25,Neural SDE (Euler),70.0,,,False
combined,saddle_node,stationary,25,Neural SDE (Euler),78.0,,,False
combined,saddle_node,stationary,25,SINDy-STLSQ,38.0,,,False
combined,saddle_node,stationary,25,SINDy-STLSQ,54.0,,,False
combined,saddle_node,stationary,25,SINDy-STLSQ,70.0,,,False
combined,saddle_node,stationary,25,SINDy-STLSQ,78.0,,,False
combined,saddle_node,stationary,26,Bayesian SINDy (spike-slab),38.0,-0.34508075054842435,0.0060805664175333785,True
combined,saddle_node,stationary,26,Bayesian SINDy (spike-slab),54.0,0.025351187279154308,0.0182603220335298,True
combined,saddle_node,stationary,26,Bayesian SINDy (spike-slab),70.0,-0.22536112887960114,0.02984756915308394,True
combined,saddle_node,stationary,26,Bayesian SINDy (spike-slab),78.0,-1.0049345805559573,0.005030919572519624,True
combined,saddle_node,stationary,26,Kalman OU,38.0,-2.07244700825372,-0.05025016085435231,True
combined,saddle_node,stationary,26,Kalman OU,54.0,-2.07244700825372,-0.05025016085435231,True
combined,saddle_node,stationary,26,Kalman OU,70.0,-2.07244700825372,-0.05025016085435231,True
combined,saddle_node,stationary,26,Kalman OU,78.0,-2.07244700825372,-0.05025016085435231,True
combined,saddle_node,stationary,26,Latent Neural SDE (VI),38.0,-0.7992575168609619,-0.00477514621186946,True
combined,saddle_node,stationary,26,Latent Neural SDE (VI),54.0,-2.459623694419861,-0.005157055175936669,True
combined,saddle_node,stationary,26,Latent Neural SDE (VI),70.0,-1.7219637632369995,0.026965654128620314,True
combined,saddle_node,stationary,26,Latent Neural SDE (VI),78.0,-2.059306025505066,0.025067183321460976,True
combined,saddle_node,stationary,26,Moment OU,38.0,,,False
combined,saddle_node,stationary,26,Moment OU,54.0,,,False
combined,saddle_node,stationary,26,Moment OU,70.0,,,False
combined,saddle_node,stationary,26,Moment OU,78.0,,,False
combined,saddle_node,stationary,26,Neural SDE (Euler),38.0,0.35961878299713135,0.041175182182844335,True
combined,saddle_node,stationary,26,Neural SDE (Euler),54.0,-1.1571906805038452,0.06807646085696627,True
combined,saddle_node,stationary,26,Neural SDE (Euler),70.0,-0.7182809114456177,0.0752295760757108,True
combined,saddle_node,stationary,26,Neural SDE (Euler),78.0,-1.5590485334396362,0.05743056259298292,True
combined,saddle_node,stationary,26,SINDy-STLSQ,38.0,0.12826336987541676,0.013372017952032612,True
combined,saddle_node,stationary,26,SINDy-STLSQ,54.0,-0.22679604043284884,0.02147283837203697,True
combined,saddle_node,stationary,26,SINDy-STLSQ,70.0,1.0644135667672459,0.03492904405207365,True
combined,saddle_node,stationary,26,SINDy-STLSQ,78.0,-0.6895332430904859,0.007620887555086275,True
combined,saddle_node,stationary,27,Bayesian SINDy (spike-slab),38.0,,,False
combined,saddle_node,stationary,27,Bayesian SINDy (spike-slab),54.0,,,False
combined,saddle_node,stationary,27,Bayesian SINDy (spike-slab),70.0,,,False
combined,saddle_node,stationary,27,Bayesian SINDy (spike-slab),78.0,,,False
combined,saddle_node,stationary,27,Kalman OU,38.0,-2.597232538455849,-0.05297110473456122,True
combined,saddle_node,stationary,27,Kalman OU,54.0,-2.597232538455849,-0.05297110473456122,True
combined,saddle_node,stationary,27,Kalman OU,70.0,-1.5395797183797635,0.15917302965732555,True
combined,saddle_node,stationary,27,Kalman OU,78.0,-2.597232538455849,-0.05297110473456122,True
combined,saddle_node,stationary,27,Latent Neural SDE (VI),38.0,-1.8245404362678528,-0.06959891891508327,True
combined,saddle_node,stationary,27,Latent Neural SDE (VI),54.0,-0.7103350758552551,-0.04818140110678204,True
combined,saddle_node,stationary,27,Latent Neural SDE (VI),70.0,-0.16041582822799683,0.024677517072455205,True
combined,saddle_node,stationary,27,Latent Neural SDE (VI),78.0,-0.5585686564445496,-0.015536170388040407,True
combined,saddle_node,stationary,27,Moment OU,38.0,,,False
combined,saddle_node,stationary,27,Moment OU,54.0,,,False
combined,saddle_node,stationary,27,Moment OU,70.0,,,False
combined,saddle_node,stationary,27,Moment OU,78.0,,,False
combined,saddle_node,stationary,27,Neural SDE (Euler),38.0,,,False
combined,saddle_node,stationary,27,Neural SDE (Euler),54.0,,,False
combined,saddle_node,stationary,27,Neural SDE (Euler),70.0,,,False
combined,saddle_node,stationary,27,Neural SDE (Euler),78.0,,,False
combined,saddle_node,stationary,27,SINDy-STLSQ,38.0,,,False
combined,saddle_node,stationary,27,SINDy-STLSQ,54.0,,,False
combined,saddle_node,stationary,27,SINDy-STLSQ,70.0,,,False
combined,saddle_node,stationary,27,SINDy-STLSQ,78.0,,,False
combined,saddle_node,stationary,28,Bayesian SINDy (spike-slab),38.0,-0.3168016379944927,-0.030009001114130796,True
combined,saddle_node,stationary,28,Bayesian SINDy (spike-slab),54.0,0.563347219950251,0.007673218872717505,True
combined,saddle_node,stationary,28,Bayesian SINDy (spike-slab),70.0,-0.39393376883630316,-0.025433195460937946,True
combined,saddle_node,stationary,28,Bayesian SINDy (spike-slab),78.0,-1.9672711249210362,-0.05178972957678595,True
combined,saddle_node,stationary,28,Kalman OU,38.0,-2.2652728372588964,-0.015453471901942923,True
combined,saddle_node,stationary,28,Kalman OU,54.0,-1.4256375190327,0.04832645125629442,True
combined,saddle_node,stationary,28,Kalman OU,70.0,-2.2652728372588964,-0.015453471901942923,True
combined,saddle_node,stationary,28,Kalman OU,78.0,-2.2652728372588964,-0.015453471901942923,True
combined,saddle_node,stationary,28,Latent Neural SDE (VI),38.0,-0.7639110088348389,-0.05647339662248213,True
combined,saddle_node,stationary,28,Latent Neural SDE (VI),54.0,0.019326448440551758,-0.027647541846730156,True
combined,saddle_node,stationary,28,Latent Neural SDE (VI),70.0,0.19220173358917236,-0.04017102351008768,True
combined,saddle_node,stationary,28,Latent Neural SDE (VI),78.0,-1.6183204650878906,-0.06985749409782763,True
combined,saddle_node,stationary,28,Moment OU,38.0,,,False
combined,saddle_node,stationary,28,Moment OU,54.0,,,False
combined,saddle_node,stationary,28,Moment OU,70.0,,,False
combined,saddle_node,stationary,28,Moment OU,78.0,,,False
combined,saddle_node,stationary,28,Neural SDE (Euler),38.0,-0.9570339918136597,-0.044558805299920436,True
combined,saddle_node,stationary,28,Neural SDE (Euler),54.0,-0.48653721809387207,0.030872880217024834,True
combined,saddle_node,stationary,28,Neural SDE (Euler),70.0,-0.18791651725769043,-0.033804152937620194,True
combined,saddle_node,stationary,28,Neural SDE (Euler),78.0,-2.086917281150818,-0.07270808135768637,True
combined,saddle_node,stationary,28,SINDy-STLSQ,38.0,-0.4440149164553111,-0.02968835863738705,True
combined,saddle_node,stationary,28,SINDy-STLSQ,54.0,-0.18253386097962365,-0.0024006427578059653,True
combined,saddle_node,stationary,28,SINDy-STLSQ,70.0,0.6299703253179334,-0.030103830901897645,True
combined,saddle_node,stationary,28,SINDy-STLSQ,78.0,-2.016665651421608,-0.059128935474597924,True
combined,saddle_node,stationary,29,Bayesian SINDy (spike-slab),38.0,1.103148692489108,0.04056954716844116,True
combined,saddle_node,stationary,29,Bayesian SINDy (spike-slab),54.0,,,False
combined,saddle_node,stationary,29,Bayesian SINDy (spike-slab),70.0,0.08684875424308536,0.05272489926246651,True
combined,saddle_node,stationary,29,Bayesian SINDy (spike-slab),78.0,0.26583176839380984,0.05393655001542305,True
combined,saddle_node,stationary,29,Kalman OU,38.0,2.187807950024884,0.040113220659100016,True
combined,saddle_node,stationary,29,Kalman OU,54.0,2.5198558438716003,0.017856524134886906,True
combined,saddle_node,stationary,29,Kalman OU,70.0,0.0,0.0,True
combined,saddle_node,stationary,29,Kalman OU,78.0,0.0,0.0,True
combined,saddle_node,stationary,29,Latent Neural SDE (VI),38.0,0.7269419431686401,0.031200829068393478,True
combined,saddle_node,stationary,29,Latent Neural SDE (VI),54.0,0.14766037464141846,0.016669544619685138,True
combined,saddle_node,stationary,29,Latent Neural SDE (VI),70.0,-0.9153465032577515,0.03682125943063721,True
combined,saddle_node,stationary,29,Latent Neural SDE (VI),78.0,-1.2319477796554565,0.035505982854838754,True
combined,saddle_node,stationary,29,Moment OU,38.0,,,False
combined,saddle_node,stationary,29,Moment OU,54.0,,,False
combined,saddle_node,stationary,29,Moment OU,70.0,,,False
combined,saddle_node,stationary,29,Moment OU,78.0,,,False
combined,saddle_node,stationary,29,Neural SDE (Euler),38.0,1.1127148270606995,0.008250766980453891,True
combined,saddle_node,stationary,29,Neural SDE (Euler),54.0,,,False
combined,saddle_node,stationary,29,Neural SDE (Euler),70.0,-1.2883801460266113,0.026472917077522515,True
combined,saddle_node,stationary,29,Neural SDE (Euler),78.0,-1.0608043670654297,0.016433351161477983,True
combined,saddle_node,stationary,29,SINDy-STLSQ,38.0,1.295247160931252,0.039495924610250595,True
combined,saddle_node,stationary,29,SINDy-STLSQ,54.0,,,False
combined,saddle_node,stationary,29,SINDy-STLSQ,70.0,0.4853879431863988,0.05447796543485601,True
combined,saddle_node,stationary,29,SINDy-STLSQ,78.0,0.07819999786947829,0.055964503205977185,True
combined,transcritical,noise_growth,20,Bayesian SINDy (spike-slab),38.0,,,False
combined,transcritical,noise_growth,20,Bayesian SINDy (spike-slab),54.0,,,False
combined,transcritical,noise_growth,20,Bayesian SINDy (spike-slab),70.0,,,False
combined,transcritical,noise_growth,20,Bayesian SINDy (spike-slab),78.0,,,False
combined,transcritical,noise_growth,20,Kalman OU,38.0,0.0,0.0,True
combined,transcritical,noise_growth,20,Kalman OU,54.0,0.0,0.0,True
combined,transcritical,noise_growth,20,Kalman OU,70.0,0.0,0.0,True
combined,transcritical,noise_growth,20,Kalman OU,78.0,2.5364437243303732,0.04963044560871792,True
combined,transcritical,noise_growth,20,Latent Neural SDE (VI),38.0,-0.4932692050933838,-0.014804991343887283,True
combined,transcritical,noise_growth,20,Latent Neural SDE (VI),54.0,-0.26865458488464355,-0.05322829980219197,True
combined,transcritical,noise_growth,20,Latent Neural SDE (VI),70.0,-1.0288649797439575,-0.003745379076850061,True
combined,transcritical,noise_growth,20,Latent Neural SDE (VI),78.0,1.013378769159317,-0.008448131509065468,True
combined,transcritical,noise_growth,20,Moment OU,38.0,,,False
combined,transcritical,noise_growth,20,Moment OU,54.0,,,False
combined,transcritical,noise_growth,20,Moment OU,70.0,,,False
combined,transcritical,noise_growth,20,Moment OU,78.0,,,False
combined,transcritical,noise_growth,20,Neural SDE (Euler),38.0,,,False
combined,transcritical,noise_growth,20,Neural SDE (Euler),54.0,,,False
combined,transcritical,noise_growth,20,Neural SDE (Euler),70.0,,,False
combined,transcritical,noise_growth,20,Neural SDE (Euler),78.0,,,False
combined,transcritical,noise_growth,20,SINDy-STLSQ,38.0,,,False
combined,transcritical,noise_growth,20,SINDy-STLSQ,54.0,,,False
combined,transcritical,noise_growth,20,SINDy-STLSQ,70.0,,,False
combined,transcritical,noise_growth,20,SINDy-STLSQ,78.0,,,False
combined,transcritical,noise_growth,21,Bayesian SINDy (spike-slab),38.0,,,False
combined,transcritical,noise_growth,21,Bayesian SINDy (spike-slab),54.0,,,False
combined,transcritical,noise_growth,21,Bayesian SINDy (spike-slab),70.0,,,False
combined,transcritical,noise_growth,21,Bayesian SINDy (spike-slab),78.0,,,False
combined,transcritical,noise_growth,21,Kalman OU,38.0,-2.1796849539612966,-0.0422335866323922,True
combined,transcritical,noise_growth,21,Kalman OU,54.0,-2.1796849539612966,-0.0422335866323922,True
combined,transcritical,noise_growth,21,Kalman OU,70.0,-2.1796849539612966,-0.0422335866323922,True
combined,transcritical,noise_growth,21,Kalman OU,78.0,0.6762095683379983,0.00948889246375633,True
combined,transcritical,noise_growth,21,Latent Neural SDE (VI),38.0,-0.7591943144798279,0.0684357359515023,True
combined,transcritical,noise_growth,21,Latent Neural SDE (VI),54.0,-0.5935530662536621,0.0250098555764037,True
combined,transcritical,noise_growth,21,Latent Neural SDE (VI),70.0,-2.387778580188751,0.020035149601586477,True
combined,transcritical,noise_growth,21,Latent Neural SDE (VI),78.0,-0.01854616403579712,0.019304094303517164,True
combined,transcritical,noise_growth,21,Moment OU,38.0,,,False
combined,transcritical,noise_growth,21,Moment OU,54.0,,,False
combined,transcritical,noise_growth,21,Moment OU,70.0,,,False
combined,transcritical,noise_growth,21,Moment OU,78.0,,,False
combined,transcritical,noise_growth,21,Neural SDE (Euler),38.0,,,False
combined,transcritical,noise_growth,21,Neural SDE (Euler),54.0,,,False
combined,transcritical,noise_growth,21,Neural SDE (Euler),70.0,,,False
combined,transcritical,noise_growth,21,Neural SDE (Euler),78.0,,,False
combined,transcritical,noise_growth,21,SINDy-STLSQ,38.0,,,False
combined,transcritical,noise_growth,21,SINDy-STLSQ,54.0,,,False
combined,transcritical,noise_growth,21,SINDy-STLSQ,70.0,,,False
combined,transcritical,noise_growth,21,SINDy-STLSQ,78.0,,,False
combined,transcritical,noise_growth,22,Bayesian SINDy (spike-slab),38.0,-0.36596490287546746,-0.01183879216237331,True
combined,transcritical,noise_growth,22,Bayesian SINDy (spike-slab),54.0,,,False
combined,transcritical,noise_growth,22,Bayesian SINDy (spike-slab),70.0,0.24121179751373545,0.02447775379075482,True
combined,transcritical,noise_growth,22,Bayesian SINDy (spike-slab),78.0,0.02277717521228162,0.004297482183967992,True
combined,transcritical,noise_growth,22,Kalman OU,38.0,0.0,0.0,True
combined,transcritical,noise_growth,22,Kalman OU,54.0,1.0563114948901233,0.1315928835468139,True
combined,transcritical,noise_growth,22,Kalman OU,70.0,0.0,0.0,True
combined,transcritical,noise_growth,22,Kalman OU,78.0,0.05453735561825024,0.16779102723458997,True
combined,transcritical,noise_growth,22,Latent Neural SDE (VI),38.0,-1.111315369606018,-0.0014399961069265083,True
combined,transcritical,noise_growth,22,Latent Neural SDE (VI),54.0,-0.17260658740997314,-0.04998548048797657,True
combined,transcritical,noise_growth,22,Latent Neural SDE (VI),70.0,-1.6391024589538574,-0.023055530670095886,True
combined,transcritical,noise_growth,22,Latent Neural SDE (VI),78.0,-0.992255687713623,-0.02095048018795148,True
combined,transcritical,noise_growth,22,Moment OU,38.0,,,False
combined,transcritical,noise_growth,22,Moment OU,54.0,,,False
combined,transcritical,noise_growth,22,Moment OU,70.0,,,False
combined,transcritical,noise_growth,22,Moment OU,78.0,,,False
combined,transcritical,noise_growth,22,Neural SDE (Euler),38.0,-0.2670837640762329,0.0759812476406281,True
combined,transcritical,noise_growth,22,Neural SDE (Euler),54.0,,,False
combined,transcritical,noise_growth,22,Neural SDE (Euler),70.0,-0.8904205560684204,-0.017344272794584427,True
combined,transcritical,noise_growth,22,Neural SDE (Euler),78.0,-0.8853682279586792,-0.007743318395454779,True
combined,transcritical,noise_growth,22,SINDy-STLSQ,38.0,-0.7101357721254686,-0.012099588374550899,True
combined,transcritical,noise_growth,22,SINDy-STLSQ,54.0,,,False
combined,transcritical,noise_growth,22,SINDy-STLSQ,70.0,-0.7700415714870308,0.01980604568567882,True
combined,transcritical,noise_growth,22,SINDy-STLSQ,78.0,-0.5216197492771044,0.0045369559565828985,True
combined,transcritical,noise_growth,23,Bayesian SINDy (spike-slab),38.0,,,False
combined,transcritical,noise_growth,23,Bayesian SINDy (spike-slab),54.0,0.9809401704074475,-0.03581117383349404,True
combined,transcritical,noise_growth,23,Bayesian SINDy (spike-slab),70.0,0.3647557940859165,0.0022734144245614707,True
combined,transcritical,noise_growth,23,Bayesian SINDy (spike-slab),78.0,1.0430690518561883,0.011981910170647495,True
combined,transcritical,noise_growth,23,Kalman OU,38.0,0.0,0.0,True
combined,transcritical,noise_growth,23,Kalman OU,54.0,1.8040796268573889,0.09916043589641692,True
combined,transcritical,noise_growth,23,Kalman OU,70.0,0.0,0.0,True
combined,transcritical,noise_growth,23,Kalman OU,78.0,1.4917604326527312,0.1538723903792396,True
combined,transcritical,noise_growth,23,Latent Neural SDE (VI),38.0,1.80470809340477,0.00832386771059395,True
combined,transcritical,noise_growth,23,Latent Neural SDE (VI),54.0,0.6383010149002075,0.010439047369857117,True
combined,transcritical,noise_growth,23,Latent Neural SDE (VI),70.0,1.371067762374878,0.001982885051128598,True
combined,transcritical,noise_growth,23,Latent Neural SDE (VI),78.0,1.5338091254234314,0.024882516960363164,True
combined,transcritical,noise_growth,23,Moment OU,38.0,,,False
combined,transcritical,noise_growth,23,Moment OU,54.0,,,False
combined,transcritical,noise_growth,23,Moment OU,70.0,,,False
combined,transcritical,noise_growth,23,Moment OU,78.0,,,False
combined,transcritical,noise_growth,23,Neural SDE (Euler),38.0,,,False
combined,transcritical,noise_growth,23,Neural SDE (Euler),54.0,-0.13800549507141113,-0.03255271321793268,True
combined,transcritical,noise_growth,23,Neural SDE (Euler),70.0,1.5788782238960266,-0.051831677138130285,True
combined,transcritical,noise_growth,23,Neural SDE (Euler),78.0,1.8457177877426147,-0.0026534679919726634,True
combined,transcritical,noise_growth,23,SINDy-STLSQ,38.0,,,False
combined,transcritical,noise_growth,23,SINDy-STLSQ,54.0,1.0149864005081064,-0.03947683470924141,True
combined,transcritical,noise_growth,23,SINDy-STLSQ,70.0,0.28561240500600205,0.000847227607329526,True
combined,transcritical,noise_growth,23,SINDy-STLSQ,78.0,2.113450351000383,0.012742585702467848,True
combined,transcritical,noise_growth,24,Bayesian SINDy (spike-slab),38.0,-1.007996040970755,-0.01033427626006312,True
combined,transcritical,noise_growth,24,Bayesian SINDy (spike-slab),54.0,0.5380471470373801,0.05322408866767805,True
combined,transcritical,noise_growth,24,Bayesian SINDy (spike-slab),70.0,-0.448360430949573,0.027638826131307963,True
combined,transcritical,noise_growth,24,Bayesian SINDy (spike-slab),78.0,-0.16845116052609121,0.06532594450836118,True
combined,transcritical,noise_growth,24,Kalman OU,38.0,0.0,0.0,True
combined,transcritical,noise_growth,24,Kalman OU,54.0,0.7706086266020615,0.23086164299875733,True
combined,transcritical,noise_growth,24,Kalman OU,70.0,0.0,0.0,True
combined,transcritical,noise_growth,24,Kalman OU,78.0,0.0,0.0,True
combined,transcritical,noise_growth,24,Latent Neural SDE (VI),38.0,-0.45889806747436523,-0.01820272817302731,True
combined,transcritical,noise_growth,24,Latent Neural SDE (VI),54.0,1.8353612422943115,0.0866267492219562,True
combined,transcritical,noise_growth,24,Latent Neural SDE (VI),70.0,-0.3793931007385254,0.007388380988927169,True
combined,transcritical,noise_growth,24,Latent Neural SDE (VI),78.0,1.006978154182434,0.030357582355318873,True
combined,transcritical,noise_growth,24,Moment OU,38.0,,,False
combined,transcritical,noise_growth,24,Moment OU,54.0,,,False
combined,transcritical,noise_growth,24,Moment OU,70.0,,,False
combined,transcritical,noise_growth,24,Moment OU,78.0,,,False
combined,transcritical,noise_growth,24,Neural SDE (Euler),38.0,0.5144236087799072,0.0021633051645000498,True
combined,transcritical,noise_growth,24,Neural SDE (Euler),54.0,2.7192245721817017,0.09569530209151539,True
combined,transcritical,noise_growth,24,Neural SDE (Euler),70.0,1.5819785594940186,0.02176989631219311,True
combined,transcritical,noise_growth,24,Neural SDE (Euler),78.0,2.37160062789917,0.06527360761983769,True
combined,transcritical,noise_growth,24,SINDy-STLSQ,38.0,-0.6918936327907521,-0.01455123372275545,True
combined,transcritical,noise_growth,24,SINDy-STLSQ,54.0,0.9964177169655666,0.046566859339782045,True
combined,transcritical,noise_growth,24,SINDy-STLSQ,70.0,0.023983803340645427,0.02702110591977335,True
combined,transcritical,noise_growth,24,SINDy-STLSQ,78.0,1.1041993708239866,0.06977550332574325,True
combined,transcritical,noise_growth,25,Bayesian SINDy (spike-slab),38.0,1.0597734896809548,0.00814266241355728,True
combined,transcritical,noise_growth,25,Bayesian SINDy (spike-slab),54.0,,,False
combined,transcritical,noise_growth,25,Bayesian SINDy (spike-slab),70.0,-0.5687204960060592,-0.006950899303878474,True
combined,transcritical,noise_growth,25,Bayesian SINDy (spike-slab),78.0,,,False
combined,transcritical,noise_growth,25,Kalman OU,38.0,0.0,0.0,True
combined,transcritical,noise_growth,25,Kalman OU,54.0,2.244400326432097,0.09402742508425294,True
combined,transcritical,noise_growth,25,Kalman OU,70.0,0.0,0.1681502370203091,True
combined,transcritical,noise_growth,25,Kalman OU,78.0,0.8303317712334253,0.16542723581848037,True
combined,transcritical,noise_growth,25,Latent Neural SDE (VI),38.0,0.518081784248352,-0.02334308400550196,True
combined,transcritical,noise_growth,25,Latent Neural SDE (VI),54.0,1.5512437522411346,-0.022353811554343767,True
combined,transcritical,noise_growth,25,Latent Neural SDE (VI),70.0,0.4664480686187744,-0.05321088224047275,True
combined,transcritical,noise_growth,25,Latent Neural SDE (VI),78.0,0.9926313161849976,0.014414984799893074,True
combined,transcritical,noise_growth,25,Moment OU,38.0,,,False
combined,transcritical,noise_growth,25,Moment OU,54.0,,,False
combined,transcritical,noise_growth,25,Moment OU,70.0,,,False
combined,transcritical,noise_growth,25,Moment OU,78.0,,,False
combined,transcritical,noise_growth,25,Neural SDE (Euler),38.0,0.3599522113800049,-0.03550462458691329,True
combined,transcritical,noise_growth,25,Neural SDE (Euler),54.0,,,False
combined,transcritical,noise_growth,25,Neural SDE (Euler),70.0,0.32587099075317383,-0.031934344054304814,True
combined,transcritical,noise_growth,25,Neural SDE (Euler),78.0,,,False
combined,transcritical,noise_growth,25,SINDy-STLSQ,38.0,1.283327461480968,0.02248959476425106,True
combined,transcritical,noise_growth,25,SINDy-STLSQ,54.0,,,False
combined,transcritical,noise_growth,25,SINDy-STLSQ,70.0,0.2946298294609466,0.005662215956404516,True
combined,transcritical,noise_growth,25,SINDy-STLSQ,78.0,,,False
combined,transcritical,noise_growth,26,Bayesian SINDy (spike-slab),38.0,-0.40887619094289107,-0.008279604975745286,True
combined,transcritical,noise_growth,26,Bayesian SINDy (spike-slab),54.0,0.518222049741251,0.0221116305892005,True
combined,transcritical,noise_growth,26,Bayesian SINDy (spike-slab),70.0,-0.5665399094656778,0.015323111447255941,True
combined,transcritical,noise_growth,26,Bayesian SINDy (spike-slab),78.0,-0.9512909469459998,0.01582702841703748,True
combined,transcritical,noise_growth,26,Kalman OU,38.0,0.0,0.0,True
combined,transcritical,noise_growth,26,Kalman OU,54.0,0.7048260899317476,0.18449373985122827,True
combined,transcritical,noise_growth,26,Kalman OU,70.0,0.0,0.0,True
combined,transcritical,noise_growth,26,Kalman OU,78.0,0.0,0.0,True
combined,transcritical,noise_growth,26,Latent Neural SDE (VI),38.0,-1.1850268840789795,-0.013630057667609274,True
combined,transcritical,noise_growth,26,Latent Neural SDE (VI),54.0,-0.45578598976135254,0.03987644570659882,True
combined,transcritical,noise_growth,26,Latent Neural SDE (VI),70.0,-1.076941967010498,0.02955404599947059,True
combined,transcritical,noise_growth,26,Latent Neural SDE (VI),78.0,-1.5887038707733154,-0.016461261937249685,True
combined,transcritical,noise_growth,26,Moment OU,38.0,,,False
combined,transcritical,noise_growth,26,Moment OU,54.0,,,False
combined,transcritical,noise_growth,26,Moment OU,70.0,,,False
combined,transcritical,noise_growth,26,Moment OU,78.0,,,False
combined,transcritical,noise_growth,26,Neural SDE (Euler),38.0,-0.21857094764709473,0.007994388933747834,True
combined,transcritical,noise_growth,26,Neural SDE (Euler),54.0,0.05031609535217285,0.035131328801739706,True
combined,transcritical,noise_growth,26,Neural SDE (Euler),70.0,-0.14381539821624756,0.04125477251387648,True
combined,transcritical,noise_growth,26,Neural SDE (Euler),78.0,-1.4524004459381104,0.02598467103812259,True
combined,transcritical,noise_growth,26,SINDy-STLSQ,38.0,-0.799059480879008,-0.006057350665251746,True
combined,transcritical,noise_growth,26,SINDy-STLSQ,54.0,-0.4469683817316604,0.01685098943820182,True
combined,transcritical,noise_growth,26,SINDy-STLSQ,70.0,-0.8901878281550818,0.014635701555866881,True
combined,transcritical,noise_growth,26,SINDy-STLSQ,78.0,-2.054510156208547,0.01109872296785741,True
combined,transcritical,noise_growth,27,Bayesian SINDy (spike-slab),38.0,,,False
combined,transcritical,noise_growth,27,Bayesian SINDy (spike-slab),54.0,,,False
combined,transcritical,noise_growth,27,Bayesian SINDy (spike-slab),70.0,,,False
combined,transcritical,noise_growth,27,Bayesian SINDy (spike-slab),78.0,,,False
combined,transcritical,noise_growth,27,Kalman OU,38.0,0.0,0.0,True
combined,transcritical,noise_growth,27,Kalman OU,54.0,0.0,0.0,True
combined,transcritical,noise_growth,27,Kalman OU,70.0,0.0,0.0,True
combined,transcritical,noise_growth,27,Kalman OU,78.0,2.386277816500719,0.0692652926536666,True
combined,transcritical,noise_growth,27,Latent Neural SDE (VI),38.0,-1.451867699623108,-0.009151205642552396,True
combined,transcritical,noise_growth,27,Latent Neural SDE (VI),54.0,-0.10376167297363281,-0.019421576381806423,True
combined,transcritical,noise_growth,27,Latent Neural SDE (VI),70.0,-0.6691519021987915,-0.010887395376375647,True
combined,transcritical,noise_growth,27,Latent Neural SDE (VI),78.0,-0.9715209007263184,0.02613127403553543,True
combined,transcritical,noise_growth,27,Moment OU,38.0,,,False
combined,transcritical,noise_growth,27,Moment OU,54.0,,,False
combined,transcritical,noise_growth,27,Moment OU,70.0,,,False
combined,transcritical,noise_growth,27,Moment OU,78.0,,,False
combined,transcritical,noise_growth,27,Neural SDE (Euler),38.0,,,False
combined,transcritical,noise_growth,27,Neural SDE (Euler),54.0,,,False
combined,transcritical,noise_growth,27,Neural SDE (Euler),70.0,,,False
combined,transcritical,noise_growth,27,Neural SDE (Euler),78.0,,,False
combined,transcritical,noise_growth,27,SINDy-STLSQ,38.0,,,False
combined,transcritical,noise_growth,27,SINDy-STLSQ,54.0,,,False
combined,transcritical,noise_growth,27,SINDy-STLSQ,70.0,,,False
combined,transcritical,noise_growth,27,SINDy-STLSQ,78.0,,,False
combined,transcritical,noise_growth,28,Bayesian SINDy (spike-slab),38.0,,,False
combined,transcritical,noise_growth,28,Bayesian SINDy (spike-slab),54.0,2.526160034853823,0.08245282635717226,True
combined,transcritical,noise_growth,28,Bayesian SINDy (spike-slab),70.0,,,False
combined,transcritical,noise_growth,28,Bayesian SINDy (spike-slab),78.0,0.11169575038711876,0.04137774042021555,True
combined,transcritical,noise_growth,28,Kalman OU,38.0,0.0,0.0,True
combined,transcritical,noise_growth,28,Kalman OU,54.0,1.695775448673192,0.15936409182984163,True
combined,transcritical,noise_growth,28,Kalman OU,70.0,2.4189827869649037,0.04885920052668659,True
combined,transcritical,noise_growth,28,Kalman OU,78.0,2.6169859862527756,0.06042640012282548,True
combined,transcritical,noise_growth,28,Latent Neural SDE (VI),38.0,1.127166986465454,0.025148287042749747,True
combined,transcritical,noise_growth,28,Latent Neural SDE (VI),54.0,2.335344672203064,0.08743922686516079,True
combined,transcritical,noise_growth,28,Latent Neural SDE (VI),70.0,2.2995423078536987,0.03449152178581985,True
combined,transcritical,noise_growth,28,Latent Neural SDE (VI),78.0,2.1793066263198853,0.023470979872978776,True
combined,transcritical,noise_growth,28,Moment OU,38.0,,,False
combined,transcritical,noise_growth,28,Moment OU,54.0,,,False
combined,transcritical,noise_growth,28,Moment OU,70.0,,,False
combined,transcritical,noise_growth,28,Moment OU,78.0,,,False
combined,transcritical,noise_growth,28,Neural SDE (Euler),38.0,,,False
combined,transcritical,noise_growth,28,Neural SDE (Euler),54.0,0.7004269361495972,0.09024948989210158,True
combined,transcritical,noise_growth,28,Neural SDE (Euler),70.0,,,False
combined,transcritical,noise_growth,28,Neural SDE (Euler),78.0,-0.44818735122680664,-0.026219962095919536,True
combined,transcritical,noise_growth,28,SINDy-STLSQ,38.0,,,False
combined,transcritical,noise_growth,28,SINDy-STLSQ,54.0,-1.9223436420684314,0.06618727695434451,True
combined,transcritical,noise_growth,28,SINDy-STLSQ,70.0,,,False
combined,transcritical,noise_growth,28,SINDy-STLSQ,78.0,-0.4386939670177754,0.03342211488461348,True
combined,transcritical,noise_growth,29,Bayesian SINDy (spike-slab),38.0,-1.3673576504650373,-0.04579777266059659,True
combined,transcritical,noise_growth,29,Bayesian SINDy (spike-slab),54.0,-0.8224359439673745,-0.05098242015787132,True
combined,transcritical,noise_growth,29,Bayesian SINDy (spike-slab),70.0,-3.2419064013593983,-0.05626784076116271,True
combined,transcritical,noise_growth,29,Bayesian SINDy (spike-slab),78.0,,,False
combined,transcritical,noise_growth,29,Kalman OU,38.0,-2.8060814857181047,-0.017429483266363243,True
combined,transcritical,noise_growth,29,Kalman OU,54.0,-2.8060814857181047,-0.017429483266363243,True
combined,transcritical,noise_growth,29,Kalman OU,70.0,-2.8060814857181047,-0.017429483266363243,True
combined,transcritical,noise_growth,29,Kalman OU,78.0,-2.8060814857181047,-0.017429483266363243,True
combined,transcritical,noise_growth,29,Latent Neural SDE (VI),38.0,-0.9591450691223145,-0.035373468575383524,True
combined,transcritical,noise_growth,29,Latent Neural SDE (VI),54.0,0.32568681240081787,-0.020195607238419552,True
combined,transcritical,noise_growth,29,Latent Neural SDE (VI),70.0,-0.22868478298187256,-0.037754519802749374,True
combined,transcritical,noise_growth,29,Latent Neural SDE (VI),78.0,0.05329179763793945,-0.04812844159840436,True
combined,transcritical,noise_growth,29,Moment OU,38.0,,,False
combined,transcritical,noise_growth,29,Moment OU,54.0,,,False
combined,transcritical,noise_growth,29,Moment OU,70.0,,,False
combined,transcritical,noise_growth,29,Moment OU,78.0,,,False
combined,transcritical,noise_growth,29,Neural SDE (Euler),38.0,-1.2432106733322144,-0.06400040356548521,True
combined,transcritical,noise_growth,29,Neural SDE (Euler),54.0,0.0675426721572876,-0.07352717283746371,True
combined,transcritical,noise_growth,29,Neural SDE (Euler),70.0,-2.6215039491653442,-0.08072188503574493,True
combined,transcritical,noise_growth,29,Neural SDE (Euler),78.0,,,False
combined,transcritical,noise_growth,29,SINDy-STLSQ,38.0,-0.6465474010230954,-0.03981154147726801,True
combined,transcritical,noise_growth,29,SINDy-STLSQ,54.0,-1.2553287363056993,-0.051498540228728004,True
combined,transcritical,noise_growth,29,SINDy-STLSQ,70.0,-2.6064847532696307,-0.054650229367521105,True
combined,transcritical,noise_growth,29,SINDy-STLSQ,78.0,,,False
combined,transcritical,stability_loss,20,Bayesian SINDy (spike-slab),38.0,-0.4983983327505107,0.05258060060065117,True
combined,transcritical,stability_loss,20,Bayesian SINDy (spike-slab),54.0,,,False
combined,transcritical,stability_loss,20,Bayesian SINDy (spike-slab),70.0,-0.9077366372649475,-0.00892085609371418,True
combined,transcritical,stability_loss,20,Bayesian SINDy (spike-slab),78.0,-0.5922138390108717,0.004762876203483202,True
combined,transcritical,stability_loss,20,Kalman OU,38.0,0.9028962194391914,-0.0611824512322288,True
combined,transcritical,stability_loss,20,Kalman OU,54.0,-1.8554442255645553,-0.08000130976762797,True
combined,transcritical,stability_loss,20,Kalman OU,70.0,-1.8554442255645553,-0.08000130976762797,True
combined,transcritical,stability_loss,20,Kalman OU,78.0,-1.8554442255645553,-0.08000130976762797,True
combined,transcritical,stability_loss,20,Latent Neural SDE (VI),38.0,-0.49810171127319336,0.05261990314688776,True
combined,transcritical,stability_loss,20,Latent Neural SDE (VI),54.0,0.6036266088485718,0.01207411637472399,True
combined,transcritical,stability_loss,20,Latent Neural SDE (VI),70.0,0.9192105531692505,0.05060595818366859,True
combined,transcritical,stability_loss,20,Latent Neural SDE (VI),78.0,0.5778394937515259,0.05974953675056141,True
combined,transcritical,stability_loss,20,Moment OU,38.0,,,False
combined,transcritical,stability_loss,20,Moment OU,54.0,,,False
combined,transcritical,stability_loss,20,Moment OU,70.0,,,False
combined,transcritical,stability_loss,20,Moment OU,78.0,,,False
combined,transcritical,stability_loss,20,Neural SDE (Euler),38.0,-1.3875949382781982,0.11678253897889213,True
combined,transcritical,stability_loss,20,Neural SDE (Euler),54.0,,,False
combined,transcritical,stability_loss,20,Neural SDE (Euler),70.0,0.35244107246398926,0.06285395238087174,True
combined,transcritical,stability_loss,20,Neural SDE (Euler),78.0,0.04419398307800293,0.06029173409108474,True
combined,transcritical,stability_loss,20,SINDy-STLSQ,38.0,1.2423141674932778,0.07192859237689035,True
combined,transcritical,stability_loss,20,SINDy-STLSQ,54.0,,,False
combined,transcritical,stability_loss,20,SINDy-STLSQ,70.0,1.0610433608895828,0.014098339394317552,True
combined,transcritical,stability_loss,20,SINDy-STLSQ,78.0,1.0287010057423056,0.02853670264974932,True
combined,transcritical,stability_loss,21,Bayesian SINDy (spike-slab),38.0,0.3554167572455641,0.0012506195886931165,True
combined,transcritical,stability_loss,21,Bayesian SINDy (spike-slab),54.0,0.25503690003383395,0.02263917583668877,True
combined,transcritical,stability_loss,21,Bayesian SINDy (spike-slab),70.0,1.1069828776445512,0.0036514845347419417,True
combined,transcritical,stability_loss,21,Bayesian SINDy (spike-slab),78.0,0.9471562565827267,0.004507032771842154,True
combined,transcritical,stability_loss,21,Kalman OU,38.0,0.7015958836117925,-0.01744736240334182,True
combined,transcritical,stability_loss,21,Kalman OU,54.0,0.5912698954024105,-0.00784615817791326,True
combined,transcritical,stability_loss,21,Kalman OU,70.0,0.8380878639667032,-0.0242716157011661,True
combined,transcritical,stability_loss,21,Kalman OU,78.0,0.41052794069286314,0.03279535248900664,True
combined,transcritical,stability_loss,21,Latent Neural SDE (VI),38.0,1.4916025698184967,-0.056714103635714816,True
combined,transcritical,stability_loss,21,Latent Neural SDE (VI),54.0,0.6896190643310547,0.014969009370974243,True
combined,transcritical,stability_loss,21,Latent Neural SDE (VI),70.0,1.6143414378166199,0.0030305497280898874,True
combined,transcritical,stability_loss,21,Latent Neural SDE (VI),78.0,1.5267924964427948,-0.032955981635094896,True
combined,transcritical,stability_loss,21,Moment OU,38.0,4.717699559458064,-0.027060718391032607,True
combined,transcritical,stability_loss,21,Moment OU,54.0,3.326986361252646,0.061985309922833326,True
combined,transcritical,stability_loss,21,Moment OU,70.0,,,False
combined,transcritical,stability_loss,21,Moment OU,78.0,,,False
combined,transcritical,stability_loss,21,Neural SDE (Euler),38.0,-0.18451428413391113,-0.061365070672144625,True
combined,transcritical,stability_loss,21,Neural SDE (Euler),54.0,-0.6457147598266602,0.050380348222846344,True
combined,transcritical,stability_loss,21,Neural SDE (Euler),70.0,0.5439037680625916,0.008995348853499355,True
combined,transcritical,stability_loss,21,Neural SDE (Euler),78.0,0.8551234006881714,-0.008104402713734818,True
combined,transcritical,stability_loss,21,SINDy-STLSQ,38.0,0.015815247552347644,-0.0013566726283926883,True
combined,transcritical,stability_loss,21,SINDy-STLSQ,54.0,-0.0032046473458076097,0.011681706738568276,True
combined,transcritical,stability_loss,21,SINDy-STLSQ,70.0,-1.031846601912125,-0.0018330980524166318,True
combined,transcritical,stability_loss,21,SINDy-STLSQ,78.0,0.9003297352870282,0.003150582120236514,True
combined,transcritical,stability_loss,22,Bayesian SINDy (spike-slab),38.0,-1.044966880978329,-0.04342981852815575,True
combined,transcritical,stability_loss,22,Bayesian SINDy (spike-slab),54.0,-0.3423311461087243,-0.04874017431603897,True
combined,transcritical,stability_loss,22,Bayesian SINDy (spike-slab),70.0,,,False
combined,transcritical,stability_loss,22,Bayesian SINDy (spike-slab),78.0,-0.28658220810932056,-0.09326469439672357,True
combined,transcritical,stability_loss,22,Kalman OU,38.0,-2.2392462637472073,-0.08964705178263585,True
combined,transcritical,stability_loss,22,Kalman OU,54.0,-2.2392462637472073,-0.08964705178263585,True
combined,transcritical,stability_loss,22,Kalman OU,70.0,-2.2392462637472073,-0.08964705178263585,True
combined,transcritical,stability_loss,22,Kalman OU,78.0,0.4306272911192733,-0.057760463042391914,True
combined,transcritical,stability_loss,22,Latent Neural SDE (VI),38.0,-0.6168050765991211,-0.027591307330779025,True
combined,transcritical,stability_loss,22,Latent Neural SDE (VI),54.0,-0.5131363868713379,-0.0028094622421399457,True
combined,transcritical,stability_loss,22,Latent Neural SDE (VI),70.0,-1.7395756244659424,-0.02132346862563203,True
combined,transcritical,stability_loss,22,Latent Neural SDE (VI),78.0,0.34110260009765625,-0.010114439863743177,True
combined,transcritical,stability_loss,22,Moment OU,38.0,,,False
combined,transcritical,stability_loss,22,Moment OU,54.0,,,False
combined,transcritical,stability_loss,22,Moment OU,70.0,,,False
combined,transcritical,stability_loss,22,Moment OU,78.0,,,False
combined,transcritical,stability_loss,22,Neural SDE (Euler),38.0,0.8493567705154419,0.06921901977313326,True
combined,transcritical,stability_loss,22,Neural SDE (Euler),54.0,1.1854056119918823,0.13855487294569674,True
combined,transcritical,stability_loss,22,Neural SDE (Euler),70.0,,,False
combined,transcritical,stability_loss,22,Neural SDE (Euler),78.0,0.478971004486084,0.06659890610756838,True
combined,transcritical,stability_loss,22,SINDy-STLSQ,38.0,-0.558635630806456,-0.025845801842024244,True
combined,transcritical,stability_loss,22,SINDy-STLSQ,54.0,-0.3503219232569479,-0.03861150737633008,True
combined,transcritical,stability_loss,22,SINDy-STLSQ,70.0,,,False
combined,transcritical,stability_loss,22,SINDy-STLSQ,78.0,-0.4530073717330656,-0.08455794452858918,True
combined,transcritical,stability_loss,23,Bayesian SINDy (spike-slab),38.0,1.164235597872461,0.024254213495302254,True
combined,transcritical,stability_loss,23,Bayesian SINDy (spike-slab),54.0,1.0112270000006587,-0.0016332443623767734,True
combined,transcritical,stability_loss,23,Bayesian SINDy (spike-slab),70.0,,,False
combined,transcritical,stability_loss,23,Bayesian SINDy (spike-slab),78.0,1.208775985941029,0.005811412653103407,True
combined,transcritical,stability_loss,23,Kalman OU,38.0,2.7069612575916944,0.023938543596085705,True
combined,transcritical,stability_loss,23,Kalman OU,54.0,2.341152315479102,0.06736034407789546,True
combined,transcritical,stability_loss,23,Kalman OU,70.0,2.513201571865092,0.08417060524927497,True
combined,transcritical,stability_loss,23,Kalman OU,78.0,0.0,0.176929805704307,True
combined,transcritical,stability_loss,23,Latent Neural SDE (VI),38.0,1.076591968536377,0.021064077054718668,True
combined,transcritical,stability_loss,23,Latent Neural SDE (VI),54.0,1.9153300523757935,0.012963360163673061,True
combined,transcritical,stability_loss,23,Latent Neural SDE (VI),70.0,1.4069452285766602,0.004269637940737932,True
combined,transcritical,stability_loss,23,Latent Neural SDE (VI),78.0,1.1011898517608643,0.045024051488379145,True
combined,transcritical,stability_loss,23,Moment OU,38.0,,,False
combined,transcritical,stability_loss,23,Moment OU,54.0,,,False
combined,transcritical,stability_loss,23,Moment OU,70.0,,,False
combined,transcritical,stability_loss,23,Moment OU,78.0,,,False
combined,transcritical,stability_loss,23,Neural SDE (Euler),38.0,0.4962061643600464,0.11271493397357096,True
combined,transcritical,stability_loss,23,Neural SDE (Euler),54.0,-2.2008386850357056,0.09138787343273576,True
combined,transcritical,stability_loss,23,Neural SDE (Euler),70.0,,,False
combined,transcritical,stability_loss,23,Neural SDE (Euler),78.0,0.47348296642303467,0.11782635427273438,True
combined,transcritical,stability_loss,23,SINDy-STLSQ,38.0,-1.742674761464576,0.014221121169325932,True
combined,transcritical,stability_loss,23,SINDy-STLSQ,54.0,0.15424168467072574,-0.007018644938370233,True
combined,transcritical,stability_loss,23,SINDy-STLSQ,70.0,,,False
combined,transcritical,stability_loss,23,SINDy-STLSQ,78.0,0.19372290987235252,0.0021576117174328807,True
combined,transcritical,stability_loss,24,Bayesian SINDy (spike-slab),38.0,0.026762713846381292,0.014575514001639714,True
combined,transcritical,stability_loss,24,Bayesian SINDy (spike-slab),54.0,0.7419776504689277,-0.04837673249353983,True
combined,transcritical,stability_loss,24,Bayesian SINDy (spike-slab),70.0,0.18806865563661446,0.03609223813733245,True
combined,transcritical,stability_loss,24,Bayesian SINDy (spike-slab),78.0,0.037729386332971626,0.0005901036341039445,True
combined,transcritical,stability_loss,24,Kalman OU,38.0,0.7436817149401507,-0.026227351703309087,True
combined,transcritical,stability_loss,24,Kalman OU,54.0,2.4659064864338385,-0.13299750554153195,True
combined,transcritical,stability_loss,24,Kalman OU,70.0,2.4731523767918535,-0.13936373885420003,True
combined,transcritical,stability_loss,24,Kalman OU,78.0,-0.2745158079802166,-0.10643338576705787,True
combined,transcritical,stability_loss,24,Latent Neural SDE (VI),38.0,0.1871579885482788,-0.014250201583336342,True
combined,transcritical,stability_loss,24,Latent Neural SDE (VI),54.0,0.9766059517860413,-0.033298943526584544,True
combined,transcritical,stability_loss,24,Latent Neural SDE (VI),70.0,-0.2099604606628418,0.039593665177868054,True
combined,transcritical,stability_loss,24,Latent Neural SDE (VI),78.0,-0.04497957229614258,0.009377973190247468,True
combined,transcritical,stability_loss,24,Moment OU,38.0,-1.5062460172214749,0.0880656784236726,True
combined,transcritical,stability_loss,24,Moment OU,54.0,,,False
combined,transcritical,stability_loss,24,Moment OU,70.0,-0.7422866502093387,0.1147684024804391,True
combined,transcritical,stability_loss,24,Moment OU,78.0,,,False
combined,transcritical,stability_loss,24,Neural SDE (Euler),38.0,-1.016430377960205,-0.010184937453346518,True
combined,transcritical,stability_loss,24,Neural SDE (Euler),54.0,3.035369873046875,-0.11096057771874486,True
combined,transcritical,stability_loss,24,Neural SDE (Euler),70.0,-0.2430969476699829,0.03157304208013684,True
combined,transcritical,stability_loss,24,Neural SDE (Euler),78.0,-0.23112428188323975,-0.025637979205730577,True
combined,transcritical,stability_loss,24,SINDy-STLSQ,38.0,-2.0852995098234857,-0.0033347866831797968,True
combined,transcritical,stability_loss,24,SINDy-STLSQ,54.0,0.15982263578695033,-0.047193120921863174,True
combined,transcritical,stability_loss,24,SINDy-STLSQ,70.0,0.834872235248838,0.03500521355380942,True
combined,transcritical,stability_loss,24,SINDy-STLSQ,78.0,-0.5957347887271167,0.0012224703534067655,True
combined,transcritical,stability_loss,25,Bayesian SINDy (spike-slab),38.0,,,False
combined,transcritical,stability_loss,25,Bayesian SINDy (spike-slab),54.0,,,False
combined,transcritical,stability_loss,25,Bayesian SINDy (spike-slab),70.0,,,False
combined,transcritical,stability_loss,25,Bayesian SINDy (spike-slab),78.0,,,False
combined,transcritical,stability_loss,25,Kalman OU,38.0,2.8539061313303695,0.01907453899093396,True
combined,transcritical,stability_loss,25,Kalman OU,54.0,2.80399742962514,0.0356369793330078,True
combined,transcritical,stability_loss,25,Kalman OU,70.0,2.67723764060693,0.037514167404644014,True
combined,transcritical,stability_loss,25,Kalman OU,78.0,2.84732364606481,0.037638428732205895,True
combined,transcritical,stability_loss,25,Latent Neural SDE (VI),38.0,-0.8252297341823578,-0.02738998335139759,True
combined,transcritical,stability_loss,25,Latent Neural SDE (VI),54.0,-1.1013878285884857,0.02083351245927624,True
combined,transcritical,stability_loss,25,Latent Neural SDE (VI),70.0,-1.0506273210048676,-0.008351638666817776,True
combined,transcritical,stability_loss,25,Latent Neural SDE (VI),78.0,-0.4059162735939026,-0.03309758580096389,True
combined,transcritical,stability_loss,25,Moment OU,38.0,,,False
combined,transcritical,stability_loss,25,Moment OU,54.0,,,False
combined,transcritical,stability_loss,25,Moment OU,70.0,,,False
combined,transcritical,stability_loss,25,Moment OU,78.0,,,False
combined,transcritical,stability_loss,25,Neural SDE (Euler),38.0,,,False
combined,transcritical,stability_loss,25,Neural SDE (Euler),54.0,,,False
combined,transcritical,stability_loss,25,Neural SDE (Euler),70.0,,,False
combined,transcritical,stability_loss,25,Neural SDE (Euler),78.0,,,False
combined,transcritical,stability_loss,25,SINDy-STLSQ,38.0,,,False
combined,transcritical,stability_loss,25,SINDy-STLSQ,54.0,,,False
combined,transcritical,stability_loss,25,SINDy-STLSQ,70.0,,,False
combined,transcritical,stability_loss,25,SINDy-STLSQ,78.0,,,False
combined,transcritical,stability_loss,26,Bayesian SINDy (spike-slab),38.0,,,False
combined,transcritical,stability_loss,26,Bayesian SINDy (spike-slab),54.0,,,False
combined,transcritical,stability_loss,26,Bayesian SINDy (spike-slab),70.0,,,False
combined,transcritical,stability_loss,26,Bayesian SINDy (spike-slab),78.0,,,False
combined,transcritical,stability_loss,26,Kalman OU,38.0,0.07480106833255373,-0.060412453204770705,True
combined,transcritical,stability_loss,26,Kalman OU,54.0,2.235572399409144,-0.1936795077671988,True
combined,transcritical,stability_loss,26,Kalman OU,70.0,-0.2815202011667215,-0.09009454465872091,True
combined,transcritical,stability_loss,26,Kalman OU,78.0,-0.2815202011667215,-0.2746827796967635,True
combined,transcritical,stability_loss,26,Latent Neural SDE (VI),38.0,0.40738749504089355,0.008446363792750378,True
combined,transcritical,stability_loss,26,Latent Neural SDE (VI),54.0,1.081503838300705,0.011171167010872868,True
combined,transcritical,stability_loss,26,Latent Neural SDE (VI),70.0,0.4429968595504761,-0.022728457764062446,True
combined,transcritical,stability_loss,26,Latent Neural SDE (VI),78.0,-0.023547053337097168,-0.04705567536981845,True
combined,transcritical,stability_loss,26,Moment OU,38.0,,,False
combined,transcritical,stability_loss,26,Moment OU,54.0,,,False
combined,transcritical,stability_loss,26,Moment OU,70.0,,,False
combined,transcritical,stability_loss,26,Moment OU,78.0,,,False
combined,transcritical,stability_loss,26,Neural SDE (Euler),38.0,,,False
combined,transcritical,stability_loss,26,Neural SDE (Euler),54.0,,,False
combined,transcritical,stability_loss,26,Neural SDE (Euler),70.0,,,False
combined,transcritical,stability_loss,26,Neural SDE (Euler),78.0,,,False
combined,transcritical,stability_loss,26,SINDy-STLSQ,38.0,,,False
combined,transcritical,stability_loss,26,SINDy-STLSQ,54.0,,,False
combined,transcritical,stability_loss,26,SINDy-STLSQ,70.0,,,False
combined,transcritical,stability_loss,26,SINDy-STLSQ,78.0,,,False
combined,transcritical,stability_loss,27,Bayesian SINDy (spike-slab),38.0,,,False
combined,transcritical,stability_loss,27,Bayesian SINDy (spike-slab),54.0,,,False
combined,transcritical,stability_loss,27,Bayesian SINDy (spike-slab),70.0,,,False
combined,transcritical,stability_loss,27,Bayesian SINDy (spike-slab),78.0,,,False
combined,transcritical,stability_loss,27,Kalman OU,38.0,1.4491170334049739,0.15008952472811832,True
combined,transcritical,stability_loss,27,Kalman OU,54.0,2.2825105917349484,0.13661990506507474,True
combined,transcritical,stability_loss,27,Kalman OU,70.0,0.0,0.0,True
combined,transcritical,stability_loss,27,Kalman OU,78.0,2.7709757028876436,0.025072671147058984,True
combined,transcritical,stability_loss,27,Latent Neural SDE (VI),38.0,1.8130744695663452,-0.019818587619489153,True
combined,transcritical,stability_loss,27,Latent Neural SDE (VI),54.0,1.6559325456619263,0.014571655775710748,True
combined,transcritical,stability_loss,27,Latent Neural SDE (VI),70.0,1.049940586090088,0.07248107670415542,True
combined,transcritical,stability_loss,27,Latent Neural SDE (VI),78.0,0.7020199298858643,0.06608708323678282,True
combined,transcritical,stability_loss,27,Moment OU,38.0,,,False
combined,transcritical,stability_loss,27,Moment OU,54.0,,,False
combined,transcritical,stability_loss,27,Moment OU,70.0,,,False
combined,transcritical,stability_loss,27,Moment OU,78.0,,,False
combined,transcritical,stability_loss,27,Neural SDE (Euler),38.0,,,False
combined,transcritical,stability_loss,27,Neural SDE (Euler),54.0,,,False
combined,transcritical,stability_loss,27,Neural SDE (Euler),70.0,,,False
combined,transcritical,stability_loss,27,Neural SDE (Euler),78.0,,,False
combined,transcritical,stability_loss,27,SINDy-STLSQ,38.0,,,False
combined,transcritical,stability_loss,27,SINDy-STLSQ,54.0,,,False
combined,transcritical,stability_loss,27,SINDy-STLSQ,70.0,,,False
combined,transcritical,stability_loss,27,SINDy-STLSQ,78.0,,,False
combined,transcritical,stability_loss,28,Bayesian SINDy (spike-slab),38.0,1.3972999274228373,0.014299840322636273,True
combined,transcritical,stability_loss,28,Bayesian SINDy (spike-slab),54.0,1.194092131566676,0.05300706029272348,True
combined,transcritical,stability_loss,28,Bayesian SINDy (spike-slab),70.0,,,False
combined,transcritical,stability_loss,28,Bayesian SINDy (spike-slab),78.0,1.1622091992103243,0.04266329613322366,True
combined,transcritical,stability_loss,28,Kalman OU,38.0,2.786362159258038,0.04757487059372195,True
combined,transcritical,stability_loss,28,Kalman OU,54.0,2.7176672590943087,0.0413514898999356,True
combined,transcritical,stability_loss,28,Kalman OU,70.0,2.8266407867664762,0.04510948661684519,True
combined,transcritical,stability_loss,28,Kalman OU,78.0,1.0027445585926134,0.14476473020073657,True
combined,transcritical,stability_loss,28,Latent Neural SDE (VI),38.0,-0.04936492443084717,0.0069192534432502145,True
combined,transcritical,stability_loss,28,Latent Neural SDE (VI),54.0,0.11743700504302979,0.012961733744291493,True
combined,transcritical,stability_loss,28,Latent Neural SDE (VI),70.0,0.038072168827056885,0.011630936162876485,True
combined,transcritical,stability_loss,28,Latent Neural SDE (VI),78.0,-0.04903209209442139,0.024821980440553712,True
combined,transcritical,stability_loss,28,Moment OU,38.0,,,False
combined,transcritical,stability_loss,28,Moment OU,54.0,,,False
combined,transcritical,stability_loss,28,Moment OU,70.0,,,False
combined,transcritical,stability_loss,28,Moment OU,78.0,,,False
combined,transcritical,stability_loss,28,Neural SDE (Euler),38.0,1.4473319798707962,0.02783480121783194,True
combined,transcritical,stability_loss,28,Neural SDE (Euler),54.0,0.6654977202415466,0.06292753638673788,True
combined,transcritical,stability_loss,28,Neural SDE (Euler),70.0,,,False
combined,transcritical,stability_loss,28,Neural SDE (Euler),78.0,0.049932003021240234,0.04908396577507129,True
combined,transcritical,stability_loss,28,SINDy-STLSQ,38.0,0.21074207309407567,0.015725630565932014,True
combined,transcritical,stability_loss,28,SINDy-STLSQ,54.0,-0.674613874746135,0.037723821928964174,True
combined,transcritical,stability_loss,28,SINDy-STLSQ,70.0,,,False
combined,transcritical,stability_loss,28,SINDy-STLSQ,78.0,0.4880897038948835,0.03173475959357319,True
combined,transcritical,stability_loss,29,Bayesian SINDy (spike-slab),38.0,,,False
combined,transcritical,stability_loss,29,Bayesian SINDy (spike-slab),54.0,,,False
combined,transcritical,stability_loss,29,Bayesian SINDy (spike-slab),70.0,,,False
combined,transcritical,stability_loss,29,Bayesian SINDy (spike-slab),78.0,,,False
combined,transcritical,stability_loss,29,Kalman OU,38.0,0.0,0.0,True
combined,transcritical,stability_loss,29,Kalman OU,54.0,1.6943998444475796,0.0831197728429647,True
combined,transcritical,stability_loss,29,Kalman OU,70.0,0.0,0.0,True
combined,transcritical,stability_loss,29,Kalman OU,78.0,2.750361256307349,0.03537854362229158,True
combined,transcritical,stability_loss,29,Latent Neural SDE (VI),38.0,0.20815086364746094,0.06595119199357001,True
combined,transcritical,stability_loss,29,Latent Neural SDE (VI),54.0,0.2657301425933838,0.035709060286191946,True
combined,transcritical,stability_loss,29,Latent Neural SDE (VI),70.0,-0.4498332738876343,0.07879901171870109,True
combined,transcritical,stability_loss,29,Latent Neural SDE (VI),78.0,0.20809906721115112,0.09782791829471842,True
combined,transcritical,stability_loss,29,Moment OU,38.0,,,False
combined,transcritical,stability_loss,29,Moment OU,54.0,,,False
combined,transcritical,stability_loss,29,Moment OU,70.0,,,False
combined,transcritical,stability_loss,29,Moment OU,78.0,,,False
combined,transcritical,stability_loss,29,Neural SDE (Euler),38.0,,,False
combined,transcritical,stability_loss,29,Neural SDE (Euler),54.0,,,False
combined,transcritical,stability_loss,29,Neural SDE (Euler),70.0,,,False
combined,transcritical,stability_loss,29,Neural SDE (Euler),78.0,,,False
combined,transcritical,stability_loss,29,SINDy-STLSQ,38.0,,,False
combined,transcritical,stability_loss,29,SINDy-STLSQ,54.0,,,False
combined,transcritical,stability_loss,29,SINDy-STLSQ,70.0,,,False
combined,transcritical,stability_loss,29,SINDy-STLSQ,78.0,,,False
combined,transcritical,stationary,0,Bayesian SINDy (spike-slab),38.0,0.3966911927045389,0.025886454524981277,True
combined,transcritical,stationary,0,Bayesian SINDy (spike-slab),54.0,0.5456269970320891,0.016220552545325374,True
combined,transcritical,stationary,0,Bayesian SINDy (spike-slab),70.0,1.502257286748095,0.027408173443316065,True
combined,transcritical,stationary,0,Bayesian SINDy (spike-slab),78.0,1.4499611336053388,0.0383918243175596,True
combined,transcritical,stationary,0,Kalman OU,38.0,0.0,0.0,True
combined,transcritical,stationary,0,Kalman OU,54.0,0.0,0.0,True
combined,transcritical,stationary,0,Kalman OU,70.0,2.2448477653684855,0.03396418325646529,True
combined,transcritical,stationary,0,Kalman OU,78.0,0.06776670728826373,0.15874274981307845,True
combined,transcritical,stationary,0,Latent Neural SDE (VI),38.0,1.5805671215057373,0.01900586587594981,True
combined,transcritical,stationary,0,Latent Neural SDE (VI),54.0,1.0119353532791138,0.037559296602559196,True
combined,transcritical,stationary,0,Latent Neural SDE (VI),70.0,0.8437181711196899,0.023974416232010375,True
combined,transcritical,stationary,0,Latent Neural SDE (VI),78.0,1.7341739535331726,0.019801830182170695,True
combined,transcritical,stationary,0,Moment OU,38.0,,,False
combined,transcritical,stationary,0,Moment OU,54.0,,,False
combined,transcritical,stationary,0,Moment OU,70.0,,,False
combined,transcritical,stationary,0,Moment OU,78.0,,,False
combined,transcritical,stationary,0,Neural SDE (Euler),38.0,1.9418959617614746,0.023372583414573447,True
combined,transcritical,stationary,0,Neural SDE (Euler),54.0,1.1058881282806396,0.02824682624089815,True
combined,transcritical,stationary,0,Neural SDE (Euler),70.0,2.1422173976898193,0.046804535111610826,True
combined,transcritical,stationary,0,Neural SDE (Euler),78.0,1.8065764904022217,0.029919517652889138,True
combined,transcritical,stationary,0,SINDy-STLSQ,38.0,1.7628107289404609,0.027198252955183744,True
combined,transcritical,stationary,0,SINDy-STLSQ,54.0,0.898866240828295,0.01827867645420038,True
combined,transcritical,stationary,0,SINDy-STLSQ,70.0,2.345561808869338,0.0292337701123265,True
combined,transcritical,stationary,0,SINDy-STLSQ,78.0,2.427447521209875,0.03876100853546521,True
combined,transcritical,stationary,1,Bayesian SINDy (spike-slab),38.0,,,False
combined,transcritical,stationary,1,Bayesian SINDy (spike-slab),54.0,,,False
combined,transcritical,stationary,1,Bayesian SINDy (spike-slab),70.0,,,False
combined,transcritical,stationary,1,Bayesian SINDy (spike-slab),78.0,,,False
combined,transcritical,stationary,1,Kalman OU,38.0,0.0,0.0,True
combined,transcritical,stationary,1,Kalman OU,54.0,0.0,0.0,True
combined,transcritical,stationary,1,Kalman OU,70.0,0.9237872939810066,0.16097915492923548,True
combined,transcritical,stationary,1,Kalman OU,78.0,0.0,0.0,True
combined,transcritical,stationary,1,Latent Neural SDE (VI),38.0,0.2253659963607788,-0.010646363592056507,True
combined,transcritical,stationary,1,Latent Neural SDE (VI),54.0,0.9764050245285034,-0.01919300715689206,True
combined,transcritical,stationary,1,Latent Neural SDE (VI),70.0,1.218217134475708,-0.011898983072054524,True
combined,transcritical,stationary,1,Latent Neural SDE (VI),78.0,0.7258803844451904,-0.024265025196587707,True
combined,transcritical,stationary,1,Moment OU,38.0,,,False
combined,transcritical,stationary,1,Moment OU,54.0,,,False
combined,transcritical,stationary,1,Moment OU,70.0,,,False
combined,transcritical,stationary,1,Moment OU,78.0,,,False
combined,transcritical,stationary,1,Neural SDE (Euler),38.0,,,False
combined,transcritical,stationary,1,Neural SDE (Euler),54.0,,,False
combined,transcritical,stationary,1,Neural SDE (Euler),70.0,,,False
combined,transcritical,stationary,1,Neural SDE (Euler),78.0,,,False
combined,transcritical,stationary,1,SINDy-STLSQ,38.0,,,False
combined,transcritical,stationary,1,SINDy-STLSQ,54.0,,,False
combined,transcritical,stationary,1,SINDy-STLSQ,70.0,,,False
combined,transcritical,stationary,1,SINDy-STLSQ,78.0,,,False
combined,transcritical,stationary,2,Bayesian SINDy (spike-slab),38.0,0.7815911156054437,0.005355300201630692,True
combined,transcritical,stationary,2,Bayesian SINDy (spike-slab),54.0,,,False
combined,transcritical,stationary,2,Bayesian SINDy (spike-slab),70.0,-1.254604599567703,-0.027599132466367242,True
combined,transcritical,stationary,2,Bayesian SINDy (spike-slab),78.0,0.1318160131695043,-2.3299747859806264e-05,True
combined,transcritical,stationary,2,Kalman OU,38.0,0.0,0.06106906321594677,True
combined,transcritical,stationary,2,Kalman OU,54.0,0.0,0.0,True
combined,transcritical,stationary,2,Kalman OU,70.0,0.0,0.0,True
combined,transcritical,stationary,2,Kalman OU,78.0,0.0,0.0,True
combined,transcritical,stationary,2,Latent Neural SDE (VI),38.0,0.4047560691833496,0.009641087029614026,True
combined,transcritical,stationary,2,Latent Neural SDE (VI),54.0,1.6524486541748047,-0.004240376580102942,True
combined,transcritical,stationary,2,Latent Neural SDE (VI),70.0,-0.2972524166107178,-0.01124183118924793,True
combined,transcritical,stationary,2,Latent Neural SDE (VI),78.0,1.0339207649230957,0.01913690282681052,True
combined,transcritical,stationary,2,Moment OU,38.0,,,False
combined,transcritical,stationary,2,Moment OU,54.0,,,False
combined,transcritical,stationary,2,Moment OU,70.0,,,False
combined,transcritical,stationary,2,Moment OU,78.0,,,False
combined,transcritical,stationary,2,Neural SDE (Euler),38.0,1.4919332265853882,0.015804272415505208,True
combined,transcritical,stationary,2,Neural SDE (Euler),54.0,,,False
combined,transcritical,stationary,2,Neural SDE (Euler),70.0,0.15354108810424805,-0.0010219640907558475,True
combined,transcritical,stationary,2,Neural SDE (Euler),78.0,1.2003581523895264,0.0023916479664591456,True
combined,transcritical,stationary,2,SINDy-STLSQ,38.0,-0.11970794454881473,0.0034658585923264817,True
combined,transcritical,stationary,2,SINDy-STLSQ,54.0,,,False
combined,transcritical,stationary,2,SINDy-STLSQ,70.0,-1.94710124580712,-0.030984993807784383,True
combined,transcritical,stationary,2,SINDy-STLSQ,78.0,-0.2867023878423163,9.837382213301327e-05,True
combined,transcritical,stationary,3,Bayesian SINDy (spike-slab),38.0,0.3472127565681893,0.0434642027295633,True
combined,transcritical,stationary,3,Bayesian SINDy (spike-slab),54.0,0.20937862397770024,0.028060865836595332,True
combined,transcritical,stationary,3,Bayesian SINDy (spike-slab),70.0,0.5775932400028412,0.028824395203372356,True
combined,transcritical,stationary,3,Bayesian SINDy (spike-slab),78.0,1.4853830645656039,0.03405010913250519,True
combined,transcritical,stationary,3,Kalman OU,38.0,0.0,0.0,True
combined,transcritical,stationary,3,Kalman OU,54.0,0.0,0.0,True
combined,transcritical,stationary,3,Kalman OU,70.0,0.0,0.0,True
combined,transcritical,stationary,3,Kalman OU,78.0,1.2542874813120406,0.16639774398746487,True
combined,transcritical,stationary,3,Latent Neural SDE (VI),38.0,-0.9086732864379883,0.05152587014823824,True
combined,transcritical,stationary,3,Latent Neural SDE (VI),54.0,-0.26014232635498047,0.0402192764847404,True
combined,transcritical,stationary,3,Latent Neural SDE (VI),70.0,-0.8249384164810181,0.043055557896962374,True
combined,transcritical,stationary,3,Latent Neural SDE (VI),78.0,-1.2415696382522583,0.06969352071567045,True
combined,transcritical,stationary,3,Moment OU,38.0,,,False
combined,transcritical,stationary,3,Moment OU,54.0,,,False
combined,transcritical,stationary,3,Moment OU,70.0,,,False
combined,transcritical,stationary,3,Moment OU,78.0,,,False
combined,transcritical,stationary,3,Neural SDE (Euler),38.0,-1.3500089645385742,0.047457909242451926,True
combined,transcritical,stationary,3,Neural SDE (Euler),54.0,-0.7215323448181152,0.06462337671100052,True
combined,transcritical,stationary,3,Neural SDE (Euler),70.0,-1.0428283214569092,0.03077710187899896,True
combined,transcritical,stationary,3,Neural SDE (Euler),78.0,0.4065753221511841,-0.014114230733304589,True
combined,transcritical,stationary,3,SINDy-STLSQ,38.0,0.15444632304623696,0.04563082631573786,True
combined,transcritical,stationary,3,SINDy-STLSQ,54.0,0.30932422752622335,0.02587138449807528,True
combined,transcritical,stationary,3,SINDy-STLSQ,70.0,0.5113042661336182,0.035096499844928165,True
combined,transcritical,stationary,3,SINDy-STLSQ,78.0,0.7171265431820286,0.016589359891793214,True
combined,transcritical,stationary,4,Bayesian SINDy (spike-slab),38.0,,,False
combined,transcritical,stationary,4,Bayesian SINDy (spike-slab),54.0,-2.262842413331477,-0.005233729926218678,True
combined,transcritical,stationary,4,Bayesian SINDy (spike-slab),70.0,-2.0659106204510835,-0.004438980996629427,True
combined,transcritical,stationary,4,Bayesian SINDy (spike-slab),78.0,-0.8211825222455191,-0.0064115723184269766,True
combined,transcritical,stationary,4,Kalman OU,38.0,-2.267057029258111,-0.07876467797502591,True
combined,transcritical,stationary,4,Kalman OU,54.0,-2.267057029258111,-0.07876467797502591,True
combined,transcritical,stationary,4,Kalman OU,70.0,-2.267057029258111,-0.07876467797502591,True
combined,transcritical,stationary,4,Kalman OU,78.0,-0.8357978034823069,0.01783101854552499,True
combined,transcritical,stationary,4,Latent Neural SDE (VI),38.0,-1.7680806517601013,-0.028763983324154162,True
combined,transcritical,stationary,4,Latent Neural SDE (VI),54.0,-1.7964863181114197,-0.02391703519647273,True
combined,transcritical,stationary,4,Latent Neural SDE (VI),70.0,-0.5635831356048584,0.017678701947286976,True
combined,transcritical,stationary,4,Latent Neural SDE (VI),78.0,-1.4320903420448303,-0.009849869926675914,True
combined,transcritical,stationary,4,Moment OU,38.0,,,False
combined,transcritical,stationary,4,Moment OU,54.0,,,False
combined,transcritical,stationary,4,Moment OU,70.0,,,False
combined,transcritical,stationary,4,Moment OU,78.0,,,False
combined,transcritical,stationary,4,Neural SDE (Euler),38.0,,,False
combined,transcritical,stationary,4,Neural SDE (Euler),54.0,-1.6836875975131989,-0.022240111978835866,True
combined,transcritical,stationary,4,Neural SDE (Euler),70.0,-2.7074603140354156,-0.05471414680713019,True
combined,transcritical,stationary,4,Neural SDE (Euler),78.0,-0.549496203660965,0.01873850760141038,True
combined,transcritical,stationary,4,SINDy-STLSQ,38.0,,,False
combined,transcritical,stationary,4,SINDy-STLSQ,54.0,-1.5785165502483736,-0.011289088711198096,True
combined,transcritical,stationary,4,SINDy-STLSQ,70.0,-1.5311920408630133,-0.014732248425596443,True
combined,transcritical,stationary,4,SINDy-STLSQ,78.0,-0.29123974494325666,-0.01376633751718475,True
combined,transcritical,stationary,5,Bayesian SINDy (spike-slab),38.0,-0.3790226801170824,0.01407560398327,True
combined,transcritical,stationary,5,Bayesian SINDy (spike-slab),54.0,,,False
combined,transcritical,stationary,5,Bayesian SINDy (spike-slab),70.0,,,False
combined,transcritical,stationary,5,Bayesian SINDy (spike-slab),78.0,,,False
combined,transcritical,stationary,5,Kalman OU,38.0,0.0,0.0,True
combined,transcritical,stationary,5,Kalman OU,54.0,0.0,0.0,True
combined,transcritical,stationary,5,Kalman OU,70.0,0.0,0.0,True
combined,transcritical,stationary,5,Kalman OU,78.0,1.9528722536333347,0.10911809986167023,True
combined,transcritical,stationary,5,Latent Neural SDE (VI),38.0,-0.12855947017669678,0.010124859962475335,True
combined,transcritical,stationary,5,Latent Neural SDE (VI),54.0,0.7291886210441589,-0.010033128098093355,True
combined,transcritical,stationary,5,Latent Neural SDE (VI),70.0,0.9379017353057861,0.006895645723031266,True
combined,transcritical,stationary,5,Latent Neural SDE (VI),78.0,0.6143566370010376,-0.05541227921169843,True
combined,transcritical,stationary,5,Moment OU,38.0,,,False
combined,transcritical,stationary,5,Moment OU,54.0,,,False
combined,transcritical,stationary,5,Moment OU,70.0,,,False
combined,transcritical,stationary,5,Moment OU,78.0,,,False
combined,transcritical,stationary,5,Neural SDE (Euler),38.0,0.21587538719177246,0.009432231260278715,True
combined,transcritical,stationary,5,Neural SDE (Euler),54.0,,,False
combined,transcritical,stationary,5,Neural SDE (Euler),70.0,,,False
combined,transcritical,stationary,5,Neural SDE (Euler),78.0,,,False
combined,transcritical,stationary,5,SINDy-STLSQ,38.0,-1.0392299934422529,0.016309909934836622,True
combined,transcritical,stationary,5,SINDy-STLSQ,54.0,,,False
combined,transcritical,stationary,5,SINDy-STLSQ,70.0,,,False
combined,transcritical,stationary,5,SINDy-STLSQ,78.0,,,False
combined,transcritical,stationary,6,Bayesian SINDy (spike-slab),38.0,,,False
combined,transcritical,stationary,6,Bayesian SINDy (spike-slab),54.0,,,False
combined,transcritical,stationary,6,Bayesian SINDy (spike-slab),70.0,-0.25233005349145743,0.009164321385642327,True
combined,transcritical,stationary,6,Bayesian SINDy (spike-slab),78.0,-1.0431245965783955,-0.0047706382499021,True
combined,transcritical,stationary,6,Kalman OU,38.0,-1.9332647702160644,-0.07783269279366672,True
combined,transcritical,stationary,6,Kalman OU,54.0,-1.9332647702160644,-0.07783269279366672,True
combined,transcritical,stationary,6,Kalman OU,70.0,-1.9332647702160644,-0.07783269279366672,True
combined,transcritical,stationary,6,Kalman OU,78.0,-1.9332647702160644,-0.07783269279366672,True
combined,transcritical,stationary,6,Latent Neural SDE (VI),38.0,-0.9303116202354431,-0.007568490343250467,True
combined,transcritical,stationary,6,Latent Neural SDE (VI),54.0,-0.5795395970344543,-0.019077045611855775,True
combined,transcritical,stationary,6,Latent Neural SDE (VI),70.0,-1.7854945063591003,-0.017970942287115488,True
combined,transcritical,stationary,6,Latent Neural SDE (VI),78.0,-1.6234208941459656,-0.03499555429861951,True
combined,transcritical,stationary,6,Moment OU,38.0,,,False
combined,transcritical,stationary,6,Moment OU,54.0,,,False
combined,transcritical,stationary,6,Moment OU,70.0,,,False
combined,transcritical,stationary,6,Moment OU,78.0,,,False
combined,transcritical,stationary,6,Neural SDE (Euler),38.0,,,False
combined,transcritical,stationary,6,Neural SDE (Euler),54.0,,,False
combined,transcritical,stationary,6,Neural SDE (Euler),70.0,-2.150181293487549,-0.010135701278720183,True
combined,transcritical,stationary,6,Neural SDE (Euler),78.0,-1.7068028450012207,-0.022591245689708946,True
combined,transcritical,stationary,6,SINDy-STLSQ,38.0,,,False
combined,transcritical,stationary,6,SINDy-STLSQ,54.0,,,False
combined,transcritical,stationary,6,SINDy-STLSQ,70.0,-2.8362104699639676,-0.00040446193834941385,True
combined,transcritical,stationary,6,SINDy-STLSQ,78.0,-0.9622840457512449,0.002436390902766268,True
combined,transcritical,stationary,7,Bayesian SINDy (spike-slab),38.0,,,False
combined,transcritical,stationary,7,Bayesian SINDy (spike-slab),54.0,0.8213285630095117,-0.01680623702283318,True
combined,transcritical,stationary,7,Bayesian SINDy (spike-slab),70.0,,,False
combined,transcritical,stationary,7,Bayesian SINDy (spike-slab),78.0,-0.29231080700114753,-0.00499370311975908,True
combined,transcritical,stationary,7,Kalman OU,38.0,0.0,0.0,True
combined,transcritical,stationary,7,Kalman OU,54.0,1.1525021257332266,0.08401900976399526,True
combined,transcritical,stationary,7,Kalman OU,70.0,0.0,0.0,True
combined,transcritical,stationary,7,Kalman OU,78.0,0.0,0.0,True
combined,transcritical,stationary,7,Latent Neural SDE (VI),38.0,0.7500722408294678,-0.017944219320005936,True
combined,transcritical,stationary,7,Latent Neural SDE (VI),54.0,2.0598880648612976,-0.012671414879630735,True
combined,transcritical,stationary,7,Latent Neural SDE (VI),70.0,1.0193017721176147,0.05070969652771144,True
combined,transcritical,stationary,7,Latent Neural SDE (VI),78.0,1.425706148147583,0.028206151628859588,True
combined,transcritical,stationary,7,Moment OU,38.0,,,False
combined,transcritical,stationary,7,Moment OU,54.0,,,False
combined,transcritical,stationary,7,Moment OU,70.0,,,False
combined,transcritical,stationary,7,Moment OU,78.0,,,False
combined,transcritical,stationary,7,Neural SDE (Euler),38.0,,,False
combined,transcritical,stationary,7,Neural SDE (Euler),54.0,1.4684271812438965,-0.02584400242936108,True
combined,transcritical,stationary,7,Neural SDE (Euler),70.0,,,False
combined,transcritical,stationary,7,Neural SDE (Euler),78.0,0.30713605880737305,0.012158690654440168,True
combined,transcritical,stationary,7,SINDy-STLSQ,38.0,,,False
combined,transcritical,stationary,7,SINDy-STLSQ,54.0,2.164067255473485,-0.015855743461494258,True
combined,transcritical,stationary,7,SINDy-STLSQ,70.0,,,False
combined,transcritical,stationary,7,SINDy-STLSQ,78.0,2.841667498935955,0.010279268438486727,True
combined,transcritical,stationary,8,Bayesian SINDy (spike-slab),38.0,0.10016522567711772,0.01913032624034222,True
combined,transcritical,stationary,8,Bayesian SINDy (spike-slab),54.0,,,False
combined,transcritical,stationary,8,Bayesian SINDy (spike-slab),70.0,-0.24373148652009624,-0.01751115306999111,True
combined,transcritical,stationary,8,Bayesian SINDy (spike-slab),78.0,-0.48085247772519357,-0.00803917614277902,True
combined,transcritical,stationary,8,Kalman OU,38.0,0.01250769922684647,0.022829257780546258,True
combined,transcritical,stationary,8,Kalman OU,54.0,-1.2025235421410245,-0.14108590574428295,True
combined,transcritical,stationary,8,Kalman OU,70.0,-1.2025235421410245,-0.14108590574428295,True
combined,transcritical,stationary,8,Kalman OU,78.0,1.418657711987741,-0.10234750278038138,True
combined,transcritical,stationary,8,Latent Neural SDE (VI),38.0,-0.7920030951499939,0.02578530045830278,True
combined,transcritical,stationary,8,Latent Neural SDE (VI),54.0,-1.3998293280601501,-0.04575714988479511,True
combined,transcritical,stationary,8,Latent Neural SDE (VI),70.0,-1.945774495601654,-0.02831975037933024,True
combined,transcritical,stationary,8,Latent Neural SDE (VI),78.0,-0.43059247732162476,-0.015158481612868646,True
combined,transcritical,stationary,8,Moment OU,38.0,,,False
combined,transcritical,stationary,8,Moment OU,54.0,,,False
combined,transcritical,stationary,8,Moment OU,70.0,,,False
combined,transcritical,stationary,8,Moment OU,78.0,,,False
combined,transcritical,stationary,8,Neural SDE (Euler),38.0,-1.37488454580307,0.0255187905612433,True
combined,transcritical,stationary,8,Neural SDE (Euler),54.0,,,False
combined,transcritical,stationary,8,Neural SDE (Euler),70.0,-1.5324563384056091,-0.004214703917628251,True
combined,transcritical,stationary,8,Neural SDE (Euler),78.0,-0.5820998549461365,-0.0015193104751157899,True
combined,transcritical,stationary,8,SINDy-STLSQ,38.0,-0.3387890297195295,0.022121694357916652,True
combined,transcritical,stationary,8,SINDy-STLSQ,54.0,,,False
combined,transcritical,stationary,8,SINDy-STLSQ,70.0,-1.9358254270279338,-0.01732333358798052,True
combined,transcritical,stationary,8,SINDy-STLSQ,78.0,-1.4084683704539964,-0.007718558654675287,True
combined,transcritical,stationary,9,Bayesian SINDy (spike-slab),38.0,1.6565164813251414,0.03637507983383402,True
combined,transcritical,stationary,9,Bayesian SINDy (spike-slab),54.0,0.37333601201360267,0.04191824776828726,True
combined,transcritical,stationary,9,Bayesian SINDy (spike-slab),70.0,,,False
combined,transcritical,stationary,9,Bayesian SINDy (spike-slab),78.0,-0.45873617966672975,0.014075332965352363,True
combined,transcritical,stationary,9,Kalman OU,38.0,0.62016749870648,0.10618839714888996,True
combined,transcritical,stationary,9,Kalman OU,54.0,0.0,0.0,True
combined,transcritical,stationary,9,Kalman OU,70.0,0.0,0.06729838929160799,True
combined,transcritical,stationary,9,Kalman OU,78.0,2.484905423296788,0.03833227810648564,True
combined,transcritical,stationary,9,Latent Neural SDE (VI),38.0,0.08051347732543945,-0.02014478166250116,True
combined,transcritical,stationary,9,Latent Neural SDE (VI),54.0,0.7578290700912476,0.017676434991946148,True
combined,transcritical,stationary,9,Latent Neural SDE (VI),70.0,-0.5422316789627075,-0.00731761346147769,True
combined,transcritical,stationary,9,Latent Neural SDE (VI),78.0,-0.28324103355407715,0.02021236083039795,True
combined,transcritical,stationary,9,Moment OU,38.0,,,False
combined,transcritical,stationary,9,Moment OU,54.0,,,False
combined,transcritical,stationary,9,Moment OU,70.0,,,False
combined,transcritical,stationary,9,Moment OU,78.0,,,False
combined,transcritical,stationary,9,Neural SDE (Euler),38.0,-0.6524980068206787,-0.002864480503695848,True
combined,transcritical,stationary,9,Neural SDE (Euler),54.0,0.4417046308517456,0.057583640866049585,True
combined,transcritical,stationary,9,Neural SDE (Euler),70.0,,,False
combined,transcritical,stationary,9,Neural SDE (Euler),78.0,-2.481785535812378,0.007322155125677677,True
combined,transcritical,stationary,9,SINDy-STLSQ,38.0,0.09919992021487878,0.03450853254981738,True
combined,transcritical,stationary,9,SINDy-STLSQ,54.0,0.4703607191665098,0.040932335812180656,True
combined,transcritical,stationary,9,SINDy-STLSQ,70.0,,,False
combined,transcritical,stationary,9,SINDy-STLSQ,78.0,-1.6337594254507672,0.005262876602940083,True
combined,transcritical,stationary,10,Bayesian SINDy (spike-slab),38.0,,,False
combined,transcritical,stationary,10,Bayesian SINDy (spike-slab),54.0,,,False
combined,transcritical,stationary,10,Bayesian SINDy (spike-slab),70.0,,,False
combined,transcritical,stationary,10,Bayesian SINDy (spike-slab),78.0,,,False
combined,transcritical,stationary,10,Kalman OU,38.0,-0.18607293867473262,0.030125959678590886,True
combined,transcritical,stationary,10,Kalman OU,54.0,-1.8393253267576957,-0.11710689142144179,True
combined,transcritical,stationary,10,Kalman OU,70.0,-1.8393253267576957,-0.11710689142144179,True
combined,transcritical,stationary,10,Kalman OU,78.0,-1.8393253267576957,-0.11710689142144179,True
combined,transcritical,stationary,10,Latent Neural SDE (VI),38.0,-0.57599738240242,0.014740519455229653,True
combined,transcritical,stationary,10,Latent Neural SDE (VI),54.0,-0.8196920454502106,-0.05321434863123971,True
combined,transcritical,stationary,10,Latent Neural SDE (VI),70.0,-1.0556968748569489,-0.00718458409774915,True
combined,transcritical,stationary,10,Latent Neural SDE (VI),78.0,-1.5042840540409088,-0.01625200855193866,True
combined,transcritical,stationary,10,Moment OU,38.0,,,False
combined,transcritical,stationary,10,Moment OU,54.0,,,False
combined,transcritical,stationary,10,Moment OU,70.0,,,False
combined,transcritical,stationary,10,Moment OU,78.0,,,False
combined,transcritical,stationary,10,Neural SDE (Euler),38.0,,,False
combined,transcritical,stationary,10,Neural SDE (Euler),54.0,,,False
combined,transcritical,stationary,10,Neural SDE (Euler),70.0,,,False
combined,transcritical,stationary,10,Neural SDE (Euler),78.0,,,False
combined,transcritical,stationary,10,SINDy-STLSQ,38.0,,,False
combined,transcritical,stationary,10,SINDy-STLSQ,54.0,,,False
combined,transcritical,stationary,10,SINDy-STLSQ,70.0,,,False
combined,transcritical,stationary,10,SINDy-STLSQ,78.0,,,False
combined,transcritical,stationary,11,Bayesian SINDy (spike-slab),38.0,,,False
combined,transcritical,stationary,11,Bayesian SINDy (spike-slab),54.0,,,False
combined,transcritical,stationary,11,Bayesian SINDy (spike-slab),70.0,,,False
combined,transcritical,stationary,11,Bayesian SINDy (spike-slab),78.0,,,False
combined,transcritical,stationary,11,Kalman OU,38.0,0.0,-0.12145789477997204,True
combined,transcritical,stationary,11,Kalman OU,54.0,0.0,-0.12145789477997204,True
combined,transcritical,stationary,11,Kalman OU,70.0,0.0,-0.12145789477997204,True
combined,transcritical,stationary,11,Kalman OU,78.0,0.0,-0.12145789477997204,True
combined,transcritical,stationary,11,Latent Neural SDE (VI),38.0,0.349617600440979,0.014162197345792965,True
combined,transcritical,stationary,11,Latent Neural SDE (VI),54.0,0.37389856576919556,0.04197718640557205,True
combined,transcritical,stationary,11,Latent Neural SDE (VI),70.0,-0.2558896541595459,0.045055085969703965,True
combined,transcritical,stationary,11,Latent Neural SDE (VI),78.0,-0.6141339540481567,0.02489173593014122,True
combined,transcritical,stationary,11,Moment OU,38.0,,,False
combined,transcritical,stationary,11,Moment OU,54.0,,,False
combined,transcritical,stationary,11,Moment OU,70.0,,,False
combined,transcritical,stationary,11,Moment OU,78.0,,,False
combined,transcritical,stationary,11,Neural SDE (Euler),38.0,,,False
combined,transcritical,stationary,11,Neural SDE (Euler),54.0,,,False
combined,transcritical,stationary,11,Neural SDE (Euler),70.0,,,False
combined,transcritical,stationary,11,Neural SDE (Euler),78.0,,,False
combined,transcritical,stationary,11,SINDy-STLSQ,38.0,,,False
combined,transcritical,stationary,11,SINDy-STLSQ,54.0,,,False
combined,transcritical,stationary,11,SINDy-STLSQ,70.0,,,False
combined,transcritical,stationary,11,SINDy-STLSQ,78.0,,,False
combined,transcritical,stationary,12,Bayesian SINDy (spike-slab),38.0,0.2814384179086711,-0.015144571776996796,True
combined,transcritical,stationary,12,Bayesian SINDy (spike-slab),54.0,-0.445428565327062,0.020442462314788648,True
combined,transcritical,stationary,12,Bayesian SINDy (spike-slab),70.0,-1.3076834731475222,-0.01369938134797051,True
combined,transcritical,stationary,12,Bayesian SINDy (spike-slab),78.0,,,False
combined,transcritical,stationary,12,Kalman OU,38.0,2.7693673956613423,-0.14109769080906406,True
combined,transcritical,stationary,12,Kalman OU,54.0,0.0,-0.15135520874366154,True
combined,transcritical,stationary,12,Kalman OU,70.0,0.0,-0.15135520874366154,True
combined,transcritical,stationary,12,Kalman OU,78.0,0.0,-0.10453496270681664,True
combined,transcritical,stationary,12,Latent Neural SDE (VI),38.0,-0.25064945220947266,-0.0068797245300246945,True
combined,transcritical,stationary,12,Latent Neural SDE (VI),54.0,-1.2468371391296387,0.005134812685524237,True
combined,transcritical,stationary,12,Latent Neural SDE (VI),70.0,-1.0839886665344238,-0.011764150808859924,True
combined,transcritical,stationary,12,Latent Neural SDE (VI),78.0,-0.45966506004333496,-0.024010387786670688,True
combined,transcritical,stationary,12,Moment OU,38.0,,,False
combined,transcritical,stationary,12,Moment OU,54.0,,,False
combined,transcritical,stationary,12,Moment OU,70.0,,,False
combined,transcritical,stationary,12,Moment OU,78.0,,,False
combined,transcritical,stationary,12,Neural SDE (Euler),38.0,-0.0325549840927124,0.002656323810890149,True
combined,transcritical,stationary,12,Neural SDE (Euler),54.0,-1.1543623208999634,0.04004661148697795,True
combined,transcritical,stationary,12,Neural SDE (Euler),70.0,-1.4936736822128296,-0.002604759186556789,True
combined,transcritical,stationary,12,Neural SDE (Euler),78.0,,,False
combined,transcritical,stationary,12,SINDy-STLSQ,38.0,1.6191558628147702,-0.008260718618971999,True
combined,transcritical,stationary,12,SINDy-STLSQ,54.0,1.2492384680399575,0.0336504487228487,True
combined,transcritical,stationary,12,SINDy-STLSQ,70.0,0.39120817677309816,-0.006306379981594348,True
combined,transcritical,stationary,12,SINDy-STLSQ,78.0,,,False
combined,transcritical,stationary,13,Bayesian SINDy (spike-slab),38.0,,,False
combined,transcritical,stationary,13,Bayesian SINDy (spike-slab),54.0,-1.3442464767343127,0.03996619729298586,True
combined,transcritical,stationary,13,Bayesian SINDy (spike-slab),70.0,-0.9799146689873748,0.04534172225729984,True
combined,transcritical,stationary,13,Bayesian SINDy (spike-slab),78.0,-1.5639835414656902,-0.0014041527921020286,True
combined,transcritical,stationary,13,Kalman OU,38.0,-2.272667049049716,-0.056031351197563056,True
combined,transcritical,stationary,13,Kalman OU,54.0,-2.272667049049716,-0.056031351197563056,True
combined,transcritical,stationary,13,Kalman OU,70.0,-2.272667049049716,-0.056031351197563056,True
combined,transcritical,stationary,13,Kalman OU,78.0,-2.272667049049716,-0.056031351197563056,True
combined,transcritical,stationary,13,Latent Neural SDE (VI),38.0,-0.25189292430877686,0.03805028708036618,True
combined,transcritical,stationary,13,Latent Neural SDE (VI),54.0,-0.6463609933853149,0.06745400725495482,True
combined,transcritical,stationary,13,Latent Neural SDE (VI),70.0,-0.5334817171096802,0.08131321878035147,True
combined,transcritical,stationary,13,Latent Neural SDE (VI),78.0,0.1460798978805542,0.03290164728505684,True
combined,transcritical,stationary,13,Moment OU,38.0,,,False
combined,transcritical,stationary,13,Moment OU,54.0,,,False
combined,transcritical,stationary,13,Moment OU,70.0,,,False
combined,transcritical,stationary,13,Moment OU,78.0,,,False
combined,transcritical,stationary,13,Neural SDE (Euler),38.0,,,False
combined,transcritical,stationary,13,Neural SDE (Euler),54.0,-1.7859746515750885,0.042270314898758016,True
combined,transcritical,stationary,13,Neural SDE (Euler),70.0,-0.8903097212314606,0.15577869037919043,True
combined,transcritical,stationary,13,Neural SDE (Euler),78.0,-0.9291752874851227,-0.012897276158002131,True
combined,transcritical,stationary,13,SINDy-STLSQ,38.0,,,False
combined,transcritical,stationary,13,SINDy-STLSQ,54.0,-5.128051930425552,0.043147227725177026,True
combined,transcritical,stationary,13,SINDy-STLSQ,70.0,-4.205950069591465,0.043980749278440465,True
combined,transcritical,stationary,13,SINDy-STLSQ,78.0,-4.787012850327731,-0.00935917970393628,True
combined,transcritical,stationary,14,Bayesian SINDy (spike-slab),38.0,-0.39587173060136815,-0.008513968066152552,True
combined,transcritical,stationary,14,Bayesian SINDy (spike-slab),54.0,,,False
combined,transcritical,stationary,14,Bayesian SINDy (spike-slab),70.0,-0.6779716958185265,-0.000760471669377108,True
combined,transcritical,stationary,14,Bayesian SINDy (spike-slab),78.0,-0.08678592759733039,0.008873375653766141,True
combined,transcritical,stationary,14,Kalman OU,38.0,0.0,0.0,True
combined,transcritical,stationary,14,Kalman OU,54.0,1.4669684264551612,0.09927540208523368,True
combined,transcritical,stationary,14,Kalman OU,70.0,0.0,0.0,True
combined,transcritical,stationary,14,Kalman OU,78.0,0.0,0.0,True
combined,transcritical,stationary,14,Latent Neural SDE (VI),38.0,-0.6568204164505005,-0.020599731674197,True
combined,transcritical,stationary,14,Latent Neural SDE (VI),54.0,0.6322842240333557,-0.03499449767673944,True
combined,transcritical,stationary,14,Latent Neural SDE (VI),70.0,-1.5145796537399292,-0.029266230373874096,True
combined,transcritical,stationary,14,Latent Neural SDE (VI),78.0,0.10563802719116211,-0.04852153356133908,True
combined,transcritical,stationary,14,Moment OU,38.0,,,False
combined,transcritical,stationary,14,Moment OU,54.0,,,False
combined,transcritical,stationary,14,Moment OU,70.0,,,False
combined,transcritical,stationary,14,Moment OU,78.0,,,False
combined,transcritical,stationary,14,Neural SDE (Euler),38.0,-1.3967952728271484,-0.020176199449697063,True
combined,transcritical,stationary,14,Neural SDE (Euler),54.0,,,False
combined,transcritical,stationary,14,Neural SDE (Euler),70.0,-1.9735076427459717,-0.032658311958599584,True
combined,transcritical,stationary,14,Neural SDE (Euler),78.0,0.11681872606277466,-0.044849265607903435,True
combined,transcritical,stationary,14,SINDy-STLSQ,38.0,0.8994579197307471,-0.0069143839741611784,True
combined,transcritical,stationary,14,SINDy-STLSQ,54.0,,,False
combined,transcritical,stationary,14,SINDy-STLSQ,70.0,-0.4683034785073614,0.0043095290345874365,True
combined,transcritical,stationary,14,SINDy-STLSQ,78.0,1.4597889060065208,0.017686374176264896,True
combined,transcritical,stationary,15,Bayesian SINDy (spike-slab),38.0,-0.5395047317051174,0.02175789646702389,True
combined,transcritical,stationary,15,Bayesian SINDy (spike-slab),54.0,0.34124952347265314,0.05145747283816857,True
combined,transcritical,stationary,15,Bayesian SINDy (spike-slab),70.0,0.8734096143609823,0.008970282775288739,True
combined,transcritical,stationary,15,Bayesian SINDy (spike-slab),78.0,1.0082055905173917,0.021381021233653832,True
combined,transcritical,stationary,15,Kalman OU,38.0,0.0,0.0,True
combined,transcritical,stationary,15,Kalman OU,54.0,0.0,0.0,True
combined,transcritical,stationary,15,Kalman OU,70.0,1.6900414615841166,0.05923719025638663,True
combined,transcritical,stationary,15,Kalman OU,78.0,2.0434178341885856,0.09792072210721443,True
combined,transcritical,stationary,15,Latent Neural SDE (VI),38.0,0.2716132402420044,-0.0035447922648505145,True
combined,transcritical,stationary,15,Latent Neural SDE (VI),54.0,-0.18111610412597656,0.04104271399512687,True
combined,transcritical,stationary,15,Latent Neural SDE (VI),70.0,0.927831768989563,0.005509555650988408,True
combined,transcritical,stationary,15,Latent Neural SDE (VI),78.0,0.8742421865463257,0.013777538701881677,True
combined,transcritical,stationary,15,Moment OU,38.0,,,False
combined,transcritical,stationary,15,Moment OU,54.0,,,False
combined,transcritical,stationary,15,Moment OU,70.0,,,False
combined,transcritical,stationary,15,Moment OU,78.0,,,False
combined,transcritical,stationary,15,Neural SDE (Euler),38.0,0.47339415550231934,0.00033960584390395343,True
combined,transcritical,stationary,15,Neural SDE (Euler),54.0,-0.19730019569396973,0.05406395324456784,True
combined,transcritical,stationary,15,Neural SDE (Euler),70.0,-0.4942185878753662,-0.020785372747432706,True
combined,transcritical,stationary,15,Neural SDE (Euler),78.0,0.9044772982597351,0.00770204454867577,True
combined,transcritical,stationary,15,SINDy-STLSQ,38.0,-0.7134181971389029,0.02182295038858889,True
combined,transcritical,stationary,15,SINDy-STLSQ,54.0,0.10458934943399134,0.053716444731598374,True
combined,transcritical,stationary,15,SINDy-STLSQ,70.0,0.30015498023477183,0.01149745994894557,True
combined,transcritical,stationary,15,SINDy-STLSQ,78.0,0.8520425093115225,0.01851517420192776,True
combined,transcritical,stationary,16,Bayesian SINDy (spike-slab),38.0,,,False
combined,transcritical,stationary,16,Bayesian SINDy (spike-slab),54.0,,,False
combined,transcritical,stationary,16,Bayesian SINDy (spike-slab),70.0,,,False
combined,transcritical,stationary,16,Bayesian SINDy (spike-slab),78.0,,,False
combined,transcritical,stationary,16,Kalman OU,38.0,0.913722584425168,-0.040459221382853384,True
combined,transcritical,stationary,16,Kalman OU,54.0,-1.9666493996811403,-0.0683526980111056,True
combined,transcritical,stationary,16,Kalman OU,70.0,-1.9666493996811403,-0.0683526980111056,True
combined,transcritical,stationary,16,Kalman OU,78.0,0.026794670061746295,0.027025550223542236,True
combined,transcritical,stationary,16,Latent Neural SDE (VI),38.0,0.5035262852907181,0.004698696028596669,True
combined,transcritical,stationary,16,Latent Neural SDE (VI),54.0,-0.5772805213928223,0.004508700412308497,True
combined,transcritical,stationary,16,Latent Neural SDE (VI),70.0,-1.1257725954055786,0.0053019863408793055,True
combined,transcritical,stationary,16,Latent Neural SDE (VI),78.0,-0.056394755840301514,0.038396186870133825,True
combined,transcritical,stationary,16,Moment OU,38.0,,,False
combined,transcritical,stationary,16,Moment OU,54.0,,,False
combined,transcritical,stationary,16,Moment OU,70.0,,,False
combined,transcritical,stationary,16,Moment OU,78.0,,,False
combined,transcritical,stationary,16,Neural SDE (Euler),38.0,,,False
combined,transcritical,stationary,16,Neural SDE (Euler),54.0,,,False
combined,transcritical,stationary,16,Neural SDE (Euler),70.0,,,False
combined,transcritical,stationary,16,Neural SDE (Euler),78.0,,,False
combined,transcritical,stationary,16,SINDy-STLSQ,38.0,,,False
combined,transcritical,stationary,16,SINDy-STLSQ,54.0,,,False
combined,transcritical,stationary,16,SINDy-STLSQ,70.0,,,False
combined,transcritical,stationary,16,SINDy-STLSQ,78.0,,,False
combined,transcritical,stationary,17,Bayesian SINDy (spike-slab),38.0,,,False
combined,transcritical,stationary,17,Bayesian SINDy (spike-slab),54.0,,,False
combined,transcritical,stationary,17,Bayesian SINDy (spike-slab),70.0,,,False
combined,transcritical,stationary,17,Bayesian SINDy (spike-slab),78.0,,,False
combined,transcritical,stationary,17,Kalman OU,38.0,-2.3527980318370147,-0.09587549957782417,True
combined,transcritical,stationary,17,Kalman OU,54.0,-2.3527980318370147,-0.09587549957782417,True
combined,transcritical,stationary,17,Kalman OU,70.0,-2.3527980318370147,-0.09587549957782417,True
combined,transcritical,stationary,17,Kalman OU,78.0,-2.3527980318370147,0.008861893128047624,True
combined,transcritical,stationary,17,Latent Neural SDE (VI),38.0,-0.9990633428096771,-0.05241298866163112,True
combined,transcritical,stationary,17,Latent Neural SDE (VI),54.0,-1.3859435021877289,0.00725978804675706,True
combined,transcritical,stationary,17,Latent Neural SDE (VI),70.0,-2.449410527944565,-0.016481706240345874,True
combined,transcritical,stationary,17,Latent Neural SDE (VI),78.0,-2.9139581620693207,-0.0026638189544246765,True
combined,transcritical,stationary,17,Moment OU,38.0,,,False
combined,transcritical,stationary,17,Moment OU,54.0,,,False
combined,transcritical,stationary,17,Moment OU,70.0,,,False
combined,transcritical,stationary,17,Moment OU,78.0,,,False
combined,transcritical,stationary,17,Neural SDE (Euler),38.0,,,False
combined,transcritical,stationary,17,Neural SDE (Euler),54.0,,,False
combined,transcritical,stationary,17,Neural SDE (Euler),70.0,,,False
combined,transcritical,stationary,17,Neural SDE (Euler),78.0,,,False
combined,transcritical,stationary,17,SINDy-STLSQ,38.0,,,False
combined,transcritical,stationary,17,SINDy-STLSQ,54.0,,,False
combined,transcritical,stationary,17,SINDy-STLSQ,70.0,,,False
combined,transcritical,stationary,17,SINDy-STLSQ,78.0,,,False
combined,transcritical,stationary,18,Bayesian SINDy (spike-slab),38.0,-0.33686820390522865,-0.00557070022407978,True
combined,transcritical,stationary,18,Bayesian SINDy (spike-slab),54.0,,,False
combined,transcritical,stationary,18,Bayesian SINDy (spike-slab),70.0,1.6951547665272257,-0.019028789416944303,True
combined,transcritical,stationary,18,Bayesian SINDy (spike-slab),78.0,0.9235880488892123,-0.029116832879486264,True
combined,transcritical,stationary,18,Kalman OU,38.0,1.4929599634672333,0.1402427603326318,True
combined,transcritical,stationary,18,Kalman OU,54.0,1.6609002725564894,0.10373441486360413,True
combined,transcritical,stationary,18,Kalman OU,70.0,2.154293080061617,0.08406417285684595,True
combined,transcritical,stationary,18,Kalman OU,78.0,0.0,0.0,True
combined,transcritical,stationary,18,Latent Neural SDE (VI),38.0,1.5507853627204895,0.02626090260062665,True
combined,transcritical,stationary,18,Latent Neural SDE (VI),54.0,1.4134304523468018,-0.01756874767440325,True
combined,transcritical,stationary,18,Latent Neural SDE (VI),70.0,1.6426547765731812,-0.02787502348016803,True
combined,transcritical,stationary,18,Latent Neural SDE (VI),78.0,1.2150543332099915,-0.013839708929057573,True
combined,transcritical,stationary,18,Moment OU,38.0,,,False
combined,transcritical,stationary,18,Moment OU,54.0,,,False
combined,transcritical,stationary,18,Moment OU,70.0,,,False
combined,transcritical,stationary,18,Moment OU,78.0,,,False
combined,transcritical,stationary,18,Neural SDE (Euler),38.0,1.29785618185997,-0.03603985305555042,True
combined,transcritical,stationary,18,Neural SDE (Euler),54.0,,,False
combined,transcritical,stationary,18,Neural SDE (Euler),70.0,0.7515867948532104,-0.06237960583496374,True
combined,transcritical,stationary,18,Neural SDE (Euler),78.0,0.2140200138092041,-0.0647288030086606,True
combined,transcritical,stationary,18,SINDy-STLSQ,38.0,-5.7245776772542385,-0.010266535663688084,True
combined,transcritical,stationary,18,SINDy-STLSQ,54.0,,,False
combined,transcritical,stationary,18,SINDy-STLSQ,70.0,1.02944837719715,-0.0187905220725854,True
combined,transcritical,stationary,18,SINDy-STLSQ,78.0,1.4297053253714882,-0.02114965190779146,True
combined,transcritical,stationary,19,Bayesian SINDy (spike-slab),38.0,,,False
combined,transcritical,stationary,19,Bayesian SINDy (spike-slab),54.0,,,False
combined,transcritical,stationary,19,Bayesian SINDy (spike-slab),70.0,,,False
combined,transcritical,stationary,19,Bayesian SINDy (spike-slab),78.0,,,False
combined,transcritical,stationary,19,Kalman OU,38.0,0.10149512812756623,0.21129983135817887,True
combined,transcritical,stationary,19,Kalman OU,54.0,2.5413930652878873,0.03465718202590233,True
combined,transcritical,stationary,19,Kalman OU,70.0,1.511713624377949,0.11806074024358798,True
combined,transcritical,stationary,19,Kalman OU,78.0,0.7632753232091023,0.16236048640492265,True
combined,transcritical,stationary,19,Latent Neural SDE (VI),38.0,-0.4684664011001587,0.05011481778758079,True
combined,transcritical,stationary,19,Latent Neural SDE (VI),54.0,-0.2681833505630493,0.011352103897681952,True
combined,transcritical,stationary,19,Latent Neural SDE (VI),70.0,0.22336971759796143,0.012956914714759883,True
combined,transcritical,stationary,19,Latent Neural SDE (VI),78.0,-0.0703277587890625,0.02539011520665329,True
combined,transcritical,stationary,19,Moment OU,38.0,,,False
combined,transcritical,stationary,19,Moment OU,54.0,,,False
combined,transcritical,stationary,19,Moment OU,70.0,,,False
combined,transcritical,stationary,19,Moment OU,78.0,,,False
combined,transcritical,stationary,19,Neural SDE (Euler),38.0,,,False
combined,transcritical,stationary,19,Neural SDE (Euler),54.0,,,False
combined,transcritical,stationary,19,Neural SDE (Euler),70.0,,,False
combined,transcritical,stationary,19,Neural SDE (Euler),78.0,,,False
combined,transcritical,stationary,19,SINDy-STLSQ,38.0,,,False
combined,transcritical,stationary,19,SINDy-STLSQ,54.0,,,False
combined,transcritical,stationary,19,SINDy-STLSQ,70.0,,,False
combined,transcritical,stationary,19,SINDy-STLSQ,78.0,,,False
combined,transcritical,stationary,20,Bayesian SINDy (spike-slab),38.0,1.2326554238089853,0.029117411492840306,True
combined,transcritical,stationary,20,Bayesian SINDy (spike-slab),54.0,,,False
combined,transcritical,stationary,20,Bayesian SINDy (spike-slab),70.0,1.5922537204379494,-0.007651736951979654,True
combined,transcritical,stationary,20,Bayesian SINDy (spike-slab),78.0,1.5444192951953992,-0.007529437381007406,True
combined,transcritical,stationary,20,Kalman OU,38.0,0.4507400525512444,0.16613768629499404,True
combined,transcritical,stationary,20,Kalman OU,54.0,0.0,0.0,True
combined,transcritical,stationary,20,Kalman OU,70.0,1.944092074750726,0.11951893078809023,True
combined,transcritical,stationary,20,Kalman OU,78.0,2.6993588465023253,0.0706394081597275,True
combined,transcritical,stationary,20,Latent Neural SDE (VI),38.0,1.0982377529144287,-0.030093012826026513,True
combined,transcritical,stationary,20,Latent Neural SDE (VI),54.0,1.26931893825531,0.008748961647045903,True
combined,transcritical,stationary,20,Latent Neural SDE (VI),70.0,1.2042649984359741,-0.009816259501640279,True
combined,transcritical,stationary,20,Latent Neural SDE (VI),78.0,2.044952630996704,-0.026882020269618785,True
combined,transcritical,stationary,20,Moment OU,38.0,,,False
combined,transcritical,stationary,20,Moment OU,54.0,,,False
combined,transcritical,stationary,20,Moment OU,70.0,,,False
combined,transcritical,stationary,20,Moment OU,78.0,,,False
combined,transcritical,stationary,20,Neural SDE (Euler),38.0,0.7809016704559326,-0.014883818212276412,True
combined,transcritical,stationary,20,Neural SDE (Euler),54.0,,,False
combined,transcritical,stationary,20,Neural SDE (Euler),70.0,1.7840830087661743,0.0188421060293312,True
combined,transcritical,stationary,20,Neural SDE (Euler),78.0,3.390786588191986,-0.020491548574790658,True
combined,transcritical,stationary,20,SINDy-STLSQ,38.0,0.6431619673737572,0.023711802563088358,True
combined,transcritical,stationary,20,SINDy-STLSQ,54.0,,,False
combined,transcritical,stationary,20,SINDy-STLSQ,70.0,1.6054856821690868,-0.005262221827045749,True
combined,transcritical,stationary,20,SINDy-STLSQ,78.0,2.045761327189548,-0.00839888994997965,True
combined,transcritical,stationary,21,Bayesian SINDy (spike-slab),38.0,-2.264073337513871,-0.05104070056822445,True
combined,transcritical,stationary,21,Bayesian SINDy (spike-slab),54.0,-0.5231278194951836,-0.05481782748538179,True
combined,transcritical,stationary,21,Bayesian SINDy (spike-slab),70.0,-0.20044856136486344,-0.017511892683058985,True
combined,transcritical,stationary,21,Bayesian SINDy (spike-slab),78.0,,,False
combined,transcritical,stationary,21,Kalman OU,38.0,2.6033162632278652,0.014305783708181127,True
combined,transcritical,stationary,21,Kalman OU,54.0,0.0,0.0,True
combined,transcritical,stationary,21,Kalman OU,70.0,0.0,0.0,True
combined,transcritical,stationary,21,Kalman OU,78.0,0.0,0.0,True
combined,transcritical,stationary,21,Latent Neural SDE (VI),38.0,-0.0031571388244628906,-0.03917926140236392,True
combined,transcritical,stationary,21,Latent Neural SDE (VI),54.0,0.3812541961669922,-0.049664861147608416,True
combined,transcritical,stationary,21,Latent Neural SDE (VI),70.0,-0.9780700206756592,-0.0025453591775456558,True
combined,transcritical,stationary,21,Latent Neural SDE (VI),78.0,-0.13218188285827637,0.0074233955332325685,True
combined,transcritical,stationary,21,Moment OU,38.0,,,False
combined,transcritical,stationary,21,Moment OU,54.0,,,False
combined,transcritical,stationary,21,Moment OU,70.0,,,False
combined,transcritical,stationary,21,Moment OU,78.0,,,False
combined,transcritical,stationary,21,Neural SDE (Euler),38.0,-0.2845478057861328,-0.02517725520166693,True
combined,transcritical,stationary,21,Neural SDE (Euler),54.0,0.6413053274154663,-0.07017674095702277,True
combined,transcritical,stationary,21,Neural SDE (Euler),70.0,-0.76338791847229,-0.034326634693636046,True
combined,transcritical,stationary,21,Neural SDE (Euler),78.0,,,False
combined,transcritical,stationary,21,SINDy-STLSQ,38.0,-0.997108351791359,-0.04158308077256408,True
combined,transcritical,stationary,21,SINDy-STLSQ,54.0,0.5645236040979995,-0.05596751779185811,True
combined,transcritical,stationary,21,SINDy-STLSQ,70.0,0.6336196674247652,-0.012987077951239212,True
combined,transcritical,stationary,21,SINDy-STLSQ,78.0,,,False
combined,transcritical,stationary,22,Bayesian SINDy (spike-slab),38.0,1.8330280458034218,0.04013956880786743,True
combined,transcritical,stationary,22,Bayesian SINDy (spike-slab),54.0,0.5474885188668139,0.04003714054943879,True
combined,transcritical,stationary,22,Bayesian SINDy (spike-slab),70.0,1.8978090987993055,0.00177035170533716,True
combined,transcritical,stationary,22,Bayesian SINDy (spike-slab),78.0,1.5464604591507611,0.004795839530471434,True
combined,transcritical,stationary,22,Kalman OU,38.0,0.0,0.0,True
combined,transcritical,stationary,22,Kalman OU,54.0,0.0,0.0,True
combined,transcritical,stationary,22,Kalman OU,70.0,0.3936082543401942,0.17472043721220093,True
combined,transcritical,stationary,22,Kalman OU,78.0,0.0,0.0,True
combined,transcritical,stationary,22,Latent Neural SDE (VI),38.0,0.9328439235687256,-0.02101238048020665,True
combined,transcritical,stationary,22,Latent Neural SDE (VI),54.0,0.3118126392364502,-0.02063490177287356,True
combined,transcritical,stationary,22,Latent Neural SDE (VI),70.0,1.4621442556381226,-0.0005725070067132826,True
combined,transcritical,stationary,22,Latent Neural SDE (VI),78.0,1.3338838815689087,0.022834082458000532,True
combined,transcritical,stationary,22,Moment OU,38.0,,,False
combined,transcritical,stationary,22,Moment OU,54.0,,,False
combined,transcritical,stationary,22,Moment OU,70.0,,,False
combined,transcritical,stationary,22,Moment OU,78.0,,,False
combined,transcritical,stationary,22,Neural SDE (Euler),38.0,3.1917028427124023,0.06454343248919844,True
combined,transcritical,stationary,22,Neural SDE (Euler),54.0,2.247396469116211,0.024663174787716402,True
combined,transcritical,stationary,22,Neural SDE (Euler),70.0,3.242037057876587,0.07608313805645846,True
combined,transcritical,stationary,22,Neural SDE (Euler),78.0,3.6810275316238403,0.06822311219050524,True
combined,transcritical,stationary,22,SINDy-STLSQ,38.0,2.09686847362261,0.04898548544729095,True
combined,transcritical,stationary,22,SINDy-STLSQ,54.0,0.4874627384513279,0.036638194052781084,True
combined,transcritical,stationary,22,SINDy-STLSQ,70.0,1.9891982828506494,0.01067082822770729,True
combined,transcritical,stationary,22,SINDy-STLSQ,78.0,2.0346085332484902,0.011514615627135169,True
combined,transcritical,stationary,23,Bayesian SINDy (spike-slab),38.0,,,False
combined,transcritical,stationary,23,Bayesian SINDy (spike-slab),54.0,,,False
combined,transcritical,stationary,23,Bayesian SINDy (spike-slab),70.0,,,False
combined,transcritical,stationary,23,Bayesian SINDy (spike-slab),78.0,,,False
combined,transcritical,stationary,23,Kalman OU,38.0,0.0,0.0,True
combined,transcritical,stationary,23,Kalman OU,54.0,0.0,0.0,True
combined,transcritical,stationary,23,Kalman OU,70.0,0.0,0.0,True
combined,transcritical,stationary,23,Kalman OU,78.0,0.0,0.0,True
combined,transcritical,stationary,23,Latent Neural SDE (VI),38.0,-0.8174809813499451,0.0069723752046570026,True
combined,transcritical,stationary,23,Latent Neural SDE (VI),54.0,-1.1882625222206116,-0.0068509891103455955,True
combined,transcritical,stationary,23,Latent Neural SDE (VI),70.0,-1.9853418469429016,-0.07285925636928839,True
combined,transcritical,stationary,23,Latent Neural SDE (VI),78.0,-2.7120900750160217,-0.07519511278031579,True
combined,transcritical,stationary,23,Moment OU,38.0,,,False
combined,transcritical,stationary,23,Moment OU,54.0,,,False
combined,transcritical,stationary,23,Moment OU,70.0,,,False
combined,transcritical,stationary,23,Moment OU,78.0,,,False
combined,transcritical,stationary,23,Neural SDE (Euler),38.0,,,False
combined,transcritical,stationary,23,Neural SDE (Euler),54.0,,,False
combined,transcritical,stationary,23,Neural SDE (Euler),70.0,,,False
combined,transcritical,stationary,23,Neural SDE (Euler),78.0,,,False
combined,transcritical,stationary,23,SINDy-STLSQ,38.0,,,False
combined,transcritical,stationary,23,SINDy-STLSQ,54.0,,,False
combined,transcritical,stationary,23,SINDy-STLSQ,70.0,,,False
combined,transcritical,stationary,23,SINDy-STLSQ,78.0,,,False
combined,transcritical,stationary,24,Bayesian SINDy (spike-slab),38.0,,,False
combined,transcritical,stationary,24,Bayesian SINDy (spike-slab),54.0,,,False
combined,transcritical,stationary,24,Bayesian SINDy (spike-slab),70.0,,,False
combined,transcritical,stationary,24,Bayesian SINDy (spike-slab),78.0,,,False
combined,transcritical,stationary,24,Kalman OU,38.0,0.0,0.0,True
combined,transcritical,stationary,24,Kalman OU,54.0,1.291707407037083,0.16771458130979494,True
combined,transcritical,stationary,24,Kalman OU,70.0,2.3462400474816123,0.06882479275907928,True
combined,transcritical,stationary,24,Kalman OU,78.0,0.0,0.0,True
combined,transcritical,stationary,24,Latent Neural SDE (VI),38.0,-0.17379164695739746,0.05629674617634337,True
combined,transcritical,stationary,24,Latent Neural SDE (VI),54.0,0.16964983940124512,0.024910312241639636,True
combined,transcritical,stationary,24,Latent Neural SDE (VI),70.0,0.8700594902038574,0.030741222803100925,True
combined,transcritical,stationary,24,Latent Neural SDE (VI),78.0,0.11802160739898682,0.015504087387564258,True
combined,transcritical,stationary,24,Moment OU,38.0,,,False
combined,transcritical,stationary,24,Moment OU,54.0,,,False
combined,transcritical,stationary,24,Moment OU,70.0,,,False
combined,transcritical,stationary,24,Moment OU,78.0,,,False
combined,transcritical,stationary,24,Neural SDE (Euler),38.0,,,False
combined,transcritical,stationary,24,Neural SDE (Euler),54.0,,,False
combined,transcritical,stationary,24,Neural SDE (Euler),70.0,,,False
combined,transcritical,stationary,24,Neural SDE (Euler),78.0,,,False
combined,transcritical,stationary,24,SINDy-STLSQ,38.0,,,False
combined,transcritical,stationary,24,SINDy-STLSQ,54.0,,,False
combined,transcritical,stationary,24,SINDy-STLSQ,70.0,,,False
combined,transcritical,stationary,24,SINDy-STLSQ,78.0,,,False
combined,transcritical,stationary,25,Bayesian SINDy (spike-slab),38.0,3.264040356026019,0.02122166390678224,True
combined,transcritical,stationary,25,Bayesian SINDy (spike-slab),54.0,3.6587565846361474,0.04074283011551675,True
combined,transcritical,stationary,25,Bayesian SINDy (spike-slab),70.0,2.464559689592261,0.03559560402393099,True
combined,transcritical,stationary,25,Bayesian SINDy (spike-slab),78.0,,,False
combined,transcritical,stationary,25,Kalman OU,38.0,1.9510962564601022,0.046105930316570856,True
combined,transcritical,stationary,25,Kalman OU,54.0,0.8654367422905009,0.14313715271301364,True
combined,transcritical,stationary,25,Kalman OU,70.0,1.3691235807352573,0.15975642289066325,True
combined,transcritical,stationary,25,Kalman OU,78.0,0.8228161964553733,0.11410225212316329,True
combined,transcritical,stationary,25,Latent Neural SDE (VI),38.0,1.8191862106323242,0.004781605224162058,True
combined,transcritical,stationary,25,Latent Neural SDE (VI),54.0,1.5774924755096436,0.022515770161061363,True
combined,transcritical,stationary,25,Latent Neural SDE (VI),70.0,1.9613800048828125,0.014327369015864275,True
combined,transcritical,stationary,25,Latent Neural SDE (VI),78.0,1.4299465417861938,-0.0074616912799652935,True
combined,transcritical,stationary,25,Moment OU,38.0,,,False
combined,transcritical,stationary,25,Moment OU,54.0,,,False
combined,transcritical,stationary,25,Moment OU,70.0,,,False
combined,transcritical,stationary,25,Moment OU,78.0,,,False
combined,transcritical,stationary,25,Neural SDE (Euler),38.0,2.0311920642852783,0.042637642962274416,True
combined,transcritical,stationary,25,Neural SDE (Euler),54.0,1.7273423671722412,0.050899424346113054,True
combined,transcritical,stationary,25,Neural SDE (Euler),70.0,4.525932550430298,-0.037739919850477976,True
combined,transcritical,stationary,25,Neural SDE (Euler),78.0,,,False
combined,transcritical,stationary,25,SINDy-STLSQ,38.0,4.605336535080991,0.02420298991705097,True
combined,transcritical,stationary,25,SINDy-STLSQ,54.0,2.444728839944475,0.038262426173925945,True
combined,transcritical,stationary,25,SINDy-STLSQ,70.0,2.9347364384554218,0.027538525566712782,True
combined,transcritical,stationary,25,SINDy-STLSQ,78.0,,,False
combined,transcritical,stationary,26,Bayesian SINDy (spike-slab),38.0,0.14929718624637944,0.04283179836852499,True
combined,transcritical,stationary,26,Bayesian SINDy (spike-slab),54.0,0.39284039142636584,-0.0010300577264480068,True
combined,transcritical,stationary,26,Bayesian SINDy (spike-slab),70.0,-0.1123688451960907,-0.002563411917190943,True
combined,transcritical,stationary,26,Bayesian SINDy (spike-slab),78.0,0.25345297942016076,-0.01685394629917171,True
combined,transcritical,stationary,26,Kalman OU,38.0,0.0,0.0,True
combined,transcritical,stationary,26,Kalman OU,54.0,0.0,0.0,True
combined,transcritical,stationary,26,Kalman OU,70.0,0.0,0.0,True
combined,transcritical,stationary,26,Kalman OU,78.0,0.0,0.0,True
combined,transcritical,stationary,26,Latent Neural SDE (VI),38.0,-0.7433397769927979,0.029490386587783537,True
combined,transcritical,stationary,26,Latent Neural SDE (VI),54.0,0.6677359342575073,-0.0009774204414353047,True
combined,transcritical,stationary,26,Latent Neural SDE (VI),70.0,0.1874222755432129,0.0391297932746319,True
combined,transcritical,stationary,26,Latent Neural SDE (VI),78.0,0.3773761987686157,0.006500590674469842,True
combined,transcritical,stationary,26,Moment OU,38.0,,,False
combined,transcritical,stationary,26,Moment OU,54.0,,,False
combined,transcritical,stationary,26,Moment OU,70.0,,,False
combined,transcritical,stationary,26,Moment OU,78.0,,,False
combined,transcritical,stationary,26,Neural SDE (Euler),38.0,-0.4168105125427246,0.035331104029715496,True
combined,transcritical,stationary,26,Neural SDE (Euler),54.0,1.0348658561706543,-0.024412278223705015,True
combined,transcritical,stationary,26,Neural SDE (Euler),70.0,0.8140331506729126,0.0033168125763151785,True
combined,transcritical,stationary,26,Neural SDE (Euler),78.0,0.43745434284210205,-0.007619487899963508,True
combined,transcritical,stationary,26,SINDy-STLSQ,38.0,-0.1652608255502832,0.0376485457392619,True
combined,transcritical,stationary,26,SINDy-STLSQ,54.0,1.329624914135913,0.004471410550421835,True
combined,transcritical,stationary,26,SINDy-STLSQ,70.0,0.8109283721549561,0.004424300732853367,True
combined,transcritical,stationary,26,SINDy-STLSQ,78.0,-0.8431777751791674,-0.011358774696823323,True
combined,transcritical,stationary,27,Bayesian SINDy (spike-slab),38.0,,,False
combined,transcritical,stationary,27,Bayesian SINDy (spike-slab),54.0,,,False
combined,transcritical,stationary,27,Bayesian SINDy (spike-slab),70.0,,,False
combined,transcritical,stationary,27,Bayesian SINDy (spike-slab),78.0,,,False
combined,transcritical,stationary,27,Kalman OU,38.0,0.0,0.0,True
combined,transcritical,stationary,27,Kalman OU,54.0,2.106611658289893,0.13097373933890852,True
combined,transcritical,stationary,27,Kalman OU,70.0,0.0,0.0,True
combined,transcritical,stationary,27,Kalman OU,78.0,0.0,0.0,True
combined,transcritical,stationary,27,Latent Neural SDE (VI),38.0,0.39765191078186035,0.02374063021198073,True
combined,transcritical,stationary,27,Latent Neural SDE (VI),54.0,1.280600905418396,0.043994942658953824,True
combined,transcritical,stationary,27,Latent Neural SDE (VI),70.0,1.0648406744003296,0.03810601921624413,True
combined,transcritical,stationary,27,Latent Neural SDE (VI),78.0,0.562598705291748,-0.0012176618082885143,True
combined,transcritical,stationary,27,Moment OU,38.0,,,False
combined,transcritical,stationary,27,Moment OU,54.0,,,False
combined,transcritical,stationary,27,Moment OU,70.0,,,False
combined,transcritical,stationary,27,Moment OU,78.0,,,False
combined,transcritical,stationary,27,Neural SDE (Euler),38.0,,,False
combined,transcritical,stationary,27,Neural SDE (Euler),54.0,,,False
combined,transcritical,stationary,27,Neural SDE (Euler),70.0,,,False
combined,transcritical,stationary,27,Neural SDE (Euler),78.0,,,False
combined,transcritical,stationary,27,SINDy-STLSQ,38.0,,,False
combined,transcritical,stationary,27,SINDy-STLSQ,54.0,,,False
combined,transcritical,stationary,27,SINDy-STLSQ,70.0,,,False
combined,transcritical,stationary,27,SINDy-STLSQ,78.0,,,False
combined,transcritical,stationary,28,Bayesian SINDy (spike-slab),38.0,0.3615824954341518,0.01330273240137439,True
combined,transcritical,stationary,28,Bayesian SINDy (spike-slab),54.0,1.0791379895670354,-0.0015641403535105458,True
combined,transcritical,stationary,28,Bayesian SINDy (spike-slab),70.0,,,False
combined,transcritical,stationary,28,Bayesian SINDy (spike-slab),78.0,,,False
combined,transcritical,stationary,28,Kalman OU,38.0,0.0,0.0,True
combined,transcritical,stationary,28,Kalman OU,54.0,1.7038656497979707,0.04469683909319695,True
combined,transcritical,stationary,28,Kalman OU,70.0,1.2091437118055133,0.19896157451482513,True
combined,transcritical,stationary,28,Kalman OU,78.0,2.3092598033211233,0.07800719879234151,True
combined,transcritical,stationary,28,Latent Neural SDE (VI),38.0,1.4160373210906982,-0.010820109533783095,True
combined,transcritical,stationary,28,Latent Neural SDE (VI),54.0,1.8658866882324219,-0.003010788817647353,True
combined,transcritical,stationary,28,Latent Neural SDE (VI),70.0,1.9098756313323975,0.017605092040142836,True
combined,transcritical,stationary,28,Latent Neural SDE (VI),78.0,2.302597403526306,-0.005934792046532009,True
combined,transcritical,stationary,28,Moment OU,38.0,,,False
combined,transcritical,stationary,28,Moment OU,54.0,,,False
combined,transcritical,stationary,28,Moment OU,70.0,,,False
combined,transcritical,stationary,28,Moment OU,78.0,,,False
combined,transcritical,stationary,28,Neural SDE (Euler),38.0,0.7803339958190918,0.016716426996058437,True
combined,transcritical,stationary,28,Neural SDE (Euler),54.0,2.792962074279785,0.02224451226317689,True
combined,transcritical,stationary,28,Neural SDE (Euler),70.0,,,False
combined,transcritical,stationary,28,Neural SDE (Euler),78.0,,,False
combined,transcritical,stationary,28,SINDy-STLSQ,38.0,0.13119733644431353,-0.0036654876431446853,True
combined,transcritical,stationary,28,SINDy-STLSQ,54.0,-0.4486791243432835,-0.013957580791255295,True
combined,transcritical,stationary,28,SINDy-STLSQ,70.0,,,False
combined,transcritical,stationary,28,SINDy-STLSQ,78.0,,,False
combined,transcritical,stationary,29,Bayesian SINDy (spike-slab),38.0,0.7277356387162931,0.011199385819012968,True
combined,transcritical,stationary,29,Bayesian SINDy (spike-slab),54.0,,,False
combined,transcritical,stationary,29,Bayesian SINDy (spike-slab),70.0,1.054931306866529,0.06460410874316982,True
combined,transcritical,stationary,29,Bayesian SINDy (spike-slab),78.0,0.2996082613297393,0.037153660461392464,True
combined,transcritical,stationary,29,Kalman OU,38.0,0.4474485069213232,0.1397694040190723,True
combined,transcritical,stationary,29,Kalman OU,54.0,0.0,0.0,True
combined,transcritical,stationary,29,Kalman OU,70.0,1.830363126779208,0.0846037486714767,True
combined,transcritical,stationary,29,Kalman OU,78.0,0.0,0.0,True
combined,transcritical,stationary,29,Latent Neural SDE (VI),38.0,0.35802018642425537,-0.01734293282766579,True
combined,transcritical,stationary,29,Latent Neural SDE (VI),54.0,0.45414769649505615,-0.01683802520669659,True
combined,transcritical,stationary,29,Latent Neural SDE (VI),70.0,-0.0991142988204956,0.06616833772009995,True
combined,transcritical,stationary,29,Latent Neural SDE (VI),78.0,-0.894091010093689,-0.005196649721001534,True
combined,transcritical,stationary,29,Moment OU,38.0,,,False
combined,transcritical,stationary,29,Moment OU,54.0,,,False
combined,transcritical,stationary,29,Moment OU,70.0,,,False
combined,transcritical,stationary,29,Moment OU,78.0,,,False
combined,transcritical,stationary,29,Neural SDE (Euler),38.0,0.21672439575195312,-0.02807861213001897,True
combined,transcritical,stationary,29,Neural SDE (Euler),54.0,,,False
combined,transcritical,stationary,29,Neural SDE (Euler),70.0,-0.39412403106689453,-0.009646251083316154,True
combined,transcritical,stationary,29,Neural SDE (Euler),78.0,-1.5857045650482178,-0.027707198478101942,True
combined,transcritical,stationary,29,SINDy-STLSQ,38.0,1.1627124078692281,0.006750138998969188,True
combined,transcritical,stationary,29,SINDy-STLSQ,54.0,,,False
combined,transcritical,stationary,29,SINDy-STLSQ,70.0,-0.5071478361936339,0.04854201878547207,True
combined,transcritical,stationary,29,SINDy-STLSQ,78.0,0.42683940197777015,0.04319707391383393,True
