end_date,weeks_to_onset,label,horizon_weeks,preprocessing,p_no_transition,p_smooth_transition,p_critical_transition,p_any_transition
2012-12-31,5,0,4,incidence_raw,0.029515337949129243,0.012306041411320207,0.9581786227226305,0.9704846641339507
2013-01-07,4,1,4,incidence_raw,0.03999999523162842,5.375354547708018e-09,0.96,0.9600000053753545
2013-01-14,3,1,4,incidence_raw,6.317482329905033e-05,0.039916186332702656,0.9600206374749541,0.9999368238076568
2013-01-21,2,1,4,incidence_raw,2.9456152029019068e-24,1.5138315601070928e-12,1.0,1.000000000001514
2013-01-28,1,1,4,incidence_raw,1.0089348943138683e-45,3.718351772835704e-27,1.0,1.0
2013-10-14,67,0,4,incidence_raw,1.644933078637223e-10,2.8456586278480245e-08,0.9999999713897705,0.9999999998463568
2013-10-21,66,0,4,incidence_raw,5.684047978759078e-23,8.309896086590204e-18,1.0,1.0
2013-10-28,65,0,4,incidence_raw,1.643058216488389e-25,1.0344709753800175e-19,1.0,1.0
2013-11-04,64,0,4,incidence_raw,8.397251547565239e-16,3.4581305010835854e-12,1.0,1.0000000000034581
2013-11-11,63,0,4,incidence_raw,0.03843816995620767,0.0015517380834084663,0.960010090203723,0.9615618282871314
2013-11-18,62,0,4,incidence_raw,0.03999996662139892,3.314942937732189e-08,0.96,0.9600000331494294
2013-11-25,61,0,4,incidence_raw,0.03870788335800171,0.0012921178386458105,0.96,0.9612921178386458
2013-12-02,60,0,4,incidence_raw,1.1525418376550078e-05,0.039988472461710285,0.9600000000432141,0.9999884725049244
2013-12-09,59,0,4,incidence_raw,0.0027229475975036623,0.037277052468532974,0.960000000000112,0.997277052468645
2013-12-16,58,0,4,incidence_raw,0.00010892484337091446,0.03989107391046496,0.9600000000000012,0.9998910739104662
2013-12-23,57,0,4,incidence_raw,0.0052359867095947265,0.03476471325456702,0.9599992942810058,0.9947640075355728
2013-12-30,56,0,4,incidence_raw,0.03974710702904955,0.004172077732476396,0.956080813407898,0.9602528911403744
2014-01-06,55,0,4,incidence_raw,0.07047610759752658,0.0008059166276664502,0.928717982172966,0.9295238988006325
2014-01-13,54,0,4,incidence_raw,0.03608611822128296,0.003913894988834139,0.9599999856948864,0.9639138806837205
2014-01-20,53,0,4,incidence_raw,6.056506549612095e-09,0.03985042810440064,0.9601495652087033,0.999999993313104
2014-01-27,52,0,4,incidence_raw,2.474644290339321e-24,1.0673801399675742e-10,1.0,1.000000000106738
2014-02-03,51,0,4,incidence_raw,1.3798442565207472e-25,1.7387120632150755e-11,1.0,1.0000000000173872
2014-02-10,50,0,4,incidence_raw,2.935454924050873e-20,4.930133400193881e-08,0.9999999523162841,1.000000001617618
2014-02-17,49,0,4,incidence_raw,1.5248266798848118e-23,6.88975569573813e-08,0.9999999332427979,1.0000000021403548
2014-02-24,48,0,4,incidence_raw,4.971784374591305e-20,4.580677021294832e-05,0.999954195022583,1.000000001792796
2014-03-03,47,0,4,incidence_raw,1.1134333732787383e-12,0.03999451160430932,0.9600054872845066,0.999999998888816
2014-03-10,46,0,4,incidence_raw,1.6177843942258542e-08,0.04016352328936567,0.9598364639320462,0.9999999872214119
2014-03-17,45,0,4,incidence_raw,1.403753213233827e-06,0.11999757366034361,0.8800010262053004,0.999998599865644
2014-03-24,44,0,4,incidence_raw,0.0025035459099963476,0.1970048387287473,0.8004916131106089,0.9974964518393562
2014-03-31,43,0,4,incidence_raw,5.673667483030447e-07,0.2785469614275789,0.7214524752887463,0.9999994367163252
2014-04-07,42,0,4,incidence_raw,1.922116731137133e-09,0.3212636723045064,0.6787363300953596,1.000000002399866
2014-04-14,41,0,4,incidence_raw,7.672176828392074e-11,0.26708897277517385,0.7329110322476281,1.000000005022802
2014-04-21,40,0,4,incidence_raw,3.1070608135426124e-11,0.24151044824638623,0.7584895523744101,1.0000000006207963
2014-04-28,39,0,4,incidence_raw,3.4389971638429655e-07,0.2749359635107396,0.7250637023166412,0.9999996658273809
2014-05-05,38,0,4,incidence_raw,4.44120638576519e-08,0.24013741254773632,0.7598625385053132,0.9999999510530495
2014-05-12,37,0,4,incidence_raw,1.2919600430917107e-06,0.20123494966095837,0.7987637531699937,0.999998702830952
2014-05-19,36,0,4,incidence_raw,0.03996796868868168,0.15504844764462908,0.8049835891334384,0.9600320367780675
2014-05-26,35,0,4,incidence_raw,0.040032119767275075,0.15854982047798621,0.8014180651753848,0.9599678856533711
2014-06-02,34,0,4,incidence_raw,0.03562989431505902,0.14216261956912934,0.8222074749916432,0.9643700945607725
2014-06-09,33,0,4,incidence_raw,0.03922137099431255,0.14140238974866592,0.819376241760196,0.9607786315088619
2014-06-16,32,0,4,incidence_raw,2.3658028836650427e-05,0.10679692672915925,0.8931794170295707,0.9999763437587299
2014-06-23,31,0,4,incidence_raw,0.00022487914191447855,0.08015188164051197,0.919623244825259,0.999775126465771
2014-06-30,30,0,4,incidence_raw,0.004911974668502807,0.044650977168920296,0.9504370454268718,0.9950880225957921
2014-07-07,29,0,4,incidence_raw,2.4042496623752942e-11,0.15771107383138486,0.8422889288603043,1.000000002691689
2014-07-14,28,0,4,incidence_raw,0.07945854928760139,0.19804673767105768,0.7224947109180991,0.9205414485891568
2014-07-21,27,0,4,incidence_raw,0.10277184287297059,0.44816916448568994,0.4490589888379695,0.8972281533236595
2014-07-28,26,0,4,incidence_raw,0.1393148979862512,0.7415833921031636,0.11910171597368208,0.8606851080768456
2014-08-04,25,0,4,incidence_raw,0.19669421003825696,0.7633057884701165,0.04000000535542152,0.803305793825538
2014-08-11,24,0,4,incidence_raw,0.19384669137598037,0.7661533116396952,0.04000000000058629,0.8061533116402815
2014-08-18,23,0,4,incidence_raw,0.19293190802592744,0.7670680915060767,0.040000000000029665,0.8070680915061064
2014-08-25,22,0,4,incidence_raw,0.1600113210645793,0.7999886749369347,0.04000000016019494,0.8399886750971296
2014-09-01,21,0,4,incidence_raw,0.1205513211742192,0.8283600313277091,0.05108865560092827,0.8794486869286373
2014-09-08,20,0,4,incidence_raw,0.0017746872066424135,0.12013404152369868,0.8780912725773737,0.9982253141010724
2014-09-15,19,0,4,incidence_raw,5.493403062660203e-18,8.760134690566297e-05,0.9999123978614807,0.9999999992083863
2014-09-22,18,0,4,incidence_raw,1.109256951203143e-24,1.795154025430179e-11,1.0,1.0000000000179516
2014-09-29,17,0,4,incidence_raw,2.90307678358525e-18,1.2136745226598578e-08,0.9999999856948852,0.9999999978316305
2014-10-06,16,0,4,incidence_raw,1.377180014969781e-06,0.03067734956741333,0.9693212687969208,0.9999986183643341
2014-10-13,15,0,4,incidence_raw,0.0022872112691402434,0.03771277904510498,0.9600000083383111,0.9977127873834161
2014-10-20,14,0,4,incidence_raw,1.3117661001160742e-06,0.015440757274627686,0.9845579314231873,0.9999986886978149
2014-10-27,13,0,4,incidence_raw,6.560773908859119e-07,0.00022514648735523225,0.9997741985321045,0.9999993450194598
2014-11-03,12,0,4,incidence_raw,0.0005535619705915453,0.030377941131592028,0.9690684992074966,0.9994464403390886
2014-11-10,11,0,4,incidence_raw,0.039964263439178464,3.572215093299749e-05,0.9600000122154063,0.9600357343663393
2014-11-17,10,0,4,incidence_raw,0.039990637302398685,9.362325654365126e-06,0.9600000000000019,0.9600093623256563
2014-11-24,9,0,4,incidence_raw,8.561537833884359e-06,0.03943710327148438,0.9605543367937207,0.9999914400652051
2014-12-01,8,0,4,incidence_raw,3.047601407346612e-13,2.537491964176297e-05,0.9999746251106262,1.000000000030268
2014-12-08,7,0,4,incidence_raw,0.0002450604736804962,0.0397529935836792,0.9600019457457529,0.9997549393294322
2014-12-15,6,0,4,incidence_raw,1.0111083611263893e-07,0.039999899864196775,0.9600000000003943,0.9999998998645911
2014-12-22,5,0,4,incidence_raw,2.049834874924272e-06,0.039997949600221135,0.9600000000000005,0.9999979496002217
2014-12-29,4,1,4,incidence_raw,0.034568455219268795,0.005431547733050811,0.9599999952316284,0.9654315429646791
2015-01-05,3,1,4,incidence_raw,0.04000000000000001,1.8743540522325575e-09,0.96,0.960000001874354
2015-01-12,2,1,4,incidence_raw,0.03630619525909424,0.0036935755610466004,0.9600002304703412,0.9636938060313878
2015-01-19,1,1,4,incidence_raw,6.6229146156811164e-18,8.863443099471624e-09,0.9999999904632568,0.9999999993266999
2015-09-28,15,0,4,incidence_raw,3.0446943577455697e-13,0.0006127068400382995,0.9993872928619385,0.9999999997019768
2015-10-05,14,0,4,incidence_raw,1.1532961070770398e-06,0.03999478340148926,0.9600040631732554,0.9999988465747446
2015-10-12,13,0,4,incidence_raw,0.0038211473822593687,0.0361788535118103,0.9600000000011483,0.9961788535129585
2015-10-19,12,0,4,incidence_raw,2.1252574515528975e-06,0.03999787330627441,0.9600000020630265,0.9999978753693008
2015-10-26,11,0,4,incidence_raw,8.654610719532609e-06,0.03995290994644166,0.9600384351424873,0.999991345088929
2015-11-02,10,0,4,incidence_raw,0.008771952392803985,0.03110177993814546,0.9601262666098773,0.9912280465480228
2015-11-09,9,0,4,incidence_raw,0.03986775398254395,0.00013224708847732038,0.9600000000099519,0.9601322470984293
2015-11-16,8,0,4,incidence_raw,0.039997992515563977,2.0056246447174373e-06,0.96,0.9600020056246447
2015-11-23,7,0,4,incidence_raw,0.03996214151382446,3.7858528109972e-05,0.96,0.96003785852811
2015-11-30,6,0,4,incidence_raw,0.008100887537002563,0.03189911127090481,0.9600000000000057,0.9918991112709106
2015-12-07,5,0,4,incidence_raw,0.0016961562633514404,0.03830384492874231,0.9600000000010479,0.9983038449297902
2015-12-14,4,1,4,incidence_raw,6.298832013271749e-06,0.03999370098115414,0.9600000000000045,0.9999937009811587
2015-12-21,3,1,4,incidence_raw,0.0005375837162137032,0.039462418584215224,0.96,0.9994624185842151
2016-01-04,2,1,4,incidence_raw,0.005024315118789673,0.03498174302821093,0.9599939393997192,0.9949756824279301
2016-01-11,1,1,4,incidence_raw,0.03999919414520267,4.885459696979788e-06,0.9599959182739258,0.9600008037336228
2016-09-19,13,0,4,incidence_raw,3.3038016605814907e-09,0.07914555218741945,0.9208544419729151,0.9999999941603346
2016-09-26,12,0,4,incidence_raw,1.145779350168524e-16,6.710996385663889e-06,0.9999932861328125,0.9999999971291982
2016-10-03,11,0,4,incidence_raw,2.9983937110955596e-09,0.001256333738565445,0.9987436652183532,0.9999999989569187
2016-10-10,10,0,4,incidence_raw,6.391935312421992e-07,0.0396690034866333,0.960330356284976,0.9999993597716093
2016-10-17,9,0,4,incidence_raw,0.03997669219970703,2.3310871329158543e-05,0.96,0.9600233108713291
2016-10-24,8,0,4,incidence_raw,0.039946613311767576,5.33856684342036e-05,0.96,0.9600533856684341
2016-10-31,7,0,4,incidence_raw,0.019315748747140732,0.02068348646737749,0.96000076393997,0.9806842504073475
2016-11-07,6,0,4,incidence_raw,0.03981880297820071,0.0001736070972135186,0.9600075895444025,0.9601811966416159
2016-11-14,5,0,4,incidence_raw,0.030330026149749813,0.004296954274205874,0.9653730195760727,0.9696699738502785
2016-11-21,4,1,4,incidence_raw,0.039763334467731185,0.00023666822483935053,0.9600000001583863,0.9602366683832256
2016-11-28,3,1,4,incidence_raw,0.03999959945678711,4.039206552615783e-07,0.96,0.9600004039206552
2016-12-05,2,1,4,incidence_raw,0.02287646532058716,0.01712353588198958,0.96,0.9771235358819895
2016-12-12,1,1,4,incidence_raw,0.03071336030960083,0.009286641480994062,0.9600000000000009,0.9692866414809949
2017-09-11,23,0,4,incidence_raw,0.052729253459134914,0.6627321533556467,0.2845385915836804,0.9472707449393272
2017-09-18,22,0,4,incidence_raw,5.3003896862753696e-08,0.0801017353402316,0.9198982157474734,0.999999951087705
2017-09-25,21,0,4,incidence_raw,6.650837470894649e-23,2.821480738931286e-06,0.9999971771240235,0.9999999986047624
2017-10-02,20,0,4,incidence_raw,2.1482189173497123e-26,6.397087304321758e-11,1.0,1.0000000000639708
2017-10-09,19,0,4,incidence_raw,3.0425930113499655e-20,7.1719506422596165e-09,0.9999999904632568,0.9999999976352074
2017-10-16,18,0,4,incidence_raw,1.2285873935979908e-08,0.039701108932495115,0.9602988795004785,0.9999999884329737
2017-10-23,17,0,4,incidence_raw,1.0196416405960918e-06,0.039998979568481446,0.9600000000682685,0.9999989796367499
2017-10-30,16,0,4,incidence_raw,1.2252823216840624e-05,0.039987611770629886,0.9600001403727038,0.9999877521433337
2017-11-06,15,0,4,incidence_raw,0.007402453422552731,0.03257825136184729,0.960019295780221,0.9925975471420684
2017-11-13,14,0,4,incidence_raw,0.03990028142929077,9.970176033675695e-05,0.9600000172780789,0.9600997190384157
2017-11-20,13,0,4,incidence_raw,0.039975943565399345,2.4056602269642783e-05,0.9600000000005933,0.9600240566028629
2017-11-27,12,0,4,incidence_raw,0.03999744415283203,2.554293023422568e-06,0.96,0.9600025542930234
2017-12-04,11,0,4,incidence_raw,0.014832433462142944,0.02516756772994995,0.9600000000000002,0.9851675677299502
2017-12-11,10,0,4,incidence_raw,3.8243865128606556e-05,0.03996175527572632,0.9600000001072471,0.9999617553829734
2017-12-18,9,0,4,incidence_raw,3.1221567769534887e-06,0.03999687671661377,0.9600000000002327,0.9999968767168465
2017-12-25,8,0,4,incidence_raw,4.313411191105843e-05,0.03995686531066896,0.96,0.999956865310669
2018-01-01,7,0,4,incidence_raw,0.005820509791374206,0.034179489613258916,0.96,0.9941794896132589
2018-01-01,6,0,4,incidence_raw,0.03999788761138916,2.1149537384426965e-06,0.96,0.9600021149537384
2018-01-08,5,0,4,incidence_raw,0.03999996662139892,3.1545009733355655e-08,0.96,0.9600000315450097
2018-01-15,4,1,4,incidence_raw,3.6199955502524974e-06,0.039996285438537595,0.9600000976098363,0.9999963830483739
2018-01-22,3,1,4,incidence_raw,4.916544426104401e-22,5.304932315652877e-10,1.0,1.0000000005304932
2018-01-29,2,1,4,incidence_raw,1.087407608316058e-44,5.659050213693221e-25,1.0,1.0
2018-02-05,1,1,4,incidence_raw,2.066273422399706e-29,1.768088713632876e-14,1.0,1.0000000000000178
2018-10-29,13,0,4,incidence_raw,3.535771815351196e-23,2.32921196182114e-18,1.0,1.0
2018-11-05,12,0,4,incidence_raw,8.785724426620123e-15,5.915982981878164e-13,1.0,1.0000000000005915
2018-11-12,11,0,4,incidence_raw,0.0007397331297397614,9.67808160930872e-05,0.9991634845733642,0.9992602653894573
2018-11-19,10,0,4,incidence_raw,0.039999961853027344,3.585808599938029e-08,0.96,0.9600000358580859
2018-11-26,9,0,4,incidence_raw,0.0002388489618897438,0.03976115226745605,0.960000000000039,0.9997611522674951
2018-12-03,8,0,4,incidence_raw,1.5853613604122073e-08,0.03999984741210937,0.9600001393778257,0.9999999867899351
2018-12-10,7,0,4,incidence_raw,2.163168741390109e-05,0.03997836828231815,0.9600000002848609,0.999978368567179
2018-12-17,6,0,4,incidence_raw,7.164585258578881e-07,0.039999284744262814,0.9600000000000732,0.9999992847443361
2018-12-24,5,0,4,incidence_raw,1.937320121214725e-07,0.039999804496765136,0.9600000000000025,0.9999998044967676
2018-12-31,4,1,4,incidence_raw,0.0023770149052143095,0.03762298585671082,0.96,0.9976229858567108
2019-01-07,3,1,4,incidence_raw,0.039978387355804446,2.1612439304590642e-05,0.9600000000000003,0.9600216124393048
2019-01-14,2,1,4,incidence_raw,0.0013809847831726075,0.038619015216827396,0.9600000001442857,0.9986190153611131
2019-01-21,1,1,4,incidence_raw,7.756375459818603e-18,9.934608897310681e-08,0.9999998998641968,0.9999999992102858
2012-12-31,5,0,4,incidence_zscore,0.00013478943156655987,0.0001534890348193585,0.9997117161750794,0.9998652052098987
2013-01-07,4,1,4,incidence_zscore,0.00014245286665300226,0.00014879128483698877,0.9997087430953979,0.999857534380235
2013-01-14,3,1,4,incidence_zscore,8.855602930708528e-05,0.00011403311953472439,0.9997974038124084,0.9999114369319432
2013-01-21,2,1,4,incidence_zscore,4.98031983073588e-05,8.4380352845983e-05,0.9998658013343811,0.999950181687227
2013-01-28,1,1,4,incidence_zscore,3.236560357796847e-05,6.16898456837589e-05,0.9999059295654297,0.9999676194111135
2013-10-14,67,0,4,incidence_zscore,5.9644220315249185e-05,4.4816355562034005e-05,0.9998955249786377,0.9999403413341997
2013-10-21,66,0,4,incidence_zscore,4.887766805893534e-05,4.121364308048214e-05,0.9999099040031433,0.9999511176462238
2013-10-28,65,0,4,incidence_zscore,4.3828215418102445e-05,4.202001253361232e-05,0.9999141383171082,0.9999561583296418
2013-11-04,64,0,4,incidence_zscore,5.6496625805948494e-05,5.007677476896788e-05,0.9998934149742127,0.9999434917489817
2013-11-11,63,0,4,incidence_zscore,8.305286208383222e-05,6.4607542444719e-05,0.9998523306846618,0.9999169382271066
2013-11-18,62,0,4,incidence_zscore,0.00011009469448140407,8.67933125300624e-05,0.9998031067848205,0.9998899000973506
2013-11-25,61,0,4,incidence_zscore,0.00010621239488273204,9.086920561458101e-05,0.9998029208183289,0.9998937900239435
2013-12-02,60,0,4,incidence_zscore,8.819773396112396e-05,9.164443996269256e-05,0.9998201608657837,0.9999118053057464
2013-12-09,59,0,4,incidence_zscore,7.621564956536986e-05,9.150388807029231e-05,0.999832284450531,0.9999237883386013
2013-12-16,58,0,4,incidence_zscore,7.267150683844648e-05,9.450194258533884e-05,0.9998328232765198,0.9999273252191051
2013-12-23,57,0,4,incidence_zscore,8.98013763230665e-05,0.00010902625162998448,0.9998011636734009,0.9999101899250309
2013-12-30,56,0,4,incidence_zscore,0.00011561175694851045,0.00013962819453809062,0.9997447538375854,0.9998843820321235
2014-01-06,55,0,4,incidence_zscore,0.00014855681446135805,0.0001586028987367172,0.9996928429603577,0.9998514458590944
2014-01-13,54,0,4,incidence_zscore,0.00010088781381142553,0.00012573999211781483,0.9997733569145203,0.9998990969066381
2014-01-20,53,0,4,incidence_zscore,5.51992998751416e-05,9.38586778397621e-05,0.9998509335517883,0.9999447922296281
2014-01-27,52,0,4,incidence_zscore,3.489950319863766e-05,6.917760124110828e-05,0.9998959255218506,0.9999651031230917
2014-02-03,51,0,4,incidence_zscore,2.2067583287110893e-05,4.89529350227258e-05,0.9999289894104004,0.9999779423454231
2014-02-10,50,0,4,incidence_zscore,1.666654730194228e-05,3.944860969056663e-05,0.9999438810348511,0.9999833296445416
2014-02-17,49,0,4,incidence_zscore,1.3632663494016484e-05,3.444660740370864e-05,0.9999519181251526,0.9999863647325563
2014-02-24,48,0,4,incidence_zscore,1.2443474676415711e-05,3.2046698214571735e-05,0.9999555134773255,0.99998756017554
2014-03-03,47,0,4,incidence_zscore,1.1993544431943005e-05,3.082014088107598e-05,0.9999571776390076,0.9999879977798887
2014-03-10,46,0,4,incidence_zscore,1.2332527173204433e-05,3.0579819375589066e-05,0.9999570679664612,0.9999876477858368
2014-03-17,45,0,4,incidence_zscore,1.2693842763100705e-05,2.8523411617698003e-05,0.9999587893486023,0.99998731276022
2014-03-24,44,0,4,incidence_zscore,1.4378366450209512e-05,2.742314578682681e-05,0.999958200454712,0.9999856236004988
2014-03-31,43,0,4,incidence_zscore,2.0428204546014683e-05,2.8369369061636008e-05,0.9999512147903442,0.9999795841594058
2014-04-07,42,0,4,incidence_zscore,3.644448010991397e-05,3.4200933483248265e-05,0.9999293541908264,0.9999635551243097
2014-04-14,41,0,4,incidence_zscore,5.047231607189673e-05,3.782291138577421e-05,0.9999117064476013,0.9999495293589871
2014-04-21,40,0,4,incidence_zscore,6.541901655477744e-05,4.4302500010644505e-05,0.9998902797698974,0.9999345822699081
2014-04-28,39,0,4,incidence_zscore,5.340980910929716e-05,5.376235026346876e-05,0.9998928284645081,0.9999465908147716
2014-05-05,38,0,4,incidence_zscore,6.626338213393978e-05,6.311082883030395e-05,0.9998706221580506,0.9999337329868808
2014-05-12,37,0,4,incidence_zscore,8.701457089221876e-05,7.423794389865179e-05,0.9998387384414673,0.9999129763853659
2014-05-19,36,0,4,incidence_zscore,0.00012292698830780325,8.903863594696304e-05,0.9997880363464355,0.9998770749823825
2014-05-26,35,0,4,incidence_zscore,0.00018364843169102585,0.00011464425641179332,0.9997017025947571,0.9998163468511689
2014-06-02,34,0,4,incidence_zscore,0.00026682477221811495,0.00014090823650349195,0.9995922541618347,0.9997331623983382
2014-06-09,33,0,4,incidence_zscore,0.0005739994205805487,0.0001874854870038689,0.9992385196685791,0.999426005155583
2014-06-16,32,0,4,incidence_zscore,0.0008159642654538856,0.00020697546124210932,0.9989770674705505,0.9991840429317926
2014-06-23,31,0,4,incidence_zscore,0.0009752635699862822,0.0002283413154509617,0.9987963891029358,0.9990247304183867
2014-06-30,30,0,4,incidence_zscore,0.0012018837513801373,0.00026832073364857934,0.9985297775268555,0.998798098260504
2014-07-07,29,0,4,incidence_zscore,0.0018792523628985691,0.00034671347431867615,0.9977740311622619,0.9981207446365806
2014-07-14,28,0,4,incidence_zscore,0.0036521698426031433,0.0005050512868183432,0.9958427715301513,0.9963478228169697
2014-07-21,27,0,4,incidence_zscore,0.00789114264807722,0.0007387887655204395,0.9913700652122498,0.9921088539777703
2014-07-28,26,0,4,incidence_zscore,0.012368578149071253,0.0008424579419079236,0.9867889642715454,0.9876314222134533
2014-08-04,25,0,4,incidence_zscore,0.022040255940009957,0.0009493977495003492,0.9770103430747986,0.9779597408242989
2014-08-11,24,0,4,incidence_zscore,0.02894238611275796,0.0009547839546576142,0.9701028203964234,0.971057604351081
2014-08-18,23,0,4,incidence_zscore,0.03152535651803191,0.0008732907875673846,0.9676013302803039,0.9684746210678713
2014-08-25,22,0,4,incidence_zscore,0.023687330997199753,0.000696275204536505,0.9756163954734802,0.9763126706780167
2014-09-01,21,0,4,incidence_zscore,0.011659222245361889,0.0004817404062487185,0.9878590488433838,0.9883407892496325
2014-09-08,20,0,4,incidence_zscore,0.0025954900896340404,0.0002459561343857786,0.9971585583686828,0.9974045145030687
2014-09-15,19,0,4,incidence_zscore,0.0006675975800089873,0.00012602012246134108,0.9992063784599304,0.9993323985823918
2014-09-22,18,0,4,incidence_zscore,0.00021951111443172522,7.709075523962383e-05,0.9997034025192261,0.9997804932744657
2014-09-29,17,0,4,incidence_zscore,0.00010247096933596822,5.41265053107054e-05,0.9998434090614319,0.9998975355667425
2014-10-06,16,0,4,incidence_zscore,7.240171512137294e-05,4.647562934678717e-05,0.9998811149597168,0.9999275905890636
2014-10-13,15,0,4,incidence_zscore,5.956148837043429e-05,4.333804153702658e-05,0.9998971033096313,0.9999404413511683
2014-10-20,14,0,4,incidence_zscore,5.3065468601971585e-05,4.282614093426673e-05,0.9999041152000427,0.9999469413409771
2014-10-27,13,0,4,incidence_zscore,4.8633403227711366e-05,4.437955102275737e-05,0.9999069809913635,0.9999513605423863
2014-11-03,12,0,4,incidence_zscore,6.422348896478524e-05,5.408858579357911e-05,0.9998816728591919,0.9999357614449855
2014-11-10,11,0,4,incidence_zscore,8.007463426906725e-05,6.238925810066576e-05,0.9998575210571289,0.9999199103152295
2014-11-17,10,0,4,incidence_zscore,7.43442249176951e-05,6.850800512438582e-05,0.9998571419715881,0.9999256499767125
2014-11-24,9,0,4,incidence_zscore,6.114314320427638e-05,6.866418032586808e-05,0.9998701882362365,0.9999388524165624
2014-12-01,8,0,4,incidence_zscore,5.965614714398271e-05,7.293729263437853e-05,0.9998673939704895,0.9999403312631239
2014-12-08,7,0,4,incidence_zscore,5.6349481926645236e-05,7.630387729477661e-05,0.9998673462867737,0.9999436501640684
2014-12-15,6,0,4,incidence_zscore,6.053316469319725e-05,8.480350385980272e-05,0.9998546648025513,0.999939468306411
2014-12-22,5,0,4,incidence_zscore,7.644667136105454e-05,9.908777895361709e-05,0.9998244643211365,0.9999235521000901
2014-12-29,4,1,4,incidence_zscore,0.00010722057910300008,0.0001250351326962118,0.9997677302360535,0.9998927653687497
2015-01-05,3,1,4,incidence_zscore,0.00013126636398681058,0.00014759704004973172,0.9997211623191834,0.9998687593592331
2015-01-12,2,1,4,incidence_zscore,9.145648977295196e-05,0.00011096622706645576,0.9997975897789001,0.9999085560059665
2015-01-19,1,1,4,incidence_zscore,4.576469797918037e-05,7.864082725291155e-05,0.999875590801239,0.999954231628492
2015-09-28,15,0,4,incidence_zscore,0.0001766213843194464,6.790918936530943e-05,0.9997554636001587,0.9998233727895239
2015-10-05,14,0,4,incidence_zscore,0.0001080970652162705,5.469820980579243e-05,0.9998371911048889,0.9998918893146946
2015-10-12,13,0,4,incidence_zscore,7.392826427405907e-05,4.755822847073432e-05,0.9998785090446473,0.999926067273118
2015-10-19,12,0,4,incidence_zscore,6.267505637254089e-05,4.644380501304113e-05,0.9998908805847168,0.9999373243897298
2015-10-26,11,0,4,incidence_zscore,5.7895089082080634e-05,4.8424554265693586e-05,0.9998936772346496,0.9999421017889153
2015-11-02,10,0,4,incidence_zscore,7.504594395243203e-05,5.7578529276725024e-05,0.99986736536026,0.9999249438895367
2015-11-09,9,0,4,incidence_zscore,0.00010233813797867697,6.970614367673988e-05,0.9998279571533203,0.999897663296997
2015-11-16,8,0,4,incidence_zscore,0.00012714746786627985,8.415160469667171e-05,0.9997886896133423,0.999872841218039
2015-11-23,7,0,4,incidence_zscore,0.00014741404611868348,9.760628823642037e-05,0.9997549939155579,0.9998526002037943
2015-11-30,6,0,4,incidence_zscore,0.00014595501772760144,0.00010474410395545419,0.9997492957115174,0.9998540398154728
2015-12-07,5,0,4,incidence_zscore,0.00013725866705954103,0.00010733109336797498,0.9997554159164429,0.9998627470098109
2015-12-14,4,1,4,incidence_zscore,0.00014761632505042144,0.00011793215282523305,0.9997344470024109,0.9998523791552361
2015-12-21,3,1,4,incidence_zscore,0.0001737898973965457,0.00013443858551909216,0.999691767692566,0.999826206278085
2016-01-04,2,1,4,incidence_zscore,0.00026324453639290366,0.00016957085514150095,0.9995671701431275,0.9997367409982689
2016-01-11,1,1,4,incidence_zscore,0.00026872412077409534,0.0001947395639217575,0.9995365405082702,0.999731280072192
2016-09-19,13,0,4,incidence_zscore,0.00026933790531984413,0.00013214783613875624,0.999598524570465,0.9997306724066038
2016-09-26,12,0,4,incidence_zscore,0.00014123016661869768,8.399452310186461e-05,0.9997747707366943,0.9998587652597961
2016-10-03,11,0,4,incidence_zscore,9.009068614716397e-05,6.15529769220302e-05,0.9998483514785766,0.9999099044554987
2016-10-10,10,0,4,incidence_zscore,7.183365254206819e-05,5.035417970248091e-05,0.9998778009414673,0.9999281551211697
2016-10-17,9,0,4,incidence_zscore,5.763712315257408e-05,4.515977037954144e-05,0.9998971939086914,0.9999423536790709
2016-10-24,8,0,4,incidence_zscore,5.664412441319655e-05,4.415213906668214e-05,0.9998992085456848,0.9999433606847515
2016-10-31,7,0,4,incidence_zscore,5.444275834122436e-05,4.4732456494784855e-05,0.9999008131027222,0.999945545559217
2016-11-07,6,0,4,incidence_zscore,6.880267377653127e-05,5.158410502190236e-05,0.9998796129226685,0.9999311970276904
2016-11-14,5,0,4,incidence_zscore,8.399703859254259e-05,5.834837292240991e-05,0.99985764503479,0.9999159934077124
2016-11-21,4,1,4,incidence_zscore,9.840051562605367e-05,6.956195430575462e-05,0.9998320388793945,0.9999016008337003
2016-11-28,3,1,4,incidence_zscore,0.00013428506903437665,9.230383016983979e-05,0.9997734093666076,0.9998657131967775
2016-12-05,2,1,4,incidence_zscore,0.0001145133706222623,9.67366995246266e-05,0.9997887539863587,0.9998854906858833
2016-12-12,1,1,4,incidence_zscore,9.307800772489827e-05,9.591067651854246e-05,0.9998110175132752,0.9999069281897938
2017-09-11,23,0,4,incidence_zscore,0.0035562380963528994,0.0004131659520498943,0.9960305905342102,0.99644375648626
2017-09-18,22,0,4,incidence_zscore,0.0012717385698215366,0.00021026472128141905,0.9985180020332336,0.998728266754515
2017-09-25,21,0,4,incidence_zscore,0.00047832676566486045,0.00011773332271332037,0.9994039416313172,0.9995216749540305
2017-10-02,20,0,4,incidence_zscore,0.00019218871343412047,7.41732227288594e-05,0.9997336292266845,0.9998078024494134
2017-10-09,19,0,4,incidence_zscore,0.00010407801849453335,5.472145155181352e-05,0.9998412013053894,0.9998959227569413
2017-10-16,18,0,4,incidence_zscore,6.659231017067669e-05,4.6578996775679114e-05,0.9998868250846863,0.9999334040814619
2017-10-23,17,0,4,incidence_zscore,5.7693503969744596e-05,4.4982780141253895e-05,0.9998973345756531,0.9999423173557943
2017-10-30,16,0,4,incidence_zscore,5.4914356999802295e-05,4.5847550982216486e-05,0.9998992395401001,0.9999450870910823
2017-11-06,15,0,4,incidence_zscore,7.202867526814316e-05,5.464498254696082e-05,0.9998733305931091,0.999927975575656
2017-11-13,14,0,4,incidence_zscore,0.00010153247474079308,6.496509752651036e-05,0.9998334956169128,0.9998984607144393
2017-11-20,13,0,4,incidence_zscore,0.0001281583267643782,7.541519877122482e-05,0.9997964191436768,0.999871834342448
2017-11-27,12,0,4,incidence_zscore,0.0001434529222456149,9.042884317750577e-05,0.9997661137580871,0.9998565426012647
2017-12-04,11,0,4,incidence_zscore,0.00012869810234860779,9.65715101119713e-05,0.9997747278213501,0.9998712993314621
2017-12-11,10,0,4,incidence_zscore,0.00011903622085469578,9.621997292015294e-05,0.9997847318649292,0.9998809518378494
2017-12-18,9,0,4,incidence_zscore,0.00010335230459759259,9.873510214674752e-05,0.9997979164123535,0.9998966515145002
2017-12-25,8,0,4,incidence_zscore,0.00010833967661596944,0.00010778841457067756,0.9997838687896728,0.9998916572042436
2018-01-01,7,0,4,incidence_zscore,0.00014350976854530018,0.00012607143858986091,0.9997304105758666,0.9998564820144565
2018-01-01,6,0,4,incidence_zscore,0.00015146201523748458,0.00015407017617690143,0.999694459438324,0.9998485296145009
2018-01-08,5,0,4,incidence_zscore,0.0001425627315671818,0.00013850052520865573,0.9997189378738404,0.9998574383990491
2018-01-15,4,1,4,incidence_zscore,9.220810577104998e-05,0.00011003587162576878,0.9997977614402771,0.9999077973119028
2018-01-22,3,1,4,incidence_zscore,5.392646641247723e-05,8.334373801517358e-05,0.999862732887268,0.9999460766252832
2018-01-29,2,1,4,incidence_zscore,3.374521580600032e-05,6.068033195560929e-05,0.9999055600166321,0.9999662403485877
2018-02-05,1,1,4,incidence_zscore,2.240870705010778e-05,4.4615719098146655e-05,0.9999329781532288,0.999977593872327
2018-10-29,13,0,4,incidence_zscore,4.511635398472436e-05,4.123568839531799e-05,0.999913649559021,0.9999548852474163
2018-11-05,12,0,4,incidence_zscore,6.082879899452109e-05,4.946629175719863e-05,0.9998897099494934,0.9999391762412506
2018-11-12,11,0,4,incidence_zscore,8.085993665304159e-05,6.040709341505135e-05,0.9998587226867676,0.9999191297801826
2018-11-19,10,0,4,incidence_zscore,9.166946444679525e-05,7.980865981153328e-05,0.9998285222053528,0.9999083308651643
2018-11-26,9,0,4,incidence_zscore,7.127384660861936e-05,7.778568799039931e-05,0.9998509454727172,0.9999287311607077
2018-12-03,8,0,4,incidence_zscore,5.590123364726196e-05,7.444809579283173e-05,0.9998696255683899,0.9999440736641827
2018-12-10,7,0,4,incidence_zscore,5.1466917899745115e-05,7.434824531628692e-05,0.9998741865158081,0.9999485347611243
2018-12-17,6,0,4,incidence_zscore,5.2364549050594176e-05,7.85257961251773e-05,0.9998691034317017,0.9999476292278269
2018-12-24,5,0,4,incidence_zscore,5.068948885451618e-05,7.869337574447854e-05,0.9998706245422363,0.9999493179179808
2018-12-31,4,1,4,incidence_zscore,6.832591727942372e-05,0.00010822510272191721,0.9998234415054321,0.999931666608154
2019-01-07,3,1,4,incidence_zscore,6.504761625123479e-05,9.594674200343434e-05,0.9998390102386474,0.9999349569806508
2019-01-14,2,1,4,incidence_zscore,4.1995468739415284e-05,7.57815752103852e-05,0.9998822259902954,0.9999580075655058
2019-01-21,1,1,4,incidence_zscore,2.5869887004397184e-05,5.708808602776117e-05,0.99991703748703,0.9999741255730578
2012-12-31,5,0,4,article_features_raw,0.0,0.0,1.0,1.0
2013-01-07,4,1,4,article_features_raw,0.0,0.0,1.0,1.0
2013-01-14,3,1,4,article_features_raw,0.0,0.0,1.0,1.0
2013-01-21,2,1,4,article_features_raw,0.0,0.0,1.0,1.0
2013-01-28,1,1,4,article_features_raw,0.0,0.0,1.0,1.0
2013-10-14,67,0,4,article_features_raw,0.0,0.0,1.0,1.0
2013-10-21,66,0,4,article_features_raw,0.0,0.0,1.0,1.0
2013-10-28,65,0,4,article_features_raw,0.0,0.0,1.0,1.0
2013-11-04,64,0,4,article_features_raw,0.0,0.0,1.0,1.0
2013-11-11,63,0,4,article_features_raw,0.0,0.0,1.0,1.0
2013-11-18,62,0,4,article_features_raw,0.0,0.0,1.0,1.0
2013-11-25,61,0,4,article_features_raw,0.0,0.0,1.0,1.0
2013-12-02,60,0,4,article_features_raw,0.0,0.0,1.0,1.0
2013-12-09,59,0,4,article_features_raw,0.0,0.0,1.0,1.0
2013-12-16,58,0,4,article_features_raw,0.0,0.0,1.0,1.0
2013-12-23,57,0,4,article_features_raw,0.0,0.0,1.0,1.0
2013-12-30,56,0,4,article_features_raw,0.0,0.0,1.0,1.0
2014-01-06,55,0,4,article_features_raw,0.0,0.0,1.0,1.0
2014-01-13,54,0,4,article_features_raw,0.0,0.0,1.0,1.0
2014-01-20,53,0,4,article_features_raw,0.0,0.0,1.0,1.0
2014-01-27,52,0,4,article_features_raw,0.0,0.0,1.0,1.0
2014-02-03,51,0,4,article_features_raw,0.0,0.0,1.0,1.0
2014-02-10,50,0,4,article_features_raw,0.0,0.0,1.0,1.0
2014-02-17,49,0,4,article_features_raw,0.0,0.0,1.0,1.0
2014-02-24,48,0,4,article_features_raw,0.0,0.0,1.0,1.0
2014-03-03,47,0,4,article_features_raw,0.0,0.0,1.0,1.0
2014-03-10,46,0,4,article_features_raw,0.0,0.0,1.0,1.0
2014-03-17,45,0,4,article_features_raw,0.0,0.0,1.0,1.0
2014-03-24,44,0,4,article_features_raw,0.0,0.0,1.0,1.0
2014-03-31,43,0,4,article_features_raw,0.0,0.0,1.0,1.0
2014-04-07,42,0,4,article_features_raw,0.0,0.0,1.0,1.0
2014-04-14,41,0,4,article_features_raw,0.0,0.0,1.0,1.0
2014-04-21,40,0,4,article_features_raw,0.0,0.0,1.0,1.0
2014-04-28,39,0,4,article_features_raw,0.0,0.0,1.0,1.0
2014-05-05,38,0,4,article_features_raw,0.0,0.0,1.0,1.0
2014-05-12,37,0,4,article_features_raw,0.0,0.0,1.0,1.0
2014-05-19,36,0,4,article_features_raw,0.0,0.0,1.0,1.0
2014-05-26,35,0,4,article_features_raw,0.0,0.0,1.0,1.0
2014-06-02,34,0,4,article_features_raw,0.0,0.0,1.0,1.0
2014-06-09,33,0,4,article_features_raw,0.0,0.0,1.0,1.0
2014-06-16,32,0,4,article_features_raw,0.0,0.0,1.0,1.0
2014-06-23,31,0,4,article_features_raw,0.0,0.0,1.0,1.0
2014-06-30,30,0,4,article_features_raw,0.0,0.0,1.0,1.0
2014-07-07,29,0,4,article_features_raw,0.0,0.0,1.0,1.0
2014-07-14,28,0,4,article_features_raw,0.0,0.0,1.0,1.0
2014-07-21,27,0,4,article_features_raw,0.0,0.0,1.0,1.0
2014-07-28,26,0,4,article_features_raw,0.0,0.0,1.0,1.0
2014-08-04,25,0,4,article_features_raw,0.0,0.0,1.0,1.0
2014-08-11,24,0,4,article_features_raw,0.0,0.0,1.0,1.0
2014-08-18,23,0,4,article_features_raw,0.0,0.0,1.0,1.0
2014-08-25,22,0,4,article_features_raw,0.0,0.0,1.0,1.0
2014-09-01,21,0,4,article_features_raw,0.0,0.0,1.0,1.0
2014-09-08,20,0,4,article_features_raw,0.0,0.0,1.0,1.0
2014-09-15,19,0,4,article_features_raw,0.0,0.0,1.0,1.0
2014-09-22,18,0,4,article_features_raw,0.0,0.0,1.0,1.0
2014-09-29,17,0,4,article_features_raw,0.0,0.0,1.0,1.0
2014-10-06,16,0,4,article_features_raw,0.0,0.0,1.0,1.0
2014-10-13,15,0,4,article_features_raw,0.0,0.0,1.0,1.0
2014-10-20,14,0,4,article_features_raw,0.0,0.0,1.0,1.0
2014-10-27,13,0,4,article_features_raw,0.0,0.0,1.0,1.0
2014-11-03,12,0,4,article_features_raw,0.0,0.0,1.0,1.0
2014-11-10,11,0,4,article_features_raw,0.0,0.0,1.0,1.0
2014-11-17,10,0,4,article_features_raw,0.0,0.0,1.0,1.0
2014-11-24,9,0,4,article_features_raw,0.0,0.0,1.0,1.0
2014-12-01,8,0,4,article_features_raw,0.0,0.0,1.0,1.0
2014-12-08,7,0,4,article_features_raw,0.0,0.0,1.0,1.0
2014-12-15,6,0,4,article_features_raw,0.0,0.0,1.0,1.0
2014-12-22,5,0,4,article_features_raw,0.0,0.0,1.0,1.0
2014-12-29,4,1,4,article_features_raw,0.0,0.0,1.0,1.0
2015-01-05,3,1,4,article_features_raw,0.0,0.0,1.0,1.0
2015-01-12,2,1,4,article_features_raw,0.0,0.0,1.0,1.0
2015-01-19,1,1,4,article_features_raw,0.0,0.0,1.0,1.0
2015-09-28,15,0,4,article_features_raw,0.0,0.0,1.0,1.0
2015-10-05,14,0,4,article_features_raw,0.0,0.0,1.0,1.0
2015-10-12,13,0,4,article_features_raw,0.0,0.0,1.0,1.0
2015-10-19,12,0,4,article_features_raw,0.0,0.0,1.0,1.0
2015-10-26,11,0,4,article_features_raw,0.0,0.0,1.0,1.0
2015-11-02,10,0,4,article_features_raw,0.0,0.0,1.0,1.0
2015-11-09,9,0,4,article_features_raw,0.0,0.0,1.0,1.0
2015-11-16,8,0,4,article_features_raw,0.0,0.0,1.0,1.0
2015-11-23,7,0,4,article_features_raw,0.0,0.0,1.0,1.0
2015-11-30,6,0,4,article_features_raw,0.0,0.0,1.0,1.0
2015-12-07,5,0,4,article_features_raw,0.0,0.0,1.0,1.0
2015-12-14,4,1,4,article_features_raw,0.0,0.0,1.0,1.0
2015-12-21,3,1,4,article_features_raw,0.0,0.0,1.0,1.0
2016-01-04,2,1,4,article_features_raw,0.0,0.0,1.0,1.0
2016-01-11,1,1,4,article_features_raw,0.0,0.0,1.0,1.0
2016-09-19,13,0,4,article_features_raw,0.0,0.0,1.0,1.0
2016-09-26,12,0,4,article_features_raw,0.0,0.0,1.0,1.0
2016-10-03,11,0,4,article_features_raw,0.0,0.0,1.0,1.0
2016-10-10,10,0,4,article_features_raw,0.0,0.0,1.0,1.0
2016-10-17,9,0,4,article_features_raw,0.0,0.0,1.0,1.0
2016-10-24,8,0,4,article_features_raw,0.0,0.0,1.0,1.0
2016-10-31,7,0,4,article_features_raw,0.0,0.0,1.0,1.0
2016-11-07,6,0,4,article_features_raw,0.0,0.0,1.0,1.0
2016-11-14,5,0,4,article_features_raw,0.0,0.0,1.0,1.0
2016-11-21,4,1,4,article_features_raw,0.0,0.0,1.0,1.0
2016-11-28,3,1,4,article_features_raw,0.0,0.0,1.0,1.0
2016-12-05,2,1,4,article_features_raw,0.0,0.0,1.0,1.0
2016-12-12,1,1,4,article_features_raw,0.0,0.0,1.0,1.0
2017-09-11,23,0,4,article_features_raw,0.0,0.0,1.0,1.0
2017-09-18,22,0,4,article_features_raw,0.04,0.0,0.96,0.96
2017-09-25,21,0,4,article_features_raw,0.0,0.0,1.0,1.0
2017-10-02,20,0,4,article_features_raw,0.0,0.0,1.0,1.0
2017-10-09,19,0,4,article_features_raw,0.0,0.0,1.0,1.0
2017-10-16,18,0,4,article_features_raw,0.0,0.0,1.0,1.0
2017-10-23,17,0,4,article_features_raw,0.0,0.0,1.0,1.0
2017-10-30,16,0,4,article_features_raw,0.0,0.0,1.0,1.0
2017-11-06,15,0,4,article_features_raw,0.0,0.0,1.0,1.0
2017-11-13,14,0,4,article_features_raw,0.0,0.0,1.0,1.0
2017-11-20,13,0,4,article_features_raw,0.0,0.0,1.0,1.0
2017-11-27,12,0,4,article_features_raw,0.0,0.0,1.0,1.0
2017-12-04,11,0,4,article_features_raw,0.0,0.0,1.0,1.0
2017-12-11,10,0,4,article_features_raw,0.0,0.0,1.0,1.0
2017-12-18,9,0,4,article_features_raw,0.0,0.0,1.0,1.0
2017-12-25,8,0,4,article_features_raw,0.0,0.0,1.0,1.0
2018-01-01,7,0,4,article_features_raw,0.0,0.0,1.0,1.0
2018-01-01,6,0,4,article_features_raw,0.0,0.0,1.0,1.0
2018-01-08,5,0,4,article_features_raw,0.0,0.0,1.0,1.0
2018-01-15,4,1,4,article_features_raw,0.0,0.0,1.0,1.0
2018-01-22,3,1,4,article_features_raw,0.0,0.0,1.0,1.0
2018-01-29,2,1,4,article_features_raw,0.0,0.0,1.0,1.0
2018-02-05,1,1,4,article_features_raw,0.0,0.0,1.0,1.0
2018-10-29,13,0,4,article_features_raw,0.0,0.0,1.0,1.0
2018-11-05,12,0,4,article_features_raw,0.0,0.0,1.0,1.0
2018-11-12,11,0,4,article_features_raw,0.0,0.0,1.0,1.0
2018-11-19,10,0,4,article_features_raw,0.0,0.0,1.0,1.0
2018-11-26,9,0,4,article_features_raw,0.0,0.0,1.0,1.0
2018-12-03,8,0,4,article_features_raw,0.0,0.0,1.0,1.0
2018-12-10,7,0,4,article_features_raw,0.0,0.0,1.0,1.0
2018-12-17,6,0,4,article_features_raw,0.0,0.0,1.0,1.0
2018-12-24,5,0,4,article_features_raw,0.0,0.0,1.0,1.0
2018-12-31,4,1,4,article_features_raw,0.0,0.0,1.0,1.0
2019-01-07,3,1,4,article_features_raw,0.0,0.0,1.0,1.0
2019-01-14,2,1,4,article_features_raw,0.0,0.0,1.0,1.0
2019-01-21,1,1,4,article_features_raw,0.0,0.0,1.0,1.0
2012-12-31,5,0,4,article_features_zscore,4.635970419371915e-05,4.950420448949444e-05,0.9999041342735291,0.9999536384780185
2013-01-07,4,1,4,article_features_zscore,4.7927246930612456e-05,4.9250719039264366e-05,0.999902822971344,0.9999520736903833
2013-01-14,3,1,4,article_features_zscore,5.37760239058116e-05,5.061751515313517e-05,0.999895589351654,0.9999462068668071
2013-01-21,2,1,4,article_features_zscore,6.107277861701732e-05,5.236895226516936e-05,0.9998865604400635,0.9999389293923286
2013-01-28,1,1,4,article_features_zscore,6.615103045305659e-05,5.36272199042287e-05,0.9998802161216735,0.9999338433415778
2013-10-14,67,0,4,article_features_zscore,6.3088520440715e-05,5.4496998445756616e-05,0.9998824071884155,0.9999369041868612
2013-10-21,66,0,4,article_features_zscore,7.069525466874893e-05,5.706080854906759e-05,0.9998722267150879,0.999929287523637
2013-10-28,65,0,4,article_features_zscore,7.340148599837448e-05,5.874275200767443e-05,0.999867856502533,0.9999265992545406
2013-11-04,64,0,4,article_features_zscore,0.0002397738458432741,0.0001067655956649105,0.9996534538269043,0.9997602194225692
2013-11-11,63,0,4,article_features_zscore,7.685157906394125e-05,6.221773565812328e-05,0.9998609304428101,0.9999231481784683
2013-11-18,62,0,4,article_features_zscore,3.376771041303073e-05,4.559988779874402e-05,0.9999206256866455,0.9999662255744443
2013-11-25,61,0,4,article_features_zscore,3.3464873729371904e-05,4.496294912314625e-05,0.9999215674400329,0.9999665303891561
2013-12-02,60,0,4,article_features_zscore,3.844341194053413e-05,4.807114488357911e-05,0.9999134850502014,0.999961556195085
2013-12-09,59,0,4,article_features_zscore,4.5222453138649144e-05,5.202748627198161e-05,0.9999027442932129,0.9999547717794849
2013-12-16,58,0,4,article_features_zscore,5.2234511040296636e-05,5.55024827735906e-05,0.999892258644104,0.9999477611268777
2013-12-23,57,0,4,article_features_zscore,5.586443987340317e-05,5.6376607299171153e-05,0.999887752532959,0.9999441291402582
2013-12-30,56,0,4,article_features_zscore,5.621065055493091e-05,5.542927960050292e-05,0.9998883533477784,0.9999437826273788
2014-01-06,55,0,4,article_features_zscore,5.819061371312273e-05,5.513236979822977e-05,0.9998866701126099,0.9999418024824082
2014-01-13,54,0,4,article_features_zscore,6.612088941096772e-05,5.6597829952806933e-05,0.9998772764205932,0.999933874250546
2014-01-20,53,0,4,article_features_zscore,7.826737203117773e-05,5.907681364988093e-05,0.9998626565933227,0.9999217334069727
2014-01-27,52,0,4,article_features_zscore,9.153726842896504e-05,6.192734495925833e-05,0.9998465275764465,0.9999084549214058
2014-02-03,51,0,4,article_features_zscore,0.00010082279092102909,6.378796088029049e-05,0.9998353791236877,0.9998991670845679
2014-02-10,50,0,4,article_features_zscore,0.00010796317266795086,6.512485344501329e-05,0.999826922416687,0.999892047270132
2014-02-17,49,0,4,article_features_zscore,0.00011783557836338332,6.755544366569666e-05,0.9998146152496338,0.9998821706932994
2014-02-24,48,0,4,article_features_zscore,0.00012587472036557301,7.015202656475594e-05,0.9998039603233337,0.9998741123498985
2014-03-03,47,0,4,article_features_zscore,0.00012548731633387432,7.162202828112641e-05,0.9998028898239135,0.9998745118521947
2014-03-10,46,0,4,article_features_zscore,9.306550630981291e-05,6.729172023369756e-05,0.9998396372795105,0.9999069289997442
2014-03-17,45,0,4,article_features_zscore,7.090732475205641e-05,7.1072267087402e-05,0.9998580098152161,0.9999290820823035
2014-03-24,44,0,4,article_features_zscore,0.00013670190381546377,8.05007786857459e-05,0.999782783985138,0.9998632847638237
2014-03-31,43,0,4,article_features_zscore,4.1608755727793325e-05,5.263953279609268e-05,0.9999057507514953,0.9999583902842915
2014-04-07,42,0,4,article_features_zscore,3.876074540357877e-05,5.17572933313204e-05,0.9999094867706299,0.9999612440639611
2014-04-14,41,0,4,article_features_zscore,4.271764006944068e-05,5.316565415341756e-05,0.9999041247367859,0.9999572903909393
2014-04-21,40,0,4,article_features_zscore,4.9721590322633346e-05,5.6548999873484716e-05,0.9998937225341797,0.9999502715340532
2014-04-28,39,0,4,article_features_zscore,5.1784613153813554e-05,5.790105133200996e-05,0.9998903083801269,0.9999482094314589
2014-05-05,38,0,4,article_features_zscore,5.148536960064121e-05,5.8831664973695296e-05,0.9998896813392639,0.9999485130042376
2014-05-12,37,0,4,article_features_zscore,6.058625139303331e-05,6.600497462386557e-05,0.9998733997344971,0.9999394047091209
2014-05-19,36,0,4,article_features_zscore,6.341281746358618e-05,6.712750782753574e-05,0.9998694467544555,0.9999365742622831
2014-05-26,35,0,4,article_features_zscore,6.643800484766871e-05,6.792058735300089e-05,0.9998656344413758,0.9999335550287288
2014-06-02,34,0,4,article_features_zscore,6.829912879993571e-05,6.893621688504937e-05,0.9998627591133118,0.9999316953301969
2014-06-09,33,0,4,article_features_zscore,6.510304248706689e-05,6.591733206732897e-05,0.9998689818382264,0.9999348991702937
2014-06-16,32,0,4,article_features_zscore,7.050239513148426e-05,6.427523129787005e-05,0.9998652243614197,0.9999294995927175
2014-06-23,31,0,4,article_features_zscore,7.568256487928693e-05,6.270570579090417e-05,0.9998616123199463,0.9999243180257372
2014-06-30,30,0,4,article_features_zscore,7.030064949930193e-05,6.204516122124914e-05,0.9998676443099975,0.9999296894712187
2014-07-07,29,0,4,article_features_zscore,0.00015332192107791798,0.00010056673359940759,0.9997461152076721,0.9998466819412715
2014-07-14,28,0,4,article_features_zscore,8.613213013958899e-05,8.60595910671691e-05,0.9998278045654296,0.9999138641564969
2014-07-21,27,0,4,article_features_zscore,8.03503614874046e-05,7.656438398953469e-05,0.9998430800437927,0.9999196444277823
2014-07-28,26,0,4,article_features_zscore,6.771436666525688e-05,6.505040952106355e-05,0.9998672199249268,0.9999322703344479
2014-08-04,25,0,4,article_features_zscore,2.2106045371401706e-05,3.424427828576881e-05,0.9999436521530152,0.999977896431301
2014-08-11,24,0,4,article_features_zscore,2.920374354403066e-05,3.925001743482426e-05,0.9999315309524536,0.9999707809698885
2014-08-18,23,0,4,article_features_zscore,3.153392090439411e-05,4.034550599499198e-05,0.999928104877472,0.9999684503834669
2014-08-25,22,0,4,article_features_zscore,3.1809926447294856e-05,4.017777280751034e-05,0.9999280142784118,0.9999681920512193
2014-09-01,21,0,4,article_features_zscore,3.233737140021731e-05,4.0464263256581035e-05,0.9999271893501281,0.9999676536133847
2014-09-08,20,0,4,article_features_zscore,3.155837556278129e-05,4.008697249446414e-05,0.9999283599853516,0.999968446957846
2014-09-15,19,0,4,article_features_zscore,2.5403917559856383e-05,3.6029985576533366e-05,0.9999385595321655,0.999974589517742
2014-09-22,18,0,4,article_features_zscore,1.939301418190098e-05,3.1291701984628164e-05,0.999949312210083,0.9999806039120677
2014-09-29,17,0,4,article_features_zscore,1.5484477121816553e-05,2.8179009468658478e-05,0.9999563479423523,0.9999845269518209
2014-10-06,16,0,4,article_features_zscore,1.4868068470761386e-05,2.817950697362903e-05,0.9999569487571717,0.9999851282641453
2014-10-13,15,0,4,article_features_zscore,1.649275744377121e-05,2.9759709266272695e-05,0.99995374917984,0.9999835088891063
2014-10-20,14,0,4,article_features_zscore,1.7446456167036218e-05,3.080221951449857e-05,0.999951741695404,0.9999825439149185
2014-10-27,13,0,4,article_features_zscore,1.8474435834434643e-05,3.1799382663848516e-05,0.9999497270584107,0.9999815264410745
2014-11-03,12,0,4,article_features_zscore,2.7301672789405986e-05,4.0144451381820546e-05,0.9999325394630432,0.999972683914425
2014-11-10,11,0,4,article_features_zscore,2.5714342552873858e-05,3.930415701688616e-05,0.9999349784851074,0.9999742826421243
2014-11-17,10,0,4,article_features_zscore,2.7416089526468568e-05,4.065752345013607e-05,0.9999319219589233,0.9999725794823735
2014-11-24,9,0,4,article_features_zscore,2.984236139582208e-05,4.255366709912778e-05,0.9999275994300842,0.9999701530971834
2014-12-01,8,0,4,article_features_zscore,3.6466117012423635e-05,4.6876898777554744e-05,0.9999166560173035,0.9999635329160811
2014-12-08,7,0,4,article_features_zscore,4.3782514778740734e-05,5.0943159985763485e-05,0.999905264377594,0.9999562075375797
2014-12-15,6,0,4,article_features_zscore,5.742644203337477e-05,5.60635845613433e-05,0.9998864984512329,0.9999425620357942
2014-12-22,5,0,4,article_features_zscore,6.480578030959805e-05,5.874556152775767e-05,0.9998764562606811,0.9999352018222089
2014-12-29,4,1,4,article_features_zscore,7.289699947705231e-05,6.049600071492023e-05,0.9998666024208069,0.9999270984215218
2015-01-05,3,1,4,article_features_zscore,6.247743359608649e-05,5.501370600541122e-05,0.9998825144767761,0.9999375281827815
2015-01-12,2,1,4,article_features_zscore,6.828776354609544e-05,5.5911088093125724e-05,0.9998758006095886,0.9999317116976817
2015-01-19,1,1,4,article_features_zscore,7.873161591987809e-05,5.817426303110551e-05,0.9998630952835083,0.9999212695465394
2015-09-28,15,0,4,article_features_zscore,1.5017166335979936e-05,2.85158782844519e-05,0.9999564695358276,0.9999849854141121
2015-10-05,14,0,4,article_features_zscore,1.4172717800136069e-05,2.8194355245432234e-05,0.9999576163291931,0.9999858106844386
2015-10-12,13,0,4,article_features_zscore,1.4967764640729797e-05,2.879537747730865e-05,0.9999562430381775,0.9999850384156549
2015-10-19,12,0,4,article_features_zscore,1.6472613686673298e-05,2.9979892290157295e-05,0.999953544139862,0.9999835240321522
2015-10-26,11,0,4,article_features_zscore,1.7065508819626986e-05,3.0825181343061556e-05,0.9999520945549011,0.9999829197362441
2015-11-02,10,0,4,article_features_zscore,2.0903463331478632e-05,3.591773488096806e-05,0.9999431705474854,0.9999790882823664
2015-11-09,9,0,4,article_features_zscore,2.717694611760635e-05,4.1302930058009223e-05,0.9999315166473388,0.9999728195773968
2015-11-16,8,0,4,article_features_zscore,3.117589183830205e-05,4.3611529672489266e-05,0.9999252009391785,0.9999688124688509
2015-11-23,7,0,4,article_features_zscore,3.443188806386388e-05,4.57825857665739e-05,0.9999197840690612,0.9999655666548278
2015-11-30,6,0,4,article_features_zscore,3.917236521374434e-05,4.829009058084921e-05,0.9999125409126282,0.999960831003209
2015-12-07,5,0,4,article_features_zscore,4.401860538564506e-05,5.053971512097632e-05,0.9999054431915283,0.9999559829066492
2015-12-14,4,1,4,article_features_zscore,5.3225574636144305e-05,5.46382960419578e-05,0.9998921370506286,0.9999467753466705
2015-12-21,3,1,4,article_features_zscore,5.958361263083134e-05,5.633416125419899e-05,0.9998840832710266,0.9999404174322808
2016-01-04,2,1,4,article_features_zscore,6.84376690105637e-05,5.8251110567653085e-05,0.9998733019828796,0.9999315530934473
2016-01-11,1,1,4,article_features_zscore,6.380657517411236e-05,5.536433889574255e-05,0.9998808169364929,0.9999361812753886
2016-09-19,13,0,4,article_features_zscore,2.7832292545610926e-05,3.7721745129601914e-05,0.9999344420433044,0.999972163788434
2016-09-26,12,0,4,article_features_zscore,2.1711644035633525e-05,3.2702686557968266e-05,0.9999455785751343,0.9999782812616923
2016-10-03,11,0,4,article_features_zscore,1.715328091663082e-05,3.0182086052263913e-05,0.9999526476860047,0.9999828297720569
2016-10-10,10,0,4,article_features_zscore,1.717932481753337e-05,3.0140756252876598e-05,0.9999526906013488,0.9999828313576017
2016-10-17,9,0,4,article_features_zscore,1.729852423963507e-05,3.0527991036706225e-05,0.9999521708488465,0.9999826988398832
2016-10-24,8,0,4,article_features_zscore,2.0054662381454592e-05,3.249700717105952e-05,0.999947440624237,0.999979937631408
2016-10-31,7,0,4,article_features_zscore,2.2233595215510603e-05,3.4587166405799506e-05,0.9999431848526001,0.999977772019006
2016-11-07,6,0,4,article_features_zscore,2.4906465287699576e-05,3.769064003336098e-05,0.9999374032020569,0.9999750938420903
2016-11-14,5,0,4,article_features_zscore,5.092833804269503e-05,5.9611001188386584e-05,0.9998894691467285,0.9999490801479168
2016-11-21,4,1,4,article_features_zscore,4.8601228565985364e-05,5.35065588519501e-05,0.9998978805541993,0.9999513871130512
2016-11-28,3,1,4,article_features_zscore,3.123941135299902e-05,4.347519587099669e-05,0.9999252772331237,0.9999687524289947
2016-12-05,2,1,4,article_features_zscore,3.5249377907575764e-05,4.604620577083551e-05,0.999918704032898,0.9999647502386688
2016-12-12,1,1,4,article_features_zscore,4.0275235679700924e-05,4.9118667284346884e-05,0.9999106097221374,0.9999597283894217
2017-09-11,23,0,4,article_features_zscore,2.1264837741910014e-05,3.2817001765579336e-05,0.9999459218978882,0.9999787388996538
2017-09-18,22,0,4,article_features_zscore,2.6738890653632552e-05,3.763461309972627e-05,0.999935622215271,0.9999732568283707
2017-09-25,21,0,4,article_features_zscore,2.203338807731825e-05,3.4154945869886435e-05,0.9999438095092773,0.9999779644551472
2017-10-02,20,0,4,article_features_zscore,1.556601408054803e-05,2.868884414965578e-05,0.9999557423591614,0.999984431203311
2017-10-09,19,0,4,article_features_zscore,1.4044290592352127e-05,2.765715114037448e-05,0.9999583101272583,0.9999859672783987
2017-10-16,18,0,4,article_features_zscore,1.4024340294156445e-05,2.7932377802244445e-05,0.9999580407142639,0.9999859730920662
2017-10-23,17,0,4,article_features_zscore,1.602524457183563e-05,2.9264231800425476e-05,0.999954707622528,0.9999839718543284
2017-10-30,16,0,4,article_features_zscore,1.769994472425651e-05,3.062057879560598e-05,0.9999516606330872,0.9999822812118828
2017-11-06,15,0,4,article_features_zscore,1.8295526048319742e-05,3.2074518308036205e-05,0.9999496412277221,0.9999817157460301
2017-11-13,14,0,4,article_features_zscore,2.315181251475451e-05,3.801654163908097e-05,0.9999388265609741,0.9999768431026131
2017-11-20,13,0,4,article_features_zscore,3.591529652680947e-05,4.6001685550436374e-05,0.9999180817604065,0.999964083445957
2017-11-27,12,0,4,article_features_zscore,3.4346634042776716e-05,4.564881353871897e-05,0.9999199914932251,0.9999656403067638
2017-12-04,11,0,4,article_features_zscore,3.953801836587445e-05,4.870787623076467e-05,0.9999117588996888,0.9999604667759195
2017-12-11,10,0,4,article_features_zscore,4.3654779490225336e-05,5.033486224419903e-05,0.9999060082435608,0.999956343105805
2017-12-18,9,0,4,article_features_zscore,5.230407463159281e-05,5.444046524644364e-05,0.99989324092865,0.9999476813938964
2017-12-25,8,0,4,article_features_zscore,6.467324948516761e-05,5.890757527595269e-05,0.999876413345337,0.9999353209206129
2018-01-01,7,0,4,article_features_zscore,7.286391200523213e-05,6.065422625397332e-05,0.9998664736747742,0.9999271279010282
2018-01-01,6,0,4,article_features_zscore,6.48712995734968e-05,5.640925470288494e-05,0.9998787236213684,0.9999351328760713
2018-01-08,5,0,4,article_features_zscore,7.104453492047469e-05,5.738438539992785e-05,0.9998715734481811,0.999928957833581
2018-01-15,4,1,4,article_features_zscore,8.370701086505505e-05,6.02613755290804e-05,0.9998560380935669,0.999916299469096
2018-01-22,3,1,4,article_features_zscore,9.787993799363904e-05,6.312055398666417e-05,0.9998389887809753,0.999902109334962
2018-01-29,2,1,4,article_features_zscore,0.00011085436939310967,6.580445380677702e-05,0.9998233485221862,0.999889152975993
2018-02-05,1,1,4,article_features_zscore,0.00011852429356508765,6.790245275624329e-05,0.9998135733604431,0.9998814758131993
2018-10-29,13,0,4,article_features_zscore,5.003244047628641e-05,5.337126620815979e-05,0.9998965907096863,0.9999499619758945
2018-11-05,12,0,4,article_features_zscore,0.0001661420453382334,9.256295850718744e-05,0.9997412896156311,0.9998338525741384
2018-11-12,11,0,4,article_features_zscore,0.00010837252239866758,7.4488076952548e-05,0.9998171377182007,0.9998916257951532
2018-11-19,10,0,4,article_features_zscore,3.4873330334903586e-05,4.591581704517012e-05,0.9999192094802857,0.9999651252973308
2018-11-26,9,0,4,article_features_zscore,3.430709953136102e-05,4.49775269953534e-05,0.9999207186698914,0.9999656961968868
2018-12-03,8,0,4,article_features_zscore,3.9061958258344024e-05,4.801998020411702e-05,0.9999129223823547,0.9999609423625588
2018-12-10,7,0,4,article_features_zscore,4.273952941503012e-05,5.037975657614879e-05,0.9999068713188172,0.9999572510753933
2018-12-17,6,0,4,article_features_zscore,5.666910153877325e-05,5.686696760676568e-05,0.9998864555358886,0.9999433225034954
2018-12-24,5,0,4,article_features_zscore,5.99249487686393e-05,5.7983493334177184e-05,0.9998820900917054,0.9999400735850396
2018-12-31,4,1,4,article_features_zscore,5.2928044756299644e-05,5.486923673743149e-05,0.9998921990394593,0.9999470682761967
2019-01-07,3,1,4,article_features_zscore,5.5719108514722395e-05,5.5157889673864704e-05,0.9998891091346741,0.999944267024348
2019-01-14,2,1,4,article_features_zscore,6.334198129934521e-05,5.683965673597413e-05,0.9998798108100891,0.9999366504668251
2019-01-21,1,1,4,article_features_zscore,7.28431978620847e-05,5.893628256671945e-05,0.9998682117462159,0.9999271480287826
2012-12-31,5,1,5,incidence_raw,0.029515337949129243,0.012306041411320207,0.9581786227226305,0.9704846641339507
2013-01-07,4,1,5,incidence_raw,0.03999999523162842,5.375354547708018e-09,0.96,0.9600000053753545
2013-01-14,3,1,5,incidence_raw,6.317482329905033e-05,0.039916186332702656,0.9600206374749541,0.9999368238076568
2013-01-21,2,1,5,incidence_raw,2.9456152029019068e-24,1.5138315601070928e-12,1.0,1.000000000001514
2013-01-28,1,1,5,incidence_raw,1.0089348943138683e-45,3.718351772835704e-27,1.0,1.0
2013-10-14,67,0,5,incidence_raw,1.644933078637223e-10,2.8456586278480245e-08,0.9999999713897705,0.9999999998463568
2013-10-21,66,0,5,incidence_raw,5.684047978759078e-23,8.309896086590204e-18,1.0,1.0
2013-10-28,65,0,5,incidence_raw,1.643058216488389e-25,1.0344709753800175e-19,1.0,1.0
2013-11-04,64,0,5,incidence_raw,8.397251547565239e-16,3.4581305010835854e-12,1.0,1.0000000000034581
2013-11-11,63,0,5,incidence_raw,0.03843816995620767,0.0015517380834084663,0.960010090203723,0.9615618282871314
2013-11-18,62,0,5,incidence_raw,0.03999996662139892,3.314942937732189e-08,0.96,0.9600000331494294
2013-11-25,61,0,5,incidence_raw,0.03870788335800171,0.0012921178386458105,0.96,0.9612921178386458
2013-12-02,60,0,5,incidence_raw,1.1525418376550078e-05,0.039988472461710285,0.9600000000432141,0.9999884725049244
2013-12-09,59,0,5,incidence_raw,0.0027229475975036623,0.037277052468532974,0.960000000000112,0.997277052468645
2013-12-16,58,0,5,incidence_raw,0.00010892484337091446,0.03989107391046496,0.9600000000000012,0.9998910739104662
2013-12-23,57,0,5,incidence_raw,0.0052359867095947265,0.03476471325456702,0.9599992942810058,0.9947640075355728
2013-12-30,56,0,5,incidence_raw,0.03974710702904955,0.004172077732476396,0.956080813407898,0.9602528911403744
2014-01-06,55,0,5,incidence_raw,0.07047610759752658,0.0008059166276664502,0.928717982172966,0.9295238988006325
2014-01-13,54,0,5,incidence_raw,0.03608611822128296,0.003913894988834139,0.9599999856948864,0.9639138806837205
2014-01-20,53,0,5,incidence_raw,6.056506549612095e-09,0.03985042810440064,0.9601495652087033,0.999999993313104
2014-01-27,52,0,5,incidence_raw,2.474644290339321e-24,1.0673801399675742e-10,1.0,1.000000000106738
2014-02-03,51,0,5,incidence_raw,1.3798442565207472e-25,1.7387120632150755e-11,1.0,1.0000000000173872
2014-02-10,50,0,5,incidence_raw,2.935454924050873e-20,4.930133400193881e-08,0.9999999523162841,1.000000001617618
2014-02-17,49,0,5,incidence_raw,1.5248266798848118e-23,6.88975569573813e-08,0.9999999332427979,1.0000000021403548
2014-02-24,48,0,5,incidence_raw,4.971784374591305e-20,4.580677021294832e-05,0.999954195022583,1.000000001792796
2014-03-03,47,0,5,incidence_raw,1.1134333732787383e-12,0.03999451160430932,0.9600054872845066,0.999999998888816
2014-03-10,46,0,5,incidence_raw,1.6177843942258542e-08,0.04016352328936567,0.9598364639320462,0.9999999872214119
2014-03-17,45,0,5,incidence_raw,1.403753213233827e-06,0.11999757366034361,0.8800010262053004,0.999998599865644
2014-03-24,44,0,5,incidence_raw,0.0025035459099963476,0.1970048387287473,0.8004916131106089,0.9974964518393562
2014-03-31,43,0,5,incidence_raw,5.673667483030447e-07,0.2785469614275789,0.7214524752887463,0.9999994367163252
2014-04-07,42,0,5,incidence_raw,1.922116731137133e-09,0.3212636723045064,0.6787363300953596,1.000000002399866
2014-04-14,41,0,5,incidence_raw,7.672176828392074e-11,0.26708897277517385,0.7329110322476281,1.000000005022802
2014-04-21,40,0,5,incidence_raw,3.1070608135426124e-11,0.24151044824638623,0.7584895523744101,1.0000000006207963
2014-04-28,39,0,5,incidence_raw,3.4389971638429655e-07,0.2749359635107396,0.7250637023166412,0.9999996658273809
2014-05-05,38,0,5,incidence_raw,4.44120638576519e-08,0.24013741254773632,0.7598625385053132,0.9999999510530495
2014-05-12,37,0,5,incidence_raw,1.2919600430917107e-06,0.20123494966095837,0.7987637531699937,0.999998702830952
2014-05-19,36,0,5,incidence_raw,0.03996796868868168,0.15504844764462908,0.8049835891334384,0.9600320367780675
2014-05-26,35,0,5,incidence_raw,0.040032119767275075,0.15854982047798621,0.8014180651753848,0.9599678856533711
2014-06-02,34,0,5,incidence_raw,0.03562989431505902,0.14216261956912934,0.8222074749916432,0.9643700945607725
2014-06-09,33,0,5,incidence_raw,0.03922137099431255,0.14140238974866592,0.819376241760196,0.9607786315088619
2014-06-16,32,0,5,incidence_raw,2.3658028836650427e-05,0.10679692672915925,0.8931794170295707,0.9999763437587299
2014-06-23,31,0,5,incidence_raw,0.00022487914191447855,0.08015188164051197,0.919623244825259,0.999775126465771
2014-06-30,30,0,5,incidence_raw,0.004911974668502807,0.044650977168920296,0.9504370454268718,0.9950880225957921
2014-07-07,29,0,5,incidence_raw,2.4042496623752942e-11,0.15771107383138486,0.8422889288603043,1.000000002691689
2014-07-14,28,0,5,incidence_raw,0.07945854928760139,0.19804673767105768,0.7224947109180991,0.9205414485891568
2014-07-21,27,0,5,incidence_raw,0.10277184287297059,0.44816916448568994,0.4490589888379695,0.8972281533236595
2014-07-28,26,0,5,incidence_raw,0.1393148979862512,0.7415833921031636,0.11910171597368208,0.8606851080768456
2014-08-04,25,0,5,incidence_raw,0.19669421003825696,0.7633057884701165,0.04000000535542152,0.803305793825538
2014-08-11,24,0,5,incidence_raw,0.19384669137598037,0.7661533116396952,0.04000000000058629,0.8061533116402815
2014-08-18,23,0,5,incidence_raw,0.19293190802592744,0.7670680915060767,0.040000000000029665,0.8070680915061064
2014-08-25,22,0,5,incidence_raw,0.1600113210645793,0.7999886749369347,0.04000000016019494,0.8399886750971296
2014-09-01,21,0,5,incidence_raw,0.1205513211742192,0.8283600313277091,0.05108865560092827,0.8794486869286373
2014-09-08,20,0,5,incidence_raw,0.0017746872066424135,0.12013404152369868,0.8780912725773737,0.9982253141010724
2014-09-15,19,0,5,incidence_raw,5.493403062660203e-18,8.760134690566297e-05,0.9999123978614807,0.9999999992083863
2014-09-22,18,0,5,incidence_raw,1.109256951203143e-24,1.795154025430179e-11,1.0,1.0000000000179516
2014-09-29,17,0,5,incidence_raw,2.90307678358525e-18,1.2136745226598578e-08,0.9999999856948852,0.9999999978316305
2014-10-06,16,0,5,incidence_raw,1.377180014969781e-06,0.03067734956741333,0.9693212687969208,0.9999986183643341
2014-10-13,15,0,5,incidence_raw,0.0022872112691402434,0.03771277904510498,0.9600000083383111,0.9977127873834161
2014-10-20,14,0,5,incidence_raw,1.3117661001160742e-06,0.015440757274627686,0.9845579314231873,0.9999986886978149
2014-10-27,13,0,5,incidence_raw,6.560773908859119e-07,0.00022514648735523225,0.9997741985321045,0.9999993450194598
2014-11-03,12,0,5,incidence_raw,0.0005535619705915453,0.030377941131592028,0.9690684992074966,0.9994464403390886
2014-11-10,11,0,5,incidence_raw,0.039964263439178464,3.572215093299749e-05,0.9600000122154063,0.9600357343663393
2014-11-17,10,0,5,incidence_raw,0.039990637302398685,9.362325654365126e-06,0.9600000000000019,0.9600093623256563
2014-11-24,9,0,5,incidence_raw,8.561537833884359e-06,0.03943710327148438,0.9605543367937207,0.9999914400652051
2014-12-01,8,0,5,incidence_raw,3.047601407346612e-13,2.537491964176297e-05,0.9999746251106262,1.000000000030268
2014-12-08,7,0,5,incidence_raw,0.0002450604736804962,0.0397529935836792,0.9600019457457529,0.9997549393294322
2014-12-15,6,0,5,incidence_raw,1.0111083611263893e-07,0.039999899864196775,0.9600000000003943,0.9999998998645911
2014-12-22,5,1,5,incidence_raw,2.049834874924272e-06,0.039997949600221135,0.9600000000000005,0.9999979496002217
2014-12-29,4,1,5,incidence_raw,0.034568455219268795,0.005431547733050811,0.9599999952316284,0.9654315429646791
2015-01-05,3,1,5,incidence_raw,0.04000000000000001,1.8743540522325575e-09,0.96,0.960000001874354
2015-01-12,2,1,5,incidence_raw,0.03630619525909424,0.0036935755610466004,0.9600002304703412,0.9636938060313878
2015-01-19,1,1,5,incidence_raw,6.6229146156811164e-18,8.863443099471624e-09,0.9999999904632568,0.9999999993266999
2015-09-28,15,0,5,incidence_raw,3.0446943577455697e-13,0.0006127068400382995,0.9993872928619385,0.9999999997019768
2015-10-05,14,0,5,incidence_raw,1.1532961070770398e-06,0.03999478340148926,0.9600040631732554,0.9999988465747446
2015-10-12,13,0,5,incidence_raw,0.0038211473822593687,0.0361788535118103,0.9600000000011483,0.9961788535129585
2015-10-19,12,0,5,incidence_raw,2.1252574515528975e-06,0.03999787330627441,0.9600000020630265,0.9999978753693008
2015-10-26,11,0,5,incidence_raw,8.654610719532609e-06,0.03995290994644166,0.9600384351424873,0.999991345088929
2015-11-02,10,0,5,incidence_raw,0.008771952392803985,0.03110177993814546,0.9601262666098773,0.9912280465480228
2015-11-09,9,0,5,incidence_raw,0.03986775398254395,0.00013224708847732038,0.9600000000099519,0.9601322470984293
2015-11-16,8,0,5,incidence_raw,0.039997992515563977,2.0056246447174373e-06,0.96,0.9600020056246447
2015-11-23,7,0,5,incidence_raw,0.03996214151382446,3.7858528109972e-05,0.96,0.96003785852811
2015-11-30,6,0,5,incidence_raw,0.008100887537002563,0.03189911127090481,0.9600000000000057,0.9918991112709106
2015-12-07,5,1,5,incidence_raw,0.0016961562633514404,0.03830384492874231,0.9600000000010479,0.9983038449297902
2015-12-14,4,1,5,incidence_raw,6.298832013271749e-06,0.03999370098115414,0.9600000000000045,0.9999937009811587
2015-12-21,3,1,5,incidence_raw,0.0005375837162137032,0.039462418584215224,0.96,0.9994624185842151
2016-01-04,2,1,5,incidence_raw,0.005024315118789673,0.03498174302821093,0.9599939393997192,0.9949756824279301
2016-01-11,1,1,5,incidence_raw,0.03999919414520267,4.885459696979788e-06,0.9599959182739258,0.9600008037336228
2016-09-19,13,0,5,incidence_raw,3.3038016605814907e-09,0.07914555218741945,0.9208544419729151,0.9999999941603346
2016-09-26,12,0,5,incidence_raw,1.145779350168524e-16,6.710996385663889e-06,0.9999932861328125,0.9999999971291982
2016-10-03,11,0,5,incidence_raw,2.9983937110955596e-09,0.001256333738565445,0.9987436652183532,0.9999999989569187
2016-10-10,10,0,5,incidence_raw,6.391935312421992e-07,0.0396690034866333,0.960330356284976,0.9999993597716093
2016-10-17,9,0,5,incidence_raw,0.03997669219970703,2.3310871329158543e-05,0.96,0.9600233108713291
2016-10-24,8,0,5,incidence_raw,0.039946613311767576,5.33856684342036e-05,0.96,0.9600533856684341
2016-10-31,7,0,5,incidence_raw,0.019315748747140732,0.02068348646737749,0.96000076393997,0.9806842504073475
2016-11-07,6,0,5,incidence_raw,0.03981880297820071,0.0001736070972135186,0.9600075895444025,0.9601811966416159
2016-11-14,5,1,5,incidence_raw,0.030330026149749813,0.004296954274205874,0.9653730195760727,0.9696699738502785
2016-11-21,4,1,5,incidence_raw,0.039763334467731185,0.00023666822483935053,0.9600000001583863,0.9602366683832256
2016-11-28,3,1,5,incidence_raw,0.03999959945678711,4.039206552615783e-07,0.96,0.9600004039206552
2016-12-05,2,1,5,incidence_raw,0.02287646532058716,0.01712353588198958,0.96,0.9771235358819895
2016-12-12,1,1,5,incidence_raw,0.03071336030960083,0.009286641480994062,0.9600000000000009,0.9692866414809949
2017-09-11,23,0,5,incidence_raw,0.052729253459134914,0.6627321533556467,0.2845385915836804,0.9472707449393272
2017-09-18,22,0,5,incidence_raw,5.3003896862753696e-08,0.0801017353402316,0.9198982157474734,0.999999951087705
2017-09-25,21,0,5,incidence_raw,6.650837470894649e-23,2.821480738931286e-06,0.9999971771240235,0.9999999986047624
2017-10-02,20,0,5,incidence_raw,2.1482189173497123e-26,6.397087304321758e-11,1.0,1.0000000000639708
2017-10-09,19,0,5,incidence_raw,3.0425930113499655e-20,7.1719506422596165e-09,0.9999999904632568,0.9999999976352074
2017-10-16,18,0,5,incidence_raw,1.2285873935979908e-08,0.039701108932495115,0.9602988795004785,0.9999999884329737
2017-10-23,17,0,5,incidence_raw,1.0196416405960918e-06,0.039998979568481446,0.9600000000682685,0.9999989796367499
2017-10-30,16,0,5,incidence_raw,1.2252823216840624e-05,0.039987611770629886,0.9600001403727038,0.9999877521433337
2017-11-06,15,0,5,incidence_raw,0.007402453422552731,0.03257825136184729,0.960019295780221,0.9925975471420684
2017-11-13,14,0,5,incidence_raw,0.03990028142929077,9.970176033675695e-05,0.9600000172780789,0.9600997190384157
2017-11-20,13,0,5,incidence_raw,0.039975943565399345,2.4056602269642783e-05,0.9600000000005933,0.9600240566028629
2017-11-27,12,0,5,incidence_raw,0.03999744415283203,2.554293023422568e-06,0.96,0.9600025542930234
2017-12-04,11,0,5,incidence_raw,0.014832433462142944,0.02516756772994995,0.9600000000000002,0.9851675677299502
2017-12-11,10,0,5,incidence_raw,3.8243865128606556e-05,0.03996175527572632,0.9600000001072471,0.9999617553829734
2017-12-18,9,0,5,incidence_raw,3.1221567769534887e-06,0.03999687671661377,0.9600000000002327,0.9999968767168465
2017-12-25,8,0,5,incidence_raw,4.313411191105843e-05,0.03995686531066896,0.96,0.999956865310669
2018-01-01,7,0,5,incidence_raw,0.005820509791374206,0.034179489613258916,0.96,0.9941794896132589
2018-01-01,6,0,5,incidence_raw,0.03999788761138916,2.1149537384426965e-06,0.96,0.9600021149537384
2018-01-08,5,1,5,incidence_raw,0.03999996662139892,3.1545009733355655e-08,0.96,0.9600000315450097
2018-01-15,4,1,5,incidence_raw,3.6199955502524974e-06,0.039996285438537595,0.9600000976098363,0.9999963830483739
2018-01-22,3,1,5,incidence_raw,4.916544426104401e-22,5.304932315652877e-10,1.0,1.0000000005304932
2018-01-29,2,1,5,incidence_raw,1.087407608316058e-44,5.659050213693221e-25,1.0,1.0
2018-02-05,1,1,5,incidence_raw,2.066273422399706e-29,1.768088713632876e-14,1.0,1.0000000000000178
2018-10-29,13,0,5,incidence_raw,3.535771815351196e-23,2.32921196182114e-18,1.0,1.0
2018-11-05,12,0,5,incidence_raw,8.785724426620123e-15,5.915982981878164e-13,1.0,1.0000000000005915
2018-11-12,11,0,5,incidence_raw,0.0007397331297397614,9.67808160930872e-05,0.9991634845733642,0.9992602653894573
2018-11-19,10,0,5,incidence_raw,0.039999961853027344,3.585808599938029e-08,0.96,0.9600000358580859
2018-11-26,9,0,5,incidence_raw,0.0002388489618897438,0.03976115226745605,0.960000000000039,0.9997611522674951
2018-12-03,8,0,5,incidence_raw,1.5853613604122073e-08,0.03999984741210937,0.9600001393778257,0.9999999867899351
2018-12-10,7,0,5,incidence_raw,2.163168741390109e-05,0.03997836828231815,0.9600000002848609,0.999978368567179
2018-12-17,6,0,5,incidence_raw,7.164585258578881e-07,0.039999284744262814,0.9600000000000732,0.9999992847443361
2018-12-24,5,1,5,incidence_raw,1.937320121214725e-07,0.039999804496765136,0.9600000000000025,0.9999998044967676
2018-12-31,4,1,5,incidence_raw,0.0023770149052143095,0.03762298585671082,0.96,0.9976229858567108
2019-01-07,3,1,5,incidence_raw,0.039978387355804446,2.1612439304590642e-05,0.9600000000000003,0.9600216124393048
2019-01-14,2,1,5,incidence_raw,0.0013809847831726075,0.038619015216827396,0.9600000001442857,0.9986190153611131
2019-01-21,1,1,5,incidence_raw,7.756375459818603e-18,9.934608897310681e-08,0.9999998998641968,0.9999999992102858
2012-12-31,5,1,5,incidence_zscore,0.00013478943156655987,0.0001534890348193585,0.9997117161750794,0.9998652052098987
2013-01-07,4,1,5,incidence_zscore,0.00014245286665300226,0.00014879128483698877,0.9997087430953979,0.999857534380235
2013-01-14,3,1,5,incidence_zscore,8.855602930708528e-05,0.00011403311953472439,0.9997974038124084,0.9999114369319432
2013-01-21,2,1,5,incidence_zscore,4.98031983073588e-05,8.4380352845983e-05,0.9998658013343811,0.999950181687227
2013-01-28,1,1,5,incidence_zscore,3.236560357796847e-05,6.16898456837589e-05,0.9999059295654297,0.9999676194111135
2013-10-14,67,0,5,incidence_zscore,5.9644220315249185e-05,4.4816355562034005e-05,0.9998955249786377,0.9999403413341997
2013-10-21,66,0,5,incidence_zscore,4.887766805893534e-05,4.121364308048214e-05,0.9999099040031433,0.9999511176462238
2013-10-28,65,0,5,incidence_zscore,4.3828215418102445e-05,4.202001253361232e-05,0.9999141383171082,0.9999561583296418
2013-11-04,64,0,5,incidence_zscore,5.6496625805948494e-05,5.007677476896788e-05,0.9998934149742127,0.9999434917489817
2013-11-11,63,0,5,incidence_zscore,8.305286208383222e-05,6.4607542444719e-05,0.9998523306846618,0.9999169382271066
2013-11-18,62,0,5,incidence_zscore,0.00011009469448140407,8.67933125300624e-05,0.9998031067848205,0.9998899000973506
2013-11-25,61,0,5,incidence_zscore,0.00010621239488273204,9.086920561458101e-05,0.9998029208183289,0.9998937900239435
2013-12-02,60,0,5,incidence_zscore,8.819773396112396e-05,9.164443996269256e-05,0.9998201608657837,0.9999118053057464
2013-12-09,59,0,5,incidence_zscore,7.621564956536986e-05,9.150388807029231e-05,0.999832284450531,0.9999237883386013
2013-12-16,58,0,5,incidence_zscore,7.267150683844648e-05,9.450194258533884e-05,0.9998328232765198,0.9999273252191051
2013-12-23,57,0,5,incidence_zscore,8.98013763230665e-05,0.00010902625162998448,0.9998011636734009,0.9999101899250309
2013-12-30,56,0,5,incidence_zscore,0.00011561175694851045,0.00013962819453809062,0.9997447538375854,0.9998843820321235
2014-01-06,55,0,5,incidence_zscore,0.00014855681446135805,0.0001586028987367172,0.9996928429603577,0.9998514458590944
2014-01-13,54,0,5,incidence_zscore,0.00010088781381142553,0.00012573999211781483,0.9997733569145203,0.9998990969066381
2014-01-20,53,0,5,incidence_zscore,5.51992998751416e-05,9.38586778397621e-05,0.9998509335517883,0.9999447922296281
2014-01-27,52,0,5,incidence_zscore,3.489950319863766e-05,6.917760124110828e-05,0.9998959255218506,0.9999651031230917
2014-02-03,51,0,5,incidence_zscore,2.2067583287110893e-05,4.89529350227258e-05,0.9999289894104004,0.9999779423454231
2014-02-10,50,0,5,incidence_zscore,1.666654730194228e-05,3.944860969056663e-05,0.9999438810348511,0.9999833296445416
2014-02-17,49,0,5,incidence_zscore,1.3632663494016484e-05,3.444660740370864e-05,0.9999519181251526,0.9999863647325563
2014-02-24,48,0,5,incidence_zscore,1.2443474676415711e-05,3.2046698214571735e-05,0.9999555134773255,0.99998756017554
2014-03-03,47,0,5,incidence_zscore,1.1993544431943005e-05,3.082014088107598e-05,0.9999571776390076,0.9999879977798887
2014-03-10,46,0,5,incidence_zscore,1.2332527173204433e-05,3.0579819375589066e-05,0.9999570679664612,0.9999876477858368
2014-03-17,45,0,5,incidence_zscore,1.2693842763100705e-05,2.8523411617698003e-05,0.9999587893486023,0.99998731276022
2014-03-24,44,0,5,incidence_zscore,1.4378366450209512e-05,2.742314578682681e-05,0.999958200454712,0.9999856236004988
2014-03-31,43,0,5,incidence_zscore,2.0428204546014683e-05,2.8369369061636008e-05,0.9999512147903442,0.9999795841594058
2014-04-07,42,0,5,incidence_zscore,3.644448010991397e-05,3.4200933483248265e-05,0.9999293541908264,0.9999635551243097
2014-04-14,41,0,5,incidence_zscore,5.047231607189673e-05,3.782291138577421e-05,0.9999117064476013,0.9999495293589871
2014-04-21,40,0,5,incidence_zscore,6.541901655477744e-05,4.4302500010644505e-05,0.9998902797698974,0.9999345822699081
2014-04-28,39,0,5,incidence_zscore,5.340980910929716e-05,5.376235026346876e-05,0.9998928284645081,0.9999465908147716
2014-05-05,38,0,5,incidence_zscore,6.626338213393978e-05,6.311082883030395e-05,0.9998706221580506,0.9999337329868808
2014-05-12,37,0,5,incidence_zscore,8.701457089221876e-05,7.423794389865179e-05,0.9998387384414673,0.9999129763853659
2014-05-19,36,0,5,incidence_zscore,0.00012292698830780325,8.903863594696304e-05,0.9997880363464355,0.9998770749823825
2014-05-26,35,0,5,incidence_zscore,0.00018364843169102585,0.00011464425641179332,0.9997017025947571,0.9998163468511689
2014-06-02,34,0,5,incidence_zscore,0.00026682477221811495,0.00014090823650349195,0.9995922541618347,0.9997331623983382
2014-06-09,33,0,5,incidence_zscore,0.0005739994205805487,0.0001874854870038689,0.9992385196685791,0.999426005155583
2014-06-16,32,0,5,incidence_zscore,0.0008159642654538856,0.00020697546124210932,0.9989770674705505,0.9991840429317926
2014-06-23,31,0,5,incidence_zscore,0.0009752635699862822,0.0002283413154509617,0.9987963891029358,0.9990247304183867
2014-06-30,30,0,5,incidence_zscore,0.0012018837513801373,0.00026832073364857934,0.9985297775268555,0.998798098260504
2014-07-07,29,0,5,incidence_zscore,0.0018792523628985691,0.00034671347431867615,0.9977740311622619,0.9981207446365806
2014-07-14,28,0,5,incidence_zscore,0.0036521698426031433,0.0005050512868183432,0.9958427715301513,0.9963478228169697
2014-07-21,27,0,5,incidence_zscore,0.00789114264807722,0.0007387887655204395,0.9913700652122498,0.9921088539777703
2014-07-28,26,0,5,incidence_zscore,0.012368578149071253,0.0008424579419079236,0.9867889642715454,0.9876314222134533
2014-08-04,25,0,5,incidence_zscore,0.022040255940009957,0.0009493977495003492,0.9770103430747986,0.9779597408242989
2014-08-11,24,0,5,incidence_zscore,0.02894238611275796,0.0009547839546576142,0.9701028203964234,0.971057604351081
2014-08-18,23,0,5,incidence_zscore,0.03152535651803191,0.0008732907875673846,0.9676013302803039,0.9684746210678713
2014-08-25,22,0,5,incidence_zscore,0.023687330997199753,0.000696275204536505,0.9756163954734802,0.9763126706780167
2014-09-01,21,0,5,incidence_zscore,0.011659222245361889,0.0004817404062487185,0.9878590488433838,0.9883407892496325
2014-09-08,20,0,5,incidence_zscore,0.0025954900896340404,0.0002459561343857786,0.9971585583686828,0.9974045145030687
2014-09-15,19,0,5,incidence_zscore,0.0006675975800089873,0.00012602012246134108,0.9992063784599304,0.9993323985823918
2014-09-22,18,0,5,incidence_zscore,0.00021951111443172522,7.709075523962383e-05,0.9997034025192261,0.9997804932744657
2014-09-29,17,0,5,incidence_zscore,0.00010247096933596822,5.41265053107054e-05,0.9998434090614319,0.9998975355667425
2014-10-06,16,0,5,incidence_zscore,7.240171512137294e-05,4.647562934678717e-05,0.9998811149597168,0.9999275905890636
2014-10-13,15,0,5,incidence_zscore,5.956148837043429e-05,4.333804153702658e-05,0.9998971033096313,0.9999404413511683
2014-10-20,14,0,5,incidence_zscore,5.3065468601971585e-05,4.282614093426673e-05,0.9999041152000427,0.9999469413409771
2014-10-27,13,0,5,incidence_zscore,4.8633403227711366e-05,4.437955102275737e-05,0.9999069809913635,0.9999513605423863
2014-11-03,12,0,5,incidence_zscore,6.422348896478524e-05,5.408858579357911e-05,0.9998816728591919,0.9999357614449855
2014-11-10,11,0,5,incidence_zscore,8.007463426906725e-05,6.238925810066576e-05,0.9998575210571289,0.9999199103152295
2014-11-17,10,0,5,incidence_zscore,7.43442249176951e-05,6.850800512438582e-05,0.9998571419715881,0.9999256499767125
2014-11-24,9,0,5,incidence_zscore,6.114314320427638e-05,6.866418032586808e-05,0.9998701882362365,0.9999388524165624
2014-12-01,8,0,5,incidence_zscore,5.965614714398271e-05,7.293729263437853e-05,0.9998673939704895,0.9999403312631239
2014-12-08,7,0,5,incidence_zscore,5.6349481926645236e-05,7.630387729477661e-05,0.9998673462867737,0.9999436501640684
2014-12-15,6,0,5,incidence_zscore,6.053316469319725e-05,8.480350385980272e-05,0.9998546648025513,0.999939468306411
2014-12-22,5,1,5,incidence_zscore,7.644667136105454e-05,9.908777895361709e-05,0.9998244643211365,0.9999235521000901
2014-12-29,4,1,5,incidence_zscore,0.00010722057910300008,0.0001250351326962118,0.9997677302360535,0.9998927653687497
2015-01-05,3,1,5,incidence_zscore,0.00013126636398681058,0.00014759704004973172,0.9997211623191834,0.9998687593592331
2015-01-12,2,1,5,incidence_zscore,9.145648977295196e-05,0.00011096622706645576,0.9997975897789001,0.9999085560059665
2015-01-19,1,1,5,incidence_zscore,4.576469797918037e-05,7.864082725291155e-05,0.999875590801239,0.999954231628492
2015-09-28,15,0,5,incidence_zscore,0.0001766213843194464,6.790918936530943e-05,0.9997554636001587,0.9998233727895239
2015-10-05,14,0,5,incidence_zscore,0.0001080970652162705,5.469820980579243e-05,0.9998371911048889,0.9998918893146946
2015-10-12,13,0,5,incidence_zscore,7.392826427405907e-05,4.755822847073432e-05,0.9998785090446473,0.999926067273118
2015-10-19,12,0,5,incidence_zscore,6.267505637254089e-05,4.644380501304113e-05,0.9998908805847168,0.9999373243897298
2015-10-26,11,0,5,incidence_zscore,5.7895089082080634e-05,4.8424554265693586e-05,0.9998936772346496,0.9999421017889153
2015-11-02,10,0,5,incidence_zscore,7.504594395243203e-05,5.7578529276725024e-05,0.99986736536026,0.9999249438895367
2015-11-09,9,0,5,incidence_zscore,0.00010233813797867697,6.970614367673988e-05,0.9998279571533203,0.999897663296997
2015-11-16,8,0,5,incidence_zscore,0.00012714746786627985,8.415160469667171e-05,0.9997886896133423,0.999872841218039
2015-11-23,7,0,5,incidence_zscore,0.00014741404611868348,9.760628823642037e-05,0.9997549939155579,0.9998526002037943
2015-11-30,6,0,5,incidence_zscore,0.00014595501772760144,0.00010474410395545419,0.9997492957115174,0.9998540398154728
2015-12-07,5,1,5,incidence_zscore,0.00013725866705954103,0.00010733109336797498,0.9997554159164429,0.9998627470098109
2015-12-14,4,1,5,incidence_zscore,0.00014761632505042144,0.00011793215282523305,0.9997344470024109,0.9998523791552361
2015-12-21,3,1,5,incidence_zscore,0.0001737898973965457,0.00013443858551909216,0.999691767692566,0.999826206278085
2016-01-04,2,1,5,incidence_zscore,0.00026324453639290366,0.00016957085514150095,0.9995671701431275,0.9997367409982689
2016-01-11,1,1,5,incidence_zscore,0.00026872412077409534,0.0001947395639217575,0.9995365405082702,0.999731280072192
2016-09-19,13,0,5,incidence_zscore,0.00026933790531984413,0.00013214783613875624,0.999598524570465,0.9997306724066038
2016-09-26,12,0,5,incidence_zscore,0.00014123016661869768,8.399452310186461e-05,0.9997747707366943,0.9998587652597961
2016-10-03,11,0,5,incidence_zscore,9.009068614716397e-05,6.15529769220302e-05,0.9998483514785766,0.9999099044554987
2016-10-10,10,0,5,incidence_zscore,7.183365254206819e-05,5.035417970248091e-05,0.9998778009414673,0.9999281551211697
2016-10-17,9,0,5,incidence_zscore,5.763712315257408e-05,4.515977037954144e-05,0.9998971939086914,0.9999423536790709
2016-10-24,8,0,5,incidence_zscore,5.664412441319655e-05,4.415213906668214e-05,0.9998992085456848,0.9999433606847515
2016-10-31,7,0,5,incidence_zscore,5.444275834122436e-05,4.4732456494784855e-05,0.9999008131027222,0.999945545559217
2016-11-07,6,0,5,incidence_zscore,6.880267377653127e-05,5.158410502190236e-05,0.9998796129226685,0.9999311970276904
2016-11-14,5,1,5,incidence_zscore,8.399703859254259e-05,5.834837292240991e-05,0.99985764503479,0.9999159934077124
2016-11-21,4,1,5,incidence_zscore,9.840051562605367e-05,6.956195430575462e-05,0.9998320388793945,0.9999016008337003
2016-11-28,3,1,5,incidence_zscore,0.00013428506903437665,9.230383016983979e-05,0.9997734093666076,0.9998657131967775
2016-12-05,2,1,5,incidence_zscore,0.0001145133706222623,9.67366995246266e-05,0.9997887539863587,0.9998854906858833
2016-12-12,1,1,5,incidence_zscore,9.307800772489827e-05,9.591067651854246e-05,0.9998110175132752,0.9999069281897938
2017-09-11,23,0,5,incidence_zscore,0.0035562380963528994,0.0004131659520498943,0.9960305905342102,0.99644375648626
2017-09-18,22,0,5,incidence_zscore,0.0012717385698215366,0.00021026472128141905,0.9985180020332336,0.998728266754515
2017-09-25,21,0,5,incidence_zscore,0.00047832676566486045,0.00011773332271332037,0.9994039416313172,0.9995216749540305
2017-10-02,20,0,5,incidence_zscore,0.00019218871343412047,7.41732227288594e-05,0.9997336292266845,0.9998078024494134
2017-10-09,19,0,5,incidence_zscore,0.00010407801849453335,5.472145155181352e-05,0.9998412013053894,0.9998959227569413
2017-10-16,18,0,5,incidence_zscore,6.659231017067669e-05,4.6578996775679114e-05,0.9998868250846863,0.9999334040814619
2017-10-23,17,0,5,incidence_zscore,5.7693503969744596e-05,4.4982780141253895e-05,0.9998973345756531,0.9999423173557943
2017-10-30,16,0,5,incidence_zscore,5.4914356999802295e-05,4.5847550982216486e-05,0.9998992395401001,0.9999450870910823
2017-11-06,15,0,5,incidence_zscore,7.202867526814316e-05,5.464498254696082e-05,0.9998733305931091,0.999927975575656
2017-11-13,14,0,5,incidence_zscore,0.00010153247474079308,6.496509752651036e-05,0.9998334956169128,0.9998984607144393
2017-11-20,13,0,5,incidence_zscore,0.0001281583267643782,7.541519877122482e-05,0.9997964191436768,0.999871834342448
2017-11-27,12,0,5,incidence_zscore,0.0001434529222456149,9.042884317750577e-05,0.9997661137580871,0.9998565426012647
2017-12-04,11,0,5,incidence_zscore,0.00012869810234860779,9.65715101119713e-05,0.9997747278213501,0.9998712993314621
2017-12-11,10,0,5,incidence_zscore,0.00011903622085469578,9.621997292015294e-05,0.9997847318649292,0.9998809518378494
2017-12-18,9,0,5,incidence_zscore,0.00010335230459759259,9.873510214674752e-05,0.9997979164123535,0.9998966515145002
2017-12-25,8,0,5,incidence_zscore,0.00010833967661596944,0.00010778841457067756,0.9997838687896728,0.9998916572042436
2018-01-01,7,0,5,incidence_zscore,0.00014350976854530018,0.00012607143858986091,0.9997304105758666,0.9998564820144565
2018-01-01,6,0,5,incidence_zscore,0.00015146201523748458,0.00015407017617690143,0.999694459438324,0.9998485296145009
2018-01-08,5,1,5,incidence_zscore,0.0001425627315671818,0.00013850052520865573,0.9997189378738404,0.9998574383990491
2018-01-15,4,1,5,incidence_zscore,9.220810577104998e-05,0.00011003587162576878,0.9997977614402771,0.9999077973119028
2018-01-22,3,1,5,incidence_zscore,5.392646641247723e-05,8.334373801517358e-05,0.999862732887268,0.9999460766252832
2018-01-29,2,1,5,incidence_zscore,3.374521580600032e-05,6.068033195560929e-05,0.9999055600166321,0.9999662403485877
2018-02-05,1,1,5,incidence_zscore,2.240870705010778e-05,4.4615719098146655e-05,0.9999329781532288,0.999977593872327
2018-10-29,13,0,5,incidence_zscore,4.511635398472436e-05,4.123568839531799e-05,0.999913649559021,0.9999548852474163
2018-11-05,12,0,5,incidence_zscore,6.082879899452109e-05,4.946629175719863e-05,0.9998897099494934,0.9999391762412506
2018-11-12,11,0,5,incidence_zscore,8.085993665304159e-05,6.040709341505135e-05,0.9998587226867676,0.9999191297801826
2018-11-19,10,0,5,incidence_zscore,9.166946444679525e-05,7.980865981153328e-05,0.9998285222053528,0.9999083308651643
2018-11-26,9,0,5,incidence_zscore,7.127384660861936e-05,7.778568799039931e-05,0.9998509454727172,0.9999287311607077
2018-12-03,8,0,5,incidence_zscore,5.590123364726196e-05,7.444809579283173e-05,0.9998696255683899,0.9999440736641827
2018-12-10,7,0,5,incidence_zscore,5.1466917899745115e-05,7.434824531628692e-05,0.9998741865158081,0.9999485347611243
2018-12-17,6,0,5,incidence_zscore,5.2364549050594176e-05,7.85257961251773e-05,0.9998691034317017,0.9999476292278269
2018-12-24,5,1,5,incidence_zscore,5.068948885451618e-05,7.869337574447854e-05,0.9998706245422363,0.9999493179179808
2018-12-31,4,1,5,incidence_zscore,6.832591727942372e-05,0.00010822510272191721,0.9998234415054321,0.999931666608154
2019-01-07,3,1,5,incidence_zscore,6.504761625123479e-05,9.594674200343434e-05,0.9998390102386474,0.9999349569806508
2019-01-14,2,1,5,incidence_zscore,4.1995468739415284e-05,7.57815752103852e-05,0.9998822259902954,0.9999580075655058
2019-01-21,1,1,5,incidence_zscore,2.5869887004397184e-05,5.708808602776117e-05,0.99991703748703,0.9999741255730578
2012-12-31,5,1,5,article_features_raw,0.0,0.0,1.0,1.0
2013-01-07,4,1,5,article_features_raw,0.0,0.0,1.0,1.0
2013-01-14,3,1,5,article_features_raw,0.0,0.0,1.0,1.0
2013-01-21,2,1,5,article_features_raw,0.0,0.0,1.0,1.0
2013-01-28,1,1,5,article_features_raw,0.0,0.0,1.0,1.0
2013-10-14,67,0,5,article_features_raw,0.0,0.0,1.0,1.0
2013-10-21,66,0,5,article_features_raw,0.0,0.0,1.0,1.0
2013-10-28,65,0,5,article_features_raw,0.0,0.0,1.0,1.0
2013-11-04,64,0,5,article_features_raw,0.0,0.0,1.0,1.0
2013-11-11,63,0,5,article_features_raw,0.0,0.0,1.0,1.0
2013-11-18,62,0,5,article_features_raw,0.0,0.0,1.0,1.0
2013-11-25,61,0,5,article_features_raw,0.0,0.0,1.0,1.0
2013-12-02,60,0,5,article_features_raw,0.0,0.0,1.0,1.0
2013-12-09,59,0,5,article_features_raw,0.0,0.0,1.0,1.0
2013-12-16,58,0,5,article_features_raw,0.0,0.0,1.0,1.0
2013-12-23,57,0,5,article_features_raw,0.0,0.0,1.0,1.0
2013-12-30,56,0,5,article_features_raw,0.0,0.0,1.0,1.0
2014-01-06,55,0,5,article_features_raw,0.0,0.0,1.0,1.0
2014-01-13,54,0,5,article_features_raw,0.0,0.0,1.0,1.0
2014-01-20,53,0,5,article_features_raw,0.0,0.0,1.0,1.0
2014-01-27,52,0,5,article_features_raw,0.0,0.0,1.0,1.0
2014-02-03,51,0,5,article_features_raw,0.0,0.0,1.0,1.0
2014-02-10,50,0,5,article_features_raw,0.0,0.0,1.0,1.0
2014-02-17,49,0,5,article_features_raw,0.0,0.0,1.0,1.0
2014-02-24,48,0,5,article_features_raw,0.0,0.0,1.0,1.0
2014-03-03,47,0,5,article_features_raw,0.0,0.0,1.0,1.0
2014-03-10,46,0,5,article_features_raw,0.0,0.0,1.0,1.0
2014-03-17,45,0,5,article_features_raw,0.0,0.0,1.0,1.0
2014-03-24,44,0,5,article_features_raw,0.0,0.0,1.0,1.0
2014-03-31,43,0,5,article_features_raw,0.0,0.0,1.0,1.0
2014-04-07,42,0,5,article_features_raw,0.0,0.0,1.0,1.0
2014-04-14,41,0,5,article_features_raw,0.0,0.0,1.0,1.0
2014-04-21,40,0,5,article_features_raw,0.0,0.0,1.0,1.0
2014-04-28,39,0,5,article_features_raw,0.0,0.0,1.0,1.0
2014-05-05,38,0,5,article_features_raw,0.0,0.0,1.0,1.0
2014-05-12,37,0,5,article_features_raw,0.0,0.0,1.0,1.0
2014-05-19,36,0,5,article_features_raw,0.0,0.0,1.0,1.0
2014-05-26,35,0,5,article_features_raw,0.0,0.0,1.0,1.0
2014-06-02,34,0,5,article_features_raw,0.0,0.0,1.0,1.0
2014-06-09,33,0,5,article_features_raw,0.0,0.0,1.0,1.0
2014-06-16,32,0,5,article_features_raw,0.0,0.0,1.0,1.0
2014-06-23,31,0,5,article_features_raw,0.0,0.0,1.0,1.0
2014-06-30,30,0,5,article_features_raw,0.0,0.0,1.0,1.0
2014-07-07,29,0,5,article_features_raw,0.0,0.0,1.0,1.0
2014-07-14,28,0,5,article_features_raw,0.0,0.0,1.0,1.0
2014-07-21,27,0,5,article_features_raw,0.0,0.0,1.0,1.0
2014-07-28,26,0,5,article_features_raw,0.0,0.0,1.0,1.0
2014-08-04,25,0,5,article_features_raw,0.0,0.0,1.0,1.0
2014-08-11,24,0,5,article_features_raw,0.0,0.0,1.0,1.0
2014-08-18,23,0,5,article_features_raw,0.0,0.0,1.0,1.0
2014-08-25,22,0,5,article_features_raw,0.0,0.0,1.0,1.0
2014-09-01,21,0,5,article_features_raw,0.0,0.0,1.0,1.0
2014-09-08,20,0,5,article_features_raw,0.0,0.0,1.0,1.0
2014-09-15,19,0,5,article_features_raw,0.0,0.0,1.0,1.0
2014-09-22,18,0,5,article_features_raw,0.0,0.0,1.0,1.0
2014-09-29,17,0,5,article_features_raw,0.0,0.0,1.0,1.0
2014-10-06,16,0,5,article_features_raw,0.0,0.0,1.0,1.0
2014-10-13,15,0,5,article_features_raw,0.0,0.0,1.0,1.0
2014-10-20,14,0,5,article_features_raw,0.0,0.0,1.0,1.0
2014-10-27,13,0,5,article_features_raw,0.0,0.0,1.0,1.0
2014-11-03,12,0,5,article_features_raw,0.0,0.0,1.0,1.0
2014-11-10,11,0,5,article_features_raw,0.0,0.0,1.0,1.0
2014-11-17,10,0,5,article_features_raw,0.0,0.0,1.0,1.0
2014-11-24,9,0,5,article_features_raw,0.0,0.0,1.0,1.0
2014-12-01,8,0,5,article_features_raw,0.0,0.0,1.0,1.0
2014-12-08,7,0,5,article_features_raw,0.0,0.0,1.0,1.0
2014-12-15,6,0,5,article_features_raw,0.0,0.0,1.0,1.0
2014-12-22,5,1,5,article_features_raw,0.0,0.0,1.0,1.0
2014-12-29,4,1,5,article_features_raw,0.0,0.0,1.0,1.0
2015-01-05,3,1,5,article_features_raw,0.0,0.0,1.0,1.0
2015-01-12,2,1,5,article_features_raw,0.0,0.0,1.0,1.0
2015-01-19,1,1,5,article_features_raw,0.0,0.0,1.0,1.0
2015-09-28,15,0,5,article_features_raw,0.0,0.0,1.0,1.0
2015-10-05,14,0,5,article_features_raw,0.0,0.0,1.0,1.0
2015-10-12,13,0,5,article_features_raw,0.0,0.0,1.0,1.0
2015-10-19,12,0,5,article_features_raw,0.0,0.0,1.0,1.0
2015-10-26,11,0,5,article_features_raw,0.0,0.0,1.0,1.0
2015-11-02,10,0,5,article_features_raw,0.0,0.0,1.0,1.0
2015-11-09,9,0,5,article_features_raw,0.0,0.0,1.0,1.0
2015-11-16,8,0,5,article_features_raw,0.0,0.0,1.0,1.0
2015-11-23,7,0,5,article_features_raw,0.0,0.0,1.0,1.0
2015-11-30,6,0,5,article_features_raw,0.0,0.0,1.0,1.0
2015-12-07,5,1,5,article_features_raw,0.0,0.0,1.0,1.0
2015-12-14,4,1,5,article_features_raw,0.0,0.0,1.0,1.0
2015-12-21,3,1,5,article_features_raw,0.0,0.0,1.0,1.0
2016-01-04,2,1,5,article_features_raw,0.0,0.0,1.0,1.0
2016-01-11,1,1,5,article_features_raw,0.0,0.0,1.0,1.0
2016-09-19,13,0,5,article_features_raw,0.0,0.0,1.0,1.0
2016-09-26,12,0,5,article_features_raw,0.0,0.0,1.0,1.0
2016-10-03,11,0,5,article_features_raw,0.0,0.0,1.0,1.0
2016-10-10,10,0,5,article_features_raw,0.0,0.0,1.0,1.0
2016-10-17,9,0,5,article_features_raw,0.0,0.0,1.0,1.0
2016-10-24,8,0,5,article_features_raw,0.0,0.0,1.0,1.0
2016-10-31,7,0,5,article_features_raw,0.0,0.0,1.0,1.0
2016-11-07,6,0,5,article_features_raw,0.0,0.0,1.0,1.0
2016-11-14,5,1,5,article_features_raw,0.0,0.0,1.0,1.0
2016-11-21,4,1,5,article_features_raw,0.0,0.0,1.0,1.0
2016-11-28,3,1,5,article_features_raw,0.0,0.0,1.0,1.0
2016-12-05,2,1,5,article_features_raw,0.0,0.0,1.0,1.0
2016-12-12,1,1,5,article_features_raw,0.0,0.0,1.0,1.0
2017-09-11,23,0,5,article_features_raw,0.0,0.0,1.0,1.0
2017-09-18,22,0,5,article_features_raw,0.04,0.0,0.96,0.96
2017-09-25,21,0,5,article_features_raw,0.0,0.0,1.0,1.0
2017-10-02,20,0,5,article_features_raw,0.0,0.0,1.0,1.0
2017-10-09,19,0,5,article_features_raw,0.0,0.0,1.0,1.0
2017-10-16,18,0,5,article_features_raw,0.0,0.0,1.0,1.0
2017-10-23,17,0,5,article_features_raw,0.0,0.0,1.0,1.0
2017-10-30,16,0,5,article_features_raw,0.0,0.0,1.0,1.0
2017-11-06,15,0,5,article_features_raw,0.0,0.0,1.0,1.0
2017-11-13,14,0,5,article_features_raw,0.0,0.0,1.0,1.0
2017-11-20,13,0,5,article_features_raw,0.0,0.0,1.0,1.0
2017-11-27,12,0,5,article_features_raw,0.0,0.0,1.0,1.0
2017-12-04,11,0,5,article_features_raw,0.0,0.0,1.0,1.0
2017-12-11,10,0,5,article_features_raw,0.0,0.0,1.0,1.0
2017-12-18,9,0,5,article_features_raw,0.0,0.0,1.0,1.0
2017-12-25,8,0,5,article_features_raw,0.0,0.0,1.0,1.0
2018-01-01,7,0,5,article_features_raw,0.0,0.0,1.0,1.0
2018-01-01,6,0,5,article_features_raw,0.0,0.0,1.0,1.0
2018-01-08,5,1,5,article_features_raw,0.0,0.0,1.0,1.0
2018-01-15,4,1,5,article_features_raw,0.0,0.0,1.0,1.0
2018-01-22,3,1,5,article_features_raw,0.0,0.0,1.0,1.0
2018-01-29,2,1,5,article_features_raw,0.0,0.0,1.0,1.0
2018-02-05,1,1,5,article_features_raw,0.0,0.0,1.0,1.0
2018-10-29,13,0,5,article_features_raw,0.0,0.0,1.0,1.0
2018-11-05,12,0,5,article_features_raw,0.0,0.0,1.0,1.0
2018-11-12,11,0,5,article_features_raw,0.0,0.0,1.0,1.0
2018-11-19,10,0,5,article_features_raw,0.0,0.0,1.0,1.0
2018-11-26,9,0,5,article_features_raw,0.0,0.0,1.0,1.0
2018-12-03,8,0,5,article_features_raw,0.0,0.0,1.0,1.0
2018-12-10,7,0,5,article_features_raw,0.0,0.0,1.0,1.0
2018-12-17,6,0,5,article_features_raw,0.0,0.0,1.0,1.0
2018-12-24,5,1,5,article_features_raw,0.0,0.0,1.0,1.0
2018-12-31,4,1,5,article_features_raw,0.0,0.0,1.0,1.0
2019-01-07,3,1,5,article_features_raw,0.0,0.0,1.0,1.0
2019-01-14,2,1,5,article_features_raw,0.0,0.0,1.0,1.0
2019-01-21,1,1,5,article_features_raw,0.0,0.0,1.0,1.0
2012-12-31,5,1,5,article_features_zscore,4.635970419371915e-05,4.950420448949444e-05,0.9999041342735291,0.9999536384780185
2013-01-07,4,1,5,article_features_zscore,4.7927246930612456e-05,4.9250719039264366e-05,0.999902822971344,0.9999520736903833
2013-01-14,3,1,5,article_features_zscore,5.37760239058116e-05,5.061751515313517e-05,0.999895589351654,0.9999462068668071
2013-01-21,2,1,5,article_features_zscore,6.107277861701732e-05,5.236895226516936e-05,0.9998865604400635,0.9999389293923286
2013-01-28,1,1,5,article_features_zscore,6.615103045305659e-05,5.36272199042287e-05,0.9998802161216735,0.9999338433415778
2013-10-14,67,0,5,article_features_zscore,6.3088520440715e-05,5.4496998445756616e-05,0.9998824071884155,0.9999369041868612
2013-10-21,66,0,5,article_features_zscore,7.069525466874893e-05,5.706080854906759e-05,0.9998722267150879,0.999929287523637
2013-10-28,65,0,5,article_features_zscore,7.340148599837448e-05,5.874275200767443e-05,0.999867856502533,0.9999265992545406
2013-11-04,64,0,5,article_features_zscore,0.0002397738458432741,0.0001067655956649105,0.9996534538269043,0.9997602194225692
2013-11-11,63,0,5,article_features_zscore,7.685157906394125e-05,6.221773565812328e-05,0.9998609304428101,0.9999231481784683
2013-11-18,62,0,5,article_features_zscore,3.376771041303073e-05,4.559988779874402e-05,0.9999206256866455,0.9999662255744443
2013-11-25,61,0,5,article_features_zscore,3.3464873729371904e-05,4.496294912314625e-05,0.9999215674400329,0.9999665303891561
2013-12-02,60,0,5,article_features_zscore,3.844341194053413e-05,4.807114488357911e-05,0.9999134850502014,0.999961556195085
2013-12-09,59,0,5,article_features_zscore,4.5222453138649144e-05,5.202748627198161e-05,0.9999027442932129,0.9999547717794849
2013-12-16,58,0,5,article_features_zscore,5.2234511040296636e-05,5.55024827735906e-05,0.999892258644104,0.9999477611268777
2013-12-23,57,0,5,article_features_zscore,5.586443987340317e-05,5.6376607299171153e-05,0.999887752532959,0.9999441291402582
2013-12-30,56,0,5,article_features_zscore,5.621065055493091e-05,5.542927960050292e-05,0.9998883533477784,0.9999437826273788
2014-01-06,55,0,5,article_features_zscore,5.819061371312273e-05,5.513236979822977e-05,0.9998866701126099,0.9999418024824082
2014-01-13,54,0,5,article_features_zscore,6.612088941096772e-05,5.6597829952806933e-05,0.9998772764205932,0.999933874250546
2014-01-20,53,0,5,article_features_zscore,7.826737203117773e-05,5.907681364988093e-05,0.9998626565933227,0.9999217334069727
2014-01-27,52,0,5,article_features_zscore,9.153726842896504e-05,6.192734495925833e-05,0.9998465275764465,0.9999084549214058
2014-02-03,51,0,5,article_features_zscore,0.00010082279092102909,6.378796088029049e-05,0.9998353791236877,0.9998991670845679
2014-02-10,50,0,5,article_features_zscore,0.00010796317266795086,6.512485344501329e-05,0.999826922416687,0.999892047270132
2014-02-17,49,0,5,article_features_zscore,0.00011783557836338332,6.755544366569666e-05,0.9998146152496338,0.9998821706932994
2014-02-24,48,0,5,article_features_zscore,0.00012587472036557301,7.015202656475594e-05,0.9998039603233337,0.9998741123498985
2014-03-03,47,0,5,article_features_zscore,0.00012548731633387432,7.162202828112641e-05,0.9998028898239135,0.9998745118521947
2014-03-10,46,0,5,article_features_zscore,9.306550630981291e-05,6.729172023369756e-05,0.9998396372795105,0.9999069289997442
2014-03-17,45,0,5,article_features_zscore,7.090732475205641e-05,7.1072267087402e-05,0.9998580098152161,0.9999290820823035
2014-03-24,44,0,5,article_features_zscore,0.00013670190381546377,8.05007786857459e-05,0.999782783985138,0.9998632847638237
2014-03-31,43,0,5,article_features_zscore,4.1608755727793325e-05,5.263953279609268e-05,0.9999057507514953,0.9999583902842915
2014-04-07,42,0,5,article_features_zscore,3.876074540357877e-05,5.17572933313204e-05,0.9999094867706299,0.9999612440639611
2014-04-14,41,0,5,article_features_zscore,4.271764006944068e-05,5.316565415341756e-05,0.9999041247367859,0.9999572903909393
2014-04-21,40,0,5,article_features_zscore,4.9721590322633346e-05,5.6548999873484716e-05,0.9998937225341797,0.9999502715340532
2014-04-28,39,0,5,article_features_zscore,5.1784613153813554e-05,5.790105133200996e-05,0.9998903083801269,0.9999482094314589
2014-05-05,38,0,5,article_features_zscore,5.148536960064121e-05,5.8831664973695296e-05,0.9998896813392639,0.9999485130042376
2014-05-12,37,0,5,article_features_zscore,6.058625139303331e-05,6.600497462386557e-05,0.9998733997344971,0.9999394047091209
2014-05-19,36,0,5,article_features_zscore,6.341281746358618e-05,6.712750782753574e-05,0.9998694467544555,0.9999365742622831
2014-05-26,35,0,5,article_features_zscore,6.643800484766871e-05,6.792058735300089e-05,0.9998656344413758,0.9999335550287288
2014-06-02,34,0,5,article_features_zscore,6.829912879993571e-05,6.893621688504937e-05,0.9998627591133118,0.9999316953301969
2014-06-09,33,0,5,article_features_zscore,6.510304248706689e-05,6.591733206732897e-05,0.9998689818382264,0.9999348991702937
2014-06-16,32,0,5,article_features_zscore,7.050239513148426e-05,6.427523129787005e-05,0.9998652243614197,0.9999294995927175
2014-06-23,31,0,5,article_features_zscore,7.568256487928693e-05,6.270570579090417e-05,0.9998616123199463,0.9999243180257372
2014-06-30,30,0,5,article_features_zscore,7.030064949930193e-05,6.204516122124914e-05,0.9998676443099975,0.9999296894712187
2014-07-07,29,0,5,article_features_zscore,0.00015332192107791798,0.00010056673359940759,0.9997461152076721,0.9998466819412715
2014-07-14,28,0,5,article_features_zscore,8.613213013958899e-05,8.60595910671691e-05,0.9998278045654296,0.9999138641564969
2014-07-21,27,0,5,article_features_zscore,8.03503614874046e-05,7.656438398953469e-05,0.9998430800437927,0.9999196444277823
2014-07-28,26,0,5,article_features_zscore,6.771436666525688e-05,6.505040952106355e-05,0.9998672199249268,0.9999322703344479
2014-08-04,25,0,5,article_features_zscore,2.2106045371401706e-05,3.424427828576881e-05,0.9999436521530152,0.999977896431301
2014-08-11,24,0,5,article_features_zscore,2.920374354403066e-05,3.925001743482426e-05,0.9999315309524536,0.9999707809698885
2014-08-18,23,0,5,article_features_zscore,3.153392090439411e-05,4.034550599499198e-05,0.999928104877472,0.9999684503834669
2014-08-25,22,0,5,article_features_zscore,3.1809926447294856e-05,4.017777280751034e-05,0.9999280142784118,0.9999681920512193
2014-09-01,21,0,5,article_features_zscore,3.233737140021731e-05,4.0464263256581035e-05,0.9999271893501281,0.9999676536133847
2014-09-08,20,0,5,article_features_zscore,3.155837556278129e-05,4.008697249446414e-05,0.9999283599853516,0.999968446957846
2014-09-15,19,0,5,article_features_zscore,2.5403917559856383e-05,3.6029985576533366e-05,0.9999385595321655,0.999974589517742
2014-09-22,18,0,5,article_features_zscore,1.939301418190098e-05,3.1291701984628164e-05,0.999949312210083,0.9999806039120677
2014-09-29,17,0,5,article_features_zscore,1.5484477121816553e-05,2.8179009468658478e-05,0.9999563479423523,0.9999845269518209
2014-10-06,16,0,5,article_features_zscore,1.4868068470761386e-05,2.817950697362903e-05,0.9999569487571717,0.9999851282641453
2014-10-13,15,0,5,article_features_zscore,1.649275744377121e-05,2.9759709266272695e-05,0.99995374917984,0.9999835088891063
2014-10-20,14,0,5,article_features_zscore,1.7446456167036218e-05,3.080221951449857e-05,0.999951741695404,0.9999825439149185
2014-10-27,13,0,5,article_features_zscore,1.8474435834434643e-05,3.1799382663848516e-05,0.9999497270584107,0.9999815264410745
2014-11-03,12,0,5,article_features_zscore,2.7301672789405986e-05,4.0144451381820546e-05,0.9999325394630432,0.999972683914425
2014-11-10,11,0,5,article_features_zscore,2.5714342552873858e-05,3.930415701688616e-05,0.9999349784851074,0.9999742826421243
2014-11-17,10,0,5,article_features_zscore,2.7416089526468568e-05,4.065752345013607e-05,0.9999319219589233,0.9999725794823735
2014-11-24,9,0,5,article_features_zscore,2.984236139582208e-05,4.255366709912778e-05,0.9999275994300842,0.9999701530971834
2014-12-01,8,0,5,article_features_zscore,3.6466117012423635e-05,4.6876898777554744e-05,0.9999166560173035,0.9999635329160811
2014-12-08,7,0,5,article_features_zscore,4.3782514778740734e-05,5.0943159985763485e-05,0.999905264377594,0.9999562075375797
2014-12-15,6,0,5,article_features_zscore,5.742644203337477e-05,5.60635845613433e-05,0.9998864984512329,0.9999425620357942
2014-12-22,5,1,5,article_features_zscore,6.480578030959805e-05,5.874556152775767e-05,0.9998764562606811,0.9999352018222089
2014-12-29,4,1,5,article_features_zscore,7.289699947705231e-05,6.049600071492023e-05,0.9998666024208069,0.9999270984215218
2015-01-05,3,1,5,article_features_zscore,6.247743359608649e-05,5.501370600541122e-05,0.9998825144767761,0.9999375281827815
2015-01-12,2,1,5,article_features_zscore,6.828776354609544e-05,5.5911088093125724e-05,0.9998758006095886,0.9999317116976817
2015-01-19,1,1,5,article_features_zscore,7.873161591987809e-05,5.817426303110551e-05,0.9998630952835083,0.9999212695465394
2015-09-28,15,0,5,article_features_zscore,1.5017166335979936e-05,2.85158782844519e-05,0.9999564695358276,0.9999849854141121
2015-10-05,14,0,5,article_features_zscore,1.4172717800136069e-05,2.8194355245432234e-05,0.9999576163291931,0.9999858106844386
2015-10-12,13,0,5,article_features_zscore,1.4967764640729797e-05,2.879537747730865e-05,0.9999562430381775,0.9999850384156549
2015-10-19,12,0,5,article_features_zscore,1.6472613686673298e-05,2.9979892290157295e-05,0.999953544139862,0.9999835240321522
2015-10-26,11,0,5,article_features_zscore,1.7065508819626986e-05,3.0825181343061556e-05,0.9999520945549011,0.9999829197362441
2015-11-02,10,0,5,article_features_zscore,2.0903463331478632e-05,3.591773488096806e-05,0.9999431705474854,0.9999790882823664
2015-11-09,9,0,5,article_features_zscore,2.717694611760635e-05,4.1302930058009223e-05,0.9999315166473388,0.9999728195773968
2015-11-16,8,0,5,article_features_zscore,3.117589183830205e-05,4.3611529672489266e-05,0.9999252009391785,0.9999688124688509
2015-11-23,7,0,5,article_features_zscore,3.443188806386388e-05,4.57825857665739e-05,0.9999197840690612,0.9999655666548278
2015-11-30,6,0,5,article_features_zscore,3.917236521374434e-05,4.829009058084921e-05,0.9999125409126282,0.999960831003209
2015-12-07,5,1,5,article_features_zscore,4.401860538564506e-05,5.053971512097632e-05,0.9999054431915283,0.9999559829066492
2015-12-14,4,1,5,article_features_zscore,5.3225574636144305e-05,5.46382960419578e-05,0.9998921370506286,0.9999467753466705
2015-12-21,3,1,5,article_features_zscore,5.958361263083134e-05,5.633416125419899e-05,0.9998840832710266,0.9999404174322808
2016-01-04,2,1,5,article_features_zscore,6.84376690105637e-05,5.8251110567653085e-05,0.9998733019828796,0.9999315530934473
2016-01-11,1,1,5,article_features_zscore,6.380657517411236e-05,5.536433889574255e-05,0.9998808169364929,0.9999361812753886
2016-09-19,13,0,5,article_features_zscore,2.7832292545610926e-05,3.7721745129601914e-05,0.9999344420433044,0.999972163788434
2016-09-26,12,0,5,article_features_zscore,2.1711644035633525e-05,3.2702686557968266e-05,0.9999455785751343,0.9999782812616923
2016-10-03,11,0,5,article_features_zscore,1.715328091663082e-05,3.0182086052263913e-05,0.9999526476860047,0.9999828297720569
2016-10-10,10,0,5,article_features_zscore,1.717932481753337e-05,3.0140756252876598e-05,0.9999526906013488,0.9999828313576017
2016-10-17,9,0,5,article_features_zscore,1.729852423963507e-05,3.0527991036706225e-05,0.9999521708488465,0.9999826988398832
2016-10-24,8,0,5,article_features_zscore,2.0054662381454592e-05,3.249700717105952e-05,0.999947440624237,0.999979937631408
2016-10-31,7,0,5,article_features_zscore,2.2233595215510603e-05,3.4587166405799506e-05,0.9999431848526001,0.999977772019006
2016-11-07,6,0,5,article_features_zscore,2.4906465287699576e-05,3.769064003336098e-05,0.9999374032020569,0.9999750938420903
2016-11-14,5,1,5,article_features_zscore,5.092833804269503e-05,5.9611001188386584e-05,0.9998894691467285,0.9999490801479168
2016-11-21,4,1,5,article_features_zscore,4.8601228565985364e-05,5.35065588519501e-05,0.9998978805541993,0.9999513871130512
2016-11-28,3,1,5,article_features_zscore,3.123941135299902e-05,4.347519587099669e-05,0.9999252772331237,0.9999687524289947
2016-12-05,2,1,5,article_features_zscore,3.5249377907575764e-05,4.604620577083551e-05,0.999918704032898,0.9999647502386688
2016-12-12,1,1,5,article_features_zscore,4.0275235679700924e-05,4.9118667284346884e-05,0.9999106097221374,0.9999597283894217
2017-09-11,23,0,5,article_features_zscore,2.1264837741910014e-05,3.2817001765579336e-05,0.9999459218978882,0.9999787388996538
2017-09-18,22,0,5,article_features_zscore,2.6738890653632552e-05,3.763461309972627e-05,0.999935622215271,0.9999732568283707
2017-09-25,21,0,5,article_features_zscore,2.203338807731825e-05,3.4154945869886435e-05,0.9999438095092773,0.9999779644551472
2017-10-02,20,0,5,article_features_zscore,1.556601408054803e-05,2.868884414965578e-05,0.9999557423591614,0.999984431203311
2017-10-09,19,0,5,article_features_zscore,1.4044290592352127e-05,2.765715114037448e-05,0.9999583101272583,0.9999859672783987
2017-10-16,18,0,5,article_features_zscore,1.4024340294156445e-05,2.7932377802244445e-05,0.9999580407142639,0.9999859730920662
2017-10-23,17,0,5,article_features_zscore,1.602524457183563e-05,2.9264231800425476e-05,0.999954707622528,0.9999839718543284
2017-10-30,16,0,5,article_features_zscore,1.769994472425651e-05,3.062057879560598e-05,0.9999516606330872,0.9999822812118828
2017-11-06,15,0,5,article_features_zscore,1.8295526048319742e-05,3.2074518308036205e-05,0.9999496412277221,0.9999817157460301
2017-11-13,14,0,5,article_features_zscore,2.315181251475451e-05,3.801654163908097e-05,0.9999388265609741,0.9999768431026131
2017-11-20,13,0,5,article_features_zscore,3.591529652680947e-05,4.6001685550436374e-05,0.9999180817604065,0.999964083445957
2017-11-27,12,0,5,article_features_zscore,3.4346634042776716e-05,4.564881353871897e-05,0.9999199914932251,0.9999656403067638
2017-12-04,11,0,5,article_features_zscore,3.953801836587445e-05,4.870787623076467e-05,0.9999117588996888,0.9999604667759195
2017-12-11,10,0,5,article_features_zscore,4.3654779490225336e-05,5.033486224419903e-05,0.9999060082435608,0.999956343105805
2017-12-18,9,0,5,article_features_zscore,5.230407463159281e-05,5.444046524644364e-05,0.99989324092865,0.9999476813938964
2017-12-25,8,0,5,article_features_zscore,6.467324948516761e-05,5.890757527595269e-05,0.999876413345337,0.9999353209206129
2018-01-01,7,0,5,article_features_zscore,7.286391200523213e-05,6.065422625397332e-05,0.9998664736747742,0.9999271279010282
2018-01-01,6,0,5,article_features_zscore,6.48712995734968e-05,5.640925470288494e-05,0.9998787236213684,0.9999351328760713
2018-01-08,5,1,5,article_features_zscore,7.104453492047469e-05,5.738438539992785e-05,0.9998715734481811,0.999928957833581
2018-01-15,4,1,5,article_features_zscore,8.370701086505505e-05,6.02613755290804e-05,0.9998560380935669,0.999916299469096
2018-01-22,3,1,5,article_features_zscore,9.787993799363904e-05,6.312055398666417e-05,0.9998389887809753,0.999902109334962
2018-01-29,2,1,5,article_features_zscore,0.00011085436939310967,6.580445380677702e-05,0.9998233485221862,0.999889152975993
2018-02-05,1,1,5,article_features_zscore,0.00011852429356508765,6.790245275624329e-05,0.9998135733604431,0.9998814758131993
2018-10-29,13,0,5,article_features_zscore,5.003244047628641e-05,5.337126620815979e-05,0.9998965907096863,0.9999499619758945
2018-11-05,12,0,5,article_features_zscore,0.0001661420453382334,9.256295850718744e-05,0.9997412896156311,0.9998338525741384
2018-11-12,11,0,5,article_features_zscore,0.00010837252239866758,7.4488076952548e-05,0.9998171377182007,0.9998916257951532
2018-11-19,10,0,5,article_features_zscore,3.4873330334903586e-05,4.591581704517012e-05,0.9999192094802857,0.9999651252973308
2018-11-26,9,0,5,article_features_zscore,3.430709953136102e-05,4.49775269953534e-05,0.9999207186698914,0.9999656961968868
2018-12-03,8,0,5,article_features_zscore,3.9061958258344024e-05,4.801998020411702e-05,0.9999129223823547,0.9999609423625588
2018-12-10,7,0,5,article_features_zscore,4.273952941503012e-05,5.037975657614879e-05,0.9999068713188172,0.9999572510753933
2018-12-17,6,0,5,article_features_zscore,5.666910153877325e-05,5.686696760676568e-05,0.9998864555358886,0.9999433225034954
2018-12-24,5,1,5,article_features_zscore,5.99249487686393e-05,5.7983493334177184e-05,0.9998820900917054,0.9999400735850396
2018-12-31,4,1,5,article_features_zscore,5.2928044756299644e-05,5.486923673743149e-05,0.9998921990394593,0.9999470682761967
2019-01-07,3,1,5,article_features_zscore,5.5719108514722395e-05,5.5157889673864704e-05,0.9998891091346741,0.999944267024348
2019-01-14,2,1,5,article_features_zscore,6.334198129934521e-05,5.683965673597413e-05,0.9998798108100891,0.9999366504668251
2019-01-21,1,1,5,article_features_zscore,7.28431978620847e-05,5.893628256671945e-05,0.9998682117462159,0.9999271480287826
